#! FIELDS time dmid theta gamma
 0.000000 23.896439 1.491511 0.185657
 3.000000 23.623871 1.513689 0.206607
 6.000000 23.637377 1.518505 0.207182
 9.000000 24.180669 1.547317 0.261961
 12.000000 23.843790 1.542189 0.236377
 15.000000 23.965807 1.537423 0.218441
 18.000000 24.187228 1.540198 0.226046
 21.000000 23.973112 1.518798 0.186851
 24.000000 24.119490 1.535127 0.179552
 27.000000 24.173293 1.521003 0.155988
 30.000000 24.047860 1.531011 0.183379
 33.000000 24.221462 1.540133 0.172295
 36.000000 24.093395 1.542765 0.182059
 39.000000 24.153695 1.552083 0.165075
 42.000000 24.181564 1.535966 0.142224
 45.000000 24.175050 1.545789 0.169490
 48.000000 24.161379 1.538758 0.176215
 51.000000 24.160932 1.533275 0.158403
 54.000000 24.113455 1.545878 0.177822
 57.000000 24.278924 1.555368 0.190319
 60.000000 24.292304 1.534783 0.189770
 63.000000 24.256142 1.555282 0.192077
 66.000000 24.260880 1.539755 0.177399
 69.000000 24.196020 1.563411 0.191750
 72.000000 24.199700 1.550066 0.222523
 75.000000 24.187137 1.548964 0.181579
 78.000000 24.253724 1.567356 0.236751
 81.000000 24.253153 1.553373 0.237359
 84.000000 24.276847 1.585431 0.231697
 87.000000 24.297632 1.563312 0.240928
 90.000000 24.275045 1.548735 0.217465
 93.000000 24.286188 1.574787 0.230132
 96.000000 24.328916 1.558465 0.237182
 99.000000 24.384511 1.589074 0.248610
 102.000000 24.320496 1.637232 0.278404
 105.000000 24.309085 1.604093 0.250439
 108.000000 24.325337 1.598034 0.255961
 111.000000 24.344714 1.609086 0.256577
 114.000000 24.310083 1.586881 0.243012
 117.000000 24.338548 1.569311 0.265821
 120.000000 24.354038 1.551708 0.257255
 123.000000 24.431376 1.573428 0.279000
 126.000000 24.434560 1.574111 0.272900
 129.000000 24.341376 1.550222 0.232648
 132.000000 24.306428 1.551913 0.222483
 135.000000 24.347918 1.571128 0.229700
 138.000000 24.256674 1.534744 0.192475
 141.000000 24.250868 1.557487 0.186477
 144.000000 24.296066 1.565323 0.187607
 147.000000 24.365205 1.590258 0.193297
 150.000000 24.362557 1.594376 0.193338
 153.000000 24.393093 1.592869 0.189305
 156.000000 24.439533 1.582544 0.169697
 159.000000 24.441079 1.601534 0.210175
 162.000000 24.403591 1.584102 0.186371
 165.000000 24.371150 1.577096 0.182907
 168.000000 24.430159 1.578685 0.181066
 171.000000 24.429300 1.587432 0.159964
 174.000000 24.456801 1.605872 0.164712
 177.000000 24.478571 1.586828 0.184280
 180.000000 24.439718 1.580574 0.159116
 183.000000 24.464097 1.600225 0.211645
 186.000000 24.455514 1.603837 0.179964
 189.000000 24.477091 1.574972 0.197021
 192.000000 24.522099 1.565976 0.162701
 195.000000 24.567174 1.582645 0.202714
 198.000000 24.525774 1.592698 0.181804
 201.000000 24.435813 1.616876 0.197419
 204.000000 24.479120 1.590880 0.201003
 207.000000 24.463639 1.617431 0.184767
 210.000000 24.351520 1.612695 0.181751
 213.000000 24.322996 1.601065 0.159830
 216.000000 24.277079 1.596231 0.134363
 219.000000 24.419543 1.610625 0.151012
 222.000000 24.318107 1.643871 0.174610
 225.000000 24.394776 1.584792 0.123320
 228.000000 24.349556 1.576611 0.148706
 231.000000 24.300187 1.573071 0.150007
 234.000000 24.368489 1.562198 0.135038
 237.000000 24.403177 1.568162 0.135570
 240.000000 24.321427 1.579397 0.162293
 243.000000 24.315513 1.584437 0.170770
 246.000000 24.273342 1.581156 0.183037
 249.000000 24.258964 1.578160 0.137997
 252.000000 24.302572 1.554880 0.153455
 255.000000 24.285313 1.534515 0.149247
 258.000000 24.424410 1.543833 0.151225
 261.000000 24.369306 1.548790 0.130660
 264.000000 24.362735 1.556315 0.160793
 267.000000 24.304555 1.565609 0.136071
 270.000000 24.349711 1.549464 0.151023
 273.000000 24.382105 1.541054 0.145255
 276.000000 24.325381 1.572842 0.192121
 279.000000 24.318160 1.559899 0.161726
 282.000000 24.341446 1.528591 0.145773
 285.000000 24.322172 1.539708 0.158913
 288.000000 24.406427 1.518458 0.133669
 291.000000 24.546115 1.536873 0.160946
 294.000000 24.552924 1.548348 0.160644
 297.000000 24.620841 1.554531 0.146922
 300.000000 24.520254 1.519895 0.128508
 303.000000 24.597012 1.520880 0.157956
 306.000000 24.683372 1.535917 0.177296
 309.000000 24.544287 1.524376 0.145566
 312.000000 24.461533 1.540967 0.186886
 315.000000 24.473470 1.527858 0.168130
 318.000000 24.461860 1.519485 0.149726
 321.000000 24.387036 1.529787 0.183646
 324.000000 24.396890 1.531521 0.155309
 327.000000 24.433380 1.535174 0.141343
 330.000000 24.422727 1.525188 0.132692
 333.000000 24.333538 1.524340 0.127495
 336.000000 24.331445 1.520788 0.124739
 339.000000 24.365580 1.546236 0.135250
 342.000000 24.370265 1.522022 0.143224
 345.000000 24.351760 1.532859 0.138558
 348.000000 24.378025 1.546083 0.140853
 351.000000 24.310829 1.553416 0.163996
 354.000000 24.246194 1.551647 0.159353
 357.000000 24.223882 1.537492 0.137589
 360.000000 24.257780 1.540668 0.157509
 363.000000 24.258945 1.528966 0.175796
 366.000000 24.236249 1.543902 0.142481
 369.000000 24.237517 1.557558 0.157984
 372.000000 24.252480 1.539503 0.119939
 375.000000 24.206978 1.567962 0.137343
 378.000000 24.216138 1.546253 0.097858
 381.000000 24.205247 1.539837 0.113726
 384.000000 24.298675 1.561698 0.113852
 387.000000 24.382832 1.587454 0.155842
 390.000000 24.278362 1.570871 0.152974
 393.000000 24.218836 1.555323 0.159718
 396.000000 24.288481 1.547375 0.160814
 399.000000 24.306006 1.532574 0.150142
 402.000000 24.327563 1.544553 0.164294
 405.000000 24.358297 1.556118 0.200490
 408.000000 24.411931 1.555993 0.183222
 411.000000 24.390806 1.547083 0.155626
 414.000000 24.457236 1.544166 0.120947
 417.000000 24.418651 1.524203 0.071504
 420.000000 24.445937 1.552364 0.155814
 423.000000 24.488919 1.540609 0.158474
 426.000000 24.400659 1.530252 0.168589
 429.000000 24.422860 1.518091 0.145917
 432.000000 24.469903 1.553101 0.165746
 435.000000 24.384778 1.591520 0.209729
 438.000000 24.349387 1.551259 0.217015
 441.000000 24.372314 1.557168 0.199086
 444.000000 24.293368 1.580414 0.160982
 447.000000 24.424308 1.560964 0.127462
 450.000000 24.414444 1.560455 0.145551
 453.000000 24.353190 1.553541 0.132310
 456.000000 24.309133 1.567002 0.156512
 459.000000 24.364237 1.524232 0.149653
 462.000000 24.344346 1.545163 0.149344
 465.000000 24.328121 1.561898 0.150526
 468.000000 24.305808 1.558546 0.145978
 471.000000 24.376162 1.575547 0.174491
 474.000000 24.287144 1.554307 0.138665
 477.000000 24.372879 1.554407 0.107837
 480.000000 24.349208 1.552305 0.105432
 483.000000 24.377464 1.548779 0.120764
 486.000000 24.378771 1.571861 0.134727
 489.000000 24.286908 1.560146 0.155655
 492.000000 24.395289 1.548692 0.127575
 495.000000 24.346957 1.564596 0.148370
 498.000000 24.340644 1.576668 0.166312
 501.000000 24.301794 1.551383 0.134186
 504.000000 24.333547 1.579844 0.157311
 507.000000 24.431376 1.554645 0.146317
 510.000000 24.443555 1.558237 0.156261
 513.000000 24.375867 1.558899 0.157835
 516.000000 24.379945 1.572731 0.137780
 519.000000 24.411438 1.565865 0.111444
 522.000000 24.388222 1.563115 0.117164
 525.000000 24.342641 1.577812 0.133215
 528.000000 24.388715 1.557818 0.122755
 531.000000 24.338912 1.573077 0.184237
 534.000000 24.377502 1.548206 0.167294
 537.000000 24.433649 1.560790 0.140693
 540.000000 24.388848 1.543897 0.108437
 543.000000 24.376792 1.545202 0.123823
 546.000000 24.410748 1.541015 0.110853
 549.000000 24.441449 1.542677 0.100089
 552.000000 24.470683 1.569267 0.128559
 555.000000 24.366286 1.548472 0.111291
 558.000000 24.398355 1.530330 0.131277
 561.000000 24.422368 1.505194 0.121707
 564.000000 24.400895 1.511851 0.129078
 567.000000 24.475992 1.519803 0.141768
 570.000000 24.493512 1.508959 0.157864
 573.000000 24.483454 1.515365 0.184765
 576.000000 24.432876 1.517975 0.168958
 579.000000 24.451948 1.523796 0.132740
 582.000000 24.430401 1.519852 0.155699
 585.000000 24.512087 1.549972 0.190665
 588.000000 24.441342 1.549080 0.158706
 591.000000 24.429636 1.549605 0.173697
 594.000000 24.448467 1.544193 0.143350
 597.000000 24.409880 1.542799 0.118813
 600.000000 24.473623 1.577900 0.151078
 603.000000 24.444731 1.599294 0.141958
 606.000000 24.392193 1.568402 0.116018
 609.000000 24.333839 1.564856 0.158226
 612.000000 24.353398 1.573415 0.154551
 615.000000 24.361320 1.596440 0.213987
 618.000000 24.403630 1.568335 0.177675
 621.000000 24.319832 1.580044 0.144182
 624.000000 24.372635 1.596743 0.164697
 627.000000 24.316612 1.581374 0.152558
 630.000000 24.206060 1.616414 0.181170
 633.000000 24.276618 1.606004 0.165714
 636.000000 24.179892 1.599156 0.176239
 639.000000 24.177226 1.603861 0.166459
 642.000000 24.114368 1.646422 0.202254
 645.000000 24.162431 1.640590 0.178734
 648.000000 24.199011 1.635609 0.182219
 651.000000 24.283880 1.630900 0.196136
 654.000000 24.277514 1.624143 0.169535
 657.000000 24.218868 1.610769 0.170927
 660.000000 24.221999 1.598397 0.156304
 663.000000 24.179927 1.592844 0.148941
 666.000000 24.255089 1.577435 0.132028
 669.000000 24.280358 1.566874 0.111007
 672.000000 24.292395 1.593541 0.144063
 675.000000 24.229785 1.609282 0.130949
 678.000000 24.256758 1.623671 0.168172
 681.000000 24.127207 1.600781 0.121235
 684.000000 24.158507 1.609473 0.128877
 687.000000 24.152968 1.613981 0.127083
 690.000000 24.023605 1.601212 0.109516
 693.000000 24.090016 1.603106 0.118487
 696.000000 24.105990 1.594395 0.111844
 699.000000 24.106051 1.609017 0.114999
 702.000000 24.270202 1.599140 0.131723
 705.000000 24.325494 1.582883 0.100943
 708.000000 24.311416 1.597472 0.119538
 711.000000 24.240142 1.615650 0.137740
 714.000000 24.165148 1.613192 0.148031
 717.000000 24.172593 1.585787 0.135712
 720.000000 24.176774 1.588305 0.141008
 723.000000 24.260563 1.589328 0.164915
 726.000000 24.230780 1.599623 0.161586
 729.000000 24.196344 1.575309 0.154366
 732.000000 24.285821 1.585264 0.123274
 735.000000 24.302196 1.604750 0.166459
 738.000000 24.471911 1.596785 0.189529
 741.000000 24.378616 1.584780 0.148867
 744.000000 24.282038 1.600558 0.167843
 747.000000 24.357476 1.583167 0.141517
 750.000000 24.380729 1.596461 0.174823
 753.000000 24.356366 1.599370 0.187712
 756.000000 24.340490 1.609285 0.160625
 759.000000 24.314088 1.595400 0.127020
 762.000000 24.292493 1.605201 0.134325
 765.000000 24.220855 1.601708 0.130992
 768.000000 24.266195 1.614264 0.163550
 771.000000 24.299051 1.607644 0.142585
 774.000000 24.351849 1.618317 0.165603
 777.000000 24.394516 1.627235 0.166189
 780.000000 24.339186 1.613206 0.186418
 783.000000 24.329254 1.602639 0.156430
 786.000000 24.404884 1.598525 0.140291
 789.000000 24.342707 1.576168 0.107386
 792.000000 24.384187 1.572068 0.112904
 795.000000 24.378949 1.573064 0.095582
 798.000000 24.397380 1.569683 0.114890
 801.000000 24.348095 1.557904 0.125298
 804.000000 24.339394 1.557775 0.110917
 807.000000 24.339240 1.563611 0.130786
 810.000000 24.361208 1.565784 0.148894
 813.000000 24.272556 1.564661 0.124387
 816.000000 24.315410 1.567927 0.155806
 819.000000 24.375768 1.539307 0.143159
 822.000000 24.395523 1.559347 0.141412
 825.000000 24.432581 1.551662 0.088328
 828.000000 24.463470 1.546329 0.078096
 831.000000 24.477677 1.545133 0.045599
 834.000000 24.429748 1.532464 0.085517
 837.000000 24.489086 1.516285 0.098456
 840.000000 24.535537 1.538507 0.118266
 843.000000 24.467083 1.534039 0.100104
 846.000000 24.465729 1.511113 0.107321
 849.000000 24.418339 1.550722 0.106096
 852.000000 24.404589 1.558446 0.110953
 855.000000 24.427779 1.572049 0.129095
 858.000000 24.488664 1.552731 0.152435
 861.000000 24.504739 1.570055 0.091323
 864.000000 24.440658 1.519676 0.109482
 867.000000 24.409439 1.528400 0.099174
 870.000000 24.429521 1.522669 0.089666
 873.000000 24.422160 1.506283 0.098451
 876.000000 24.405531 1.522296 0.109064
 879.000000 24.356372 1.509805 0.135561
 882.000000 24.432575 1.524578 0.107053
 885.000000 24.370925 1.533173 0.161526
 888.000000 24.353518 1.547307 0.136706
 891.000000 24.415645 1.590284 0.099860
 894.000000 24.405507 1.569199 0.101437
 897.000000 24.359178 1.543650 0.082977
 900.000000 24.350010 1.549760 0.088686
 903.000000 24.363737 1.575755 0.096304
 906.000000 24.440475 1.588935 0.091795
 909.000000 24.381535 1.585029 0.113813
 912.000000 24.306387 1.600384 0.079684
 915.000000 24.356931 1.556985 0.057240
 918.000000 24.404492 1.599138 0.117193
 921.000000 24.379188 1.580166 0.126429
 924.000000 24.325814 1.570661 0.136053
 927.000000 24.315403 1.565456 0.153571
 930.000000 24.389431 1.549681 0.146570
 933.000000 24.354276 1.563585 0.154377
 936.000000 24.318528 1.556369 0.225936
 939.000000 24.389445 1.545162 0.193543
 942.000000 24.417981 1.588277 0.186257
 945.000000 24.519428 1.583717 0.200952
 948.000000 24.419449 1.594357 0.182923
 951.000000 24.423745 1.572465 0.159030
 954.000000 24.470129 1.554129 0.122713
 957.000000 24.503098 1.561279 0.143955
 960.000000 24.473764 1.560863 0.121027
 963.000000 24.425657 1.560015 0.125834
 966.000000 24.492192 1.564591 0.161228
 969.000000 24.465025 1.553640 0.132041
 972.000000 24.437352 1.539757 0.145657
 975.000000 24.418377 1.546745 0.123310
 978.000000 24.372764 1.564147 0.149826
 981.000000 24.452851 1.552070 0.157354
 984.000000 24.520766 1.565380 0.119798
 987.000000 24.532998 1.561073 0.129506
 990.000000 24.487906 1.549273 0.176227
 993.000000 24.531341 1.551554 0.155155
 996.000000 24.438576 1.591308 0.185147
 999.000000 24.461711 1.574425 0.134237
 1002.000000 24.527081 1.572553 0.146126
 1005.000000 24.455755 1.553088 0.116297
 1008.000000 24.454579 1.565456 0.153469
 1011.000000 24.484005 1.568123 0.139711
 1014.000000 24.423556 1.570471 0.172187
 1017.000000 24.431402 1.577837 0.180159
 1020.000000 24.371736 1.550585 0.148774
 1023.000000 24.314517 1.558576 0.214803
 1026.000000 24.362694 1.565427 0.187314
 1029.000000 24.447067 1.564293 0.185558
 1032.000000 24.477117 1.558480 0.164797
 1035.000000 24.424131 1.548724 0.167031
 1038.000000 24.444424 1.537967 0.158369
 1041.000000 24.517412 1.538242 0.159553
 1044.000000 24.422647 1.580709 0.151907
 1047.000000 24.357889 1.540616 0.123698
 1050.000000 24.428887 1.524052 0.106321
 1053.000000 24.392324 1.512791 0.103160
 1056.000000 24.389313 1.513383 0.141237
 1059.000000 24.252466 1.494833 0.132158
 1062.000000 24.244131 1.515763 0.140542
 1065.000000 24.321501 1.519426 0.154302
 1068.000000 24.385583 1.525638 0.115885
 1071.000000 24.426137 1.538528 0.178140
 1074.000000 24.340726 1.533286 0.203333
 1077.000000 24.473110 1.544597 0.147444
 1080.000000 24.492568 1.559766 0.166967
 1083.000000 24.452411 1.524465 0.161370
 1086.000000 24.424561 1.511536 0.161986
 1089.000000 24.411112 1.543402 0.175973
 1092.000000 24.433263 1.538516 0.188833
 1095.000000 24.430509 1.523088 0.224899
 1098.000000 24.498709 1.538673 0.168686
 1101.000000 24.386875 1.516912 0.142600
 1104.000000 24.496791 1.546298 0.186590
 1107.000000 24.518596 1.535117 0.176112
 1110.000000 24.470078 1.521340 0.165554
 1113.000000 24.459067 1.540412 0.154605
 1116.000000 24.428818 1.571170 0.183687
 1119.000000 24.378388 1.559707 0.154907
 1122.000000 24.424771 1.587459 0.127428
 1125.000000 24.491851 1.596502 0.149789
 1128.000000 24.409833 1.565763 0.104105
 1131.000000 24.378093 1.565919 0.140892
 1134.000000 24.340574 1.572294 0.156810
 1137.000000 24.294264 1.567563 0.152254
 1140.000000 24.206729 1.608219 0.205850
 1143.000000 24.259312 1.580283 0.176744
 1146.000000 24.232326 1.588650 0.192941
 1149.000000 24.298628 1.569508 0.185130
 1152.000000 24.389026 1.563001 0.185496
 1155.000000 24.345968 1.571513 0.162862
 1158.000000 24.406604 1.557548 0.156893
 1161.000000 24.399905 1.547441 0.151956
 1164.000000 24.288801 1.540147 0.166632
 1167.000000 24.404795 1.561563 0.208762
 1170.000000 24.454113 1.535788 0.210285
 1173.000000 24.368887 1.555921 0.201566
 1176.000000 24.380466 1.557139 0.198880
 1179.000000 24.339768 1.583380 0.183988
 1182.000000 24.364859 1.571177 0.169767
 1185.000000 24.385445 1.571855 0.179423
 1188.000000 24.405612 1.591363 0.188279
 1191.000000 24.373296 1.589858 0.178115
 1194.000000 24.303185 1.567343 0.172223
 1197.000000 24.366792 1.588846 0.208272
 1200.000000 24.291110 1.607215 0.218354
 1203.000000 24.307237 1.610708 0.214161
 1206.000000 24.361852 1.616123 0.215079
 1209.000000 24.364839 1.609858 0.205122
 1212.000000 24.364032 1.569968 0.146136
 1215.000000 24.335167 1.577704 0.138465
 1218.000000 24.283482 1.591532 0.165231
 1221.000000 24.269879 1.580483 0.143121
 1224.000000 24.330797 1.574039 0.150469
 1227.000000 24.358672 1.576386 0.164538
 1230.000000 24.374219 1.587389 0.141731
 1233.000000 24.394609 1.574562 0.151746
 1236.000000 24.427542 1.567304 0.182379
 1239.000000 24.370673 1.540993 0.176125
 1242.000000 24.337043 1.564057 0.153545
 1245.000000 24.392218 1.554616 0.132389
 1248.000000 24.406773 1.534438 0.123900
 1251.000000 24.357768 1.545265 0.143975
 1254.000000 24.402306 1.531650 0.105760
 1257.000000 24.490988 1.574888 0.144710
 1260.000000 24.438339 1.572393 0.118700
 1263.000000 24.402507 1.581169 0.168850
 1266.000000 24.347982 1.584214 0.161521
 1269.000000 24.346401 1.595005 0.187100
 1272.000000 24.210503 1.604561 0.199767
 1275.000000 24.198644 1.570140 0.155279
 1278.000000 24.311704 1.588307 0.199118
 1281.000000 24.333043 1.569193 0.189187
 1284.000000 24.301978 1.563103 0.146172
 1287.000000 24.310780 1.575972 0.169809
 1290.000000 24.358799 1.554418 0.121801
 1293.000000 24.397526 1.571563 0.150260
 1296.000000 24.396887 1.568199 0.152860
 1299.000000 24.355237 1.577031 0.151384
 1302.000000 24.394353 1.581394 0.141659
 1305.000000 24.306478 1.580360 0.136680
 1308.000000 24.341373 1.550683 0.143435
 1311.000000 24.387839 1.580553 0.125841
 1314.000000 24.463144 1.546426 0.084873
 1317.000000 24.453845 1.596069 0.123085
 1320.000000 24.539248 1.585189 0.135414
 1323.000000 24.544142 1.596616 0.140742
 1326.000000 24.438524 1.579953 0.114324
 1329.000000 24.372022 1.584728 0.098344
 1332.000000 24.379495 1.571371 0.097894
 1335.000000 24.389488 1.582866 0.145011
 1338.000000 24.414627 1.585882 0.128000
 1341.000000 24.308572 1.565107 0.135836
 1344.000000 24.408314 1.555164 0.186264
 1347.000000 24.375130 1.569595 0.163436
 1350.000000 24.432271 1.570861 0.162878
 1353.000000 24.465202 1.573110 0.192526
 1356.000000 24.461531 1.566452 0.159054
 1359.000000 24.488066 1.545332 0.168747
 1362.000000 24.496963 1.571795 0.160442
 1365.000000 24.581015 1.565448 0.133558
 1368.000000 24.591491 1.545652 0.135989
 1371.000000 24.641499 1.598278 0.178409
 1374.000000 24.615845 1.575469 0.184453
 1377.000000 24.628645 1.574362 0.161094
 1380.000000 24.579505 1.576927 0.184113
 1383.000000 24.535655 1.588944 0.180786
 1386.000000 24.594645 1.564279 0.181786
 1389.000000 24.555132 1.572565 0.167726
 1392.000000 24.531870 1.566876 0.148175
 1395.000000 24.438472 1.585337 0.171117
 1398.000000 24.409988 1.583060 0.156630
 1401.000000 24.359324 1.581374 0.152054
 1404.000000 24.394855 1.597378 0.124968
 1407.000000 24.401464 1.583270 0.157106
 1410.000000 24.441226 1.570626 0.104814
 1413.000000 24.418041 1.580105 0.153297
 1416.000000 24.458622 1.584372 0.132699
 1419.000000 24.427498 1.608078 0.165382
 1422.000000 24.479851 1.628246 0.181291
 1425.000000 24.439060 1.606904 0.151689
 1428.000000 24.331680 1.589334 0.142021
 1431.000000 24.425986 1.587516 0.134013
 1434.000000 24.378732 1.580434 0.121049
 1437.000000 24.350522 1.584916 0.151961
 1440.000000 24.351589 1.567180 0.113338
 1443.000000 24.250518 1.587185 0.172685
 1446.000000 24.285303 1.596800 0.139691
 1449.000000 24.319722 1.572654 0.148391
 1452.000000 24.272603 1.572809 0.163386
 1455.000000 24.338626 1.557727 0.160994
 1458.000000 24.229175 1.551313 0.139903
 1461.000000 24.205102 1.558289 0.150556
 1464.000000 24.267811 1.566882 0.172199
 1467.000000 24.219210 1.571988 0.199231
 1470.000000 24.210584 1.581234 0.168543
 1473.000000 24.213989 1.604120 0.222700
 1476.000000 24.214731 1.601517 0.230797
 1479.000000 24.253517 1.617969 0.183564
 1482.000000 24.231632 1.591192 0.166062
 1485.000000 24.256082 1.572349 0.132623
 1488.000000 24.327845 1.598926 0.155842
 1491.000000 24.344874 1.618412 0.185484
 1494.000000 24.369470 1.599472 0.147615
 1497.000000 24.387734 1.612729 0.147214
 1500.000000 24.326463 1.614714 0.202791
 1503.000000 24.418845 1.623347 0.194083
 1506.000000 24.446047 1.621623 0.192605
 1509.000000 24.489791 1.622171 0.186841
 1512.000000 24.478904 1.604502 0.198782
 1515.000000 24.400689 1.613642 0.207298
 1518.000000 24.378638 1.586996 0.177573
 1521.000000 24.388354 1.583062 0.179192
 1524.000000 24.364453 1.569449 0.161105
 1527.000000 24.331399 1.583571 0.171659
 1530.000000 24.364165 1.589088 0.150402
 1533.000000 24.334252 1.565722 0.131197
 1536.000000 24.408655 1.579342 0.170395
 1539.000000 24.402249 1.573370 0.082633
 1542.000000 24.329676 1.592007 0.116435
 1545.000000 24.343432 1.594251 0.129519
 1548.000000 24.344765 1.571019 0.102709
 1551.000000 24.310992 1.559624 0.113474
 1554.000000 24.356830 1.562422 0.066844
 1557.000000 24.352402 1.590197 0.125544
 1560.000000 24.426505 1.595976 0.135020
 1563.000000 24.364115 1.619950 0.162432
 1566.000000 24.406493 1.610237 0.149581
 1569.000000 24.458003 1.601239 0.155445
 1572.000000 24.520544 1.569360 0.156321
 1575.000000 24.471692 1.594507 0.168470
 1578.000000 24.358632 1.617665 0.201211
 1581.000000 24.347006 1.595014 0.191536
 1584.000000 24.335839 1.588469 0.191902
 1587.000000 24.287888 1.595403 0.183549
 1590.000000 24.244529 1.594752 0.164635
 1593.000000 24.212053 1.609745 0.138686
 1596.000000 24.196386 1.614277 0.180153
 1599.000000 24.341813 1.585741 0.172033
 1602.000000 24.340903 1.586569 0.179837
 1605.000000 24.266653 1.569270 0.157011
 1608.000000 24.322136 1.560119 0.197851
 1611.000000 24.279175 1.557892 0.156463
 1614.000000 24.350897 1.551984 0.132372
 1617.000000 24.356341 1.572595 0.163003
 1620.000000 24.393699 1.593147 0.119661
 1623.000000 24.339391 1.567192 0.118091
 1626.000000 24.291850 1.552730 0.161217
 1629.000000 24.364602 1.542239 0.154342
 1632.000000 24.351190 1.535638 0.183291
 1635.000000 24.382989 1.521137 0.125925
 1638.000000 24.426378 1.489341 0.115117
 1641.000000 24.506404 1.493708 0.099109
 1644.000000 24.477752 1.523257 0.116633
 1647.000000 24.492970 1.537482 0.167501
 1650.000000 24.434467 1.562024 0.188922
 1653.000000 24.382075 1.527069 0.139453
 1656.000000 24.341129 1.527106 0.125671
 1659.000000 24.304032 1.529017 0.121812
 1662.000000 24.329169 1.543450 0.145875
 1665.000000 24.361692 1.524756 0.120961
 1668.000000 24.316616 1.536170 0.139318
 1671.000000 24.372954 1.498567 0.118171
 1674.000000 24.350962 1.513291 0.151877
 1677.000000 24.273131 1.511548 0.155273
 1680.000000 24.245858 1.535677 0.188037
 1683.000000 24.325629 1.507459 0.134503
 1686.000000 24.378108 1.528639 0.144060
 1689.000000 24.335688 1.507401 0.165244
 1692.000000 24.319985 1.527369 0.168654
 1695.000000 24.296118 1.514076 0.154882
 1698.000000 24.391551 1.525623 0.130873
 1701.000000 24.295857 1.510511 0.103515
 1704.000000 24.307379 1.519105 0.124784
 1707.000000 24.280990 1.533256 0.139635
 1710.000000 24.309799 1.520874 0.145701
 1713.000000 24.305333 1.531642 0.163289
 1716.000000 24.285333 1.541348 0.153975
 1719.000000 24.224396 1.517639 0.180218
 1722.000000 24.320123 1.522220 0.188317
 1725.000000 24.373782 1.533352 0.180296
 1728.000000 24.369336 1.550130 0.206494
 1731.000000 24.345225 1.530348 0.169846
 1734.000000 24.435799 1.518436 0.132670
 1737.000000 24.461962 1.519801 0.135553
 1740.000000 24.464855 1.528944 0.165223
 1743.000000 24.420616 1.528100 0.153141
 1746.000000 24.474333 1.533138 0.164954
 1749.000000 24.478529 1.506047 0.134205
 1752.000000 24.542326 1.534841 0.147594
 1755.000000 24.531165 1.550700 0.163313
 1758.000000 24.477018 1.597246 0.214737
 1761.000000 24.435071 1.566507 0.201691
 1764.000000 24.437061 1.560123 0.207426
 1767.000000 24.433924 1.562053 0.247774
 1770.000000 24.437424 1.547160 0.216420
 1773.000000 24.434610 1.544969 0.197865
 1776.000000 24.421183 1.522418 0.156449
 1779.000000 24.402963 1.516604 0.147844
 1782.000000 24.366579 1.496848 0.163962
 1785.000000 24.418468 1.505446 0.195002
 1788.000000 24.383481 1.525747 0.232287
 1791.000000 24.375230 1.522158 0.201857
 1794.000000 24.426358 1.553762 0.221448
 1797.000000 24.491858 1.540092 0.207663
 1800.000000 24.508423 1.568684 0.192012
 1803.000000 24.415673 1.520167 0.156417
 1806.000000 24.300833 1.525180 0.130661
 1809.000000 24.258813 1.530723 0.153517
 1812.000000 24.291771 1.560513 0.191269
 1815.000000 24.360057 1.537370 0.152413
 1818.000000 24.364449 1.534754 0.138156
 1821.000000 24.400192 1.537108 0.150323
 1824.000000 24.494262 1.531104 0.149288
 1827.000000 24.518021 1.510507 0.139451
 1830.000000 24.480262 1.506064 0.172634
 1833.000000 24.428953 1.518967 0.203725
 1836.000000 24.449411 1.529087 0.161300
 1839.000000 24.468309 1.527678 0.167449
 1842.000000 24.444926 1.555942 0.192246
 1845.000000 24.470529 1.547232 0.179215
 1848.000000 24.473163 1.574054 0.197642
 1851.000000 24.446864 1.583834 0.139094
 1854.000000 24.469713 1.583300 0.142647
 1857.000000 24.471250 1.584505 0.145435
 1860.000000 24.437793 1.574318 0.151756
 1863.000000 24.443867 1.592144 0.190991
 1866.000000 24.453652 1.576350 0.165675
 1869.000000 24.458004 1.566102 0.168602
 1872.000000 24.392423 1.561376 0.193955
 1875.000000 24.374969 1.566427 0.177223
 1878.000000 24.333958 1.571757 0.181259
 1881.000000 24.375583 1.582355 0.162193
 1884.000000 24.381212 1.567686 0.127198
 1887.000000 24.352756 1.574002 0.144339
 1890.000000 24.279359 1.583196 0.163343
 1893.000000 24.261754 1.596797 0.159702
 1896.000000 24.208228 1.594121 0.152971
 1899.000000 24.147747 1.595279 0.182177
 1902.000000 24.289150 1.629177 0.222675
 1905.000000 24.244200 1.598598 0.192423
 1908.000000 24.216183 1.599013 0.148173
 1911.000000 24.198974 1.627420 0.184552
 1914.000000 24.174092 1.589017 0.150355
 1917.000000 24.251445 1.609260 0.150142
 1920.000000 24.188929 1.611076 0.124974
 1923.000000 24.186785 1.598830 0.133234
 1926.000000 24.221077 1.601941 0.121896
 1929.000000 24.371224 1.595559 0.124068
 1932.000000 24.381510 1.598713 0.162283
 1935.000000 24.381990 1.592888 0.096013
 1938.000000 24.375397 1.595145 0.089106
 1941.000000 24.365199 1.603623 0.141662
 1944.000000 24.476386 1.598826 0.144510
 1947.000000 24.402921 1.578307 0.126219
 1950.000000 24.384218 1.585937 0.118323
 1953.000000 24.434218 1.598128 0.142585
 1956.000000 24.340102 1.604053 0.179181
 1959.000000 24.289889 1.570541 0.168985
 1962.000000 24.300412 1.557609 0.127974
 1965.000000 24.273758 1.568631 0.188510
 1968.000000 24.327114 1.530461 0.158762
 1971.000000 24.361165 1.554713 0.160525
 1974.000000 24.349020 1.564841 0.139964
 1977.000000 24.330254 1.553598 0.160397
 1980.000000 24.358832 1.546689 0.159524
 1983.000000 24.255479 1.539293 0.148182
 1986.000000 24.323163 1.561500 0.156448
 1989.000000 24.290655 1.539846 0.175744
 1992.000000 24.241620 1.532442 0.173514
 1995.000000 24.333518 1.563624 0.170212
 1998.000000 24.400009 1.574223 0.146075
 2001.000000 24.292639 1.580425 0.186533
 2004.000000 24.387348 1.606746 0.163362
 2007.000000 24.374257 1.630151 0.160918
 2010.000000 24.390581 1.606399 0.191534
 2013.000000 24.394162 1.606733 0.171910
 2016.000000 24.268533 1.598116 0.191420
 2019.000000 24.290201 1.599140 0.198041
 2022.000000 24.223252 1.625446 0.183788
 2025.000000 24.219658 1.615221 0.196310
 2028.000000 24.144623 1.596926 0.187606
 2031.000000 24.268365 1.609058 0.188501
 2034.000000 24.280311 1.588144 0.156186
 2037.000000 24.322574 1.588994 0.123054
 2040.000000 24.257928 1.582069 0.160308
 2043.000000 24.223023 1.581302 0.131151
 2046.000000 24.305397 1.550224 0.146684
 2049.000000 24.275162 1.559976 0.166979
 2052.000000 24.233171 1.559965 0.155327
 2055.000000 24.335608 1.540350 0.114815
 2058.000000 24.369943 1.566941 0.151098
 2061.000000 24.282538 1.608913 0.194263
 2064.000000 24.277194 1.587275 0.173064
 2067.000000 24.343185 1.592566 0.142453
 2070.000000 24.404393 1.610560 0.145459
 2073.000000 24.386450 1.608351 0.136621
 2076.000000 24.386640 1.614900 0.137984
 2079.000000 24.462627 1.619853 0.135518
 2082.000000 24.507746 1.625338 0.169819
 2085.000000 24.489740 1.613195 0.155133
 2088.000000 24.502575 1.641116 0.192017
 2091.000000 24.485960 1.611305 0.169651
 2094.000000 24.490945 1.620550 0.161738
 2097.000000 24.539100 1.628708 0.164216
 2100.000000 24.515487 1.642486 0.168675
 2103.000000 24.504732 1.622578 0.119754
 2106.000000 24.487056 1.631878 0.134858
 2109.000000 24.462526 1.621233 0.098913
 2112.000000 24.353413 1.609477 0.111289
 2115.000000 24.406061 1.617154 0.097765
 2118.000000 24.396379 1.637776 0.138324
 2121.000000 24.430586 1.630499 0.137365
 2124.000000 24.421132 1.616662 0.082878
 2127.000000 24.468492 1.619771 0.106602
 2130.000000 24.465211 1.626070 0.100142
 2133.000000 24.373344 1.635448 0.107382
 2136.000000 24.282018 1.641669 0.126914
 2139.000000 24.331340 1.614456 0.113790
 2142.000000 24.305541 1.624317 0.132498
 2145.000000 24.375658 1.623218 0.108034
 2148.000000 24.327786 1.631915 0.131733
 2151.000000 24.382882 1.633696 0.161578
 2154.000000 24.390156 1.608028 0.136211
 2157.000000 24.397509 1.585107 0.129396
 2160.000000 24.373529 1.617857 0.157703
 2163.000000 24.324613 1.610676 0.157944
 2166.000000 24.334725 1.600811 0.138866
 2169.000000 24.361319 1.595996 0.130974
 2172.000000 24.402661 1.616627 0.137966
 2175.000000 24.337156 1.627758 0.138987
 2178.000000 24.433845 1.655921 0.169560
 2181.000000 24.393938 1.647172 0.166026
 2184.000000 24.388395 1.631791 0.183658
 2187.000000 24.458767 1.621824 0.148076
 2190.000000 24.442051 1.638393 0.129393
 2193.000000 24.499423 1.635643 0.125420
 2196.000000 24.460143 1.632011 0.130863
 2199.000000 24.471398 1.602750 0.089131
 2202.000000 24.460442 1.634238 0.122710
 2205.000000 24.462079 1.651393 0.142679
 2208.000000 24.476632 1.604834 0.147954
 2211.000000 24.521398 1.629518 0.116603
 2214.000000 24.483650 1.646511 0.175490
 2217.000000 24.447081 1.641051 0.174878
 2220.000000 24.512746 1.632778 0.140505
 2223.000000 24.423145 1.626231 0.134999
 2226.000000 24.339364 1.600955 0.107045
 2229.000000 24.358690 1.623601 0.139469
 2232.000000 24.398286 1.633124 0.131011
 2235.000000 24.522847 1.634274 0.114755
 2238.000000 24.317387 1.647054 0.144567
 2241.000000 24.313529 1.620543 0.111637
 2244.000000 24.262331 1.622773 0.093875
 2247.000000 24.241300 1.613315 0.148383
 2250.000000 24.239045 1.632523 0.160657
 2253.000000 24.240303 1.611458 0.152566
 2256.000000 24.260066 1.642193 0.172171
 2259.000000 24.256247 1.632380 0.202103
 2262.000000 24.241871 1.616063 0.172827
 2265.000000 24.307707 1.649426 0.173700
 2268.000000 24.287648 1.616751 0.146699
 2271.000000 24.228695 1.624056 0.087897
 2274.000000 24.189423 1.624071 0.092935
 2277.000000 24.220490 1.635273 0.060937
 2280.000000 24.230884 1.613610 0.042280
 2283.000000 24.305809 1.649311 0.073134
 2286.000000 24.271831 1.660159 0.095850
 2289.000000 24.320996 1.648299 0.139784
 2292.000000 24.305896 1.650246 0.152205
 2295.000000 24.323354 1.645631 0.157071
 2298.000000 24.322841 1.629773 0.139890
 2301.000000 24.269450 1.607108 0.166141
 2304.000000 24.255288 1.624711 0.173893
 2307.000000 24.354939 1.632336 0.183041
 2310.000000 24.357530 1.639643 0.172076
 2313.000000 24.292779 1.632224 0.168810
 2316.000000 24.301626 1.622952 0.167497
 2319.000000 24.354570 1.592620 0.151912
 2322.000000 24.310292 1.615298 0.174850
 2325.000000 24.315680 1.631570 0.159063
 2328.000000 24.303774 1.603777 0.177325
 2331.000000 24.380794 1.606834 0.140575
 2334.000000 24.291641 1.615792 0.115879
 2337.000000 24.286565 1.598101 0.129576
 2340.000000 24.203175 1.592478 0.146083
 2343.000000 24.289056 1.601531 0.141423
 2346.000000 24.270436 1.583438 0.154534
 2349.000000 24.274454 1.557104 0.109315
 2352.000000 24.284291 1.577716 0.083935
 2355.000000 24.270877 1.576297 0.116095
 2358.000000 24.319678 1.596821 0.126584
 2361.000000 24.302076 1.584063 0.133092
 2364.000000 24.348463 1.574178 0.122272
 2367.000000 24.329934 1.590710 0.113313
 2370.000000 24.353241 1.610019 0.100210
 2373.000000 24.375438 1.597830 0.144526
 2376.000000 24.368175 1.588273 0.130898
 2379.000000 24.367334 1.580244 0.100237
 2382.000000 24.416483 1.583896 0.071487
 2385.000000 24.430730 1.581624 0.083171
 2388.000000 24.492501 1.576255 0.116320
 2391.000000 24.478228 1.584394 0.096437
 2394.000000 24.373009 1.577546 0.102757
 2397.000000 24.410174 1.573752 0.099206
 2400.000000 24.451301 1.598868 0.144538
 2403.000000 24.479933 1.593620 0.145250
 2406.000000 24.517539 1.605617 0.127623
 2409.000000 24.610707 1.645507 0.185443
 2412.000000 24.552385 1.605815 0.193167
 2415.000000 24.595000 1.579095 0.142976
 2418.000000 24.584244 1.611382 0.130092
 2421.000000 24.605673 1.601454 0.088399
 2424.000000 24.603011 1.602992 0.070960
 2427.000000 24.495271 1.597138 0.082956
 2430.000000 24.472221 1.593913 0.067476
 2433.000000 24.403786 1.619632 0.111033
 2436.000000 24.303294 1.624835 0.119815
 2439.000000 24.371694 1.615902 0.100096
 2442.000000 24.432935 1.597450 0.094287
 2445.000000 24.468117 1.604069 0.107198
 2448.000000 24.432092 1.626823 0.135102
 2451.000000 24.437804 1.613465 0.108659
 2454.000000 24.434845 1.630314 0.130459
 2457.000000 24.415457 1.604683 0.084806
 2460.000000 24.438437 1.611700 0.082179
 2463.000000 24.428886 1.611312 0.087174
 2466.000000 24.404627 1.632602 0.093345
 2469.000000 24.352512 1.626958 0.118941
 2472.000000 24.460490 1.624368 0.135411
 2475.000000 24.441992 1.609881 0.077747
 2478.000000 24.428048 1.605414 0.100036
 2481.000000 24.390760 1.599745 0.069355
 2484.000000 24.359916 1.600226 0.067827
 2487.000000 24.334535 1.623595 0.106487
 2490.000000 24.380940 1.654745 0.149677
 2493.000000 24.349274 1.609123 0.154030
 2496.000000 24.309943 1.626243 0.128473
 2499.000000 24.340113 1.592187 0.151466
 2502.000000 24.304553 1.623739 0.187429
 2505.000000 24.301367 1.598185 0.140197
 2508.000000 24.348902 1.597749 0.135067
 2511.000000 24.356729 1.609258 0.130698
 2514.000000 24.371312 1.597324 0.185644
 2517.000000 24.365643 1.604495 0.147383
 2520.000000 24.392878 1.617640 0.149274
 2523.000000 24.395598 1.591757 0.206821
 2526.000000 24.299913 1.593338 0.185213
 2529.000000 24.368964 1.593359 0.165231
 2532.000000 24.406587 1.585050 0.157830
 2535.000000 24.319164 1.600631 0.156957
 2538.000000 24.270439 1.632350 0.172169
 2541.000000 24.296180 1.602933 0.160138
 2544.000000 24.304588 1.627740 0.160137
 2547.000000 24.273006 1.631743 0.219414
 2550.000000 24.285834 1.624914 0.108009
 2553.000000 24.273355 1.636861 0.156938
 2556.000000 24.302053 1.627641 0.163419
 2559.000000 24.249077 1.608157 0.183637
 2562.000000 24.273596 1.613260 0.185435
 2565.000000 24.332372 1.652936 0.176704
 2568.000000 24.249019 1.610897 0.166001
 2571.000000 24.309288 1.626261 0.178328
 2574.000000 24.299011 1.603646 0.166191
 2577.000000 24.299498 1.571598 0.145812
 2580.000000 24.363450 1.599831 0.199933
 2583.000000 24.388362 1.612648 0.221368
 2586.000000 24.319419 1.611154 0.196507
 2589.000000 24.251752 1.589671 0.211184
 2592.000000 24.225810 1.591951 0.182491
 2595.000000 24.197941 1.618732 0.179798
 2598.000000 24.203762 1.600344 0.187386
 2601.000000 24.143227 1.601793 0.189536
 2604.000000 24.065418 1.594267 0.178956
 2607.000000 24.138367 1.592420 0.173434
 2610.000000 24.123488 1.603584 0.185236
 2613.000000 24.105008 1.591760 0.147345
 2616.000000 24.095836 1.576075 0.167152
 2619.000000 24.152816 1.609856 0.208906
 2622.000000 24.172136 1.607862 0.183080
 2625.000000 24.175440 1.586274 0.144256
 2628.000000 24.163416 1.596888 0.110102
 2631.000000 24.152550 1.589810 0.122151
 2634.000000 24.168841 1.585080 0.157215
 2637.000000 24.138151 1.628366 0.171715
 2640.000000 24.165245 1.598965 0.186729
 2643.000000 24.168262 1.574192 0.188535
 2646.000000 24.251648 1.583287 0.160460
 2649.000000 24.229596 1.565861 0.132258
 2652.000000 24.242265 1.556252 0.138471
 2655.000000 24.264327 1.542428 0.107668
 2658.000000 24.212757 1.542468 0.113079
 2661.000000 24.188832 1.564504 0.109771
 2664.000000 24.194667 1.561752 0.129373
 2667.000000 24.184034 1.574474 0.133814
 2670.000000 24.236861 1.563360 0.090716
 2673.000000 24.284204 1.573568 0.096983
 2676.000000 24.283612 1.570695 0.095361
 2679.000000 24.249367 1.581981 0.114833
 2682.000000 24.213591 1.566352 0.135049
 2685.000000 24.252980 1.578476 0.123242
 2688.000000 24.246730 1.566843 0.093595
 2691.000000 24.187431 1.580855 0.131116
 2694.000000 24.254456 1.601963 0.145846
 2697.000000 24.314420 1.590522 0.142906
 2700.000000 24.364606 1.643971 0.198622
 2703.000000 24.326842 1.635585 0.195728
 2706.000000 24.342461 1.603057 0.196799
 2709.000000 24.350307 1.633286 0.160489
 2712.000000 24.335009 1.621966 0.123763
 2715.000000 24.330507 1.638815 0.165774
 2718.000000 24.379482 1.633393 0.176993
 2721.000000 24.359715 1.615833 0.157066
 2724.000000 24.342738 1.608951 0.146418
 2727.000000 24.348708 1.620149 0.133066
 2730.000000 24.372347 1.602498 0.145256
 2733.000000 24.298839 1.626470 0.164546
 2736.000000 24.333529 1.613031 0.137626
 2739.000000 24.327789 1.626832 0.134562
 2742.000000 24.311944 1.637695 0.188857
 2745.000000 24.363651 1.622682 0.158154
 2748.000000 24.306293 1.604325 0.178898
 2751.000000 24.280804 1.602813 0.167350
 2754.000000 24.314549 1.588571 0.148068
 2757.000000 24.352517 1.562217 0.155147
 2760.000000 24.402511 1.547108 0.133773
 2763.000000 24.342678 1.553778 0.108539
 2766.000000 24.396646 1.556094 0.101860
 2769.000000 24.480517 1.583280 0.050543
 2772.000000 24.506464 1.573068 0.089448
 2775.000000 24.557996 1.566958 0.095824
 2778.000000 24.583015 1.570333 0.135966
 2781.000000 24.478171 1.556174 0.086793
 2784.000000 24.510938 1.582927 0.083158
 2787.000000 24.434875 1.568231 0.134873
 2790.000000 24.406251 1.581419 0.100293
 2793.000000 24.412654 1.575738 0.126078
 2796.000000 24.441882 1.561819 0.126292
 2799.000000 24.474445 1.533781 0.117966
 2802.000000 24.521390 1.566607 0.123691
 2805.000000 24.499131 1.572239 0.101130
 2808.000000 24.443642 1.568865 0.136055
 2811.000000 24.455848 1.553017 0.113756
 2814.000000 24.430292 1.540112 0.178654
 2817.000000 24.491368 1.565390 0.164974
 2820.000000 24.472201 1.576710 0.113866
 2823.000000 24.434333 1.555429 0.105754
 2826.000000 24.471311 1.582759 0.123717
 2829.000000 24.421060 1.606059 0.134949
 2832.000000 24.383415 1.562749 0.097133
 2835.000000 24.371425 1.579072 0.063686
 2838.000000 24.377287 1.600552 0.080642
 2841.000000 24.448960 1.615266 0.120177
 2844.000000 24.363470 1.599510 0.116501
 2847.000000 24.366475 1.588687 0.079634
 2850.000000 24.406043 1.584927 0.100450
 2853.000000 24.400741 1.566896 0.092662
 2856.000000 24.372068 1.625163 0.138882
 2859.000000 24.371682 1.619398 0.162833
 2862.000000 24.319680 1.596756 0.157821
 2865.000000 24.314912 1.611882 0.118627
 2868.000000 24.324258 1.629954 0.170297
 2871.000000 24.321838 1.633145 0.107439
 2874.000000 24.326340 1.616842 0.086657
 2877.000000 24.266577 1.634092 0.124989
 2880.000000 24.300767 1.598893 0.126959
 2883.000000 24.364685 1.635016 0.100332
 2886.000000 24.336517 1.649116 0.111550
 2889.000000 24.287465 1.615946 0.097585
 2892.000000 24.267631 1.598047 0.086553
 2895.000000 24.237746 1.617764 0.117065
 2898.000000 24.249715 1.642192 0.082602
 2901.000000 24.273675 1.623622 0.110213
 2904.000000 24.343364 1.619426 0.123587
 2907.000000 24.359358 1.625695 0.139948
 2910.000000 24.362161 1.624400 0.134145
 2913.000000 24.390583 1.629076 0.160394
 2916.000000 24.440585 1.625734 0.115116
 2919.000000 24.509194 1.647269 0.119190
 2922.000000 24.520991 1.638204 0.111025
 2925.000000 24.467041 1.658793 0.108252
 2928.000000 24.440985 1.637914 0.102982
 2931.000000 24.423241 1.656439 0.153393
 2934.000000 24.368523 1.653839 0.154774
 2937.000000 24.289204 1.646680 0.122244
 2940.000000 24.333543 1.634730 0.119272
 2943.000000 24.341346 1.633796 0.094244
 2946.000000 24.314022 1.645561 0.120821
 2949.000000 24.290218 1.628955 0.116865
 2952.000000 24.265054 1.641224 0.145476
 2955.000000 24.317761 1.620484 0.131409
 2958.000000 24.303712 1.613844 0.142148
 2961.000000 24.358896 1.641090 0.149579
 2964.000000 24.351949 1.638659 0.141483
 2967.000000 24.383181 1.618482 0.116396
 2970.000000 24.412963 1.627002 0.153302
 2973.000000 24.427830 1.642325 0.122743
 2976.000000 24.383118 1.664119 0.119821
 2979.000000 24.455906 1.664944 0.163567
 2982.000000 24.495425 1.665299 0.159420
 2985.000000 24.479828 1.649743 0.121357
 2988.000000 24.514040 1.656452 0.150772
 2991.000000 24.504794 1.632930 0.120773
 2994.000000 24.466710 1.646634 0.116239
 2997.000000 24.364764 1.637543 0.124777
 3000.000000 24.366304 1.649401 0.127532
 3003.000000 24.368770 1.643227 0.124184
 3006.000000 24.445181 1.646789 0.122989
 3009.000000 24.418467 1.643575 0.085503
 3012.000000 24.445679 1.646372 0.076175
 3015.000000 24.489754 1.672701 0.089547
 3018.000000 24.487842 1.660063 0.089281
 3021.000000 24.494421 1.665126 0.128875
 3024.000000 24.451327 1.633208 0.119128
 3027.000000 24.491059 1.661773 0.092597
 3030.000000 24.440839 1.659254 0.078855
 3033.000000 24.536274 1.657010 0.091824
 3036.000000 24.586633 1.663100 0.084948
 3039.000000 24.618626 1.659064 0.086937
 3042.000000 24.543018 1.656758 0.082592
 3045.000000 24.461662 1.654473 0.086935
 3048.000000 24.479332 1.640315 0.068689
 3051.000000 24.522248 1.643801 0.079012
 3054.000000 24.457238 1.658167 0.091628
 3057.000000 24.443555 1.663930 0.110397
 3060.000000 24.420089 1.648244 0.122569
 3063.000000 24.453798 1.645584 0.075122
 3066.000000 24.435111 1.669647 0.093386
 3069.000000 24.442288 1.629031 0.068099
 3072.000000 24.365681 1.642367 0.070927
 3075.000000 24.311848 1.639295 0.095295
 3078.000000 24.295050 1.642945 0.118404
 3081.000000 24.274376 1.635262 0.101502
 3084.000000 24.379709 1.636410 0.099016
 3087.000000 24.416061 1.643491 0.131135
 3090.000000 24.363163 1.652276 0.108400
 3093.000000 24.376066 1.634326 0.082449
 3096.000000 24.402708 1.632157 0.103175
 3099.000000 24.445145 1.636945 0.112900
 3102.000000 24.456388 1.650905 0.111263
 3105.000000 24.493781 1.617490 0.098961
 3108.000000 24.488623 1.615649 0.066703
 3111.000000 24.529051 1.627454 0.087959
 3114.000000 24.507914 1.609651 0.078023
 3117.000000 24.435170 1.600858 0.102010
 3120.000000 24.389719 1.612515 0.171566
 3123.000000 24.359856 1.630256 0.126864
 3126.000000 24.371822 1.595134 0.148456
 3129.000000 24.427881 1.595739 0.160388
 3132.000000 24.358629 1.586710 0.115661
 3135.000000 24.396899 1.592430 0.094478
 3138.000000 24.376270 1.573829 0.119380
 3141.000000 24.361711 1.586638 0.150218
 3144.000000 24.364650 1.591763 0.170794
 3147.000000 24.393115 1.577387 0.163205
 3150.000000 24.407985 1.574447 0.116429
 3153.000000 24.387932 1.591447 0.105826
 3156.000000 24.478190 1.573828 0.163375
 3159.000000 24.415758 1.615175 0.127666
 3162.000000 24.497167 1.604333 0.156430
 3165.000000 24.466085 1.562983 0.171995
 3168.000000 24.371989 1.609397 0.130545
 3171.000000 24.351866 1.619853 0.115236
 3174.000000 24.367861 1.640864 0.094978
 3177.000000 24.422969 1.623928 0.086460
 3180.000000 24.469229 1.620213 0.109733
 3183.000000 24.554618 1.614714 0.095757
 3186.000000 24.533289 1.598352 0.097056
 3189.000000 24.487257 1.619327 0.118364
 3192.000000 24.563477 1.603406 0.136556
 3195.000000 24.516451 1.583389 0.160170
 3198.000000 24.462220 1.571436 0.118147
 3201.000000 24.422486 1.547935 0.145853
 3204.000000 24.445720 1.581482 0.115786
 3207.000000 24.431650 1.558336 0.127247
 3210.000000 24.382586 1.587112 0.079743
 3213.000000 24.403393 1.564924 0.107028
 3216.000000 24.354629 1.576763 0.069350
 3219.000000 24.402770 1.569262 0.120850
 3222.000000 24.376597 1.580545 0.081905
 3225.000000 24.329353 1.555802 0.112053
 3228.000000 24.360315 1.553499 0.132888
 3231.000000 24.384186 1.577578 0.114518
 3234.000000 24.413266 1.573611 0.136218
 3237.000000 24.491200 1.573791 0.180000
 3240.000000 24.446923 1.560190 0.175197
 3243.000000 24.473274 1.555465 0.138643
 3246.000000 24.449314 1.551026 0.180714
 3249.000000 24.432291 1.559065 0.129895
 3252.000000 24.411258 1.563002 0.168763
 3255.000000 24.431550 1.556159 0.156327
 3258.000000 24.477826 1.558258 0.140867
 3261.000000 24.475145 1.579029 0.138979
 3264.000000 24.456852 1.567420 0.131803
 3267.000000 24.464906 1.560454 0.140883
 3270.000000 24.571547 1.574978 0.127719
 3273.000000 24.518588 1.576624 0.113273
 3276.000000 24.531332 1.568087 0.091289
 3279.000000 24.403581 1.546391 0.120718
 3282.000000 24.513451 1.536056 0.113247
 3285.000000 24.606866 1.535317 0.108915
 3288.000000 24.589390 1.532681 0.091451
 3291.000000 24.511006 1.517645 0.111702
 3294.000000 24.491347 1.536881 0.122543
 3297.000000 24.521778 1.531100 0.088984
 3300.000000 24.538134 1.554388 0.112979
 3303.000000 24.513926 1.541204 0.148591
 3306.000000 24.516587 1.540774 0.119284
 3309.000000 24.443848 1.542008 0.145767
 3312.000000 24.480707 1.559660 0.186086
 3315.000000 24.432399 1.552245 0.192543
 3318.000000 24.398478 1.545212 0.159737
 3321.000000 24.451152 1.531467 0.180130
 3324.000000 24.465272 1.519401 0.180780
 3327.000000 24.445572 1.519764 0.179489
 3330.000000 24.442217 1.567855 0.159693
 3333.000000 24.412404 1.589194 0.150502
 3336.000000 24.389075 1.570784 0.159208
 3339.000000 24.393227 1.589773 0.129027
 3342.000000 24.439330 1.568925 0.112513
 3345.000000 24.485944 1.565465 0.082620
 3348.000000 24.480076 1.558204 0.124650
 3351.000000 24.480252 1.577243 0.129138
 3354.000000 24.464539 1.570290 0.095614
 3357.000000 24.399833 1.544666 0.080421
 3360.000000 24.402670 1.542979 0.093391
 3363.000000 24.404652 1.551838 0.103498
 3366.000000 24.445666 1.549352 0.113656
 3369.000000 24.432911 1.567087 0.104280
 3372.000000 24.495833 1.559121 0.119048
 3375.000000 24.544124 1.549114 0.108997
 3378.000000 24.514973 1.578105 0.169914
 3381.000000 24.516275 1.597453 0.138311
 3384.000000 24.536323 1.571899 0.093853
 3387.000000 24.500750 1.548459 0.122016
 3390.000000 24.471717 1.565453 0.123398
 3393.000000 24.524249 1.577121 0.141449
 3396.000000 24.529421 1.557584 0.127100
 3399.000000 24.519433 1.589452 0.122530
 3402.000000 24.558955 1.567454 0.147936
 3405.000000 24.469249 1.587511 0.117653
 3408.000000 24.453926 1.582832 0.127566
 3411.000000 24.431001 1.592969 0.159938
 3414.000000 24.489944 1.606057 0.177316
 3417.000000 24.431808 1.608587 0.149306
 3420.000000 24.388820 1.590567 0.141153
 3423.000000 24.427346 1.598606 0.088518
 3426.000000 24.352410 1.611936 0.113757
 3429.000000 24.335745 1.621769 0.120803
 3432.000000 24.318819 1.617894 0.136610
 3435.000000 24.262550 1.587087 0.158067
 3438.000000 24.321575 1.600918 0.120367
 3441.000000 24.365705 1.571343 0.120800
 3444.000000 24.396076 1.552027 0.129674
 3447.000000 24.356873 1.584927 0.081522
 3450.000000 24.337057 1.545564 0.086004
 3453.000000 24.324493 1.561684 0.064128
 3456.000000 24.268655 1.556403 0.107654
 3459.000000 24.243769 1.554292 0.076835
 3462.000000 24.272424 1.583163 0.098082
 3465.000000 24.276509 1.577637 0.152868
 3468.000000 24.294221 1.576070 0.120150
 3471.000000 24.317445 1.562642 0.139239
 3474.000000 24.322467 1.576063 0.131359
 3477.000000 24.416720 1.595540 0.138075
 3480.000000 24.364562 1.585105 0.138553
 3483.000000 24.445846 1.596582 0.146431
 3486.000000 24.454208 1.578235 0.147132
 3489.000000 24.505244 1.622570 0.144962
 3492.000000 24.486429 1.618553 0.135024
 3495.000000 24.520531 1.623010 0.111903
 3498.000000 24.499073 1.638605 0.141942
 3501.000000 24.476825 1.638297 0.080580
 3504.000000 24.545197 1.620271 0.120440
 3507.000000 24.539570 1.628431 0.138429
 3510.000000 24.528666 1.609535 0.138650
 3513.000000 24.535849 1.627629 0.163317
 3516.000000 24.604239 1.621765 0.094551
 3519.000000 24.502440 1.603963 0.132323
 3522.000000 24.451312 1.619321 0.085937
 3525.000000 24.451392 1.627861 0.088721
 3528.000000 24.478926 1.628844 0.084118
 3531.000000 24.502669 1.624783 0.133768
 3534.000000 24.371216 1.616414 0.117109
 3537.000000 24.369597 1.609222 0.089115
 3540.000000 24.356238 1.588713 0.147817
 3543.000000 24.443437 1.584337 0.163324
 3546.000000 24.518434 1.606159 0.170407
 3549.000000 24.444899 1.622019 0.108005
 3552.000000 24.489234 1.594252 0.157505
 3555.000000 24.539754 1.605703 0.077188
 3558.000000 24.514370 1.596538 0.126323
 3561.000000 24.498169 1.598573 0.099789
 3564.000000 24.436963 1.601758 0.102922
 3567.000000 24.434148 1.616566 0.079114
 3570.000000 24.497368 1.623667 0.105460
 3573.000000 24.403673 1.577829 0.156672
 3576.000000 24.445602 1.576891 0.142384
 3579.000000 24.351465 1.590821 0.144312
 3582.000000 24.378197 1.593010 0.105939
 3585.000000 24.441910 1.589983 0.086814
 3588.000000 24.490566 1.643047 0.126532
 3591.000000 24.457904 1.643406 0.089632
 3594.000000 24.420933 1.619554 0.090089
 3597.000000 24.429379 1.621763 0.120018
 3600.000000 24.409982 1.613142 0.137417
 3603.000000 24.451133 1.612093 0.161623
 3606.000000 24.415726 1.608658 0.165568
 3609.000000 24.505436 1.616848 0.180408
 3612.000000 24.432866 1.624553 0.166547
 3615.000000 24.390163 1.632775 0.138339
 3618.000000 24.328533 1.611806 0.139518
 3621.000000 24.388211 1.595102 0.176963
 3624.000000 24.411013 1.622810 0.178980
 3627.000000 24.400186 1.607296 0.189225
 3630.000000 24.481204 1.601910 0.168947
 3633.000000 24.435677 1.588869 0.185681
 3636.000000 24.435748 1.633591 0.192747
 3639.000000 24.398006 1.618479 0.178336
 3642.000000 24.417613 1.603017 0.188227
 3645.000000 24.384313 1.617898 0.139066
 3648.000000 24.450239 1.644988 0.172263
 3651.000000 24.449047 1.631729 0.163982
 3654.000000 24.404374 1.650802 0.134776
 3657.000000 24.381527 1.634069 0.156181
 3660.000000 24.438305 1.618722 0.119179
 3663.000000 24.439883 1.616936 0.118315
 3666.000000 24.395218 1.659786 0.144638
 3669.000000 24.433888 1.610157 0.127727
 3672.000000 24.372988 1.618760 0.099735
 3675.000000 24.346966 1.631379 0.128216
 3678.000000 24.408198 1.633227 0.079969
 3681.000000 24.375179 1.643830 0.058753
 3684.000000 24.393392 1.644777 0.095200
 3687.000000 24.481154 1.621637 0.094966
 3690.000000 24.389206 1.564053 0.066123
 3693.000000 24.425668 1.573700 0.120004
 3696.000000 24.358369 1.592492 0.103521
 3699.000000 24.380276 1.619306 0.152209
 3702.000000 24.428664 1.573959 0.108593
 3705.000000 24.445870 1.557254 0.055359
 3708.000000 24.480673 1.568316 0.083406
 3711.000000 24.536823 1.560170 0.134346
 3714.000000 24.486352 1.539507 0.190316
 3717.000000 24.396910 1.578631 0.137323
 3720.000000 24.386206 1.574053 0.162227
 3723.000000 24.487792 1.564480 0.111472
 3726.000000 24.537138 1.587684 0.123131
 3729.000000 24.517203 1.588897 0.116522
 3732.000000 24.530041 1.630174 0.069747
 3735.000000 24.457393 1.624855 0.111321
 3738.000000 24.403655 1.648911 0.070847
 3741.000000 24.458025 1.609639 0.081322
 3744.000000 24.461785 1.624841 0.070099
 3747.000000 24.469856 1.613846 0.078894
 3750.000000 24.476266 1.628610 0.126345
 3753.000000 24.511263 1.626308 0.105312
 3756.000000 24.497796 1.609171 0.133760
 3759.000000 24.486267 1.614547 0.123458
 3762.000000 24.551235 1.633478 0.123854
 3765.000000 24.568191 1.600880 0.148575
 3768.000000 24.515496 1.620915 0.172739
 3771.000000 24.459468 1.623801 0.143385
 3774.000000 24.431508 1.614672 0.190137
 3777.000000 24.499740 1.644298 0.147249
 3780.000000 24.554574 1.631431 0.116993
 3783.000000 24.447340 1.654376 0.139733
 3786.000000 24.490710 1.660915 0.089657
 3789.000000 24.408054 1.670476 0.089044
 3792.000000 24.425470 1.654564 0.104010
 3795.000000 24.410443 1.659067 0.095635
 3798.000000 24.401515 1.627837 0.079084
 3801.000000 24.414490 1.614953 0.130591
 3804.000000 24.369731 1.593652 0.102190
 3807.000000 24.381132 1.636319 0.133387
 3810.000000 24.422221 1.635385 0.101362
 3813.000000 24.429327 1.619581 0.108321
 3816.000000 24.428057 1.619423 0.092250
 3819.000000 24.421959 1.635576 0.077498
 3822.000000 24.448423 1.598352 0.090440
 3825.000000 24.391100 1.591069 0.061423
 3828.000000 24.421206 1.589484 0.050868
 3831.000000 24.377544 1.585545 0.070699
 3834.000000 24.375228 1.585732 0.085678
 3837.000000 24.352852 1.608428 0.124967
 3840.000000 24.377507 1.585170 0.106710
 3843.000000 24.473769 1.601319 0.118119
 3846.000000 24.417790 1.577599 0.097584
 3849.000000 24.453997 1.576020 0.153985
 3852.000000 24.516253 1.579374 0.122822
 3855.000000 24.504838 1.611387 0.156443
 3858.000000 24.467272 1.605944 0.103580
 3861.000000 24.409304 1.609415 0.114578
 3864.000000 24.416394 1.623816 0.104676
 3867.000000 24.314331 1.598472 0.102939
 3870.000000 24.321792 1.574260 0.054397
 3873.000000 24.415871 1.576224 0.090230
 3876.000000 24.354051 1.610692 0.096809
 3879.000000 24.413970 1.591386 0.095861
 3882.000000 24.400193 1.591278 0.088864
 3885.000000 24.389654 1.573111 0.101261
 3888.000000 24.528737 1.567388 0.070126
 3891.000000 24.511650 1.568119 0.097041
 3894.000000 24.524436 1.577194 0.142312
 3897.000000 24.480238 1.559153 0.102652
 3900.000000 24.514684 1.573431 0.118963
 3903.000000 24.480234 1.593089 0.111063
 3906.000000 24.466377 1.573100 0.090698
 3909.000000 24.448505 1.592686 0.118424
 3912.000000 24.408637 1.591794 0.147806
 3915.000000 24.475273 1.599110 0.150974
 3918.000000 24.407117 1.571229 0.144964
 3921.000000 24.365856 1.585380 0.122216
 3924.000000 24.388088 1.577837 0.115102
 3927.000000 24.377452 1.565474 0.123016
 3930.000000 24.348585 1.552167 0.107808
 3933.000000 24.365206 1.574126 0.104190
 3936.000000 24.286377 1.581904 0.146848
 3939.000000 24.336569 1.577728 0.117876
 3942.000000 24.322063 1.579565 0.109973
 3945.000000 24.332579 1.592874 0.116844
 3948.000000 24.371489 1.586300 0.115350
 3951.000000 24.373076 1.592220 0.132313
 3954.000000 24.413736 1.577135 0.096086
 3957.000000 24.418490 1.561838 0.092304
 3960.000000 24.437110 1.564384 0.116021
 3963.000000 24.377641 1.555109 0.109329
 3966.000000 24.401135 1.544856 0.155431
 3969.000000 24.352734 1.563058 0.142116
 3972.000000 24.317457 1.572917 0.110784
 3975.000000 24.351586 1.585699 0.131070
 3978.000000 24.303053 1.578951 0.117463
 3981.000000 24.348195 1.597548 0.110679
 3984.000000 24.270220 1.574263 0.049278
 3987.000000 24.251026 1.573464 0.073989
 3990.000000 24.226378 1.586844 0.088425
 3993.000000 24.269564 1.588486 0.083390
 3996.000000 24.229488 1.604662 0.097512
 3999.000000 24.218800 1.585947 0.124147
 4002.000000 24.278592 1.596429 0.136605
 4005.000000 24.213599 1.617230 0.123173
 4008.000000 24.182556 1.590979 0.099869
 4011.000000 24.141508 1.552685 0.126940
 4014.000000 24.183218 1.549263 0.141680
 4017.000000 24.202604 1.559855 0.142794
 4020.000000 24.213961 1.558623 0.114757
 4023.000000 24.152730 1.546215 0.134937
 4026.000000 24.201659 1.575531 0.169712
 4029.000000 24.182234 1.568775 0.143955
 4032.000000 24.196076 1.583688 0.171733
 4035.000000 24.148442 1.586303 0.155893
 4038.000000 24.155890 1.598160 0.167609
 4041.000000 24.143904 1.592133 0.121110
 4044.000000 24.198334 1.595571 0.111318
 4047.000000 24.210080 1.584429 0.103823
 4050.000000 24.195855 1.572620 0.100735
 4053.000000 24.283504 1.580525 0.150272
 4056.000000 24.323658 1.578678 0.153858
 4059.000000 24.240281 1.562606 0.129242
 4062.000000 24.291123 1.577382 0.145750
 4065.000000 24.259031 1.574633 0.163372
 4068.000000 24.255568 1.577667 0.122113
 4071.000000 24.252639 1.565287 0.167424
 4074.000000 24.278852 1.560933 0.131334
 4077.000000 24.301926 1.579736 0.161876
 4080.000000 24.303327 1.577465 0.174245
 4083.000000 24.300143 1.588741 0.165338
 4086.000000 24.326437 1.585127 0.157835
 4089.000000 24.271284 1.564161 0.165378
 4092.000000 24.248204 1.558153 0.165070
 4095.000000 24.279709 1.578766 0.092057
 4098.000000 24.364636 1.568090 0.151541
 4101.000000 24.291114 1.569447 0.135419
 4104.000000 24.279746 1.567103 0.151780
 4107.000000 24.283206 1.543346 0.139847
 4110.000000 24.299692 1.553461 0.158803
 4113.000000 24.282678 1.565137 0.088415
 4116.000000 24.392737 1.589346 0.116028
 4119.000000 24.293730 1.620845 0.107198
 4122.000000 24.385874 1.573210 0.103480
 4125.000000 24.364126 1.568833 0.094039
 4128.000000 24.373338 1.598308 0.115817
 4131.000000 24.427587 1.568260 0.104536
 4134.000000 24.459885 1.580927 0.118690
 4137.000000 24.457582 1.566222 0.148656
 4140.000000 24.452042 1.581913 0.094965
 4143.000000 24.339679 1.585413 0.152506
 4146.000000 24.420485 1.607791 0.158395
 4149.000000 24.424001 1.603594 0.175356
 4152.000000 24.579012 1.604518 0.169810
 4155.000000 24.542936 1.608737 0.170694
 4158.000000 24.511962 1.603273 0.129808
 4161.000000 24.472252 1.583630 0.090483
 4164.000000 24.373749 1.606536 0.157787
 4167.000000 24.278906 1.614539 0.128656
 4170.000000 24.289535 1.614600 0.169764
 4173.000000 24.327867 1.612681 0.131558
 4176.000000 24.314744 1.589515 0.117961
 4179.000000 24.422397 1.569954 0.088558
 4182.000000 24.372628 1.569849 0.081823
 4185.000000 24.441998 1.557903 0.103969
 4188.000000 24.356329 1.574469 0.127908
 4191.000000 24.420658 1.561473 0.089562
 4194.000000 24.432450 1.577841 0.096332
 4197.000000 24.402342 1.569294 0.110074
 4200.000000 24.440573 1.565762 0.125312
 4203.000000 24.400450 1.582035 0.130348
 4206.000000 24.415176 1.589733 0.151539
 4209.000000 24.465642 1.546460 0.144610
 4212.000000 24.520847 1.555408 0.100643
 4215.000000 24.434970 1.543751 0.150132
 4218.000000 24.423594 1.544029 0.159212
 4221.000000 24.506368 1.539356 0.200095
 4224.000000 24.543390 1.562609 0.187815
 4227.000000 24.442976 1.570756 0.203636
 4230.000000 24.491629 1.557427 0.107330
 4233.000000 24.465038 1.550765 0.130848
 4236.000000 24.436183 1.544000 0.132402
 4239.000000 24.494306 1.569808 0.140992
 4242.000000 24.465934 1.551573 0.129501
 4245.000000 24.385073 1.564253 0.123567
 4248.000000 24.366976 1.566266 0.140296
 4251.000000 24.410366 1.568561 0.140901
 4254.000000 24.465233 1.590300 0.138549
 4257.000000 24.484146 1.576262 0.169935
 4260.000000 24.433764 1.591568 0.142289
 4263.000000 24.414762 1.593437 0.136950
 4266.000000 24.419181 1.596660 0.116945
 4269.000000 24.480842 1.584274 0.123411
 4272.000000 24.425028 1.579853 0.137965
 4275.000000 24.428065 1.578658 0.145246
 4278.000000 24.410268 1.559063 0.134910
 4281.000000 24.516183 1.572518 0.108074
 4284.000000 24.493823 1.538148 0.101282
 4287.000000 24.477081 1.568526 0.097213
 4290.000000 24.465244 1.584013 0.122869
 4293.000000 24.494958 1.570812 0.099722
 4296.000000 24.496209 1.577479 0.094006
 4299.000000 24.447931 1.594065 0.100070
 4302.000000 24.476284 1.571139 0.133982
 4305.000000 24.484625 1.581713 0.115215
 4308.000000 24.418950 1.586104 0.135362
 4311.000000 24.498914 1.582434 0.134420
 4314.000000 24.345303 1.582893 0.113703
 4317.000000 24.432959 1.591122 0.143406
 4320.000000 24.478417 1.585151 0.146561
 4323.000000 24.499828 1.592327 0.145356
 4326.000000 24.475902 1.585925 0.127275
 4329.000000 24.478410 1.578574 0.148538
 4332.000000 24.501226 1.599649 0.127759
 4335.000000 24.469169 1.606397 0.169515
 4338.000000 24.572984 1.604510 0.132500
 4341.000000 24.555775 1.601824 0.110904
 4344.000000 24.587779 1.572728 0.108244
 4347.000000 24.569728 1.607432 0.147176
 4350.000000 24.621865 1.599823 0.181949
 4353.000000 24.605278 1.576655 0.135913
 4356.000000 24.619085 1.568921 0.129654
 4359.000000 24.599049 1.563990 0.154859
 4362.000000 24.549136 1.558899 0.144433
 4365.000000 24.528384 1.536051 0.173654
 4368.000000 24.528798 1.555484 0.156405
 4371.000000 24.571562 1.554113 0.175361
 4374.000000 24.508217 1.603115 0.166352
 4377.000000 24.522181 1.596333 0.156153
 4380.000000 24.459075 1.608891 0.126895
 4383.000000 24.506458 1.602683 0.101317
 4386.000000 24.477503 1.598012 0.124321
 4389.000000 24.414887 1.622184 0.126552
 4392.000000 24.366562 1.621659 0.134366
 4395.000000 24.399201 1.567555 0.114968
 4398.000000 24.445642 1.569218 0.096504
 4401.000000 24.386778 1.584768 0.096402
 4404.000000 24.337622 1.575774 0.131462
 4407.000000 24.321282 1.584929 0.104477
 4410.000000 24.288173 1.572083 0.103246
 4413.000000 24.321700 1.615173 0.110369
 4416.000000 24.347676 1.602689 0.112868
 4419.000000 24.334133 1.603222 0.124768
 4422.000000 24.333755 1.594268 0.066365
 4425.000000 24.400668 1.600998 0.125306
 4428.000000 24.336945 1.603176 0.090286
 4431.000000 24.476810 1.597213 0.110677
 4434.000000 24.476341 1.592012 0.069413
 4437.000000 24.518125 1.576074 0.079315
 4440.000000 24.504834 1.572464 0.116667
 4443.000000 24.505408 1.564789 0.096324
 4446.000000 24.454819 1.545900 0.054392
 4449.000000 24.402021 1.553142 0.097881
 4452.000000 24.469327 1.551289 0.100359
 4455.000000 24.434612 1.541188 0.116641
 4458.000000 24.464142 1.542344 0.111900
 4461.000000 24.517447 1.549622 0.103428
 4464.000000 24.504919 1.541745 0.110232
 4467.000000 24.471438 1.542473 0.142300
 4470.000000 24.529351 1.540671 0.148187
 4473.000000 24.502720 1.554037 0.145003
 4476.000000 24.477789 1.545064 0.099757
 4479.000000 24.476360 1.548144 0.136784
 4482.000000 24.508575 1.549943 0.113848
 4485.000000 24.520887 1.566587 0.135198
 4488.000000 24.528874 1.560496 0.152841
 4491.000000 24.649940 1.572786 0.148465
 4494.000000 24.576461 1.553857 0.125424
 4497.000000 24.573483 1.531448 0.128029
 4500.000000 24.587410 1.543959 0.124396
 4503.000000 24.654455 1.560103 0.112168
 4506.000000 24.676698 1.574114 0.161657
 4509.000000 24.575808 1.573632 0.156509
 4512.000000 24.578784 1.591082 0.138002
 4515.000000 24.593907 1.577675 0.116978
 4518.000000 24.621689 1.601699 0.128097
 4521.000000 24.550263 1.595440 0.127458
 4524.000000 24.506633 1.574124 0.110533
 4527.000000 24.416047 1.588520 0.130990
 4530.000000 24.478192 1.590825 0.102544
 4533.000000 24.411702 1.568303 0.102241
 4536.000000 24.400553 1.583895 0.110793
 4539.000000 24.468807 1.598542 0.147896
 4542.000000 24.493644 1.586400 0.111354
 4545.000000 24.447403 1.568503 0.108070
 4548.000000 24.443720 1.571456 0.125747
 4551.000000 24.420086 1.568458 0.104457
 4554.000000 24.570596 1.563789 0.115282
 4557.000000 24.574786 1.594738 0.154914
 4560.000000 24.617240 1.607017 0.151214
 4563.000000 24.491721 1.618890 0.187706
 4566.000000 24.486774 1.618047 0.166373
 4569.000000 24.521127 1.627534 0.149674
 4572.000000 24.503898 1.621111 0.173226
 4575.000000 24.551145 1.590494 0.139480
 4578.000000 24.626158 1.610718 0.168553
 4581.000000 24.636337 1.595329 0.119080
 4584.000000 24.621710 1.579896 0.153863
 4587.000000 24.638632 1.597721 0.134516
 4590.000000 24.562378 1.625054 0.190795
 4593.000000 24.588406 1.602592 0.164161
 4596.000000 24.580217 1.620592 0.143241
 4599.000000 24.581204 1.612866 0.170692
 4602.000000 24.566560 1.597602 0.153382
 4605.000000 24.546803 1.621685 0.152258
 4608.000000 24.525762 1.612581 0.149743
 4611.000000 24.464813 1.587412 0.143199
 4614.000000 24.480211 1.566806 0.102434
 4617.000000 24.423487 1.572822 0.099928
 4620.000000 24.421200 1.581068 0.113119
 4623.000000 24.370708 1.584781 0.149011
 4626.000000 24.281388 1.591196 0.124407
 4629.000000 24.344207 1.582520 0.165529
 4632.000000 24.371644 1.572126 0.190611
 4635.000000 24.381319 1.587967 0.160160
 4638.000000 24.435277 1.592647 0.166309
 4641.000000 24.452471 1.593542 0.170574
 4644.000000 24.525911 1.599206 0.146457
 4647.000000 24.584010 1.595425 0.175830
 4650.000000 24.573624 1.604608 0.146416
 4653.000000 24.553854 1.626961 0.165868
 4656.000000 24.534946 1.647474 0.151380
 4659.000000 24.581665 1.628048 0.127740
 4662.000000 24.560212 1.651918 0.144878
 4665.000000 24.568786 1.610019 0.152133
 4668.000000 24.529756 1.598815 0.139078
 4671.000000 24.460050 1.610027 0.129212
 4674.000000 24.471307 1.584858 0.121061
 4677.000000 24.447619 1.589233 0.146862
 4680.000000 24.405738 1.564743 0.125843
 4683.000000 24.342757 1.602304 0.131240
 4686.000000 24.337799 1.583908 0.134498
 4689.000000 24.398708 1.586069 0.159886
 4692.000000 24.372122 1.601209 0.189857
 4695.000000 24.339179 1.586443 0.149630
 4698.000000 24.456499 1.609553 0.159833
 4701.000000 24.451452 1.606503 0.121014
 4704.000000 24.480621 1.613486 0.126427
 4707.000000 24.515287 1.578568 0.152247
 4710.000000 24.492813 1.573310 0.157643
 4713.000000 24.514990 1.591625 0.218841
 4716.000000 24.575627 1.584764 0.188728
 4719.000000 24.534107 1.618105 0.161007
 4722.000000 24.546078 1.635229 0.156611
 4725.000000 24.557438 1.615543 0.142026
 4728.000000 24.519893 1.600441 0.182880
 4731.000000 24.538378 1.572537 0.129453
 4734.000000 24.481291 1.583032 0.143823
 4737.000000 24.506126 1.593338 0.192929
 4740.000000 24.513475 1.607412 0.182467
 4743.000000 24.541315 1.622387 0.181086
 4746.000000 24.649430 1.613013 0.126264
 4749.000000 24.580519 1.608281 0.146806
 4752.000000 24.561576 1.615575 0.132561
 4755.000000 24.504061 1.581022 0.137244
 4758.000000 24.488899 1.577218 0.142252
 4761.000000 24.472665 1.590705 0.132716
 4764.000000 24.460820 1.575227 0.131265
 4767.000000 24.482735 1.562103 0.124842
 4770.000000 24.506157 1.602672 0.127209
 4773.000000 24.440072 1.624430 0.119302
 4776.000000 24.400498 1.613338 0.091851
 4779.000000 24.419764 1.621240 0.091694
 4782.000000 24.399735 1.606005 0.117827
 4785.000000 24.387528 1.596754 0.087323
 4788.000000 24.409534 1.613648 0.158663
 4791.000000 24.440002 1.604907 0.120822
 4794.000000 24.469198 1.653320 0.157949
 4797.000000 24.426502 1.623253 0.141523
 4800.000000 24.452291 1.621226 0.164800
 4803.000000 24.515774 1.623776 0.193486
 4806.000000 24.505251 1.625887 0.147235
 4809.000000 24.503218 1.649175 0.163998
 4812.000000 24.542049 1.648539 0.165712
 4815.000000 24.451416 1.663160 0.154951
 4818.000000 24.465925 1.668463 0.165371
 4821.000000 24.393671 1.632914 0.158225
 4824.000000 24.431282 1.613290 0.165579
 4827.000000 24.391940 1.632448 0.223019
 4830.000000 24.366039 1.642287 0.229643
 4833.000000 24.350719 1.650782 0.213183
 4836.000000 24.343890 1.632907 0.184301
 4839.000000 24.427514 1.630305 0.156577
 4842.000000 24.428684 1.656795 0.153110
 4845.000000 24.453770 1.668466 0.203593
 4848.000000 24.369224 1.671665 0.170400
 4851.000000 24.266293 1.640431 0.163225
 4854.000000 24.336838 1.644197 0.146064
 4857.000000 24.385044 1.640954 0.139676
 4860.000000 24.463300 1.646787 0.154425
 4863.000000 24.422704 1.634277 0.141237
 4866.000000 24.391767 1.607083 0.120955
 4869.000000 24.348704 1.615746 0.129743
 4872.000000 24.388948 1.632521 0.159515
 4875.000000 24.404757 1.609821 0.156811
 4878.000000 24.453405 1.614135 0.158836
 4881.000000 24.424880 1.598059 0.173966
 4884.000000 24.370885 1.589041 0.167314
 4887.000000 24.415459 1.592782 0.164173
 4890.000000 24.487862 1.563698 0.147666
 4893.000000 24.507319 1.568973 0.156668
 4896.000000 24.506095 1.589609 0.177602
 4899.000000 24.482378 1.592106 0.187729
 4902.000000 24.432464 1.578139 0.208983
 4905.000000 24.437020 1.557592 0.181570
 4908.000000 24.389781 1.577854 0.185229
 4911.000000 24.490725 1.561599 0.162707
 4914.000000 24.542025 1.568492 0.144844
 4917.000000 24.469335 1.591741 0.136811
 4920.000000 24.443185 1.580527 0.151774
 4923.000000 24.426230 1.598330 0.159032
 4926.000000 24.377423 1.595764 0.164045
 4929.000000 24.389412 1.591294 0.122422
 4932.000000 24.434929 1.613237 0.149224
 4935.000000 24.440557 1.578956 0.116024
 4938.000000 24.465114 1.611549 0.136580
 4941.000000 24.418598 1.588004 0.171402
 4944.000000 24.461646 1.584185 0.141756
 4947.000000 24.551614 1.587816 0.104231
 4950.000000 24.466553 1.614470 0.142551
 4953.000000 24.537141 1.602760 0.140706
 4956.000000 24.569351 1.596140 0.136627
 4959.000000 24.525575 1.602091 0.139422
 4962.000000 24.531940 1.604643 0.142010
 4965.000000 24.523261 1.605579 0.126550
 4968.000000 24.528625 1.602612 0.157563
 4971.000000 24.564838 1.595302 0.116320
 4974.000000 24.470929 1.611574 0.126431
 4977.000000 24.471149 1.559988 0.087592
 4980.000000 24.535530 1.580817 0.105139
 4983.000000 24.467336 1.564029 0.120159
 4986.000000 24.507048 1.581972 0.101057
 4989.000000 24.511946 1.557946 0.109614
 4992.000000 24.568085 1.576759 0.110766
 4995.000000 24.567329 1.591040 0.116558
 4998.000000 24.530068 1.587178 0.146980
 5001.000000 24.465580 1.595729 0.166895
 5004.000000 24.419140 1.601109 0.147370
 5007.000000 24.444769 1.602299 0.154797
 5010.000000 24.431505 1.570927 0.131537
 5013.000000 24.388904 1.596859 0.115289
 5016.000000 24.404807 1.576481 0.133526
 5019.000000 24.329470 1.556104 0.143996
 5022.000000 24.330949 1.556458 0.161935
 5025.000000 24.304532 1.574558 0.135372
 5028.000000 24.283679 1.574348 0.137066
 5031.000000 24.283762 1.568705 0.149384
 5034.000000 24.325876 1.565042 0.127182
 5037.000000 24.321181 1.565151 0.079987
 5040.000000 24.309131 1.570997 0.086728
 5043.000000 24.294386 1.583316 0.119648
 5046.000000 24.325653 1.595862 0.124232
 5049.000000 24.285508 1.594908 0.104256
 5052.000000 24.305997 1.592644 0.094192
 5055.000000 24.213794 1.558450 0.079935
 5058.000000 24.268896 1.567392 0.091551
 5061.000000 24.325986 1.578816 0.083342
 5064.000000 24.360733 1.566611 0.078358
 5067.000000 24.381342 1.557092 0.087930
 5070.000000 24.340880 1.570122 0.108557
 5073.000000 24.341738 1.553684 0.126356
 5076.000000 24.331770 1.574963 0.137393
 5079.000000 24.365103 1.562750 0.125887
 5082.000000 24.272683 1.573083 0.140443
 5085.000000 24.309734 1.595922 0.127875
 5088.000000 24.358661 1.571392 0.105597
 5091.000000 24.411604 1.570412 0.086636
 5094.000000 24.440526 1.547883 0.044768
 5097.000000 24.414712 1.567367 0.074629
 5100.000000 24.379522 1.562871 0.085428
 5103.000000 24.378256 1.547662 0.094084
 5106.000000 24.415764 1.564281 0.129145
 5109.000000 24.417165 1.572451 0.129300
 5112.000000 24.464436 1.577169 0.107521
 5115.000000 24.593574 1.606495 0.144239
 5118.000000 24.687796 1.606581 0.134972
 5121.000000 24.625673 1.581148 0.116822
 5124.000000 24.635342 1.598839 0.120921
 5127.000000 24.623901 1.569225 0.092393
 5130.000000 24.509337 1.566671 0.127674
 5133.000000 24.492837 1.580489 0.141791
 5136.000000 24.465424 1.578729 0.113916
 5139.000000 24.438496 1.559098 0.141769
 5142.000000 24.483076 1.560372 0.129945
 5145.000000 24.495874 1.550859 0.150355
 5148.000000 24.479373 1.553368 0.114025
 5151.000000 24.465576 1.551885 0.101733
 5154.000000 24.505395 1.559369 0.128007
 5157.000000 24.479556 1.538081 0.190680
 5160.000000 24.523674 1.524937 0.151205
 5163.000000 24.417475 1.529516 0.197695
 5166.000000 24.383214 1.522626 0.169264
 5169.000000 24.446226 1.552829 0.140137
 5172.000000 24.372569 1.533915 0.188953
 5175.000000 24.339281 1.551127 0.174862
 5178.000000 24.441069 1.572946 0.160873
 5181.000000 24.411900 1.547293 0.133497
 5184.000000 24.427872 1.533408 0.165100
 5187.000000 24.416908 1.533226 0.110105
 5190.000000 24.425074 1.534593 0.208478
 5193.000000 24.372905 1.548857 0.149819
 5196.000000 24.407876 1.537245 0.186118
 5199.000000 24.365358 1.548726 0.138692
 5202.000000 24.445547 1.534610 0.138902
 5205.000000 24.453562 1.511165 0.129155
 5208.000000 24.518313 1.541057 0.165624
 5211.000000 24.455339 1.529750 0.162805
 5214.000000 24.518382 1.554044 0.119600
 5217.000000 24.458984 1.546463 0.119073
 5220.000000 24.408593 1.535928 0.126797
 5223.000000 24.482628 1.538218 0.102877
 5226.000000 24.478851 1.549428 0.121042
 5229.000000 24.449639 1.567493 0.125153
 5232.000000 24.523805 1.565660 0.111735
 5235.000000 24.586538 1.607659 0.162927
 5238.000000 24.532573 1.601669 0.144296
 5241.000000 24.506791 1.575015 0.140746
 5244.000000 24.577718 1.571098 0.139992
 5247.000000 24.539432 1.566896 0.153292
 5250.000000 24.590388 1.581772 0.161173
 5253.000000 24.564207 1.579785 0.171788
 5256.000000 24.643412 1.559602 0.164841
 5259.000000 24.558822 1.565491 0.193199
 5262.000000 24.600597 1.589804 0.149211
 5265.000000 24.614662 1.577990 0.154310
 5268.000000 24.643706 1.599025 0.122503
 5271.000000 24.580072 1.591876 0.101669
 5274.000000 24.561358 1.576946 0.115337
 5277.000000 24.582199 1.554219 0.121212
 5280.000000 24.643315 1.555452 0.151632
 5283.000000 24.575599 1.576694 0.136951
 5286.000000 24.576300 1.539468 0.149082
 5289.000000 24.552098 1.561318 0.186552
 5292.000000 24.589816 1.581929 0.160432
 5295.000000 24.690920 1.574775 0.135136
 5298.000000 24.703231 1.588197 0.184938
 5301.000000 24.671959 1.534918 0.175695
 5304.000000 24.656765 1.566746 0.162711
 5307.000000 24.646146 1.564688 0.184746
 5310.000000 24.596625 1.536671 0.177500
 5313.000000 24.550087 1.556050 0.185130
 5316.000000 24.541189 1.566292 0.159856
 5319.000000 24.585895 1.595084 0.154717
 5322.000000 24.576163 1.562879 0.165891
 5325.000000 24.596670 1.593948 0.121089
 5328.000000 24.504493 1.603078 0.094753
 5331.000000 24.475078 1.581794 0.117440
 5334.000000 24.460905 1.590630 0.139756
 5337.000000 24.523959 1.578566 0.143584
 5340.000000 24.406880 1.582274 0.129397
 5343.000000 24.480128 1.591327 0.163952
 5346.000000 24.516177 1.593587 0.129358
 5349.000000 24.400750 1.610048 0.124148
 5352.000000 24.410263 1.566239 0.123238
 5355.000000 24.411877 1.558201 0.108643
 5358.000000 24.452522 1.562978 0.100169
 5361.000000 24.464017 1.551676 0.065509
 5364.000000 24.546986 1.568153 0.146870
 5367.000000 24.622751 1.571364 0.110515
 5370.000000 24.550198 1.573136 0.122135
 5373.000000 24.603358 1.587850 0.137755
 5376.000000 24.495707 1.579678 0.144791
 5379.000000 24.549534 1.582988 0.126760
 5382.000000 24.540812 1.572348 0.128237
 5385.000000 24.493957 1.563481 0.100066
 5388.000000 24.531161 1.582107 0.153579
 5391.000000 24.520435 1.559309 0.098061
 5394.000000 24.477148 1.589608 0.121871
 5397.000000 24.494584 1.580754 0.162678
 5400.000000 24.547798 1.589744 0.165539
 5403.000000 24.537453 1.588631 0.135672
 5406.000000 24.492785 1.549154 0.079225
 5409.000000 24.472279 1.537305 0.118247
 5412.000000 24.515962 1.560883 0.124433
 5415.000000 24.608075 1.593366 0.155141
 5418.000000 24.615716 1.551013 0.101002
 5421.000000 24.641477 1.546954 0.094452
 5424.000000 24.533101 1.564896 0.102665
 5427.000000 24.623102 1.525125 0.061567
 5430.000000 24.621205 1.571826 0.148844
 5433.000000 24.571074 1.560750 0.141472
 5436.000000 24.597894 1.583783 0.164956
 5439.000000 24.563570 1.549327 0.124457
 5442.000000 24.507637 1.557129 0.201093
 5445.000000 24.523760 1.560267 0.207602
 5448.000000 24.371571 1.554523 0.168069
 5451.000000 24.310553 1.536577 0.166325
 5454.000000 24.332086 1.545292 0.175518
 5457.000000 24.327920 1.563610 0.182923
 5460.000000 24.448861 1.551519 0.226859
 5463.000000 24.495456 1.566709 0.193864
 5466.000000 24.462849 1.549338 0.175808
 5469.000000 24.469088 1.569165 0.176190
 5472.000000 24.430229 1.574431 0.203238
 5475.000000 24.472388 1.551246 0.174000
 5478.000000 24.406005 1.555176 0.148011
 5481.000000 24.454304 1.540357 0.140836
 5484.000000 24.419745 1.570995 0.134203
 5487.000000 24.347643 1.559769 0.199293
 5490.000000 24.446873 1.553527 0.132460
 5493.000000 24.372923 1.578692 0.118554
 5496.000000 24.326196 1.571172 0.130775
 5499.000000 24.330135 1.556867 0.164299
 5502.000000 24.259615 1.558025 0.162721
 5505.000000 24.299572 1.565731 0.137249
 5508.000000 24.251367 1.560885 0.200220
 5511.000000 24.230487 1.573359 0.167298
 5514.000000 24.262233 1.570777 0.113996
 5517.000000 24.344944 1.563374 0.115844
 5520.000000 24.420963 1.585579 0.144020
 5523.000000 24.411074 1.588928 0.124026
 5526.000000 24.321504 1.587892 0.166519
 5529.000000 24.353068 1.556742 0.133256
 5532.000000 24.332115 1.574922 0.115549
 5535.000000 24.411004 1.548795 0.079716
 5538.000000 24.336754 1.558452 0.092309
 5541.000000 24.306100 1.569655 0.129175
 5544.000000 24.269710 1.555588 0.123451
 5547.000000 24.324485 1.564842 0.131722
 5550.000000 24.318376 1.568910 0.130772
 5553.000000 24.499724 1.549657 0.110883
 5556.000000 24.401162 1.562439 0.130591
 5559.000000 24.443793 1.542063 0.089523
 5562.000000 24.371191 1.534182 0.071341
 5565.000000 24.359577 1.528637 0.125590
 5568.000000 24.315463 1.543058 0.095135
 5571.000000 24.221007 1.564580 0.142273
 5574.000000 24.278229 1.572947 0.154639
 5577.000000 24.293402 1.523275 0.140114
 5580.000000 24.292904 1.533271 0.162865
 5583.000000 24.278526 1.513652 0.191179
 5586.000000 24.331440 1.525014 0.145428
 5589.000000 24.425575 1.542267 0.128476
 5592.000000 24.464177 1.563455 0.156382
 5595.000000 24.399016 1.561540 0.118471
 5598.000000 24.406165 1.588215 0.152047
 5601.000000 24.465583 1.579588 0.098728
 5604.000000 24.453375 1.546168 0.111520
 5607.000000 24.474550 1.563086 0.144220
 5610.000000 24.473098 1.555404 0.109721
 5613.000000 24.381164 1.551916 0.118666
 5616.000000 24.306381 1.546862 0.167220
 5619.000000 24.378578 1.532270 0.157461
 5622.000000 24.373305 1.552522 0.134452
 5625.000000 24.414080 1.581217 0.108747
 5628.000000 24.412834 1.601246 0.124119
 5631.000000 24.339587 1.593938 0.094534
 5634.000000 24.443993 1.598695 0.125748
 5637.000000 24.356404 1.590205 0.093028
 5640.000000 24.376779 1.581099 0.116207
 5643.000000 24.279983 1.592999 0.107100
 5646.000000 24.360382 1.630739 0.158610
 5649.000000 24.360222 1.644500 0.168799
 5652.000000 24.349196 1.623888 0.136010
 5655.000000 24.428571 1.601120 0.119458
 5658.000000 24.460156 1.621115 0.098100
 5661.000000 24.401472 1.616933 0.102809
 5664.000000 24.446926 1.615509 0.112819
 5667.000000 24.425316 1.626233 0.120281
 5670.000000 24.395064 1.609267 0.118740
 5673.000000 24.432289 1.626108 0.109756
 5676.000000 24.486570 1.611411 0.107514
 5679.000000 24.478266 1.588916 0.122979
 5682.000000 24.398870 1.635557 0.153561
 5685.000000 24.384063 1.631818 0.154123
 5688.000000 24.426423 1.614094 0.142018
 5691.000000 24.330913 1.603025 0.114147
 5694.000000 24.402031 1.580313 0.121730
 5697.000000 24.415805 1.599728 0.117372
 5700.000000 24.454049 1.609311 0.142138
 5703.000000 24.481431 1.607039 0.127294
 5706.000000 24.362729 1.627408 0.124589
 5709.000000 24.447429 1.605065 0.133506
 5712.000000 24.458676 1.603722 0.104024
 5715.000000 24.400685 1.619962 0.109176
 5718.000000 24.421630 1.617246 0.104616
 5721.000000 24.411790 1.624887 0.127035
 5724.000000 24.528278 1.620273 0.133376
 5727.000000 24.482596 1.602484 0.137154
 5730.000000 24.434391 1.630877 0.154514
 5733.000000 24.498009 1.629527 0.169076
 5736.000000 24.483246 1.617793 0.184061
 5739.000000 24.392583 1.613004 0.161676
 5742.000000 24.450727 1.607815 0.150706
 5745.000000 24.380865 1.613224 0.132325
 5748.000000 24.495209 1.607066 0.131399
 5751.000000 24.389888 1.624965 0.195036
 5754.000000 24.426799 1.619628 0.160290
 5757.000000 24.450595 1.606657 0.140529
 5760.000000 24.487958 1.587328 0.150000
 5763.000000 24.513224 1.602555 0.139669
 5766.000000 24.498818 1.602595 0.156449
 5769.000000 24.541392 1.612614 0.130331
 5772.000000 24.494357 1.592561 0.143733
 5775.000000 24.488159 1.575593 0.145043
 5778.000000 24.498889 1.571472 0.138242
 5781.000000 24.563567 1.591793 0.159293
 5784.000000 24.479465 1.625950 0.196957
 5787.000000 24.504184 1.633287 0.198135
 5790.000000 24.420583 1.625244 0.183124
 5793.000000 24.519202 1.608336 0.169425
 5796.000000 24.437754 1.616399 0.188627
 5799.000000 24.534117 1.630940 0.169023
 5802.000000 24.484155 1.625824 0.217535
 5805.000000 24.435681 1.605207 0.165796
 5808.000000 24.497680 1.619524 0.187440
 5811.000000 24.445272 1.607026 0.147175
 5814.000000 24.409119 1.612169 0.187621
 5817.000000 24.368759 1.624683 0.179615
 5820.000000 24.476376 1.613119 0.176143
 5823.000000 24.393042 1.566532 0.104098
 5826.000000 24.337280 1.591108 0.109623
 5829.000000 24.314315 1.599274 0.110625
 5832.000000 24.254636 1.606219 0.119513
 5835.000000 24.233129 1.611316 0.134261
 5838.000000 24.278482 1.618374 0.119098
 5841.000000 24.189303 1.591644 0.108095
 5844.000000 24.257650 1.633255 0.152651
 5847.000000 24.330664 1.617328 0.128574
 5850.000000 24.327572 1.601021 0.105169
 5853.000000 24.420600 1.628423 0.137627
 5856.000000 24.485138 1.621392 0.099387
 5859.000000 24.461403 1.623794 0.096199
 5862.000000 24.452046 1.638944 0.135109
 5865.000000 24.464943 1.647198 0.136567
 5868.000000 24.442114 1.628817 0.157818
 5871.000000 24.480335 1.602592 0.127236
 5874.000000 24.464069 1.592752 0.120055
 5877.000000 24.560115 1.606773 0.140405
 5880.000000 24.636293 1.600159 0.170150
 5883.000000 24.639402 1.594913 0.116261
 5886.000000 24.647461 1.624589 0.154054
 5889.000000 24.647166 1.630801 0.159439
 5892.000000 24.658669 1.599169 0.103667
 5895.000000 24.626576 1.599972 0.127524
 5898.000000 24.642293 1.605604 0.145945
 5901.000000 24.672610 1.587700 0.114908
 5904.000000 24.632756 1.569546 0.092689
 5907.000000 24.620855 1.582670 0.098788
 5910.000000 24.670263 1.565336 0.137102
 5913.000000 24.678805 1.595272 0.134611
 5916.000000 24.577280 1.601372 0.137867
 5919.000000 24.559685 1.598624 0.132178
 5922.000000 24.573513 1.631188 0.150574
 5925.000000 24.646706 1.611149 0.136662
 5928.000000 24.641536 1.614939 0.139699
 5931.000000 24.540972 1.608989 0.119367
 5934.000000 24.604612 1.588345 0.154919
 5937.000000 24.543322 1.576353 0.145590
 5940.000000 24.533680 1.573122 0.153777
 5943.000000 24.540343 1.592142 0.158800
 5946.000000 24.480773 1.595332 0.146196
 5949.000000 24.403924 1.605208 0.163017
 5952.000000 24.297341 1.599019 0.168044
 5955.000000 24.394906 1.610933 0.139447
 5958.000000 24.362817 1.612633 0.162418
 5961.000000 24.384493 1.616615 0.126855
 5964.000000 24.388108 1.593230 0.141710
 5967.000000 24.509419 1.593106 0.104714
 5970.000000 24.503302 1.631906 0.138711
 5973.000000 24.533191 1.651093 0.166433
 5976.000000 24.504503 1.630522 0.126801
 5979.000000 24.442049 1.676123 0.138782
 5982.000000 24.438342 1.683590 0.148010
 5985.000000 24.383020 1.648787 0.174288
 5988.000000 24.352852 1.654532 0.164618
 5991.000000 24.396860 1.624103 0.132808
 5994.000000 24.343127 1.630589 0.152774
 5997.000000 24.357500 1.619807 0.149469
 6000.000000 24.255403 1.582428 0.135178
 6003.000000 24.325907 1.591295 0.160606
 6006.000000 24.397476 1.575988 0.137567
 6009.000000 24.377491 1.602578 0.155487
 6012.000000 24.370250 1.611684 0.111804
 6015.000000 24.476477 1.596224 0.126472
 6018.000000 24.467088 1.614439 0.070953
 6021.000000 24.424140 1.624023 0.078797
 6024.000000 24.418250 1.615935 0.080691
 6027.000000 24.500423 1.617821 0.085989
 6030.000000 24.480689 1.618179 0.102828
 6033.000000 24.516005 1.610000 0.090124
 6036.000000 24.610308 1.594397 0.049453
 6039.000000 24.560590 1.602681 0.084789
 6042.000000 24.637856 1.622619 0.124619
 6045.000000 24.705948 1.601201 0.106001
 6048.000000 24.763271 1.630939 0.115209
 6051.000000 24.668783 1.622367 0.088983
 6054.000000 24.708702 1.593381 0.086613
 6057.000000 24.710440 1.589466 0.117777
 6060.000000 24.769141 1.595692 0.135121
 6063.000000 24.823978 1.627626 0.138191
 6066.000000 24.902639 1.630601 0.128619
 6069.000000 24.907583 1.614228 0.113498
 6072.000000 24.931442 1.593893 0.109898
 6075.000000 24.876938 1.627624 0.108994
 6078.000000 24.885760 1.589493 0.078954
 6081.000000 24.864946 1.607262 0.099362
 6084.000000 24.895575 1.624203 0.090157
 6087.000000 24.803203 1.598288 0.123492
 6090.000000 24.782219 1.589343 0.145231
 6093.000000 24.783097 1.593985 0.080570
 6096.000000 24.759156 1.578129 0.077006
 6099.000000 24.743438 1.602890 0.115131
 6102.000000 24.745691 1.588516 0.160727
 6105.000000 24.716716 1.595889 0.141756
 6108.000000 24.684656 1.592857 0.123976
 6111.000000 24.696862 1.562964 0.110141
 6114.000000 24.652649 1.584791 0.123165
 6117.000000 24.571670 1.598453 0.183391
 6120.000000 24.625024 1.607086 0.146007
 6123.000000 24.573901 1.577649 0.095768
 6126.000000 24.581487 1.571505 0.103014
 6129.000000 24.628752 1.576735 0.129833
 6132.000000 24.481071 1.622809 0.165296
 6135.000000 24.582508 1.633753 0.163330
 6138.000000 24.579275 1.632251 0.124229
 6141.000000 24.576446 1.620381 0.092334
 6144.000000 24.550170 1.613515 0.116784
 6147.000000 24.573178 1.616640 0.141201
 6150.000000 24.647019 1.620549 0.135784
 6153.000000 24.577241 1.602909 0.150345
 6156.000000 24.533014 1.619439 0.146513
 6159.000000 24.585428 1.611162 0.141719
 6162.000000 24.502350 1.630167 0.158686
 6165.000000 24.428408 1.640849 0.143601
 6168.000000 24.522214 1.605086 0.090547
 6171.000000 24.551508 1.622075 0.130103
 6174.000000 24.484082 1.626460 0.114207
 6177.000000 24.496624 1.622587 0.120949
 6180.000000 24.439507 1.629584 0.143033
 6183.000000 24.479792 1.623138 0.125158
 6186.000000 24.470355 1.641087 0.082825
 6189.000000 24.540117 1.629284 0.091799
 6192.000000 24.492293 1.598783 0.127721
 6195.000000 24.510493 1.585687 0.108276
 6198.000000 24.421686 1.603497 0.105128
 6201.000000 24.402512 1.610994 0.112293
 6204.000000 24.426139 1.615404 0.102065
 6207.000000 24.473271 1.616276 0.131969
 6210.000000 24.437446 1.630895 0.157130
 6213.000000 24.449976 1.624218 0.111657
 6216.000000 24.464017 1.616097 0.103728
 6219.000000 24.481193 1.618016 0.108229
 6222.000000 24.526771 1.632158 0.096958
 6225.000000 24.565394 1.617518 0.120141
 6228.000000 24.502692 1.588456 0.099167
 6231.000000 24.540028 1.603195 0.152333
 6234.000000 24.469653 1.588018 0.118272
 6237.000000 24.565544 1.618481 0.128292
 6240.000000 24.626857 1.584014 0.125759
 6243.000000 24.612903 1.560380 0.115955
 6246.000000 24.595700 1.560886 0.078265
 6249.000000 24.618091 1.583733 0.107321
 6252.000000 24.649870 1.558300 0.142538
 6255.000000 24.582105 1.561092 0.082276
 6258.000000 24.637310 1.578024 0.100798
 6261.000000 24.625557 1.591876 0.082951
 6264.000000 24.552389 1.583077 0.094341
 6267.000000 24.557149 1.592097 0.112991
 6270.000000 24.515681 1.608051 0.148339
 6273.000000 24.504993 1.602237 0.143041
 6276.000000 24.587475 1.593621 0.107759
 6279.000000 24.630419 1.589697 0.094368
 6282.000000 24.544373 1.585144 0.103816
 6285.000000 24.532745 1.557688 0.096323
 6288.000000 24.557773 1.561184 0.107030
 6291.000000 24.512146 1.563111 0.089846
 6294.000000 24.564614 1.573808 0.135840
 6297.000000 24.580224 1.569718 0.126501
 6300.000000 24.550446 1.577690 0.095405
 6303.000000 24.533562 1.547677 0.110343
 6306.000000 24.594799 1.597758 0.123013
 6309.000000 24.604443 1.576700 0.121782
 6312.000000 24.478184 1.595167 0.138516
 6315.000000 24.431732 1.579235 0.111373
 6318.000000 24.466959 1.552224 0.101582
 6321.000000 24.364755 1.521834 0.130741
 6324.000000 24.386943 1.527746 0.096624
 6327.000000 24.398786 1.519633 0.117317
 6330.000000 24.361051 1.520477 0.136170
 6333.000000 24.377382 1.523104 0.161901
 6336.000000 24.383713 1.515888 0.140486
 6339.000000 24.370423 1.505129 0.165367
 6342.000000 24.354962 1.507859 0.146539
 6345.000000 24.361448 1.524464 0.115700
 6348.000000 24.399622 1.510983 0.117669
 6351.000000 24.430142 1.499337 0.169203
 6354.000000 24.388736 1.536116 0.156017
 6357.000000 24.507252 1.559428 0.134174
 6360.000000 24.489802 1.535258 0.117899
 6363.000000 24.482325 1.556687 0.073005
 6366.000000 24.403225 1.541568 0.074928
 6369.000000 24.414821 1.541227 0.116109
 6372.000000 24.354837 1.546914 0.138454
 6375.000000 24.271749 1.560423 0.130723
 6378.000000 24.301901 1.585723 0.145538
 6381.000000 24.357196 1.578354 0.147809
 6384.000000 24.319976 1.564778 0.135200
 6387.000000 24.345225 1.582313 0.165939
 6390.000000 24.371219 1.580042 0.155832
 6393.000000 24.424907 1.604278 0.166301
 6396.000000 24.348876 1.597530 0.169929
 6399.000000 24.362421 1.597370 0.163706
 6402.000000 24.355426 1.590647 0.127325
 6405.000000 24.392163 1.566205 0.151382
 6408.000000 24.530561 1.575368 0.160200
 6411.000000 24.548182 1.574361 0.163389
 6414.000000 24.498028 1.551119 0.184628
 6417.000000 24.383486 1.569066 0.104936
 6420.000000 24.391165 1.571882 0.145726
 6423.000000 24.416584 1.566817 0.108780
 6426.000000 24.367901 1.548887 0.082462
 6429.000000 24.323382 1.574681 0.111723
 6432.000000 24.443187 1.570386 0.132017
 6435.000000 24.483688 1.573688 0.183614
 6438.000000 24.546674 1.577537 0.169409
 6441.000000 24.531180 1.580104 0.127321
 6444.000000 24.533142 1.592860 0.148430
 6447.000000 24.468002 1.592664 0.168489
 6450.000000 24.455620 1.614971 0.183548
 6453.000000 24.490348 1.599916 0.170988
 6456.000000 24.463626 1.588733 0.128472
 6459.000000 24.492076 1.593992 0.152338
 6462.000000 24.483519 1.607848 0.196787
 6465.000000 24.405548 1.600368 0.139861
 6468.000000 24.392412 1.628395 0.143816
 6471.000000 24.463921 1.612222 0.154235
 6474.000000 24.458135 1.609923 0.162444
 6477.000000 24.440916 1.606689 0.119389
 6480.000000 24.451816 1.618251 0.149085
 6483.000000 24.414851 1.602168 0.150247
 6486.000000 24.413103 1.593381 0.123202
 6489.000000 24.464362 1.589478 0.145190
 6492.000000 24.439768 1.581218 0.104232
 6495.000000 24.417719 1.577601 0.129653
 6498.000000 24.480103 1.589867 0.143864
 6501.000000 24.383795 1.565531 0.133635
 6504.000000 24.392419 1.581677 0.118704
 6507.000000 24.370617 1.619615 0.148593
 6510.000000 24.361234 1.609543 0.156907
 6513.000000 24.320326 1.626378 0.151826
 6516.000000 24.332767 1.636855 0.199987
 6519.000000 24.389186 1.623440 0.220694
 6522.000000 24.434898 1.640954 0.205093
 6525.000000 24.430710 1.617353 0.204630
 6528.000000 24.387014 1.625042 0.197255
 6531.000000 24.405796 1.602841 0.179893
 6534.000000 24.410395 1.609303 0.222877
 6537.000000 24.348042 1.608513 0.191400
 6540.000000 24.330239 1.599381 0.147402
 6543.000000 24.361272 1.617196 0.177406
 6546.000000 24.369805 1.581140 0.162745
 6549.000000 24.357756 1.599684 0.146556
 6552.000000 24.375478 1.587155 0.147564
 6555.000000 24.394751 1.611797 0.145747
 6558.000000 24.430114 1.567659 0.128174
 6561.000000 24.499335 1.594477 0.161293
 6564.000000 24.479663 1.574311 0.177953
 6567.000000 24.447775 1.562256 0.144117
 6570.000000 24.362486 1.574810 0.131199
 6573.000000 24.376495 1.583042 0.114448
 6576.000000 24.380406 1.601668 0.085898
 6579.000000 24.437709 1.592374 0.127749
 6582.000000 24.490647 1.602964 0.116377
 6585.000000 24.527985 1.576884 0.118830
 6588.000000 24.523132 1.587646 0.161424
 6591.000000 24.511919 1.571807 0.142125
 6594.000000 24.526916 1.590448 0.141398
 6597.000000 24.507535 1.596283 0.161784
 6600.000000 24.522490 1.610730 0.183496
 6603.000000 24.572146 1.617194 0.225249
 6606.000000 24.397863 1.586225 0.188714
 6609.000000 24.483918 1.583381 0.163530
 6612.000000 24.438624 1.588712 0.143290
 6615.000000 24.523651 1.610149 0.132656
 6618.000000 24.482279 1.578920 0.139666
 6621.000000 24.527781 1.588328 0.110704
 6624.000000 24.511113 1.578521 0.094206
 6627.000000 24.495687 1.617490 0.165713
 6630.000000 24.576926 1.595156 0.162647
 6633.000000 24.520594 1.564830 0.167932
 6636.000000 24.511010 1.564499 0.176542
 6639.000000 24.520018 1.592085 0.186307
 6642.000000 24.510996 1.569563 0.125790
 6645.000000 24.439929 1.564968 0.158447
 6648.000000 24.445433 1.571921 0.144381
 6651.000000 24.355406 1.547979 0.112555
 6654.000000 24.395779 1.574196 0.151657
 6657.000000 24.442479 1.543191 0.114041
 6660.000000 24.425681 1.523763 0.112961
 6663.000000 24.469661 1.555676 0.131111
 6666.000000 24.488660 1.554534 0.133365
 6669.000000 24.418664 1.568626 0.124134
 6672.000000 24.476275 1.556753 0.096120
 6675.000000 24.428881 1.548462 0.128735
 6678.000000 24.500552 1.576691 0.130465
 6681.000000 24.506982 1.538565 0.098511
 6684.000000 24.502265 1.531820 0.151456
 6687.000000 24.477992 1.540049 0.120906
 6690.000000 24.480432 1.542310 0.155327
 6693.000000 24.451120 1.562817 0.153750
 6696.000000 24.536384 1.558519 0.165857
 6699.000000 24.558035 1.564655 0.144896
 6702.000000 24.457721 1.561005 0.138530
 6705.000000 24.515638 1.532037 0.105986
 6708.000000 24.547966 1.581926 0.142098
 6711.000000 24.500048 1.551305 0.124429
 6714.000000 24.520905 1.547858 0.094753
 6717.000000 24.510633 1.564322 0.137591
 6720.000000 24.519512 1.577259 0.138172
 6723.000000 24.546662 1.573451 0.112332
 6726.000000 24.469180 1.563418 0.102329
 6729.000000 24.426759 1.579661 0.113524
 6732.000000 24.475610 1.585039 0.096356
 6735.000000 24.561739 1.594160 0.081332
 6738.000000 24.628421 1.606814 0.099545
 6741.000000 24.578208 1.583578 0.067782
 6744.000000 24.558241 1.575074 0.108116
 6747.000000 24.573914 1.584176 0.099611
 6750.000000 24.531754 1.571689 0.104381
 6753.000000 24.511627 1.582676 0.114139
 6756.000000 24.591747 1.563283 0.100503
 6759.000000 24.618167 1.579136 0.138722
 6762.000000 24.612797 1.571386 0.127280
 6765.000000 24.587406 1.566343 0.103920
 6768.000000 24.542907 1.566111 0.104887
 6771.000000 24.506008 1.559881 0.132062
 6774.000000 24.573100 1.536323 0.102047
 6777.000000 24.447404 1.569986 0.121014
 6780.000000 24.430427 1.555268 0.120926
 6783.000000 24.523324 1.536052 0.058926
 6786.000000 24.506489 1.563303 0.087183
 6789.000000 24.570386 1.574563 0.109531
 6792.000000 24.545040 1.594726 0.137907
 6795.000000 24.538068 1.563859 0.083361
 6798.000000 24.498595 1.563476 0.085613
 6801.000000 24.457193 1.572349 0.113850
 6804.000000 24.418091 1.616580 0.140881
 6807.000000 24.427636 1.601781 0.134486
 6810.000000 24.393674 1.592018 0.153354
 6813.000000 24.420257 1.605149 0.142860
 6816.000000 24.410807 1.599380 0.181979
 6819.000000 24.456633 1.576750 0.133257
 6822.000000 24.426555 1.626156 0.154362
 6825.000000 24.419113 1.628465 0.142552
 6828.000000 24.397542 1.636537 0.145210
 6831.000000 24.341370 1.621182 0.126670
 6834.000000 24.439436 1.641055 0.139818
 6837.000000 24.341996 1.622263 0.138516
 6840.000000 24.383234 1.615764 0.083822
 6843.000000 24.337358 1.628658 0.138131
 6846.000000 24.346109 1.628213 0.154072
 6849.000000 24.363657 1.633760 0.171615
 6852.000000 24.344637 1.612240 0.150266
 6855.000000 24.234876 1.592516 0.140136
 6858.000000 24.153520 1.586975 0.193238
 6861.000000 24.231719 1.599349 0.142631
 6864.000000 24.230184 1.599239 0.146743
 6867.000000 24.181995 1.585921 0.148785
 6870.000000 24.213929 1.606506 0.176540
 6873.000000 24.298621 1.593022 0.162913
 6876.000000 24.321327 1.581039 0.163933
 6879.000000 24.276102 1.581716 0.130592
 6882.000000 24.347504 1.575525 0.142031
 6885.000000 24.309830 1.570901 0.127599
 6888.000000 24.298634 1.567466 0.163254
 6891.000000 24.324186 1.549690 0.142878
 6894.000000 24.415638 1.556052 0.124769
 6897.000000 24.367587 1.562817 0.126765
 6900.000000 24.457483 1.580756 0.148406
 6903.000000 24.369956 1.581608 0.165469
 6906.000000 24.354866 1.542386 0.155492
 6909.000000 24.382826 1.561482 0.191738
 6912.000000 24.353203 1.539715 0.167132
 6915.000000 24.319296 1.525460 0.160860
 6918.000000 24.281611 1.569714 0.193096
 6921.000000 24.379237 1.547801 0.158589
 6924.000000 24.408233 1.528357 0.146255
 6927.000000 24.364948 1.550198 0.141660
 6930.000000 24.378690 1.544484 0.142525
 6933.000000 24.373489 1.530978 0.134858
 6936.000000 24.355994 1.531117 0.162825
 6939.000000 24.300532 1.569127 0.185713
 6942.000000 24.420233 1.536737 0.163978
 6945.000000 24.428274 1.544316 0.174312
 6948.000000 24.426877 1.531155 0.133781
 6951.000000 24.418869 1.522215 0.153473
 6954.000000 24.420855 1.501325 0.121416
 6957.000000 24.414474 1.509081 0.150690
 6960.000000 24.390242 1.539097 0.187544
 6963.000000 24.378727 1.575035 0.224480
 6966.000000 24.444649 1.576718 0.219078
 6969.000000 24.361872 1.541780 0.170259
 6972.000000 24.444994 1.572017 0.214768
 6975.000000 24.439085 1.554268 0.190810
 6978.000000 24.448698 1.558058 0.181851
 6981.000000 24.405564 1.550921 0.181889
 6984.000000 24.360225 1.555710 0.163287
 6987.000000 24.459956 1.549767 0.204268
 6990.000000 24.451874 1.562937 0.172144
 6993.000000 24.487763 1.596951 0.202271
 6996.000000 24.495749 1.588621 0.164920
 6999.000000 24.508629 1.591419 0.173108
 7002.000000 24.516856 1.608158 0.167256
 7005.000000 24.526196 1.579834 0.131686
 7008.000000 24.481827 1.592145 0.144606
 7011.000000 24.531783 1.610902 0.159217
 7014.000000 24.473014 1.615011 0.165248
 7017.000000 24.449297 1.613140 0.194660
 7020.000000 24.515765 1.602621 0.156248
 7023.000000 24.497611 1.629485 0.192402
 7026.000000 24.506830 1.623095 0.198206
 7029.000000 24.509243 1.594233 0.179588
 7032.000000 24.530756 1.587854 0.149114
 7035.000000 24.551557 1.605626 0.170890
 7038.000000 24.553364 1.591996 0.172557
 7041.000000 24.460703 1.611784 0.205581
 7044.000000 24.502664 1.605717 0.222568
 7047.000000 24.459021 1.584975 0.180885
 7050.000000 24.523080 1.590173 0.220077
 7053.000000 24.447239 1.591631 0.204577
 7056.000000 24.415062 1.578699 0.185394
 7059.000000 24.475446 1.577133 0.185852
 7062.000000 24.421133 1.570666 0.173857
 7065.000000 24.501075 1.558086 0.144033
 7068.000000 24.505821 1.591923 0.198499
 7071.000000 24.501763 1.612035 0.203503
 7074.000000 24.544570 1.604070 0.202209
 7077.000000 24.503594 1.584927 0.214197
 7080.000000 24.568460 1.577350 0.196793
 7083.000000 24.517859 1.593891 0.223790
 7086.000000 24.556116 1.585115 0.209608
 7089.000000 24.497893 1.587103 0.196370
 7092.000000 24.515904 1.608911 0.182251
 7095.000000 24.451172 1.613440 0.204572
 7098.000000 24.431120 1.596369 0.195117
 7101.000000 24.481578 1.596763 0.181894
 7104.000000 24.459080 1.575526 0.194949
 7107.000000 24.506161 1.563663 0.153351
 7110.000000 24.513002 1.583664 0.179209
 7113.000000 24.458012 1.560247 0.170097
 7116.000000 24.502802 1.571283 0.134776
 7119.000000 24.493096 1.551616 0.152177
 7122.000000 24.495061 1.549126 0.134675
 7125.000000 24.581834 1.532048 0.151241
 7128.000000 24.655131 1.550365 0.130652
 7131.000000 24.600766 1.543963 0.141431
 7134.000000 24.580700 1.555946 0.156630
 7137.000000 24.606563 1.547757 0.136442
 7140.000000 24.528033 1.563137 0.157918
 7143.000000 24.515370 1.566765 0.162663
 7146.000000 24.516354 1.520464 0.137769
 7149.000000 24.478263 1.530748 0.164311
 7152.000000 24.497211 1.522892 0.152294
 7155.000000 24.422323 1.523766 0.136354
 7158.000000 24.470039 1.541378 0.170851
 7161.000000 24.416192 1.546403 0.194354
 7164.000000 24.439354 1.571245 0.184319
 7167.000000 24.396093 1.565255 0.171675
 7170.000000 24.424435 1.514199 0.115994
 7173.000000 24.415648 1.553367 0.132855
 7176.000000 24.387896 1.558453 0.127460
 7179.000000 24.369345 1.544131 0.130897
 7182.000000 24.386384 1.573651 0.174540
 7185.000000 24.435527 1.563824 0.160352
 7188.000000 24.424001 1.566935 0.160308
 7191.000000 24.417159 1.569086 0.158741
 7194.000000 24.367093 1.571610 0.171448
 7197.000000 24.398159 1.569326 0.157453
 7200.000000 24.458579 1.552788 0.191579
 7203.000000 24.428340 1.545347 0.164042
 7206.000000 24.419454 1.541020 0.183789
 7209.000000 24.538047 1.532972 0.163778
 7212.000000 24.493904 1.547096 0.143500
 7215.000000 24.543707 1.553722 0.155560
 7218.000000 24.480259 1.569148 0.168131
 7221.000000 24.504721 1.579137 0.154353
 7224.000000 24.485180 1.550307 0.144947
 7227.000000 24.427592 1.536405 0.135509
 7230.000000 24.448905 1.539884 0.136848
 7233.000000 24.525863 1.539981 0.144204
 7236.000000 24.537933 1.553200 0.163695
 7239.000000 24.548549 1.542484 0.174323
 7242.000000 24.517676 1.551712 0.186098
 7245.000000 24.478346 1.529984 0.151108
 7248.000000 24.501257 1.542750 0.154079
 7251.000000 24.453779 1.567194 0.154254
 7254.000000 24.554469 1.551037 0.115928
 7257.000000 24.501831 1.574073 0.133708
 7260.000000 24.531815 1.578252 0.148557
 7263.000000 24.503838 1.583560 0.162800
 7266.000000 24.503889 1.565107 0.177413
 7269.000000 24.519085 1.570203 0.177710
 7272.000000 24.479774 1.561416 0.181991
 7275.000000 24.500794 1.555913 0.153568
 7278.000000 24.552934 1.555965 0.156593
 7281.000000 24.466102 1.560456 0.159097
 7284.000000 24.480365 1.576432 0.163096
 7287.000000 24.470798 1.598975 0.182923
 7290.000000 24.452018 1.600455 0.218655
 7293.000000 24.453394 1.611970 0.226602
 7296.000000 24.435112 1.604441 0.204696
 7299.000000 24.433207 1.580610 0.201815
 7302.000000 24.430353 1.584719 0.189509
 7305.000000 24.452132 1.546052 0.178036
 7308.000000 24.481853 1.550681 0.140555
 7311.000000 24.456565 1.539302 0.143635
 7314.000000 24.440652 1.541170 0.132628
 7317.000000 24.451159 1.519587 0.143875
 7320.000000 24.469889 1.522960 0.135042
 7323.000000 24.473729 1.535937 0.154027
 7326.000000 24.477687 1.546675 0.130119
 7329.000000 24.436030 1.534446 0.145162
 7332.000000 24.434034 1.554147 0.172966
 7335.000000 24.440403 1.544306 0.155392
 7338.000000 24.491894 1.544924 0.134301
 7341.000000 24.409322 1.535492 0.116118
 7344.000000 24.431485 1.536773 0.122288
 7347.000000 24.453220 1.520464 0.132455
 7350.000000 24.460341 1.526620 0.127631
 7353.000000 24.459235 1.536934 0.155056
 7356.000000 24.414064 1.513484 0.118303
 7359.000000 24.389927 1.549847 0.143444
 7362.000000 24.338956 1.544661 0.156379
 7365.000000 24.322018 1.522759 0.136787
 7368.000000 24.390435 1.564131 0.180108
 7371.000000 24.416310 1.516793 0.135016
 7374.000000 24.499747 1.516580 0.130895
 7377.000000 24.461736 1.546186 0.133718
 7380.000000 24.393513 1.552270 0.158965
 7383.000000 24.493571 1.533260 0.154167
 7386.000000 24.461644 1.548182 0.194101
 7389.000000 24.470892 1.534347 0.172700
 7392.000000 24.442477 1.525700 0.161642
 7395.000000 24.504212 1.539251 0.153455
 7398.000000 24.457239 1.516483 0.155122
 7401.000000 24.483485 1.515009 0.139970
 7404.000000 24.397063 1.517486 0.160831
 7407.000000 24.377133 1.517884 0.149998
 7410.000000 24.429182 1.523242 0.169085
 7413.000000 24.407765 1.532843 0.171758
 7416.000000 24.376974 1.513751 0.139579
 7419.000000 24.432715 1.489899 0.114867
 7422.000000 24.373918 1.518053 0.099987
 7425.000000 24.370330 1.534200 0.106508
 7428.000000 24.289186 1.536136 0.094823
 7431.000000 24.282663 1.561662 0.118313
 7434.000000 24.363034 1.546632 0.127017
 7437.000000 24.371834 1.557809 0.120058
 7440.000000 24.301729 1.554046 0.093266
 7443.000000 24.344684 1.550786 0.065218
 7446.000000 24.378954 1.571306 0.120642
 7449.000000 24.417337 1.562106 0.117565
 7452.000000 24.379390 1.573913 0.152936
 7455.000000 24.366879 1.542034 0.102723
 7458.000000 24.418111 1.545500 0.141719
 7461.000000 24.363359 1.573275 0.163541
 7464.000000 24.314313 1.567842 0.171819
 7467.000000 24.344371 1.560909 0.194201
 7470.000000 24.220836 1.568354 0.168068
 7473.000000 24.328615 1.551309 0.128007
 7476.000000 24.436649 1.520472 0.131426
 7479.000000 24.427009 1.580584 0.187757
 7482.000000 24.410948 1.572582 0.113261
 7485.000000 24.449716 1.555547 0.170520
 7488.000000 24.543440 1.549979 0.155856
 7491.000000 24.475106 1.558076 0.189528
 7494.000000 24.496288 1.560992 0.162625
 7497.000000 24.332041 1.556231 0.112167
 7500.000000 24.454957 1.563441 0.134811
 7503.000000 24.442747 1.560140 0.121266
 7506.000000 24.455028 1.556200 0.167302
 7509.000000 24.436464 1.548134 0.146423
 7512.000000 24.444006 1.545261 0.163031
 7515.000000 24.381744 1.549282 0.155188
 7518.000000 24.422982 1.542904 0.133913
 7521.000000 24.423250 1.571487 0.162017
 7524.000000 24.458519 1.547997 0.132574
 7527.000000 24.401181 1.544635 0.128228
 7530.000000 24.405368 1.543891 0.130058
 7533.000000 24.418200 1.568011 0.136799
 7536.000000 24.374968 1.584764 0.168621
 7539.000000 24.469439 1.588728 0.116342
 7542.000000 24.525611 1.589492 0.094162
 7545.000000 24.543731 1.595890 0.130321
 7548.000000 24.505337 1.604105 0.125842
 7551.000000 24.543129 1.600283 0.120027
 7554.000000 24.457092 1.613588 0.135371
 7557.000000 24.448887 1.589759 0.114414
 7560.000000 24.447484 1.585930 0.124425
 7563.000000 24.446174 1.577574 0.121696
 7566.000000 24.470895 1.593845 0.148023
 7569.000000 24.492948 1.606079 0.163991
 7572.000000 24.439467 1.590450 0.147968
 7575.000000 24.409849 1.593487 0.167639
 7578.000000 24.420060 1.566409 0.110210
 7581.000000 24.430215 1.556508 0.095422
 7584.000000 24.467990 1.588587 0.114352
 7587.000000 24.498815 1.585754 0.099016
 7590.000000 24.537955 1.579943 0.094348
 7593.000000 24.530195 1.592022 0.152964
 7596.000000 24.492415 1.581521 0.162063
 7599.000000 24.492975 1.585908 0.132292
 7602.000000 24.483998 1.585344 0.166957
 7605.000000 24.476894 1.562790 0.154059
 7608.000000 24.493904 1.562009 0.151668
 7611.000000 24.401660 1.587295 0.170816
 7614.000000 24.423123 1.576283 0.141640
 7617.000000 24.467284 1.574978 0.154314
 7620.000000 24.409847 1.575955 0.143861
 7623.000000 24.414360 1.554972 0.143663
 7626.000000 24.422575 1.554372 0.152459
 7629.000000 24.377457 1.541303 0.134296
 7632.000000 24.390313 1.565421 0.160643
 7635.000000 24.375723 1.544330 0.182837
 7638.000000 24.415212 1.558908 0.143691
 7641.000000 24.389360 1.551111 0.103707
 7644.000000 24.335753 1.572304 0.116166
 7647.000000 24.337277 1.568902 0.129777
 7650.000000 24.359891 1.563318 0.109762
 7653.000000 24.277073 1.538739 0.112048
 7656.000000 24.326934 1.523735 0.110299
 7659.000000 24.328391 1.563730 0.121117
 7662.000000 24.295758 1.593864 0.150870
 7665.000000 24.274733 1.594239 0.150902
 7668.000000 24.274611 1.563910 0.154814
 7671.000000 24.317143 1.549346 0.122107
 7674.000000 24.343767 1.565904 0.100999
 7677.000000 24.367378 1.580295 0.112308
 7680.000000 24.279581 1.562712 0.116550
 7683.000000 24.325864 1.567028 0.135599
 7686.000000 24.253857 1.578779 0.146348
 7689.000000 24.171815 1.580720 0.126702
 7692.000000 24.250920 1.594963 0.128813
 7695.000000 24.217579 1.601312 0.109196
 7698.000000 24.189971 1.608845 0.117114
 7701.000000 24.337050 1.608197 0.124788
 7704.000000 24.260725 1.570945 0.106068
 7707.000000 24.309826 1.590863 0.132574
 7710.000000 24.159835 1.561329 0.086632
 7713.000000 24.208297 1.575151 0.135910
 7716.000000 24.302836 1.590810 0.138042
 7719.000000 24.259093 1.603548 0.136295
 7722.000000 24.301690 1.598188 0.127328
 7725.000000 24.300902 1.598756 0.133770
 7728.000000 24.263043 1.575634 0.154324
 7731.000000 24.282684 1.554832 0.178428
 7734.000000 24.220373 1.579946 0.141568
 7737.000000 24.194753 1.590001 0.164180
 7740.000000 24.295023 1.606815 0.166680
 7743.000000 24.360401 1.597512 0.158557
 7746.000000 24.356666 1.573369 0.120906
 7749.000000 24.447090 1.563027 0.113340
 7752.000000 24.430655 1.585253 0.117936
 7755.000000 24.438596 1.552968 0.106965
 7758.000000 24.423628 1.583696 0.131484
 7761.000000 24.411141 1.617323 0.139271
 7764.000000 24.444526 1.596332 0.133452
 7767.000000 24.503343 1.580242 0.113931
 7770.000000 24.549970 1.611542 0.140249
 7773.000000 24.546421 1.576570 0.120433
 7776.000000 24.500605 1.569963 0.120852
 7779.000000 24.508147 1.572816 0.148831
 7782.000000 24.543466 1.552442 0.110039
 7785.000000 24.502772 1.547969 0.139999
 7788.000000 24.477192 1.566444 0.174106
 7791.000000 24.373405 1.570300 0.158686
 7794.000000 24.468943 1.570635 0.139278
 7797.000000 24.449899 1.536371 0.127384
 7800.000000 24.403104 1.509754 0.104376
 7803.000000 24.432225 1.524867 0.122033
 7806.000000 24.492318 1.537248 0.153860
 7809.000000 24.532969 1.534453 0.129470
 7812.000000 24.609062 1.516196 0.128776
 7815.000000 24.619404 1.551129 0.153821
 7818.000000 24.600576 1.533105 0.152364
 7821.000000 24.654938 1.538258 0.135863
 7824.000000 24.637728 1.551185 0.168074
 7827.000000 24.667033 1.530571 0.136228
 7830.000000 24.534500 1.550508 0.185946
 7833.000000 24.546591 1.507699 0.132090
 7836.000000 24.502495 1.501456 0.131210
 7839.000000 24.562054 1.526984 0.107795
 7842.000000 24.581433 1.525498 0.144233
 7845.000000 24.564099 1.499716 0.129661
 7848.000000 24.549694 1.510685 0.136690
 7851.000000 24.653065 1.538486 0.163597
 7854.000000 24.592985 1.528097 0.116644
 7857.000000 24.566906 1.527642 0.150278
 7860.000000 24.528353 1.540078 0.151686
 7863.000000 24.466725 1.517642 0.114327
 7866.000000 24.497863 1.516739 0.127650
 7869.000000 24.464571 1.512893 0.124822
 7872.000000 24.486479 1.505157 0.088175
 7875.000000 24.427276 1.530628 0.105105
 7878.000000 24.469301 1.570018 0.171765
 7881.000000 24.603699 1.586198 0.164031
 7884.000000 24.643443 1.545177 0.105914
 7887.000000 24.649545 1.582648 0.111422
 7890.000000 24.666545 1.579416 0.164237
 7893.000000 24.555306 1.599876 0.179755
 7896.000000 24.602045 1.550844 0.131909
 7899.000000 24.635904 1.565140 0.153202
 7902.000000 24.571032 1.534408 0.146959
 7905.000000 24.650145 1.536588 0.173679
 7908.000000 24.557688 1.556540 0.184674
 7911.000000 24.572751 1.540508 0.171139
 7914.000000 24.519917 1.526914 0.141532
 7917.000000 24.634084 1.509197 0.123087
 7920.000000 24.654040 1.514710 0.117781
 7923.000000 24.640783 1.530699 0.159945
 7926.000000 24.650674 1.535508 0.133003
 7929.000000 24.705641 1.521015 0.126874
 7932.000000 24.615149 1.536354 0.116283
 7935.000000 24.599523 1.525957 0.108300
 7938.000000 24.526632 1.496424 0.075573
 7941.000000 24.528142 1.494060 0.096741
 7944.000000 24.560900 1.510551 0.121248
 7947.000000 24.497873 1.539953 0.170207
 7950.000000 24.416231 1.524161 0.161620
 7953.000000 24.422898 1.531299 0.165683
 7956.000000 24.473865 1.536701 0.153696
 7959.000000 24.443641 1.537054 0.163066
 7962.000000 24.485319 1.554321 0.180578
 7965.000000 24.461088 1.567688 0.134095
 7968.000000 24.452357 1.565400 0.095496
 7971.000000 24.528090 1.586214 0.172033
 7974.000000 24.505084 1.568318 0.160681
 7977.000000 24.534987 1.569646 0.190931
 7980.000000 24.555787 1.586255 0.164519
 7983.000000 24.538837 1.608364 0.203441
 7986.000000 24.527026 1.574649 0.160945
 7989.000000 24.484325 1.569668 0.119463
 7992.000000 24.523395 1.555035 0.134373
 7995.000000 24.535611 1.592340 0.154732
 7998.000000 24.506464 1.573861 0.137141
 8001.000000 24.592270 1.557198 0.149092
 8004.000000 24.527650 1.564809 0.159487
 8007.000000 24.537029 1.578696 0.168916
 8010.000000 24.485744 1.558823 0.131241
 8013.000000 24.577142 1.547602 0.089399
 8016.000000 24.531223 1.560818 0.117187
 8019.000000 24.479395 1.565825 0.147832
 8022.000000 24.486650 1.587316 0.149557
 8025.000000 24.419664 1.627431 0.214376
 8028.000000 24.400103 1.605744 0.149972
 8031.000000 24.420493 1.586527 0.132650
 8034.000000 24.364503 1.598550 0.143837
 8037.000000 24.426282 1.603414 0.153201
 8040.000000 24.475689 1.612262 0.200435
 8043.000000 24.445696 1.613404 0.170492
 8046.000000 24.396087 1.612095 0.181177
 8049.000000 24.433495 1.593444 0.167254
 8052.000000 24.459017 1.615130 0.188297
 8055.000000 24.471165 1.603579 0.142314
 8058.000000 24.522581 1.599864 0.158654
 8061.000000 24.514958 1.590586 0.186100
 8064.000000 24.534211 1.583936 0.189250
 8067.000000 24.615682 1.525745 0.141863
 8070.000000 24.679315 1.514013 0.157223
 8073.000000 24.675682 1.541077 0.157304
 8076.000000 24.736851 1.551579 0.145893
 8079.000000 24.805748 1.543316 0.109308
 8082.000000 24.769102 1.541651 0.055550
 8085.000000 24.767380 1.543134 0.071865
 8088.000000 24.706151 1.555814 0.123765
 8091.000000 24.755487 1.549400 0.148351
 8094.000000 24.665111 1.558037 0.146366
 8097.000000 24.670861 1.589475 0.170919
 8100.000000 24.611882 1.546157 0.104931
 8103.000000 24.591796 1.532742 0.050111
 8106.000000 24.588436 1.582008 0.109016
 8109.000000 24.624334 1.596603 0.120506
 8112.000000 24.588826 1.587310 0.121821
 8115.000000 24.577901 1.602573 0.142242
 8118.000000 24.588694 1.578109 0.144616
 8121.000000 24.598512 1.585655 0.174315
 8124.000000 24.650434 1.584776 0.163883
 8127.000000 24.703248 1.617315 0.176819
 8130.000000 24.607171 1.610838 0.146999
 8133.000000 24.645536 1.602950 0.124122
 8136.000000 24.572997 1.592696 0.110557
 8139.000000 24.575379 1.602567 0.118609
 8142.000000 24.540011 1.599814 0.153091
 8145.000000 24.477429 1.605827 0.170331
 8148.000000 24.559428 1.601336 0.182483
 8151.000000 24.468781 1.597773 0.187549
 8154.000000 24.489521 1.576506 0.163077
 8157.000000 24.412225 1.570350 0.138235
 8160.000000 24.459361 1.575292 0.175972
 8163.000000 24.446031 1.568220 0.128848
 8166.000000 24.423374 1.569390 0.113793
 8169.000000 24.527185 1.569269 0.106024
 8172.000000 24.438573 1.569248 0.119828
 8175.000000 24.414976 1.569761 0.116174
 8178.000000 24.450915 1.570774 0.111275
 8181.000000 24.395920 1.570008 0.110557
 8184.000000 24.358271 1.562744 0.111152
 8187.000000 24.374265 1.559376 0.097280
 8190.000000 24.414748 1.534855 0.095020
 8193.000000 24.332652 1.533477 0.125078
 8196.000000 24.440099 1.536374 0.088828
 8199.000000 24.466476 1.547584 0.110342
 8202.000000 24.428099 1.549425 0.118551
 8205.000000 24.365992 1.541370 0.116996
 8208.000000 24.385062 1.556422 0.133875
 8211.000000 24.331848 1.559687 0.133162
 8214.000000 24.416623 1.560189 0.116151
 8217.000000 24.432955 1.564840 0.107752
 8220.000000 24.482894 1.578673 0.115744
 8223.000000 24.500482 1.585333 0.147023
 8226.000000 24.460862 1.572357 0.118001
 8229.000000 24.510193 1.599577 0.141798
 8232.000000 24.504770 1.595545 0.140280
 8235.000000 24.528322 1.584259 0.151544
 8238.000000 24.499173 1.613668 0.140284
 8241.000000 24.462908 1.583478 0.135965
 8244.000000 24.506426 1.589493 0.154941
 8247.000000 24.453564 1.605886 0.141855
 8250.000000 24.503237 1.598889 0.142865
 8253.000000 24.518086 1.601386 0.135579
 8256.000000 24.467675 1.585549 0.097884
 8259.000000 24.444298 1.591436 0.116598
 8262.000000 24.434130 1.590115 0.116262
 8265.000000 24.387995 1.579332 0.125249
 8268.000000 24.448032 1.588732 0.146361
 8271.000000 24.451140 1.601601 0.154864
 8274.000000 24.420408 1.615853 0.152327
 8277.000000 24.473055 1.594843 0.185387
 8280.000000 24.457879 1.548108 0.166836
 8283.000000 24.410590 1.561191 0.196840
 8286.000000 24.452689 1.553403 0.114210
 8289.000000 24.387613 1.536029 0.133377
 8292.000000 24.375309 1.549436 0.134661
 8295.000000 24.454978 1.540903 0.100931
 8298.000000 24.458019 1.547951 0.121417
 8301.000000 24.482342 1.535978 0.118689
 8304.000000 24.546039 1.544806 0.131182
 8307.000000 24.550228 1.560609 0.147421
 8310.000000 24.512667 1.592230 0.154524
 8313.000000 24.503724 1.555098 0.111187
 8316.000000 24.471249 1.551435 0.133741
 8319.000000 24.485635 1.552271 0.110737
 8322.000000 24.505411 1.551044 0.129327
 8325.000000 24.574597 1.583477 0.163037
 8328.000000 24.603841 1.559392 0.111103
 8331.000000 24.586119 1.559023 0.115383
 8334.000000 24.573197 1.544378 0.139453
 8337.000000 24.549355 1.578713 0.184775
 8340.000000 24.517340 1.549891 0.176457
 8343.000000 24.532278 1.552547 0.189385
 8346.000000 24.506685 1.519042 0.179474
 8349.000000 24.419905 1.529644 0.185276
 8352.000000 24.454504 1.540680 0.181660
 8355.000000 24.520112 1.545660 0.174842
 8358.000000 24.449934 1.565077 0.182705
 8361.000000 24.508022 1.561615 0.205064
 8364.000000 24.424259 1.580252 0.163780
 8367.000000 24.440025 1.599927 0.160571
 8370.000000 24.450557 1.591327 0.135155
 8373.000000 24.507741 1.599032 0.151223
 8376.000000 24.496289 1.613128 0.197644
 8379.000000 24.478953 1.571344 0.174057
 8382.000000 24.570941 1.547501 0.143602
 8385.000000 24.571615 1.535353 0.138782
 8388.000000 24.478890 1.548167 0.154979
 8391.000000 24.528188 1.556580 0.139990
 8394.000000 24.500011 1.582902 0.182500
 8397.000000 24.481080 1.555005 0.138886
 8400.000000 24.438473 1.563028 0.166883
 8403.000000 24.555138 1.568927 0.154488
 8406.000000 24.581797 1.586809 0.179357
 8409.000000 24.616052 1.595059 0.196930
 8412.000000 24.531855 1.571639 0.165652
 8415.000000 24.489269 1.557164 0.191010
 8418.000000 24.553360 1.584907 0.172075
 8421.000000 24.545444 1.590098 0.176029
 8424.000000 24.501906 1.587556 0.171481
 8427.000000 24.505074 1.591785 0.143386
 8430.000000 24.468544 1.569714 0.129554
 8433.000000 24.446321 1.567957 0.139084
 8436.000000 24.492409 1.575155 0.129999
 8439.000000 24.455475 1.606461 0.188890
 8442.000000 24.410777 1.589872 0.151467
 8445.000000 24.368879 1.612877 0.159770
 8448.000000 24.370965 1.601325 0.138395
 8451.000000 24.564583 1.612030 0.157940
 8454.000000 24.494543 1.608488 0.155180
 8457.000000 24.527461 1.646176 0.174367
 8460.000000 24.487131 1.621212 0.138098
 8463.000000 24.495246 1.607042 0.103459
 8466.000000 24.448533 1.594157 0.120315
 8469.000000 24.521057 1.587275 0.103206
 8472.000000 24.478529 1.585070 0.153047
 8475.000000 24.480511 1.586236 0.123883
 8478.000000 24.414365 1.572729 0.126377
 8481.000000 24.458256 1.584342 0.117633
 8484.000000 24.532883 1.575685 0.151177
 8487.000000 24.551443 1.591928 0.123649
 8490.000000 24.417400 1.608130 0.163977
 8493.000000 24.376479 1.636788 0.229458
 8496.000000 24.459466 1.600705 0.195068
 8499.000000 24.480056 1.572917 0.121755
 8502.000000 24.515390 1.577201 0.131600
 8505.000000 24.540371 1.578587 0.146312
 8508.000000 24.584799 1.586904 0.174733
 8511.000000 24.633339 1.593319 0.147163
 8514.000000 24.508271 1.586211 0.170693
 8517.000000 24.550379 1.614780 0.134398
 8520.000000 24.552673 1.594488 0.106631
 8523.000000 24.545436 1.610288 0.126439
 8526.000000 24.545512 1.619006 0.156529
 8529.000000 24.523121 1.626951 0.166458
 8532.000000 24.491377 1.622456 0.171327
 8535.000000 24.521992 1.637102 0.170472
 8538.000000 24.490348 1.655841 0.200264
 8541.000000 24.483598 1.654963 0.183703
 8544.000000 24.534386 1.638674 0.181845
 8547.000000 24.569644 1.652686 0.191817
 8550.000000 24.518807 1.653024 0.172062
 8553.000000 24.635792 1.631207 0.139079
 8556.000000 24.513290 1.616174 0.120511
 8559.000000 24.518635 1.602500 0.103901
 8562.000000 24.562388 1.617153 0.097470
 8565.000000 24.584652 1.628304 0.115805
 8568.000000 24.610203 1.634174 0.108269
 8571.000000 24.625904 1.667852 0.111535
 8574.000000 24.638842 1.656464 0.112783
 8577.000000 24.664924 1.661911 0.111200
 8580.000000 24.705716 1.656045 0.126933
 8583.000000 24.666988 1.630402 0.100543
 8586.000000 24.633064 1.611519 0.072225
 8589.000000 24.606310 1.666000 0.099979
 8592.000000 24.550052 1.684143 0.150366
 8595.000000 24.602226 1.689538 0.163625
 8598.000000 24.498558 1.707081 0.141367
 8601.000000 24.461691 1.712795 0.159769
 8604.000000 24.487626 1.696191 0.137514
 8607.000000 24.539622 1.684549 0.126206
 8610.000000 24.593946 1.656051 0.103989
 8613.000000 24.633306 1.639671 0.090875
 8616.000000 24.641866 1.627946 0.106374
 8619.000000 24.670242 1.611098 0.131873
 8622.000000 24.598825 1.604579 0.101854
 8625.000000 24.554743 1.611252 0.104979
 8628.000000 24.655560 1.616966 0.138575
 8631.000000 24.557978 1.602709 0.126823
 8634.000000 24.538185 1.570138 0.089417
 8637.000000 24.525114 1.594405 0.114164
 8640.000000 24.496300 1.588752 0.111525
 8643.000000 24.515633 1.593899 0.126292
 8646.000000 24.636797 1.565493 0.131121
 8649.000000 24.540328 1.592624 0.108024
 8652.000000 24.524671 1.589345 0.129102
 8655.000000 24.508783 1.574389 0.127275
 8658.000000 24.429266 1.555859 0.080422
 8661.000000 24.456889 1.563732 0.076213
 8664.000000 24.481382 1.571154 0.089292
 8667.000000 24.499736 1.571354 0.081782
 8670.000000 24.516690 1.577435 0.119835
 8673.000000 24.442506 1.563450 0.148560
 8676.000000 24.496778 1.601798 0.135493
 8679.000000 24.525037 1.601871 0.133066
 8682.000000 24.475751 1.601287 0.109288
 8685.000000 24.495656 1.596197 0.144000
 8688.000000 24.523639 1.611057 0.150625
 8691.000000 24.511747 1.615878 0.113898
 8694.000000 24.534471 1.625467 0.096906
 8697.000000 24.461767 1.596928 0.124596
 8700.000000 24.457948 1.598400 0.114267
 8703.000000 24.481708 1.586964 0.104256
 8706.000000 24.511409 1.610792 0.098717
 8709.000000 24.527287 1.619324 0.089080
 8712.000000 24.498561 1.615587 0.106127
 8715.000000 24.416146 1.630527 0.124153
 8718.000000 24.427587 1.596516 0.097048
 8721.000000 24.373825 1.585799 0.059013
 8724.000000 24.389602 1.600527 0.122465
 8727.000000 24.460600 1.586905 0.077622
 8730.000000 24.444474 1.593471 0.135141
 8733.000000 24.480047 1.605508 0.153270
 8736.000000 24.492309 1.621611 0.102020
 8739.000000 24.489656 1.616518 0.112763
 8742.000000 24.479174 1.598689 0.129112
 8745.000000 24.545931 1.611760 0.138849
 8748.000000 24.569622 1.628065 0.147396
 8751.000000 24.552033 1.646671 0.135951
 8754.000000 24.482474 1.606996 0.114744
 8757.000000 24.583508 1.596088 0.101899
 8760.000000 24.580445 1.608733 0.119703
 8763.000000 24.584505 1.580481 0.122968
 8766.000000 24.564184 1.604884 0.138279
 8769.000000 24.511456 1.593025 0.151094
 8772.000000 24.514028 1.594043 0.095763
 8775.000000 24.537182 1.594267 0.113872
 8778.000000 24.561021 1.583269 0.157558
 8781.000000 24.510859 1.529621 0.150361
 8784.000000 24.523814 1.518838 0.162445
 8787.000000 24.596666 1.545233 0.192710
 8790.000000 24.725944 1.519627 0.184783
 8793.000000 24.644304 1.537115 0.201436
 8796.000000 24.674183 1.511586 0.184907
 8799.000000 24.591131 1.522903 0.151993
 8802.000000 24.617679 1.546526 0.152039
 8805.000000 24.566285 1.589972 0.144038
 8808.000000 24.565962 1.583919 0.136830
 8811.000000 24.581902 1.586237 0.094768
 8814.000000 24.512057 1.554049 0.130789
 8817.000000 24.544690 1.573253 0.114350
 8820.000000 24.484179 1.548952 0.152744
 8823.000000 24.563936 1.565200 0.106869
 8826.000000 24.493680 1.561062 0.111245
 8829.000000 24.427229 1.588157 0.101617
 8832.000000 24.455989 1.561221 0.112452
 8835.000000 24.508013 1.546621 0.113396
 8838.000000 24.550124 1.543644 0.079294
 8841.000000 24.561332 1.576319 0.063301
 8844.000000 24.530323 1.552965 0.045812
 8847.000000 24.480330 1.537807 0.077124
 8850.000000 24.480632 1.520413 0.092145
 8853.000000 24.416858 1.526959 0.056603
 8856.000000 24.353110 1.519647 0.097712
 8859.000000 24.281184 1.528056 0.110734
 8862.000000 24.394547 1.561658 0.128045
 8865.000000 24.451039 1.538753 0.137474
 8868.000000 24.431291 1.523745 0.136868
 8871.000000 24.443949 1.540494 0.122771
 8874.000000 24.385564 1.502333 0.161731
 8877.000000 24.492559 1.527795 0.153180
 8880.000000 24.451311 1.516048 0.145464
 8883.000000 24.551576 1.531533 0.130018
 8886.000000 24.341551 1.532473 0.148204
 8889.000000 24.375104 1.512732 0.138574
 8892.000000 24.420677 1.521767 0.144948
 8895.000000 24.412508 1.495593 0.133818
 8898.000000 24.488531 1.493557 0.090927
 8901.000000 24.495868 1.535222 0.089881
 8904.000000 24.514189 1.518221 0.080916
 8907.000000 24.448724 1.506957 0.103960
 8910.000000 24.372403 1.541327 0.092762
 8913.000000 24.395010 1.530882 0.130204
 8916.000000 24.369166 1.521049 0.152237
 8919.000000 24.408925 1.525039 0.176356
 8922.000000 24.340684 1.527234 0.177814
 8925.000000 24.273173 1.540778 0.165841
 8928.000000 24.395665 1.537417 0.161174
 8931.000000 24.358692 1.532596 0.167291
 8934.000000 24.335400 1.531288 0.159296
 8937.000000 24.357072 1.555384 0.115918
 8940.000000 24.426621 1.560513 0.132140
 8943.000000 24.394767 1.569377 0.133855
 8946.000000 24.367672 1.568767 0.106380
 8949.000000 24.482196 1.552168 0.114780
 8952.000000 24.514030 1.529478 0.145352
 8955.000000 24.495731 1.569446 0.127946
 8958.000000 24.463177 1.568200 0.142320
 8961.000000 24.368875 1.558353 0.148347
 8964.000000 24.439331 1.562284 0.138676
 8967.000000 24.513282 1.565094 0.120601
 8970.000000 24.585027 1.563452 0.131820
 8973.000000 24.545060 1.534579 0.127959
 8976.000000 24.550942 1.572947 0.099194
 8979.000000 24.464603 1.545026 0.095933
 8982.000000 24.534880 1.537562 0.073971
 8985.000000 24.582069 1.526191 0.129814
 8988.000000 24.546336 1.503593 0.131388
 8991.000000 24.591475 1.527815 0.098593
 8994.000000 24.682346 1.564426 0.131406
 8997.000000 24.635842 1.574258 0.118034
 9000.000000 24.641085 1.611560 0.122521
 9003.000000 24.544694 1.595247 0.114817
 9006.000000 24.506084 1.585826 0.081401
 9009.000000 24.533350 1.600864 0.047287
 9012.000000 24.565442 1.612108 0.083498
 9015.000000 24.480640 1.599618 0.017738
 9018.000000 24.493908 1.614124 0.074085
 9021.000000 24.480710 1.630468 0.118216
 9024.000000 24.441959 1.590424 0.132520
 9027.000000 24.386324 1.575704 0.085667
 9030.000000 24.435123 1.612660 0.083075
 9033.000000 24.510607 1.579965 0.063627
 9036.000000 24.528194 1.600192 0.073262
 9039.000000 24.542040 1.577173 0.106563
 9042.000000 24.520976 1.578545 0.120351
 9045.000000 24.561089 1.579113 0.114216
 9048.000000 24.548706 1.539301 0.061053
 9051.000000 24.490495 1.548616 0.061429
 9054.000000 24.467366 1.539842 0.039642
 9057.000000 24.509483 1.526852 0.058142
 9060.000000 24.458866 1.544649 0.037312
 9063.000000 24.463513 1.548965 0.023402
 9066.000000 24.459021 1.534598 0.043305
 9069.000000 24.436309 1.565050 0.068897
 9072.000000 24.403124 1.583544 0.101672
 9075.000000 24.389604 1.571422 0.106971
 9078.000000 24.424516 1.601289 0.107898
 9081.000000 24.426891 1.619742 0.112759
 9084.000000 24.405495 1.630808 0.124696
 9087.000000 24.320728 1.636409 0.104508
 9090.000000 24.478432 1.602350 0.087446
 9093.000000 24.394020 1.623523 0.105745
 9096.000000 24.454673 1.605829 0.104473
 9099.000000 24.497338 1.612280 0.120001
 9102.000000 24.486690 1.590100 0.103169
 9105.000000 24.454986 1.583331 0.083876
 9108.000000 24.397566 1.607061 0.108816
 9111.000000 24.437819 1.625719 0.139394
 9114.000000 24.425394 1.583770 0.114287
 9117.000000 24.476059 1.595781 0.125984
 9120.000000 24.576762 1.630839 0.137580
 9123.000000 24.570604 1.649316 0.133175
 9126.000000 24.545892 1.638114 0.113977
 9129.000000 24.557385 1.639582 0.122897
 9132.000000 24.505925 1.604381 0.133408
 9135.000000 24.603778 1.620140 0.130396
 9138.000000 24.533012 1.657535 0.138715
 9141.000000 24.438826 1.641840 0.161821
 9144.000000 24.447171 1.661346 0.176641
 9147.000000 24.460464 1.660393 0.196862
 9150.000000 24.441038 1.632770 0.176072
 9153.000000 24.420765 1.630789 0.181285
 9156.000000 24.440875 1.609314 0.159748
 9159.000000 24.487951 1.614849 0.198089
 9162.000000 24.426460 1.586877 0.164848
 9165.000000 24.466019 1.608036 0.174383
 9168.000000 24.497147 1.601020 0.142360
 9171.000000 24.481701 1.606831 0.151519
 9174.000000 24.465300 1.624123 0.175902
 9177.000000 24.430397 1.613415 0.148143
 9180.000000 24.487378 1.633419 0.156685
 9183.000000 24.526537 1.622265 0.162633
 9186.000000 24.491505 1.608440 0.153154
 9189.000000 24.490801 1.637772 0.144279
 9192.000000 24.478401 1.647735 0.111778
 9195.000000 24.546009 1.653012 0.125460
 9198.000000 24.580879 1.640039 0.120480
 9201.000000 24.591061 1.626347 0.093601
 9204.000000 24.634294 1.609175 0.115759
 9207.000000 24.597077 1.613060 0.127323
 9210.000000 24.500980 1.584783 0.093971
 9213.000000 24.512024 1.632734 0.089035
 9216.000000 24.485646 1.626015 0.069127
 9219.000000 24.524149 1.642038 0.109085
 9222.000000 24.494626 1.627937 0.147959
 9225.000000 24.414625 1.589654 0.148590
 9228.000000 24.394781 1.586926 0.149714
 9231.000000 24.371763 1.591025 0.154894
 9234.000000 24.416222 1.553679 0.136926
 9237.000000 24.461208 1.586839 0.149334
 9240.000000 24.435824 1.576635 0.112136
 9243.000000 24.438805 1.576122 0.129914
 9246.000000 24.414608 1.591566 0.116907
 9249.000000 24.360640 1.571045 0.106586
 9252.000000 24.406544 1.600718 0.132745
 9255.000000 24.406686 1.624263 0.145878
 9258.000000 24.427143 1.596760 0.139198
 9261.000000 24.435319 1.603756 0.166880
 9264.000000 24.454498 1.593288 0.142172
 9267.000000 24.426971 1.604690 0.162771
 9270.000000 24.429620 1.620547 0.187813
 9273.000000 24.399738 1.596594 0.164230
 9276.000000 24.369830 1.603631 0.173667
 9279.000000 24.448864 1.603589 0.153315
 9282.000000 24.471817 1.602367 0.147112
 9285.000000 24.587915 1.609291 0.132093
 9288.000000 24.571500 1.572797 0.130072
 9291.000000 24.567372 1.570673 0.125320
 9294.000000 24.575895 1.544103 0.113008
 9297.000000 24.545230 1.542767 0.080703
 9300.000000 24.551176 1.557398 0.085486
 9303.000000 24.441855 1.562875 0.105585
 9306.000000 24.500221 1.573967 0.124768
 9309.000000 24.433541 1.553408 0.109554
 9312.000000 24.439396 1.590298 0.130316
 9315.000000 24.540699 1.598469 0.166437
 9318.000000 24.472644 1.565157 0.133148
 9321.000000 24.446734 1.594646 0.112654
 9324.000000 24.449875 1.599867 0.107066
 9327.000000 24.560026 1.609707 0.137974
 9330.000000 24.524523 1.607465 0.124168
 9333.000000 24.576381 1.591338 0.138868
 9336.000000 24.518625 1.586127 0.090007
 9339.000000 24.505199 1.608179 0.125662
 9342.000000 24.578265 1.630552 0.133919
 9345.000000 24.637014 1.624821 0.161126
 9348.000000 24.655990 1.593703 0.090306
 9351.000000 24.626919 1.591281 0.107996
 9354.000000 24.676957 1.607760 0.148701
 9357.000000 24.743804 1.629574 0.180803
 9360.000000 24.662236 1.614912 0.122760
 9363.000000 24.596326 1.622235 0.117124
 9366.000000 24.616897 1.620869 0.137801
 9369.000000 24.566996 1.628606 0.147269
 9372.000000 24.512183 1.629585 0.189920
 9375.000000 24.496797 1.601185 0.138251
 9378.000000 24.505499 1.597059 0.143352
 9381.000000 24.491521 1.595959 0.161167
 9384.000000 24.517031 1.587994 0.147454
 9387.000000 24.516988 1.603565 0.169242
 9390.000000 24.531460 1.632661 0.188113
 9393.000000 24.500322 1.617653 0.158847
 9396.000000 24.530014 1.597906 0.122536
 9399.000000 24.503008 1.612434 0.140340
 9402.000000 24.561560 1.607249 0.109016
 9405.000000 24.497746 1.608320 0.102376
 9408.000000 24.503243 1.592199 0.120885
 9411.000000 24.513254 1.617431 0.131661
 9414.000000 24.488848 1.609584 0.164523
 9417.000000 24.511296 1.602875 0.164294
 9420.000000 24.520215 1.609974 0.180823
 9423.000000 24.387299 1.613655 0.149073
 9426.000000 24.387932 1.634494 0.142036
 9429.000000 24.432089 1.625301 0.141274
 9432.000000 24.328179 1.599972 0.104215
 9435.000000 24.395996 1.616016 0.140079
 9438.000000 24.218978 1.606113 0.136226
 9441.000000 24.345487 1.582592 0.162875
 9444.000000 24.333579 1.568717 0.160602
 9447.000000 24.343886 1.538635 0.129982
 9450.000000 24.377706 1.553690 0.115354
 9453.000000 24.300063 1.575644 0.145941
 9456.000000 24.350623 1.583934 0.139247
 9459.000000 24.321310 1.569633 0.164265
 9462.000000 24.380686 1.553787 0.142351
 9465.000000 24.399932 1.550437 0.140960
 9468.000000 24.450087 1.527934 0.168602
 9471.000000 24.573350 1.572719 0.168620
 9474.000000 24.462045 1.571998 0.118822
 9477.000000 24.414915 1.590462 0.153595
 9480.000000 24.440078 1.590189 0.127498
 9483.000000 24.419560 1.557959 0.083201
 9486.000000 24.290711 1.582335 0.116742
 9489.000000 24.381814 1.555066 0.063160
 9492.000000 24.355313 1.554506 0.074211
 9495.000000 24.405748 1.547548 0.069145
 9498.000000 24.433754 1.556743 0.105778
 9501.000000 24.406563 1.569197 0.143451
 9504.000000 24.502889 1.547608 0.118790
 9507.000000 24.399048 1.542402 0.119995
 9510.000000 24.445258 1.523763 0.134891
 9513.000000 24.386529 1.538678 0.126128
 9516.000000 24.309185 1.578468 0.148945
 9519.000000 24.447136 1.546248 0.133858
 9522.000000 24.558779 1.552244 0.114868
 9525.000000 24.557580 1.539684 0.096179
 9528.000000 24.525593 1.548288 0.088726
 9531.000000 24.551793 1.539722 0.097331
 9534.000000 24.545273 1.569984 0.115022
 9537.000000 24.579916 1.574616 0.098304
 9540.000000 24.632070 1.607831 0.112249
 9543.000000 24.659590 1.607709 0.114617
 9546.000000 24.574009 1.614223 0.100262
 9549.000000 24.508276 1.606094 0.089917
 9552.000000 24.592443 1.627732 0.098806
 9555.000000 24.605983 1.602204 0.114459
 9558.000000 24.619772 1.607013 0.104495
 9561.000000 24.568480 1.618987 0.088244
 9564.000000 24.564407 1.623814 0.128771
 9567.000000 24.510963 1.609732 0.136258
 9570.000000 24.449258 1.570354 0.120315
 9573.000000 24.533487 1.600584 0.146458
 9576.000000 24.569300 1.619254 0.157043
 9579.000000 24.548813 1.623349 0.124114
 9582.000000 24.511063 1.603895 0.111087
 9585.000000 24.540569 1.603719 0.117897
 9588.000000 24.494838 1.596687 0.116402
 9591.000000 24.490483 1.578657 0.105823
 9594.000000 24.574617 1.590139 0.154981
 9597.000000 24.494732 1.578419 0.154430
 9600.000000 24.490287 1.573467 0.133425
 9603.000000 24.417572 1.588098 0.171836
 9606.000000 24.353817 1.576886 0.156721
 9609.000000 24.481206 1.601301 0.172693
 9612.000000 24.522420 1.591071 0.128008
 9615.000000 24.467013 1.612985 0.143461
 9618.000000 24.469855 1.592013 0.141942
 9621.000000 24.370445 1.596597 0.103832
 9624.000000 24.401052 1.580357 0.095715
 9627.000000 24.371387 1.610405 0.154469
 9630.000000 24.455100 1.592774 0.140538
 9633.000000 24.407997 1.576026 0.127310
 9636.000000 24.428538 1.571709 0.158583
 9639.000000 24.374136 1.557867 0.131815
 9642.000000 24.378446 1.586894 0.148279
 9645.000000 24.401132 1.611954 0.159070
 9648.000000 24.532932 1.615736 0.148875
 9651.000000 24.609727 1.604934 0.147460
 9654.000000 24.534151 1.589459 0.147863
 9657.000000 24.560844 1.597579 0.129000
 9660.000000 24.583585 1.599860 0.156173
 9663.000000 24.568772 1.602655 0.164582
 9666.000000 24.610999 1.608507 0.142401
 9669.000000 24.561300 1.590618 0.141841
 9672.000000 24.549962 1.582947 0.140387
 9675.000000 24.585043 1.621394 0.180559
 9678.000000 24.565216 1.595527 0.150902
 9681.000000 24.662493 1.570704 0.143419
 9684.000000 24.731026 1.577767 0.191821
 9687.000000 24.703442 1.568889 0.159481
 9690.000000 24.723942 1.560151 0.184830
 9693.000000 24.646348 1.564389 0.200684
 9696.000000 24.662678 1.553493 0.187993
 9699.000000 24.645141 1.561107 0.173164
 9702.000000 24.636289 1.560018 0.154937
 9705.000000 24.475418 1.565225 0.155948
 9708.000000 24.570965 1.557143 0.153307
 9711.000000 24.491367 1.555215 0.147771
 9714.000000 24.474493 1.537353 0.172881
 9717.000000 24.364704 1.551400 0.179358
 9720.000000 24.418255 1.544677 0.187700
 9723.000000 24.371190 1.542878 0.179239
 9726.000000 24.446190 1.515132 0.134338
 9729.000000 24.412031 1.544736 0.208863
 9732.000000 24.404879 1.527248 0.158478
 9735.000000 24.484253 1.526884 0.163218
 9738.000000 24.511344 1.519066 0.171451
 9741.000000 24.559881 1.545715 0.196345
 9744.000000 24.520478 1.568799 0.187870
 9747.000000 24.505061 1.567967 0.183375
 9750.000000 24.486621 1.560960 0.164588
 9753.000000 24.520105 1.563473 0.163828
 9756.000000 24.558142 1.566930 0.169740
 9759.000000 24.489306 1.549887 0.176235
 9762.000000 24.543251 1.527848 0.145306
 9765.000000 24.442025 1.512339 0.124015
 9768.000000 24.490582 1.517946 0.095469
 9771.000000 24.490998 1.544854 0.147616
 9774.000000 24.414551 1.541865 0.146731
 9777.000000 24.487351 1.545430 0.170287
 9780.000000 24.433214 1.571277 0.179059
 9783.000000 24.423380 1.563015 0.179094
 9786.000000 24.454747 1.516307 0.138701
 9789.000000 24.542218 1.541627 0.127523
 9792.000000 24.478605 1.568918 0.138742
 9795.000000 24.493857 1.557979 0.127284
 9798.000000 24.466290 1.572038 0.167269
 9801.000000 24.484688 1.559218 0.172798
 9804.000000 24.500170 1.554901 0.159566
 9807.000000 24.514889 1.530689 0.132946
 9810.000000 24.459776 1.555885 0.137115
 9813.000000 24.416943 1.534223 0.110830
 9816.000000 24.409203 1.569148 0.131323
 9819.000000 24.363599 1.560280 0.120693
 9822.000000 24.296841 1.595142 0.161613
 9825.000000 24.391585 1.601537 0.159246
 9828.000000 24.353359 1.602685 0.175146
 9831.000000 24.318259 1.612368 0.173498
 9834.000000 24.369590 1.599736 0.174660
 9837.000000 24.341147 1.598333 0.172161
 9840.000000 24.455964 1.586247 0.167417
 9843.000000 24.341615 1.590573 0.184284
 9846.000000 24.318421 1.602983 0.210917
 9849.000000 24.387637 1.563729 0.207126
 9852.000000 24.462200 1.572886 0.163898
 9855.000000 24.515490 1.567155 0.185530
 9858.000000 24.530768 1.572261 0.221898
 9861.000000 24.542976 1.591494 0.220825
 9864.000000 24.493902 1.541501 0.141825
 9867.000000 24.466348 1.559248 0.186957
 9870.000000 24.444389 1.544341 0.160486
 9873.000000 24.405523 1.551256 0.145451
 9876.000000 24.333720 1.552983 0.152431
 9879.000000 24.412982 1.555508 0.149582
 9882.000000 24.333227 1.604817 0.192105
 9885.000000 24.310746 1.568095 0.180210
 9888.000000 24.313939 1.584963 0.192552
 9891.000000 24.347705 1.585807 0.195702
 9894.000000 24.309656 1.603302 0.220172
 9897.000000 24.295728 1.568276 0.198516
 9900.000000 24.380076 1.566482 0.192094
 9903.000000 24.314966 1.558603 0.141969
 9906.000000 24.310548 1.580213 0.153593
 9909.000000 24.333444 1.580141 0.166286
 9912.000000 24.355198 1.579150 0.163763
 9915.000000 24.388575 1.576324 0.149884
 9918.000000 24.311742 1.590216 0.178556
 9921.000000 24.408357 1.619093 0.195321
 9924.000000 24.501142 1.634482 0.209344
 9927.000000 24.491515 1.614728 0.229223
 9930.000000 24.575852 1.595435 0.217770
 9933.000000 24.602292 1.596157 0.221714
 9936.000000 24.624818 1.588256 0.261725
 9939.000000 24.567837 1.599624 0.253672
 9942.000000 24.679615 1.600350 0.232693
 9945.000000 24.557460 1.586045 0.227445
 9948.000000 24.515531 1.595014 0.235291
 9951.000000 24.560041 1.577583 0.169322
 9954.000000 24.491726 1.533508 0.182733
 9957.000000 24.511958 1.560893 0.202024
 9960.000000 24.438659 1.566717 0.202395
 9963.000000 24.509690 1.580205 0.234572
 9966.000000 24.405714 1.561240 0.211326
 9969.000000 24.497242 1.563524 0.225598
 9972.000000 24.544348 1.544776 0.169454
 9975.000000 24.505335 1.558028 0.226055
 9978.000000 24.545608 1.562956 0.192513
 9981.000000 24.559050 1.551640 0.185932
 9984.000000 24.581646 1.535678 0.191788
 9987.000000 24.532598 1.523486 0.207863
 9990.000000 24.534951 1.543376 0.221481
 9993.000000 24.440644 1.534379 0.174504
 9996.000000 24.482218 1.527199 0.184695
 9999.000000 24.402599 1.501338 0.186030
 10002.000000 24.378310 1.506895 0.193821
 10005.000000 24.478786 1.526996 0.200176
 10008.000000 24.484885 1.547443 0.187559
 10011.000000 24.496173 1.552047 0.183605
 10014.000000 24.467037 1.515980 0.156053
 10017.000000 24.409682 1.508019 0.153054
 10020.000000 24.437160 1.559655 0.174767
 10023.000000 24.411151 1.561671 0.139378
 10026.000000 24.384177 1.559882 0.098158
 10029.000000 24.472277 1.562294 0.129015
 10032.000000 24.471434 1.570770 0.151834
 10035.000000 24.331834 1.554943 0.147622
 10038.000000 24.389532 1.563700 0.125496
 10041.000000 24.500310 1.556294 0.125902
 10044.000000 24.511781 1.553468 0.153170
 10047.000000 24.482589 1.587609 0.204527
 10050.000000 24.574599 1.551108 0.160934
 10053.000000 24.612540 1.584504 0.191103
 10056.000000 24.652876 1.533923 0.138741
 10059.000000 24.558576 1.553798 0.123908
 10062.000000 24.635134 1.576886 0.148371
 10065.000000 24.641929 1.580293 0.172510
 10068.000000 24.593358 1.596752 0.198382
 10071.000000 24.456609 1.579501 0.176291
 10074.000000 24.474749 1.572936 0.171899
 10077.000000 24.535911 1.575567 0.166408
 10080.000000 24.480263 1.581195 0.157088
 10083.000000 24.508791 1.573435 0.129433
 10086.000000 24.465838 1.551968 0.148921
 10089.000000 24.519884 1.561202 0.163547
 10092.000000 24.545221 1.556314 0.151312
 10095.000000 24.480492 1.553484 0.117261
 10098.000000 24.526731 1.578263 0.120573
 10101.000000 24.483499 1.587763 0.148422
 10104.000000 24.522524 1.571709 0.151638
 10107.000000 24.426269 1.559007 0.135668
 10110.000000 24.476940 1.542237 0.084134
 10113.000000 24.556792 1.549363 0.091306
 10116.000000 24.556075 1.542295 0.122672
 10119.000000 24.467390 1.541203 0.165467
 10122.000000 24.434098 1.554248 0.169734
 10125.000000 24.527595 1.575152 0.206676
 10128.000000 24.489274 1.540364 0.175108
 10131.000000 24.545875 1.568163 0.165938
 10134.000000 24.491185 1.572648 0.189250
 10137.000000 24.487340 1.528063 0.183362
 10140.000000 24.491806 1.517138 0.173272
 10143.000000 24.488140 1.536094 0.154386
 10146.000000 24.515217 1.544199 0.145378
 10149.000000 24.476827 1.527358 0.155723
 10152.000000 24.492876 1.534464 0.174680
 10155.000000 24.460722 1.515362 0.176667
 10158.000000 24.366804 1.527437 0.106131
 10161.000000 24.416438 1.542915 0.121784
 10164.000000 24.359756 1.535831 0.112366
 10167.000000 24.266497 1.507827 0.125273
 10170.000000 24.251156 1.505992 0.114500
 10173.000000 24.258534 1.521591 0.140831
 10176.000000 24.314066 1.588357 0.169391
 10179.000000 24.336444 1.591174 0.149926
 10182.000000 24.366334 1.551246 0.119526
 10185.000000 24.319590 1.574650 0.115841
 10188.000000 24.320571 1.581199 0.132466
 10191.000000 24.312145 1.594061 0.110063
 10194.000000 24.376153 1.562576 0.111437
 10197.000000 24.369808 1.570921 0.090207
 10200.000000 24.495383 1.576780 0.134320
 10203.000000 24.478524 1.577175 0.149825
 10206.000000 24.452463 1.561437 0.115966
 10209.000000 24.393595 1.552862 0.123825
 10212.000000 24.410367 1.574732 0.107101
 10215.000000 24.359652 1.591918 0.124424
 10218.000000 24.322123 1.579333 0.149728
 10221.000000 24.288122 1.596216 0.162392
 10224.000000 24.346011 1.566241 0.122608
 10227.000000 24.374334 1.566513 0.145408
 10230.000000 24.326393 1.553129 0.123663
 10233.000000 24.337686 1.539030 0.129357
 10236.000000 24.379345 1.537900 0.168161
 10239.000000 24.439339 1.546034 0.142341
 10242.000000 24.412895 1.539406 0.103270
 10245.000000 24.346955 1.548375 0.097219
 10248.000000 24.421083 1.572530 0.108836
 10251.000000 24.347380 1.578759 0.132984
 10254.000000 24.289379 1.570189 0.112550
 10257.000000 24.351964 1.584055 0.143216
 10260.000000 24.296140 1.574244 0.153481
 10263.000000 24.294804 1.577539 0.179644
 10266.000000 24.359513 1.571074 0.160710
 10269.000000 24.314505 1.590096 0.213948
 10272.000000 24.403678 1.589026 0.210665
 10275.000000 24.473929 1.571060 0.202291
 10278.000000 24.411092 1.568104 0.184607
 10281.000000 24.450043 1.566055 0.172376
 10284.000000 24.400109 1.536419 0.183701
 10287.000000 24.307441 1.543424 0.153891
 10290.000000 24.378147 1.567915 0.172662
 10293.000000 24.462162 1.559302 0.152937
 10296.000000 24.490359 1.568015 0.193459
 10299.000000 24.369533 1.577934 0.168008
 10302.000000 24.431414 1.593642 0.200688
 10305.000000 24.396484 1.590210 0.182359
 10308.000000 24.348162 1.598865 0.207379
 10311.000000 24.403369 1.597370 0.210681
 10314.000000 24.415054 1.582400 0.189719
 10317.000000 24.459112 1.591804 0.205698
 10320.000000 24.386514 1.570293 0.186355
 10323.000000 24.378315 1.574669 0.191189
 10326.000000 24.405746 1.569204 0.183272
 10329.000000 24.327276 1.543411 0.174882
 10332.000000 24.346954 1.543940 0.172295
 10335.000000 24.332585 1.542359 0.142241
 10338.000000 24.327887 1.525128 0.121513
 10341.000000 24.289846 1.559122 0.198670
 10344.000000 24.359795 1.550148 0.180364
 10347.000000 24.398608 1.575497 0.179502
 10350.000000 24.385792 1.557773 0.130253
 10353.000000 24.433262 1.586671 0.161914
 10356.000000 24.417855 1.594217 0.168502
 10359.000000 24.398716 1.614804 0.162960
 10362.000000 24.369376 1.598427 0.112694
 10365.000000 24.416944 1.585852 0.127700
 10368.000000 24.366139 1.615875 0.132107
 10371.000000 24.359944 1.633607 0.157555
 10374.000000 24.391714 1.624725 0.132726
 10377.000000 24.349968 1.640586 0.153337
 10380.000000 24.427845 1.644090 0.143059
 10383.000000 24.447551 1.630788 0.144118
 10386.000000 24.454564 1.623862 0.134504
 10389.000000 24.403047 1.626988 0.133280
 10392.000000 24.314987 1.632194 0.154979
 10395.000000 24.373530 1.619082 0.172597
 10398.000000 24.453563 1.614677 0.171071
 10401.000000 24.457726 1.617685 0.189666
 10404.000000 24.464598 1.596703 0.160475
 10407.000000 24.476018 1.585056 0.160283
 10410.000000 24.477516 1.567384 0.161409
 10413.000000 24.486942 1.587822 0.161710
 10416.000000 24.454571 1.611849 0.180635
 10419.000000 24.545996 1.605072 0.167837
 10422.000000 24.476138 1.601984 0.182708
 10425.000000 24.552917 1.595469 0.189337
 10428.000000 24.497229 1.580967 0.194030
 10431.000000 24.537485 1.572941 0.188805
 10434.000000 24.527922 1.573824 0.200369
 10437.000000 24.507840 1.559339 0.184220
 10440.000000 24.515408 1.564107 0.163502
 10443.000000 24.526703 1.565665 0.152803
 10446.000000 24.498089 1.521421 0.150102
 10449.000000 24.422119 1.572942 0.187013
 10452.000000 24.407658 1.563215 0.176047
 10455.000000 24.376227 1.557467 0.155232
 10458.000000 24.413317 1.569209 0.144540
 10461.000000 24.340288 1.534780 0.128276
 10464.000000 24.250982 1.538992 0.143965
 10467.000000 24.328628 1.563929 0.173033
 10470.000000 24.460012 1.550105 0.144424
 10473.000000 24.462694 1.552213 0.136715
 10476.000000 24.473971 1.582237 0.171062
 10479.000000 24.404060 1.588866 0.153319
 10482.000000 24.439112 1.615477 0.191824
 10485.000000 24.396884 1.589517 0.197658
 10488.000000 24.344810 1.573189 0.169646
 10491.000000 24.268397 1.555350 0.159802
 10494.000000 24.173916 1.587479 0.181745
 10497.000000 24.191585 1.555084 0.173526
 10500.000000 24.188439 1.558723 0.164229
 10503.000000 24.228376 1.602849 0.164198
 10506.000000 24.274429 1.534516 0.096338
 10509.000000 24.405390 1.546924 0.131438
 10512.000000 24.413087 1.549563 0.138379
 10515.000000 24.357905 1.558723 0.165609
 10518.000000 24.344612 1.545012 0.141748
 10521.000000 24.329642 1.559135 0.123890
 10524.000000 24.315741 1.572611 0.135841
 10527.000000 24.319528 1.559927 0.104397
 10530.000000 24.311165 1.547078 0.103617
 10533.000000 24.412676 1.571696 0.136992
 10536.000000 24.397287 1.538797 0.100191
 10539.000000 24.452895 1.542454 0.083944
 10542.000000 24.482761 1.522309 0.072929
 10545.000000 24.359102 1.545690 0.075297
 10548.000000 24.409187 1.558025 0.079666
 10551.000000 24.335424 1.556596 0.100498
 10554.000000 24.342391 1.528115 0.099586
 10557.000000 24.298737 1.550778 0.102631
 10560.000000 24.250011 1.534530 0.113861
 10563.000000 24.229128 1.582622 0.166272
 10566.000000 24.186204 1.569994 0.146143
 10569.000000 24.205470 1.568016 0.164800
 10572.000000 24.348317 1.552061 0.173816
 10575.000000 24.364146 1.557750 0.162372
 10578.000000 24.316961 1.555462 0.175175
 10581.000000 24.261270 1.538741 0.165189
 10584.000000 24.255946 1.582755 0.178828
 10587.000000 24.235383 1.533783 0.151470
 10590.000000 24.308650 1.551605 0.195752
 10593.000000 24.265444 1.571102 0.200826
 10596.000000 24.298891 1.546709 0.158741
 10599.000000 24.276093 1.591096 0.202347
 10602.000000 24.294803 1.569098 0.157953
 10605.000000 24.284602 1.554759 0.139203
 10608.000000 24.401014 1.549204 0.139086
 10611.000000 24.374443 1.573733 0.190167
 10614.000000 24.469932 1.566313 0.181050
 10617.000000 24.519683 1.551776 0.162744
 10620.000000 24.514666 1.560417 0.146122
 10623.000000 24.454518 1.541211 0.127043
 10626.000000 24.346757 1.530685 0.126788
 10629.000000 24.382471 1.535124 0.139132
 10632.000000 24.384843 1.550813 0.149595
 10635.000000 24.379864 1.539389 0.130810
 10638.000000 24.454695 1.558168 0.130058
 10641.000000 24.388588 1.567723 0.093596
 10644.000000 24.407648 1.581267 0.155177
 10647.000000 24.462671 1.568885 0.137955
 10650.000000 24.487818 1.558068 0.166637
 10653.000000 24.438777 1.552623 0.172401
 10656.000000 24.432946 1.603909 0.224790
 10659.000000 24.406656 1.626887 0.219707
 10662.000000 24.362173 1.585065 0.197336
 10665.000000 24.399336 1.586225 0.179919
 10668.000000 24.372772 1.584424 0.179324
 10671.000000 24.388563 1.576006 0.159530
 10674.000000 24.352340 1.584688 0.177201
 10677.000000 24.389607 1.572675 0.163628
 10680.000000 24.391279 1.584002 0.175897
 10683.000000 24.392458 1.596609 0.192845
 10686.000000 24.414983 1.615184 0.215984
 10689.000000 24.514327 1.586345 0.183062
 10692.000000 24.508119 1.555675 0.172212
 10695.000000 24.478821 1.565549 0.205976
 10698.000000 24.605632 1.576656 0.200004
 10701.000000 24.614037 1.556960 0.181157
 10704.000000 24.601436 1.546589 0.183109
 10707.000000 24.537885 1.552770 0.202202
 10710.000000 24.525105 1.559051 0.221414
 10713.000000 24.591538 1.537814 0.195045
 10716.000000 24.504787 1.542945 0.178185
 10719.000000 24.477460 1.531307 0.197316
 10722.000000 24.457910 1.519985 0.147308
 10725.000000 24.440050 1.497272 0.156281
 10728.000000 24.481432 1.502244 0.115426
 10731.000000 24.440467 1.522250 0.094184
 10734.000000 24.415554 1.489370 0.073190
 10737.000000 24.404904 1.487205 0.100719
 10740.000000 24.456635 1.500835 0.129488
 10743.000000 24.370472 1.513841 0.169158
 10746.000000 24.334239 1.510265 0.150008
 10749.000000 24.398618 1.527185 0.148829
 10752.000000 24.417770 1.529070 0.143202
 10755.000000 24.407369 1.522706 0.130771
 10758.000000 24.410482 1.513115 0.128828
 10761.000000 24.462017 1.545365 0.189974
 10764.000000 24.459532 1.542308 0.189772
 10767.000000 24.464544 1.536991 0.199027
 10770.000000 24.488627 1.536500 0.158546
 10773.000000 24.511223 1.532245 0.177322
 10776.000000 24.566929 1.519218 0.174166
 10779.000000 24.516716 1.535335 0.191249
 10782.000000 24.548545 1.514061 0.140724
 10785.000000 24.466333 1.562891 0.191966
 10788.000000 24.492934 1.564224 0.214008
 10791.000000 24.581147 1.537237 0.189695
 10794.000000 24.556140 1.528507 0.164160
 10797.000000 24.608868 1.545294 0.180395
 10800.000000 24.612040 1.549372 0.170490
 10803.000000 24.542967 1.551397 0.185301
 10806.000000 24.554308 1.545489 0.223526
 10809.000000 24.564610 1.556588 0.207098
 10812.000000 24.689490 1.530556 0.154856
 10815.000000 24.709109 1.530370 0.153371
 10818.000000 24.698373 1.525627 0.183101
 10821.000000 24.641524 1.512526 0.165757
 10824.000000 24.653748 1.523759 0.161648
 10827.000000 24.634981 1.549646 0.172587
 10830.000000 24.577104 1.560528 0.181643
 10833.000000 24.469017 1.562739 0.183023
 10836.000000 24.410918 1.555472 0.184592
 10839.000000 24.440100 1.565270 0.170682
 10842.000000 24.589555 1.559840 0.129129
 10845.000000 24.609260 1.568950 0.128790
 10848.000000 24.531380 1.590151 0.136056
 10851.000000 24.594747 1.611754 0.170440
 10854.000000 24.547978 1.610671 0.185795
 10857.000000 24.598951 1.581145 0.137093
 10860.000000 24.707579 1.581463 0.127566
 10863.000000 24.666552 1.575005 0.079889
 10866.000000 24.716611 1.559320 0.108446
 10869.000000 24.661319 1.584407 0.164541
 10872.000000 24.693027 1.579118 0.130330
 10875.000000 24.645602 1.566943 0.137437
 10878.000000 24.652829 1.547148 0.099278
 10881.000000 24.614505 1.545529 0.108795
 10884.000000 24.632483 1.578416 0.164681
 10887.000000 24.658013 1.561351 0.158880
 10890.000000 24.615251 1.573388 0.194017
 10893.000000 24.663535 1.554677 0.181623
 10896.000000 24.655358 1.546313 0.171348
 10899.000000 24.657195 1.540871 0.151703
 10902.000000 24.655797 1.537925 0.149858
 10905.000000 24.671783 1.537580 0.146325
 10908.000000 24.589960 1.516013 0.138344
 10911.000000 24.584480 1.503719 0.116362
 10914.000000 24.598295 1.505794 0.111087
 10917.000000 24.599939 1.530928 0.126614
 10920.000000 24.658084 1.531599 0.122133
 10923.000000 24.694044 1.552681 0.135223
 10926.000000 24.622514 1.554684 0.158604
 10929.000000 24.682212 1.559612 0.185426
 10932.000000 24.688472 1.523043 0.163997
 10935.000000 24.641267 1.525063 0.162449
 10938.000000 24.631042 1.542710 0.162991
 10941.000000 24.660936 1.539755 0.163427
 10944.000000 24.632923 1.553337 0.158570
 10947.000000 24.585602 1.540869 0.160586
 10950.000000 24.652743 1.516203 0.130744
 10953.000000 24.652638 1.523122 0.144926
 10956.000000 24.660178 1.520633 0.125311
 10959.000000 24.641599 1.533898 0.149582
 10962.000000 24.604535 1.548935 0.160947
 10965.000000 24.641788 1.562346 0.170073
 10968.000000 24.685140 1.517408 0.154038
 10971.000000 24.629981 1.516211 0.180804
 10974.000000 24.509789 1.518967 0.193574
 10977.000000 24.501428 1.536990 0.207132
 10980.000000 24.464210 1.557925 0.204658
 10983.000000 24.518467 1.524052 0.196667
 10986.000000 24.522845 1.568334 0.222203
 10989.000000 24.605420 1.553489 0.238008
 10992.000000 24.434720 1.561257 0.239387
 10995.000000 24.451848 1.552263 0.226679
 10998.000000 24.539962 1.549446 0.262896
 11001.000000 24.527694 1.541611 0.238068
 11004.000000 24.570662 1.546568 0.235908
 11007.000000 24.545097 1.544478 0.228882
 11010.000000 24.508332 1.544369 0.242735
 11013.000000 24.554471 1.518575 0.220931
 11016.000000 24.463468 1.533859 0.227893
 11019.000000 24.482435 1.551018 0.235088
 11022.000000 24.449713 1.520080 0.218325
 11025.000000 24.496219 1.527154 0.274382
 11028.000000 24.517049 1.532899 0.230865
 11031.000000 24.488308 1.497499 0.187467
 11034.000000 24.461799 1.508591 0.199635
 11037.000000 24.506455 1.510377 0.211784
 11040.000000 24.487615 1.497037 0.233905
 11043.000000 24.512473 1.497657 0.207797
 11046.000000 24.430786 1.509402 0.188416
 11049.000000 24.446312 1.527633 0.213524
 11052.000000 24.414619 1.513424 0.176762
 11055.000000 24.412754 1.510852 0.193007
 11058.000000 24.433058 1.511230 0.159209
 11061.000000 24.455793 1.522772 0.189306
 11064.000000 24.519495 1.535095 0.174091
 11067.000000 24.614578 1.524075 0.166816
 11070.000000 24.546669 1.526862 0.178657
 11073.000000 24.604353 1.553260 0.195359
 11076.000000 24.577137 1.551286 0.206765
 11079.000000 24.620910 1.532577 0.175044
 11082.000000 24.641459 1.540961 0.191450
 11085.000000 24.645478 1.507770 0.162407
 11088.000000 24.617506 1.500671 0.177266
 11091.000000 24.542258 1.529335 0.168136
 11094.000000 24.534763 1.561535 0.218693
 11097.000000 24.623325 1.548697 0.180263
 11100.000000 24.678587 1.531627 0.151967
 11103.000000 24.653893 1.543466 0.170295
 11106.000000 24.588780 1.550902 0.183124
 11109.000000 24.659387 1.531421 0.145255
 11112.000000 24.651317 1.527386 0.166019
 11115.000000 24.606147 1.532776 0.168783
 11118.000000 24.588203 1.527230 0.157656
 11121.000000 24.700455 1.558964 0.190012
 11124.000000 24.624681 1.533266 0.171793
 11127.000000 24.711527 1.534380 0.152544
 11130.000000 24.582440 1.556783 0.159129
 11133.000000 24.555682 1.546911 0.156292
 11136.000000 24.530557 1.558306 0.179954
 11139.000000 24.509993 1.541471 0.147798
 11142.000000 24.563203 1.572794 0.161273
 11145.000000 24.526062 1.596799 0.177277
 11148.000000 24.454649 1.555408 0.150169
 11151.000000 24.461592 1.568904 0.195702
 11154.000000 24.432203 1.557872 0.152777
 11157.000000 24.441482 1.560214 0.162782
 11160.000000 24.461245 1.548289 0.099447
 11163.000000 24.429767 1.576178 0.149529
 11166.000000 24.485924 1.575273 0.164326
 11169.000000 24.530355 1.565921 0.120925
 11172.000000 24.521453 1.609905 0.190756
 11175.000000 24.503912 1.607617 0.173952
 11178.000000 24.443067 1.617959 0.192571
 11181.000000 24.428153 1.601626 0.160780
 11184.000000 24.470793 1.615003 0.171860
 11187.000000 24.374805 1.621308 0.184666
 11190.000000 24.415578 1.645289 0.211272
 11193.000000 24.418519 1.641672 0.203380
 11196.000000 24.420349 1.608451 0.159628
 11199.000000 24.438488 1.620665 0.191228
 11202.000000 24.452407 1.579740 0.184307
 11205.000000 24.470183 1.575232 0.186463
 11208.000000 24.468753 1.567027 0.188280
 11211.000000 24.460220 1.570830 0.171719
 11214.000000 24.410708 1.601259 0.190491
 11217.000000 24.413825 1.588670 0.179855
 11220.000000 24.332426 1.599813 0.206212
 11223.000000 24.353705 1.592068 0.217487
 11226.000000 24.442957 1.592383 0.179236
 11229.000000 24.434367 1.583066 0.207793
 11232.000000 24.448716 1.604390 0.176100
 11235.000000 24.443773 1.586546 0.157733
 11238.000000 24.399705 1.592425 0.140794
 11241.000000 24.429202 1.580045 0.122081
 11244.000000 24.404812 1.587189 0.115615
 11247.000000 24.411929 1.626069 0.130908
 11250.000000 24.437493 1.625837 0.137044
 11253.000000 24.495837 1.593407 0.145765
 11256.000000 24.553271 1.594833 0.122648
 11259.000000 24.593377 1.579135 0.133700
 11262.000000 24.561271 1.580865 0.115401
 11265.000000 24.587251 1.578987 0.110459
 11268.000000 24.479241 1.574633 0.150700
 11271.000000 24.482208 1.553117 0.142416
 11274.000000 24.403974 1.565542 0.151799
 11277.000000 24.423715 1.571318 0.170454
 11280.000000 24.330305 1.576453 0.172618
 11283.000000 24.381510 1.563197 0.117026
 11286.000000 24.444140 1.571569 0.171426
 11289.000000 24.327856 1.578649 0.158389
 11292.000000 24.374155 1.569733 0.202666
 11295.000000 24.421320 1.552843 0.216304
 11298.000000 24.441070 1.546800 0.186021
 11301.000000 24.395041 1.575154 0.176683
 11304.000000 24.445254 1.562639 0.183372
 11307.000000 24.513999 1.577049 0.184346
 11310.000000 24.614350 1.586084 0.146912
 11313.000000 24.583631 1.576310 0.166931
 11316.000000 24.525976 1.565626 0.187157
 11319.000000 24.518273 1.589742 0.173170
 11322.000000 24.501504 1.566820 0.157054
 11325.000000 24.487012 1.580586 0.167168
 11328.000000 24.434540 1.539453 0.111068
 11331.000000 24.498524 1.582743 0.161857
 11334.000000 24.483003 1.554467 0.126799
 11337.000000 24.475178 1.542491 0.111699
 11340.000000 24.543878 1.584226 0.138097
 11343.000000 24.547363 1.549346 0.099720
 11346.000000 24.555313 1.551030 0.120371
 11349.000000 24.512347 1.564372 0.138894
 11352.000000 24.501463 1.561160 0.145178
 11355.000000 24.532420 1.564714 0.162984
 11358.000000 24.503288 1.567991 0.184489
 11361.000000 24.594911 1.580190 0.191893
 11364.000000 24.547451 1.587333 0.211613
 11367.000000 24.492156 1.582768 0.196888
 11370.000000 24.488601 1.579482 0.199843
 11373.000000 24.500523 1.590599 0.164681
 11376.000000 24.432409 1.579255 0.200625
 11379.000000 24.489412 1.562381 0.165585
 11382.000000 24.538419 1.580419 0.200262
 11385.000000 24.439218 1.574880 0.195623
 11388.000000 24.465516 1.592852 0.207210
 11391.000000 24.511697 1.574273 0.195727
 11394.000000 24.523796 1.565588 0.170275
 11397.000000 24.519067 1.558714 0.151406
 11400.000000 24.434564 1.548953 0.153391
 11403.000000 24.468953 1.544347 0.198176
 11406.000000 24.543145 1.513523 0.165813
 11409.000000 24.579152 1.529843 0.168894
 11412.000000 24.511766 1.502644 0.159278
 11415.000000 24.571592 1.529558 0.180553
 11418.000000 24.561167 1.525739 0.142810
 11421.000000 24.653385 1.523264 0.121688
 11424.000000 24.618940 1.538313 0.168317
 11427.000000 24.527818 1.495479 0.120466
 11430.000000 24.533767 1.498977 0.113138
 11433.000000 24.531066 1.510417 0.144417
 11436.000000 24.605167 1.510944 0.166494
 11439.000000 24.578519 1.502972 0.145604
 11442.000000 24.549239 1.518134 0.162582
 11445.000000 24.497366 1.512772 0.153777
 11448.000000 24.563034 1.536347 0.187999
 11451.000000 24.552735 1.515364 0.147726
 11454.000000 24.576186 1.535401 0.201527
 11457.000000 24.599998 1.526419 0.199151
 11460.000000 24.579262 1.499407 0.168938
 11463.000000 24.567088 1.501879 0.168893
 11466.000000 24.569384 1.498079 0.157243
 11469.000000 24.558048 1.522048 0.158420
 11472.000000 24.532992 1.516397 0.194392
 11475.000000 24.469883 1.520513 0.177894
 11478.000000 24.546545 1.521934 0.148448
 11481.000000 24.465331 1.495278 0.162531
 11484.000000 24.420150 1.539074 0.193448
 11487.000000 24.474805 1.541432 0.197623
 11490.000000 24.420611 1.519522 0.144339
 11493.000000 24.384817 1.512977 0.164134
 11496.000000 24.333642 1.507169 0.159044
 11499.000000 24.492829 1.522416 0.184401
 11502.000000 24.490600 1.520912 0.168963
 11505.000000 24.609175 1.525091 0.166826
 11508.000000 24.606524 1.512449 0.174746
 11511.000000 24.533929 1.532107 0.158046
 11514.000000 24.595600 1.537410 0.164180
 11517.000000 24.588865 1.561105 0.169989
 11520.000000 24.473749 1.541736 0.150244
 11523.000000 24.558278 1.559515 0.159225
 11526.000000 24.546437 1.543192 0.140537
 11529.000000 24.547292 1.540949 0.117459
 11532.000000 24.591998 1.560978 0.165068
 11535.000000 24.619508 1.552236 0.151156
 11538.000000 24.605469 1.561138 0.134325
 11541.000000 24.474884 1.548134 0.127792
 11544.000000 24.436735 1.580295 0.170770
 11547.000000 24.464496 1.561484 0.167239
 11550.000000 24.426890 1.549892 0.178698
 11553.000000 24.374656 1.571443 0.177834
 11556.000000 24.457678 1.558379 0.143265
 11559.000000 24.463582 1.568383 0.163832
 11562.000000 24.508292 1.535779 0.103534
 11565.000000 24.522439 1.542568 0.120874
 11568.000000 24.459260 1.564304 0.163293
 11571.000000 24.475137 1.555424 0.148245
 11574.000000 24.463514 1.570505 0.158991
 11577.000000 24.437879 1.573275 0.177327
 11580.000000 24.435632 1.551159 0.150370
 11583.000000 24.469814 1.563059 0.192895
 11586.000000 24.521060 1.566105 0.204937
 11589.000000 24.553518 1.531289 0.207828
 11592.000000 24.554383 1.533200 0.156283
 11595.000000 24.595242 1.542806 0.149131
 11598.000000 24.664051 1.558348 0.174557
 11601.000000 24.603729 1.513813 0.136694
 11604.000000 24.624904 1.537055 0.174408
 11607.000000 24.592740 1.541078 0.169496
 11610.000000 24.574556 1.542613 0.201822
 11613.000000 24.518467 1.557878 0.155221
 11616.000000 24.528603 1.537288 0.146346
 11619.000000 24.460944 1.537196 0.165296
 11622.000000 24.420078 1.529488 0.168027
 11625.000000 24.422385 1.507028 0.144997
 11628.000000 24.340871 1.514545 0.123588
 11631.000000 24.360799 1.500758 0.167147
 11634.000000 24.383984 1.511275 0.174031
 11637.000000 24.365256 1.529706 0.155371
 11640.000000 24.388009 1.524753 0.132805
 11643.000000 24.393915 1.552167 0.203515
 11646.000000 24.420487 1.539921 0.188406
 11649.000000 24.396731 1.534800 0.142069
 11652.000000 24.351084 1.562323 0.174236
 11655.000000 24.325448 1.531300 0.144994
 11658.000000 24.303692 1.548935 0.175956
 11661.000000 24.341588 1.556959 0.200079
 11664.000000 24.362162 1.533169 0.184548
 11667.000000 24.342766 1.515087 0.171498
 11670.000000 24.428067 1.522176 0.198381
 11673.000000 24.387670 1.526627 0.213153
 11676.000000 24.347460 1.540478 0.195640
 11679.000000 24.309340 1.500669 0.161065
 11682.000000 24.300086 1.521515 0.175725
 11685.000000 24.305165 1.546782 0.160935
 11688.000000 24.332927 1.563910 0.168171
 11691.000000 24.389156 1.572857 0.155612
 11694.000000 24.377768 1.568215 0.122010
 11697.000000 24.439733 1.573919 0.146206
 11700.000000 24.429270 1.541337 0.173916
 11703.000000 24.467225 1.552736 0.190896
 11706.000000 24.562178 1.550934 0.189923
 11709.000000 24.502956 1.571288 0.189472
 11712.000000 24.627577 1.553270 0.173923
 11715.000000 24.518580 1.574875 0.206184
 11718.000000 24.480877 1.555151 0.176715
 11721.000000 24.505298 1.535156 0.163025
 11724.000000 24.531850 1.547387 0.181428
 11727.000000 24.651875 1.565818 0.187172
 11730.000000 24.634312 1.530118 0.174737
 11733.000000 24.562984 1.529630 0.189978
 11736.000000 24.607844 1.532851 0.149937
 11739.000000 24.539587 1.565515 0.178747
 11742.000000 24.645455 1.563558 0.189535
 11745.000000 24.601117 1.552603 0.196426
 11748.000000 24.559783 1.554719 0.214227
 11751.000000 24.536368 1.551978 0.209317
 11754.000000 24.465069 1.557839 0.211235
 11757.000000 24.438203 1.546740 0.163294
 11760.000000 24.487041 1.572024 0.196728
 11763.000000 24.554002 1.537454 0.190808
 11766.000000 24.537487 1.558589 0.203055
 11769.000000 24.553240 1.558193 0.166681
 11772.000000 24.638782 1.562538 0.192950
 11775.000000 24.695182 1.559847 0.205168
 11778.000000 24.665331 1.548349 0.195740
 11781.000000 24.690419 1.557709 0.186639
 11784.000000 24.748066 1.563853 0.210459
 11787.000000 24.662917 1.557220 0.217668
 11790.000000 24.701452 1.542708 0.185231
 11793.000000 24.723029 1.542541 0.194501
 11796.000000 24.778228 1.543993 0.207608
 11799.000000 24.695514 1.529029 0.188132
 11802.000000 24.627842 1.531588 0.206221
 11805.000000 24.607552 1.517305 0.192518
 11808.000000 24.577711 1.536759 0.228607
 11811.000000 24.515274 1.517780 0.210731
 11814.000000 24.485266 1.490982 0.196253
 11817.000000 24.506485 1.502439 0.179298
 11820.000000 24.573194 1.484355 0.158839
 11823.000000 24.574074 1.509574 0.164922
 11826.000000 24.562549 1.501896 0.160376
 11829.000000 24.593418 1.531326 0.250300
 11832.000000 24.613065 1.518673 0.246497
 11835.000000 24.593069 1.519538 0.254610
 11838.000000 24.630630 1.507023 0.217824
 11841.000000 24.640164 1.547647 0.239562
 11844.000000 24.633296 1.540441 0.231623
 11847.000000 24.630542 1.544946 0.225197
 11850.000000 24.631025 1.530018 0.181935
 11853.000000 24.590474 1.497253 0.164372
 11856.000000 24.660977 1.511242 0.176557
 11859.000000 24.579431 1.505585 0.167040
 11862.000000 24.503566 1.516293 0.165384
 11865.000000 24.495223 1.532484 0.162849
 11868.000000 24.523069 1.510415 0.151084
 11871.000000 24.575376 1.515851 0.168890
 11874.000000 24.586898 1.492807 0.128958
 11877.000000 24.477742 1.513752 0.161490
 11880.000000 24.504233 1.511931 0.137430
 11883.000000 24.534283 1.498303 0.124830
 11886.000000 24.484949 1.531813 0.152600
 11889.000000 24.477935 1.528867 0.168372
 11892.000000 24.427275 1.515027 0.150462
 11895.000000 24.402194 1.520730 0.152929
 11898.000000 24.477156 1.520014 0.142043
 11901.000000 24.440904 1.539705 0.129835
 11904.000000 24.474653 1.546187 0.138294
 11907.000000 24.530218 1.549021 0.178453
 11910.000000 24.581960 1.527644 0.147984
 11913.000000 24.599769 1.528661 0.161187
 11916.000000 24.628238 1.523322 0.163448
 11919.000000 24.578839 1.534693 0.171263
 11922.000000 24.587314 1.514657 0.133279
 11925.000000 24.468902 1.549030 0.158480
 11928.000000 24.500196 1.516250 0.133449
 11931.000000 24.545510 1.545025 0.176145
 11934.000000 24.464271 1.545443 0.162900
 11937.000000 24.408515 1.514708 0.120776
 11940.000000 24.585455 1.519098 0.139199
 11943.000000 24.597645 1.528457 0.165612
 11946.000000 24.551101 1.535792 0.156799
 11949.000000 24.464045 1.521600 0.166717
 11952.000000 24.350047 1.549664 0.192240
 11955.000000 24.414441 1.564572 0.195156
 11958.000000 24.339859 1.565685 0.192068
 11961.000000 24.356676 1.558047 0.192110
 11964.000000 24.387957 1.562279 0.206373
 11967.000000 24.382213 1.549104 0.206005
 11970.000000 24.468533 1.544019 0.176895
 11973.000000 24.466203 1.525542 0.172773
 11976.000000 24.390751 1.530437 0.145069
 11979.000000 24.562986 1.557302 0.184759
 11982.000000 24.526716 1.537864 0.182352
 11985.000000 24.483178 1.538957 0.177631
 11988.000000 24.611953 1.554739 0.197344
 11991.000000 24.581403 1.564693 0.189784
 11994.000000 24.564173 1.557110 0.148522
 11997.000000 24.559204 1.560304 0.116353
 12000.000000 24.647007 1.558876 0.134773
 12003.000000 24.625616 1.563508 0.122458
 12006.000000 24.603020 1.536663 0.113959
 12009.000000 24.546733 1.534190 0.136725
 12012.000000 24.561000 1.570931 0.132482
 12015.000000 24.583495 1.575970 0.124180
 12018.000000 24.547275 1.567488 0.144024
 12021.000000 24.519713 1.565456 0.151861
 12024.000000 24.616353 1.528409 0.094298
 12027.000000 24.516159 1.569160 0.156855
 12030.000000 24.574536 1.556750 0.141169
 12033.000000 24.584628 1.573333 0.127519
 12036.000000 24.427485 1.567312 0.087281
 12039.000000 24.432798 1.579114 0.117338
 12042.000000 24.403273 1.596481 0.105749
 12045.000000 24.468465 1.583713 0.111935
 12048.000000 24.483181 1.583345 0.133157
 12051.000000 24.397462 1.578507 0.141461
 12054.000000 24.483646 1.563180 0.130844
 12057.000000 24.496613 1.550797 0.116689
 12060.000000 24.454566 1.541214 0.118744
 12063.000000 24.426418 1.561856 0.118079
 12066.000000 24.353110 1.566387 0.127751
 12069.000000 24.359341 1.533173 0.094337
 12072.000000 24.362688 1.576948 0.144929
 12075.000000 24.322044 1.537620 0.064336
 12078.000000 24.417567 1.542764 0.098797
 12081.000000 24.381337 1.574719 0.172202
 12084.000000 24.401771 1.540705 0.154207
 12087.000000 24.359935 1.559697 0.198705
 12090.000000 24.418297 1.541540 0.187112
 12093.000000 24.341580 1.545176 0.200040
 12096.000000 24.322994 1.532812 0.217723
 12099.000000 24.333686 1.554195 0.231280
 12102.000000 24.437721 1.516939 0.165614
 12105.000000 24.466235 1.519614 0.104093
 12108.000000 24.448174 1.533019 0.142405
 12111.000000 24.418263 1.550875 0.139648
 12114.000000 24.328660 1.543048 0.140895
 12117.000000 24.393599 1.568792 0.148755
 12120.000000 24.390113 1.547801 0.116080
 12123.000000 24.424119 1.491090 0.084133
 12126.000000 24.465560 1.511222 0.102593
 12129.000000 24.361179 1.513019 0.111538
 12132.000000 24.360170 1.526982 0.091722
 12135.000000 24.301649 1.537701 0.096241
 12138.000000 24.406993 1.531843 0.112053
 12141.000000 24.352567 1.541711 0.099644
 12144.000000 24.300219 1.549151 0.134192
 12147.000000 24.307935 1.542919 0.121165
 12150.000000 24.361049 1.566508 0.125609
 12153.000000 24.426417 1.552350 0.122639
 12156.000000 24.420912 1.580740 0.173421
 12159.000000 24.389296 1.572911 0.157808
 12162.000000 24.453329 1.588899 0.136572
 12165.000000 24.437318 1.620520 0.150838
 12168.000000 24.461697 1.596022 0.125017
 12171.000000 24.477590 1.613506 0.139078
 12174.000000 24.413624 1.606932 0.129746
 12177.000000 24.323066 1.583106 0.088884
 12180.000000 24.387278 1.586496 0.110667
 12183.000000 24.462539 1.594342 0.123074
 12186.000000 24.419735 1.587713 0.135669
 12189.000000 24.438066 1.590082 0.128975
 12192.000000 24.398574 1.596705 0.132052
 12195.000000 24.426038 1.653919 0.178165
 12198.000000 24.355401 1.624016 0.145136
 12201.000000 24.349464 1.639601 0.152397
 12204.000000 24.400432 1.631865 0.144316
 12207.000000 24.500427 1.621227 0.146014
 12210.000000 24.542134 1.635383 0.115695
 12213.000000 24.565529 1.620065 0.117388
 12216.000000 24.488595 1.613626 0.166818
 12219.000000 24.464565 1.635334 0.172527
 12222.000000 24.486894 1.624784 0.109811
 12225.000000 24.482377 1.622667 0.130411
 12228.000000 24.500636 1.598719 0.115428
 12231.000000 24.443355 1.574183 0.072677
 12234.000000 24.487374 1.584437 0.085679
 12237.000000 24.429455 1.592565 0.131556
 12240.000000 24.429468 1.589223 0.117662
 12243.000000 24.459782 1.558828 0.117959
 12246.000000 24.452869 1.574980 0.076554
 12249.000000 24.475396 1.582768 0.132515
 12252.000000 24.505892 1.578195 0.164570
 12255.000000 24.482529 1.600226 0.177806
 12258.000000 24.433211 1.599200 0.150911
 12261.000000 24.411251 1.602679 0.146865
 12264.000000 24.309622 1.599379 0.159671
 12267.000000 24.397831 1.566530 0.146464
 12270.000000 24.373768 1.577247 0.132399
 12273.000000 24.421563 1.593619 0.104583
 12276.000000 24.357135 1.611802 0.127445
 12279.000000 24.326449 1.639627 0.131177
 12282.000000 24.294983 1.628042 0.146452
 12285.000000 24.264982 1.588851 0.088454
 12288.000000 24.232575 1.561222 0.093112
 12291.000000 24.267092 1.579695 0.059061
 12294.000000 24.256727 1.569168 0.069754
 12297.000000 24.242748 1.576931 0.109918
 12300.000000 24.342048 1.581881 0.115845
 12303.000000 24.350688 1.588849 0.106023
 12306.000000 24.428162 1.579152 0.098509
 12309.000000 24.468540 1.571615 0.127544
 12312.000000 24.449849 1.577438 0.126161
 12315.000000 24.402008 1.607165 0.138526
 12318.000000 24.434920 1.588303 0.142057
 12321.000000 24.519824 1.585113 0.117806
 12324.000000 24.522927 1.568218 0.079813
 12327.000000 24.459029 1.567076 0.123135
 12330.000000 24.420247 1.595306 0.130991
 12333.000000 24.435387 1.587855 0.148981
 12336.000000 24.415505 1.612320 0.189128
 12339.000000 24.371531 1.600500 0.184135
 12342.000000 24.378721 1.601637 0.190872
 12345.000000 24.388936 1.574353 0.154183
 12348.000000 24.359518 1.568110 0.156223
 12351.000000 24.321041 1.556819 0.161720
 12354.000000 24.367797 1.564342 0.128484
 12357.000000 24.360657 1.587014 0.120927
 12360.000000 24.351129 1.588013 0.130005
 12363.000000 24.404232 1.595772 0.123229
 12366.000000 24.273330 1.626915 0.160117
 12369.000000 24.236663 1.608072 0.128620
 12372.000000 24.225742 1.618859 0.129035
 12375.000000 24.287009 1.616263 0.123437
 12378.000000 24.270092 1.630503 0.133226
 12381.000000 24.260825 1.600427 0.114166
 12384.000000 24.339602 1.600625 0.101134
 12387.000000 24.323132 1.599975 0.124330
 12390.000000 24.340018 1.588161 0.097259
 12393.000000 24.307137 1.630671 0.167258
 12396.000000 24.381687 1.608960 0.166904
 12399.000000 24.413862 1.615688 0.183559
 12402.000000 24.437720 1.587594 0.138194
 12405.000000 24.407507 1.575479 0.101430
 12408.000000 24.417310 1.580782 0.110093
 12411.000000 24.454287 1.556558 0.103630
 12414.000000 24.432500 1.568872 0.126463
 12417.000000 24.469016 1.613689 0.158089
 12420.000000 24.451148 1.620529 0.155218
 12423.000000 24.477694 1.616884 0.177383
 12426.000000 24.519712 1.613981 0.163139
 12429.000000 24.459480 1.590257 0.150872
 12432.000000 24.396660 1.576528 0.152663
 12435.000000 24.424463 1.599050 0.171071
 12438.000000 24.397479 1.627960 0.213416
 12441.000000 24.476294 1.626753 0.202715
 12444.000000 24.483636 1.594693 0.224807
 12447.000000 24.505345 1.577692 0.225389
 12450.000000 24.566729 1.561246 0.196337
 12453.000000 24.575514 1.523092 0.157901
 12456.000000 24.505359 1.546972 0.177467
 12459.000000 24.521649 1.517481 0.161906
 12462.000000 24.651302 1.528765 0.161601
 12465.000000 24.479963 1.533822 0.167858
 12468.000000 24.474756 1.542106 0.144162
 12471.000000 24.459171 1.566133 0.169963
 12474.000000 24.503873 1.599098 0.200966
 12477.000000 24.583367 1.612075 0.180974
 12480.000000 24.650474 1.639950 0.211529
 12483.000000 24.539481 1.602880 0.208627
 12486.000000 24.503796 1.602823 0.207142
 12489.000000 24.500343 1.587194 0.221130
 12492.000000 24.486829 1.580398 0.217690
 12495.000000 24.547328 1.580354 0.202268
 12498.000000 24.436970 1.561060 0.168239
 12501.000000 24.410093 1.565117 0.183188
 12504.000000 24.480375 1.585117 0.219076
 12507.000000 24.492359 1.557653 0.166587
 12510.000000 24.471221 1.544315 0.168834
 12513.000000 24.498020 1.565446 0.196406
 12516.000000 24.545952 1.577290 0.207902
 12519.000000 24.558008 1.594701 0.218055
 12522.000000 24.545872 1.593691 0.209585
 12525.000000 24.483806 1.588095 0.190572
 12528.000000 24.435973 1.573594 0.185927
 12531.000000 24.486457 1.552041 0.157347
 12534.000000 24.457075 1.591977 0.190203
 12537.000000 24.427120 1.592535 0.192273
 12540.000000 24.402304 1.584784 0.204307
 12543.000000 24.321414 1.592750 0.192818
 12546.000000 24.327478 1.577808 0.153129
 12549.000000 24.329758 1.560487 0.149815
 12552.000000 24.382910 1.551588 0.115772
 12555.000000 24.401308 1.590202 0.169570
 12558.000000 24.410919 1.592297 0.204960
 12561.000000 24.480554 1.570045 0.164216
 12564.000000 24.427457 1.577425 0.147022
 12567.000000 24.415709 1.559756 0.117076
 12570.000000 24.423093 1.569753 0.150380
 12573.000000 24.420115 1.539268 0.128495
 12576.000000 24.489583 1.552952 0.163957
 12579.000000 24.456385 1.541175 0.125216
 12582.000000 24.514765 1.579411 0.134957
 12585.000000 24.537050 1.562203 0.117731
 12588.000000 24.648701 1.602935 0.155323
 12591.000000 24.795181 1.620069 0.175239
 12594.000000 24.729338 1.603251 0.166941
 12597.000000 24.682706 1.613690 0.154972
 12600.000000 24.661616 1.603985 0.150775
 12603.000000 24.712235 1.591149 0.131499
 12606.000000 24.676378 1.617096 0.157491
 12609.000000 24.637637 1.613766 0.149317
 12612.000000 24.628921 1.594275 0.134718
 12615.000000 24.575535 1.586818 0.129796
 12618.000000 24.584741 1.593207 0.149426
 12621.000000 24.527113 1.608219 0.129610
 12624.000000 24.552546 1.614411 0.148697
 12627.000000 24.534351 1.633844 0.200292
 12630.000000 24.584996 1.644956 0.189033
 12633.000000 24.599613 1.633867 0.157349
 12636.000000 24.546117 1.596534 0.152794
 12639.000000 24.639986 1.617223 0.147857
 12642.000000 24.739851 1.601821 0.130126
 12645.000000 24.742618 1.625861 0.158907
 12648.000000 24.683072 1.574283 0.117198
 12651.000000 24.644682 1.580894 0.129415
 12654.000000 24.642683 1.566521 0.135379
 12657.000000 24.543341 1.582679 0.151172
 12660.000000 24.582310 1.559452 0.103179
 12663.000000 24.592726 1.567484 0.104918
 12666.000000 24.621189 1.592394 0.150264
 12669.000000 24.624363 1.569962 0.129182
 12672.000000 24.647747 1.580136 0.158312
 12675.000000 24.653542 1.572271 0.127511
 12678.000000 24.594843 1.567973 0.153268
 12681.000000 24.640593 1.583864 0.140806
 12684.000000 24.500593 1.571123 0.148244
 12687.000000 24.483836 1.537000 0.111872
 12690.000000 24.510273 1.553266 0.140102
 12693.000000 24.473866 1.564221 0.143126
 12696.000000 24.580850 1.561714 0.121076
 12699.000000 24.594874 1.583222 0.139046
 12702.000000 24.547792 1.627878 0.159649
 12705.000000 24.481745 1.601369 0.147439
 12708.000000 24.455693 1.595845 0.140350
 12711.000000 24.506954 1.589164 0.134714
 12714.000000 24.514216 1.596182 0.137922
 12717.000000 24.483871 1.584525 0.097522
 12720.000000 24.390841 1.596046 0.100921
 12723.000000 24.410764 1.599909 0.105395
 12726.000000 24.384759 1.581204 0.087340
 12729.000000 24.296036 1.603977 0.128904
 12732.000000 24.342534 1.583645 0.081110
 12735.000000 24.378143 1.566938 0.047307
 12738.000000 24.388384 1.561148 0.054425
 12741.000000 24.399896 1.536063 0.049349
 12744.000000 24.352218 1.537026 0.070873
 12747.000000 24.412423 1.529567 0.045493
 12750.000000 24.403120 1.539618 0.067108
 12753.000000 24.462686 1.558861 0.081411
 12756.000000 24.387226 1.574502 0.092773
 12759.000000 24.411924 1.555300 0.069580
 12762.000000 24.486952 1.583813 0.140185
 12765.000000 24.391152 1.603595 0.184096
 12768.000000 24.504180 1.586466 0.161362
 12771.000000 24.478151 1.576326 0.149227
 12774.000000 24.477735 1.590708 0.178233
 12777.000000 24.427141 1.574243 0.172821
 12780.000000 24.415383 1.573455 0.156938
 12783.000000 24.404412 1.558602 0.229022
 12786.000000 24.434631 1.570396 0.197675
 12789.000000 24.468374 1.566480 0.171553
 12792.000000 24.429335 1.576884 0.151247
 12795.000000 24.420482 1.558200 0.151145
 12798.000000 24.407776 1.572127 0.132794
 12801.000000 24.397759 1.561423 0.177951
 12804.000000 24.390903 1.547921 0.139018
 12807.000000 24.349521 1.579355 0.163031
 12810.000000 24.427091 1.562453 0.091386
 12813.000000 24.345925 1.546347 0.070855
 12816.000000 24.349550 1.551566 0.105213
 12819.000000 24.407414 1.561638 0.127159
 12822.000000 24.313057 1.592771 0.151141
 12825.000000 24.397374 1.559472 0.163496
 12828.000000 24.320570 1.565007 0.180973
 12831.000000 24.346788 1.572865 0.188217
 12834.000000 24.326356 1.593731 0.154936
 12837.000000 24.370596 1.575730 0.124529
 12840.000000 24.367104 1.580493 0.165482
 12843.000000 24.423635 1.554033 0.102387
 12846.000000 24.391268 1.578886 0.116936
 12849.000000 24.392110 1.562610 0.105538
 12852.000000 24.378226 1.570562 0.108630
 12855.000000 24.434450 1.570807 0.070252
 12858.000000 24.443168 1.541903 0.038342
 12861.000000 24.418268 1.557460 0.064809
 12864.000000 24.347139 1.575237 0.087764
 12867.000000 24.432620 1.569763 0.101389
 12870.000000 24.496590 1.553712 0.104096
 12873.000000 24.500423 1.567017 0.107207
 12876.000000 24.559887 1.553901 0.139640
 12879.000000 24.570604 1.544748 0.108730
 12882.000000 24.584777 1.524702 0.107649
 12885.000000 24.519812 1.540301 0.097797
 12888.000000 24.508812 1.538020 0.091230
 12891.000000 24.526773 1.558750 0.052476
 12894.000000 24.568258 1.568541 0.096871
 12897.000000 24.613760 1.561513 0.096710
 12900.000000 24.648581 1.562326 0.102867
 12903.000000 24.613475 1.558559 0.121708
 12906.000000 24.551951 1.551656 0.084939
 12909.000000 24.503401 1.563533 0.077992
 12912.000000 24.419351 1.587375 0.076385
 12915.000000 24.412849 1.592107 0.146209
 12918.000000 24.391900 1.563584 0.133757
 12921.000000 24.389686 1.581025 0.083956
 12924.000000 24.399933 1.579422 0.107169
 12927.000000 24.360157 1.581098 0.112059
 12930.000000 24.342113 1.595381 0.122074
 12933.000000 24.272271 1.581872 0.143721
 12936.000000 24.359441 1.575674 0.124767
 12939.000000 24.370115 1.578585 0.121898
 12942.000000 24.396481 1.579983 0.126598
 12945.000000 24.391766 1.572362 0.089358
 12948.000000 24.417629 1.575456 0.096718
 12951.000000 24.429344 1.589419 0.090892
 12954.000000 24.473634 1.601185 0.142879
 12957.000000 24.431998 1.581928 0.121990
 12960.000000 24.428238 1.588104 0.125343
 12963.000000 24.465001 1.590037 0.100593
 12966.000000 24.499514 1.584461 0.090322
 12969.000000 24.496643 1.606776 0.102431
 12972.000000 24.442137 1.588008 0.078591
 12975.000000 24.413027 1.593337 0.070755
 12978.000000 24.382018 1.619264 0.114587
 12981.000000 24.396334 1.613512 0.094029
 12984.000000 24.297661 1.613255 0.077126
 12987.000000 24.345453 1.601460 0.055180
 12990.000000 24.306791 1.624500 0.069209
 12993.000000 24.321031 1.643755 0.087882
 12996.000000 24.283796 1.604287 0.056386
 12999.000000 24.336921 1.600352 0.056974
 13002.000000 24.416457 1.588721 0.059391
 13005.000000 24.462533 1.595205 0.082152
 13008.000000 24.505192 1.596227 0.117403
 13011.000000 24.505535 1.607760 0.108158
 13014.000000 24.442826 1.617139 0.153535
 13017.000000 24.442642 1.581356 0.115296
 13020.000000 24.490787 1.566789 0.092929
 13023.000000 24.529062 1.600719 0.116725
 13026.000000 24.589508 1.606432 0.155849
 13029.000000 24.485649 1.593459 0.101770
 13032.000000 24.488602 1.604072 0.114855
 13035.000000 24.523183 1.602147 0.115951
 13038.000000 24.515507 1.593476 0.096463
 13041.000000 24.508596 1.596007 0.121427
 13044.000000 24.442687 1.602671 0.120157
 13047.000000 24.369876 1.599349 0.136679
 13050.000000 24.318539 1.613836 0.145612
 13053.000000 24.322267 1.602830 0.131103
 13056.000000 24.231113 1.526478 0.116274
 13059.000000 24.285345 1.575374 0.142950
 13062.000000 24.387022 1.580222 0.131716
 13065.000000 24.399375 1.586920 0.121756
 13068.000000 24.359412 1.603014 0.128503
 13071.000000 24.362161 1.599047 0.127377
 13074.000000 24.397413 1.626897 0.138906
 13077.000000 24.346033 1.618906 0.133325
 13080.000000 24.444457 1.613917 0.171939
 13083.000000 24.409789 1.575561 0.116919
 13086.000000 24.573361 1.590895 0.145501
 13089.000000 24.505506 1.618690 0.146849
 13092.000000 24.510652 1.595912 0.122294
 13095.000000 24.573579 1.569001 0.113803
 13098.000000 24.567432 1.614430 0.156037
 13101.000000 24.502570 1.628439 0.143917
 13104.000000 24.496796 1.625625 0.157697
 13107.000000 24.487795 1.601392 0.126652
 13110.000000 24.518578 1.589823 0.144201
 13113.000000 24.544634 1.611294 0.152198
 13116.000000 24.611326 1.601238 0.132242
 13119.000000 24.611608 1.602514 0.131938
 13122.000000 24.550860 1.594331 0.125272
 13125.000000 24.510812 1.593591 0.135625
 13128.000000 24.557323 1.588089 0.113115
 13131.000000 24.615731 1.595442 0.110339
 13134.000000 24.574140 1.595559 0.115509
 13137.000000 24.513766 1.611691 0.100351
 13140.000000 24.648003 1.608179 0.128093
 13143.000000 24.603735 1.602866 0.129900
 13146.000000 24.633617 1.620973 0.153550
 13149.000000 24.649501 1.620602 0.138322
 13152.000000 24.653709 1.612220 0.119186
 13155.000000 24.632224 1.607336 0.136981
 13158.000000 24.622322 1.585283 0.132390
 13161.000000 24.599687 1.591089 0.148636
 13164.000000 24.582263 1.586140 0.177173
 13167.000000 24.561052 1.559247 0.161784
 13170.000000 24.580440 1.544382 0.134991
 13173.000000 24.511457 1.539325 0.155543
 13176.000000 24.578638 1.530444 0.109155
 13179.000000 24.625369 1.512551 0.106711
 13182.000000 24.485796 1.548353 0.134356
 13185.000000 24.478535 1.510046 0.102395
 13188.000000 24.520846 1.521951 0.120053
 13191.000000 24.534658 1.521892 0.124766
 13194.000000 24.536396 1.502991 0.115560
 13197.000000 24.545612 1.487316 0.112199
 13200.000000 24.523813 1.483066 0.137202
 13203.000000 24.485492 1.496048 0.142182
 13206.000000 24.535223 1.523812 0.145130
 13209.000000 24.496634 1.525278 0.156029
 13212.000000 24.432671 1.535213 0.150014
 13215.000000 24.464769 1.550473 0.185461
 13218.000000 24.482671 1.556490 0.165189
 13221.000000 24.504830 1.560948 0.142048
 13224.000000 24.393347 1.573449 0.166227
 13227.000000 24.373261 1.566747 0.159766
 13230.000000 24.467138 1.545869 0.163097
 13233.000000 24.505970 1.595990 0.197955
 13236.000000 24.494032 1.578146 0.195551
 13239.000000 24.467301 1.586733 0.171389
 13242.000000 24.381421 1.558678 0.159822
 13245.000000 24.333586 1.580787 0.186508
 13248.000000 24.415473 1.564871 0.185224
 13251.000000 24.338830 1.553016 0.184151
 13254.000000 24.297138 1.557887 0.187787
 13257.000000 24.365780 1.565762 0.174241
 13260.000000 24.406335 1.556267 0.116804
 13263.000000 24.399457 1.582413 0.160391
 13266.000000 24.385171 1.605431 0.171500
 13269.000000 24.384948 1.584659 0.192331
 13272.000000 24.443662 1.552626 0.170708
 13275.000000 24.523308 1.536411 0.152467
 13278.000000 24.549483 1.543377 0.159050
 13281.000000 24.573382 1.554817 0.156144
 13284.000000 24.679004 1.531836 0.166701
 13287.000000 24.596672 1.527505 0.151947
 13290.000000 24.645393 1.525630 0.162474
 13293.000000 24.641755 1.540534 0.143834
 13296.000000 24.616704 1.547210 0.140252
 13299.000000 24.614401 1.575555 0.133435
 13302.000000 24.567415 1.558760 0.103644
 13305.000000 24.544769 1.544954 0.104639
 13308.000000 24.647161 1.572251 0.153844
 13311.000000 24.596326 1.550680 0.117936
 13314.000000 24.569815 1.529127 0.110134
 13317.000000 24.570925 1.572095 0.130085
 13320.000000 24.630832 1.558097 0.128716
 13323.000000 24.654069 1.552349 0.135356
 13326.000000 24.681697 1.533895 0.147731
 13329.000000 24.717576 1.546412 0.122871
 13332.000000 24.685613 1.530593 0.132529
 13335.000000 24.681726 1.543571 0.137029
 13338.000000 24.773987 1.543875 0.134047
 13341.000000 24.721387 1.571399 0.187724
 13344.000000 24.689385 1.578999 0.133316
 13347.000000 24.664665 1.582422 0.131721
 13350.000000 24.674507 1.606099 0.156935
 13353.000000 24.691807 1.599420 0.150064
 13356.000000 24.670537 1.596444 0.126488
 13359.000000 24.654641 1.567358 0.110909
 13362.000000 24.669565 1.582399 0.161551
 13365.000000 24.662959 1.557141 0.137366
 13368.000000 24.656821 1.561232 0.129925
 13371.000000 24.593396 1.573013 0.123351
 13374.000000 24.680802 1.576084 0.143221
 13377.000000 24.717110 1.554461 0.113702
 13380.000000 24.678132 1.569220 0.139506
 13383.000000 24.629291 1.579143 0.132981
 13386.000000 24.618250 1.564501 0.126447
 13389.000000 24.591491 1.563046 0.111588
 13392.000000 24.560073 1.534596 0.099613
 13395.000000 24.580610 1.541178 0.102460
 13398.000000 24.526413 1.522869 0.090082
 13401.000000 24.477670 1.528702 0.101307
 13404.000000 24.443024 1.545876 0.101943
 13407.000000 24.481225 1.552512 0.112681
 13410.000000 24.511410 1.540113 0.125638
 13413.000000 24.576771 1.546930 0.114132
 13416.000000 24.498359 1.544778 0.101081
 13419.000000 24.379426 1.538086 0.120281
 13422.000000 24.402562 1.520588 0.112532
 13425.000000 24.492465 1.530847 0.145994
 13428.000000 24.560610 1.526810 0.141954
 13431.000000 24.589916 1.552466 0.133031
 13434.000000 24.531934 1.567601 0.153539
 13437.000000 24.555186 1.546317 0.150960
 13440.000000 24.571671 1.542619 0.131500
 13443.000000 24.603198 1.529351 0.121567
 13446.000000 24.603021 1.542115 0.141639
 13449.000000 24.599681 1.574315 0.118929
 13452.000000 24.581374 1.540287 0.124056
 13455.000000 24.593553 1.541790 0.152937
 13458.000000 24.527289 1.550248 0.103187
 13461.000000 24.610574 1.572545 0.125634
 13464.000000 24.589057 1.577753 0.104517
 13467.000000 24.604543 1.572296 0.104222
 13470.000000 24.499687 1.573123 0.081951
 13473.000000 24.558249 1.581202 0.065175
 13476.000000 24.604398 1.568175 0.077125
 13479.000000 24.605185 1.557848 0.101755
 13482.000000 24.553594 1.559887 0.098279
 13485.000000 24.587469 1.560277 0.135992
 13488.000000 24.511126 1.586973 0.175029
 13491.000000 24.515314 1.568266 0.137219
 13494.000000 24.608282 1.587183 0.160419
 13497.000000 24.613600 1.585875 0.135726
 13500.000000 24.618090 1.580881 0.139488
 13503.000000 24.595933 1.544648 0.109491
 13506.000000 24.572333 1.535286 0.116195
 13509.000000 24.588333 1.545751 0.142634
 13512.000000 24.557564 1.554547 0.163002
 13515.000000 24.523912 1.606077 0.181772
 13518.000000 24.566925 1.590215 0.197888
 13521.000000 24.605874 1.604715 0.232287
 13524.000000 24.566309 1.585082 0.202387
 13527.000000 24.632129 1.580450 0.178604
 13530.000000 24.609613 1.591233 0.122195
 13533.000000 24.619175 1.615365 0.112817
 13536.000000 24.463635 1.602260 0.159243
 13539.000000 24.568594 1.601564 0.162363
 13542.000000 24.535329 1.601590 0.134656
 13545.000000 24.593075 1.606862 0.160597
 13548.000000 24.553021 1.578876 0.147741
 13551.000000 24.531162 1.561788 0.159898
 13554.000000 24.585926 1.563605 0.139225
 13557.000000 24.507201 1.574119 0.134220
 13560.000000 24.482853 1.583558 0.162651
 13563.000000 24.481756 1.561322 0.115449
 13566.000000 24.393348 1.577142 0.115656
 13569.000000 24.437802 1.547270 0.115556
 13572.000000 24.444363 1.552502 0.098059
 13575.000000 24.445245 1.566609 0.121616
 13578.000000 24.384571 1.570490 0.105359
 13581.000000 24.439182 1.574630 0.087536
 13584.000000 24.445518 1.574224 0.069258
 13587.000000 24.347998 1.571628 0.086140
 13590.000000 24.383749 1.569537 0.092499
 13593.000000 24.346041 1.544496 0.060298
 13596.000000 24.384782 1.571698 0.094765
 13599.000000 24.438825 1.588747 0.104947
 13602.000000 24.372906 1.563178 0.083967
 13605.000000 24.245991 1.528686 0.124269
 13608.000000 24.364269 1.577993 0.155691
 13611.000000 24.374663 1.582605 0.163145
 13614.000000 24.416560 1.589112 0.161284
 13617.000000 24.464678 1.593131 0.158751
 13620.000000 24.518316 1.561301 0.152349
 13623.000000 24.478622 1.561270 0.201400
 13626.000000 24.460832 1.554146 0.143092
 13629.000000 24.458059 1.579721 0.170671
 13632.000000 24.487690 1.588359 0.130897
 13635.000000 24.494325 1.596634 0.167467
 13638.000000 24.408823 1.571636 0.113013
 13641.000000 24.428032 1.576668 0.107189
 13644.000000 24.431825 1.587653 0.047017
 13647.000000 24.454731 1.579653 0.054357
 13650.000000 24.508034 1.598090 0.079906
 13653.000000 24.502274 1.582310 0.111518
 13656.000000 24.471547 1.601807 0.126403
 13659.000000 24.518983 1.582922 0.113830
 13662.000000 24.518115 1.574534 0.143797
 13665.000000 24.522248 1.575059 0.139400
 13668.000000 24.526445 1.561661 0.116384
 13671.000000 24.403959 1.563599 0.104972
 13674.000000 24.422347 1.552205 0.125814
 13677.000000 24.400610 1.567317 0.120835
 13680.000000 24.402935 1.543500 0.121242
 13683.000000 24.378596 1.534421 0.130348
 13686.000000 24.439696 1.516643 0.120411
 13689.000000 24.393300 1.538104 0.161816
 13692.000000 24.399090 1.526040 0.135612
 13695.000000 24.512541 1.531344 0.126029
 13698.000000 24.437059 1.530250 0.120538
 13701.000000 24.470760 1.533712 0.093148
 13704.000000 24.418648 1.531098 0.096101
 13707.000000 24.431884 1.514077 0.105259
 13710.000000 24.505906 1.522581 0.130275
 13713.000000 24.500562 1.549459 0.160197
 13716.000000 24.461606 1.537043 0.163532
 13719.000000 24.433314 1.532234 0.152067
 13722.000000 24.386229 1.521799 0.150335
 13725.000000 24.397238 1.548257 0.158347
 13728.000000 24.434461 1.528558 0.139936
 13731.000000 24.404362 1.556495 0.176673
 13734.000000 24.389848 1.534338 0.138662
 13737.000000 24.384805 1.566046 0.165882
 13740.000000 24.448360 1.565707 0.175152
 13743.000000 24.475263 1.575695 0.157926
 13746.000000 24.455160 1.577508 0.144372
 13749.000000 24.523875 1.565917 0.122172
 13752.000000 24.467312 1.546243 0.133380
 13755.000000 24.417212 1.568905 0.133503
 13758.000000 24.421258 1.547937 0.112284
 13761.000000 24.357035 1.555877 0.156150
 13764.000000 24.409054 1.519320 0.149535
 13767.000000 24.322339 1.541319 0.155657
 13770.000000 24.293482 1.535953 0.164087
 13773.000000 24.338808 1.549378 0.115080
 13776.000000 24.339065 1.546119 0.133313
 13779.000000 24.394858 1.572287 0.149778
 13782.000000 24.374937 1.588924 0.165003
 13785.000000 24.335784 1.584004 0.136461
 13788.000000 24.380659 1.552535 0.118844
 13791.000000 24.329402 1.604616 0.182763
 13794.000000 24.352193 1.597876 0.174592
 13797.000000 24.488461 1.582220 0.141864
 13800.000000 24.427295 1.576560 0.146650
 13803.000000 24.494734 1.604405 0.162821
 13806.000000 24.512112 1.585409 0.165399
 13809.000000 24.624181 1.579280 0.160454
 13812.000000 24.576285 1.566375 0.157432
 13815.000000 24.607517 1.548143 0.168467
 13818.000000 24.590570 1.569144 0.117280
 13821.000000 24.575580 1.576194 0.163895
 13824.000000 24.522046 1.576391 0.128314
 13827.000000 24.493424 1.595106 0.143871
 13830.000000 24.538990 1.585973 0.127018
 13833.000000 24.465878 1.604409 0.113343
 13836.000000 24.531247 1.584186 0.095938
 13839.000000 24.453465 1.596948 0.105438
 13842.000000 24.457280 1.604379 0.130013
 13845.000000 24.498995 1.607760 0.153141
 13848.000000 24.407789 1.572462 0.137654
 13851.000000 24.372388 1.586861 0.160368
 13854.000000 24.419424 1.582160 0.134858
 13857.000000 24.329376 1.584890 0.136793
 13860.000000 24.316656 1.570349 0.130029
 13863.000000 24.320531 1.548805 0.143014
 13866.000000 24.236356 1.545965 0.120986
 13869.000000 24.381378 1.565217 0.113134
 13872.000000 24.414112 1.534974 0.129957
 13875.000000 24.366848 1.536251 0.114156
 13878.000000 24.405894 1.551249 0.124571
 13881.000000 24.456298 1.550206 0.130600
 13884.000000 24.417081 1.558832 0.130720
 13887.000000 24.428538 1.548172 0.136696
 13890.000000 24.398600 1.540935 0.167182
 13893.000000 24.430372 1.545294 0.202790
 13896.000000 24.389123 1.519850 0.179702
 13899.000000 24.326275 1.539761 0.181703
 13902.000000 24.405487 1.547216 0.176854
 13905.000000 24.453427 1.562707 0.209210
 13908.000000 24.490558 1.552216 0.183130
 13911.000000 24.478542 1.567463 0.179281
 13914.000000 24.384603 1.568133 0.172755
 13917.000000 24.486060 1.596087 0.197185
 13920.000000 24.544868 1.590983 0.188356
 13923.000000 24.507325 1.604917 0.213818
 13926.000000 24.483624 1.600336 0.177120
 13929.000000 24.580840 1.600322 0.171178
 13932.000000 24.589671 1.605233 0.160021
 13935.000000 24.539895 1.601315 0.161135
 13938.000000 24.523361 1.602327 0.149556
 13941.000000 24.604880 1.593777 0.134461
 13944.000000 24.552690 1.633365 0.177675
 13947.000000 24.503604 1.597702 0.131608
 13950.000000 24.461272 1.622731 0.145449
 13953.000000 24.534042 1.617248 0.174886
 13956.000000 24.523880 1.606481 0.148326
 13959.000000 24.446382 1.592889 0.139709
 13962.000000 24.487294 1.588120 0.154998
 13965.000000 24.544294 1.588021 0.178529
 13968.000000 24.479652 1.574676 0.170071
 13971.000000 24.473379 1.581008 0.182675
 13974.000000 24.484424 1.618435 0.184160
 13977.000000 24.428605 1.592062 0.153204
 13980.000000 24.460903 1.586823 0.187666
 13983.000000 24.518615 1.562084 0.140519
 13986.000000 24.503398 1.553665 0.128311
 13989.000000 24.599744 1.545453 0.127266
 13992.000000 24.596980 1.561883 0.168953
 13995.000000 24.586639 1.540842 0.198436
 13998.000000 24.616770 1.539312 0.160474
 14001.000000 24.550155 1.556849 0.174956
 14004.000000 24.587097 1.539733 0.173922
 14007.000000 24.605148 1.549668 0.170790
 14010.000000 24.608680 1.584220 0.181830
 14013.000000 24.626629 1.556665 0.117180
 14016.000000 24.599118 1.565031 0.128932
 14019.000000 24.591078 1.557122 0.168883
 14022.000000 24.542369 1.586883 0.188914
 14025.000000 24.524941 1.562670 0.149473
 14028.000000 24.470452 1.593242 0.158240
 14031.000000 24.404621 1.586807 0.192854
 14034.000000 24.434425 1.567077 0.157182
 14037.000000 24.545011 1.579672 0.170327
 14040.000000 24.600905 1.593132 0.195327
 14043.000000 24.524205 1.565108 0.185708
 14046.000000 24.571371 1.613118 0.214851
 14049.000000 24.512339 1.592441 0.168251
 14052.000000 24.506022 1.555106 0.126397
 14055.000000 24.509022 1.572687 0.160816
 14058.000000 24.509716 1.561283 0.154181
 14061.000000 24.538527 1.560643 0.153137
 14064.000000 24.629662 1.585062 0.166223
 14067.000000 24.618398 1.564074 0.144718
 14070.000000 24.622103 1.575235 0.149095
 14073.000000 24.684728 1.593596 0.138292
 14076.000000 24.642319 1.577762 0.103781
 14079.000000 24.641558 1.562447 0.113420
 14082.000000 24.701784 1.550600 0.079849
 14085.000000 24.647517 1.563084 0.122571
 14088.000000 24.566001 1.555935 0.122425
 14091.000000 24.540921 1.563142 0.117111
 14094.000000 24.589714 1.611897 0.181733
 14097.000000 24.553014 1.603589 0.175741
 14100.000000 24.541113 1.610558 0.166557
 14103.000000 24.493843 1.569723 0.151345
 14106.000000 24.606624 1.571686 0.142687
 14109.000000 24.609164 1.573185 0.137184
 14112.000000 24.621060 1.562091 0.143080
 14115.000000 24.524928 1.568688 0.155803
 14118.000000 24.482796 1.552292 0.142694
 14121.000000 24.499277 1.573560 0.126304
 14124.000000 24.549778 1.591312 0.153359
 14127.000000 24.531253 1.593745 0.180372
 14130.000000 24.488281 1.584413 0.164842
 14133.000000 24.490732 1.587753 0.163288
 14136.000000 24.558831 1.584882 0.147377
 14139.000000 24.521338 1.581641 0.122038
 14142.000000 24.510556 1.577651 0.123864
 14145.000000 24.526957 1.586375 0.164636
 14148.000000 24.486976 1.566454 0.127085
 14151.000000 24.482179 1.556849 0.109694
 14154.000000 24.472327 1.561272 0.136820
 14157.000000 24.447525 1.567886 0.154840
 14160.000000 24.537760 1.551798 0.119338
 14163.000000 24.507335 1.572253 0.132811
 14166.000000 24.429187 1.549705 0.126680
 14169.000000 24.410510 1.579094 0.219951
 14172.000000 24.359298 1.567574 0.168174
 14175.000000 24.406811 1.564319 0.203293
 14178.000000 24.440850 1.538930 0.144337
 14181.000000 24.487759 1.537031 0.137426
 14184.000000 24.435294 1.536182 0.111036
 14187.000000 24.434778 1.531076 0.152252
 14190.000000 24.417744 1.557523 0.196349
 14193.000000 24.438626 1.545631 0.162277
 14196.000000 24.405365 1.536309 0.151386
 14199.000000 24.388781 1.518294 0.161334
 14202.000000 24.414581 1.540789 0.128319
 14205.000000 24.457097 1.522328 0.100564
 14208.000000 24.424268 1.535426 0.101475
 14211.000000 24.411400 1.497518 0.068219
 14214.000000 24.391477 1.486094 0.096849
 14217.000000 24.457375 1.505386 0.100544
 14220.000000 24.419330 1.501767 0.104024
 14223.000000 24.454872 1.505602 0.109838
 14226.000000 24.407913 1.487050 0.109928
 14229.000000 24.446402 1.475745 0.140178
 14232.000000 24.480103 1.490408 0.141571
 14235.000000 24.500339 1.482093 0.124228
 14238.000000 24.516106 1.497815 0.147244
 14241.000000 24.591654 1.517957 0.155449
 14244.000000 24.647169 1.542849 0.195655
 14247.000000 24.631318 1.548979 0.197807
 14250.000000 24.594755 1.531958 0.189080
 14253.000000 24.638509 1.553638 0.164928
 14256.000000 24.729189 1.559620 0.155554
 14259.000000 24.675810 1.563754 0.178593
 14262.000000 24.637179 1.548415 0.197533
 14265.000000 24.599543 1.543352 0.160190
 14268.000000 24.619720 1.545081 0.169472
 14271.000000 24.701175 1.547803 0.176662
 14274.000000 24.630409 1.544509 0.156395
 14277.000000 24.666329 1.552669 0.197029
 14280.000000 24.665389 1.538018 0.219832
 14283.000000 24.620348 1.551931 0.207484
 14286.000000 24.608316 1.568674 0.208839
 14289.000000 24.543261 1.531772 0.181150
 14292.000000 24.503455 1.519051 0.183979
 14295.000000 24.460557 1.504975 0.181264
 14298.000000 24.526917 1.516145 0.168259
 14301.000000 24.511353 1.511138 0.156801
 14304.000000 24.419284 1.502443 0.179586
 14307.000000 24.453970 1.480175 0.147609
 14310.000000 24.385902 1.512028 0.171100
 14313.000000 24.422786 1.537468 0.194745
 14316.000000 24.404507 1.526244 0.206182
 14319.000000 24.409071 1.532262 0.197613
 14322.000000 24.354117 1.526701 0.168575
 14325.000000 24.373916 1.535884 0.157868
 14328.000000 24.360285 1.542209 0.159793
 14331.000000 24.458611 1.541191 0.158972
 14334.000000 24.352431 1.500774 0.138209
 14337.000000 24.313901 1.509292 0.148935
 14340.000000 24.362978 1.522492 0.139126
 14343.000000 24.351516 1.547621 0.174729
 14346.000000 24.331884 1.548509 0.157321
 14349.000000 24.354314 1.533547 0.149403
 14352.000000 24.380075 1.567266 0.149239
 14355.000000 24.390461 1.541190 0.105950
 14358.000000 24.489622 1.561217 0.148369
 14361.000000 24.449973 1.557918 0.113844
 14364.000000 24.447244 1.555401 0.152508
 14367.000000 24.457323 1.560554 0.143475
 14370.000000 24.353752 1.540260 0.158267
 14373.000000 24.309789 1.531231 0.138447
 14376.000000 24.301451 1.509788 0.151844
 14379.000000 24.420431 1.538942 0.157714
 14382.000000 24.453533 1.516438 0.161022
 14385.000000 24.469662 1.484798 0.126063
 14388.000000 24.382195 1.483375 0.096270
 14391.000000 24.386160 1.504040 0.142950
 14394.000000 24.389073 1.515678 0.148349
 14397.000000 24.364696 1.514703 0.159620
 14400.000000 24.366477 1.490921 0.125102
 14403.000000 24.393119 1.516668 0.115565
 14406.000000 24.458460 1.536870 0.133480
 14409.000000 24.500649 1.516467 0.124594
 14412.000000 24.444167 1.514866 0.132846
 14415.000000 24.517679 1.509158 0.143425
 14418.000000 24.523944 1.508903 0.145348
 14421.000000 24.531340 1.512736 0.156934
 14424.000000 24.483869 1.516684 0.107435
 14427.000000 24.467647 1.524408 0.128265
 14430.000000 24.495711 1.516392 0.116780
 14433.000000 24.433505 1.510428 0.158785
 14436.000000 24.451123 1.509818 0.159048
 14439.000000 24.477398 1.490898 0.127604
 14442.000000 24.514915 1.492454 0.160587
 14445.000000 24.498011 1.496858 0.130088
 14448.000000 24.558778 1.517502 0.145582
 14451.000000 24.488762 1.522472 0.141769
 14454.000000 24.499535 1.494259 0.110756
 14457.000000 24.550243 1.482205 0.112301
 14460.000000 24.471406 1.461931 0.079831
 14463.000000 24.430832 1.448000 0.106312
 14466.000000 24.401098 1.467667 0.131189
 14469.000000 24.380450 1.481634 0.127572
 14472.000000 24.430911 1.488987 0.145147
 14475.000000 24.459427 1.518229 0.124408
 14478.000000 24.459837 1.526765 0.137496
 14481.000000 24.406593 1.523576 0.127142
 14484.000000 24.445745 1.504874 0.134321
 14487.000000 24.431072 1.531603 0.116070
 14490.000000 24.464771 1.529338 0.127384
 14493.000000 24.460389 1.531384 0.109888
 14496.000000 24.455990 1.504452 0.099606
 14499.000000 24.501210 1.523117 0.112465
 14502.000000 24.492698 1.511065 0.128497
 14505.000000 24.410161 1.541499 0.096500
 14508.000000 24.471149 1.545697 0.117426
 14511.000000 24.477556 1.544351 0.096856
 14514.000000 24.506094 1.542396 0.108399
 14517.000000 24.415955 1.553422 0.098042
 14520.000000 24.476831 1.562165 0.091356
 14523.000000 24.377774 1.566317 0.119809
 14526.000000 24.356950 1.596511 0.128044
 14529.000000 24.358644 1.588811 0.102297
 14532.000000 24.383033 1.586723 0.134027
 14535.000000 24.502237 1.611461 0.121695
 14538.000000 24.542170 1.598469 0.109126
 14541.000000 24.494112 1.570145 0.087559
 14544.000000 24.459235 1.604040 0.116101
 14547.000000 24.373224 1.556715 0.107089
 14550.000000 24.390094 1.554823 0.076622
 14553.000000 24.426520 1.579651 0.123755
 14556.000000 24.545797 1.536118 0.128597
 14559.000000 24.575519 1.562361 0.124352
 14562.000000 24.546450 1.547839 0.073727
 14565.000000 24.505498 1.598547 0.106317
 14568.000000 24.477079 1.572214 0.077277
 14571.000000 24.447107 1.564490 0.085054
 14574.000000 24.418121 1.551355 0.056417
 14577.000000 24.377688 1.521311 0.058632
 14580.000000 24.372773 1.516310 0.074340
 14583.000000 24.464538 1.536660 0.064099
 14586.000000 24.499695 1.566854 0.095530
 14589.000000 24.517083 1.565180 0.138503
 14592.000000 24.541222 1.571878 0.118284
 14595.000000 24.602743 1.555359 0.127038
 14598.000000 24.604887 1.524866 0.154580
 14601.000000 24.638838 1.529661 0.159207
 14604.000000 24.576195 1.521312 0.151129
 14607.000000 24.502565 1.563606 0.172111
 14610.000000 24.476508 1.548745 0.180258
 14613.000000 24.487296 1.563908 0.188708
 14616.000000 24.505979 1.550984 0.171699
 14619.000000 24.552725 1.533654 0.134432
 14622.000000 24.576234 1.550878 0.134467
 14625.000000 24.522941 1.535580 0.153876
 14628.000000 24.468685 1.544555 0.121666
 14631.000000 24.465285 1.553178 0.099776
 14634.000000 24.379759 1.553565 0.146009
 14637.000000 24.392795 1.567137 0.137561
 14640.000000 24.469958 1.553934 0.135701
 14643.000000 24.501760 1.575505 0.130680
 14646.000000 24.460427 1.578284 0.150628
 14649.000000 24.378864 1.554435 0.126463
 14652.000000 24.375126 1.573085 0.114122
 14655.000000 24.366072 1.577148 0.145453
 14658.000000 24.338193 1.552669 0.135868
 14661.000000 24.303682 1.538805 0.129371
 14664.000000 24.393616 1.532624 0.118701
 14667.000000 24.390238 1.537336 0.150979
 14670.000000 24.399114 1.569282 0.159705
 14673.000000 24.424933 1.562936 0.168381
 14676.000000 24.467541 1.586218 0.155715
 14679.000000 24.513046 1.593816 0.180237
 14682.000000 24.541123 1.565496 0.131796
 14685.000000 24.395250 1.579277 0.119227
 14688.000000 24.288236 1.579982 0.142239
 14691.000000 24.354438 1.591312 0.167537
 14694.000000 24.376068 1.557371 0.129929
 14697.000000 24.383980 1.571677 0.151653
 14700.000000 24.399132 1.577462 0.146708
 14703.000000 24.416107 1.575085 0.184490
 14706.000000 24.465906 1.558365 0.147434
 14709.000000 24.512692 1.539088 0.109622
 14712.000000 24.448102 1.537426 0.127221
 14715.000000 24.423636 1.543589 0.121451
 14718.000000 24.420963 1.558270 0.137395
 14721.000000 24.414837 1.569530 0.114910
 14724.000000 24.426535 1.573681 0.116871
 14727.000000 24.476831 1.578103 0.098614
 14730.000000 24.411339 1.582253 0.105586
 14733.000000 24.386215 1.591437 0.108048
 14736.000000 24.426628 1.604676 0.151959
 14739.000000 24.427025 1.593544 0.151295
 14742.000000 24.441570 1.620795 0.168480
 14745.000000 24.398481 1.598303 0.115411
 14748.000000 24.423840 1.597802 0.136862
 14751.000000 24.517373 1.604165 0.138796
 14754.000000 24.627927 1.588697 0.131455
 14757.000000 24.551961 1.586607 0.141288
 14760.000000 24.603122 1.572992 0.132501
 14763.000000 24.530436 1.570970 0.077702
 14766.000000 24.455236 1.570549 0.109968
 14769.000000 24.478380 1.574664 0.129974
 14772.000000 24.460475 1.577012 0.113677
 14775.000000 24.508811 1.582783 0.130301
 14778.000000 24.531573 1.577406 0.112960
 14781.000000 24.603463 1.565753 0.123844
 14784.000000 24.543583 1.532421 0.109173
 14787.000000 24.561661 1.553513 0.099579
 14790.000000 24.517218 1.574902 0.112798
 14793.000000 24.514257 1.599744 0.134558
 14796.000000 24.468350 1.591992 0.119996
 14799.000000 24.403991 1.604731 0.149423
 14802.000000 24.439983 1.588549 0.108731
 14805.000000 24.421744 1.608187 0.106748
 14808.000000 24.529159 1.591181 0.104407
 14811.000000 24.557746 1.604802 0.134785
 14814.000000 24.581666 1.581814 0.096034
 14817.000000 24.494813 1.592184 0.133472
 14820.000000 24.521886 1.577439 0.118163
 14823.000000 24.555915 1.564296 0.127746
 14826.000000 24.554323 1.550494 0.118264
 14829.000000 24.571025 1.543134 0.161804
 14832.000000 24.444149 1.517675 0.127769
 14835.000000 24.446859 1.561106 0.139297
 14838.000000 24.411697 1.572469 0.163156
 14841.000000 24.433964 1.541987 0.147853
 14844.000000 24.455661 1.543734 0.133851
 14847.000000 24.449203 1.521800 0.149974
 14850.000000 24.453609 1.562180 0.168750
 14853.000000 24.520775 1.551586 0.189208
 14856.000000 24.465302 1.548799 0.193494
 14859.000000 24.503072 1.551373 0.195578
 14862.000000 24.472828 1.578949 0.188695
 14865.000000 24.474524 1.571095 0.184786
 14868.000000 24.474965 1.565798 0.172881
 14871.000000 24.560421 1.531633 0.120387
 14874.000000 24.535050 1.532283 0.151883
 14877.000000 24.597962 1.540914 0.138306
 14880.000000 24.535001 1.514811 0.113680
 14883.000000 24.558153 1.503098 0.115701
 14886.000000 24.594845 1.486167 0.093670
 14889.000000 24.660878 1.501108 0.109973
 14892.000000 24.650289 1.518977 0.129771
 14895.000000 24.637577 1.480372 0.141858
 14898.000000 24.709375 1.478407 0.145311
 14901.000000 24.639162 1.517140 0.140794
 14904.000000 24.599991 1.517826 0.135823
 14907.000000 24.621469 1.509910 0.143494
 14910.000000 24.573251 1.540624 0.160055
 14913.000000 24.540108 1.520313 0.161184
 14916.000000 24.583008 1.525216 0.179331
 14919.000000 24.527848 1.512327 0.151662
 14922.000000 24.558861 1.519605 0.116782
 14925.000000 24.514057 1.508321 0.122608
 14928.000000 24.478589 1.502335 0.116029
 14931.000000 24.495193 1.512281 0.105875
 14934.000000 24.567349 1.483806 0.096992
 14937.000000 24.530571 1.510290 0.129571
 14940.000000 24.520776 1.484668 0.095267
 14943.000000 24.483038 1.499685 0.131608
 14946.000000 24.438204 1.511574 0.142046
 14949.000000 24.374741 1.524605 0.152288
 14952.000000 24.389310 1.530475 0.173931
 14955.000000 24.386034 1.537085 0.159158
 14958.000000 24.437309 1.533271 0.172320
 14961.000000 24.503365 1.542685 0.171510
 14964.000000 24.441594 1.501714 0.152574
 14967.000000 24.435093 1.503831 0.134433
 14970.000000 24.442073 1.522203 0.164474
 14973.000000 24.448557 1.529556 0.154763
 14976.000000 24.413948 1.538421 0.147157
 14979.000000 24.462508 1.540107 0.186069
 14982.000000 24.512787 1.557073 0.165033
 14985.000000 24.471408 1.583842 0.177545
 14988.000000 24.440300 1.564857 0.146221
 14991.000000 24.337882 1.561395 0.127271
 14994.000000 24.327671 1.570613 0.131891
 14997.000000 24.295900 1.549694 0.139024
 15000.000000 24.292171 1.554273 0.104065
 15003.000000 24.286248 1.566343 0.106012
 15006.000000 24.345949 1.563118 0.083950
 15009.000000 24.395445 1.593584 0.090545
 15012.000000 24.412113 1.591867 0.105993
 15015.000000 24.432284 1.582000 0.102904
 15018.000000 24.465921 1.566860 0.179376
 15021.000000 24.357552 1.545930 0.151079
 15024.000000 24.342413 1.585895 0.138544
 15027.000000 24.368239 1.578940 0.130533
 15030.000000 24.403972 1.600411 0.161935
 15033.000000 24.426294 1.585006 0.143658
 15036.000000 24.413988 1.559342 0.095049
 15039.000000 24.354669 1.573642 0.116085
 15042.000000 24.388226 1.548207 0.121281
 15045.000000 24.443909 1.536193 0.127161
 15048.000000 24.481407 1.572714 0.155088
 15051.000000 24.536123 1.551728 0.139296
 15054.000000 24.411340 1.550234 0.134700
 15057.000000 24.385936 1.562565 0.128330
 15060.000000 24.435145 1.551182 0.124787
 15063.000000 24.449875 1.505830 0.101444
 15066.000000 24.496052 1.470342 0.124677
 15069.000000 24.476688 1.492717 0.132189
 15072.000000 24.429659 1.495411 0.116601
 15075.000000 24.495565 1.511863 0.142030
 15078.000000 24.444074 1.516577 0.111140
 15081.000000 24.436598 1.557176 0.159254
 15084.000000 24.468458 1.543928 0.143190
 15087.000000 24.469119 1.541517 0.133813
 15090.000000 24.497700 1.550740 0.123979
 15093.000000 24.443443 1.555505 0.116858
 15096.000000 24.396634 1.562420 0.157632
 15099.000000 24.381345 1.606156 0.134890
 15102.000000 24.370635 1.615998 0.135166
 15105.000000 24.385916 1.604074 0.119818
 15108.000000 24.497712 1.611191 0.133932
 15111.000000 24.483897 1.618519 0.132580
 15114.000000 24.465753 1.631551 0.148933
 15117.000000 24.425784 1.638063 0.144809
 15120.000000 24.515235 1.620067 0.128944
 15123.000000 24.507724 1.623268 0.146689
 15126.000000 24.583288 1.631578 0.144520
 15129.000000 24.616192 1.608253 0.155206
 15132.000000 24.543858 1.560081 0.146892
 15135.000000 24.585353 1.566874 0.124603
 15138.000000 24.567011 1.584199 0.155774
 15141.000000 24.495103 1.554877 0.152833
 15144.000000 24.394431 1.591788 0.174408
 15147.000000 24.526525 1.578018 0.139614
 15150.000000 24.558115 1.549409 0.075969
 15153.000000 24.590853 1.555227 0.110675
 15156.000000 24.549444 1.570076 0.163593
 15159.000000 24.504797 1.543786 0.165125
 15162.000000 24.501238 1.536343 0.170960
 15165.000000 24.504496 1.553317 0.151328
 15168.000000 24.551428 1.549277 0.184176
 15171.000000 24.506921 1.540873 0.156211
 15174.000000 24.521544 1.542286 0.098654
 15177.000000 24.526813 1.562107 0.095093
 15180.000000 24.467050 1.575095 0.109039
 15183.000000 24.468741 1.555992 0.101811
 15186.000000 24.451741 1.567356 0.081338
 15189.000000 24.548416 1.574583 0.116822
 15192.000000 24.480220 1.578570 0.141526
 15195.000000 24.473266 1.596571 0.130580
 15198.000000 24.471424 1.599595 0.127491
 15201.000000 24.475924 1.591048 0.142082
 15204.000000 24.450447 1.567432 0.158491
 15207.000000 24.446192 1.538129 0.141959
 15210.000000 24.449386 1.557991 0.139840
 15213.000000 24.415259 1.530843 0.110173
 15216.000000 24.441841 1.542395 0.136504
 15219.000000 24.426287 1.525085 0.098574
 15222.000000 24.488862 1.543677 0.128780
 15225.000000 24.455505 1.533347 0.122962
 15228.000000 24.442884 1.544055 0.130468
 15231.000000 24.403396 1.549203 0.148856
 15234.000000 24.351481 1.512371 0.117216
 15237.000000 24.308431 1.533709 0.130399
 15240.000000 24.340583 1.556995 0.161964
 15243.000000 24.255940 1.558895 0.148687
 15246.000000 24.243481 1.547388 0.114587
 15249.000000 24.327877 1.504298 0.088658
 15252.000000 24.350586 1.517711 0.108588
 15255.000000 24.413971 1.509995 0.134894
 15258.000000 24.436285 1.511288 0.161428
 15261.000000 24.479141 1.522203 0.152644
 15264.000000 24.474549 1.534146 0.149941
 15267.000000 24.448819 1.532866 0.151376
 15270.000000 24.526991 1.525531 0.097907
 15273.000000 24.536481 1.552684 0.120808
 15276.000000 24.516568 1.559240 0.111904
 15279.000000 24.589750 1.558667 0.115123
 15282.000000 24.465738 1.591374 0.154658
 15285.000000 24.489036 1.588838 0.109687
 15288.000000 24.585785 1.596994 0.130820
 15291.000000 24.507598 1.589748 0.111547
 15294.000000 24.577369 1.580687 0.111881
 15297.000000 24.631225 1.555264 0.160554
 15300.000000 24.579071 1.566157 0.158226
 15303.000000 24.499760 1.565646 0.132275
 15306.000000 24.455124 1.540429 0.128488
 15309.000000 24.403083 1.533453 0.147829
 15312.000000 24.424760 1.552482 0.142962
 15315.000000 24.441553 1.565068 0.124256
 15318.000000 24.499696 1.587422 0.163534
 15321.000000 24.436329 1.591104 0.179570
 15324.000000 24.435963 1.546689 0.093580
 15327.000000 24.405595 1.579512 0.113975
 15330.000000 24.487348 1.563891 0.128780
 15333.000000 24.527829 1.557507 0.125913
 15336.000000 24.537678 1.568451 0.120752
 15339.000000 24.633937 1.573105 0.137759
 15342.000000 24.647441 1.583137 0.142060
 15345.000000 24.732011 1.594629 0.166750
 15348.000000 24.657061 1.587494 0.116597
 15351.000000 24.601210 1.556416 0.118656
 15354.000000 24.658442 1.549780 0.150336
 15357.000000 24.620521 1.534592 0.110425
 15360.000000 24.591777 1.525614 0.100509
 15363.000000 24.571861 1.553192 0.158428
 15366.000000 24.578287 1.535617 0.140120
 15369.000000 24.612518 1.535731 0.134587
 15372.000000 24.568496 1.538924 0.146612
 15375.000000 24.634263 1.517942 0.084981
 15378.000000 24.628980 1.543212 0.126762
 15381.000000 24.614167 1.524946 0.071989
 15384.000000 24.567576 1.542439 0.103718
 15387.000000 24.553178 1.546261 0.093512
 15390.000000 24.575325 1.554215 0.089358
 15393.000000 24.513885 1.578633 0.119467
 15396.000000 24.531566 1.565704 0.131554
 15399.000000 24.432859 1.562596 0.104629
 15402.000000 24.470447 1.564882 0.105326
 15405.000000 24.516212 1.581147 0.117362
 15408.000000 24.507778 1.569753 0.120797
 15411.000000 24.476598 1.569736 0.142034
 15414.000000 24.429533 1.588966 0.155138
 15417.000000 24.445989 1.573197 0.121365
 15420.000000 24.509034 1.574681 0.130902
 15423.000000 24.560929 1.562549 0.118464
 15426.000000 24.560712 1.564472 0.129177
 15429.000000 24.544071 1.589883 0.159249
 15432.000000 24.600918 1.574786 0.162809
 15435.000000 24.622067 1.582325 0.178497
 15438.000000 24.644137 1.595207 0.183778
 15441.000000 24.600985 1.582203 0.172346
 15444.000000 24.440845 1.552954 0.167773
 15447.000000 24.450658 1.543362 0.165549
 15450.000000 24.441625 1.541066 0.179993
 15453.000000 24.349064 1.558127 0.177420
 15456.000000 24.376771 1.554119 0.166686
 15459.000000 24.324394 1.586804 0.208403
 15462.000000 24.229110 1.578281 0.223708
 15465.000000 24.305943 1.569715 0.204768
 15468.000000 24.275007 1.552540 0.164634
 15471.000000 24.275810 1.530381 0.131354
 15474.000000 24.250599 1.526762 0.137693
 15477.000000 24.254973 1.529576 0.145816
 15480.000000 24.358898 1.504358 0.127282
 15483.000000 24.466904 1.496039 0.098754
 15486.000000 24.434063 1.522694 0.157767
 15489.000000 24.430719 1.497852 0.101085
 15492.000000 24.469871 1.505894 0.130432
 15495.000000 24.479649 1.532579 0.149679
 15498.000000 24.446086 1.531296 0.131113
 15501.000000 24.453154 1.514118 0.129669
 15504.000000 24.416269 1.504956 0.129347
 15507.000000 24.443390 1.512584 0.155510
 15510.000000 24.538430 1.504618 0.155581
 15513.000000 24.561715 1.538623 0.187571
 15516.000000 24.502006 1.543488 0.148235
 15519.000000 24.572631 1.529281 0.193437
 15522.000000 24.599020 1.543847 0.194618
 15525.000000 24.572069 1.530603 0.184265
 15528.000000 24.633385 1.559697 0.194139
 15531.000000 24.522657 1.587813 0.185436
 15534.000000 24.674427 1.588204 0.122043
 15537.000000 24.623600 1.605084 0.175201
 15540.000000 24.612707 1.583742 0.128561
 15543.000000 24.523370 1.590791 0.122071
 15546.000000 24.571278 1.591804 0.141384
 15549.000000 24.605246 1.592478 0.135604
 15552.000000 24.571901 1.571523 0.137765
 15555.000000 24.465774 1.534815 0.130988
 15558.000000 24.525244 1.541176 0.150074
 15561.000000 24.466768 1.539250 0.117136
 15564.000000 24.404740 1.548534 0.084994
 15567.000000 24.426792 1.552890 0.125144
 15570.000000 24.498018 1.545435 0.096650
 15573.000000 24.457076 1.548189 0.118011
 15576.000000 24.460903 1.561280 0.104379
 15579.000000 24.475815 1.577598 0.132150
 15582.000000 24.354401 1.587774 0.144530
 15585.000000 24.322665 1.574681 0.132339
 15588.000000 24.321966 1.588578 0.143785
 15591.000000 24.370630 1.595507 0.141194
 15594.000000 24.440560 1.589848 0.124869
 15597.000000 24.470181 1.590660 0.114654
 15600.000000 24.526070 1.593515 0.105025
 15603.000000 24.443365 1.598322 0.106919
 15606.000000 24.466635 1.605701 0.121703
 15609.000000 24.486534 1.606843 0.092112
 15612.000000 24.425600 1.620156 0.124154
 15615.000000 24.433656 1.605948 0.106207
 15618.000000 24.576707 1.609155 0.100423
 15621.000000 24.572813 1.640017 0.177201
 15624.000000 24.593312 1.606879 0.083120
 15627.000000 24.487730 1.591462 0.105541
 15630.000000 24.586104 1.586401 0.098152
 15633.000000 24.641981 1.601889 0.102476
 15636.000000 24.598472 1.583248 0.121757
 15639.000000 24.702597 1.582821 0.111468
 15642.000000 24.625372 1.591115 0.108360
 15645.000000 24.551123 1.609989 0.110242
 15648.000000 24.627131 1.596320 0.093415
 15651.000000 24.529658 1.570814 0.087139
 15654.000000 24.520001 1.559016 0.100890
 15657.000000 24.574792 1.572973 0.088749
 15660.000000 24.550732 1.549827 0.080657
 15663.000000 24.475253 1.555871 0.123311
 15666.000000 24.476514 1.564689 0.170535
 15669.000000 24.522612 1.550656 0.124538
 15672.000000 24.447482 1.559344 0.123462
 15675.000000 24.464231 1.564102 0.125746
 15678.000000 24.349413 1.550900 0.091856
 15681.000000 24.374172 1.558918 0.095140
 15684.000000 24.295981 1.576883 0.103599
 15687.000000 24.273841 1.557645 0.144306
 15690.000000 24.380212 1.572030 0.169759
 15693.000000 24.425156 1.529347 0.104226
 15696.000000 24.522702 1.527108 0.110569
 15699.000000 24.507790 1.522031 0.111331
 15702.000000 24.514565 1.497204 0.106154
 15705.000000 24.481286 1.525879 0.090328
 15708.000000 24.480997 1.541416 0.166917
 15711.000000 24.534847 1.523670 0.182809
 15714.000000 24.611882 1.546137 0.177344
 15717.000000 24.597534 1.537253 0.155768
 15720.000000 24.657170 1.549362 0.138288
 15723.000000 24.584883 1.532595 0.102600
 15726.000000 24.528962 1.503249 0.061760
 15729.000000 24.571637 1.522998 0.069954
 15732.000000 24.599996 1.537831 0.102040
 15735.000000 24.591172 1.557362 0.083892
 15738.000000 24.531656 1.531798 0.087375
 15741.000000 24.555848 1.553181 0.117786
 15744.000000 24.602799 1.553656 0.101075
 15747.000000 24.603911 1.561058 0.109855
 15750.000000 24.640240 1.560194 0.104315
 15753.000000 24.512862 1.559247 0.117002
 15756.000000 24.591126 1.531084 0.101373
 15759.000000 24.557718 1.553323 0.123746
 15762.000000 24.493916 1.553553 0.114130
 15765.000000 24.512230 1.535609 0.103972
 15768.000000 24.459082 1.513746 0.104330
 15771.000000 24.370755 1.508419 0.106768
 15774.000000 24.372472 1.521220 0.142819
 15777.000000 24.320878 1.516166 0.164196
 15780.000000 24.318047 1.516525 0.171178
 15783.000000 24.393849 1.545436 0.217610
 15786.000000 24.424922 1.544063 0.192489
 15789.000000 24.434370 1.546813 0.207238
 15792.000000 24.390924 1.548221 0.171002
 15795.000000 24.440796 1.539913 0.158714
 15798.000000 24.461914 1.552340 0.177529
 15801.000000 24.505723 1.560643 0.165307
 15804.000000 24.515280 1.545635 0.142049
 15807.000000 24.574006 1.551419 0.109858
 15810.000000 24.562822 1.524568 0.126601
 15813.000000 24.445885 1.522872 0.120323
 15816.000000 24.443201 1.501594 0.152455
 15819.000000 24.576299 1.520594 0.123957
 15822.000000 24.543901 1.525595 0.123555
 15825.000000 24.575095 1.554465 0.130870
 15828.000000 24.633151 1.559572 0.128407
 15831.000000 24.580036 1.556475 0.114921
 15834.000000 24.494874 1.593266 0.150289
 15837.000000 24.470509 1.564237 0.130967
 15840.000000 24.458318 1.579320 0.167221
 15843.000000 24.409299 1.572129 0.159152
 15846.000000 24.426150 1.543951 0.137828
 15849.000000 24.375259 1.563400 0.122924
 15852.000000 24.539938 1.565736 0.110697
 15855.000000 24.530289 1.566905 0.084061
 15858.000000 24.523223 1.581232 0.112056
 15861.000000 24.549369 1.568558 0.127854
 15864.000000 24.450416 1.581323 0.167455
 15867.000000 24.438173 1.595525 0.149867
 15870.000000 24.487858 1.564742 0.099090
 15873.000000 24.521220 1.566109 0.105799
 15876.000000 24.502756 1.558394 0.102756
 15879.000000 24.466971 1.533951 0.087585
 15882.000000 24.395262 1.549091 0.135281
 15885.000000 24.431399 1.573904 0.142655
 15888.000000 24.409750 1.560728 0.142061
 15891.000000 24.408664 1.570137 0.199834
 15894.000000 24.406392 1.556387 0.183904
 15897.000000 24.498754 1.575723 0.155783
 15900.000000 24.506129 1.555866 0.154164
 15903.000000 24.524145 1.542613 0.120480
 15906.000000 24.572848 1.515855 0.127113
 15909.000000 24.636305 1.515871 0.128210
 15912.000000 24.666209 1.513502 0.103837
 15915.000000 24.690803 1.521496 0.118780
 15918.000000 24.658635 1.517863 0.130996
 15921.000000 24.623114 1.512482 0.090985
 15924.000000 24.614111 1.543938 0.120224
 15927.000000 24.647289 1.545345 0.140354
 15930.000000 24.601140 1.560135 0.109315
 15933.000000 24.500165 1.591814 0.159584
 15936.000000 24.536731 1.564868 0.128158
 15939.000000 24.526229 1.552418 0.105904
 15942.000000 24.498394 1.568512 0.122652
 15945.000000 24.597994 1.568955 0.093933
 15948.000000 24.581583 1.554265 0.087894
 15951.000000 24.557533 1.554912 0.111248
 15954.000000 24.523337 1.542877 0.128086
 15957.000000 24.537878 1.538608 0.096977
 15960.000000 24.561937 1.537037 0.077706
 15963.000000 24.530048 1.533911 0.078530
 15966.000000 24.557929 1.555682 0.081976
 15969.000000 24.492892 1.542059 0.084048
 15972.000000 24.502090 1.568627 0.099986
 15975.000000 24.577389 1.544093 0.098428
 15978.000000 24.539887 1.540715 0.128986
 15981.000000 24.525925 1.540601 0.130789
 15984.000000 24.491143 1.540780 0.120750
 15987.000000 24.499008 1.549389 0.138259
 15990.000000 24.539900 1.540854 0.104301
 15993.000000 24.513026 1.527006 0.097049
 15996.000000 24.490390 1.526316 0.111706
 15999.000000 24.546148 1.552179 0.119152
 16002.000000 24.609911 1.532002 0.122055
 16005.000000 24.517370 1.527925 0.131895
 16008.000000 24.568980 1.543473 0.133861
 16011.000000 24.502926 1.547036 0.112363
 16014.000000 24.460691 1.559587 0.142936
 16017.000000 24.471752 1.534391 0.123800
 16020.000000 24.563034 1.552013 0.143271
 16023.000000 24.607241 1.556264 0.139221
 16026.000000 24.614040 1.568772 0.150129
 16029.000000 24.635475 1.568447 0.161886
 16032.000000 24.625247 1.564319 0.147979
 16035.000000 24.534340 1.546618 0.187317
 16038.000000 24.560697 1.556893 0.188313
 16041.000000 24.563832 1.552749 0.149880
 16044.000000 24.574420 1.549828 0.117265
 16047.000000 24.550084 1.533002 0.144749
 16050.000000 24.483653 1.562726 0.125961
 16053.000000 24.443265 1.560983 0.123129
 16056.000000 24.451976 1.520210 0.135406
 16059.000000 24.550629 1.539055 0.113634
 16062.000000 24.624957 1.539261 0.092438
 16065.000000 24.611798 1.526811 0.101893
 16068.000000 24.583352 1.544881 0.137053
 16071.000000 24.553579 1.535691 0.118519
 16074.000000 24.487205 1.529013 0.153749
 16077.000000 24.585526 1.531280 0.159185
 16080.000000 24.521327 1.558485 0.163539
 16083.000000 24.506136 1.500181 0.147832
 16086.000000 24.482629 1.494291 0.177815
 16089.000000 24.478942 1.498768 0.168215
 16092.000000 24.443263 1.500837 0.169229
 16095.000000 24.405961 1.471205 0.137135
 16098.000000 24.394189 1.461741 0.139916
 16101.000000 24.419056 1.487252 0.132214
 16104.000000 24.448079 1.464855 0.148443
 16107.000000 24.469190 1.509762 0.122050
 16110.000000 24.448248 1.516773 0.125731
 16113.000000 24.478334 1.524916 0.150657
 16116.000000 24.465668 1.537634 0.140674
 16119.000000 24.471314 1.543477 0.141063
 16122.000000 24.523949 1.528688 0.126856
 16125.000000 24.524316 1.513247 0.161550
 16128.000000 24.482867 1.482131 0.173818
 16131.000000 24.476894 1.512750 0.116646
 16134.000000 24.517045 1.515466 0.154236
 16137.000000 24.467369 1.542360 0.175275
 16140.000000 24.403698 1.547458 0.161111
 16143.000000 24.485118 1.548056 0.120872
 16146.000000 24.406201 1.568745 0.129681
 16149.000000 24.430185 1.542154 0.149350
 16152.000000 24.546398 1.540111 0.123303
 16155.000000 24.554607 1.534792 0.082226
 16158.000000 24.491403 1.543255 0.111408
 16161.000000 24.557678 1.556900 0.118683
 16164.000000 24.509073 1.549202 0.115178
 16167.000000 24.535088 1.544738 0.153219
 16170.000000 24.506011 1.520330 0.118707
 16173.000000 24.541344 1.525189 0.114828
 16176.000000 24.547418 1.519374 0.108297
 16179.000000 24.580164 1.538327 0.135457
 16182.000000 24.532118 1.537535 0.182518
 16185.000000 24.510467 1.572898 0.161132
 16188.000000 24.618620 1.571736 0.138286
 16191.000000 24.542484 1.544677 0.131059
 16194.000000 24.477769 1.559550 0.122430
 16197.000000 24.532562 1.565632 0.132413
 16200.000000 24.502753 1.571196 0.138223
 16203.000000 24.506227 1.554779 0.057860
 16206.000000 24.579659 1.543030 0.057479
 16209.000000 24.514955 1.537278 0.067992
 16212.000000 24.473374 1.530339 0.096714
 16215.000000 24.564884 1.529763 0.113475
 16218.000000 24.584701 1.536660 0.114512
 16221.000000 24.485146 1.581307 0.107273
 16224.000000 24.553085 1.584371 0.115892
 16227.000000 24.546698 1.574877 0.103971
 16230.000000 24.504867 1.574786 0.112180
 16233.000000 24.581280 1.569924 0.122055
 16236.000000 24.570109 1.552566 0.117047
 16239.000000 24.653436 1.567457 0.114588
 16242.000000 24.594863 1.523613 0.142885
 16245.000000 24.624570 1.524290 0.127846
 16248.000000 24.648915 1.548978 0.125264
 16251.000000 24.709121 1.554924 0.143149
 16254.000000 24.614086 1.578151 0.100169
 16257.000000 24.498719 1.567543 0.180296
 16260.000000 24.582936 1.569604 0.207501
 16263.000000 24.615174 1.579871 0.158738
 16266.000000 24.559073 1.593916 0.146293
 16269.000000 24.580992 1.591295 0.131197
 16272.000000 24.542176 1.575564 0.159261
 16275.000000 24.556377 1.600695 0.140724
 16278.000000 24.491058 1.618287 0.151619
 16281.000000 24.494138 1.561565 0.157257
 16284.000000 24.484958 1.553474 0.116359
 16287.000000 24.551278 1.555103 0.136266
 16290.000000 24.523421 1.543792 0.166699
 16293.000000 24.498776 1.580689 0.141064
 16296.000000 24.514728 1.613698 0.163514
 16299.000000 24.483646 1.590527 0.157241
 16302.000000 24.529488 1.564707 0.143958
 16305.000000 24.570872 1.579805 0.180777
 16308.000000 24.584187 1.573163 0.150973
 16311.000000 24.540613 1.574632 0.178644
 16314.000000 24.586128 1.561142 0.180711
 16317.000000 24.562551 1.536157 0.161622
 16320.000000 24.530067 1.538221 0.165138
 16323.000000 24.563351 1.541603 0.162791
 16326.000000 24.636454 1.554463 0.101298
 16329.000000 24.596016 1.536424 0.099092
 16332.000000 24.616599 1.528793 0.098134
 16335.000000 24.716600 1.544761 0.112193
 16338.000000 24.682591 1.544552 0.107070
 16341.000000 24.647571 1.535455 0.107939
 16344.000000 24.719062 1.549130 0.131238
 16347.000000 24.741775 1.562572 0.109809
 16350.000000 24.711229 1.546136 0.113083
 16353.000000 24.699089 1.579130 0.080079
 16356.000000 24.663598 1.573466 0.113734
 16359.000000 24.620288 1.569406 0.090291
 16362.000000 24.574949 1.597619 0.128470
 16365.000000 24.567109 1.623145 0.166743
 16368.000000 24.589836 1.599270 0.139056
 16371.000000 24.495800 1.604686 0.127841
 16374.000000 24.569242 1.597961 0.141528
 16377.000000 24.457490 1.581520 0.128667
 16380.000000 24.487122 1.581522 0.145407
 16383.000000 24.504329 1.565366 0.156656
 16386.000000 24.494126 1.584460 0.140322
 16389.000000 24.481050 1.562055 0.152737
 16392.000000 24.469896 1.576266 0.167648
 16395.000000 24.530372 1.575004 0.174134
 16398.000000 24.529571 1.596676 0.208345
 16401.000000 24.507757 1.590354 0.169447
 16404.000000 24.435375 1.589641 0.148039
 16407.000000 24.469621 1.607185 0.147067
 16410.000000 24.573519 1.601998 0.123508
 16413.000000 24.632884 1.591741 0.145196
 16416.000000 24.645020 1.591885 0.114741
 16419.000000 24.585415 1.598287 0.097926
 16422.000000 24.579460 1.609544 0.102387
 16425.000000 24.556309 1.604439 0.152875
 16428.000000 24.538627 1.588193 0.102597
 16431.000000 24.501485 1.586339 0.116774
 16434.000000 24.522935 1.588271 0.091123
 16437.000000 24.572652 1.577091 0.102515
 16440.000000 24.582483 1.595984 0.107811
 16443.000000 24.509348 1.584613 0.134798
 16446.000000 24.518462 1.586863 0.101106
 16449.000000 24.587330 1.594195 0.137417
 16452.000000 24.541197 1.613007 0.045850
 16455.000000 24.562298 1.625981 0.080984
 16458.000000 24.587146 1.619965 0.089897
 16461.000000 24.554019 1.623745 0.101320
 16464.000000 24.573341 1.625517 0.137392
 16467.000000 24.585311 1.621239 0.142607
 16470.000000 24.675006 1.556163 0.086331
 16473.000000 24.622818 1.571524 0.119492
 16476.000000 24.585362 1.579869 0.112076
 16479.000000 24.576150 1.575297 0.088303
 16482.000000 24.485551 1.566374 0.127198
 16485.000000 24.529919 1.566598 0.099281
 16488.000000 24.584448 1.575154 0.104603
 16491.000000 24.598692 1.596119 0.084590
 16494.000000 24.518359 1.619693 0.119694
 16497.000000 24.564722 1.586483 0.081162
 16500.000000 24.563128 1.604928 0.072035
 16503.000000 24.561338 1.585711 0.085202
 16506.000000 24.591230 1.607008 0.120619
 16509.000000 24.501489 1.599901 0.125441
 16512.000000 24.526830 1.578803 0.149694
 16515.000000 24.533441 1.584880 0.113492
 16518.000000 24.531311 1.581455 0.160550
 16521.000000 24.520719 1.575277 0.155661
 16524.000000 24.545799 1.580220 0.144739
 16527.000000 24.559588 1.574397 0.135652
 16530.000000 24.571925 1.559248 0.148405
 16533.000000 24.588285 1.562616 0.111195
 16536.000000 24.529440 1.546593 0.145401
 16539.000000 24.461088 1.557609 0.107365
 16542.000000 24.659985 1.575287 0.088220
 16545.000000 24.647998 1.580926 0.119844
 16548.000000 24.543229 1.548030 0.145516
 16551.000000 24.528904 1.589235 0.150957
 16554.000000 24.522422 1.577470 0.150362
 16557.000000 24.529061 1.583582 0.118177
 16560.000000 24.532175 1.580445 0.148379
 16563.000000 24.527841 1.601021 0.120108
 16566.000000 24.529834 1.584068 0.123056
 16569.000000 24.439610 1.583914 0.140123
 16572.000000 24.471272 1.554092 0.165143
 16575.000000 24.497707 1.542498 0.196122
 16578.000000 24.489114 1.566114 0.166080
 16581.000000 24.454421 1.540201 0.171141
 16584.000000 24.451699 1.549837 0.148579
 16587.000000 24.483074 1.557929 0.138431
 16590.000000 24.497457 1.590656 0.122642
 16593.000000 24.493698 1.611426 0.111052
 16596.000000 24.466039 1.614053 0.108149
 16599.000000 24.512967 1.609268 0.114820
 16602.000000 24.481913 1.587367 0.108521
 16605.000000 24.445931 1.611574 0.107895
 16608.000000 24.561027 1.606310 0.121510
 16611.000000 24.555106 1.624675 0.104608
 16614.000000 24.526178 1.612247 0.105446
 16617.000000 24.478982 1.596895 0.111867
 16620.000000 24.484618 1.586430 0.110246
 16623.000000 24.538334 1.584552 0.124501
 16626.000000 24.496027 1.608712 0.147186
 16629.000000 24.480367 1.596884 0.106769
 16632.000000 24.400684 1.574808 0.098507
 16635.000000 24.469629 1.573365 0.124288
 16638.000000 24.452555 1.577950 0.113049
 16641.000000 24.465021 1.557588 0.119077
 16644.000000 24.534587 1.557002 0.143190
 16647.000000 24.584477 1.566456 0.120439
 16650.000000 24.598195 1.579926 0.109209
 16653.000000 24.609421 1.568689 0.116299
 16656.000000 24.650964 1.565433 0.145021
 16659.000000 24.551993 1.610654 0.088662
 16662.000000 24.500250 1.585836 0.102714
 16665.000000 24.532049 1.573769 0.099507
 16668.000000 24.536038 1.551943 0.106505
 16671.000000 24.623118 1.573279 0.108263
 16674.000000 24.571404 1.565794 0.107524
 16677.000000 24.564559 1.552129 0.054850
 16680.000000 24.510797 1.559032 0.085235
 16683.000000 24.488242 1.530434 0.075057
 16686.000000 24.402545 1.488441 0.128903
 16689.000000 24.374366 1.537374 0.105076
 16692.000000 24.433667 1.521245 0.160290
 16695.000000 24.532757 1.531907 0.119628
 16698.000000 24.532442 1.546797 0.071654
 16701.000000 24.531053 1.523577 0.086471
 16704.000000 24.482774 1.537650 0.104031
 16707.000000 24.483846 1.544111 0.094201
 16710.000000 24.516367 1.555881 0.124268
 16713.000000 24.430804 1.544767 0.117090
 16716.000000 24.530109 1.512592 0.157920
 16719.000000 24.587533 1.527343 0.101589
 16722.000000 24.594184 1.543120 0.114594
 16725.000000 24.605446 1.560271 0.090136
 16728.000000 24.641447 1.533167 0.123065
 16731.000000 24.540100 1.527406 0.142882
 16734.000000 24.530534 1.533861 0.128386
 16737.000000 24.470959 1.559881 0.102403
 16740.000000 24.520798 1.576259 0.134632
 16743.000000 24.466173 1.562585 0.116787
 16746.000000 24.444363 1.556497 0.120211
 16749.000000 24.483961 1.542775 0.152398
 16752.000000 24.524314 1.531156 0.127048
 16755.000000 24.443838 1.549834 0.110079
 16758.000000 24.530532 1.559822 0.109764
 16761.000000 24.540749 1.537365 0.106307
 16764.000000 24.507665 1.543897 0.124708
 16767.000000 24.557556 1.552931 0.092841
 16770.000000 24.513832 1.569910 0.057744
 16773.000000 24.508788 1.557645 0.063681
 16776.000000 24.553123 1.563647 0.109256
 16779.000000 24.606108 1.561472 0.152966
 16782.000000 24.645006 1.527644 0.160109
 16785.000000 24.644631 1.526380 0.149941
 16788.000000 24.601571 1.522299 0.131456
 16791.000000 24.542135 1.505905 0.128647
 16794.000000 24.556040 1.507122 0.126174
 16797.000000 24.514430 1.520861 0.134913
 16800.000000 24.533619 1.535840 0.126240
 16803.000000 24.551639 1.528161 0.102634
 16806.000000 24.505515 1.542121 0.121852
 16809.000000 24.454149 1.538363 0.168224
 16812.000000 24.547655 1.559563 0.149092
 16815.000000 24.459940 1.532650 0.183677
 16818.000000 24.420769 1.533186 0.159143
 16821.000000 24.364256 1.558442 0.134219
 16824.000000 24.345446 1.569297 0.146747
 16827.000000 24.329345 1.570064 0.143438
 16830.000000 24.429521 1.578696 0.174271
 16833.000000 24.427181 1.586091 0.164264
 16836.000000 24.377604 1.575325 0.148539
 16839.000000 24.351402 1.611761 0.124535
 16842.000000 24.443554 1.623861 0.111634
 16845.000000 24.505590 1.610024 0.159009
 16848.000000 24.480070 1.571581 0.145846
 16851.000000 24.466692 1.597928 0.127624
 16854.000000 24.503150 1.604399 0.139802
 16857.000000 24.538195 1.612494 0.145985
 16860.000000 24.540623 1.638176 0.138433
 16863.000000 24.475099 1.655415 0.139662
 16866.000000 24.512345 1.665777 0.160512
 16869.000000 24.491808 1.649103 0.125557
 16872.000000 24.428007 1.669251 0.085862
 16875.000000 24.447607 1.663185 0.116178
 16878.000000 24.477367 1.654020 0.083169
 16881.000000 24.463183 1.653305 0.082763
 16884.000000 24.498260 1.644078 0.114063
 16887.000000 24.572897 1.678035 0.088819
 16890.000000 24.522790 1.659507 0.116276
 16893.000000 24.484876 1.652316 0.123962
 16896.000000 24.555109 1.660185 0.119097
 16899.000000 24.553020 1.660659 0.126639
 16902.000000 24.581924 1.638424 0.142532
 16905.000000 24.606746 1.624300 0.151973
 16908.000000 24.625663 1.626297 0.151548
 16911.000000 24.583789 1.635999 0.151716
 16914.000000 24.564007 1.638223 0.160357
 16917.000000 24.528679 1.655866 0.147540
 16920.000000 24.566875 1.628119 0.177242
 16923.000000 24.539898 1.604624 0.208670
 16926.000000 24.600843 1.585960 0.196707
 16929.000000 24.600524 1.599004 0.180726
 16932.000000 24.518135 1.603710 0.229904
 16935.000000 24.550281 1.615276 0.211178
 16938.000000 24.562285 1.613373 0.195602
 16941.000000 24.592741 1.580809 0.215189
 16944.000000 24.521995 1.610780 0.201642
 16947.000000 24.486894 1.627095 0.181450
 16950.000000 24.473466 1.630353 0.187423
 16953.000000 24.493261 1.601595 0.216923
 16956.000000 24.465792 1.613357 0.164917
 16959.000000 24.443508 1.608892 0.192141
 16962.000000 24.456031 1.609019 0.155618
 16965.000000 24.476798 1.612716 0.169946
 16968.000000 24.523470 1.583707 0.170714
 16971.000000 24.452406 1.610943 0.160512
 16974.000000 24.515774 1.639476 0.129468
 16977.000000 24.515236 1.608709 0.179466
 16980.000000 24.439308 1.606978 0.182352
 16983.000000 24.356279 1.597658 0.178022
 16986.000000 24.358106 1.622016 0.165267
 16989.000000 24.395128 1.601803 0.193165
 16992.000000 24.404814 1.588129 0.172842
 16995.000000 24.469022 1.585336 0.170340
 16998.000000 24.512672 1.607256 0.132715
 17001.000000 24.565342 1.598290 0.114560
 17004.000000 24.573664 1.595069 0.134864
 17007.000000 24.611501 1.596877 0.120592
 17010.000000 24.521552 1.592741 0.138354
 17013.000000 24.500146 1.573833 0.138330
 17016.000000 24.501077 1.580336 0.145919
 17019.000000 24.543753 1.578373 0.131269
 17022.000000 24.546995 1.575875 0.114624
 17025.000000 24.562271 1.585535 0.149860
 17028.000000 24.588975 1.600455 0.117920
 17031.000000 24.554763 1.601351 0.137043
 17034.000000 24.417206 1.591601 0.119473
 17037.000000 24.541225 1.601978 0.124528
 17040.000000 24.484435 1.603792 0.149513
 17043.000000 24.467712 1.611223 0.088532
 17046.000000 24.446638 1.574996 0.129553
 17049.000000 24.410492 1.591293 0.117672
 17052.000000 24.360649 1.614614 0.110567
 17055.000000 24.452200 1.607495 0.150091
 17058.000000 24.442599 1.605907 0.146381
 17061.000000 24.511911 1.624951 0.184264
 17064.000000 24.558769 1.627921 0.194176
 17067.000000 24.525718 1.609471 0.180701
 17070.000000 24.548754 1.626489 0.189600
 17073.000000 24.519342 1.623827 0.130628
 17076.000000 24.529009 1.622365 0.149480
 17079.000000 24.683693 1.604510 0.164044
 17082.000000 24.726592 1.594132 0.188204
 17085.000000 24.743257 1.601198 0.126000
 17088.000000 24.692422 1.633739 0.151604
 17091.000000 24.650345 1.591338 0.132512
 17094.000000 24.644904 1.585834 0.083322
 17097.000000 24.651280 1.576925 0.110363
 17100.000000 24.550477 1.600088 0.082872
 17103.000000 24.584255 1.588227 0.082211
 17106.000000 24.498668 1.588928 0.103104
 17109.000000 24.519341 1.608360 0.132988
 17112.000000 24.458881 1.565511 0.143145
 17115.000000 24.522555 1.578439 0.132448
 17118.000000 24.515257 1.578439 0.127244
 17121.000000 24.583202 1.592878 0.137908
 17124.000000 24.509318 1.589854 0.118068
 17127.000000 24.424829 1.572223 0.133072
 17130.000000 24.460004 1.566217 0.141536
 17133.000000 24.386800 1.591822 0.122013
 17136.000000 24.470023 1.599806 0.118665
 17139.000000 24.482711 1.601340 0.124146
 17142.000000 24.489074 1.582548 0.119568
 17145.000000 24.581295 1.573093 0.143620
 17148.000000 24.520496 1.567038 0.144228
 17151.000000 24.557943 1.586715 0.127440
 17154.000000 24.526709 1.580251 0.145257
 17157.000000 24.553997 1.611813 0.124801
 17160.000000 24.524850 1.605849 0.142221
 17163.000000 24.560482 1.606323 0.132558
 17166.000000 24.600008 1.626703 0.125156
 17169.000000 24.551986 1.635694 0.138789
 17172.000000 24.612538 1.639086 0.107704
 17175.000000 24.598108 1.634578 0.108552
 17178.000000 24.586737 1.629801 0.126744
 17181.000000 24.547247 1.611332 0.175213
 17184.000000 24.491259 1.597468 0.166144
 17187.000000 24.508654 1.612815 0.151669
 17190.000000 24.615087 1.641311 0.107261
 17193.000000 24.629248 1.620745 0.140916
 17196.000000 24.605090 1.618037 0.149716
 17199.000000 24.620034 1.601853 0.125802
 17202.000000 24.617770 1.580771 0.141554
 17205.000000 24.527039 1.574891 0.143083
 17208.000000 24.546104 1.578235 0.153830
 17211.000000 24.515151 1.567947 0.139348
 17214.000000 24.558538 1.556579 0.158030
 17217.000000 24.602926 1.597715 0.112378
 17220.000000 24.609975 1.586927 0.117238
 17223.000000 24.592784 1.577106 0.131224
 17226.000000 24.511171 1.566524 0.153437
 17229.000000 24.481355 1.560980 0.162309
 17232.000000 24.528867 1.558455 0.166047
 17235.000000 24.563232 1.560819 0.188397
 17238.000000 24.539744 1.562621 0.184280
 17241.000000 24.558944 1.542336 0.216158
 17244.000000 24.559615 1.529382 0.201942
 17247.000000 24.550782 1.541436 0.173355
 17250.000000 24.557244 1.559448 0.156874
 17253.000000 24.593758 1.552829 0.167409
 17256.000000 24.598990 1.555432 0.132448
 17259.000000 24.552439 1.560739 0.147089
 17262.000000 24.480798 1.557566 0.143193
 17265.000000 24.414603 1.573906 0.115981
 17268.000000 24.505652 1.556589 0.133212
 17271.000000 24.475688 1.546052 0.120820
 17274.000000 24.546105 1.569539 0.141210
 17277.000000 24.504479 1.581971 0.130150
 17280.000000 24.493081 1.580899 0.137707
 17283.000000 24.518252 1.551757 0.160670
 17286.000000 24.569305 1.567991 0.134710
 17289.000000 24.517414 1.583186 0.133292
 17292.000000 24.582006 1.586853 0.108085
 17295.000000 24.592573 1.614068 0.076506
 17298.000000 24.607508 1.618174 0.068784
 17301.000000 24.587477 1.578697 0.122488
 17304.000000 24.580807 1.539108 0.146131
 17307.000000 24.559554 1.576080 0.137546
 17310.000000 24.595421 1.559276 0.136512
 17313.000000 24.552072 1.582330 0.122485
 17316.000000 24.535621 1.603560 0.099099
 17319.000000 24.550678 1.580314 0.156316
 17322.000000 24.481520 1.567370 0.131443
 17325.000000 24.423974 1.558072 0.101967
 17328.000000 24.438266 1.532054 0.112018
 17331.000000 24.461222 1.537198 0.098289
 17334.000000 24.435767 1.561779 0.119502
 17337.000000 24.418720 1.543276 0.135581
 17340.000000 24.385431 1.535076 0.119696
 17343.000000 24.445731 1.575181 0.118893
 17346.000000 24.432881 1.580948 0.094106
 17349.000000 24.395431 1.563459 0.135995
 17352.000000 24.437927 1.579457 0.127909
 17355.000000 24.337137 1.592572 0.118643
 17358.000000 24.412177 1.601753 0.162074
 17361.000000 24.403698 1.602701 0.169324
 17364.000000 24.391029 1.606970 0.176651
 17367.000000 24.498636 1.576909 0.155604
 17370.000000 24.471922 1.573740 0.155840
 17373.000000 24.438480 1.559360 0.127627
 17376.000000 24.420123 1.558613 0.116454
 17379.000000 24.445938 1.562018 0.145295
 17382.000000 24.422590 1.560814 0.144980
 17385.000000 24.451083 1.580134 0.101004
 17388.000000 24.435291 1.570281 0.156291
 17391.000000 24.439792 1.584110 0.168542
 17394.000000 24.426333 1.608291 0.132533
 17397.000000 24.466083 1.611175 0.122915
 17400.000000 24.422527 1.593416 0.137930
 17403.000000 24.435337 1.632958 0.128848
 17406.000000 24.379112 1.615783 0.175711
 17409.000000 24.359321 1.605778 0.181357
 17412.000000 24.368139 1.595118 0.164691
 17415.000000 24.337778 1.630611 0.158562
 17418.000000 24.355393 1.594326 0.116363
 17421.000000 24.300978 1.589584 0.153090
 17424.000000 24.328733 1.606230 0.145230
 17427.000000 24.292332 1.599151 0.167401
 17430.000000 24.312666 1.626651 0.187827
 17433.000000 24.363050 1.593906 0.178613
 17436.000000 24.391272 1.588184 0.174136
 17439.000000 24.317214 1.603656 0.141963
 17442.000000 24.367074 1.624783 0.150517
 17445.000000 24.331981 1.627678 0.134940
 17448.000000 24.415273 1.611717 0.163872
 17451.000000 24.465832 1.626270 0.158619
 17454.000000 24.528827 1.596498 0.184727
 17457.000000 24.486242 1.592878 0.150750
 17460.000000 24.478161 1.581911 0.127832
 17463.000000 24.457128 1.577699 0.124362
 17466.000000 24.354597 1.527860 0.141071
 17469.000000 24.296404 1.553046 0.120032
 17472.000000 24.344454 1.542017 0.123530
 17475.000000 24.408499 1.585433 0.133640
 17478.000000 24.432614 1.584033 0.169566
 17481.000000 24.401830 1.595292 0.175307
 17484.000000 24.340865 1.577547 0.152229
 17487.000000 24.377057 1.601888 0.122772
 17490.000000 24.333819 1.571616 0.102342
 17493.000000 24.378115 1.562927 0.117994
 17496.000000 24.405945 1.583352 0.153795
 17499.000000 24.431938 1.554443 0.163974
 17502.000000 24.419686 1.579647 0.120238
 17505.000000 24.456470 1.577739 0.148375
 17508.000000 24.427982 1.568578 0.109036
 17511.000000 24.417643 1.564789 0.131914
 17514.000000 24.452996 1.585801 0.137896
 17517.000000 24.479632 1.582662 0.155761
 17520.000000 24.435904 1.553089 0.092719
 17523.000000 24.409416 1.578494 0.107624
 17526.000000 24.438674 1.573119 0.149152
 17529.000000 24.358213 1.574513 0.129096
 17532.000000 24.432003 1.588456 0.132767
 17535.000000 24.441403 1.579347 0.121163
 17538.000000 24.480712 1.570784 0.122442
 17541.000000 24.454421 1.577209 0.151273
 17544.000000 24.413658 1.576300 0.102603
 17547.000000 24.434518 1.580377 0.080340
 17550.000000 24.427415 1.574201 0.123499
 17553.000000 24.431922 1.593618 0.085303
 17556.000000 24.378878 1.591736 0.081382
 17559.000000 24.446781 1.560180 0.091284
 17562.000000 24.413361 1.554743 0.093909
 17565.000000 24.474476 1.562125 0.121607
 17568.000000 24.462564 1.573599 0.144421
 17571.000000 24.556720 1.585323 0.158132
 17574.000000 24.555894 1.573230 0.143271
 17577.000000 24.516702 1.550936 0.117419
 17580.000000 24.542475 1.544476 0.090409
 17583.000000 24.556447 1.557553 0.097966
 17586.000000 24.535193 1.573887 0.115961
 17589.000000 24.545624 1.598060 0.083680
 17592.000000 24.538543 1.606442 0.093581
 17595.000000 24.515381 1.593037 0.104565
 17598.000000 24.472789 1.608252 0.107196
 17601.000000 24.457719 1.608008 0.160630
 17604.000000 24.495722 1.622193 0.150533
 17607.000000 24.451770 1.644781 0.177555
 17610.000000 24.447906 1.623786 0.133617
 17613.000000 24.417123 1.610066 0.164203
 17616.000000 24.483631 1.599314 0.137259
 17619.000000 24.484791 1.616894 0.152204
 17622.000000 24.423271 1.607009 0.155997
 17625.000000 24.412987 1.620166 0.148862
 17628.000000 24.452379 1.597597 0.159403
 17631.000000 24.452602 1.610629 0.141219
 17634.000000 24.421942 1.593005 0.119912
 17637.000000 24.475448 1.615201 0.152439
 17640.000000 24.453116 1.620169 0.164166
 17643.000000 24.470549 1.607068 0.117145
 17646.000000 24.408447 1.604141 0.099166
 17649.000000 24.479408 1.613894 0.115848
 17652.000000 24.491789 1.556647 0.100225
 17655.000000 24.490283 1.555959 0.126619
 17658.000000 24.495219 1.547130 0.083880
 17661.000000 24.570851 1.525514 0.105989
 17664.000000 24.574086 1.555519 0.093054
 17667.000000 24.546141 1.552130 0.069438
 17670.000000 24.575486 1.542643 0.104068
 17673.000000 24.560989 1.571685 0.125611
 17676.000000 24.458002 1.573618 0.094018
 17679.000000 24.399638 1.577355 0.085534
 17682.000000 24.434261 1.607347 0.125251
 17685.000000 24.528173 1.587089 0.095661
 17688.000000 24.474873 1.576690 0.096300
 17691.000000 24.484004 1.581335 0.079819
 17694.000000 24.548657 1.535077 0.080672
 17697.000000 24.526238 1.575890 0.147740
 17700.000000 24.547237 1.572499 0.162793
 17703.000000 24.534106 1.557469 0.139223
 17706.000000 24.531525 1.556693 0.137659
 17709.000000 24.550322 1.545374 0.139132
 17712.000000 24.452859 1.578866 0.168709
 17715.000000 24.566620 1.568198 0.141405
 17718.000000 24.547758 1.602893 0.193974
 17721.000000 24.636547 1.599745 0.195471
 17724.000000 24.587322 1.580764 0.150543
 17727.000000 24.492334 1.558096 0.126742
 17730.000000 24.537386 1.581285 0.134458
 17733.000000 24.488900 1.574223 0.121995
 17736.000000 24.443195 1.562751 0.128823
 17739.000000 24.501809 1.571694 0.165137
 17742.000000 24.490642 1.551404 0.148657
 17745.000000 24.562885 1.560793 0.142496
 17748.000000 24.544924 1.562987 0.134883
 17751.000000 24.470420 1.593799 0.162806
 17754.000000 24.432452 1.581140 0.130786
 17757.000000 24.383491 1.594443 0.150371
 17760.000000 24.299886 1.564461 0.112186
 17763.000000 24.320132 1.550557 0.091201
 17766.000000 24.300677 1.586026 0.147023
 17769.000000 24.396341 1.596254 0.149271
 17772.000000 24.361727 1.626605 0.198382
 17775.000000 24.282763 1.597690 0.163890
 17778.000000 24.397988 1.603434 0.191929
 17781.000000 24.405816 1.597427 0.170674
 17784.000000 24.441178 1.588848 0.174941
 17787.000000 24.415722 1.573081 0.125211
 17790.000000 24.407619 1.567684 0.120722
 17793.000000 24.350317 1.563559 0.111960
 17796.000000 24.381981 1.573969 0.136229
 17799.000000 24.418551 1.585799 0.161788
 17802.000000 24.432363 1.578117 0.148210
 17805.000000 24.438989 1.591383 0.132816
 17808.000000 24.383270 1.593952 0.128602
 17811.000000 24.382008 1.576930 0.113342
 17814.000000 24.440936 1.594715 0.110937
 17817.000000 24.470894 1.581862 0.123659
 17820.000000 24.520646 1.594966 0.129797
 17823.000000 24.535292 1.564952 0.103211
 17826.000000 24.616457 1.562999 0.108441
 17829.000000 24.486838 1.592858 0.158691
 17832.000000 24.450444 1.568527 0.130280
 17835.000000 24.420499 1.557220 0.107311
 17838.000000 24.371899 1.582970 0.141758
 17841.000000 24.274070 1.579837 0.119116
 17844.000000 24.277416 1.593112 0.138071
 17847.000000 24.294333 1.624202 0.139702
 17850.000000 24.367656 1.598419 0.134432
 17853.000000 24.412661 1.583424 0.139560
 17856.000000 24.304979 1.596345 0.143141
 17859.000000 24.338434 1.593868 0.139646
 17862.000000 24.322650 1.571984 0.136126
 17865.000000 24.306483 1.575268 0.106732
 17868.000000 24.421814 1.589989 0.120657
 17871.000000 24.457263 1.577333 0.124579
 17874.000000 24.485545 1.567680 0.106463
 17877.000000 24.422458 1.596265 0.118763
 17880.000000 24.349433 1.608872 0.127165
 17883.000000 24.377939 1.594072 0.150169
 17886.000000 24.356521 1.604823 0.146397
 17889.000000 24.333482 1.609971 0.163829
 17892.000000 24.318819 1.595809 0.146514
 17895.000000 24.388148 1.621667 0.134363
 17898.000000 24.460603 1.623680 0.112801
 17901.000000 24.420940 1.631673 0.110217
 17904.000000 24.396624 1.610871 0.102587
 17907.000000 24.410237 1.605012 0.101091
 17910.000000 24.378935 1.588838 0.093473
 17913.000000 24.408543 1.611957 0.067056
 17916.000000 24.362006 1.597277 0.078878
 17919.000000 24.427411 1.605085 0.071039
 17922.000000 24.337331 1.581344 0.025888
 17925.000000 24.398726 1.593251 0.040887
 17928.000000 24.384762 1.592817 0.067521
 17931.000000 24.268525 1.591601 0.080779
 17934.000000 24.242341 1.597443 0.117346
 17937.000000 24.300355 1.600338 0.107468
 17940.000000 24.241836 1.567726 0.116880
 17943.000000 24.322265 1.574447 0.084086
 17946.000000 24.354630 1.567564 0.127120
 17949.000000 24.445009 1.596901 0.138222
 17952.000000 24.448467 1.584989 0.156034
 17955.000000 24.355009 1.604547 0.185017
 17958.000000 24.382942 1.637404 0.184794
 17961.000000 24.419994 1.622227 0.159135
 17964.000000 24.517036 1.612605 0.179652
 17967.000000 24.467010 1.631741 0.182334
 17970.000000 24.546355 1.632038 0.176201
 17973.000000 24.486791 1.613425 0.113777
 17976.000000 24.425831 1.616661 0.145109
 17979.000000 24.518275 1.608899 0.133715
 17982.000000 24.397659 1.614028 0.141834
 17985.000000 24.367985 1.579894 0.108437
 17988.000000 24.436553 1.577487 0.102539
 17991.000000 24.434363 1.550918 0.065556
 17994.000000 24.439257 1.599943 0.111565
 17997.000000 24.429659 1.617728 0.110960
 18000.000000 24.418713 1.588030 0.107465
 18003.000000 24.526298 1.631016 0.087570
 18006.000000 24.446789 1.595449 0.109945
 18009.000000 24.471154 1.603738 0.099409
 18012.000000 24.437264 1.615613 0.067642
 18015.000000 24.349258 1.596945 0.070548
 18018.000000 24.333500 1.609628 0.036908
 18021.000000 24.319396 1.629471 0.052721
 18024.000000 24.336987 1.632077 0.106730
 18027.000000 24.359577 1.629955 0.080589
 18030.000000 24.349961 1.582234 0.063239
 18033.000000 24.377976 1.594864 0.069678
 18036.000000 24.330609 1.588159 0.121891
 18039.000000 24.356412 1.590691 0.128780
 18042.000000 24.311328 1.627720 0.062941
 18045.000000 24.344379 1.624479 0.071748
 18048.000000 24.341188 1.618497 0.109565
 18051.000000 24.365901 1.568244 0.091646
 18054.000000 24.346333 1.563498 0.119582
 18057.000000 24.487058 1.596676 0.129730
 18060.000000 24.413340 1.598867 0.097641
 18063.000000 24.403734 1.586683 0.130096
 18066.000000 24.457211 1.549256 0.169660
 18069.000000 24.425222 1.554888 0.169395
 18072.000000 24.419683 1.547452 0.147198
 18075.000000 24.342629 1.600184 0.124712
 18078.000000 24.446357 1.581502 0.107425
 18081.000000 24.516125 1.594666 0.072064
 18084.000000 24.460160 1.599110 0.069942
 18087.000000 24.550892 1.602789 0.102567
 18090.000000 24.462227 1.588830 0.093513
 18093.000000 24.390109 1.588876 0.084234
 18096.000000 24.390622 1.622177 0.105225
 18099.000000 24.406610 1.574370 0.057668
 18102.000000 24.401073 1.588661 0.097249
 18105.000000 24.358654 1.599777 0.076288
 18108.000000 24.376855 1.568687 0.056881
 18111.000000 24.413702 1.595999 0.100481
 18114.000000 24.456300 1.571564 0.122600
 18117.000000 24.451404 1.563586 0.150456
 18120.000000 24.501386 1.569364 0.120389
 18123.000000 24.471234 1.548651 0.111672
 18126.000000 24.450503 1.550059 0.105216
 18129.000000 24.494762 1.557978 0.116877
 18132.000000 24.412992 1.543371 0.079850
 18135.000000 24.424688 1.554392 0.093980
 18138.000000 24.482345 1.575589 0.082490
 18141.000000 24.416706 1.549111 0.096719
 18144.000000 24.438520 1.563611 0.065402
 18147.000000 24.316017 1.550021 0.096082
 18150.000000 24.385420 1.548215 0.081670
 18153.000000 24.486000 1.521072 0.110961
 18156.000000 24.416318 1.518413 0.146438
 18159.000000 24.365441 1.532338 0.105529
 18162.000000 24.375979 1.517337 0.147646
 18165.000000 24.351230 1.507131 0.166313
 18168.000000 24.314600 1.536392 0.172131
 18171.000000 24.364680 1.526142 0.192117
 18174.000000 24.358235 1.524902 0.239335
 18177.000000 24.354973 1.525274 0.203265
 18180.000000 24.341654 1.538095 0.228847
 18183.000000 24.295417 1.565047 0.173235
 18186.000000 24.293053 1.539587 0.180741
 18189.000000 24.377818 1.534206 0.131655
 18192.000000 24.369259 1.517726 0.121010
 18195.000000 24.353704 1.544292 0.104849
 18198.000000 24.430964 1.541078 0.088529
 18201.000000 24.433221 1.530593 0.100161
 18204.000000 24.472712 1.534326 0.141400
 18207.000000 24.497487 1.538755 0.096742
 18210.000000 24.527385 1.517901 0.124164
 18213.000000 24.573093 1.525842 0.089301
 18216.000000 24.576351 1.556563 0.100028
 18219.000000 24.646773 1.561345 0.131279
 18222.000000 24.608652 1.527338 0.122758
 18225.000000 24.614321 1.525575 0.124697
 18228.000000 24.534252 1.549021 0.117492
 18231.000000 24.466784 1.583233 0.122615
 18234.000000 24.504322 1.559357 0.110204
 18237.000000 24.574352 1.587440 0.125060
 18240.000000 24.590056 1.573333 0.071099
 18243.000000 24.454921 1.581985 0.074594
 18246.000000 24.468276 1.570533 0.140969
 18249.000000 24.370125 1.551384 0.089976
 18252.000000 24.386849 1.566806 0.086265
 18255.000000 24.377671 1.583309 0.089101
 18258.000000 24.462901 1.580830 0.067135
 18261.000000 24.424806 1.577747 0.082667
 18264.000000 24.510105 1.564423 0.069385
 18267.000000 24.503510 1.558518 0.039194
 18270.000000 24.516925 1.544842 0.094795
 18273.000000 24.582047 1.564322 0.102579
 18276.000000 24.573715 1.553645 0.150727
 18279.000000 24.519488 1.548766 0.135455
 18282.000000 24.564773 1.529459 0.089000
 18285.000000 24.582170 1.536707 0.138164
 18288.000000 24.588554 1.547147 0.154478
 18291.000000 24.631226 1.559475 0.111637
 18294.000000 24.647526 1.570773 0.083141
 18297.000000 24.670263 1.560330 0.099860
 18300.000000 24.626431 1.521730 0.128754
 18303.000000 24.587400 1.527054 0.105606
 18306.000000 24.509034 1.539370 0.088657
 18309.000000 24.598881 1.555617 0.127574
 18312.000000 24.578144 1.566562 0.106278
 18315.000000 24.483273 1.537361 0.110627
 18318.000000 24.398061 1.515771 0.149181
 18321.000000 24.541198 1.559521 0.173808
 18324.000000 24.590047 1.511007 0.173898
 18327.000000 24.549626 1.507100 0.141764
 18330.000000 24.558804 1.531170 0.139827
 18333.000000 24.512313 1.552271 0.165098
 18336.000000 24.483262 1.553557 0.108877
 18339.000000 24.467866 1.567147 0.090585
 18342.000000 24.433705 1.580653 0.093311
 18345.000000 24.531409 1.563676 0.143191
 18348.000000 24.525615 1.537195 0.107760
 18351.000000 24.517906 1.516856 0.132695
 18354.000000 24.530566 1.531681 0.113835
 18357.000000 24.558015 1.504250 0.123573
 18360.000000 24.484142 1.521380 0.095046
 18363.000000 24.425160 1.540567 0.112353
 18366.000000 24.392333 1.574893 0.116773
 18369.000000 24.374071 1.563472 0.099109
 18372.000000 24.415088 1.560834 0.082060
 18375.000000 24.432506 1.523603 0.111358
 18378.000000 24.407512 1.511274 0.106731
 18381.000000 24.440589 1.533202 0.089181
 18384.000000 24.493713 1.543414 0.117207
 18387.000000 24.497408 1.569268 0.071283
 18390.000000 24.471524 1.551108 0.091981
 18393.000000 24.432539 1.570141 0.050117
 18396.000000 24.434750 1.575534 0.055620
 18399.000000 24.441055 1.571020 0.081118
 18402.000000 24.479996 1.570466 0.141695
 18405.000000 24.438091 1.545062 0.150795
 18408.000000 24.405158 1.519900 0.127505
 18411.000000 24.300495 1.519448 0.122007
 18414.000000 24.374748 1.543924 0.067517
 18417.000000 24.360913 1.561248 0.061255
 18420.000000 24.376262 1.518229 0.065628
 18423.000000 24.292512 1.539533 0.086010
 18426.000000 24.273172 1.535786 0.040724
 18429.000000 24.377021 1.512585 0.091833
 18432.000000 24.381263 1.511206 0.126886
 18435.000000 24.361380 1.518454 0.133900
 18438.000000 24.423533 1.519594 0.145542
 18441.000000 24.368357 1.521932 0.145895
 18444.000000 24.374756 1.509774 0.167653
 18447.000000 24.383080 1.516938 0.157689
 18450.000000 24.353042 1.525079 0.146253
 18453.000000 24.347166 1.511913 0.138046
 18456.000000 24.260644 1.547195 0.097088
 18459.000000 24.326093 1.517388 0.111475
 18462.000000 24.429004 1.522583 0.099263
 18465.000000 24.442821 1.523801 0.090712
 18468.000000 24.580896 1.508189 0.141992
 18471.000000 24.508997 1.513230 0.136149
 18474.000000 24.541200 1.516627 0.154001
 18477.000000 24.518592 1.530739 0.132811
 18480.000000 24.505749 1.527666 0.146646
 18483.000000 24.485659 1.523270 0.158943
 18486.000000 24.519114 1.553749 0.127287
 18489.000000 24.471793 1.594762 0.088417
 18492.000000 24.481486 1.573367 0.111881
 18495.000000 24.538914 1.551594 0.126995
 18498.000000 24.423257 1.570679 0.141855
 18501.000000 24.412741 1.574160 0.114591
 18504.000000 24.401368 1.553142 0.145010
 18507.000000 24.409960 1.598517 0.084632
 18510.000000 24.412827 1.597925 0.105692
 18513.000000 24.339624 1.606306 0.120460
 18516.000000 24.469926 1.568863 0.125388
 18519.000000 24.482141 1.561832 0.132060
 18522.000000 24.543391 1.587154 0.121748
 18525.000000 24.520652 1.568026 0.133230
 18528.000000 24.518938 1.564298 0.137536
 18531.000000 24.507801 1.555746 0.143519
 18534.000000 24.568820 1.555218 0.142404
 18537.000000 24.562351 1.542286 0.132019
 18540.000000 24.615210 1.542227 0.113534
 18543.000000 24.621286 1.530785 0.126156
 18546.000000 24.579063 1.537397 0.150104
 18549.000000 24.510308 1.543224 0.132902
 18552.000000 24.537413 1.549455 0.109453
 18555.000000 24.550731 1.566849 0.131205
 18558.000000 24.561921 1.571469 0.136666
 18561.000000 24.590248 1.546029 0.172066
 18564.000000 24.594163 1.553413 0.178988
 18567.000000 24.638815 1.516014 0.161272
 18570.000000 24.630189 1.536010 0.143577
 18573.000000 24.557456 1.537104 0.117673
 18576.000000 24.547661 1.506457 0.135588
 18579.000000 24.592987 1.493972 0.102428
 18582.000000 24.591220 1.514728 0.092866
 18585.000000 24.489421 1.534798 0.082682
 18588.000000 24.498182 1.551234 0.109475
 18591.000000 24.294187 1.534994 0.133469
 18594.000000 24.309564 1.520513 0.104655
 18597.000000 24.320681 1.560160 0.104217
 18600.000000 24.312090 1.556476 0.144099
 18603.000000 24.476652 1.546119 0.153727
 18606.000000 24.403761 1.524495 0.152008
 18609.000000 24.436935 1.531584 0.106243
 18612.000000 24.460058 1.574272 0.095068
 18615.000000 24.492189 1.573890 0.118454
 18618.000000 24.475120 1.603108 0.125605
 18621.000000 24.396221 1.592292 0.119246
 18624.000000 24.436404 1.550111 0.099672
 18627.000000 24.425210 1.575892 0.104799
 18630.000000 24.511458 1.554676 0.116648
 18633.000000 24.523812 1.579025 0.071263
 18636.000000 24.646698 1.581629 0.100806
 18639.000000 24.610930 1.588830 0.108132
 18642.000000 24.541677 1.579887 0.123710
 18645.000000 24.579476 1.570556 0.121996
 18648.000000 24.515463 1.553668 0.126201
 18651.000000 24.531757 1.554439 0.124680
 18654.000000 24.504892 1.555593 0.137659
 18657.000000 24.551761 1.539713 0.148876
 18660.000000 24.629548 1.558768 0.124155
 18663.000000 24.629381 1.565130 0.127424
 18666.000000 24.598963 1.572916 0.131701
 18669.000000 24.563460 1.575765 0.146235
 18672.000000 24.612273 1.583500 0.142235
 18675.000000 24.566082 1.581024 0.155275
 18678.000000 24.579128 1.579843 0.141052
 18681.000000 24.614014 1.592499 0.125088
 18684.000000 24.649852 1.596871 0.121988
 18687.000000 24.702446 1.574558 0.120525
 18690.000000 24.590620 1.567101 0.121596
 18693.000000 24.563467 1.564927 0.102010
 18696.000000 24.534058 1.557862 0.100070
 18699.000000 24.558692 1.555550 0.083963
 18702.000000 24.607577 1.575604 0.064715
 18705.000000 24.643766 1.532154 0.078642
 18708.000000 24.660611 1.551256 0.095460
 18711.000000 24.620293 1.550536 0.121671
 18714.000000 24.566306 1.557229 0.077988
 18717.000000 24.538079 1.543404 0.103301
 18720.000000 24.559271 1.566751 0.095162
 18723.000000 24.460822 1.598600 0.143776
 18726.000000 24.436860 1.579819 0.113727
 18729.000000 24.370591 1.579269 0.098050
 18732.000000 24.400918 1.582760 0.102204
 18735.000000 24.371420 1.573618 0.108411
 18738.000000 24.378594 1.564972 0.124263
 18741.000000 24.438120 1.537950 0.073275
 18744.000000 24.260229 1.543372 0.151186
 18747.000000 24.331255 1.536989 0.048752
 18750.000000 24.401139 1.518148 0.089460
 18753.000000 24.414448 1.528558 0.098986
 18756.000000 24.479184 1.530528 0.084371
 18759.000000 24.423242 1.549680 0.117925
 18762.000000 24.434650 1.558206 0.160387
 18765.000000 24.445917 1.569141 0.127464
 18768.000000 24.357681 1.586799 0.136515
 18771.000000 24.420385 1.591929 0.093678
 18774.000000 24.383743 1.569069 0.128774
 18777.000000 24.358018 1.556830 0.109664
 18780.000000 24.292508 1.570538 0.124585
 18783.000000 24.314546 1.545288 0.126490
 18786.000000 24.320874 1.543467 0.144865
 18789.000000 24.264469 1.542764 0.113543
 18792.000000 24.293657 1.553346 0.138242
 18795.000000 24.197338 1.549220 0.133681
 18798.000000 24.360005 1.557901 0.113742
 18801.000000 24.271378 1.559352 0.117602
 18804.000000 24.273101 1.589982 0.138892
 18807.000000 24.251663 1.574815 0.141873
 18810.000000 24.350420 1.552760 0.182290
 18813.000000 24.320223 1.574933 0.165727
 18816.000000 24.354502 1.563769 0.154531
 18819.000000 24.353137 1.554847 0.157013
 18822.000000 24.377816 1.583797 0.155920
 18825.000000 24.298848 1.555353 0.103752
 18828.000000 24.281458 1.577358 0.115833
 18831.000000 24.338993 1.597928 0.119101
 18834.000000 24.384141 1.577875 0.138474
 18837.000000 24.432596 1.589372 0.136445
 18840.000000 24.501348 1.585961 0.115591
 18843.000000 24.524982 1.578750 0.128480
 18846.000000 24.553222 1.570214 0.126861
 18849.000000 24.548522 1.577806 0.129477
 18852.000000 24.595615 1.601384 0.156266
 18855.000000 24.505717 1.617515 0.175406
 18858.000000 24.501574 1.621430 0.166708
 18861.000000 24.511635 1.591355 0.161758
 18864.000000 24.515637 1.640561 0.127893
 18867.000000 24.448678 1.653774 0.169700
 18870.000000 24.522259 1.636617 0.152719
 18873.000000 24.454331 1.648770 0.143244
 18876.000000 24.436414 1.602119 0.115454
 18879.000000 24.370873 1.582781 0.181051
 18882.000000 24.349098 1.582223 0.101836
 18885.000000 24.324972 1.562905 0.111220
 18888.000000 24.383075 1.574389 0.151507
 18891.000000 24.360453 1.591253 0.174973
 18894.000000 24.390216 1.602203 0.151334
 18897.000000 24.338260 1.586764 0.072814
 18900.000000 24.451365 1.564738 0.099428
 18903.000000 24.434596 1.565462 0.145540
 18906.000000 24.484909 1.561466 0.182740
 18909.000000 24.490971 1.571239 0.207522
 18912.000000 24.532780 1.563289 0.163435
 18915.000000 24.479226 1.572258 0.127166
 18918.000000 24.473712 1.563016 0.150018
 18921.000000 24.436790 1.541754 0.108131
 18924.000000 24.468994 1.540964 0.131232
 18927.000000 24.425765 1.554313 0.093202
 18930.000000 24.455580 1.560618 0.134825
 18933.000000 24.496188 1.571737 0.133803
 18936.000000 24.528375 1.562467 0.093173
 18939.000000 24.567171 1.556895 0.110811
 18942.000000 24.505536 1.563307 0.106546
 18945.000000 24.508991 1.577609 0.096461
 18948.000000 24.475067 1.574133 0.121862
 18951.000000 24.451825 1.559688 0.157218
 18954.000000 24.477616 1.570372 0.174268
 18957.000000 24.521155 1.543010 0.156965
 18960.000000 24.535058 1.519708 0.123604
 18963.000000 24.509336 1.519054 0.133480
 18966.000000 24.503279 1.527043 0.140071
 18969.000000 24.439765 1.538937 0.103694
 18972.000000 24.489466 1.566088 0.110161
 18975.000000 24.546098 1.571597 0.127285
 18978.000000 24.428012 1.534522 0.110091
 18981.000000 24.390716 1.525219 0.121608
 18984.000000 24.446877 1.520586 0.154068
 18987.000000 24.446833 1.530729 0.178240
 18990.000000 24.357734 1.503622 0.152358
 18993.000000 24.435717 1.538755 0.128457
 18996.000000 24.478408 1.547881 0.131705
 18999.000000 24.423812 1.547231 0.151668
 19002.000000 24.333126 1.567428 0.154542
 19005.000000 24.370383 1.593277 0.175856
 19008.000000 24.361318 1.585958 0.196461
 19011.000000 24.386976 1.595438 0.194346
 19014.000000 24.362585 1.584073 0.126097
 19017.000000 24.467593 1.559492 0.152923
 19020.000000 24.448733 1.568771 0.126099
 19023.000000 24.530298 1.576306 0.146033
 19026.000000 24.517149 1.596416 0.149711
 19029.000000 24.532950 1.582593 0.089153
 19032.000000 24.566441 1.567202 0.099139
 19035.000000 24.556705 1.562028 0.095401
 19038.000000 24.515770 1.565025 0.076340
 19041.000000 24.524657 1.559390 0.117092
 19044.000000 24.553121 1.554582 0.153301
 19047.000000 24.514142 1.527615 0.137212
 19050.000000 24.407612 1.524553 0.139950
 19053.000000 24.443249 1.524293 0.096887
 19056.000000 24.515119 1.536710 0.104963
 19059.000000 24.480556 1.516007 0.115372
 19062.000000 24.425952 1.553524 0.090015
 19065.000000 24.404223 1.534053 0.092267
 19068.000000 24.433313 1.538395 0.109118
 19071.000000 24.463985 1.544344 0.112581
 19074.000000 24.511943 1.576696 0.119704
 19077.000000 24.465843 1.573320 0.109541
 19080.000000 24.460343 1.570006 0.090360
 19083.000000 24.508814 1.531505 0.130513
 19086.000000 24.539072 1.536474 0.155902
 19089.000000 24.559047 1.527345 0.135727
 19092.000000 24.551923 1.503574 0.140441
 19095.000000 24.490565 1.489390 0.165923
 19098.000000 24.491988 1.498665 0.145495
 19101.000000 24.502435 1.494339 0.162754
 19104.000000 24.552519 1.496453 0.164975
 19107.000000 24.527510 1.502062 0.154501
 19110.000000 24.514546 1.526492 0.150372
 19113.000000 24.543144 1.529078 0.121911
 19116.000000 24.527636 1.538424 0.123348
 19119.000000 24.558514 1.521457 0.136798
 19122.000000 24.500723 1.524725 0.134425
 19125.000000 24.500262 1.515758 0.133527
 19128.000000 24.484311 1.519883 0.146370
 19131.000000 24.455663 1.516249 0.166077
 19134.000000 24.493167 1.534901 0.143683
 19137.000000 24.490883 1.522050 0.143784
 19140.000000 24.501215 1.556264 0.121883
 19143.000000 24.519255 1.544169 0.161970
 19146.000000 24.580662 1.557943 0.156123
 19149.000000 24.513646 1.583128 0.184961
 19152.000000 24.467609 1.575081 0.194764
 19155.000000 24.406554 1.583355 0.177221
 19158.000000 24.383229 1.580163 0.211291
 19161.000000 24.421076 1.604162 0.169556
 19164.000000 24.429248 1.609194 0.215505
 19167.000000 24.413246 1.593922 0.212567
 19170.000000 24.449426 1.561833 0.200703
 19173.000000 24.412856 1.592118 0.200936
 19176.000000 24.449673 1.584443 0.213336
 19179.000000 24.476929 1.563567 0.197893
 19182.000000 24.473129 1.563962 0.187955
 19185.000000 24.519331 1.580909 0.177494
 19188.000000 24.545104 1.576748 0.145972
 19191.000000 24.544573 1.614438 0.123277
 19194.000000 24.511774 1.604661 0.149220
 19197.000000 24.441717 1.612698 0.142313
 19200.000000 24.476533 1.599372 0.146803
 19203.000000 24.445149 1.597574 0.141452
 19206.000000 24.482949 1.584928 0.133528
 19209.000000 24.468672 1.579040 0.132875
 19212.000000 24.449906 1.567237 0.148635
 19215.000000 24.452265 1.590811 0.138224
 19218.000000 24.492510 1.579489 0.119843
 19221.000000 24.564928 1.579656 0.183521
 19224.000000 24.556216 1.547012 0.221085
 19227.000000 24.534959 1.542521 0.164450
 19230.000000 24.554074 1.533973 0.190738
 19233.000000 24.541485 1.543527 0.198193
 19236.000000 24.565282 1.549846 0.152874
 19239.000000 24.572702 1.545282 0.137729
 19242.000000 24.555515 1.522354 0.148374
 19245.000000 24.611236 1.490396 0.187977
 19248.000000 24.551341 1.521246 0.123329
 19251.000000 24.458084 1.517095 0.125737
 19254.000000 24.556081 1.562276 0.078656
 19257.000000 24.619661 1.553524 0.106580
 19260.000000 24.615852 1.571566 0.100332
 19263.000000 24.609071 1.546950 0.139636
 19266.000000 24.666797 1.575950 0.118618
 19269.000000 24.647820 1.556481 0.128024
 19272.000000 24.714092 1.554129 0.099459
 19275.000000 24.735441 1.575407 0.102140
 19278.000000 24.685666 1.564293 0.065161
 19281.000000 24.614031 1.583034 0.047793
 19284.000000 24.509435 1.574051 0.072740
 19287.000000 24.601528 1.581305 0.043241
 19290.000000 24.662771 1.568166 0.086453
 19293.000000 24.692184 1.553002 0.072775
 19296.000000 24.594639 1.531456 0.119429
 19299.000000 24.557142 1.524756 0.138593
 19302.000000 24.626808 1.561628 0.130634
 19305.000000 24.601861 1.544980 0.183245
 19308.000000 24.595199 1.567492 0.191879
 19311.000000 24.512753 1.557026 0.205178
 19314.000000 24.495392 1.576008 0.190658
 19317.000000 24.605545 1.578009 0.156873
 19320.000000 24.578307 1.564047 0.142434
 19323.000000 24.534106 1.566954 0.136002
 19326.000000 24.526362 1.564740 0.155130
 19329.000000 24.545114 1.541856 0.156271
 19332.000000 24.484762 1.534249 0.172484
 19335.000000 24.541751 1.546488 0.167909
 19338.000000 24.474601 1.537042 0.169466
 19341.000000 24.541423 1.547619 0.140219
 19344.000000 24.541973 1.556691 0.130192
 19347.000000 24.468828 1.542741 0.149012
 19350.000000 24.445812 1.561322 0.150512
 19353.000000 24.501549 1.559052 0.153517
 19356.000000 24.537294 1.548317 0.155418
 19359.000000 24.581372 1.546707 0.168330
 19362.000000 24.650329 1.517572 0.186025
 19365.000000 24.639845 1.507318 0.192414
 19368.000000 24.588835 1.519052 0.158001
 19371.000000 24.599783 1.561736 0.132197
 19374.000000 24.580373 1.558904 0.159956
 19377.000000 24.583208 1.535488 0.182165
 19380.000000 24.559985 1.540102 0.136096
 19383.000000 24.597539 1.554326 0.173632
 19386.000000 24.543560 1.539247 0.186025
 19389.000000 24.495238 1.547623 0.209962
 19392.000000 24.502685 1.548116 0.170834
 19395.000000 24.553090 1.548348 0.163572
 19398.000000 24.529069 1.565286 0.133857
 19401.000000 24.548927 1.549730 0.097905
 19404.000000 24.531202 1.566019 0.115159
 19407.000000 24.573444 1.582741 0.128582
 19410.000000 24.522387 1.552826 0.133130
 19413.000000 24.594295 1.533917 0.166327
 19416.000000 24.533405 1.542485 0.131780
 19419.000000 24.561549 1.531814 0.158905
 19422.000000 24.576637 1.548450 0.149003
 19425.000000 24.567624 1.538068 0.155553
 19428.000000 24.496509 1.559809 0.094807
 19431.000000 24.503348 1.534803 0.129117
 19434.000000 24.467026 1.569763 0.109320
 19437.000000 24.477545 1.550498 0.122037
 19440.000000 24.470185 1.543754 0.111573
 19443.000000 24.504570 1.555288 0.114983
 19446.000000 24.384139 1.609020 0.096784
 19449.000000 24.423607 1.617432 0.108627
 19452.000000 24.425769 1.605882 0.124307
 19455.000000 24.288918 1.584173 0.163463
 19458.000000 24.254754 1.596277 0.115185
 19461.000000 24.272742 1.579219 0.134148
 19464.000000 24.278380 1.583090 0.140919
 19467.000000 24.315980 1.594192 0.124120
 19470.000000 24.346046 1.585952 0.126729
 19473.000000 24.445180 1.573390 0.134272
 19476.000000 24.392219 1.608896 0.139951
 19479.000000 24.415699 1.601435 0.121707
 19482.000000 24.414961 1.587289 0.170644
 19485.000000 24.365143 1.583665 0.132641
 19488.000000 24.389283 1.568639 0.146652
 19491.000000 24.415634 1.586874 0.126419
 19494.000000 24.415432 1.574219 0.124820
 19497.000000 24.413541 1.594489 0.110990
 19500.000000 24.492879 1.578477 0.091353
 19503.000000 24.558658 1.561938 0.138053
 19506.000000 24.647952 1.556711 0.100468
 19509.000000 24.699979 1.554602 0.103947
 19512.000000 24.668984 1.557306 0.095894
 19515.000000 24.620897 1.560507 0.083858
 19518.000000 24.625245 1.554990 0.057141
 19521.000000 24.620501 1.554082 0.058733
 19524.000000 24.566679 1.565560 0.065984
 19527.000000 24.572987 1.573889 0.079931
 19530.000000 24.553687 1.553420 0.046890
 19533.000000 24.533979 1.556467 0.077203
 19536.000000 24.498459 1.561808 0.086571
 19539.000000 24.516505 1.546541 0.082511
 19542.000000 24.524873 1.556423 0.114726
 19545.000000 24.455669 1.534737 0.109798
 19548.000000 24.434558 1.519373 0.128064
 19551.000000 24.415582 1.543172 0.110987
 19554.000000 24.391310 1.510081 0.134884
 19557.000000 24.486211 1.539225 0.128442
 19560.000000 24.434982 1.550832 0.132608
 19563.000000 24.392890 1.552765 0.152579
 19566.000000 24.342976 1.535110 0.145059
 19569.000000 24.368461 1.571284 0.125905
 19572.000000 24.274907 1.539678 0.122237
 19575.000000 24.272819 1.532991 0.100253
 19578.000000 24.316382 1.546300 0.114858
 19581.000000 24.266222 1.547916 0.110266
 19584.000000 24.333846 1.558870 0.121143
 19587.000000 24.270199 1.527313 0.173039
 19590.000000 24.185943 1.528206 0.132939
 19593.000000 24.263780 1.536818 0.126869
 19596.000000 24.315874 1.569264 0.154895
 19599.000000 24.348654 1.536429 0.163004
 19602.000000 24.291893 1.517276 0.170013
 19605.000000 24.358347 1.555821 0.150664
 19608.000000 24.306137 1.539561 0.164977
 19611.000000 24.292112 1.547617 0.126951
 19614.000000 24.300449 1.534901 0.162541
 19617.000000 24.314205 1.541926 0.117351
 19620.000000 24.258345 1.527519 0.142929
 19623.000000 24.295500 1.497753 0.112687
 19626.000000 24.246177 1.514632 0.108838
 19629.000000 24.291999 1.522752 0.164577
 19632.000000 24.289653 1.513747 0.132456
 19635.000000 24.395429 1.521995 0.153332
 19638.000000 24.350373 1.523146 0.141531
 19641.000000 24.438476 1.524431 0.136982
 19644.000000 24.422043 1.526857 0.169629
 19647.000000 24.411619 1.549704 0.136167
 19650.000000 24.407259 1.553580 0.166490
 19653.000000 24.373435 1.518526 0.208306
 19656.000000 24.322771 1.512144 0.200880
 19659.000000 24.275169 1.533072 0.193525
 19662.000000 24.249148 1.535421 0.170736
 19665.000000 24.219350 1.524789 0.199418
 19668.000000 24.243355 1.532551 0.217562
 19671.000000 24.300437 1.566943 0.154973
 19674.000000 24.308004 1.535127 0.143289
 19677.000000 24.377780 1.559949 0.131393
 19680.000000 24.308745 1.549914 0.136132
 19683.000000 24.324152 1.536440 0.173876
 19686.000000 24.310306 1.548069 0.158338
 19689.000000 24.291512 1.564626 0.114308
 19692.000000 24.344536 1.563173 0.095555
 19695.000000 24.358202 1.548325 0.108893
 19698.000000 24.404687 1.557372 0.119788
 19701.000000 24.382338 1.574958 0.115605
 19704.000000 24.424639 1.536340 0.156321
 19707.000000 24.381461 1.535612 0.159651
 19710.000000 24.444819 1.553749 0.150461
 19713.000000 24.516786 1.556145 0.128000
 19716.000000 24.472155 1.564184 0.129611
 19719.000000 24.461041 1.544504 0.134209
 19722.000000 24.461249 1.568337 0.112553
 19725.000000 24.379069 1.530442 0.127672
 19728.000000 24.393657 1.518637 0.142895
 19731.000000 24.365981 1.529738 0.147898
 19734.000000 24.341646 1.522814 0.142429
 19737.000000 24.337456 1.514895 0.151129
 19740.000000 24.332840 1.516738 0.133858
 19743.000000 24.344984 1.507627 0.144400
 19746.000000 24.335128 1.507699 0.124960
 19749.000000 24.334988 1.500383 0.134023
 19752.000000 24.317410 1.516861 0.137422
 19755.000000 24.232936 1.516239 0.144963
 19758.000000 24.269639 1.536385 0.125330
 19761.000000 24.299770 1.530223 0.122107
 19764.000000 24.286040 1.528670 0.125809
 19767.000000 24.305737 1.541791 0.116020
 19770.000000 24.323671 1.539859 0.104944
 19773.000000 24.319296 1.552333 0.087989
 19776.000000 24.399292 1.545081 0.133455
 19779.000000 24.407915 1.544250 0.107489
 19782.000000 24.484779 1.517048 0.127256
 19785.000000 24.562062 1.531565 0.113294
 19788.000000 24.492487 1.533711 0.124510
 19791.000000 24.508922 1.549600 0.111014
 19794.000000 24.450830 1.522384 0.099630
 19797.000000 24.502673 1.536894 0.067222
 19800.000000 24.389610 1.550481 0.113890
 19803.000000 24.481713 1.559106 0.100963
 19806.000000 24.525437 1.576243 0.143741
 19809.000000 24.542062 1.557198 0.141539
 19812.000000 24.562616 1.529604 0.158182
 19815.000000 24.629388 1.541023 0.133568
 19818.000000 24.572846 1.550209 0.126205
 19821.000000 24.581264 1.549397 0.144185
 19824.000000 24.723523 1.543202 0.140336
 19827.000000 24.734543 1.531729 0.157472
 19830.000000 24.725781 1.540016 0.161596
 19833.000000 24.643696 1.561314 0.120277
 19836.000000 24.618493 1.539247 0.109665
 19839.000000 24.651613 1.559644 0.080628
 19842.000000 24.693909 1.544916 0.092098
 19845.000000 24.672507 1.534201 0.129604
 19848.000000 24.685987 1.544503 0.140827
 19851.000000 24.680885 1.567946 0.105967
 19854.000000 24.664043 1.586270 0.136542
 19857.000000 24.694659 1.597883 0.106353
 19860.000000 24.682598 1.575848 0.109861
 19863.000000 24.684421 1.595694 0.107904
 19866.000000 24.660880 1.570144 0.122297
 19869.000000 24.633556 1.541361 0.134128
 19872.000000 24.597305 1.556284 0.152737
 19875.000000 24.665258 1.529446 0.135657
 19878.000000 24.546609 1.578309 0.111766
 19881.000000 24.558828 1.553665 0.125986
 19884.000000 24.560048 1.600984 0.105367
 19887.000000 24.557041 1.575612 0.141610
 19890.000000 24.602868 1.555404 0.165508
 19893.000000 24.559924 1.557754 0.121184
 19896.000000 24.599771 1.549282 0.163743
 19899.000000 24.584679 1.546594 0.144985
 19902.000000 24.511317 1.528796 0.123784
 19905.000000 24.599993 1.512946 0.148488
 19908.000000 24.569698 1.524828 0.174176
 19911.000000 24.561878 1.507393 0.192981
 19914.000000 24.636621 1.510589 0.152796
 19917.000000 24.579033 1.535119 0.150905
 19920.000000 24.728427 1.539528 0.163289
 19923.000000 24.552629 1.527486 0.132837
 19926.000000 24.576365 1.540530 0.138838
 19929.000000 24.611196 1.548581 0.141179
 19932.000000 24.541540 1.527480 0.170884
 19935.000000 24.578156 1.512418 0.201155
 19938.000000 24.622750 1.550889 0.199612
 19941.000000 24.494699 1.547626 0.189439
 19944.000000 24.575172 1.544585 0.191292
 19947.000000 24.734555 1.581273 0.122371
 19950.000000 24.602622 1.577031 0.165468
 19953.000000 24.525424 1.579151 0.153230
 19956.000000 24.539492 1.572501 0.140271
 19959.000000 24.492528 1.595676 0.140875
 19962.000000 24.420042 1.596535 0.150197
 19965.000000 24.447812 1.597854 0.143543
 19968.000000 24.410753 1.601514 0.137320
 19971.000000 24.455274 1.602786 0.125476
 19974.000000 24.493871 1.591512 0.121413
 19977.000000 24.503660 1.591291 0.133069
 19980.000000 24.507307 1.629888 0.137967
 19983.000000 24.509767 1.597048 0.137933
 19986.000000 24.535456 1.621446 0.125426
 19989.000000 24.644677 1.611586 0.122772
 19992.000000 24.623611 1.615118 0.094632
 19995.000000 24.743688 1.603394 0.151993
 19998.000000 24.653078 1.551596 0.189825
 20001.000000 24.587895 1.574036 0.162170
 20004.000000 24.620987 1.570733 0.168099
 20007.000000 24.589654 1.574940 0.165848
 20010.000000 24.600939 1.575905 0.159065
 20013.000000 24.542594 1.556062 0.160514
 20016.000000 24.461978 1.578320 0.130311
 20019.000000 24.495047 1.564466 0.153933
 20022.000000 24.539374 1.550754 0.135390
 20025.000000 24.521337 1.540450 0.152290
 20028.000000 24.534258 1.516318 0.153723
 20031.000000 24.553429 1.534326 0.104159
 20034.000000 24.490238 1.549345 0.112136
 20037.000000 24.495033 1.558987 0.108627
 20040.000000 24.550464 1.550090 0.106800
 20043.000000 24.482470 1.544036 0.115125
 20046.000000 24.578572 1.524681 0.107130
 20049.000000 24.413538 1.530433 0.134378
 20052.000000 24.462070 1.542306 0.145190
 20055.000000 24.379670 1.552865 0.132187
 20058.000000 24.411373 1.535691 0.133804
 20061.000000 24.366980 1.540939 0.131041
 20064.000000 24.386956 1.561031 0.124587
 20067.000000 24.357766 1.538331 0.130680
 20070.000000 24.454325 1.539177 0.132911
 20073.000000 24.423568 1.543580 0.148715
 20076.000000 24.310790 1.532355 0.151809
 20079.000000 24.282017 1.541430 0.184180
 20082.000000 24.308898 1.540561 0.191401
 20085.000000 24.361392 1.540775 0.185033
 20088.000000 24.290435 1.520069 0.179806
 20091.000000 24.329074 1.531752 0.137920
 20094.000000 24.418497 1.540285 0.096102
 20097.000000 24.449032 1.568278 0.096456
 20100.000000 24.447418 1.578928 0.112462
 20103.000000 24.435590 1.571239 0.138919
 20106.000000 24.381595 1.586505 0.132750
 20109.000000 24.388785 1.569616 0.145087
 20112.000000 24.352963 1.556416 0.130658
 20115.000000 24.330656 1.533091 0.094241
 20118.000000 24.349197 1.547880 0.103850
 20121.000000 24.335404 1.539104 0.098433
 20124.000000 24.359624 1.533809 0.126822
 20127.000000 24.327830 1.533555 0.148389
 20130.000000 24.420356 1.542596 0.114829
 20133.000000 24.432907 1.541063 0.129398
 20136.000000 24.496947 1.563711 0.122769
 20139.000000 24.477652 1.554311 0.148062
 20142.000000 24.503369 1.571633 0.117664
 20145.000000 24.455096 1.576934 0.133846
 20148.000000 24.512398 1.575338 0.109176
 20151.000000 24.532793 1.562442 0.051931
 20154.000000 24.492250 1.577714 0.092626
 20157.000000 24.502734 1.581439 0.103707
 20160.000000 24.549491 1.564675 0.081944
 20163.000000 24.549601 1.559035 0.043538
 20166.000000 24.512824 1.521841 0.080042
 20169.000000 24.443796 1.545525 0.071783
 20172.000000 24.491594 1.568097 0.056543
 20175.000000 24.501615 1.560881 0.092140
 20178.000000 24.459889 1.573632 0.096471
 20181.000000 24.382906 1.553581 0.105734
 20184.000000 24.429860 1.543682 0.128057
 20187.000000 24.433098 1.548287 0.125153
 20190.000000 24.431283 1.552452 0.121687
 20193.000000 24.419067 1.555591 0.144722
 20196.000000 24.396610 1.581749 0.200559
 20199.000000 24.479946 1.587684 0.171509
 20202.000000 24.482146 1.555726 0.172657
 20205.000000 24.536347 1.557947 0.153386
 20208.000000 24.553566 1.569913 0.136226
 20211.000000 24.482968 1.581580 0.127779
 20214.000000 24.589138 1.555966 0.104235
 20217.000000 24.568496 1.557014 0.130826
 20220.000000 24.611007 1.569859 0.102624
 20223.000000 24.562619 1.590104 0.100312
 20226.000000 24.538004 1.592363 0.144078
 20229.000000 24.569132 1.586637 0.173913
 20232.000000 24.635778 1.567579 0.161992
 20235.000000 24.637438 1.559545 0.179980
 20238.000000 24.543525 1.562877 0.155238
 20241.000000 24.574681 1.571132 0.154774
 20244.000000 24.571612 1.587148 0.092345
 20247.000000 24.612203 1.582475 0.123805
 20250.000000 24.670057 1.559584 0.136582
 20253.000000 24.617255 1.565233 0.151441
 20256.000000 24.628226 1.561271 0.157078
 20259.000000 24.592649 1.596930 0.166542
 20262.000000 24.499401 1.597146 0.127193
 20265.000000 24.574130 1.623223 0.111581
 20268.000000 24.490115 1.607287 0.109701
 20271.000000 24.516644 1.606778 0.125663
 20274.000000 24.597329 1.600955 0.116358
 20277.000000 24.604996 1.593711 0.148710
 20280.000000 24.554970 1.600283 0.166912
 20283.000000 24.535873 1.593067 0.123233
 20286.000000 24.518028 1.586463 0.068971
 20289.000000 24.542785 1.590280 0.100284
 20292.000000 24.507833 1.606167 0.075065
 20295.000000 24.526223 1.595746 0.112839
 20298.000000 24.458694 1.582973 0.110664
 20301.000000 24.515354 1.561506 0.097582
 20304.000000 24.496478 1.593628 0.122942
 20307.000000 24.445028 1.573703 0.095420
 20310.000000 24.554953 1.574890 0.086315
 20313.000000 24.482210 1.553493 0.088434
 20316.000000 24.381983 1.557099 0.111275
 20319.000000 24.438585 1.542532 0.093687
 20322.000000 24.399473 1.521406 0.086375
 20325.000000 24.373382 1.549253 0.079081
 20328.000000 24.370412 1.478464 0.126443
 20331.000000 24.255956 1.486988 0.109064
 20334.000000 24.259126 1.510594 0.109299
 20337.000000 24.344898 1.503582 0.111098
 20340.000000 24.326668 1.511549 0.091665
 20343.000000 24.373734 1.534753 0.094891
 20346.000000 24.283772 1.550065 0.090769
 20349.000000 24.344323 1.535408 0.135780
 20352.000000 24.375353 1.508618 0.148595
 20355.000000 24.366191 1.514593 0.115654
 20358.000000 24.346307 1.536391 0.112633
 20361.000000 24.295430 1.533552 0.104156
 20364.000000 24.316640 1.553120 0.112203
 20367.000000 24.400346 1.536361 0.107713
 20370.000000 24.451914 1.543115 0.120263
 20373.000000 24.467939 1.532878 0.166022
 20376.000000 24.498683 1.546286 0.152204
 20379.000000 24.446179 1.533876 0.171804
 20382.000000 24.525485 1.549807 0.138790
 20385.000000 24.455291 1.548016 0.114049
 20388.000000 24.447697 1.548170 0.149396
 20391.000000 24.375756 1.555087 0.172504
 20394.000000 24.451728 1.581167 0.140537
 20397.000000 24.370872 1.547591 0.131413
 20400.000000 24.403026 1.565453 0.150212
 20403.000000 24.386741 1.566799 0.131573
 20406.000000 24.384075 1.560008 0.150994
 20409.000000 24.411358 1.563040 0.126428
 20412.000000 24.417641 1.573549 0.113073
 20415.000000 24.480838 1.576441 0.125111
 20418.000000 24.514503 1.605282 0.092705
 20421.000000 24.435970 1.590533 0.083341
 20424.000000 24.407723 1.575930 0.071854
 20427.000000 24.459224 1.586439 0.119227
 20430.000000 24.446141 1.570626 0.143363
 20433.000000 24.475819 1.583542 0.134792
 20436.000000 24.455234 1.576045 0.134733
 20439.000000 24.438163 1.594565 0.143007
 20442.000000 24.440431 1.591654 0.174808
 20445.000000 24.410742 1.595917 0.176649
 20448.000000 24.344743 1.620306 0.152501
 20451.000000 24.341617 1.620566 0.145117
 20454.000000 24.419042 1.606368 0.174875
 20457.000000 24.388601 1.599661 0.179114
 20460.000000 24.431686 1.604589 0.218166
 20463.000000 24.457325 1.587305 0.210880
 20466.000000 24.457151 1.602461 0.171420
 20469.000000 24.422565 1.584417 0.162533
 20472.000000 24.349210 1.595641 0.182413
 20475.000000 24.319296 1.566536 0.192704
 20478.000000 24.346010 1.589707 0.166230
 20481.000000 24.248514 1.587535 0.152927
 20484.000000 24.332671 1.573968 0.147618
 20487.000000 24.333672 1.591050 0.128332
 20490.000000 24.386629 1.615151 0.136809
 20493.000000 24.389530 1.603453 0.138378
 20496.000000 24.427589 1.637049 0.081383
 20499.000000 24.392953 1.587234 0.149146
 20502.000000 24.350552 1.594206 0.116586
 20505.000000 24.286264 1.622490 0.097613
 20508.000000 24.303592 1.573819 0.110956
 20511.000000 24.257198 1.590780 0.101606
 20514.000000 24.276188 1.585098 0.155132
 20517.000000 24.254517 1.571537 0.158158
 20520.000000 24.358413 1.592129 0.143082
 20523.000000 24.356682 1.565556 0.123431
 20526.000000 24.350393 1.561746 0.124914
 20529.000000 24.475957 1.542817 0.136463
 20532.000000 24.414880 1.520531 0.128920
 20535.000000 24.423167 1.536035 0.114864
 20538.000000 24.448476 1.522693 0.115477
 20541.000000 24.387578 1.516455 0.122142
 20544.000000 24.415424 1.552169 0.102184
 20547.000000 24.369252 1.539092 0.157243
 20550.000000 24.365748 1.557910 0.124075
 20553.000000 24.385073 1.560351 0.140457
 20556.000000 24.395072 1.574638 0.125222
 20559.000000 24.419674 1.587610 0.097691
 20562.000000 24.385717 1.555683 0.131599
 20565.000000 24.337730 1.560728 0.138732
 20568.000000 24.335515 1.530540 0.203935
 20571.000000 24.308854 1.545039 0.173795
 20574.000000 24.380017 1.560626 0.132854
 20577.000000 24.438529 1.573023 0.132442
 20580.000000 24.452112 1.558002 0.133131
 20583.000000 24.406254 1.513833 0.151838
 20586.000000 24.396479 1.510715 0.159664
 20589.000000 24.353536 1.534613 0.143423
 20592.000000 24.423569 1.545077 0.142701
 20595.000000 24.420737 1.519313 0.177796
 20598.000000 24.574714 1.513074 0.192730
 20601.000000 24.479623 1.508397 0.180987
 20604.000000 24.467987 1.538966 0.132553
 20607.000000 24.524550 1.527052 0.161262
 20610.000000 24.435717 1.551726 0.159285
 20613.000000 24.453031 1.552538 0.159843
 20616.000000 24.433577 1.583783 0.131837
 20619.000000 24.410832 1.583578 0.167813
 20622.000000 24.474108 1.567641 0.177373
 20625.000000 24.487832 1.568584 0.112185
 20628.000000 24.419351 1.552347 0.127800
 20631.000000 24.402575 1.552402 0.170186
 20634.000000 24.411086 1.543200 0.177343
 20637.000000 24.488352 1.555973 0.148241
 20640.000000 24.527936 1.578008 0.151898
 20643.000000 24.591494 1.591035 0.135433
 20646.000000 24.535362 1.568167 0.151505
 20649.000000 24.500558 1.577596 0.144873
 20652.000000 24.566032 1.555181 0.150165
 20655.000000 24.535713 1.565079 0.139305
 20658.000000 24.553719 1.552757 0.149611
 20661.000000 24.426196 1.535064 0.162070
 20664.000000 24.400005 1.539774 0.153172
 20667.000000 24.406310 1.571476 0.125660
 20670.000000 24.364984 1.564256 0.129410
 20673.000000 24.406155 1.542851 0.199200
 20676.000000 24.482338 1.575851 0.111443
 20679.000000 24.469384 1.594474 0.069748
 20682.000000 24.502308 1.602045 0.120339
 20685.000000 24.548646 1.603141 0.133049
 20688.000000 24.559520 1.603228 0.132911
 20691.000000 24.491374 1.620757 0.128543
 20694.000000 24.567430 1.590156 0.167777
 20697.000000 24.495889 1.596784 0.148929
 20700.000000 24.610511 1.586790 0.148454
 20703.000000 24.614781 1.573947 0.195679
 20706.000000 24.563126 1.569479 0.151764
 20709.000000 24.531681 1.569474 0.174877
 20712.000000 24.508825 1.569475 0.165730
 20715.000000 24.504339 1.582319 0.164036
 20718.000000 24.513392 1.595587 0.177361
 20721.000000 24.545055 1.623209 0.144885
 20724.000000 24.520955 1.616037 0.179689
 20727.000000 24.444115 1.618616 0.212952
 20730.000000 24.450568 1.606765 0.212673
 20733.000000 24.490501 1.640101 0.170942
 20736.000000 24.439927 1.639283 0.179735
 20739.000000 24.416553 1.638265 0.183223
 20742.000000 24.466181 1.657756 0.144587
 20745.000000 24.446429 1.652916 0.152731
 20748.000000 24.459451 1.598265 0.217506
 20751.000000 24.455863 1.606494 0.184840
 20754.000000 24.422359 1.627811 0.152295
 20757.000000 24.345623 1.617561 0.144053
 20760.000000 24.446432 1.626811 0.154411
 20763.000000 24.500364 1.601716 0.168299
 20766.000000 24.503620 1.597696 0.182947
 20769.000000 24.504767 1.578630 0.199046
 20772.000000 24.434791 1.605949 0.166954
 20775.000000 24.522744 1.611478 0.145334
 20778.000000 24.427406 1.599557 0.161769
 20781.000000 24.390578 1.598833 0.180276
 20784.000000 24.347621 1.625196 0.167279
 20787.000000 24.403001 1.603763 0.149626
 20790.000000 24.466689 1.607907 0.161205
 20793.000000 24.390701 1.626144 0.128100
 20796.000000 24.390868 1.626027 0.104646
 20799.000000 24.409327 1.594072 0.121673
 20802.000000 24.444243 1.618467 0.118689
 20805.000000 24.414187 1.604994 0.121484
 20808.000000 24.419365 1.606897 0.153411
 20811.000000 24.325071 1.606083 0.143436
 20814.000000 24.354122 1.613597 0.129987
 20817.000000 24.447411 1.619417 0.119935
 20820.000000 24.510505 1.608096 0.131025
 20823.000000 24.455139 1.617130 0.111251
 20826.000000 24.484224 1.607954 0.086699
 20829.000000 24.526678 1.612019 0.097891
 20832.000000 24.487548 1.627415 0.096986
 20835.000000 24.512284 1.626395 0.150843
 20838.000000 24.500117 1.618773 0.170791
 20841.000000 24.430138 1.614823 0.163852
 20844.000000 24.401781 1.600512 0.193350
 20847.000000 24.436658 1.642103 0.162134
 20850.000000 24.411660 1.612269 0.152964
 20853.000000 24.473702 1.585945 0.145078
 20856.000000 24.484890 1.592551 0.155650
 20859.000000 24.425949 1.595847 0.152164
 20862.000000 24.496634 1.587416 0.156668
 20865.000000 24.440394 1.597825 0.124255
 20868.000000 24.465466 1.601679 0.143040
 20871.000000 24.430589 1.600817 0.121187
 20874.000000 24.492894 1.583184 0.136081
 20877.000000 24.356327 1.575696 0.107457
 20880.000000 24.389598 1.589478 0.126290
 20883.000000 24.426657 1.586754 0.135520
 20886.000000 24.473152 1.597826 0.158187
 20889.000000 24.401327 1.608258 0.146439
 20892.000000 24.452809 1.606112 0.116032
 20895.000000 24.437259 1.594497 0.160200
 20898.000000 24.352723 1.587274 0.146880
 20901.000000 24.325989 1.598870 0.141493
 20904.000000 24.426749 1.578362 0.171258
 20907.000000 24.465909 1.607907 0.189485
 20910.000000 24.466923 1.589637 0.183592
 20913.000000 24.437655 1.563987 0.150094
 20916.000000 24.409074 1.570203 0.153144
 20919.000000 24.420245 1.581639 0.131961
 20922.000000 24.524564 1.598214 0.135552
 20925.000000 24.492243 1.574862 0.143967
 20928.000000 24.577448 1.574991 0.161491
 20931.000000 24.500516 1.535998 0.210469
 20934.000000 24.464866 1.582382 0.161877
 20937.000000 24.479857 1.583568 0.186624
 20940.000000 24.557554 1.563283 0.189620
 20943.000000 24.440036 1.565357 0.198026
 20946.000000 24.366649 1.557453 0.216259
 20949.000000 24.320409 1.553142 0.227573
 20952.000000 24.405940 1.552356 0.216542
 20955.000000 24.461569 1.549559 0.186950
 20958.000000 24.513384 1.560312 0.205167
 20961.000000 24.509902 1.556319 0.198654
 20964.000000 24.562871 1.560378 0.206558
 20967.000000 24.492074 1.585968 0.190437
 20970.000000 24.502891 1.591359 0.168617
 20973.000000 24.534027 1.551236 0.212077
 20976.000000 24.495224 1.563231 0.204285
 20979.000000 24.470167 1.556815 0.223160
 20982.000000 24.446465 1.543194 0.186326
 20985.000000 24.436996 1.566240 0.153793
 20988.000000 24.417426 1.586208 0.151572
 20991.000000 24.411684 1.554947 0.161802
 20994.000000 24.382877 1.576235 0.172172
 20997.000000 24.460087 1.571217 0.185392
 21000.000000 24.421831 1.570333 0.197387
