#! FIELDS time dmid theta gamma
 0.000000 5.956316 1.500074 2.926379
 3.000000 5.901861 1.497581 2.900470
 6.000000 5.828244 1.503054 2.898800
 9.000000 6.023414 1.517031 2.858863
 12.000000 5.906922 1.524538 2.856129
 15.000000 5.845919 1.517390 2.880023
 18.000000 5.880610 1.523095 2.882150
 21.000000 5.772192 1.515578 2.866771
 24.000000 5.788620 1.509506 2.874862
 27.000000 5.742789 1.513167 2.885571
 30.000000 5.720926 1.492740 2.897210
 33.000000 5.726092 1.496357 2.898689
 36.000000 5.769830 1.504463 2.900008
 39.000000 5.841206 1.503198 2.905281
 42.000000 5.943308 1.522592 2.876217
 45.000000 5.958067 1.500293 2.878465
 48.000000 5.898540 1.517185 2.889855
 51.000000 5.898134 1.491375 2.880813
 54.000000 5.891892 1.502961 2.855831
 57.000000 5.873357 1.512516 2.854314
 60.000000 5.825461 1.495238 2.860319
 63.000000 5.858785 1.483659 2.866202
 66.000000 5.828191 1.490473 2.858339
 69.000000 5.896153 1.506610 2.834878
 72.000000 5.896567 1.480286 2.849262
 75.000000 5.898843 1.479560 2.867040
 78.000000 5.872421 1.475009 2.856924
 81.000000 5.852765 1.501225 2.826213
 84.000000 5.834759 1.457112 2.850923
 87.000000 5.769466 1.440201 2.850897
 90.000000 5.845016 1.475021 2.848345
 93.000000 5.777912 1.458807 2.845233
 96.000000 5.807219 1.464445 2.879302
 99.000000 5.812952 1.478754 2.875631
 102.000000 5.843113 1.479338 2.861678
 105.000000 5.835683 1.471064 2.897480
 108.000000 5.826139 1.462660 2.914833
 111.000000 5.846709 1.485699 2.887258
 114.000000 5.874891 1.483973 2.926671
 117.000000 5.804626 1.515427 2.902231
 120.000000 5.790191 1.489412 2.910268
 123.000000 5.856380 1.487814 2.928109
 126.000000 5.801387 1.499352 2.908030
 129.000000 5.839980 1.477904 2.897622
 132.000000 5.866503 1.510486 2.853682
 135.000000 5.880709 1.478994 2.892157
 138.000000 5.928375 1.464927 2.931860
 141.000000 5.928813 1.497754 2.869308
 144.000000 5.949976 1.497797 2.890836
 147.000000 5.824067 1.525134 2.877258
 150.000000 5.879559 1.548881 2.898563
 153.000000 5.859552 1.520005 2.938600
 156.000000 5.925385 1.512015 2.922342
 159.000000 5.922134 1.534396 2.910338
 162.000000 5.844740 1.527358 2.906581
 165.000000 5.822177 1.514783 2.884296
 168.000000 5.885893 1.531715 2.844475
 171.000000 5.792134 1.502448 2.838583
 174.000000 5.746533 1.498709 2.858079
 177.000000 5.723936 1.505490 2.826386
 180.000000 5.706489 1.478405 2.851459
 183.000000 5.657469 1.454062 2.858462
 186.000000 5.684017 1.445540 2.841655
 189.000000 5.845147 1.445298 2.873166
 192.000000 5.725152 1.442510 2.878558
 195.000000 5.680247 1.435454 2.887302
 198.000000 5.680092 1.434130 2.881673
 201.000000 5.746990 1.451662 2.858615
 204.000000 5.721772 1.430231 2.888139
 207.000000 5.736463 1.445462 2.862952
 210.000000 5.780309 1.469448 2.857951
 213.000000 5.741889 1.450056 2.856747
 216.000000 5.702861 1.482051 2.837729
 219.000000 5.739955 1.496040 2.852778
 222.000000 5.714908 1.517085 2.851909
 225.000000 5.712216 1.497541 2.908059
 228.000000 5.776595 1.473971 2.925243
 231.000000 5.723860 1.491494 2.902706
 234.000000 5.710628 1.489587 2.916646
 237.000000 5.696814 1.470508 2.942552
 240.000000 5.685735 1.484827 2.928373
 243.000000 5.738676 1.499200 2.926522
 246.000000 5.721378 1.483801 2.908109
 249.000000 5.718457 1.472503 2.912478
 252.000000 5.794970 1.488317 2.902018
 255.000000 5.760047 1.471907 2.942143
 258.000000 5.750315 1.445278 2.968022
 261.000000 5.675217 1.444889 2.970753
 264.000000 5.610796 1.439037 2.979671
 267.000000 5.703745 1.482333 2.960914
 270.000000 5.638196 1.477396 2.979347
 273.000000 5.771770 1.481953 2.949651
 276.000000 5.754741 1.467961 2.930871
 279.000000 5.749799 1.476258 2.947740
 282.000000 5.834022 1.451109 2.970425
 285.000000 5.780409 1.450436 2.959846
 288.000000 5.763182 1.450720 2.936313
 291.000000 5.744539 1.450110 2.943477
 294.000000 5.740321 1.465194 2.934642
 297.000000 5.760200 1.491585 2.908988
 300.000000 5.769913 1.489660 2.919421
 303.000000 5.770298 1.483680 2.921655
 306.000000 5.792783 1.484273 2.905861
 309.000000 5.732480 1.472312 2.910647
 312.000000 5.811703 1.478544 2.957713
 315.000000 5.796301 1.499638 2.953050
 318.000000 5.732468 1.498168 2.952401
 321.000000 5.749082 1.491643 2.947263
 324.000000 5.783461 1.478899 2.945602
 327.000000 5.813462 1.452307 2.951869
 330.000000 5.815248 1.471847 2.944308
 333.000000 5.751931 1.482848 2.869683
 336.000000 5.723968 1.463151 2.909032
 339.000000 5.678209 1.471937 2.906600
 342.000000 5.741119 1.473100 2.948822
 345.000000 5.847371 1.464570 2.954186
 348.000000 5.789835 1.489645 2.935671
 351.000000 5.828962 1.495360 2.941368
 354.000000 5.815412 1.486633 2.953817
 357.000000 5.823812 1.510065 2.970241
 360.000000 5.902248 1.506393 2.944126
 363.000000 5.856607 1.513023 2.935998
 366.000000 5.803899 1.516075 2.927496
 369.000000 5.803805 1.522481 2.928170
 372.000000 5.771875 1.501583 2.950797
 375.000000 5.720544 1.508283 2.922853
 378.000000 5.729670 1.499696 2.927202
 381.000000 5.797836 1.512752 2.947525
 384.000000 5.854945 1.490829 2.947658
 387.000000 5.863318 1.482007 2.961084
 390.000000 5.920886 1.482249 2.942830
 393.000000 5.874116 1.513648 2.914137
 396.000000 5.869151 1.505037 2.928472
 399.000000 5.782128 1.497419 2.904161
 402.000000 5.860006 1.477892 2.936876
 405.000000 5.886648 1.510032 2.903526
 408.000000 5.864267 1.497587 2.906587
 411.000000 5.868295 1.517188 2.917565
 414.000000 5.858978 1.488159 2.940234
 417.000000 5.935457 1.458701 2.991130
 420.000000 5.855326 1.494123 2.970887
 423.000000 5.855484 1.508681 2.917096
 426.000000 5.860608 1.529237 2.869875
 429.000000 5.866387 1.473454 2.917952
 432.000000 5.838796 1.509695 2.899500
 435.000000 5.733065 1.506498 2.932507
 438.000000 5.734487 1.485016 2.922864
 441.000000 5.762451 1.488266 2.916779
 444.000000 5.697818 1.479900 2.943753
 447.000000 5.680857 1.511117 2.905363
 450.000000 5.684475 1.523261 2.911406
 453.000000 5.781267 1.521066 2.914298
 456.000000 5.796077 1.507600 2.934702
 459.000000 5.757870 1.502844 2.943295
 462.000000 5.660556 1.512630 2.954435
 465.000000 5.713295 1.547058 2.970588
 468.000000 5.763198 1.562828 2.929763
 471.000000 5.758676 1.553527 2.959691
 474.000000 5.753077 1.552364 2.961113
 477.000000 5.743542 1.554881 2.950730
 480.000000 5.832969 1.540526 2.968226
 483.000000 5.838253 1.572528 2.948641
 486.000000 5.828675 1.589504 2.945252
 489.000000 5.897453 1.567678 2.981877
 492.000000 5.838490 1.533903 2.952135
 495.000000 5.808502 1.553862 2.953890
 498.000000 5.825543 1.547521 2.947020
 501.000000 5.917118 1.559612 2.928002
 504.000000 5.807178 1.549950 2.941256
 507.000000 5.897433 1.548918 2.965264
 510.000000 5.972835 1.592713 2.892355
 513.000000 5.883035 1.560808 2.923122
 516.000000 5.931624 1.587908 2.923693
 519.000000 5.951393 1.564392 2.959262
 522.000000 6.017429 1.566215 2.936322
 525.000000 5.938593 1.537887 2.986695
 528.000000 5.932107 1.545918 2.961649
 531.000000 5.947662 1.535444 2.973989
 534.000000 5.841378 1.546022 2.946692
 537.000000 5.870531 1.533377 2.963144
 540.000000 5.955351 1.514187 2.954997
 543.000000 5.939358 1.516402 2.958670
 546.000000 5.963483 1.510420 2.952949
 549.000000 6.011498 1.499512 2.958422
 552.000000 5.960141 1.514552 2.944404
 555.000000 5.974375 1.512823 2.943579
 558.000000 5.899389 1.497085 2.944794
 561.000000 5.932685 1.520457 2.911231
 564.000000 5.921132 1.513503 2.941129
 567.000000 5.894316 1.498245 2.935575
 570.000000 5.909433 1.506259 2.919563
 573.000000 5.969014 1.521232 2.908321
 576.000000 5.916299 1.533162 2.917450
 579.000000 5.906639 1.519633 2.899746
 582.000000 5.865031 1.516073 2.903086
 585.000000 5.781106 1.541820 2.878061
 588.000000 5.718649 1.511634 2.920033
 591.000000 5.783162 1.508290 2.908446
 594.000000 5.851697 1.515072 2.907456
 597.000000 5.789866 1.497819 2.939817
 600.000000 5.807322 1.529708 2.925938
 603.000000 5.804772 1.510098 2.937228
 606.000000 5.825570 1.518693 2.951433
 609.000000 5.815860 1.512555 2.932773
 612.000000 5.883738 1.502269 2.938971
 615.000000 5.905956 1.533331 2.967671
 618.000000 5.849106 1.571330 2.899638
 621.000000 5.775365 1.530929 2.916411
 624.000000 5.846012 1.504410 2.940979
 627.000000 5.790558 1.533300 2.943517
 630.000000 5.791754 1.535387 2.949477
 633.000000 5.869506 1.529393 2.966917
 636.000000 5.823725 1.542854 2.937076
 639.000000 5.815322 1.513347 2.931120
 642.000000 5.784707 1.543191 2.924291
 645.000000 5.812632 1.550596 2.942965
 648.000000 5.783958 1.562127 2.950158
 651.000000 5.675904 1.554181 2.969420
 654.000000 5.767462 1.564103 2.957018
 657.000000 5.761837 1.553744 2.940792
 660.000000 5.690018 1.542875 2.937655
 663.000000 5.733415 1.540597 2.923775
 666.000000 5.710727 1.541265 2.939430
 669.000000 5.720832 1.542911 2.948947
 672.000000 5.756690 1.519474 2.956021
 675.000000 5.794417 1.555310 2.933192
 678.000000 5.820656 1.538713 2.927897
 681.000000 5.847141 1.545876 2.935616
 684.000000 5.749237 1.558307 2.890864
 687.000000 5.806636 1.563955 2.884644
 690.000000 5.811112 1.570750 2.921871
 693.000000 5.840012 1.559270 2.930870
 696.000000 5.822460 1.531380 2.916584
 699.000000 5.776197 1.520207 2.899521
 702.000000 5.836806 1.528527 2.939386
 705.000000 5.847075 1.532944 2.914068
 708.000000 5.804471 1.526892 2.895511
 711.000000 5.843400 1.516477 2.924505
 714.000000 5.852121 1.525581 2.917827
 717.000000 5.763542 1.526280 2.901269
 720.000000 5.805947 1.546019 2.918485
 723.000000 5.919832 1.534477 2.920759
 726.000000 5.975508 1.525536 2.921203
 729.000000 5.916809 1.519092 2.899583
 732.000000 5.980325 1.513970 2.957653
 735.000000 5.953082 1.528476 2.936356
 738.000000 5.968827 1.513829 2.921499
 741.000000 5.930018 1.522631 2.926440
 744.000000 6.003834 1.541453 2.898466
 747.000000 5.965559 1.531553 2.937116
 750.000000 5.891856 1.504431 2.941635
 753.000000 6.023351 1.554344 2.914633
 756.000000 6.021908 1.567646 2.899610
 759.000000 6.011996 1.554252 2.912034
 762.000000 6.006050 1.520365 2.914858
 765.000000 6.015269 1.554480 2.895542
 768.000000 6.023349 1.553719 2.917058
 771.000000 5.993165 1.573101 2.884530
 774.000000 6.095066 1.572737 2.866142
 777.000000 6.069984 1.596808 2.850278
 780.000000 5.978146 1.553666 2.909914
 783.000000 6.051348 1.561091 2.922200
 786.000000 6.067395 1.544103 2.909700
 789.000000 6.026125 1.518090 2.929048
 792.000000 6.039859 1.486862 2.939252
 795.000000 5.976442 1.499813 2.942166
 798.000000 5.927996 1.512324 2.945631
 801.000000 5.894784 1.515761 2.945191
 804.000000 5.872591 1.531679 2.912891
 807.000000 5.795733 1.524198 2.923143
 810.000000 5.834737 1.527076 2.938133
 813.000000 5.945902 1.532123 2.932935
 816.000000 5.940481 1.566851 2.936533
 819.000000 5.873705 1.512732 2.956876
 822.000000 5.886597 1.522670 2.975476
 825.000000 5.919079 1.543203 2.931223
 828.000000 5.927267 1.555523 2.926582
 831.000000 5.836957 1.543006 2.957091
 834.000000 5.830149 1.558524 2.971361
 837.000000 5.789004 1.531802 2.996670
 840.000000 5.769409 1.548246 2.980152
 843.000000 5.830241 1.554347 3.011002
 846.000000 5.860046 1.574117 2.980256
 849.000000 5.846019 1.548565 3.001876
 852.000000 5.862134 1.545961 2.995834
 855.000000 5.846558 1.561873 2.959418
 858.000000 5.919100 1.530621 2.986838
 861.000000 5.883238 1.523615 2.998572
 864.000000 5.885586 1.555174 2.935045
 867.000000 5.993516 1.538620 2.944841
 870.000000 6.014961 1.519063 2.936088
 873.000000 6.026567 1.524556 2.959828
 876.000000 5.943621 1.541432 2.913903
 879.000000 5.925697 1.536888 2.915748
 882.000000 5.881252 1.533937 2.889388
 885.000000 5.910053 1.513606 2.904669
 888.000000 5.978235 1.520617 2.893452
 891.000000 5.987907 1.531781 2.882305
 894.000000 5.872195 1.551704 2.871060
 897.000000 5.877398 1.560435 2.879884
 900.000000 5.761597 1.538990 2.889159
 903.000000 5.778239 1.552911 2.884854
 906.000000 5.841035 1.542629 2.878013
 909.000000 5.884165 1.527102 2.856700
 912.000000 5.878372 1.524295 2.894444
 915.000000 5.885991 1.513219 2.913463
 918.000000 5.942961 1.512608 2.899484
 921.000000 5.945851 1.516415 2.897020
 924.000000 5.939182 1.498838 2.917713
 927.000000 5.873017 1.496392 2.888168
 930.000000 5.918380 1.508421 2.887075
 933.000000 5.852125 1.509229 2.921606
 936.000000 5.894016 1.513180 2.930346
 939.000000 5.932676 1.501489 2.967620
 942.000000 5.977696 1.514559 2.965065
 945.000000 5.999276 1.488663 2.965860
 948.000000 5.933309 1.489657 2.958625
 951.000000 5.896043 1.528081 2.954869
 954.000000 5.922293 1.515280 2.985454
 957.000000 5.900576 1.523750 2.964089
 960.000000 5.869539 1.484468 2.980277
 963.000000 5.886840 1.481796 2.974743
 966.000000 5.852438 1.477191 2.990255
 969.000000 5.833138 1.527137 2.903806
 972.000000 5.825366 1.503814 2.939751
 975.000000 5.757390 1.488620 2.922824
 978.000000 5.813130 1.490959 2.959246
 981.000000 5.770623 1.506776 2.902882
 984.000000 5.810735 1.522428 2.948328
 987.000000 5.840290 1.548545 2.912259
 990.000000 5.872539 1.567672 2.917984
 993.000000 5.858842 1.567144 2.915810
 996.000000 5.841626 1.567399 2.927308
 999.000000 5.896180 1.572195 2.916328
 1002.000000 5.897433 1.562994 2.913153
 1005.000000 5.868106 1.517422 2.947256
 1008.000000 5.905624 1.551904 2.936425
 1011.000000 5.937877 1.540170 2.962531
 1014.000000 5.964932 1.525675 2.977383
 1017.000000 5.880788 1.486222 3.010495
 1020.000000 5.898200 1.494525 2.980143
 1023.000000 5.851287 1.499087 3.004161
 1026.000000 5.922042 1.506393 3.001722
 1029.000000 5.877235 1.507052 3.013340
 1032.000000 5.846490 1.486133 3.043808
 1035.000000 5.858820 1.520306 2.999252
 1038.000000 5.946921 1.505514 2.997735
 1041.000000 5.874510 1.497568 2.994451
 1044.000000 5.839520 1.506538 3.001376
 1047.000000 5.938704 1.519911 2.978484
 1050.000000 5.920336 1.549311 2.958662
 1053.000000 5.934494 1.561954 2.919788
 1056.000000 5.899749 1.555278 2.903254
 1059.000000 5.943631 1.532805 2.941408
 1062.000000 5.980570 1.527105 2.928898
 1065.000000 6.073487 1.543250 2.934893
 1068.000000 6.003214 1.520530 2.935194
 1071.000000 6.018920 1.534791 2.936963
 1074.000000 5.965152 1.523319 2.919032
 1077.000000 5.985273 1.547739 2.932186
 1080.000000 5.993422 1.541493 2.932809
 1083.000000 6.009746 1.531449 2.934914
 1086.000000 6.031582 1.521318 2.946928
 1089.000000 6.014715 1.501380 2.981329
 1092.000000 5.916841 1.473364 2.943983
 1095.000000 5.951911 1.488135 2.925280
 1098.000000 6.022733 1.507024 2.931756
 1101.000000 6.014922 1.516965 2.916427
 1104.000000 5.933108 1.520574 2.930911
 1107.000000 5.929484 1.493381 2.997787
 1110.000000 5.964676 1.486151 2.966562
 1113.000000 6.006006 1.532454 2.937510
 1116.000000 5.944375 1.519478 2.948690
 1119.000000 5.987832 1.508029 2.953749
 1122.000000 5.980384 1.516514 2.982098
 1125.000000 5.966302 1.478708 2.996004
 1128.000000 5.930763 1.510919 2.959458
 1131.000000 6.009102 1.508368 2.954956
 1134.000000 6.047234 1.525360 2.957378
 1137.000000 6.087524 1.544045 2.921660
 1140.000000 6.068880 1.529113 2.962962
 1143.000000 6.094465 1.558765 2.904104
 1146.000000 6.078996 1.526151 2.936471
 1149.000000 6.104655 1.529499 2.911390
 1152.000000 6.031953 1.530083 2.920197
 1155.000000 6.048419 1.530458 2.906575
 1158.000000 6.054746 1.531972 2.907967
 1161.000000 6.077846 1.557206 2.893952
 1164.000000 6.062694 1.541732 2.940659
 1167.000000 6.009235 1.523059 2.922129
 1170.000000 5.915273 1.524326 2.880214
 1173.000000 5.977847 1.530229 2.933204
 1176.000000 6.028907 1.504619 2.959737
 1179.000000 5.957361 1.532948 2.933553
 1182.000000 5.959160 1.542148 2.942120
 1185.000000 6.019292 1.533931 2.953488
 1188.000000 5.970375 1.526161 2.957836
 1191.000000 5.997459 1.506940 2.939085
 1194.000000 5.965729 1.506816 2.917628
 1197.000000 5.960392 1.492144 2.919454
 1200.000000 5.923414 1.505374 2.921112
 1203.000000 6.026355 1.508959 2.938079
 1206.000000 6.032462 1.518006 2.925734
 1209.000000 5.971899 1.515766 2.912278
 1212.000000 5.986005 1.501715 2.929792
 1215.000000 6.074047 1.514467 2.910712
 1218.000000 6.036190 1.527502 2.898919
 1221.000000 6.082752 1.543958 2.915894
 1224.000000 5.989139 1.504892 2.916988
 1227.000000 5.992888 1.514749 2.891900
 1230.000000 5.977609 1.522839 2.903688
 1233.000000 5.997404 1.515836 2.886228
 1236.000000 6.034299 1.561734 2.852823
 1239.000000 6.038854 1.524345 2.894605
 1242.000000 6.089205 1.511202 2.921114
 1245.000000 6.053556 1.525929 2.886557
 1248.000000 5.972543 1.491840 2.919306
 1251.000000 5.984398 1.498783 2.942211
 1254.000000 5.946980 1.512566 2.930471
 1257.000000 5.977779 1.530906 2.912618
 1260.000000 5.986133 1.521915 2.891709
 1263.000000 5.906840 1.548260 2.872676
 1266.000000 5.873782 1.525948 2.940693
 1269.000000 5.856817 1.525496 2.918802
 1272.000000 5.871246 1.509191 2.939671
 1275.000000 5.920974 1.505972 2.903870
 1278.000000 5.887115 1.506419 2.931395
 1281.000000 5.861982 1.522912 2.913474
 1284.000000 5.858338 1.486073 2.949195
 1287.000000 5.891626 1.491028 2.963220
 1290.000000 5.908328 1.507159 2.958132
 1293.000000 5.924084 1.487519 2.946685
 1296.000000 5.893518 1.521014 2.928470
 1299.000000 5.922838 1.524631 2.957106
 1302.000000 5.938363 1.499285 2.952856
 1305.000000 5.933908 1.515288 2.938590
 1308.000000 5.975058 1.474656 2.977669
 1311.000000 5.946284 1.505640 2.969781
 1314.000000 5.948634 1.500800 2.956954
 1317.000000 6.010809 1.522021 2.943922
 1320.000000 5.951467 1.527084 2.949201
 1323.000000 5.936179 1.519456 2.929702
 1326.000000 5.823406 1.494566 2.956217
 1329.000000 5.859404 1.552780 2.916312
 1332.000000 5.977023 1.538250 2.959312
 1335.000000 5.944324 1.586352 2.927041
 1338.000000 5.915310 1.566372 2.933672
 1341.000000 5.842424 1.554603 2.966433
 1344.000000 5.852853 1.540150 2.969117
 1347.000000 5.883812 1.551194 2.982825
 1350.000000 5.897997 1.582979 2.954165
 1353.000000 5.868621 1.566546 2.971927
 1356.000000 5.871163 1.570449 2.943498
 1359.000000 5.854304 1.562396 2.955224
 1362.000000 5.888461 1.561181 2.970844
 1365.000000 5.934036 1.564563 2.976505
 1368.000000 5.835795 1.566825 2.969823
 1371.000000 5.786821 1.574896 2.975260
 1374.000000 5.830763 1.574604 2.975463
 1377.000000 5.820767 1.515128 3.024905
 1380.000000 5.817414 1.534808 2.995174
 1383.000000 5.789781 1.534247 2.999133
 1386.000000 5.817914 1.511476 3.076483
 1389.000000 5.846912 1.546931 3.023040
 1392.000000 5.833899 1.542906 3.029263
 1395.000000 5.923220 1.544838 2.996236
 1398.000000 5.820010 1.543699 2.967421
 1401.000000 5.812932 1.545207 3.024044
 1404.000000 5.893929 1.568528 2.950439
 1407.000000 5.828444 1.579710 2.947225
 1410.000000 5.812551 1.546830 2.961728
 1413.000000 5.876947 1.550646 2.972437
 1416.000000 5.896786 1.544058 2.932384
 1419.000000 5.945749 1.559353 2.926507
 1422.000000 5.933961 1.551585 2.930429
 1425.000000 5.951041 1.560488 2.935618
 1428.000000 5.889524 1.543822 2.911848
 1431.000000 5.931515 1.563346 2.926929
 1434.000000 6.005366 1.553697 2.904066
 1437.000000 5.961075 1.545028 2.929030
 1440.000000 5.920246 1.542144 2.936758
 1443.000000 5.938973 1.529416 2.952099
 1446.000000 5.996242 1.531840 2.953360
 1449.000000 5.889358 1.547129 2.972372
 1452.000000 5.981959 1.546594 2.982275
 1455.000000 6.007715 1.536352 2.957457
 1458.000000 5.998824 1.568908 2.958369
 1461.000000 5.955886 1.549128 2.974296
 1464.000000 6.039858 1.549623 2.945119
 1467.000000 6.069361 1.555130 2.948242
 1470.000000 6.002980 1.561381 2.978036
 1473.000000 6.004108 1.558500 2.965632
 1476.000000 5.814531 1.539276 2.972403
 1479.000000 5.913746 1.543208 2.967526
 1482.000000 5.912762 1.523523 2.978579
 1485.000000 5.894279 1.552127 2.966028
 1488.000000 5.877055 1.514899 2.995903
 1491.000000 5.787296 1.529466 2.960100
 1494.000000 5.756492 1.537946 2.984576
 1497.000000 5.732025 1.536762 2.969075
 1500.000000 5.821384 1.540921 2.984259
 1503.000000 5.777886 1.541864 3.002303
 1506.000000 5.786134 1.557831 3.009709
 1509.000000 5.750209 1.586523 2.952654
 1512.000000 5.914367 1.553791 2.984137
 1515.000000 5.892890 1.563023 2.958966
 1518.000000 5.884114 1.580481 2.957085
 1521.000000 5.880348 1.583098 2.963382
 1524.000000 5.878221 1.560061 2.992038
 1527.000000 5.899656 1.531123 3.027834
 1530.000000 5.892147 1.538099 3.016784
 1533.000000 5.828453 1.573559 2.965409
 1536.000000 5.796421 1.582802 2.951973
 1539.000000 5.847898 1.565473 2.972637
 1542.000000 5.778729 1.551489 2.986039
 1545.000000 5.801126 1.562479 2.983406
 1548.000000 5.772799 1.561077 2.958888
 1551.000000 5.840698 1.568984 2.959007
 1554.000000 5.857162 1.562017 2.975144
 1557.000000 5.793776 1.580945 2.957436
 1560.000000 5.806244 1.559759 2.970878
 1563.000000 5.808596 1.565124 2.955878
 1566.000000 5.832817 1.576652 2.927757
 1569.000000 5.878239 1.565780 2.951647
 1572.000000 5.914876 1.542237 2.993083
 1575.000000 5.946745 1.538243 2.948850
 1578.000000 5.949431 1.553018 2.927961
 1581.000000 5.966051 1.551757 2.925840
 1584.000000 5.981130 1.564690 2.971271
 1587.000000 5.979712 1.556577 2.968371
 1590.000000 6.016690 1.579524 2.949263
 1593.000000 5.983938 1.571897 2.934956
 1596.000000 5.894625 1.548729 2.922505
 1599.000000 5.929466 1.513652 2.963781
 1602.000000 5.951238 1.506020 2.975554
 1605.000000 5.902107 1.524567 2.979318
 1608.000000 5.913332 1.525895 2.981274
 1611.000000 5.925150 1.543399 3.014710
 1614.000000 5.885598 1.521562 3.027199
 1617.000000 5.943159 1.555590 3.024561
 1620.000000 5.910955 1.564045 3.007634
 1623.000000 5.932578 1.532885 3.035721
 1626.000000 5.948338 1.511467 3.060610
 1629.000000 5.977773 1.530947 3.055408
 1632.000000 5.951950 1.523395 3.011708
 1635.000000 6.021413 1.525387 2.993666
 1638.000000 5.992499 1.540666 2.976643
 1641.000000 6.012161 1.533707 3.031957
 1644.000000 6.047698 1.578943 3.001473
 1647.000000 6.003064 1.570239 3.006402
 1650.000000 5.928469 1.570173 2.983908
 1653.000000 5.886709 1.555626 3.002972
 1656.000000 5.865077 1.547436 3.015934
 1659.000000 5.893808 1.536959 3.056644
 1662.000000 5.987942 1.570557 2.992908
 1665.000000 5.995737 1.557708 2.998356
 1668.000000 5.859393 1.566186 2.972186
 1671.000000 5.909815 1.569518 2.971250
 1674.000000 5.914142 1.582037 2.951003
 1677.000000 5.921984 1.589661 2.942012
 1680.000000 5.828289 1.597238 2.919675
 1683.000000 5.811212 1.585304 2.949333
 1686.000000 5.807476 1.565265 2.964043
 1689.000000 5.818042 1.581001 2.952013
 1692.000000 5.815693 1.551942 3.036848
 1695.000000 5.860250 1.556861 2.988927
 1698.000000 5.856936 1.524460 3.006417
 1701.000000 5.809917 1.539076 3.001672
 1704.000000 5.803454 1.540237 3.008998
 1707.000000 5.866405 1.554732 3.010264
 1710.000000 5.831450 1.553799 3.000878
 1713.000000 5.754323 1.547660 2.996185
 1716.000000 5.800781 1.562516 2.978217
 1719.000000 5.839895 1.541495 2.991632
 1722.000000 5.775000 1.548393 2.969007
 1725.000000 5.857550 1.546134 2.991008
 1728.000000 5.843011 1.550106 2.952540
 1731.000000 5.906532 1.550892 2.954553
 1734.000000 5.882214 1.552824 2.955865
 1737.000000 5.796908 1.546815 2.929555
 1740.000000 5.739994 1.521523 2.979497
 1743.000000 5.767313 1.514232 2.967481
 1746.000000 5.833364 1.532344 2.935240
 1749.000000 5.828200 1.518477 2.956310
 1752.000000 5.795986 1.554219 2.923519
 1755.000000 5.776486 1.557854 2.932042
 1758.000000 5.952626 1.605454 2.904246
 1761.000000 5.842279 1.587886 2.911284
 1764.000000 5.931109 1.606984 2.919928
 1767.000000 5.980694 1.594120 2.921332
 1770.000000 5.885446 1.587287 2.925754
 1773.000000 5.878902 1.586868 2.892136
 1776.000000 5.826613 1.572897 2.889833
 1779.000000 5.778281 1.576959 2.902246
 1782.000000 5.841809 1.557747 2.873411
 1785.000000 5.815819 1.545461 2.890116
 1788.000000 5.793290 1.530322 2.860460
 1791.000000 5.785676 1.524585 2.851888
 1794.000000 5.789003 1.540053 2.862137
 1797.000000 5.816175 1.555352 2.883880
 1800.000000 5.771877 1.517773 2.906689
 1803.000000 5.768437 1.524331 2.898976
 1806.000000 5.765319 1.534110 2.920707
 1809.000000 5.717504 1.548175 2.855168
 1812.000000 5.751720 1.563491 2.933482
 1815.000000 5.870839 1.566186 2.946140
 1818.000000 5.865081 1.546298 2.983760
 1821.000000 5.878926 1.569671 2.949986
 1824.000000 5.817266 1.539799 2.984809
 1827.000000 5.810245 1.523558 2.991543
 1830.000000 5.844989 1.528659 2.970347
 1833.000000 5.861597 1.524385 2.982899
 1836.000000 5.886355 1.562992 2.960116
 1839.000000 5.946946 1.578616 2.952774
 1842.000000 5.925060 1.566244 2.944957
 1845.000000 5.851357 1.588383 2.934556
 1848.000000 5.936233 1.576520 2.949852
 1851.000000 5.942445 1.529596 2.993913
 1854.000000 5.982434 1.548319 2.981102
 1857.000000 6.006365 1.523273 2.989806
 1860.000000 6.039403 1.519872 2.997130
 1863.000000 6.040589 1.532739 2.987597
 1866.000000 6.003375 1.523537 2.962221
 1869.000000 5.983129 1.533773 2.940618
 1872.000000 5.891870 1.516977 3.009048
 1875.000000 5.961347 1.538250 3.006884
 1878.000000 5.939558 1.526109 3.016045
 1881.000000 5.957680 1.535941 2.995697
 1884.000000 5.988043 1.526475 2.997876
 1887.000000 5.992317 1.516735 3.014511
 1890.000000 6.016327 1.543246 2.994584
 1893.000000 6.041341 1.545168 2.977152
 1896.000000 6.093141 1.559256 2.976795
 1899.000000 6.037984 1.592510 2.965052
 1902.000000 6.038328 1.544540 2.973225
 1905.000000 6.085710 1.544280 2.925330
 1908.000000 6.073709 1.528475 2.975028
 1911.000000 6.042858 1.523682 2.971582
 1914.000000 5.993198 1.522380 2.993809
 1917.000000 5.952146 1.524773 2.971655
 1920.000000 6.055189 1.523770 2.941174
 1923.000000 6.027175 1.524616 2.972839
 1926.000000 5.969064 1.543016 2.954758
 1929.000000 5.998713 1.554925 2.900858
 1932.000000 6.060607 1.550093 2.936664
 1935.000000 6.030193 1.567707 2.964882
 1938.000000 5.949876 1.576473 2.963744
 1941.000000 5.937632 1.532339 2.973329
 1944.000000 5.935093 1.516128 2.976843
 1947.000000 5.916764 1.520831 2.941861
 1950.000000 5.919170 1.524302 2.968563
 1953.000000 5.899007 1.524885 2.964148
 1956.000000 5.864935 1.515919 3.001606
 1959.000000 5.857760 1.509645 3.019258
 1962.000000 5.882986 1.524785 2.990756
 1965.000000 5.931386 1.547549 2.983639
 1968.000000 5.977038 1.550123 2.965588
 1971.000000 5.952301 1.525642 2.994724
 1974.000000 5.830141 1.539234 2.981942
 1977.000000 5.747335 1.532559 2.985028
 1980.000000 5.911248 1.537107 2.989796
 1983.000000 5.894782 1.552374 2.994176
 1986.000000 5.843487 1.540277 2.993350
 1989.000000 5.879358 1.535152 2.993982
 1992.000000 5.931232 1.519966 2.974947
 1995.000000 5.885236 1.512726 2.993853
 1998.000000 5.850147 1.501637 3.031280
 2001.000000 5.842672 1.528542 3.002217
 2004.000000 5.806419 1.504947 2.986062
 2007.000000 5.910837 1.504241 2.992813
 2010.000000 5.914390 1.487635 3.032548
 2013.000000 5.859646 1.488135 3.002000
 2016.000000 5.927495 1.521656 3.017131
 2019.000000 5.986377 1.504004 3.010360
 2022.000000 6.025539 1.485640 2.982894
 2025.000000 6.023363 1.502920 2.959699
 2028.000000 6.054097 1.517768 2.965382
 2031.000000 6.045963 1.496349 2.996196
 2034.000000 5.960350 1.519231 2.957217
 2037.000000 6.018876 1.525986 2.981784
 2040.000000 6.043898 1.543530 2.962525
 2043.000000 6.068252 1.571077 2.918263
 2046.000000 6.117984 1.559841 2.953730
 2049.000000 6.105526 1.566500 2.958183
 2052.000000 6.056790 1.544856 2.988221
 2055.000000 6.109927 1.524732 2.998859
 2058.000000 6.126872 1.534741 3.001364
 2061.000000 6.116573 1.537364 3.005650
 2064.000000 6.092999 1.531554 2.973688
 2067.000000 6.104963 1.572668 2.947254
 2070.000000 6.055439 1.577141 2.938940
 2073.000000 6.059839 1.554268 2.987045
 2076.000000 6.009862 1.533988 3.025907
 2079.000000 6.004042 1.558401 2.982122
 2082.000000 6.003816 1.534625 2.998171
 2085.000000 6.052800 1.530506 3.005882
 2088.000000 5.988960 1.537249 3.001166
 2091.000000 5.978623 1.543352 2.990567
 2094.000000 5.928547 1.534587 2.994581
 2097.000000 5.951664 1.528682 3.013194
 2100.000000 5.905286 1.545047 3.019773
 2103.000000 5.866955 1.559917 2.981773
 2106.000000 5.896853 1.568821 2.965023
 2109.000000 5.725988 1.535313 2.995012
 2112.000000 5.766933 1.544500 3.015071
 2115.000000 5.800158 1.543218 3.013160
 2118.000000 5.848666 1.559453 2.947785
 2121.000000 5.827606 1.533578 2.983743
 2124.000000 5.840307 1.548131 2.954782
 2127.000000 5.820622 1.559010 2.963133
 2130.000000 5.870482 1.570043 2.967991
 2133.000000 5.862233 1.559208 2.994004
 2136.000000 5.822118 1.573746 2.975001
 2139.000000 5.930077 1.564617 2.957461
 2142.000000 5.908927 1.575292 2.970939
 2145.000000 5.878034 1.578624 2.962053
 2148.000000 5.956192 1.568588 2.954224
 2151.000000 5.970028 1.566550 2.959795
 2154.000000 5.881840 1.560885 2.952523
 2157.000000 5.910191 1.553284 2.986491
 2160.000000 5.882195 1.546458 2.983907
 2163.000000 5.769300 1.554013 2.986810
 2166.000000 5.756359 1.563462 2.960784
 2169.000000 5.718215 1.540410 3.004044
 2172.000000 5.741530 1.550705 3.015771
 2175.000000 5.738569 1.542390 3.019491
 2178.000000 5.750877 1.575902 2.981106
 2181.000000 5.763903 1.579815 2.970976
 2184.000000 5.820606 1.554926 3.014329
 2187.000000 5.808648 1.552086 3.014211
 2190.000000 5.812748 1.560948 3.012931
 2193.000000 5.805244 1.583128 2.995597
 2196.000000 5.843349 1.587354 2.992344
 2199.000000 5.854253 1.572805 2.989292
 2202.000000 5.840209 1.546186 3.006444
 2205.000000 5.821088 1.540734 2.995668
 2208.000000 5.865459 1.569917 2.982437
 2211.000000 5.919974 1.564205 3.000323
 2214.000000 5.849559 1.581917 2.985926
 2217.000000 5.892132 1.581268 3.008672
 2220.000000 5.843688 1.580062 3.009422
 2223.000000 5.907554 1.586749 3.040516
 2226.000000 5.943557 1.594145 3.032751
 2229.000000 5.930539 1.561939 3.033114
 2232.000000 5.866431 1.578005 3.017684
 2235.000000 5.856519 1.589006 3.015742
 2238.000000 5.852081 1.575878 3.023766
 2241.000000 5.849883 1.605829 3.022530
 2244.000000 5.814740 1.594032 2.996023
 2247.000000 5.828376 1.607763 2.980697
 2250.000000 5.873642 1.601378 2.985060
 2253.000000 5.880091 1.569350 3.014980
 2256.000000 5.884708 1.570916 3.006344
 2259.000000 5.952812 1.576016 3.010125
 2262.000000 5.932612 1.577094 3.019523
 2265.000000 5.941490 1.588694 2.983435
 2268.000000 5.902172 1.583517 2.993062
 2271.000000 5.937417 1.576580 3.021902
 2274.000000 5.871078 1.580987 3.001983
 2277.000000 5.952841 1.582952 3.037190
 2280.000000 5.930575 1.573228 3.054768
 2283.000000 5.938771 1.608860 2.999462
 2286.000000 5.968444 1.604091 3.000412
 2289.000000 6.003806 1.586582 3.026210
 2292.000000 5.956619 1.583710 3.015551
 2295.000000 5.897571 1.578882 2.981277
 2298.000000 5.881124 1.563416 3.005083
 2301.000000 5.866722 1.558681 2.991677
 2304.000000 5.945423 1.555856 2.990191
 2307.000000 5.940961 1.584000 2.930614
 2310.000000 5.989794 1.581399 2.966319
 2313.000000 5.888793 1.559768 2.986962
 2316.000000 5.854616 1.569575 2.948737
 2319.000000 5.883746 1.568729 2.978975
 2322.000000 5.920369 1.583941 2.989821
 2325.000000 5.790868 1.574417 2.977840
 2328.000000 5.754969 1.574102 2.978970
 2331.000000 5.738947 1.598768 2.946689
 2334.000000 5.821188 1.597779 2.966282
 2337.000000 5.914722 1.586037 2.998122
 2340.000000 5.886789 1.612822 2.958451
 2343.000000 5.838380 1.620964 2.961083
 2346.000000 5.890254 1.609018 2.991865
 2349.000000 5.914378 1.609236 2.955245
 2352.000000 5.860107 1.611086 2.920231
 2355.000000 5.884417 1.613303 2.924987
 2358.000000 5.803460 1.603856 2.935964
 2361.000000 5.892360 1.557100 2.943499
 2364.000000 5.852148 1.554958 2.960182
 2367.000000 5.855892 1.533227 2.980629
 2370.000000 5.823277 1.543334 2.979765
 2373.000000 5.815494 1.550120 2.975653
 2376.000000 5.755793 1.538961 2.985045
 2379.000000 5.681101 1.548210 2.976014
 2382.000000 5.740610 1.540139 2.972503
 2385.000000 5.774227 1.574776 2.933174
 2388.000000 5.755855 1.558838 2.956614
 2391.000000 5.822909 1.541596 2.947095
 2394.000000 5.901634 1.522195 2.984526
 2397.000000 5.863667 1.561548 2.950353
 2400.000000 5.923320 1.578006 2.955896
 2403.000000 5.902220 1.576555 2.990335
 2406.000000 5.935661 1.560329 2.985761
 2409.000000 5.910729 1.535854 3.019357
 2412.000000 5.866451 1.529310 2.987436
 2415.000000 5.775093 1.514758 2.997997
 2418.000000 5.802860 1.524603 3.018031
 2421.000000 5.798880 1.508303 3.024360
 2424.000000 5.707237 1.520346 3.000624
 2427.000000 5.728527 1.525262 2.987577
 2430.000000 5.744562 1.504544 3.003592
 2433.000000 5.771844 1.501798 2.998091
 2436.000000 5.771738 1.488906 3.021393
 2439.000000 5.775731 1.496651 3.000902
 2442.000000 5.797928 1.493404 3.009670
 2445.000000 5.891851 1.512600 3.010086
 2448.000000 5.873348 1.522792 3.021382
 2451.000000 5.877933 1.504979 3.065622
 2454.000000 5.843958 1.511420 3.033326
 2457.000000 5.829129 1.539372 3.042427
 2460.000000 5.834197 1.527575 3.052101
 2463.000000 5.777836 1.528160 3.045422
 2466.000000 5.825994 1.531318 3.012824
 2469.000000 5.851947 1.514974 3.032328
 2472.000000 5.982959 1.510838 3.031459
 2475.000000 5.867994 1.498912 3.022403
 2478.000000 5.868153 1.513720 3.019161
 2481.000000 5.822352 1.505489 3.009694
 2484.000000 5.940861 1.498685 3.017594
 2487.000000 5.954510 1.513728 3.007687
 2490.000000 5.936764 1.530157 2.981167
 2493.000000 5.952685 1.518166 2.994902
 2496.000000 5.907256 1.530076 2.953849
 2499.000000 5.958914 1.550581 2.960380
 2502.000000 5.903414 1.543098 2.962258
 2505.000000 5.855931 1.551845 2.942073
 2508.000000 5.857483 1.536496 2.970686
 2511.000000 5.903229 1.540988 2.982478
 2514.000000 5.966052 1.555776 2.972969
 2517.000000 5.853326 1.545914 3.014734
 2520.000000 5.868416 1.535680 3.030793
 2523.000000 5.806158 1.526510 3.020661
 2526.000000 5.840612 1.518835 2.986279
 2529.000000 5.738970 1.504999 3.004877
 2532.000000 5.830402 1.510595 3.028350
 2535.000000 5.876283 1.504705 2.981253
 2538.000000 5.827446 1.534010 2.979306
 2541.000000 6.003832 1.520334 3.018860
 2544.000000 5.978225 1.502428 2.997071
 2547.000000 5.953183 1.498443 3.011354
 2550.000000 5.799059 1.488415 2.990907
 2553.000000 5.897887 1.524022 2.986430
 2556.000000 5.898719 1.504831 2.997169
 2559.000000 5.962405 1.491029 2.951235
 2562.000000 5.867532 1.530303 2.932210
 2565.000000 5.843508 1.549159 2.924799
 2568.000000 5.906640 1.540396 2.933347
 2571.000000 5.905934 1.528712 2.975056
 2574.000000 5.921473 1.504347 3.001237
 2577.000000 5.827501 1.500214 2.985149
 2580.000000 5.838655 1.499120 2.929767
 2583.000000 5.846908 1.508107 2.947790
 2586.000000 5.784986 1.487853 2.956635
 2589.000000 5.775865 1.497959 2.981666
 2592.000000 5.760481 1.494706 2.958468
 2595.000000 5.909092 1.510214 2.930338
 2598.000000 5.843886 1.492863 3.002275
 2601.000000 5.763929 1.519219 2.977663
 2604.000000 5.785279 1.509520 2.985730
 2607.000000 5.754565 1.555108 2.953106
 2610.000000 5.809064 1.545292 2.943558
 2613.000000 5.861854 1.558633 2.925792
 2616.000000 5.819958 1.535054 2.946150
 2619.000000 5.867346 1.568388 2.961629
 2622.000000 5.839357 1.559061 2.979472
 2625.000000 5.842520 1.580736 2.969422
 2628.000000 5.833420 1.560726 2.968622
 2631.000000 5.920293 1.586941 2.937758
 2634.000000 5.883788 1.549988 2.968707
 2637.000000 5.941058 1.574882 2.955663
 2640.000000 5.950740 1.554439 2.973691
 2643.000000 5.978746 1.529575 3.053544
 2646.000000 5.954656 1.526328 3.038993
 2649.000000 5.917037 1.524207 3.024705
 2652.000000 5.997737 1.526442 2.973221
 2655.000000 5.946763 1.554219 2.984375
 2658.000000 5.955444 1.537761 2.994801
 2661.000000 6.064178 1.529816 3.027283
 2664.000000 6.100276 1.520907 3.019986
 2667.000000 6.045257 1.506557 3.003650
 2670.000000 6.053791 1.515615 2.994459
 2673.000000 6.064304 1.532872 3.007509
 2676.000000 5.967192 1.509158 3.025822
 2679.000000 6.006279 1.542752 2.999830
 2682.000000 5.988359 1.536023 2.975241
 2685.000000 6.038011 1.546839 2.954272
 2688.000000 6.061121 1.553399 2.981037
 2691.000000 5.973233 1.556176 2.985752
 2694.000000 5.967161 1.546839 2.981791
 2697.000000 5.948670 1.551251 2.944866
 2700.000000 5.990029 1.538943 2.965139
 2703.000000 5.850588 1.541432 2.967570
 2706.000000 5.892660 1.549337 2.974714
 2709.000000 5.939624 1.565195 2.935533
 2712.000000 5.941076 1.577438 2.910324
 2715.000000 5.940028 1.536679 2.929023
 2718.000000 5.918118 1.512385 2.952481
 2721.000000 6.020157 1.538836 2.945393
 2724.000000 6.057159 1.542073 2.958783
 2727.000000 5.965791 1.555217 2.946135
 2730.000000 5.859421 1.516760 2.967396
 2733.000000 5.945739 1.522843 2.971378
 2736.000000 5.985397 1.519384 2.978535
 2739.000000 6.030607 1.529951 2.944463
 2742.000000 6.194988 1.533194 2.938629
 2745.000000 6.094253 1.539450 2.902080
 2748.000000 6.059516 1.523347 2.941576
 2751.000000 6.177120 1.530547 2.980152
 2754.000000 6.095269 1.548838 2.958316
 2757.000000 6.103518 1.541019 2.958352
 2760.000000 6.134366 1.560178 2.949054
 2763.000000 6.076616 1.562565 2.958106
 2766.000000 6.049757 1.560515 2.931113
 2769.000000 6.078517 1.550868 2.947254
 2772.000000 6.119048 1.548365 2.972587
 2775.000000 6.038178 1.536248 2.931910
 2778.000000 5.965627 1.540033 2.932100
 2781.000000 5.982455 1.544496 2.948178
 2784.000000 5.995444 1.566366 2.957118
 2787.000000 5.866148 1.559751 2.932900
 2790.000000 5.853886 1.531669 2.906675
 2793.000000 5.939487 1.548176 2.877502
 2796.000000 5.951799 1.563200 2.861448
 2799.000000 5.933894 1.552894 2.875304
 2802.000000 5.919565 1.552132 2.896246
 2805.000000 5.935785 1.556942 2.882342
 2808.000000 6.004889 1.569223 2.877014
 2811.000000 5.923326 1.583038 2.902473
 2814.000000 5.887736 1.590191 2.884460
 2817.000000 5.914847 1.596804 2.885477
 2820.000000 5.961788 1.578390 2.938959
 2823.000000 5.836012 1.590935 2.939029
 2826.000000 5.920846 1.598214 2.915550
 2829.000000 5.985403 1.600100 2.891282
 2832.000000 5.889582 1.613874 2.870398
 2835.000000 5.898193 1.616904 2.917405
 2838.000000 5.933492 1.618905 2.937100
 2841.000000 5.864257 1.594034 2.943597
 2844.000000 5.901222 1.629006 2.902361
 2847.000000 5.912892 1.633741 2.926260
 2850.000000 5.833588 1.632747 2.903094
 2853.000000 5.959927 1.600553 2.940960
 2856.000000 5.906789 1.584075 2.953521
 2859.000000 5.969303 1.591722 2.942213
 2862.000000 5.975400 1.572905 2.962768
 2865.000000 5.933891 1.581064 2.931323
 2868.000000 5.986970 1.566261 2.962488
 2871.000000 5.921898 1.554867 2.937938
 2874.000000 6.034734 1.586450 2.960003
 2877.000000 6.109574 1.578106 2.975550
 2880.000000 6.098379 1.535888 3.001847
 2883.000000 6.057600 1.546017 2.980204
 2886.000000 6.063754 1.525499 2.980340
 2889.000000 6.042769 1.515594 2.977682
 2892.000000 6.054730 1.556032 2.955073
 2895.000000 6.074302 1.526129 2.990745
 2898.000000 6.052100 1.532189 2.955760
 2901.000000 6.037513 1.528955 2.950054
 2904.000000 6.054987 1.515881 2.931945
 2907.000000 6.001081 1.538689 2.883255
 2910.000000 6.042467 1.521425 2.938738
 2913.000000 5.967480 1.530983 2.948813
 2916.000000 5.919108 1.497510 2.965988
 2919.000000 5.881058 1.503965 2.940611
 2922.000000 5.956576 1.494006 2.962311
 2925.000000 5.914565 1.513396 2.948487
 2928.000000 5.896573 1.492023 2.934385
 2931.000000 5.874308 1.502757 2.900627
 2934.000000 5.861949 1.512524 2.878703
 2937.000000 5.851874 1.477583 2.950656
 2940.000000 5.828114 1.473514 2.918982
 2943.000000 5.875365 1.495927 2.909914
 2946.000000 5.880583 1.494834 2.892666
 2949.000000 5.856862 1.488601 2.920923
 2952.000000 5.826060 1.503712 2.908561
 2955.000000 5.895362 1.509433 2.897284
 2958.000000 5.897363 1.522049 2.894100
 2961.000000 5.831056 1.544601 2.906198
 2964.000000 5.907371 1.550833 2.913794
 2967.000000 5.892272 1.549767 2.903859
 2970.000000 5.971580 1.551211 2.923334
 2973.000000 5.963509 1.532689 2.940794
 2976.000000 5.912040 1.537074 2.922702
 2979.000000 5.876176 1.544553 2.893202
 2982.000000 5.882425 1.548483 2.876126
 2985.000000 5.827806 1.529465 2.896838
 2988.000000 5.809088 1.534647 2.937762
 2991.000000 5.829886 1.543629 2.909925
 2994.000000 5.896612 1.526397 2.913012
 2997.000000 5.915628 1.544594 2.887921
 3000.000000 5.935807 1.549812 2.867701
 3003.000000 5.933115 1.560386 2.853720
 3006.000000 5.944409 1.539239 2.918475
 3009.000000 6.033212 1.544728 2.903460
 3012.000000 5.995519 1.516661 2.909659
 3015.000000 5.988178 1.532122 2.939737
 3018.000000 6.039174 1.520745 2.954058
 3021.000000 6.105494 1.534467 2.962902
 3024.000000 6.121628 1.506987 2.963064
 3027.000000 6.056713 1.497672 2.970365
 3030.000000 6.084282 1.489436 2.964612
 3033.000000 6.057341 1.499566 2.972794
 3036.000000 6.060240 1.460882 3.030168
 3039.000000 6.029714 1.503431 3.010296
 3042.000000 6.002947 1.493321 3.014917
 3045.000000 6.020694 1.525204 2.987364
 3048.000000 6.093635 1.512260 3.012571
 3051.000000 6.013657 1.500935 2.986172
 3054.000000 6.075313 1.495264 2.975055
 3057.000000 6.050281 1.488065 2.996781
 3060.000000 6.000045 1.501075 2.968515
 3063.000000 5.985661 1.496323 2.968383
 3066.000000 6.036053 1.509073 2.962355
 3069.000000 6.101621 1.515106 2.979011
 3072.000000 6.115040 1.526046 2.989090
 3075.000000 6.082196 1.498848 3.009661
 3078.000000 6.060695 1.503206 2.974440
 3081.000000 6.111465 1.517053 2.992281
 3084.000000 6.108849 1.495724 2.979977
 3087.000000 6.025702 1.500068 3.003668
 3090.000000 6.005529 1.497069 2.971389
 3093.000000 5.966951 1.504215 2.957624
 3096.000000 5.984358 1.491893 2.957355
 3099.000000 6.030596 1.499329 2.958061
 3102.000000 6.109804 1.539820 2.946388
 3105.000000 6.086765 1.517136 2.991596
 3108.000000 6.090333 1.536403 2.989306
 3111.000000 6.094634 1.529512 2.988193
 3114.000000 6.081296 1.542376 2.980373
 3117.000000 6.057968 1.528631 3.001094
 3120.000000 6.019808 1.558466 2.967521
 3123.000000 5.963864 1.590896 2.952270
 3126.000000 6.018176 1.566758 2.974533
 3129.000000 5.997519 1.598584 2.952382
 3132.000000 6.012490 1.583625 2.958173
 3135.000000 5.999754 1.568851 2.933019
 3138.000000 6.072963 1.594459 2.946322
 3141.000000 5.989469 1.605540 2.939368
 3144.000000 6.000485 1.606140 2.976764
 3147.000000 5.999065 1.590939 2.965286
 3150.000000 5.982380 1.566341 2.996652
 3153.000000 5.910345 1.534720 3.004888
 3156.000000 5.934094 1.558749 2.998877
 3159.000000 5.956330 1.580094 2.935326
 3162.000000 5.888035 1.563046 2.953528
 3165.000000 6.015992 1.584587 2.978006
 3168.000000 5.963827 1.599418 2.929864
 3171.000000 5.926824 1.579267 2.954617
 3174.000000 5.962926 1.583860 2.938893
 3177.000000 5.992937 1.580587 2.962905
 3180.000000 5.945133 1.564771 2.976321
 3183.000000 5.894869 1.572520 2.965704
 3186.000000 5.917514 1.571343 2.978948
 3189.000000 5.855695 1.547870 2.944169
 3192.000000 5.854872 1.553139 2.939900
 3195.000000 5.964090 1.545517 2.958802
 3198.000000 6.006567 1.551723 2.952225
 3201.000000 6.029553 1.545813 2.996486
 3204.000000 5.958340 1.524513 2.969214
 3207.000000 6.006307 1.531466 2.982934
 3210.000000 6.002861 1.550550 2.972432
 3213.000000 5.976268 1.553574 2.971261
 3216.000000 6.027862 1.571406 3.002607
 3219.000000 5.996214 1.570279 3.000447
 3222.000000 5.985133 1.587416 2.982973
 3225.000000 6.023141 1.575869 2.990828
 3228.000000 6.060547 1.597653 2.952006
 3231.000000 5.998952 1.561703 2.973028
 3234.000000 6.006532 1.563734 2.982868
 3237.000000 5.888842 1.556903 2.970380
 3240.000000 5.997844 1.568024 2.965448
 3243.000000 6.021152 1.551908 2.979241
 3246.000000 6.009082 1.564959 2.968090
 3249.000000 6.091169 1.589792 2.927986
 3252.000000 6.111534 1.591611 2.947037
 3255.000000 6.079697 1.590795 2.973191
 3258.000000 6.038954 1.584111 2.962677
 3261.000000 6.048805 1.556971 2.991568
 3264.000000 6.046567 1.541946 3.002017
 3267.000000 6.001052 1.543501 2.982860
 3270.000000 5.990604 1.560048 2.985416
 3273.000000 5.928755 1.573862 2.984218
 3276.000000 5.907224 1.557399 3.015571
 3279.000000 5.932115 1.552177 2.984923
 3282.000000 5.894267 1.541762 2.990874
 3285.000000 5.914250 1.562120 2.976078
 3288.000000 5.919445 1.573379 2.956680
 3291.000000 5.993995 1.567104 2.954175
 3294.000000 5.934784 1.550936 2.944378
 3297.000000 6.011567 1.560332 2.939076
 3300.000000 6.000177 1.575394 2.908141
 3303.000000 6.018216 1.581332 2.909558
 3306.000000 5.927128 1.572416 2.931473
 3309.000000 5.936715 1.581423 2.950017
 3312.000000 5.938855 1.550375 2.960580
 3315.000000 5.913127 1.556195 2.918927
 3318.000000 5.872026 1.528637 2.939470
 3321.000000 5.886888 1.524704 2.963356
 3324.000000 5.900022 1.547881 2.903221
 3327.000000 5.899270 1.537375 2.883646
 3330.000000 5.849230 1.514752 2.904543
 3333.000000 5.866911 1.537210 2.917539
 3336.000000 5.868849 1.534678 2.896738
 3339.000000 5.864758 1.539138 2.904704
 3342.000000 5.885003 1.537702 2.920573
 3345.000000 5.906546 1.512425 2.940020
 3348.000000 5.918114 1.514122 2.951741
 3351.000000 5.863327 1.489791 2.947525
 3354.000000 5.881760 1.509585 2.929414
 3357.000000 5.934869 1.521360 2.897720
 3360.000000 5.996447 1.521012 2.879218
 3363.000000 6.016806 1.506373 2.918739
 3366.000000 6.045985 1.506722 2.906582
 3369.000000 5.946393 1.470106 2.912577
 3372.000000 6.003806 1.465782 2.897705
 3375.000000 6.021177 1.466730 2.945224
 3378.000000 6.083459 1.437168 2.953513
 3381.000000 6.029581 1.440355 2.961041
 3384.000000 5.984011 1.440295 2.959133
 3387.000000 6.014325 1.468705 2.929391
 3390.000000 6.048988 1.502244 2.912361
 3393.000000 6.006764 1.500493 2.956512
 3396.000000 6.006937 1.530214 2.892222
 3399.000000 5.953397 1.522554 2.920241
 3402.000000 5.927543 1.541814 2.915710
 3405.000000 5.914129 1.540776 2.976086
 3408.000000 5.869287 1.549475 2.911864
 3411.000000 5.843802 1.540294 2.883464
 3414.000000 5.977796 1.542207 2.907641
 3417.000000 5.981041 1.533856 2.922230
 3420.000000 6.029769 1.535089 2.930336
 3423.000000 6.015312 1.530990 2.973875
 3426.000000 6.105641 1.548820 2.956173
 3429.000000 6.105344 1.542195 2.976690
 3432.000000 6.084982 1.581661 2.945396
 3435.000000 6.066398 1.587430 2.939848
 3438.000000 6.085199 1.575733 2.973359
 3441.000000 6.060116 1.558008 2.988526
 3444.000000 5.965721 1.511717 3.001994
 3447.000000 5.986385 1.559707 2.950598
 3450.000000 5.992677 1.547694 2.973995
 3453.000000 5.940933 1.531007 2.987691
 3456.000000 5.830402 1.562882 2.942319
 3459.000000 5.927102 1.569662 2.952722
 3462.000000 5.870604 1.541360 2.955111
 3465.000000 5.823701 1.511537 2.995499
 3468.000000 5.908366 1.506205 2.999675
 3471.000000 6.018172 1.513261 2.989015
 3474.000000 6.059332 1.531795 2.945780
 3477.000000 6.012361 1.548030 2.954993
 3480.000000 6.016691 1.585825 2.938710
 3483.000000 6.054738 1.572753 2.911129
 3486.000000 5.985922 1.575119 2.937518
 3489.000000 5.975441 1.605882 2.902660
 3492.000000 5.955316 1.583043 2.917606
 3495.000000 5.885888 1.565563 2.940152
 3498.000000 5.890828 1.546053 2.938082
 3501.000000 5.849195 1.569544 2.905225
 3504.000000 5.994717 1.570821 2.887431
 3507.000000 5.957073 1.608226 2.880491
 3510.000000 5.957128 1.593036 2.886368
 3513.000000 5.974766 1.536968 2.913315
 3516.000000 5.952374 1.538075 2.889884
 3519.000000 5.929315 1.547626 2.921401
 3522.000000 5.937614 1.540394 2.909535
 3525.000000 6.039517 1.558891 2.880299
 3528.000000 6.000012 1.546868 2.912661
 3531.000000 5.999279 1.551329 2.932967
 3534.000000 5.916814 1.527109 2.898695
 3537.000000 5.900142 1.495770 2.944310
 3540.000000 5.881376 1.509896 2.939225
 3543.000000 5.985779 1.505036 2.936848
 3546.000000 6.018218 1.514404 2.911346
 3549.000000 6.101331 1.530637 2.892191
 3552.000000 6.047975 1.527277 2.882367
 3555.000000 5.996431 1.517887 2.880992
 3558.000000 5.965415 1.513157 2.907706
 3561.000000 5.966000 1.514742 2.915081
 3564.000000 5.906356 1.519017 2.944690
 3567.000000 5.904679 1.500974 2.941130
 3570.000000 5.918458 1.525631 2.921271
 3573.000000 5.916096 1.528327 2.909257
 3576.000000 5.897925 1.525314 2.933445
 3579.000000 6.029384 1.547138 2.929699
 3582.000000 6.002072 1.526060 2.929072
 3585.000000 6.040140 1.521494 2.917183
 3588.000000 6.096318 1.532067 2.914399
 3591.000000 5.969685 1.499736 2.924990
 3594.000000 6.000092 1.512476 2.921194
 3597.000000 5.948345 1.508262 2.907275
 3600.000000 5.985828 1.541893 2.910077
 3603.000000 5.972988 1.555710 2.923143
 3606.000000 5.922689 1.572030 2.867823
 3609.000000 5.961810 1.551631 2.912501
 3612.000000 5.974018 1.539708 2.941131
 3615.000000 5.888246 1.544802 2.909017
 3618.000000 5.938843 1.564910 2.895448
 3621.000000 5.914294 1.551820 2.925651
 3624.000000 5.877972 1.539783 2.898881
 3627.000000 5.890551 1.552061 2.893402
 3630.000000 5.848629 1.511789 2.937644
 3633.000000 5.907128 1.527473 2.910384
 3636.000000 5.938187 1.522560 2.925268
 3639.000000 6.075783 1.546555 2.905673
 3642.000000 6.084217 1.529577 2.911020
 3645.000000 6.121096 1.527565 2.916825
 3648.000000 6.063304 1.537343 2.929475
 3651.000000 6.006633 1.555650 2.909422
 3654.000000 6.128901 1.577016 2.914716
 3657.000000 6.090982 1.555624 2.917575
 3660.000000 6.043135 1.557535 2.939360
 3663.000000 5.997273 1.568856 2.940168
 3666.000000 5.947773 1.537879 2.932621
 3669.000000 6.012087 1.534422 2.955546
 3672.000000 5.970428 1.531683 2.955569
 3675.000000 6.020691 1.543369 2.907788
 3678.000000 6.035423 1.535860 2.966681
 3681.000000 5.925431 1.535568 2.982305
 3684.000000 6.001464 1.552958 2.983242
 3687.000000 5.969254 1.531378 2.952594
 3690.000000 6.010626 1.536598 2.934679
 3693.000000 6.021020 1.558848 2.941396
 3696.000000 6.120177 1.543819 2.936278
 3699.000000 6.056886 1.519197 3.002473
 3702.000000 6.065596 1.522621 2.975595
 3705.000000 6.057845 1.527680 2.960653
 3708.000000 6.070566 1.513484 2.975931
 3711.000000 6.044494 1.514715 2.956055
 3714.000000 5.949048 1.516266 2.986540
 3717.000000 6.008004 1.511547 2.990222
 3720.000000 5.957591 1.514456 2.971242
 3723.000000 6.061123 1.534042 2.951350
 3726.000000 6.081626 1.501502 2.970221
 3729.000000 6.028214 1.515102 2.990551
 3732.000000 6.005393 1.540789 2.936061
 3735.000000 6.001037 1.495365 2.954906
 3738.000000 6.007065 1.514216 2.930838
 3741.000000 6.013736 1.560732 2.883819
 3744.000000 5.980897 1.513033 2.944441
 3747.000000 6.008531 1.545566 2.919896
 3750.000000 5.889994 1.535993 2.895234
 3753.000000 5.897694 1.537238 2.925908
 3756.000000 5.858423 1.517789 2.916825
 3759.000000 5.860019 1.521057 2.901917
 3762.000000 5.747251 1.510084 2.927823
 3765.000000 5.789431 1.526565 2.922467
 3768.000000 5.807159 1.540693 2.886312
 3771.000000 5.860970 1.509100 2.953490
 3774.000000 5.836849 1.508852 2.945080
 3777.000000 5.842865 1.526851 2.923290
 3780.000000 5.939395 1.502470 2.926829
 3783.000000 5.871590 1.510802 2.907175
 3786.000000 5.927538 1.512570 2.934811
 3789.000000 5.935484 1.531960 2.938665
 3792.000000 5.877857 1.527854 2.945860
 3795.000000 5.877652 1.546154 2.940535
 3798.000000 5.926521 1.552424 2.950036
 3801.000000 5.908770 1.535479 2.950010
 3804.000000 5.948991 1.536258 2.939886
 3807.000000 6.009729 1.550270 2.935335
 3810.000000 6.012610 1.573856 2.921874
 3813.000000 5.971722 1.568735 2.912325
 3816.000000 5.866178 1.574529 2.918219
 3819.000000 5.946854 1.568144 2.927868
 3822.000000 5.866512 1.553154 2.937025
 3825.000000 5.857177 1.556367 2.939208
 3828.000000 5.951641 1.565768 2.922199
 3831.000000 5.880118 1.577470 2.913011
 3834.000000 5.824494 1.578769 2.912002
 3837.000000 5.938931 1.563194 2.932438
 3840.000000 5.888211 1.588983 2.919012
 3843.000000 5.850389 1.552814 2.953229
 3846.000000 5.849169 1.530748 2.967365
 3849.000000 5.931606 1.525460 2.954041
 3852.000000 5.898904 1.509545 2.959950
 3855.000000 5.899224 1.520535 2.953313
 3858.000000 5.995567 1.504392 2.985312
 3861.000000 5.974673 1.499592 2.962768
 3864.000000 5.947472 1.521040 2.959878
 3867.000000 5.954878 1.528401 3.001131
 3870.000000 6.004016 1.557961 2.954587
 3873.000000 5.966313 1.559744 2.942217
 3876.000000 5.955384 1.527531 2.969712
 3879.000000 5.995556 1.521313 2.951519
 3882.000000 5.953073 1.546679 2.943038
 3885.000000 5.993288 1.556242 2.950615
 3888.000000 6.006656 1.545870 2.989442
 3891.000000 6.043746 1.560050 2.961360
 3894.000000 5.990130 1.559289 2.920144
 3897.000000 6.071181 1.562776 2.926130
 3900.000000 6.127673 1.571896 2.933505
 3903.000000 6.033308 1.545066 2.965080
 3906.000000 6.011798 1.546045 2.919686
 3909.000000 5.892787 1.530456 2.917108
 3912.000000 5.894317 1.553108 2.863574
 3915.000000 5.920665 1.538271 2.884106
 3918.000000 5.913808 1.530366 2.876314
 3921.000000 5.888971 1.518256 2.905713
 3924.000000 5.872970 1.527663 2.921292
 3927.000000 5.875025 1.547842 2.931036
 3930.000000 5.915511 1.537592 2.923627
 3933.000000 5.844254 1.563284 2.897465
 3936.000000 5.796135 1.570508 2.915298
 3939.000000 5.827614 1.577004 2.907781
 3942.000000 5.739852 1.533784 2.936387
 3945.000000 5.820412 1.538056 2.922923
 3948.000000 5.836763 1.537235 2.945737
 3951.000000 5.819759 1.570799 2.912697
 3954.000000 5.767983 1.539467 2.938449
 3957.000000 5.819827 1.529161 2.931997
 3960.000000 5.829757 1.519382 2.954744
 3963.000000 5.891961 1.512069 2.923827
 3966.000000 5.970487 1.540858 2.948270
 3969.000000 5.995913 1.540571 2.949153
 3972.000000 5.933462 1.556176 2.950169
 3975.000000 5.880355 1.560474 2.940360
 3978.000000 5.946195 1.574258 2.920205
 3981.000000 5.953425 1.576193 2.923795
 3984.000000 6.028188 1.558902 2.930142
 3987.000000 6.011226 1.566796 2.922398
 3990.000000 6.017181 1.582743 2.911662
 3993.000000 5.943888 1.576766 2.937951
 3996.000000 6.031620 1.555142 2.957943
 3999.000000 5.943739 1.555919 2.988637
 4002.000000 5.948424 1.559646 2.941281
 4005.000000 6.012708 1.546699 2.949428
 4008.000000 5.995905 1.517548 2.982922
 4011.000000 6.061975 1.552278 2.941186
 4014.000000 6.042599 1.581832 2.911361
 4017.000000 5.976433 1.583637 2.901729
 4020.000000 5.993980 1.585228 2.894116
 4023.000000 5.956984 1.587098 2.882976
 4026.000000 6.006175 1.566781 2.930503
 4029.000000 5.936406 1.584117 2.922858
 4032.000000 5.895773 1.587831 2.913753
 4035.000000 5.842441 1.582225 2.936066
 4038.000000 5.891581 1.578413 2.951492
 4041.000000 5.811473 1.584688 2.928360
 4044.000000 5.809506 1.581317 2.924816
 4047.000000 5.856599 1.574352 2.920810
 4050.000000 5.864497 1.567116 2.937097
 4053.000000 5.875875 1.587443 2.922730
 4056.000000 5.898284 1.581805 2.937900
 4059.000000 5.908904 1.590431 2.923278
 4062.000000 5.916999 1.588698 2.898088
 4065.000000 5.886258 1.577839 2.938523
 4068.000000 5.925178 1.584286 2.936114
 4071.000000 5.849283 1.564857 2.917809
 4074.000000 5.888290 1.570432 2.921274
 4077.000000 5.801605 1.585222 2.934113
 4080.000000 5.785983 1.569107 2.945738
 4083.000000 5.803770 1.569606 2.941535
 4086.000000 5.857029 1.594961 2.931398
 4089.000000 5.865072 1.594901 2.909940
 4092.000000 5.892773 1.583466 2.887751
 4095.000000 5.916283 1.560717 2.931982
 4098.000000 5.898551 1.533674 2.935624
 4101.000000 5.913359 1.524328 2.953981
 4104.000000 5.917921 1.531787 2.954117
 4107.000000 5.894188 1.535203 2.931862
 4110.000000 5.856222 1.531552 2.963803
 4113.000000 5.873517 1.574892 2.892110
 4116.000000 5.882938 1.557389 2.881494
 4119.000000 5.923419 1.556189 2.898696
 4122.000000 5.976484 1.571928 2.856255
 4125.000000 5.975588 1.550712 2.880724
 4128.000000 5.948673 1.517958 2.890202
 4131.000000 5.950506 1.525404 2.882423
 4134.000000 5.971997 1.546791 2.899445
 4137.000000 5.855510 1.526826 2.887282
 4140.000000 5.892852 1.527134 2.907200
 4143.000000 5.845400 1.503299 2.910654
 4146.000000 5.865803 1.554435 2.909341
 4149.000000 5.873575 1.519515 2.938603
 4152.000000 5.878344 1.541351 2.928523
 4155.000000 5.830792 1.524508 2.921466
 4158.000000 5.801301 1.521217 2.959150
 4161.000000 5.748821 1.520672 2.953430
 4164.000000 5.828630 1.515079 2.917444
 4167.000000 5.811901 1.498609 2.952707
 4170.000000 5.894372 1.548288 2.927766
 4173.000000 5.914841 1.531491 2.933308
 4176.000000 5.917797 1.547210 2.924975
 4179.000000 5.915857 1.519081 2.927399
 4182.000000 5.909967 1.521853 2.906253
 4185.000000 5.854056 1.533587 2.925267
 4188.000000 5.922744 1.533820 2.961965
 4191.000000 5.946804 1.539097 2.979645
 4194.000000 5.905391 1.556831 2.991459
 4197.000000 5.920482 1.535681 2.957542
 4200.000000 5.921405 1.526715 2.976208
 4203.000000 5.915989 1.528886 2.987535
 4206.000000 5.945352 1.566599 2.922929
 4209.000000 5.955780 1.561791 2.912088
 4212.000000 5.892550 1.551014 2.904331
 4215.000000 5.932426 1.541352 2.919617
 4218.000000 5.912291 1.529940 2.919909
 4221.000000 5.918739 1.553724 2.922128
 4224.000000 5.841969 1.545397 2.889834
 4227.000000 5.842785 1.559760 2.864982
 4230.000000 5.923258 1.573120 2.882078
 4233.000000 5.808333 1.551384 2.872264
 4236.000000 5.783650 1.526204 2.897084
 4239.000000 5.855438 1.574041 2.853343
 4242.000000 5.871164 1.564764 2.895430
 4245.000000 5.875561 1.542037 2.913350
 4248.000000 5.842422 1.541876 2.890888
 4251.000000 5.768293 1.543625 2.900980
 4254.000000 5.785041 1.555704 2.907562
 4257.000000 5.806144 1.564400 2.930236
 4260.000000 5.856530 1.564685 2.903757
 4263.000000 5.828867 1.530659 2.964462
 4266.000000 5.873972 1.552384 2.924537
 4269.000000 5.888601 1.516814 3.011092
 4272.000000 5.881361 1.535875 2.978429
 4275.000000 5.926866 1.529680 2.975468
 4278.000000 5.830026 1.535074 2.935826
 4281.000000 5.818104 1.538079 2.943293
 4284.000000 5.883378 1.540902 2.934008
 4287.000000 5.927995 1.531177 2.941497
 4290.000000 6.004242 1.547082 2.929348
 4293.000000 6.032294 1.514489 2.951692
 4296.000000 6.028580 1.537122 2.943145
 4299.000000 6.056283 1.528231 2.941706
 4302.000000 6.101082 1.525658 2.971276
 4305.000000 6.122841 1.576959 2.912467
 4308.000000 6.060501 1.562391 2.913109
 4311.000000 6.069789 1.536487 2.958921
 4314.000000 6.098202 1.525677 2.956589
 4317.000000 6.070320 1.484941 2.955869
 4320.000000 5.985136 1.473489 2.961429
 4323.000000 5.923900 1.494565 2.955193
 4326.000000 5.950412 1.494459 2.941552
 4329.000000 5.932853 1.519885 2.876758
 4332.000000 6.022196 1.513616 2.901879
 4335.000000 6.050933 1.527277 2.924148
 4338.000000 6.106376 1.543397 2.910357
 4341.000000 6.128904 1.551098 2.900831
 4344.000000 6.066381 1.532962 2.933861
 4347.000000 6.063645 1.558639 2.913269
 4350.000000 6.069627 1.581134 2.864301
 4353.000000 6.036105 1.571032 2.907228
 4356.000000 5.959999 1.550757 2.915128
 4359.000000 5.971941 1.542145 2.904122
 4362.000000 5.967315 1.531461 2.902339
 4365.000000 5.972974 1.516157 2.936310
 4368.000000 5.986286 1.531438 2.931371
 4371.000000 5.882479 1.516962 2.941785
 4374.000000 5.945392 1.505406 2.963093
 4377.000000 5.901868 1.480132 2.957208
 4380.000000 5.880446 1.508903 2.912586
 4383.000000 5.936415 1.528322 2.944805
 4386.000000 6.003821 1.503896 2.955781
 4389.000000 6.051022 1.500478 2.918801
 4392.000000 6.070216 1.526488 2.894921
 4395.000000 5.862190 1.501220 2.948026
 4398.000000 5.922350 1.480752 2.968956
 4401.000000 5.856274 1.481329 2.925046
 4404.000000 5.812114 1.494744 2.955533
 4407.000000 5.792627 1.457187 2.980051
 4410.000000 5.850035 1.475904 2.933461
 4413.000000 5.795086 1.466355 2.925909
 4416.000000 5.848606 1.506380 2.935685
 4419.000000 5.844039 1.470521 2.965344
 4422.000000 5.900663 1.511885 2.928678
 4425.000000 5.931337 1.522610 2.949206
 4428.000000 5.935915 1.506847 2.947094
 4431.000000 5.902453 1.474734 2.924917
 4434.000000 5.919561 1.479634 2.953688
 4437.000000 5.878702 1.480898 2.937931
 4440.000000 5.838614 1.508379 2.901998
 4443.000000 5.851821 1.481266 2.918492
 4446.000000 5.887565 1.512334 2.885251
 4449.000000 5.944276 1.503294 2.904242
 4452.000000 5.959429 1.522579 2.923712
 4455.000000 5.970173 1.516068 2.925824
 4458.000000 5.987368 1.498511 2.915278
 4461.000000 5.936251 1.491659 2.927252
 4464.000000 5.913789 1.474368 2.946244
 4467.000000 5.999003 1.481822 2.942744
 4470.000000 5.962488 1.475319 2.942161
 4473.000000 6.028774 1.496013 2.920449
 4476.000000 5.932817 1.476300 2.953533
 4479.000000 5.854001 1.467331 2.958609
 4482.000000 5.861467 1.476297 2.949792
 4485.000000 5.878547 1.478679 2.969305
 4488.000000 5.783506 1.491598 2.966598
 4491.000000 5.904006 1.495800 2.923208
 4494.000000 5.853120 1.501955 2.932684
 4497.000000 5.907726 1.498681 2.951230
 4500.000000 5.877915 1.512028 2.986080
 4503.000000 5.877266 1.512995 2.927606
 4506.000000 5.804874 1.522383 2.907824
 4509.000000 5.796040 1.507952 2.918205
 4512.000000 5.768912 1.513116 2.909429
 4515.000000 5.805916 1.500455 2.948605
 4518.000000 5.835256 1.521761 2.932943
 4521.000000 5.915615 1.517787 2.918518
 4524.000000 5.894938 1.501530 2.953660
 4527.000000 5.928615 1.477122 2.967106
 4530.000000 5.868625 1.510371 2.936011
 4533.000000 5.947519 1.473928 2.969386
 4536.000000 5.921948 1.487738 2.962351
 4539.000000 5.902881 1.475326 2.964523
 4542.000000 5.929157 1.466513 2.989503
 4545.000000 5.864237 1.465585 2.974811
 4548.000000 5.872776 1.440765 3.003529
 4551.000000 5.908231 1.471795 2.961197
 4554.000000 5.816612 1.480884 2.965662
 4557.000000 5.759887 1.469360 2.974753
 4560.000000 5.813916 1.476209 2.985294
 4563.000000 5.847043 1.499813 2.950632
 4566.000000 5.892378 1.491657 2.963676
 4569.000000 5.936870 1.471507 2.963975
 4572.000000 5.892925 1.466402 2.979329
 4575.000000 5.802080 1.473016 2.933027
 4578.000000 5.887088 1.505489 2.926406
 4581.000000 5.992802 1.519162 2.900493
 4584.000000 5.935393 1.469397 2.940468
 4587.000000 5.903528 1.500169 2.905239
 4590.000000 5.887236 1.475733 2.903035
 4593.000000 5.893402 1.478384 2.892834
 4596.000000 5.819456 1.448672 2.899800
 4599.000000 5.887938 1.471434 2.889203
 4602.000000 5.949454 1.495243 2.895230
 4605.000000 5.976525 1.480678 2.885902
 4608.000000 5.948703 1.466500 2.932746
 4611.000000 5.880933 1.460258 2.930281
 4614.000000 5.930695 1.468042 2.892667
 4617.000000 5.889639 1.481819 2.904113
 4620.000000 5.834236 1.473666 2.941924
 4623.000000 5.856773 1.455726 2.941889
 4626.000000 5.857921 1.473148 2.924877
 4629.000000 5.872023 1.510109 2.933245
 4632.000000 5.810039 1.507605 2.900341
 4635.000000 5.801502 1.463509 2.915923
 4638.000000 5.762335 1.502753 2.882826
 4641.000000 5.729869 1.485077 2.913762
 4644.000000 5.839005 1.480765 2.921244
 4647.000000 5.788025 1.469725 2.924657
 4650.000000 5.883934 1.471462 2.942158
 4653.000000 5.845850 1.463673 2.910617
 4656.000000 5.876386 1.477354 2.912198
 4659.000000 5.825891 1.496883 2.886686
 4662.000000 5.814589 1.504672 2.934528
 4665.000000 5.805965 1.496703 2.926403
 4668.000000 5.867993 1.503378 2.954513
 4671.000000 5.827641 1.507605 2.918803
 4674.000000 5.734633 1.506557 2.898713
 4677.000000 5.794964 1.488559 2.912596
 4680.000000 5.779316 1.502816 2.916206
 4683.000000 5.740832 1.476983 2.944865
 4686.000000 5.719138 1.507991 2.887877
 4689.000000 5.760138 1.479600 2.946226
 4692.000000 5.818593 1.484019 2.932173
 4695.000000 5.851961 1.501310 2.935784
 4698.000000 5.909370 1.525077 2.935909
 4701.000000 5.953130 1.535524 2.945140
 4704.000000 5.901701 1.544740 2.929119
 4707.000000 5.995903 1.526345 2.953507
 4710.000000 5.973370 1.541988 2.904215
 4713.000000 5.964683 1.553133 2.895703
 4716.000000 5.977914 1.556630 2.939579
 4719.000000 5.905717 1.555770 2.932519
 4722.000000 5.976802 1.539715 2.925363
 4725.000000 5.902427 1.536568 2.951125
 4728.000000 5.932269 1.542833 2.958593
 4731.000000 5.955901 1.558623 2.905489
 4734.000000 5.876182 1.551587 2.925017
 4737.000000 5.909529 1.544593 2.934379
 4740.000000 5.867533 1.535712 2.927242
 4743.000000 5.912554 1.548893 2.929792
 4746.000000 5.853112 1.524968 2.970093
 4749.000000 5.858403 1.524018 2.940402
 4752.000000 5.851187 1.540789 2.919168
 4755.000000 5.780302 1.554143 2.918635
 4758.000000 5.850196 1.507676 2.962371
 4761.000000 5.840540 1.534743 2.937350
 4764.000000 5.874693 1.534138 2.911239
 4767.000000 5.858720 1.537322 2.935657
 4770.000000 5.842748 1.495312 2.946626
 4773.000000 5.811428 1.488004 2.991212
 4776.000000 5.768349 1.481675 2.991009
 4779.000000 5.765710 1.496260 2.983516
 4782.000000 5.670634 1.486725 2.996474
 4785.000000 5.704848 1.451716 3.018822
 4788.000000 5.727474 1.484414 2.960195
 4791.000000 5.766297 1.469101 2.982099
 4794.000000 5.751499 1.511341 2.953987
 4797.000000 5.747735 1.514101 2.922443
 4800.000000 5.757394 1.510958 2.927022
 4803.000000 5.797189 1.517473 2.912662
 4806.000000 5.781063 1.488201 2.892162
 4809.000000 5.837754 1.485302 2.928571
 4812.000000 5.830525 1.470382 2.928612
 4815.000000 5.903268 1.511274 2.891041
 4818.000000 5.905042 1.501914 2.905364
 4821.000000 5.879489 1.510460 2.942718
 4824.000000 5.897509 1.504522 2.932547
 4827.000000 5.869806 1.520961 2.914264
 4830.000000 5.894859 1.488371 2.973303
 4833.000000 5.928982 1.527872 2.907305
 4836.000000 5.949382 1.523498 2.918854
 4839.000000 5.943683 1.502633 2.946420
 4842.000000 6.101969 1.511911 2.947581
 4845.000000 6.114225 1.499249 2.921121
 4848.000000 6.170321 1.523995 2.928356
 4851.000000 6.145819 1.529841 2.922308
 4854.000000 6.108266 1.509013 2.949546
 4857.000000 6.087538 1.535351 2.911608
 4860.000000 6.119322 1.539620 2.896494
 4863.000000 6.064787 1.532548 2.896868
 4866.000000 6.044707 1.546187 2.908551
 4869.000000 6.003573 1.559259 2.909314
 4872.000000 5.972370 1.580638 2.897767
 4875.000000 5.963104 1.566029 2.932348
 4878.000000 5.971940 1.554163 2.900367
 4881.000000 5.967265 1.549568 2.928701
 4884.000000 5.900535 1.549741 2.907292
 4887.000000 5.798774 1.530375 2.911504
 4890.000000 5.887993 1.535441 2.913314
 4893.000000 5.855713 1.541635 2.900404
 4896.000000 5.898350 1.548107 2.927309
 4899.000000 5.892741 1.528117 2.926449
 4902.000000 5.869875 1.574929 2.945667
 4905.000000 5.882795 1.573132 2.936555
 4908.000000 5.939950 1.563183 2.952380
 4911.000000 5.964491 1.516216 2.988295
 4914.000000 5.914506 1.534693 2.969284
 4917.000000 5.944901 1.540402 2.950873
 4920.000000 5.970394 1.520368 2.983096
 4923.000000 5.915827 1.526945 2.953913
 4926.000000 5.855652 1.533957 2.986357
 4929.000000 5.877435 1.559281 2.962338
 4932.000000 5.848931 1.549628 2.981483
 4935.000000 5.839789 1.549479 2.944784
 4938.000000 5.855647 1.527526 2.955340
 4941.000000 5.862331 1.532998 2.962318
 4944.000000 5.891933 1.524684 2.941156
 4947.000000 5.946740 1.526925 2.936117
 4950.000000 5.798669 1.539588 2.908845
 4953.000000 5.830476 1.533428 2.894496
 4956.000000 5.856770 1.527167 2.960362
 4959.000000 5.929481 1.554889 2.904868
 4962.000000 5.931526 1.529981 2.953379
 4965.000000 5.961307 1.558559 2.928711
 4968.000000 5.959949 1.560538 2.907057
 4971.000000 5.957983 1.574783 2.910546
 4974.000000 5.935126 1.574411 2.954349
 4977.000000 5.965336 1.584467 2.937770
 4980.000000 5.994298 1.604493 2.924437
 4983.000000 5.957618 1.594977 2.939076
 4986.000000 5.951283 1.580769 2.905924
 4989.000000 5.901953 1.584758 2.942827
 4992.000000 5.845231 1.604072 2.950937
 4995.000000 5.759009 1.560746 2.942515
 4998.000000 5.854363 1.560915 2.958803
 5001.000000 5.982570 1.589608 2.930012
 5004.000000 6.052623 1.583383 2.923594
 5007.000000 6.034282 1.592546 2.930597
 5010.000000 5.950685 1.555164 2.924460
 5013.000000 6.031952 1.535017 2.933212
 5016.000000 5.979802 1.573215 2.893291
 5019.000000 5.996817 1.522817 2.949562
 5022.000000 5.949500 1.530815 2.987033
 5025.000000 6.001019 1.531702 2.951213
 5028.000000 6.057735 1.540243 2.996101
 5031.000000 6.036829 1.543517 2.969832
 5034.000000 6.095802 1.563203 2.963164
 5037.000000 6.008907 1.576689 2.938116
 5040.000000 6.022688 1.584797 2.919279
 5043.000000 5.955561 1.573430 2.930789
 5046.000000 5.965509 1.585607 2.920987
 5049.000000 5.995469 1.573231 2.920706
 5052.000000 5.955835 1.571097 2.929040
 5055.000000 5.969417 1.573656 2.902728
 5058.000000 5.945886 1.598059 2.872010
 5061.000000 5.933499 1.557454 2.935487
 5064.000000 6.017277 1.553725 2.960970
 5067.000000 6.011930 1.565859 2.946585
 5070.000000 5.911681 1.537606 2.976047
 5073.000000 5.878571 1.545014 2.936944
 5076.000000 5.940931 1.534870 2.906011
 5079.000000 5.950446 1.558605 2.887089
 5082.000000 5.935805 1.547750 2.910503
 5085.000000 5.931741 1.547873 2.908003
 5088.000000 5.946134 1.543931 2.921173
 5091.000000 6.017313 1.541295 2.948200
 5094.000000 6.063189 1.536441 2.940740
 5097.000000 6.080194 1.527658 2.898881
 5100.000000 5.979646 1.502001 2.960584
 5103.000000 5.915866 1.482562 2.988793
 5106.000000 5.926693 1.524890 2.953668
 5109.000000 5.916727 1.493382 2.978211
 5112.000000 5.911040 1.511225 2.981335
 5115.000000 5.869628 1.516201 2.958096
 5118.000000 5.850180 1.509236 2.965477
 5121.000000 5.881852 1.509264 2.937999
 5124.000000 5.933607 1.495608 2.976873
 5127.000000 5.860952 1.469815 2.957460
 5130.000000 5.876551 1.478784 2.961958
 5133.000000 5.792962 1.446960 3.008629
 5136.000000 5.865018 1.462050 2.967111
 5139.000000 5.936322 1.472244 2.932534
 5142.000000 5.899497 1.478997 2.949866
 5145.000000 5.830544 1.465552 2.917998
 5148.000000 5.856604 1.470703 2.915941
 5151.000000 5.834094 1.473060 2.903936
 5154.000000 5.904007 1.481215 2.911283
 5157.000000 5.975554 1.491827 2.893110
 5160.000000 5.984749 1.502093 2.890681
 5163.000000 5.902066 1.485533 2.910546
 5166.000000 5.907070 1.494010 2.913627
 5169.000000 5.868575 1.487955 2.910773
 5172.000000 5.834389 1.500955 2.915415
 5175.000000 5.913600 1.494402 2.927126
 5178.000000 5.942640 1.501832 2.936461
 5181.000000 5.893811 1.492667 2.979466
 5184.000000 5.786014 1.480837 2.989386
 5187.000000 5.781855 1.500290 2.922499
 5190.000000 5.799443 1.485754 2.967607
 5193.000000 5.788956 1.469348 2.933251
 5196.000000 5.735220 1.473457 2.928452
 5199.000000 5.760088 1.487916 2.908434
 5202.000000 5.717784 1.486157 2.939426
 5205.000000 5.789567 1.485087 2.920732
 5208.000000 5.766409 1.460274 2.913111
 5211.000000 5.750005 1.464335 2.913586
 5214.000000 5.784242 1.469269 2.927477
 5217.000000 5.740408 1.498296 2.909205
 5220.000000 5.800555 1.505352 2.917134
 5223.000000 5.834872 1.519478 2.903459
 5226.000000 5.800140 1.524482 2.915515
 5229.000000 5.816830 1.522831 2.944645
 5232.000000 5.820311 1.501330 2.983993
 5235.000000 5.828864 1.512488 3.007752
 5238.000000 5.903831 1.494378 2.956396
 5241.000000 5.862538 1.495886 2.965660
 5244.000000 5.946297 1.535287 2.912635
 5247.000000 5.994395 1.542922 2.911502
 5250.000000 5.936310 1.524375 2.949854
 5253.000000 5.950353 1.534067 2.960984
 5256.000000 6.004552 1.516527 2.989195
 5259.000000 5.923374 1.544252 2.950444
 5262.000000 5.920597 1.500699 2.971917
 5265.000000 5.886660 1.527245 2.963303
 5268.000000 5.864222 1.556187 2.963139
 5271.000000 5.878093 1.518123 2.940614
 5274.000000 5.963840 1.544277 2.949640
 5277.000000 5.870905 1.528038 2.948363
 5280.000000 5.903901 1.559021 2.934627
 5283.000000 5.884228 1.549537 2.958492
 5286.000000 5.892360 1.538333 2.948836
 5289.000000 5.860966 1.537026 2.968162
 5292.000000 5.808743 1.537475 2.947071
 5295.000000 5.892702 1.523568 2.959453
 5298.000000 5.822993 1.528975 2.969526
 5301.000000 5.859137 1.532562 2.972163
 5304.000000 5.858499 1.550921 2.920653
 5307.000000 5.816159 1.538053 2.939674
 5310.000000 5.870487 1.520642 2.954632
 5313.000000 5.840333 1.536864 2.946026
 5316.000000 5.883491 1.516140 2.974615
 5319.000000 5.781246 1.504680 2.964077
 5322.000000 5.786072 1.506659 2.962171
 5325.000000 5.859118 1.499748 2.983569
 5328.000000 5.858901 1.514185 2.937857
 5331.000000 5.946144 1.536511 2.956104
 5334.000000 5.903076 1.521558 2.927382
 5337.000000 5.930060 1.508068 2.948288
 5340.000000 5.894695 1.509182 2.946524
 5343.000000 5.870911 1.522541 2.924170
 5346.000000 5.872248 1.498793 2.907511
 5349.000000 5.881731 1.509717 2.899207
 5352.000000 5.903878 1.531233 2.920156
 5355.000000 5.891529 1.519116 2.910712
 5358.000000 5.859296 1.508252 2.923114
 5361.000000 5.804319 1.500316 2.923787
 5364.000000 5.887730 1.516187 2.904970
 5367.000000 5.890970 1.501629 2.900478
 5370.000000 5.949568 1.532002 2.948234
 5373.000000 5.916763 1.513930 2.916720
 5376.000000 5.847473 1.515611 2.938917
 5379.000000 5.868569 1.547824 2.907222
 5382.000000 5.870510 1.523751 2.915443
 5385.000000 5.843793 1.548926 2.903525
 5388.000000 5.882217 1.538962 2.926138
 5391.000000 5.958073 1.552495 2.900745
 5394.000000 5.983037 1.524361 2.939066
 5397.000000 5.912021 1.539922 2.950299
 5400.000000 5.904750 1.552794 2.936696
 5403.000000 5.912914 1.519346 2.969763
 5406.000000 5.933152 1.530187 2.946301
 5409.000000 5.924848 1.518743 2.926231
 5412.000000 6.032316 1.502554 2.960544
 5415.000000 6.028503 1.549762 2.917246
 5418.000000 5.976028 1.534513 2.935209
 5421.000000 6.051635 1.538283 2.913373
 5424.000000 6.044247 1.516474 2.912949
 5427.000000 6.117832 1.510168 2.918204
 5430.000000 6.069009 1.490546 2.915442
 5433.000000 5.986683 1.507594 2.886582
 5436.000000 5.979717 1.505295 2.894638
 5439.000000 6.028460 1.518655 2.869176
 5442.000000 6.014581 1.535958 2.878322
 5445.000000 6.004312 1.534037 2.888518
 5448.000000 6.006252 1.537287 2.877130
 5451.000000 6.057136 1.525005 2.926832
 5454.000000 6.051342 1.510654 2.949210
 5457.000000 5.983191 1.504077 2.945587
 5460.000000 5.999277 1.525303 2.908741
 5463.000000 6.032351 1.498726 2.969925
 5466.000000 6.016214 1.525942 2.933833
 5469.000000 5.944454 1.507823 2.918644
 5472.000000 5.879506 1.501071 2.928723
 5475.000000 5.942019 1.501913 2.915905
 5478.000000 5.959812 1.493324 2.938391
 5481.000000 5.978160 1.499973 2.944456
 5484.000000 5.988657 1.489285 2.966877
 5487.000000 5.994663 1.487222 2.954516
 5490.000000 6.102976 1.528334 2.942355
 5493.000000 6.091498 1.505867 2.957772
 5496.000000 6.060004 1.499777 2.957002
 5499.000000 6.024015 1.480138 2.994468
 5502.000000 6.052763 1.488779 2.943548
 5505.000000 6.023562 1.495822 2.975008
 5508.000000 6.083853 1.506128 2.947162
 5511.000000 6.051441 1.494745 2.982051
 5514.000000 6.060660 1.497017 2.966937
 5517.000000 6.076831 1.470931 2.978244
 5520.000000 6.109394 1.472179 2.978474
 5523.000000 5.973233 1.473287 2.969923
 5526.000000 6.040452 1.491759 2.941617
 5529.000000 6.071190 1.480019 2.976263
 5532.000000 6.104208 1.520296 2.946998
 5535.000000 5.997354 1.512040 2.946481
 5538.000000 5.981983 1.493055 2.959680
 5541.000000 5.920983 1.476813 2.968642
 5544.000000 5.890884 1.488938 2.930987
 5547.000000 5.924772 1.495198 2.946770
 5550.000000 5.903426 1.493463 2.961985
 5553.000000 5.897307 1.465102 2.998513
 5556.000000 5.966164 1.508425 2.953332
 5559.000000 6.025666 1.490514 2.983216
 5562.000000 6.116821 1.490874 2.985641
 5565.000000 6.118467 1.507832 2.971038
 5568.000000 6.117039 1.526958 2.945434
 5571.000000 6.065519 1.524535 2.919335
 5574.000000 6.005473 1.511050 2.946751
 5577.000000 6.087730 1.504195 2.954871
 5580.000000 6.059533 1.515244 2.926711
 5583.000000 6.071714 1.521381 2.934506
 5586.000000 6.073907 1.504495 2.957303
 5589.000000 6.096574 1.487421 2.948661
 5592.000000 6.163747 1.514602 2.926982
 5595.000000 6.202766 1.504227 2.976892
 5598.000000 6.045740 1.471253 2.963078
 5601.000000 5.980862 1.468281 2.940983
 5604.000000 6.031174 1.504434 2.922128
 5607.000000 5.974725 1.485201 2.957403
 5610.000000 5.888928 1.505440 2.954436
 5613.000000 5.870042 1.466434 2.987301
 5616.000000 5.911632 1.495332 2.965042
 5619.000000 6.003773 1.500475 2.941094
 5622.000000 6.022078 1.523757 2.920087
 5625.000000 5.933177 1.502656 2.921279
 5628.000000 5.880195 1.497161 2.944659
 5631.000000 5.853532 1.492042 2.961263
 5634.000000 5.809374 1.458305 2.959270
 5637.000000 5.837709 1.496905 2.976290
 5640.000000 5.811425 1.451321 2.984430
 5643.000000 5.817642 1.496499 2.932583
 5646.000000 5.824967 1.500714 2.924589
 5649.000000 5.756365 1.495325 2.898682
 5652.000000 5.827741 1.485671 2.895961
 5655.000000 5.815643 1.503251 2.885971
 5658.000000 5.858700 1.485927 2.890538
 5661.000000 5.817379 1.463374 2.947509
 5664.000000 5.839201 1.466053 2.932272
 5667.000000 5.784709 1.455759 2.941783
 5670.000000 5.875850 1.509633 2.895965
 5673.000000 5.921805 1.502752 2.913655
 5676.000000 5.942645 1.491344 2.892480
 5679.000000 5.942833 1.476398 2.898067
 5682.000000 5.967109 1.488234 2.919302
 5685.000000 5.961977 1.483573 2.941068
 5688.000000 5.929797 1.483107 2.950488
 5691.000000 5.986225 1.486850 2.903870
 5694.000000 5.945565 1.488261 2.908291
 5697.000000 5.988962 1.482030 2.911235
 5700.000000 6.014230 1.486035 2.895111
 5703.000000 6.042185 1.470466 2.944726
 5706.000000 5.906235 1.467682 2.930743
 5709.000000 5.958247 1.492280 2.907674
 5712.000000 5.922462 1.480852 2.909861
 5715.000000 5.915922 1.495912 2.901187
 5718.000000 5.891354 1.485329 2.889011
 5721.000000 5.975443 1.474614 2.899901
 5724.000000 5.938293 1.477605 2.885320
 5727.000000 5.928864 1.461223 2.918488
 5730.000000 6.022629 1.499284 2.925155
 5733.000000 6.025103 1.486964 2.907086
 5736.000000 5.975620 1.467931 2.929019
 5739.000000 5.935636 1.475891 2.945928
 5742.000000 5.920752 1.479642 2.935538
 5745.000000 6.046490 1.501617 2.925047
 5748.000000 6.011959 1.516666 2.915572
 5751.000000 6.053599 1.495062 2.949550
 5754.000000 6.048845 1.508713 2.959470
 5757.000000 6.052922 1.515922 2.963753
 5760.000000 6.080135 1.534450 2.929502
 5763.000000 6.150364 1.517888 2.955802
 5766.000000 6.068683 1.505450 2.969630
 5769.000000 6.047736 1.535000 2.967693
 5772.000000 6.090233 1.517235 2.968703
 5775.000000 6.040922 1.500704 2.980489
 5778.000000 6.090656 1.512643 2.966466
 5781.000000 6.075682 1.525984 2.969662
 5784.000000 6.077529 1.523066 2.977682
 5787.000000 6.007965 1.526633 2.987942
 5790.000000 6.055979 1.535299 2.978434
 5793.000000 6.060917 1.509044 2.977566
 5796.000000 6.060139 1.539327 2.937892
 5799.000000 6.073608 1.534587 2.936223
 5802.000000 6.010350 1.542504 2.929150
 5805.000000 6.028480 1.532561 2.916314
 5808.000000 6.007510 1.496639 2.942191
 5811.000000 6.016365 1.494500 2.944280
 5814.000000 6.079958 1.517947 2.911709
 5817.000000 6.077307 1.528273 2.943244
 5820.000000 6.108845 1.534443 2.930151
 5823.000000 6.060315 1.544768 2.924833
 5826.000000 6.102741 1.531040 2.918007
 5829.000000 6.146575 1.508624 2.936797
 5832.000000 6.125248 1.518585 2.916265
 5835.000000 6.126578 1.507296 2.952777
 5838.000000 6.120997 1.504686 2.935146
 5841.000000 6.071132 1.471029 2.960726
 5844.000000 6.185378 1.500316 2.915765
 5847.000000 6.167202 1.505729 2.934185
 5850.000000 6.163233 1.501327 2.954556
 5853.000000 6.222939 1.523507 2.929720
 5856.000000 6.129097 1.506156 2.930086
 5859.000000 6.095542 1.502974 2.921843
 5862.000000 5.983145 1.509266 2.923228
 5865.000000 5.991546 1.519239 2.912136
 5868.000000 5.905497 1.527643 2.945539
 5871.000000 5.931120 1.508225 2.995982
 5874.000000 5.906435 1.488649 2.971782
 5877.000000 5.944643 1.519868 2.955094
 5880.000000 5.942980 1.495235 2.995635
 5883.000000 5.988891 1.521465 2.960063
 5886.000000 6.051752 1.533142 2.944432
 5889.000000 6.026614 1.509395 2.974555
 5892.000000 5.972426 1.520897 2.978368
 5895.000000 6.023811 1.485332 2.991825
 5898.000000 6.037690 1.507065 2.978605
 5901.000000 6.043998 1.520384 2.928663
 5904.000000 6.002352 1.494870 2.956056
 5907.000000 6.078883 1.504557 3.018768
 5910.000000 6.082185 1.512167 2.997244
 5913.000000 6.051509 1.511577 2.985202
 5916.000000 6.080100 1.531133 2.973386
 5919.000000 6.122078 1.533088 2.953793
 5922.000000 6.155078 1.541924 2.972511
 5925.000000 6.133111 1.525008 2.973607
 5928.000000 6.100826 1.511723 3.007312
 5931.000000 6.062983 1.536555 2.932732
 5934.000000 6.106487 1.512023 2.954887
 5937.000000 6.100652 1.536597 2.934430
 5940.000000 6.082152 1.550380 2.918479
 5943.000000 6.065555 1.556520 2.925170
 5946.000000 6.029093 1.547947 2.924152
 5949.000000 6.004984 1.557126 2.910606
 5952.000000 6.099894 1.561904 2.926699
 5955.000000 6.011034 1.550642 2.931902
 5958.000000 6.066481 1.519896 2.949992
 5961.000000 6.092321 1.522417 2.957656
 5964.000000 6.120780 1.540299 2.986913
 5967.000000 6.126491 1.523667 2.998807
 5970.000000 6.116319 1.511785 3.020109
 5973.000000 6.160282 1.510923 3.032297
 5976.000000 6.079850 1.513388 2.980908
 5979.000000 6.043761 1.444649 3.000998
 5982.000000 6.075837 1.461321 2.949828
 5985.000000 6.004009 1.451490 2.942766
 5988.000000 5.995667 1.474088 2.958004
 5991.000000 6.017110 1.474667 2.942191
 5994.000000 6.041223 1.480590 2.929779
 5997.000000 6.042016 1.489063 2.927734
 6000.000000 6.030846 1.501845 2.949722
 6003.000000 5.966253 1.499904 2.937761
 6006.000000 6.000179 1.490709 2.946571
 6009.000000 5.999820 1.486594 2.977986
 6012.000000 6.067570 1.506267 2.944922
 6015.000000 6.020509 1.514271 2.945790
 6018.000000 5.976413 1.517485 2.935415
 6021.000000 6.023639 1.526694 2.942357
 6024.000000 5.996080 1.534275 2.961035
 6027.000000 5.959783 1.511557 2.963197
 6030.000000 5.983781 1.526054 2.906622
 6033.000000 5.944143 1.511035 2.929281
 6036.000000 5.883956 1.519062 2.931175
 6039.000000 5.906489 1.517501 2.912040
 6042.000000 5.996980 1.533348 2.918800
 6045.000000 5.999836 1.517221 2.918622
 6048.000000 5.912326 1.508616 2.940745
 6051.000000 5.913725 1.496976 2.945432
 6054.000000 5.950449 1.494038 2.968231
 6057.000000 6.013768 1.509888 2.968966
 6060.000000 5.995423 1.497206 2.969461
 6063.000000 5.931357 1.509577 2.947540
 6066.000000 5.895294 1.490175 2.944596
 6069.000000 5.990753 1.499920 2.966028
 6072.000000 6.056515 1.558883 2.920491
 6075.000000 6.115302 1.540593 2.949098
 6078.000000 6.032340 1.527864 2.942078
 6081.000000 6.032720 1.496981 2.962739
 6084.000000 6.064630 1.491467 2.977407
 6087.000000 6.026245 1.501779 2.949269
 6090.000000 5.992447 1.495761 2.955781
 6093.000000 6.040084 1.514819 2.936759
 6096.000000 6.061090 1.512989 2.975378
 6099.000000 6.032846 1.510559 2.942998
 6102.000000 6.076989 1.511686 2.947734
 6105.000000 6.075651 1.498087 2.959843
 6108.000000 6.089532 1.512067 2.943984
 6111.000000 6.111268 1.532891 2.926377
 6114.000000 6.085721 1.499888 2.972903
 6117.000000 6.063224 1.498521 2.932642
 6120.000000 6.068562 1.505266 2.941047
 6123.000000 6.030876 1.503087 2.941627
 6126.000000 5.995894 1.517144 2.933318
 6129.000000 6.046149 1.508787 2.959847
 6132.000000 6.102783 1.507355 2.977309
 6135.000000 6.136437 1.487794 2.961696
 6138.000000 6.083900 1.513655 2.949876
 6141.000000 6.180428 1.523452 2.932560
 6144.000000 6.105381 1.510046 2.970115
 6147.000000 6.060117 1.499997 2.947891
 6150.000000 6.026968 1.511373 2.952514
 6153.000000 5.994723 1.519259 2.925505
 6156.000000 6.000017 1.514337 2.943595
 6159.000000 6.047104 1.514482 2.955085
 6162.000000 6.104391 1.522585 2.957961
 6165.000000 6.011165 1.493148 2.957733
 6168.000000 6.021958 1.512288 2.921706
 6171.000000 6.056942 1.518156 2.908837
 6174.000000 6.092679 1.503238 2.927711
 6177.000000 6.025284 1.505285 2.926507
 6180.000000 6.017184 1.518313 2.916796
 6183.000000 6.010490 1.531434 2.895563
 6186.000000 6.023425 1.520902 2.900618
 6189.000000 5.960025 1.526224 2.909034
 6192.000000 5.867294 1.502772 2.899242
 6195.000000 5.729324 1.503194 2.931065
 6198.000000 5.738439 1.478638 2.933118
 6201.000000 5.779161 1.459278 2.927063
 6204.000000 5.836521 1.462623 2.903200
 6207.000000 5.808741 1.480440 2.888075
 6210.000000 5.751095 1.463195 2.920572
 6213.000000 5.759132 1.485287 2.915182
 6216.000000 5.833995 1.479262 2.935946
 6219.000000 5.883679 1.496807 2.910627
 6222.000000 5.873267 1.510727 2.883399
 6225.000000 5.782442 1.481536 2.924320
 6228.000000 5.854836 1.500832 2.924940
 6231.000000 5.851512 1.502779 2.889693
 6234.000000 5.753092 1.464670 2.900760
 6237.000000 5.823148 1.488839 2.904053
 6240.000000 5.852216 1.477157 2.931893
 6243.000000 5.939677 1.497373 2.910685
 6246.000000 5.814845 1.525746 2.886860
 6249.000000 5.776781 1.546518 2.873991
 6252.000000 5.783449 1.550459 2.907112
 6255.000000 5.843209 1.511394 2.952005
 6258.000000 5.789337 1.535313 2.931405
 6261.000000 5.791418 1.529550 2.925236
 6264.000000 5.859267 1.536639 2.925386
 6267.000000 5.849193 1.552069 2.919716
 6270.000000 5.881476 1.549681 2.943977
 6273.000000 5.861413 1.524615 2.976608
 6276.000000 5.943925 1.533018 2.958387
 6279.000000 5.856841 1.554703 2.950182
 6282.000000 5.848167 1.558740 2.928320
 6285.000000 5.870575 1.548633 2.964588
 6288.000000 5.913471 1.544419 2.979703
 6291.000000 5.888095 1.532199 2.952317
 6294.000000 5.864187 1.535891 2.938983
 6297.000000 5.881962 1.528588 2.956426
 6300.000000 5.983048 1.548918 2.953663
 6303.000000 5.828098 1.560267 2.899652
 6306.000000 5.845929 1.555663 2.937214
 6309.000000 5.861292 1.575361 2.899151
 6312.000000 5.844174 1.563675 2.907488
 6315.000000 5.896494 1.577073 2.882773
 6318.000000 5.911801 1.568813 2.910157
 6321.000000 5.864865 1.556908 2.939208
 6324.000000 5.894361 1.560227 2.949119
 6327.000000 5.811500 1.547548 2.944034
 6330.000000 5.779296 1.544173 2.965200
 6333.000000 5.763996 1.522717 2.975637
 6336.000000 5.861768 1.505318 2.972832
 6339.000000 5.893567 1.531555 2.960965
 6342.000000 5.851501 1.510988 2.992615
 6345.000000 5.881143 1.515176 2.969078
 6348.000000 5.929193 1.484594 2.973945
 6351.000000 6.004375 1.498803 2.986885
 6354.000000 6.002954 1.522322 2.946069
 6357.000000 5.957887 1.511776 2.997145
 6360.000000 5.955429 1.487155 2.994397
 6363.000000 6.031311 1.495377 2.956515
 6366.000000 6.028714 1.509823 2.948948
 6369.000000 6.104947 1.514822 2.953554
 6372.000000 5.998561 1.510995 2.953308
 6375.000000 6.058434 1.497105 2.967029
 6378.000000 6.000976 1.500237 2.942531
 6381.000000 6.008846 1.535985 2.950296
 6384.000000 6.037789 1.537783 2.939955
 6387.000000 6.007906 1.538782 2.940201
 6390.000000 5.936665 1.526716 2.942017
 6393.000000 6.007155 1.533031 2.933573
 6396.000000 5.964134 1.508794 2.955370
 6399.000000 5.995560 1.513648 2.922239
 6402.000000 5.991815 1.497351 2.963959
 6405.000000 5.969492 1.494339 2.962256
 6408.000000 5.895426 1.499337 2.995801
 6411.000000 5.863161 1.476695 2.989596
 6414.000000 5.935998 1.498444 2.957906
 6417.000000 5.897133 1.482893 2.966182
 6420.000000 5.935798 1.530992 2.940946
 6423.000000 5.967613 1.551493 2.933732
 6426.000000 6.040243 1.544633 2.960976
 6429.000000 5.991826 1.563479 2.978496
 6432.000000 5.990281 1.559064 3.024748
 6435.000000 5.991616 1.579185 2.983804
 6438.000000 6.005704 1.572315 2.937933
 6441.000000 6.021468 1.567647 2.957923
 6444.000000 6.017619 1.557743 2.970779
 6447.000000 5.973726 1.567790 2.959308
 6450.000000 5.992525 1.572823 2.921903
 6453.000000 5.969971 1.560479 2.952421
 6456.000000 5.930897 1.575043 2.949104
 6459.000000 5.980756 1.548510 2.976053
 6462.000000 5.933361 1.543303 3.028957
 6465.000000 5.876875 1.562427 2.981371
 6468.000000 5.892280 1.560797 2.999268
 6471.000000 5.918074 1.548482 3.004493
 6474.000000 5.909154 1.563754 2.959315
 6477.000000 5.917450 1.596869 2.960420
 6480.000000 5.947343 1.601056 2.960818
 6483.000000 5.932606 1.576112 2.996146
 6486.000000 5.942977 1.573697 2.970310
 6489.000000 5.922397 1.567572 2.987177
 6492.000000 5.914928 1.563908 2.997263
 6495.000000 6.002095 1.570047 2.988162
 6498.000000 6.028318 1.579229 2.977427
 6501.000000 6.089064 1.575019 2.973059
 6504.000000 6.072677 1.558661 3.002737
 6507.000000 6.058495 1.521076 3.029729
 6510.000000 5.980620 1.515109 3.002823
 6513.000000 6.048935 1.517158 3.010792
 6516.000000 5.969859 1.519310 2.998779
 6519.000000 6.000490 1.530398 2.996028
 6522.000000 6.034037 1.504820 2.998761
 6525.000000 6.012950 1.499186 2.992022
 6528.000000 6.037928 1.520038 3.008054
 6531.000000 6.098941 1.529864 3.020186
 6534.000000 6.088128 1.567669 2.975637
 6537.000000 6.075393 1.581303 2.969256
 6540.000000 6.009743 1.616599 2.919293
 6543.000000 5.987648 1.589920 2.952571
 6546.000000 6.014428 1.586118 2.946775
 6549.000000 6.048986 1.589083 2.973785
 6552.000000 5.945040 1.561683 2.995173
 6555.000000 5.944894 1.606422 2.959646
 6558.000000 5.978865 1.593450 2.966783
 6561.000000 5.909652 1.568969 2.939271
 6564.000000 5.883028 1.550318 2.923945
 6567.000000 5.865482 1.563539 2.926392
 6570.000000 5.833092 1.574993 2.953452
 6573.000000 5.787735 1.587131 2.961904
 6576.000000 5.853343 1.576368 2.943797
 6579.000000 5.785886 1.543290 2.939206
 6582.000000 5.811983 1.574325 2.912836
 6585.000000 5.880251 1.578885 2.930299
 6588.000000 5.910248 1.586903 2.923442
 6591.000000 5.950948 1.562727 2.954688
 6594.000000 5.947283 1.562281 2.959330
 6597.000000 5.872907 1.549973 2.972839
 6600.000000 5.906920 1.549269 2.960920
 6603.000000 5.914500 1.541589 2.933507
 6606.000000 5.838331 1.551813 2.930788
 6609.000000 5.921282 1.530851 2.947074
 6612.000000 5.855301 1.493131 2.956727
 6615.000000 5.830421 1.509011 2.942208
 6618.000000 5.894328 1.503760 2.938446
 6621.000000 5.869446 1.500051 2.941975
 6624.000000 5.895142 1.485939 2.939319
 6627.000000 5.929790 1.480598 2.925404
 6630.000000 5.876684 1.479784 2.967885
 6633.000000 5.844437 1.498491 2.932661
 6636.000000 5.902127 1.531767 2.913553
 6639.000000 5.864851 1.521060 2.899063
 6642.000000 5.890048 1.539040 2.903912
 6645.000000 5.910750 1.523762 2.953386
 6648.000000 6.060020 1.550187 2.997252
 6651.000000 5.971015 1.539069 2.997227
 6654.000000 5.799828 1.472479 2.979490
 6657.000000 5.833748 1.518480 2.940388
 6660.000000 5.761564 1.489004 2.947875
 6663.000000 5.786001 1.485420 2.962797
 6666.000000 5.728797 1.482513 2.947312
 6669.000000 5.784336 1.496389 2.951145
 6672.000000 5.773502 1.511870 2.942757
 6675.000000 5.735197 1.518398 2.936983
 6678.000000 5.739241 1.518703 2.942560
 6681.000000 5.770839 1.556070 2.957085
 6684.000000 5.826908 1.540453 2.972987
 6687.000000 5.742447 1.539542 2.963346
 6690.000000 5.748003 1.552067 2.959682
 6693.000000 5.733404 1.532903 2.942924
 6696.000000 5.684286 1.529981 2.952270
 6699.000000 5.800655 1.529750 2.950052
 6702.000000 5.899759 1.551888 2.899810
 6705.000000 5.911549 1.553184 2.930588
 6708.000000 5.867234 1.537525 2.957065
 6711.000000 5.867451 1.539783 2.981339
 6714.000000 5.891225 1.519696 2.977112
 6717.000000 5.843082 1.515824 2.991326
 6720.000000 5.850746 1.518384 2.955157
 6723.000000 5.905546 1.525215 2.951308
 6726.000000 5.846711 1.514923 2.970545
 6729.000000 5.967455 1.525564 2.976460
 6732.000000 5.920371 1.547448 2.981918
 6735.000000 5.947550 1.521848 3.003745
 6738.000000 5.922587 1.540412 2.981919
 6741.000000 5.925334 1.552937 2.987670
 6744.000000 5.881401 1.549422 2.969314
 6747.000000 5.943995 1.532974 2.957668
 6750.000000 5.868899 1.533562 2.947077
 6753.000000 5.819062 1.545492 2.947073
 6756.000000 5.851150 1.564570 2.927456
 6759.000000 5.934668 1.569964 2.938019
 6762.000000 5.847808 1.576805 2.938949
 6765.000000 5.881968 1.548181 2.955818
 6768.000000 5.938889 1.569323 2.936791
 6771.000000 5.980655 1.559909 2.963181
 6774.000000 5.932486 1.570441 2.949831
 6777.000000 6.034843 1.577947 2.960548
 6780.000000 6.018464 1.554093 2.996245
 6783.000000 5.938543 1.557478 2.985281
 6786.000000 5.952233 1.554522 2.976268
 6789.000000 6.006345 1.566660 2.991129
 6792.000000 5.852449 1.548479 3.025164
 6795.000000 5.910232 1.519784 3.038643
 6798.000000 5.918096 1.547539 3.016784
 6801.000000 5.945003 1.561958 2.995787
 6804.000000 5.946601 1.560823 2.999234
 6807.000000 6.012988 1.598542 2.954942
 6810.000000 5.977062 1.578974 3.006207
 6813.000000 5.998329 1.593105 2.980820
 6816.000000 6.017055 1.580842 2.987667
 6819.000000 6.067295 1.593923 2.963935
 6822.000000 5.903832 1.560737 2.987289
 6825.000000 6.044231 1.550517 3.077715
 6828.000000 5.930139 1.574866 3.071700
 6831.000000 5.891214 1.577563 3.049936
 6834.000000 5.915593 1.579542 3.054920
 6837.000000 5.870041 1.554952 3.024951
 6840.000000 5.882221 1.538953 3.010175
 6843.000000 5.873071 1.549544 2.982854
 6846.000000 5.883121 1.546619 3.000389
 6849.000000 5.829449 1.552231 2.998650
 6852.000000 5.920592 1.575520 2.994801
 6855.000000 5.924389 1.577016 2.998660
 6858.000000 5.965031 1.577022 2.994286
 6861.000000 5.903249 1.591266 2.986136
 6864.000000 5.977249 1.587482 3.001914
 6867.000000 5.982664 1.591801 2.993699
 6870.000000 5.929719 1.564385 3.005491
 6873.000000 5.919179 1.570549 3.007141
 6876.000000 5.945653 1.574401 2.980494
 6879.000000 5.980630 1.544214 2.998898
 6882.000000 5.932814 1.525409 2.987161
 6885.000000 5.924504 1.513705 2.983570
 6888.000000 5.908057 1.528319 2.969588
 6891.000000 5.897274 1.564142 2.955550
 6894.000000 5.875716 1.542030 2.976309
 6897.000000 5.897931 1.551117 3.010737
 6900.000000 5.882953 1.544944 2.999990
 6903.000000 5.927717 1.521388 3.003206
 6906.000000 5.905828 1.520451 2.976643
 6909.000000 5.879560 1.502779 3.000643
 6912.000000 5.903229 1.539692 2.967542
 6915.000000 5.924239 1.521623 2.981047
 6918.000000 5.896276 1.522824 2.951541
 6921.000000 5.916317 1.517402 2.945828
 6924.000000 5.835676 1.488359 2.962543
 6927.000000 5.878846 1.490638 3.005917
 6930.000000 5.878302 1.480344 3.002603
 6933.000000 5.866788 1.496660 2.984660
 6936.000000 5.912457 1.510902 2.960751
 6939.000000 5.909519 1.478183 2.984073
 6942.000000 5.843388 1.528799 2.962277
 6945.000000 5.738101 1.522850 2.945228
 6948.000000 5.772952 1.494999 2.958366
 6951.000000 5.846107 1.523270 2.941775
 6954.000000 5.874802 1.526037 2.970834
 6957.000000 5.915543 1.544255 2.942123
 6960.000000 5.868627 1.540250 2.956109
 6963.000000 5.877282 1.532793 2.964957
 6966.000000 5.872183 1.526720 2.973985
 6969.000000 5.969279 1.537693 2.966370
 6972.000000 5.855170 1.512868 2.982401
 6975.000000 5.953210 1.566354 2.958012
 6978.000000 5.888823 1.526332 2.997098
 6981.000000 5.822245 1.516978 3.024051
 6984.000000 5.916509 1.520094 3.017060
 6987.000000 5.955351 1.525290 3.016444
 6990.000000 6.010467 1.506216 3.031010
 6993.000000 6.030170 1.546885 2.989545
 6996.000000 6.011833 1.555357 2.955767
 6999.000000 6.030675 1.529046 2.996806
 7002.000000 5.970702 1.518788 2.987587
 7005.000000 5.920608 1.526130 2.982044
 7008.000000 5.924137 1.539092 2.989893
 7011.000000 5.976368 1.555793 2.974508
 7014.000000 6.020151 1.544056 2.989553
 7017.000000 6.007800 1.555268 2.972058
 7020.000000 6.004163 1.536689 2.982300
 7023.000000 6.053384 1.562284 2.988790
 7026.000000 5.990080 1.557093 2.998733
 7029.000000 6.051125 1.549855 2.968221
 7032.000000 5.952540 1.546280 2.943231
 7035.000000 5.983819 1.545479 2.986363
 7038.000000 5.980270 1.527428 3.000585
 7041.000000 6.005643 1.550919 2.948503
 7044.000000 6.053808 1.517469 3.008557
 7047.000000 5.998552 1.529499 3.012710
 7050.000000 5.980050 1.530863 3.025827
 7053.000000 5.903495 1.547368 2.960976
 7056.000000 5.884157 1.543327 2.968621
 7059.000000 5.944157 1.515294 3.025312
 7062.000000 5.911290 1.526519 3.015095
 7065.000000 5.942864 1.547711 2.993263
 7068.000000 5.981285 1.568850 2.958254
 7071.000000 5.955343 1.533056 3.026183
 7074.000000 5.949820 1.568523 2.981430
 7077.000000 5.926298 1.577024 2.977041
 7080.000000 5.926271 1.599708 2.946831
 7083.000000 5.890925 1.547299 2.962438
 7086.000000 5.936809 1.569267 2.951702
 7089.000000 5.936491 1.547096 2.984311
 7092.000000 5.957674 1.584867 2.956938
 7095.000000 5.958532 1.604207 2.949604
 7098.000000 6.003998 1.546242 3.008729
 7101.000000 5.941457 1.551561 2.971771
 7104.000000 5.971315 1.596001 2.960217
 7107.000000 5.976083 1.568891 2.954881
 7110.000000 5.970977 1.577355 2.952598
 7113.000000 5.975282 1.588744 2.954532
 7116.000000 5.964143 1.560696 2.979359
 7119.000000 5.938696 1.591756 2.924186
 7122.000000 6.005237 1.592418 2.907219
 7125.000000 6.048010 1.547827 2.934888
 7128.000000 5.984667 1.539500 2.919675
 7131.000000 6.015789 1.541832 2.930290
 7134.000000 6.021944 1.535893 2.909115
 7137.000000 6.045774 1.543224 2.917907
 7140.000000 6.043658 1.547547 2.925932
 7143.000000 5.972813 1.542484 2.927525
 7146.000000 5.952305 1.536940 2.973865
 7149.000000 5.927627 1.560366 2.974926
 7152.000000 6.012023 1.536298 2.950050
 7155.000000 5.999604 1.518102 2.941742
 7158.000000 5.947470 1.532846 2.976172
 7161.000000 5.961032 1.549231 2.939893
 7164.000000 5.982341 1.564683 2.924487
 7167.000000 5.962586 1.560148 2.968699
 7170.000000 6.025016 1.530519 3.000347
 7173.000000 5.985922 1.564812 2.986113
 7176.000000 5.968893 1.570604 3.001222
 7179.000000 5.903878 1.557576 2.962114
 7182.000000 5.949012 1.604540 2.950267
 7185.000000 5.985005 1.614985 2.981384
 7188.000000 5.896503 1.603549 2.959574
 7191.000000 5.881069 1.608531 2.919867
 7194.000000 5.890606 1.561214 2.941275
 7197.000000 5.880600 1.585880 2.937821
 7200.000000 5.860558 1.579007 2.991972
 7203.000000 5.850615 1.568534 3.011088
 7206.000000 5.878241 1.571982 3.030369
 7209.000000 5.899003 1.578832 3.022835
 7212.000000 5.885166 1.607894 2.991478
 7215.000000 5.907353 1.625741 2.976606
 7218.000000 5.972925 1.615379 2.976027
 7221.000000 5.928781 1.609910 2.964467
 7224.000000 5.924981 1.585117 2.996309
 7227.000000 5.878106 1.592141 2.973322
 7230.000000 5.918317 1.586334 2.979338
 7233.000000 5.953001 1.601853 2.989500
 7236.000000 5.887390 1.592476 2.978508
 7239.000000 5.939283 1.579384 2.983651
 7242.000000 5.926130 1.596908 2.959889
 7245.000000 5.930079 1.605968 2.998977
 7248.000000 5.902380 1.582724 3.009700
 7251.000000 5.913586 1.572201 2.978382
 7254.000000 5.875127 1.549168 2.952715
 7257.000000 5.922862 1.572498 2.983437
 7260.000000 5.926058 1.590282 2.973311
 7263.000000 6.057261 1.582525 2.987504
 7266.000000 5.976747 1.566366 2.993111
 7269.000000 5.982892 1.588904 2.955743
 7272.000000 6.002682 1.569489 2.984920
 7275.000000 5.969323 1.565173 2.988241
 7278.000000 6.010809 1.563048 2.978729
 7281.000000 5.967125 1.574202 2.975315
 7284.000000 5.880841 1.556726 2.980596
 7287.000000 5.856814 1.537210 2.983536
 7290.000000 5.889144 1.560409 2.923932
 7293.000000 5.869763 1.577798 2.901129
 7296.000000 6.039807 1.595137 2.950128
 7299.000000 6.036393 1.566919 2.990816
 7302.000000 6.125735 1.586007 2.964228
 7305.000000 6.049827 1.584228 2.926800
 7308.000000 6.046665 1.604128 2.910075
 7311.000000 6.085435 1.613957 2.900581
 7314.000000 6.039561 1.612736 2.907906
 7317.000000 6.029745 1.601322 2.937392
 7320.000000 6.015212 1.592001 2.947224
 7323.000000 5.984108 1.593553 2.951605
 7326.000000 5.969060 1.591954 2.948771
 7329.000000 6.029870 1.611645 2.906980
 7332.000000 6.035014 1.586963 2.966510
 7335.000000 6.030560 1.594320 2.953308
 7338.000000 5.962510 1.597402 2.972601
 7341.000000 5.961638 1.621838 2.986014
 7344.000000 5.994892 1.627938 2.987590
 7347.000000 5.992873 1.607291 2.983044
 7350.000000 5.996088 1.610590 2.979061
 7353.000000 5.914409 1.611709 2.978460
 7356.000000 5.972406 1.611242 3.010856
 7359.000000 5.891929 1.618501 2.994823
 7362.000000 5.895028 1.606403 3.005665
 7365.000000 5.928505 1.627378 3.011784
 7368.000000 5.882627 1.606042 3.006837
 7371.000000 5.790532 1.616536 2.984645
 7374.000000 5.846212 1.569424 3.013648
 7377.000000 5.843857 1.584811 3.008951
 7380.000000 5.856229 1.562705 3.012091
 7383.000000 5.845723 1.583760 3.006482
 7386.000000 5.908485 1.603143 2.992120
 7389.000000 5.959185 1.566435 2.993935
 7392.000000 5.892020 1.573521 2.986040
 7395.000000 5.937259 1.551075 2.998316
 7398.000000 5.949584 1.552581 2.941708
 7401.000000 5.960428 1.538159 2.981077
 7404.000000 5.953837 1.541475 2.966357
 7407.000000 5.965883 1.533828 2.983942
 7410.000000 6.044014 1.531545 3.009019
 7413.000000 6.000521 1.537287 2.983584
 7416.000000 6.038627 1.544545 2.987697
 7419.000000 6.085237 1.554492 3.026966
 7422.000000 6.041127 1.547764 3.029091
 7425.000000 5.970938 1.523390 3.011598
 7428.000000 6.017306 1.517829 3.026993
 7431.000000 5.955573 1.547694 3.011111
 7434.000000 5.941049 1.526375 3.012343
 7437.000000 6.069857 1.543238 2.968584
 7440.000000 6.002289 1.521526 2.966343
 7443.000000 5.990044 1.512899 2.981928
 7446.000000 6.074660 1.538667 2.974451
 7449.000000 6.095846 1.542143 2.992067
 7452.000000 6.131151 1.547153 2.998199
 7455.000000 6.042518 1.519942 3.007783
 7458.000000 6.054036 1.529611 2.986134
 7461.000000 6.043427 1.508396 2.978732
 7464.000000 5.986689 1.510716 3.017281
 7467.000000 5.955365 1.510775 3.028352
 7470.000000 5.934702 1.501977 3.028507
 7473.000000 5.941092 1.525046 3.028037
 7476.000000 5.919090 1.510028 3.009980
 7479.000000 5.891212 1.508841 2.994316
 7482.000000 5.889132 1.498008 3.013400
 7485.000000 5.936233 1.517276 2.996868
 7488.000000 5.945009 1.530352 2.985022
 7491.000000 5.974954 1.530760 2.969403
 7494.000000 5.992561 1.546601 2.968304
 7497.000000 6.038491 1.557088 2.995013
 7500.000000 5.962028 1.551010 3.003710
 7503.000000 5.982919 1.542201 2.975126
 7506.000000 5.948496 1.552131 2.970622
 7509.000000 6.016563 1.523833 2.981037
 7512.000000 5.954216 1.534027 2.983065
 7515.000000 6.019880 1.533375 2.978609
 7518.000000 6.043310 1.535340 2.977256
 7521.000000 6.067787 1.525372 2.979773
 7524.000000 6.006710 1.533624 2.954279
 7527.000000 6.022340 1.535991 2.982569
 7530.000000 6.032140 1.539848 2.978255
 7533.000000 6.047401 1.530200 2.980783
 7536.000000 6.119782 1.534299 2.954542
 7539.000000 6.014735 1.544271 2.952979
 7542.000000 6.032618 1.549256 2.940114
 7545.000000 5.976122 1.554606 2.977771
 7548.000000 6.005278 1.561421 2.975781
 7551.000000 6.068154 1.544540 2.966269
 7554.000000 6.078206 1.557415 2.982173
 7557.000000 5.985277 1.523720 2.998116
 7560.000000 6.024148 1.508265 3.008787
 7563.000000 5.985712 1.514293 3.006336
 7566.000000 5.996211 1.503547 2.999416
 7569.000000 6.018311 1.501489 3.023564
 7572.000000 6.042515 1.536611 2.989547
 7575.000000 6.048955 1.537344 3.020705
 7578.000000 6.099190 1.565640 2.979043
 7581.000000 6.057938 1.548256 2.997545
 7584.000000 6.025339 1.569697 2.968232
 7587.000000 6.075137 1.578305 2.969573
 7590.000000 6.056702 1.576596 2.999684
 7593.000000 6.009623 1.582842 2.993537
 7596.000000 6.116990 1.598035 2.991574
 7599.000000 6.084096 1.585841 2.984310
 7602.000000 5.999387 1.569084 2.944497
 7605.000000 5.929237 1.576625 2.935851
 7608.000000 5.975052 1.582782 2.915773
 7611.000000 5.893627 1.600532 2.900592
 7614.000000 5.968984 1.575458 2.922119
 7617.000000 6.004043 1.572399 2.931794
 7620.000000 6.125245 1.599534 2.909866
 7623.000000 6.098596 1.583793 2.916334
 7626.000000 6.195988 1.601441 2.920944
 7629.000000 6.134138 1.565965 2.936171
 7632.000000 6.015349 1.567995 2.928697
 7635.000000 6.096053 1.547909 2.975063
 7638.000000 6.067957 1.576957 2.948865
 7641.000000 6.097872 1.579105 2.961827
 7644.000000 6.067702 1.555378 2.955364
 7647.000000 6.118517 1.579331 2.917389
 7650.000000 6.061059 1.569975 2.950199
 7653.000000 6.093169 1.563072 2.929736
 7656.000000 6.136463 1.574485 2.924062
 7659.000000 6.069488 1.545438 2.951034
 7662.000000 6.024218 1.531827 2.937446
 7665.000000 6.072712 1.512148 2.963640
 7668.000000 6.065830 1.504338 2.970732
 7671.000000 6.112642 1.537319 2.941747
 7674.000000 6.118807 1.565380 2.907689
 7677.000000 5.994198 1.535075 2.960447
 7680.000000 5.996136 1.527970 3.002362
 7683.000000 6.016792 1.544893 2.960055
 7686.000000 6.044441 1.517758 3.004194
 7689.000000 6.063725 1.522004 2.982418
 7692.000000 6.057334 1.531648 2.989527
 7695.000000 5.953612 1.522121 3.005883
 7698.000000 5.959679 1.536149 2.972527
 7701.000000 5.902364 1.507770 2.988157
 7704.000000 5.862618 1.537597 2.962672
 7707.000000 5.850005 1.515537 2.989188
 7710.000000 5.885246 1.536785 2.979597
 7713.000000 5.976785 1.565933 2.935931
 7716.000000 5.924983 1.541523 2.951310
 7719.000000 5.886517 1.535282 2.952402
 7722.000000 5.877515 1.546326 2.956228
 7725.000000 5.958210 1.550931 2.928195
 7728.000000 5.964716 1.557323 2.950846
 7731.000000 5.957550 1.539228 2.984478
 7734.000000 6.049527 1.587657 2.955715
 7737.000000 6.103793 1.588624 2.964960
 7740.000000 6.040111 1.595716 2.974999
 7743.000000 5.970975 1.555532 2.965893
 7746.000000 5.957877 1.538085 3.016342
 7749.000000 5.964751 1.550869 2.988944
 7752.000000 6.045235 1.553004 2.993142
 7755.000000 6.079372 1.539860 2.986544
 7758.000000 6.026497 1.524098 2.988497
 7761.000000 6.042155 1.524465 3.004152
 7764.000000 6.024779 1.507852 3.023475
 7767.000000 6.057143 1.509913 3.003857
 7770.000000 6.056564 1.509775 2.990551
 7773.000000 5.999347 1.514761 2.987856
 7776.000000 6.038218 1.518158 2.967052
 7779.000000 5.997316 1.519009 2.946188
 7782.000000 6.013935 1.538909 2.958237
 7785.000000 6.002292 1.530536 2.961508
 7788.000000 6.047061 1.510425 2.992103
 7791.000000 6.056231 1.511601 2.986253
 7794.000000 6.133581 1.510897 2.956273
 7797.000000 6.132438 1.534742 2.963591
 7800.000000 6.041136 1.534297 2.961450
 7803.000000 5.986054 1.527348 2.970424
 7806.000000 5.997276 1.504628 2.990523
 7809.000000 6.019148 1.472495 3.044163
 7812.000000 6.047748 1.484383 3.012532
 7815.000000 6.080349 1.512451 2.964400
 7818.000000 6.183786 1.534830 2.948540
 7821.000000 6.197272 1.509496 2.990302
 7824.000000 6.101987 1.491950 3.020518
 7827.000000 6.093860 1.507206 3.029986
 7830.000000 6.114981 1.526909 3.013874
 7833.000000 6.142287 1.521042 2.970763
 7836.000000 6.107526 1.521798 2.995322
 7839.000000 6.112509 1.551391 2.954736
 7842.000000 6.069508 1.511107 2.965904
 7845.000000 6.065014 1.542921 2.942526
 7848.000000 6.066089 1.525183 2.964922
 7851.000000 6.124854 1.540746 2.958915
 7854.000000 6.113701 1.548442 2.962615
 7857.000000 6.134971 1.539690 2.978751
 7860.000000 6.118141 1.524927 2.986787
 7863.000000 6.095588 1.523196 2.980849
 7866.000000 6.047459 1.520548 2.994343
 7869.000000 6.027893 1.530797 2.988380
 7872.000000 6.001901 1.536159 2.956546
 7875.000000 5.988758 1.540221 2.936287
 7878.000000 6.037921 1.551668 2.933487
 7881.000000 6.038248 1.531475 2.928753
 7884.000000 5.996009 1.524146 2.963317
 7887.000000 6.077245 1.529591 2.955890
 7890.000000 6.072217 1.537117 2.981037
 7893.000000 6.032743 1.525228 2.989249
 7896.000000 6.100960 1.528354 3.032452
 7899.000000 6.088268 1.516369 3.023092
 7902.000000 6.111781 1.510651 2.984144
 7905.000000 5.947323 1.514160 2.960591
 7908.000000 5.987829 1.534109 2.986398
 7911.000000 5.976115 1.531738 2.978230
 7914.000000 5.909693 1.524928 2.969537
 7917.000000 5.975957 1.534363 2.949199
 7920.000000 5.949277 1.539141 2.947359
 7923.000000 5.988811 1.529747 2.954638
 7926.000000 6.031869 1.527138 2.974110
 7929.000000 5.957896 1.547086 3.002517
 7932.000000 6.051830 1.529691 3.012023
 7935.000000 6.058722 1.540286 3.003037
 7938.000000 6.049361 1.529203 2.983498
 7941.000000 6.022952 1.540928 2.953798
 7944.000000 6.070190 1.567968 2.947638
 7947.000000 6.058221 1.562256 2.948631
 7950.000000 6.026121 1.588280 2.954546
 7953.000000 6.046820 1.560728 2.993891
 7956.000000 5.952477 1.545139 3.012593
 7959.000000 5.949697 1.531106 3.009709
 7962.000000 5.974805 1.533268 2.971424
 7965.000000 5.962837 1.517101 2.999541
 7968.000000 5.914007 1.520817 3.029241
 7971.000000 5.998394 1.532959 2.976658
 7974.000000 5.883812 1.521523 2.957412
 7977.000000 5.912148 1.483048 2.942535
 7980.000000 5.876413 1.494223 2.969870
 7983.000000 5.898366 1.495346 3.015337
 7986.000000 5.874764 1.497004 3.027184
 7989.000000 5.948010 1.498085 3.042546
 7992.000000 5.999815 1.526487 3.016977
 7995.000000 6.006029 1.530942 3.011031
 7998.000000 5.990775 1.512830 3.010680
 8001.000000 6.037143 1.530611 2.958188
 8004.000000 6.026833 1.520832 2.989745
 8007.000000 6.101301 1.550075 2.970537
 8010.000000 6.032013 1.541481 2.986993
 8013.000000 6.014856 1.548158 2.943292
 8016.000000 6.033845 1.561804 2.960027
 8019.000000 5.989675 1.546587 2.970966
 8022.000000 6.080542 1.559224 2.960460
 8025.000000 6.018810 1.568435 2.974217
 8028.000000 5.976368 1.568575 2.956971
 8031.000000 5.950188 1.536310 2.982689
 8034.000000 5.918431 1.521253 3.019029
 8037.000000 6.000973 1.544018 3.025117
 8040.000000 5.988636 1.551765 2.982679
 8043.000000 5.985693 1.550371 2.987755
 8046.000000 5.938052 1.573189 2.983123
 8049.000000 5.964145 1.566241 2.993034
 8052.000000 5.982823 1.578283 3.017504
 8055.000000 6.030527 1.576036 3.002048
 8058.000000 6.040507 1.598043 2.980481
 8061.000000 6.070869 1.560060 2.978315
 8064.000000 6.040316 1.566030 2.965713
 8067.000000 6.067030 1.568090 2.946621
 8070.000000 5.996122 1.553398 2.962716
 8073.000000 5.969107 1.541136 2.951906
 8076.000000 6.001649 1.546195 2.938776
 8079.000000 5.960399 1.552983 2.933600
 8082.000000 6.066515 1.549285 2.967274
 8085.000000 6.069302 1.532454 2.958042
 8088.000000 6.064362 1.565786 2.951743
 8091.000000 6.083142 1.548923 2.951805
 8094.000000 6.096833 1.567968 2.974836
 8097.000000 6.151306 1.562726 3.007993
 8100.000000 6.144886 1.544668 3.033280
 8103.000000 6.178181 1.552902 2.999178
 8106.000000 6.098617 1.553601 2.962295
 8109.000000 6.118292 1.539791 2.974591
 8112.000000 6.031285 1.524542 2.983961
 8115.000000 6.107482 1.553357 2.974458
 8118.000000 6.153089 1.568477 2.936583
 8121.000000 6.140504 1.543497 2.969769
 8124.000000 6.091805 1.574905 2.959924
 8127.000000 6.080431 1.554168 2.988603
 8130.000000 6.071811 1.563295 2.990436
 8133.000000 6.071007 1.577954 2.981175
 8136.000000 5.936041 1.554707 2.995705
 8139.000000 6.057515 1.560698 2.967006
 8142.000000 6.053280 1.525759 2.984251
 8145.000000 6.145949 1.534143 3.016746
 8148.000000 6.083782 1.493160 3.004704
 8151.000000 6.016229 1.522086 3.005161
 8154.000000 6.069133 1.526076 3.015008
 8157.000000 6.086999 1.537107 3.007784
 8160.000000 5.980088 1.498802 2.999452
 8163.000000 6.003733 1.512113 3.000757
 8166.000000 5.991373 1.504893 2.995714
 8169.000000 5.983891 1.509441 2.996244
 8172.000000 5.937186 1.505571 3.006263
 8175.000000 6.005907 1.540515 2.978851
 8178.000000 6.051259 1.511564 3.013363
 8181.000000 5.989842 1.510767 3.005378
 8184.000000 6.041741 1.526725 2.997843
 8187.000000 6.016035 1.503901 3.015166
 8190.000000 6.043641 1.507399 3.012296
 8193.000000 5.996445 1.514420 2.976276
 8196.000000 5.937917 1.501256 3.008195
 8199.000000 5.926400 1.529309 2.971587
 8202.000000 5.926050 1.532054 2.976887
 8205.000000 5.924582 1.529262 2.989654
 8208.000000 5.999005 1.511816 2.960576
 8211.000000 6.076148 1.518881 2.931498
 8214.000000 6.059741 1.511358 2.935412
 8217.000000 6.144320 1.523981 2.918711
 8220.000000 6.175613 1.513628 2.943999
 8223.000000 6.095855 1.510598 2.908893
 8226.000000 6.042288 1.523085 2.919631
 8229.000000 6.071436 1.526855 2.915773
 8232.000000 6.069470 1.516784 2.949372
 8235.000000 6.071974 1.523464 2.916202
 8238.000000 6.018690 1.526810 2.895376
 8241.000000 5.959608 1.549980 2.874111
 8244.000000 5.975815 1.515808 2.904822
 8247.000000 6.021424 1.502132 2.916435
 8250.000000 6.069770 1.508534 2.922127
 8253.000000 6.139975 1.516857 2.926630
 8256.000000 6.158171 1.549142 2.936930
 8259.000000 6.062007 1.539808 2.946675
 8262.000000 6.082595 1.544761 2.919794
 8265.000000 6.050731 1.545054 2.943008
 8268.000000 6.092306 1.525729 2.949376
 8271.000000 6.146230 1.530458 2.945619
 8274.000000 6.146105 1.564321 2.914428
 8277.000000 6.100362 1.564205 2.913681
 8280.000000 6.191996 1.582242 2.893288
 8283.000000 6.053967 1.538853 2.954742
 8286.000000 6.055315 1.535597 2.951836
 8289.000000 6.019387 1.523380 2.983329
 8292.000000 6.045691 1.556769 2.945778
 8295.000000 6.159926 1.562810 2.913531
 8298.000000 6.123456 1.560959 2.931621
 8301.000000 6.096768 1.574901 2.903950
 8304.000000 6.135298 1.595251 2.895084
 8307.000000 6.180530 1.583427 2.933555
 8310.000000 6.108106 1.575057 2.929747
 8313.000000 6.101710 1.556293 2.967707
 8316.000000 6.138635 1.571056 2.958078
 8319.000000 6.176578 1.570736 2.958316
 8322.000000 6.163198 1.551431 2.999873
 8325.000000 6.142127 1.551635 3.007617
 8328.000000 6.102139 1.566461 2.969438
 8331.000000 6.118524 1.562767 2.987729
 8334.000000 6.096831 1.564646 2.959559
 8337.000000 6.085584 1.578070 2.946423
 8340.000000 6.064645 1.553761 2.945812
 8343.000000 6.018923 1.577347 2.937643
 8346.000000 6.009177 1.557927 2.961575
 8349.000000 6.048076 1.545113 2.979411
 8352.000000 5.988814 1.516697 2.996816
 8355.000000 5.994878 1.555497 2.971590
 8358.000000 5.991057 1.560567 2.931853
 8361.000000 6.030891 1.545525 3.011359
 8364.000000 6.084706 1.524182 3.006773
 8367.000000 6.056860 1.505650 2.995149
 8370.000000 6.017368 1.499996 3.009039
 8373.000000 5.956137 1.496357 2.992746
 8376.000000 5.974033 1.529639 2.963375
 8379.000000 5.908599 1.538430 2.935059
 8382.000000 5.998999 1.520588 2.964922
 8385.000000 5.959565 1.519504 2.929253
 8388.000000 6.067867 1.506133 2.929811
 8391.000000 6.151567 1.507394 2.939958
 8394.000000 6.194021 1.476070 2.946728
 8397.000000 6.221232 1.499622 2.960829
 8400.000000 6.259268 1.521228 2.984063
 8403.000000 6.205741 1.544654 2.987999
 8406.000000 6.174428 1.554767 2.966322
 8409.000000 6.071519 1.540931 2.996184
 8412.000000 6.035198 1.512468 3.038148
 8415.000000 6.006090 1.508123 3.035407
 8418.000000 6.033111 1.508881 3.001714
 8421.000000 5.940139 1.497090 3.016873
 8424.000000 5.960045 1.525734 2.991381
 8427.000000 5.920123 1.543455 2.953154
 8430.000000 5.880920 1.529070 2.998017
 8433.000000 5.875580 1.511809 2.988793
 8436.000000 5.933027 1.560033 2.947469
 8439.000000 5.961126 1.545686 2.990384
 8442.000000 5.866095 1.556587 2.962956
 8445.000000 5.861032 1.566885 2.969174
 8448.000000 5.910466 1.563369 3.005001
 8451.000000 5.883523 1.556883 2.991839
 8454.000000 5.864281 1.550693 3.003804
 8457.000000 5.851907 1.556858 2.979090
 8460.000000 5.851080 1.549375 2.994305
 8463.000000 5.852422 1.555542 2.999415
 8466.000000 5.866672 1.535051 3.002106
 8469.000000 5.848175 1.500517 3.039844
 8472.000000 5.944206 1.500441 3.011434
 8475.000000 5.971536 1.497668 3.006072
 8478.000000 6.033851 1.518002 3.020561
 8481.000000 6.054544 1.512090 3.009734
 8484.000000 6.003321 1.508829 3.001868
 8487.000000 5.993993 1.522858 2.983916
 8490.000000 5.985329 1.552927 2.979361
 8493.000000 5.983949 1.564069 2.955990
 8496.000000 5.967568 1.534335 2.950429
 8499.000000 6.004687 1.552242 2.932162
 8502.000000 6.059638 1.578344 2.913288
 8505.000000 5.979526 1.527342 2.955378
 8508.000000 5.958855 1.532390 2.962449
 8511.000000 6.058298 1.521119 2.959607
 8514.000000 6.040606 1.529444 2.936609
 8517.000000 6.101060 1.526007 2.945849
 8520.000000 6.032668 1.539168 2.909202
 8523.000000 6.019794 1.527517 2.918120
 8526.000000 5.979433 1.520842 2.901297
 8529.000000 5.991740 1.487573 2.910181
 8532.000000 5.975304 1.461060 2.958026
 8535.000000 5.984222 1.463648 2.968659
 8538.000000 6.026093 1.470722 2.957852
 8541.000000 6.063424 1.479257 2.936731
 8544.000000 6.099548 1.486677 2.935458
 8547.000000 6.031961 1.486172 2.933564
 8550.000000 5.981402 1.489845 2.924193
 8553.000000 5.981191 1.503003 2.924355
 8556.000000 6.017403 1.484032 2.949841
 8559.000000 6.033078 1.497615 2.960043
 8562.000000 5.997304 1.476051 2.974011
 8565.000000 6.001717 1.482101 2.983027
 8568.000000 6.091923 1.462793 3.016833
 8571.000000 6.163864 1.482810 3.032224
 8574.000000 6.129992 1.509444 2.965886
 8577.000000 6.115349 1.476891 2.994667
 8580.000000 6.186924 1.509005 2.967923
 8583.000000 6.128645 1.495114 2.947903
 8586.000000 6.105047 1.509832 2.929238
 8589.000000 6.097829 1.488237 2.943623
 8592.000000 6.100969 1.524800 2.919718
 8595.000000 6.120713 1.513713 2.931623
 8598.000000 6.068416 1.513197 2.955220
 8601.000000 6.021416 1.507918 2.971782
 8604.000000 6.036169 1.516256 2.953297
 8607.000000 5.967002 1.504179 2.969871
 8610.000000 5.927129 1.506875 2.965624
 8613.000000 5.951481 1.528983 2.950508
 8616.000000 5.923762 1.523698 2.976287
 8619.000000 5.892135 1.522902 2.952892
 8622.000000 5.926891 1.512590 2.976986
 8625.000000 5.931097 1.546964 2.986661
 8628.000000 6.023374 1.549897 2.975032
 8631.000000 5.997531 1.552234 2.946624
 8634.000000 5.908150 1.543793 2.960348
 8637.000000 5.893818 1.524028 2.976576
 8640.000000 5.965266 1.517910 2.971198
 8643.000000 5.976469 1.520020 2.947467
 8646.000000 6.017890 1.515815 2.932540
 8649.000000 6.049696 1.508772 2.957628
 8652.000000 5.990968 1.517169 2.997709
 8655.000000 5.992737 1.517072 2.979454
 8658.000000 5.959073 1.513598 2.968293
 8661.000000 5.961282 1.499049 2.996377
 8664.000000 5.951645 1.489904 2.999808
 8667.000000 5.916993 1.506343 2.931515
 8670.000000 5.957796 1.471359 2.912171
 8673.000000 5.948900 1.471747 2.936718
 8676.000000 5.880077 1.509249 2.894751
 8679.000000 5.807117 1.547139 2.866319
 8682.000000 5.851595 1.533139 2.897540
 8685.000000 5.963753 1.542123 2.917276
 8688.000000 5.987669 1.521550 2.912032
 8691.000000 5.982684 1.516145 2.944125
 8694.000000 6.068964 1.550262 2.928357
 8697.000000 6.070406 1.516670 2.974213
 8700.000000 6.016781 1.528318 2.934873
 8703.000000 6.049551 1.505741 2.940248
 8706.000000 6.041561 1.491752 2.982788
 8709.000000 6.004115 1.483991 2.969371
 8712.000000 5.951568 1.499262 2.938256
 8715.000000 5.901035 1.490960 2.916626
 8718.000000 5.885010 1.489170 2.933804
 8721.000000 5.934332 1.494730 2.940606
 8724.000000 5.863054 1.468956 2.970705
 8727.000000 5.880198 1.488212 2.969240
 8730.000000 5.872642 1.506032 2.935785
 8733.000000 5.847590 1.514699 2.927586
 8736.000000 5.845377 1.494073 2.937104
 8739.000000 5.881545 1.507499 2.957699
 8742.000000 5.825080 1.513954 2.956341
 8745.000000 5.885682 1.529666 2.951894
 8748.000000 5.857838 1.531935 2.941519
 8751.000000 5.928581 1.526473 2.959905
 8754.000000 5.881737 1.516314 2.942142
 8757.000000 5.890727 1.538303 2.941925
 8760.000000 5.938069 1.541719 2.956202
 8763.000000 5.843008 1.550008 2.930560
 8766.000000 5.877926 1.531914 2.974564
 8769.000000 5.903316 1.542404 2.951211
 8772.000000 5.945067 1.544858 2.938815
 8775.000000 5.876725 1.534309 2.940796
 8778.000000 5.828058 1.549192 2.930435
 8781.000000 5.834993 1.524034 2.967963
 8784.000000 5.910788 1.538618 2.957795
 8787.000000 6.001150 1.555607 2.905125
 8790.000000 5.895740 1.514284 2.926901
 8793.000000 5.985440 1.510605 2.930059
 8796.000000 6.021410 1.518588 2.940539
 8799.000000 5.904577 1.517702 2.956693
 8802.000000 5.938528 1.539522 2.948693
 8805.000000 5.985124 1.551167 2.935457
 8808.000000 6.036270 1.523006 2.974957
 8811.000000 6.040801 1.507755 2.967835
 8814.000000 6.043814 1.522505 2.946427
 8817.000000 6.131365 1.530352 2.955332
 8820.000000 6.132849 1.525091 2.936986
 8823.000000 6.015532 1.496982 2.961400
 8826.000000 6.093713 1.512692 2.957884
 8829.000000 6.105079 1.519175 2.953826
 8832.000000 6.186889 1.544003 2.971176
 8835.000000 6.185148 1.551509 2.923336
 8838.000000 6.159725 1.561860 2.929173
 8841.000000 6.088251 1.549325 2.928899
 8844.000000 6.195167 1.556330 2.912448
 8847.000000 6.139414 1.538099 2.928710
 8850.000000 6.154314 1.536447 2.933174
 8853.000000 6.123022 1.555172 2.903043
 8856.000000 6.086787 1.525030 2.928376
 8859.000000 6.028309 1.503108 2.957180
 8862.000000 5.973434 1.516355 2.932380
 8865.000000 5.929469 1.525813 2.920441
 8868.000000 5.989843 1.510323 2.934745
 8871.000000 5.971444 1.516542 2.916539
 8874.000000 5.957898 1.509657 2.928259
 8877.000000 5.951944 1.504991 2.912587
 8880.000000 5.969920 1.516144 2.899172
 8883.000000 5.936435 1.511821 2.907840
 8886.000000 5.890430 1.549016 2.922357
 8889.000000 5.930962 1.579400 2.866397
 8892.000000 5.971605 1.540425 2.904747
 8895.000000 5.932743 1.506573 2.933623
 8898.000000 6.013972 1.515400 2.914811
 8901.000000 5.955519 1.559615 2.903071
 8904.000000 5.943684 1.536156 2.938649
 8907.000000 5.957404 1.522331 2.966988
 8910.000000 5.939477 1.523396 2.958996
 8913.000000 5.959651 1.518754 2.953155
 8916.000000 6.062575 1.565968 2.918447
 8919.000000 6.012381 1.567040 2.931565
 8922.000000 6.058138 1.539880 2.957071
 8925.000000 6.076502 1.564702 2.955677
 8928.000000 6.065619 1.549370 2.928844
 8931.000000 6.041868 1.553411 2.931733
 8934.000000 6.059855 1.538817 2.963461
 8937.000000 6.119669 1.531559 2.954549
 8940.000000 6.093501 1.529948 2.950657
 8943.000000 6.102560 1.538586 2.955103
 8946.000000 6.109668 1.544642 2.962235
 8949.000000 6.075727 1.550848 2.945459
 8952.000000 5.981828 1.529645 2.946934
 8955.000000 6.034292 1.561736 2.920663
 8958.000000 5.998440 1.542536 2.905608
 8961.000000 5.984484 1.534516 2.909453
 8964.000000 6.038554 1.538172 2.913401
 8967.000000 6.056089 1.570557 2.915674
 8970.000000 6.021492 1.562157 2.941787
 8973.000000 6.060938 1.522708 2.960982
 8976.000000 6.029755 1.536790 2.943054
 8979.000000 5.979446 1.503916 2.952607
 8982.000000 6.054127 1.499665 2.919762
 8985.000000 6.107961 1.499963 2.935605
 8988.000000 6.164821 1.511748 2.936946
 8991.000000 6.146933 1.491706 2.973094
 8994.000000 6.080128 1.486057 2.936462
 8997.000000 6.124322 1.498239 2.889593
 9000.000000 6.100682 1.458779 2.943135
 9003.000000 6.044225 1.488007 2.969494
 9006.000000 5.981583 1.466516 2.958799
 9009.000000 6.047673 1.467177 2.990416
 9012.000000 6.039675 1.466728 2.965561
 9015.000000 6.122647 1.473984 2.959241
 9018.000000 6.170718 1.446280 3.005327
 9021.000000 6.133235 1.478963 2.995798
 9024.000000 6.090647 1.462416 2.979090
 9027.000000 6.047538 1.472902 2.964479
 9030.000000 6.035413 1.473753 2.971117
 9033.000000 6.019693 1.453398 2.968009
 9036.000000 6.032791 1.471130 2.947234
 9039.000000 6.015137 1.483151 2.928672
 9042.000000 5.923055 1.468286 2.942724
 9045.000000 5.994474 1.477361 2.928726
 9048.000000 5.964086 1.464138 2.925500
 9051.000000 6.060473 1.484350 2.969982
 9054.000000 6.073424 1.513809 2.959172
 9057.000000 6.070202 1.528629 2.953166
 9060.000000 6.065891 1.525729 2.966165
 9063.000000 6.089505 1.525842 2.965305
 9066.000000 6.154420 1.549141 2.932689
 9069.000000 6.126144 1.532790 2.940693
 9072.000000 6.092821 1.536309 2.926546
 9075.000000 6.088535 1.542727 2.961453
 9078.000000 6.135508 1.532716 2.968577
 9081.000000 6.080224 1.528651 2.965692
 9084.000000 6.025797 1.546300 2.969760
 9087.000000 6.115102 1.550767 2.946160
 9090.000000 6.059779 1.539678 2.951705
 9093.000000 6.031563 1.547422 2.937843
 9096.000000 6.037266 1.536270 2.914334
 9099.000000 6.017263 1.556738 2.897605
 9102.000000 5.946169 1.565445 2.871459
 9105.000000 5.934852 1.559620 2.881317
 9108.000000 5.924454 1.516074 2.909490
 9111.000000 5.998580 1.550093 2.915976
 9114.000000 6.005678 1.545317 2.913393
 9117.000000 5.936219 1.542131 2.924486
 9120.000000 5.942891 1.545139 2.916309
 9123.000000 5.894069 1.535483 2.909376
 9126.000000 5.894741 1.550931 2.916484
 9129.000000 5.959281 1.533627 2.923394
 9132.000000 5.985052 1.537983 2.916855
 9135.000000 6.028779 1.531305 2.926982
 9138.000000 6.007941 1.538803 2.933648
 9141.000000 6.040152 1.524851 2.938751
 9144.000000 6.016951 1.535655 2.931596
 9147.000000 5.954701 1.528454 2.929954
 9150.000000 5.975782 1.541491 2.946586
 9153.000000 5.945587 1.522955 2.948447
 9156.000000 5.964324 1.511961 2.924555
 9159.000000 5.944768 1.512525 2.898303
 9162.000000 5.942600 1.516502 2.903289
 9165.000000 5.941487 1.503575 2.921401
 9168.000000 5.945099 1.515216 2.922024
 9171.000000 5.933354 1.536972 2.900169
 9174.000000 5.953156 1.532192 2.896428
 9177.000000 6.034864 1.566802 2.911073
 9180.000000 5.995171 1.529698 2.947131
 9183.000000 6.060236 1.553346 2.931304
 9186.000000 6.036757 1.565974 2.934333
 9189.000000 6.120026 1.590287 2.949670
 9192.000000 6.193440 1.555740 2.965341
 9195.000000 6.126063 1.557680 2.937923
 9198.000000 6.121557 1.557561 2.979991
 9201.000000 6.085098 1.559374 2.959906
 9204.000000 6.137406 1.563208 2.941504
 9207.000000 6.062332 1.555900 2.970643
 9210.000000 6.055801 1.522658 3.004806
 9213.000000 6.054062 1.527002 2.997062
 9216.000000 6.118368 1.505576 3.034906
 9219.000000 5.973543 1.486584 3.050910
 9222.000000 5.872837 1.478565 3.026047
 9225.000000 5.950606 1.472435 3.021778
 9228.000000 6.056050 1.508321 2.987166
 9231.000000 6.102562 1.521170 2.986058
 9234.000000 6.084980 1.535010 2.958694
 9237.000000 6.091118 1.533065 2.967410
 9240.000000 6.081762 1.528383 2.990486
 9243.000000 6.075607 1.551175 2.991874
 9246.000000 6.121635 1.537500 3.005968
 9249.000000 6.087011 1.575048 2.968713
 9252.000000 6.192008 1.566702 2.978666
 9255.000000 6.203156 1.563474 2.995757
 9258.000000 6.229587 1.568843 3.009300
 9261.000000 6.210348 1.558786 2.954826
 9264.000000 6.130747 1.559472 2.938746
 9267.000000 6.105051 1.556174 2.948081
 9270.000000 6.007499 1.550744 2.917621
 9273.000000 5.945367 1.547572 2.947000
 9276.000000 6.051124 1.548007 2.965044
 9279.000000 6.009181 1.525543 2.990850
 9282.000000 5.988358 1.523375 3.003888
 9285.000000 6.022145 1.537695 2.973191
 9288.000000 6.045709 1.531912 2.995194
 9291.000000 6.052657 1.507408 2.994512
 9294.000000 6.064496 1.521045 3.012572
 9297.000000 5.991524 1.520242 3.008899
 9300.000000 6.008578 1.502858 3.005927
 9303.000000 6.081939 1.540717 2.975042
 9306.000000 6.075217 1.538819 2.978428
 9309.000000 6.028316 1.537900 2.968093
 9312.000000 6.018309 1.528657 2.980981
 9315.000000 6.106142 1.527264 3.016564
 9318.000000 6.091261 1.518124 3.004092
 9321.000000 6.056081 1.526011 2.972911
 9324.000000 6.128906 1.494217 2.978405
 9327.000000 5.995762 1.495482 2.968125
 9330.000000 6.057659 1.514134 2.990933
 9333.000000 6.025173 1.499798 3.034855
 9336.000000 6.099801 1.517741 2.986120
 9339.000000 6.050916 1.530031 2.987285
 9342.000000 5.976016 1.516623 2.972282
 9345.000000 6.034973 1.561358 2.963208
 9348.000000 6.039283 1.558807 2.945110
 9351.000000 5.925983 1.553059 2.966885
 9354.000000 5.939628 1.537722 2.973049
 9357.000000 5.869169 1.546004 2.958564
 9360.000000 5.866627 1.516718 2.985992
 9363.000000 5.922895 1.542964 2.971422
 9366.000000 5.972127 1.529280 2.923484
 9369.000000 5.990231 1.541630 2.933575
 9372.000000 5.947972 1.496583 3.006594
 9375.000000 5.898209 1.483369 2.988090
 9378.000000 5.935650 1.513842 2.959617
 9381.000000 5.893413 1.523592 2.954369
 9384.000000 5.937635 1.492656 2.986518
 9387.000000 5.917348 1.508086 2.966285
 9390.000000 5.966983 1.509567 2.993709
 9393.000000 5.941146 1.525405 2.993724
 9396.000000 5.955585 1.542207 2.954803
 9399.000000 5.954597 1.532911 2.967878
 9402.000000 5.957597 1.548732 2.954741
 9405.000000 5.943146 1.550440 2.983909
 9408.000000 6.028672 1.568591 2.980262
 9411.000000 6.041905 1.551696 2.983838
 9414.000000 6.027969 1.546463 3.004549
 9417.000000 5.991062 1.547522 3.002784
 9420.000000 5.938357 1.518409 3.031301
 9423.000000 5.976089 1.533033 3.026784
 9426.000000 5.927228 1.520390 3.022845
 9429.000000 5.945018 1.523462 2.974469
 9432.000000 5.944368 1.539129 3.005611
 9435.000000 6.009629 1.546674 3.018796
 9438.000000 6.039483 1.545439 2.994445
 9441.000000 5.948806 1.548682 2.992030
 9444.000000 5.985794 1.575172 3.009442
 9447.000000 6.034037 1.581593 2.981279
 9450.000000 6.042017 1.558729 2.996364
 9453.000000 6.003825 1.563328 2.990881
 9456.000000 5.997490 1.584854 2.949458
 9459.000000 6.042955 1.607448 2.952974
 9462.000000 6.038990 1.592986 2.946847
 9465.000000 6.011482 1.614262 2.930107
 9468.000000 5.991229 1.588482 2.940280
 9471.000000 6.006265 1.570100 2.964120
 9474.000000 6.020143 1.535518 2.981726
 9477.000000 5.963683 1.511578 2.976797
 9480.000000 6.012801 1.506706 3.017927
 9483.000000 5.995598 1.528770 2.986847
 9486.000000 6.056510 1.539779 2.980504
 9489.000000 6.073335 1.530254 2.944461
 9492.000000 6.133540 1.536097 2.962550
 9495.000000 6.086534 1.546196 2.939773
 9498.000000 6.107410 1.572614 2.950037
 9501.000000 6.054238 1.554885 2.946715
 9504.000000 6.101193 1.562593 2.965058
 9507.000000 6.105751 1.573161 2.960467
 9510.000000 5.999101 1.570112 2.928063
 9513.000000 6.003538 1.538459 2.967007
 9516.000000 6.032028 1.548373 2.947190
 9519.000000 6.008645 1.532103 2.943974
 9522.000000 6.037233 1.532827 2.966070
 9525.000000 6.104706 1.539705 2.970202
 9528.000000 6.014121 1.563236 2.978928
 9531.000000 5.969070 1.539670 3.003969
 9534.000000 5.986285 1.511318 3.022605
 9537.000000 6.086855 1.517860 3.043202
 9540.000000 6.046731 1.510878 3.068836
 9543.000000 6.028203 1.484320 3.074365
 9546.000000 6.083513 1.480159 3.073530
 9549.000000 6.086313 1.490733 3.056405
 9552.000000 6.152079 1.486637 2.990291
 9555.000000 6.174959 1.487381 2.986702
 9558.000000 6.113787 1.513517 2.999621
 9561.000000 6.168739 1.519017 2.980356
 9564.000000 6.142526 1.519138 2.978754
 9567.000000 6.125876 1.546663 2.937359
 9570.000000 6.165884 1.551332 2.957506
 9573.000000 6.194735 1.530615 2.984748
 9576.000000 6.152137 1.512341 3.040599
 9579.000000 6.174719 1.501898 3.009638
 9582.000000 6.094248 1.508179 3.023659
 9585.000000 6.082258 1.486058 3.005386
 9588.000000 6.057696 1.479850 2.963394
 9591.000000 6.069358 1.505115 2.983906
 9594.000000 6.016539 1.513031 2.966192
 9597.000000 5.974684 1.506884 2.959688
 9600.000000 6.004429 1.520575 2.970073
 9603.000000 6.041856 1.507651 2.952311
 9606.000000 6.018299 1.520757 2.943402
 9609.000000 5.991239 1.536858 2.963677
 9612.000000 6.077857 1.500817 3.005702
 9615.000000 6.111357 1.511356 2.991954
 9618.000000 6.126354 1.543634 2.955322
 9621.000000 6.058444 1.524447 2.977183
 9624.000000 6.077975 1.514683 2.969154
 9627.000000 6.108812 1.491365 2.982465
 9630.000000 6.148445 1.522745 2.961901
 9633.000000 6.099194 1.521410 2.977239
 9636.000000 6.128946 1.502913 3.018692
 9639.000000 6.051268 1.546391 2.982301
 9642.000000 6.009432 1.543479 2.969139
 9645.000000 6.047306 1.535471 2.969058
 9648.000000 6.009951 1.553606 2.955767
 9651.000000 6.029349 1.546119 2.968489
 9654.000000 6.023335 1.555515 2.921302
 9657.000000 6.059932 1.522983 2.953652
 9660.000000 5.976923 1.552355 2.945598
 9663.000000 6.040427 1.547895 2.956775
 9666.000000 6.025954 1.543724 2.946538
 9669.000000 5.961909 1.530889 2.954013
 9672.000000 5.952161 1.497881 2.987462
 9675.000000 5.925811 1.473205 2.990580
 9678.000000 5.958223 1.474903 2.974671
 9681.000000 5.987955 1.506980 2.976015
 9684.000000 6.014838 1.482079 3.022106
 9687.000000 5.985259 1.490073 3.016911
 9690.000000 6.018893 1.508861 2.949640
 9693.000000 6.050369 1.478455 3.016426
 9696.000000 6.027745 1.500709 3.002697
 9699.000000 5.964603 1.491646 3.013659
 9702.000000 5.973083 1.470151 2.997038
 9705.000000 6.023135 1.493170 2.990505
 9708.000000 5.969870 1.511386 2.980890
 9711.000000 6.043488 1.501140 2.956724
 9714.000000 6.018513 1.500870 2.955657
 9717.000000 5.994955 1.491304 2.933245
 9720.000000 5.987455 1.513526 2.958413
 9723.000000 6.084403 1.510571 2.951142
 9726.000000 6.030839 1.490554 2.983500
 9729.000000 5.946833 1.509308 2.948216
 9732.000000 6.024523 1.501533 2.975102
 9735.000000 5.948858 1.526371 2.921224
 9738.000000 6.002550 1.511887 2.984952
 9741.000000 6.001471 1.531267 2.944497
 9744.000000 5.950944 1.525092 2.970904
 9747.000000 5.942927 1.547995 2.948254
 9750.000000 5.971633 1.543220 2.955729
 9753.000000 6.015793 1.539541 2.953092
 9756.000000 5.933803 1.502853 2.950363
 9759.000000 5.940162 1.497963 3.003109
 9762.000000 5.931621 1.515051 2.991773
 9765.000000 5.810461 1.526275 2.942394
 9768.000000 5.822316 1.557234 2.920808
 9771.000000 5.830604 1.555845 2.946517
 9774.000000 5.901891 1.551835 2.927885
 9777.000000 5.879869 1.567050 2.923110
 9780.000000 5.924526 1.532110 2.934522
 9783.000000 5.957044 1.538585 2.929197
 9786.000000 5.934035 1.544752 2.892967
 9789.000000 5.913241 1.543948 2.903671
 9792.000000 6.027393 1.593221 2.879894
 9795.000000 5.997668 1.569383 2.927543
 9798.000000 6.038417 1.555352 2.960503
 9801.000000 6.022828 1.532172 2.961783
 9804.000000 6.017643 1.560500 2.969830
 9807.000000 5.961665 1.561050 2.975288
 9810.000000 5.949470 1.587938 2.958857
 9813.000000 5.929268 1.578087 2.964999
 9816.000000 5.830055 1.602286 2.940387
 9819.000000 5.877114 1.557597 3.012875
 9822.000000 5.930987 1.553533 2.983172
 9825.000000 5.867136 1.567443 2.988609
 9828.000000 5.867109 1.548741 2.995925
 9831.000000 5.803579 1.563560 2.965504
 9834.000000 5.870203 1.580679 2.969870
 9837.000000 5.959728 1.603489 2.969568
 9840.000000 5.896057 1.610105 2.975421
 9843.000000 6.026630 1.618963 2.950030
 9846.000000 6.055137 1.610364 3.001110
 9849.000000 6.069303 1.612791 3.026808
 9852.000000 5.966081 1.591272 3.032925
 9855.000000 5.927849 1.606763 2.986552
 9858.000000 5.982213 1.611451 3.016212
 9861.000000 5.972653 1.626582 2.959966
 9864.000000 6.055771 1.613624 2.946525
 9867.000000 6.060386 1.628192 2.953724
 9870.000000 6.095672 1.598265 2.997727
 9873.000000 6.022910 1.594100 3.009528
 9876.000000 6.068976 1.608733 2.979854
 9879.000000 6.006021 1.597580 3.009511
 9882.000000 6.014987 1.606552 3.018461
 9885.000000 6.020408 1.642227 2.979269
 9888.000000 5.955601 1.633295 2.980708
 9891.000000 5.952351 1.617823 2.993054
 9894.000000 5.959793 1.607436 2.992609
 9897.000000 5.947501 1.605369 2.978858
 9900.000000 5.825258 1.590980 2.966762
 9903.000000 5.888130 1.573645 2.970417
 9906.000000 5.970202 1.566055 2.970561
 9909.000000 5.880571 1.583946 2.935333
 9912.000000 5.846185 1.547140 2.964850
 9915.000000 5.815568 1.559403 2.957978
 9918.000000 5.848120 1.571667 2.948131
 9921.000000 5.922138 1.557770 2.969280
 9924.000000 5.964702 1.573358 2.986218
 9927.000000 5.947433 1.562964 2.958068
 9930.000000 5.914916 1.572364 2.969527
 9933.000000 5.933107 1.565504 2.984938
 9936.000000 5.909137 1.579891 2.966537
 9939.000000 5.989764 1.583988 2.912183
 9942.000000 6.046312 1.581632 2.920135
 9945.000000 6.024991 1.560064 2.974796
 9948.000000 6.022043 1.596525 2.950018
 9951.000000 6.029260 1.554801 2.991324
 9954.000000 6.063155 1.547168 3.000174
 9957.000000 6.121345 1.578569 2.997365
 9960.000000 6.016420 1.572303 2.993405
 9963.000000 6.068567 1.546733 3.004081
 9966.000000 6.054133 1.549915 2.996709
 9969.000000 5.998583 1.526501 2.987765
 9972.000000 6.193269 1.576224 3.009778
 9975.000000 6.195411 1.582507 2.993827
 9978.000000 6.080836 1.554876 3.049677
 9981.000000 6.101262 1.574435 2.998051
 9984.000000 6.038898 1.569492 3.020836
 9987.000000 6.109760 1.581470 3.040321
 9990.000000 6.066591 1.571202 3.022520
 9993.000000 6.118473 1.570641 3.018277
 9996.000000 6.108266 1.559026 2.977310
 9999.000000 6.131478 1.556597 2.990498
 10002.000000 6.121837 1.533277 3.004210
 10005.000000 6.027851 1.559528 2.972455
 10008.000000 5.970998 1.568966 2.959703
 10011.000000 5.950934 1.597481 2.981803
 10014.000000 5.988768 1.613984 2.973127
 10017.000000 6.015046 1.607598 2.985319
 10020.000000 5.999542 1.609835 2.971897
 10023.000000 6.042493 1.632257 2.963227
 10026.000000 6.031386 1.601181 2.999908
 10029.000000 5.906096 1.603951 2.994823
 10032.000000 6.014537 1.589869 3.008663
 10035.000000 6.037409 1.570703 3.016043
 10038.000000 5.989422 1.562337 3.012467
 10041.000000 5.994060 1.547381 3.033218
 10044.000000 6.036850 1.567254 3.018794
 10047.000000 6.073682 1.553663 2.981819
 10050.000000 6.026621 1.533613 2.997188
 10053.000000 6.066780 1.553516 2.961813
 10056.000000 6.024882 1.547885 2.944236
 10059.000000 6.103793 1.557934 2.989029
 10062.000000 6.199267 1.560340 2.977835
 10065.000000 6.124994 1.575735 2.973553
 10068.000000 6.148666 1.564051 2.981554
 10071.000000 6.139954 1.584794 3.004513
 10074.000000 6.153590 1.561966 2.973742
 10077.000000 6.132108 1.561381 2.976809
 10080.000000 6.069068 1.559863 3.009156
 10083.000000 6.022688 1.551610 2.985677
 10086.000000 6.052410 1.514962 3.009472
 10089.000000 6.020075 1.508767 3.059016
 10092.000000 6.031721 1.500063 3.037245
 10095.000000 6.049628 1.557258 3.011397
 10098.000000 6.030109 1.558820 3.017897
 10101.000000 6.061994 1.552950 3.033850
 10104.000000 6.059710 1.524287 3.032524
 10107.000000 5.978099 1.511255 3.027058
 10110.000000 6.022834 1.544151 2.978117
 10113.000000 5.996065 1.521468 2.985600
 10116.000000 5.991315 1.517960 2.974394
 10119.000000 6.048485 1.503534 2.991956
 10122.000000 6.068707 1.537823 3.021224
 10125.000000 6.094465 1.490529 3.050556
 10128.000000 6.069823 1.542542 3.002346
 10131.000000 6.042152 1.532296 3.010422
 10134.000000 6.049826 1.514976 3.025532
 10137.000000 6.050335 1.523916 3.005194
 10140.000000 6.040123 1.523280 3.013554
 10143.000000 6.092593 1.501699 3.047316
 10146.000000 6.066128 1.530723 2.975523
 10149.000000 6.071108 1.501809 3.003817
 10152.000000 6.027070 1.495061 3.039138
 10155.000000 6.004854 1.507397 3.036559
 10158.000000 5.941903 1.541754 3.036336
 10161.000000 5.926075 1.531681 3.022604
 10164.000000 6.025726 1.536671 3.040434
 10167.000000 6.027509 1.544058 3.016474
 10170.000000 5.943299 1.542794 2.988969
 10173.000000 5.910995 1.530822 2.989215
 10176.000000 5.864670 1.514339 2.987108
 10179.000000 5.921160 1.524056 3.011747
 10182.000000 5.873762 1.494924 3.010292
 10185.000000 5.944354 1.509056 3.009808
 10188.000000 5.936042 1.523514 2.982657
 10191.000000 5.954192 1.522384 2.961772
 10194.000000 5.852876 1.515664 2.973371
 10197.000000 5.877894 1.521059 2.973556
 10200.000000 5.897492 1.536649 2.935278
 10203.000000 5.878807 1.529114 2.940353
 10206.000000 5.856746 1.539962 2.955430
 10209.000000 5.967853 1.554717 2.963193
 10212.000000 6.000888 1.544959 2.954017
 10215.000000 5.998260 1.576092 2.953546
 10218.000000 5.983265 1.572458 2.943468
 10221.000000 5.914461 1.581511 2.914503
 10224.000000 5.823442 1.591138 2.949443
 10227.000000 5.885185 1.556224 2.976658
 10230.000000 5.896101 1.550273 2.962746
 10233.000000 5.928088 1.586682 2.960808
 10236.000000 5.812760 1.562487 3.008685
 10239.000000 5.825321 1.595604 2.977769
 10242.000000 5.707078 1.576844 2.995980
 10245.000000 5.774009 1.608938 2.973754
 10248.000000 5.860623 1.611928 2.963946
 10251.000000 5.850530 1.639505 2.938860
 10254.000000 5.818665 1.616707 2.957382
 10257.000000 5.835562 1.598674 2.966354
 10260.000000 5.839422 1.613451 2.975417
 10263.000000 5.788848 1.593640 2.973085
 10266.000000 5.755924 1.586255 2.990842
 10269.000000 5.754255 1.557015 2.966647
 10272.000000 5.794811 1.543354 2.972797
 10275.000000 5.719711 1.522475 2.982003
 10278.000000 5.752261 1.545756 2.943687
 10281.000000 5.740059 1.545474 2.933365
 10284.000000 5.772434 1.555962 2.929486
 10287.000000 5.787844 1.531989 2.965923
 10290.000000 5.894596 1.509668 2.986056
 10293.000000 5.886687 1.529615 2.981784
 10296.000000 5.888532 1.531479 2.942646
 10299.000000 5.894086 1.546499 2.908974
 10302.000000 5.976221 1.527416 2.952706
 10305.000000 5.886305 1.532141 2.913984
 10308.000000 5.954229 1.542924 2.916209
 10311.000000 5.914110 1.548407 2.921601
 10314.000000 5.996669 1.534517 2.924306
 10317.000000 6.034172 1.537151 2.957316
 10320.000000 6.025070 1.531476 2.954472
 10323.000000 6.056258 1.539724 2.975058
 10326.000000 6.022077 1.543848 2.982855
 10329.000000 6.090360 1.514619 2.992232
 10332.000000 6.084597 1.548860 2.976986
 10335.000000 6.014845 1.536623 2.993402
 10338.000000 6.016471 1.529400 3.037491
 10341.000000 6.082646 1.546533 3.037782
 10344.000000 5.993208 1.515628 3.026941
 10347.000000 5.944403 1.539948 3.002341
 10350.000000 5.934313 1.498002 3.054934
 10353.000000 5.911841 1.516556 3.001032
 10356.000000 5.755355 1.540609 2.965501
 10359.000000 5.827759 1.525688 2.966855
 10362.000000 5.864652 1.530284 2.960939
 10365.000000 5.840625 1.520316 2.978676
 10368.000000 5.860323 1.539383 2.953572
 10371.000000 5.870302 1.524521 2.989312
 10374.000000 5.803902 1.554846 2.942591
 10377.000000 5.890162 1.543439 2.938545
 10380.000000 5.867886 1.565245 2.913528
 10383.000000 5.889268 1.576297 2.934484
 10386.000000 5.892214 1.562768 2.943859
 10389.000000 5.940176 1.551840 2.953624
 10392.000000 5.991778 1.562400 2.935093
 10395.000000 5.933580 1.571907 2.908401
 10398.000000 5.913771 1.556335 2.890607
 10401.000000 5.957985 1.564082 2.882417
 10404.000000 5.896265 1.540154 2.910931
 10407.000000 5.916513 1.581249 2.889916
 10410.000000 5.963394 1.604999 2.896219
 10413.000000 6.033875 1.609353 2.903310
 10416.000000 5.968169 1.573940 2.919118
 10419.000000 6.055262 1.574934 2.942329
 10422.000000 6.062067 1.611047 2.939926
 10425.000000 6.131795 1.606154 2.948503
 10428.000000 6.086912 1.555281 2.980698
 10431.000000 6.167297 1.557042 2.988239
 10434.000000 6.171823 1.558359 3.012852
 10437.000000 6.190398 1.604234 2.963629
 10440.000000 6.132718 1.570035 2.997568
 10443.000000 6.124506 1.594491 2.981022
 10446.000000 6.103433 1.606459 2.947669
 10449.000000 6.075699 1.583145 2.948257
 10452.000000 6.182007 1.602339 2.950550
 10455.000000 6.217287 1.595843 2.937254
 10458.000000 6.222216 1.614062 2.953474
 10461.000000 6.023596 1.565132 2.995488
 10464.000000 6.077048 1.585217 2.959316
 10467.000000 6.010629 1.578992 2.994357
 10470.000000 5.978553 1.571503 2.974935
 10473.000000 6.045578 1.576624 3.005137
 10476.000000 6.007845 1.570082 3.011299
 10479.000000 6.051256 1.596410 2.947889
 10482.000000 5.991791 1.586753 2.964317
 10485.000000 6.043529 1.574322 2.925707
 10488.000000 6.077084 1.568988 2.971299
 10491.000000 5.975523 1.580246 2.966808
 10494.000000 6.065220 1.581244 2.964808
 10497.000000 6.073748 1.547126 2.996369
 10500.000000 5.982652 1.555063 2.995312
 10503.000000 6.070948 1.532509 2.974436
 10506.000000 5.997148 1.557316 2.980407
 10509.000000 6.054863 1.608646 2.929189
 10512.000000 6.031267 1.564249 2.937113
 10515.000000 6.076836 1.564214 2.941497
 10518.000000 6.072979 1.562862 2.930353
 10521.000000 6.075990 1.521059 3.004198
 10524.000000 5.999291 1.560084 2.936057
 10527.000000 6.038276 1.578218 2.954564
 10530.000000 6.083392 1.573867 2.923435
 10533.000000 6.053705 1.563626 2.941123
 10536.000000 6.090749 1.575191 2.917493
 10539.000000 6.058917 1.565700 2.943347
 10542.000000 5.933509 1.563001 2.956136
 10545.000000 5.958928 1.567794 2.954502
 10548.000000 5.971003 1.582179 2.971008
 10551.000000 5.950899 1.549338 2.982228
 10554.000000 5.901053 1.550619 2.956438
 10557.000000 5.972617 1.558160 2.977415
 10560.000000 5.998887 1.593600 2.953113
 10563.000000 6.050863 1.586391 2.969078
 10566.000000 6.029961 1.603247 2.990433
 10569.000000 5.991192 1.613566 2.972914
 10572.000000 5.964000 1.595931 2.986851
 10575.000000 5.925909 1.581007 3.008612
 10578.000000 5.883046 1.585090 2.983237
 10581.000000 5.917008 1.587174 2.985374
 10584.000000 5.955042 1.604930 2.958301
 10587.000000 5.950565 1.553411 3.014621
 10590.000000 5.913696 1.589582 2.982164
 10593.000000 5.810842 1.582943 2.968493
 10596.000000 5.869307 1.581387 2.974553
 10599.000000 5.862158 1.555440 2.986838
 10602.000000 5.918339 1.571387 2.960905
 10605.000000 5.830213 1.540953 2.990604
 10608.000000 5.741406 1.544943 2.938001
 10611.000000 5.747099 1.523489 2.975894
 10614.000000 5.853711 1.523832 2.964756
 10617.000000 5.807536 1.539283 2.966970
 10620.000000 5.903988 1.563539 2.951817
 10623.000000 5.980547 1.556055 2.941028
 10626.000000 5.918972 1.571359 2.956217
 10629.000000 5.857256 1.575008 2.950795
 10632.000000 5.913381 1.556730 2.951326
 10635.000000 5.973327 1.562718 2.952560
 10638.000000 5.982042 1.566349 2.938762
 10641.000000 5.919331 1.563461 3.007587
 10644.000000 5.959822 1.566502 2.984606
 10647.000000 5.904804 1.573815 2.964642
 10650.000000 5.922477 1.580281 2.925656
 10653.000000 5.967347 1.565014 2.934100
 10656.000000 5.889844 1.584190 2.886971
 10659.000000 5.888069 1.589073 2.915290
 10662.000000 5.896868 1.550737 2.949301
 10665.000000 5.983217 1.580634 2.976301
 10668.000000 5.908719 1.561760 2.966303
 10671.000000 5.978236 1.563310 2.962885
 10674.000000 5.927485 1.570773 2.956805
 10677.000000 5.919153 1.521844 2.994896
 10680.000000 5.897021 1.539725 2.952284
 10683.000000 5.892124 1.527805 2.991064
 10686.000000 5.973241 1.540589 2.962519
 10689.000000 5.929790 1.525888 2.944661
 10692.000000 5.985858 1.530186 2.972119
 10695.000000 5.979878 1.518943 2.987538
 10698.000000 5.980091 1.544777 2.959939
 10701.000000 5.980576 1.534501 2.949953
 10704.000000 5.961427 1.548961 3.008458
 10707.000000 5.966909 1.535260 3.016565
 10710.000000 5.938282 1.570362 3.012929
 10713.000000 6.034199 1.536857 3.032006
 10716.000000 6.091357 1.579230 3.035388
 10719.000000 6.026105 1.589885 3.013811
 10722.000000 5.981267 1.560828 3.004571
 10725.000000 6.079925 1.598266 2.995993
 10728.000000 5.968766 1.594101 2.968784
 10731.000000 5.933188 1.593605 2.981610
 10734.000000 6.011897 1.561242 3.007882
 10737.000000 6.015839 1.563695 2.995855
 10740.000000 5.990733 1.548632 3.003248
 10743.000000 5.991564 1.556985 2.973974
 10746.000000 5.971406 1.600595 2.950467
 10749.000000 6.005887 1.568638 2.951975
 10752.000000 5.968425 1.559095 2.973352
 10755.000000 5.967898 1.596599 2.963843
 10758.000000 5.911961 1.544995 2.995761
 10761.000000 5.927850 1.515510 3.007385
 10764.000000 5.896797 1.528486 2.996916
 10767.000000 6.015935 1.522871 3.014926
 10770.000000 5.951080 1.530191 2.985228
 10773.000000 5.984986 1.543249 2.992727
 10776.000000 6.034562 1.533336 2.978303
 10779.000000 6.003872 1.548996 2.950982
 10782.000000 6.024178 1.528778 2.960936
 10785.000000 6.099078 1.499223 2.962248
 10788.000000 6.036274 1.528706 2.958438
 10791.000000 5.992396 1.493184 2.989356
 10794.000000 6.007513 1.535866 2.976207
 10797.000000 6.078300 1.521743 2.967217
 10800.000000 6.076423 1.503947 2.986330
 10803.000000 6.024556 1.510139 2.980272
 10806.000000 5.972288 1.504793 2.988737
 10809.000000 5.953887 1.509280 3.004123
 10812.000000 6.115388 1.521009 2.986771
 10815.000000 6.065109 1.527693 3.015167
 10818.000000 6.122118 1.543265 2.992705
 10821.000000 6.211966 1.542022 3.006139
 10824.000000 6.169288 1.532295 3.031694
 10827.000000 6.189034 1.544199 2.990355
 10830.000000 6.163533 1.543150 2.939796
 10833.000000 6.165079 1.537155 2.936607
 10836.000000 6.147864 1.502414 2.988868
 10839.000000 6.146576 1.536910 2.966476
 10842.000000 6.029914 1.522719 2.977604
 10845.000000 6.008190 1.559128 2.958546
 10848.000000 6.039318 1.548364 2.941812
 10851.000000 6.053767 1.570883 2.949794
 10854.000000 6.066770 1.568872 2.969650
 10857.000000 6.108726 1.540629 3.002093
 10860.000000 6.172003 1.536326 2.996565
 10863.000000 6.093169 1.519330 2.981799
 10866.000000 5.997286 1.506927 2.989939
 10869.000000 5.958522 1.502794 3.002167
 10872.000000 5.971873 1.508547 2.977239
 10875.000000 6.008120 1.522856 2.971410
 10878.000000 5.949868 1.562181 2.946187
 10881.000000 5.933839 1.578169 2.956287
 10884.000000 5.970147 1.550643 2.967573
 10887.000000 6.020242 1.573387 2.912596
 10890.000000 6.012388 1.557762 2.946427
 10893.000000 6.023056 1.543096 2.967762
 10896.000000 5.955850 1.532587 2.983543
 10899.000000 5.956892 1.534483 2.976054
 10902.000000 5.994502 1.536703 2.997842
 10905.000000 5.987112 1.552599 3.007055
 10908.000000 5.877950 1.539481 2.993706
 10911.000000 5.853191 1.551421 2.985283
 10914.000000 5.902942 1.514719 2.994242
 10917.000000 5.887361 1.495105 3.022575
 10920.000000 5.912762 1.520846 2.990316
 10923.000000 5.948719 1.543853 2.985818
 10926.000000 5.924794 1.568930 3.004834
 10929.000000 5.944154 1.549543 2.984210
 10932.000000 5.926904 1.558813 2.984263
 10935.000000 5.956039 1.544017 2.981920
 10938.000000 5.970352 1.540891 2.997746
 10941.000000 5.944198 1.549977 2.984148
 10944.000000 5.928616 1.537247 3.007073
 10947.000000 5.959700 1.559280 2.983769
 10950.000000 5.923272 1.546232 3.020294
 10953.000000 5.818457 1.535322 3.005302
 10956.000000 5.801465 1.516258 3.001577
 10959.000000 5.783327 1.512143 2.984975
 10962.000000 5.912417 1.515196 3.003216
 10965.000000 5.895224 1.499208 3.021651
 10968.000000 5.933401 1.492949 2.973301
 10971.000000 5.863428 1.482729 2.974599
 10974.000000 5.894635 1.495942 2.981623
 10977.000000 5.877879 1.510289 2.972783
 10980.000000 5.929800 1.513042 2.964785
 10983.000000 5.976273 1.499392 2.962904
 10986.000000 5.894129 1.488920 2.962510
 10989.000000 5.921971 1.515292 2.925755
 10992.000000 5.915545 1.503573 2.937278
 10995.000000 5.898570 1.474654 2.954145
 10998.000000 5.934819 1.502113 2.945277
 11001.000000 5.957535 1.496961 2.933309
 11004.000000 5.964722 1.479327 2.944018
 11007.000000 5.925061 1.492171 2.963082
 11010.000000 5.859102 1.499523 2.966864
 11013.000000 5.835935 1.500782 2.957625
 11016.000000 5.771108 1.507349 2.939830
 11019.000000 5.825857 1.517091 2.937716
 11022.000000 5.813710 1.468401 3.012965
 11025.000000 5.777596 1.479065 2.990359
 11028.000000 5.906116 1.462564 3.030964
 11031.000000 5.840257 1.466597 3.031382
 11034.000000 5.900686 1.478143 2.988501
 11037.000000 5.933041 1.462465 3.016556
 11040.000000 5.876173 1.487720 2.999376
 11043.000000 5.896640 1.498565 3.010513
 11046.000000 5.970409 1.515824 2.953318
 11049.000000 5.969242 1.544653 2.928071
 11052.000000 5.936378 1.534817 2.939461
 11055.000000 5.988540 1.500667 2.972807
 11058.000000 6.023502 1.502580 2.942241
 11061.000000 6.022636 1.507325 2.964008
 11064.000000 6.043056 1.494676 2.952066
 11067.000000 6.007995 1.507480 2.927212
 11070.000000 6.041620 1.513961 2.935174
 11073.000000 6.130788 1.524485 2.937337
 11076.000000 6.060109 1.528307 2.951158
 11079.000000 6.063789 1.520130 2.944064
 11082.000000 6.067742 1.494128 2.955727
 11085.000000 5.979495 1.512623 2.954344
 11088.000000 6.056046 1.541982 2.938950
 11091.000000 6.038717 1.534291 2.959591
 11094.000000 5.959261 1.509852 2.969051
 11097.000000 6.022559 1.554681 2.976759
 11100.000000 6.049927 1.532429 2.989809
 11103.000000 6.073547 1.507127 2.991246
 11106.000000 6.004478 1.534721 2.970405
 11109.000000 6.115434 1.530274 2.997577
 11112.000000 6.042733 1.531612 2.970635
 11115.000000 6.023148 1.540712 2.967736
 11118.000000 5.961091 1.516197 2.963318
 11121.000000 5.984777 1.498742 2.993031
 11124.000000 6.058000 1.529329 2.948829
 11127.000000 5.977672 1.564352 2.921321
 11130.000000 5.894039 1.549890 2.950673
 11133.000000 5.975653 1.542598 2.991136
 11136.000000 5.996492 1.545995 2.941346
 11139.000000 6.036508 1.547241 2.954318
 11142.000000 6.026212 1.523437 2.939446
 11145.000000 6.116014 1.512252 2.929174
 11148.000000 6.093910 1.518959 2.902428
 11151.000000 6.102686 1.524941 2.952819
 11154.000000 6.081130 1.545458 2.909824
 11157.000000 6.120294 1.541685 2.914787
 11160.000000 6.103512 1.547208 2.916502
 11163.000000 6.022226 1.538066 2.950869
 11166.000000 6.060531 1.552048 2.902177
 11169.000000 6.108260 1.517168 2.955082
 11172.000000 6.127260 1.515262 2.983226
 11175.000000 6.097822 1.525664 2.983947
 11178.000000 6.086491 1.532223 2.959653
 11181.000000 5.934607 1.511576 2.968965
 11184.000000 5.945193 1.502781 2.968092
 11187.000000 5.950847 1.508060 2.975537
 11190.000000 5.895912 1.537769 2.949416
 11193.000000 5.924999 1.529998 2.935630
 11196.000000 5.963083 1.514736 2.933582
 11199.000000 6.008687 1.538821 2.935561
 11202.000000 6.018188 1.531025 2.945983
 11205.000000 5.966338 1.514769 2.967338
 11208.000000 5.966881 1.505433 2.969329
 11211.000000 5.947426 1.504867 2.926386
 11214.000000 5.932505 1.487132 2.982282
 11217.000000 5.873211 1.501153 2.981344
 11220.000000 5.851057 1.497760 2.977276
 11223.000000 5.759560 1.505430 2.976966
 11226.000000 5.746233 1.493123 2.990329
 11229.000000 5.740950 1.491142 2.965398
 11232.000000 5.861334 1.504696 2.941220
 11235.000000 5.895192 1.536136 2.914047
 11238.000000 5.975549 1.531810 2.896190
 11241.000000 5.863288 1.499721 2.928272
 11244.000000 5.889537 1.533514 2.938323
 11247.000000 5.909096 1.539705 2.923366
 11250.000000 5.928526 1.527869 2.927219
 11253.000000 5.917360 1.526736 2.922731
 11256.000000 5.901277 1.524629 2.940396
 11259.000000 5.926463 1.536402 2.906726
 11262.000000 5.853370 1.522858 2.924744
 11265.000000 5.900412 1.520528 2.958693
 11268.000000 5.971452 1.534389 2.964980
 11271.000000 5.956663 1.545830 2.961591
 11274.000000 5.918606 1.548378 2.954898
 11277.000000 6.005944 1.550824 2.957168
 11280.000000 5.989416 1.514494 2.960682
 11283.000000 5.924792 1.503589 2.938043
 11286.000000 5.943010 1.530581 2.959975
 11289.000000 5.931932 1.472488 3.007913
 11292.000000 5.886140 1.499297 2.966053
 11295.000000 5.857324 1.488332 3.005904
 11298.000000 5.847135 1.485385 2.990197
 11301.000000 5.803134 1.475484 2.975920
 11304.000000 5.837075 1.516767 2.944227
 11307.000000 5.824658 1.520069 2.950517
 11310.000000 5.885245 1.532918 2.954479
 11313.000000 5.908605 1.516631 2.981266
 11316.000000 5.897166 1.523279 2.981739
 11319.000000 6.009124 1.503486 3.021127
 11322.000000 6.034489 1.540349 2.989942
 11325.000000 5.987260 1.546745 2.988041
 11328.000000 5.936214 1.551319 2.968952
 11331.000000 5.912669 1.568760 2.924805
 11334.000000 5.997068 1.566379 2.959625
 11337.000000 5.963976 1.557340 2.939878
 11340.000000 5.980216 1.531418 2.964373
 11343.000000 5.984219 1.522722 2.975285
 11346.000000 5.916836 1.564081 2.971747
 11349.000000 5.969938 1.569816 2.934980
 11352.000000 6.060416 1.583426 2.917576
 11355.000000 6.017855 1.562851 2.925262
 11358.000000 6.074402 1.580071 2.936741
 11361.000000 5.999072 1.541562 2.979935
 11364.000000 6.016001 1.550439 2.965326
 11367.000000 6.028829 1.568647 2.933853
 11370.000000 6.031494 1.574983 2.979678
 11373.000000 6.041087 1.552804 3.005059
 11376.000000 5.971343 1.555956 2.983049
 11379.000000 5.936942 1.549851 2.960359
 11382.000000 5.853762 1.541703 2.973397
 11385.000000 5.974364 1.541929 2.947338
 11388.000000 5.928190 1.532293 2.967706
 11391.000000 5.891762 1.561368 2.954611
 11394.000000 5.907691 1.543468 3.005874
 11397.000000 5.846871 1.541897 2.979611
 11400.000000 5.869880 1.539177 2.990944
 11403.000000 5.867702 1.572035 2.956934
 11406.000000 5.922910 1.539098 2.936883
 11409.000000 5.883054 1.558026 2.967795
 11412.000000 5.916097 1.571031 2.943984
 11415.000000 5.957029 1.548792 2.958913
 11418.000000 5.939534 1.568332 2.964893
 11421.000000 5.945123 1.580207 2.911135
 11424.000000 5.942210 1.561345 2.929014
 11427.000000 5.897396 1.556232 2.931604
 11430.000000 5.896578 1.527066 2.972090
 11433.000000 5.893034 1.540916 2.953358
 11436.000000 5.773765 1.541968 2.936085
 11439.000000 5.817882 1.545477 2.942395
 11442.000000 5.789639 1.509897 2.962826
 11445.000000 5.744347 1.537654 2.967869
 11448.000000 5.756239 1.547213 2.968065
 11451.000000 5.793184 1.544669 2.958196
 11454.000000 5.756959 1.511200 3.012740
 11457.000000 5.708266 1.519607 3.013105
 11460.000000 5.778284 1.540074 2.977864
 11463.000000 5.836778 1.540657 2.972840
 11466.000000 5.795515 1.542973 2.953019
 11469.000000 5.821170 1.538611 2.956913
 11472.000000 5.879687 1.552574 2.944488
 11475.000000 5.873625 1.549173 2.966774
 11478.000000 5.850100 1.545628 2.940129
 11481.000000 5.823447 1.541240 2.975398
 11484.000000 5.849903 1.511134 2.985429
 11487.000000 5.914474 1.538901 2.912954
 11490.000000 5.877114 1.493056 2.960639
 11493.000000 5.893755 1.539727 2.973103
 11496.000000 5.890865 1.562362 2.970030
 11499.000000 5.918891 1.539771 2.960245
 11502.000000 5.897145 1.543281 2.967008
 11505.000000 5.900265 1.545736 2.958895
 11508.000000 5.958882 1.547146 2.947006
 11511.000000 5.941348 1.558779 2.944361
 11514.000000 5.954251 1.551120 2.949689
 11517.000000 5.993282 1.560632 2.960452
 11520.000000 5.994839 1.529116 2.987100
 11523.000000 6.071839 1.544731 2.979919
 11526.000000 5.971008 1.581993 2.921233
 11529.000000 5.965488 1.567515 2.941703
 11532.000000 5.983602 1.582794 2.939919
 11535.000000 5.958343 1.565219 2.944728
 11538.000000 5.987218 1.570185 2.954326
 11541.000000 5.948215 1.573609 2.979668
 11544.000000 5.932360 1.564137 2.956142
 11547.000000 5.926008 1.566529 2.986070
 11550.000000 5.900620 1.545975 2.995597
 11553.000000 5.898095 1.553970 2.945874
 11556.000000 5.903941 1.535524 2.955884
 11559.000000 5.850853 1.540500 2.970033
 11562.000000 5.839652 1.549744 2.960709
 11565.000000 5.890167 1.547401 2.969559
 11568.000000 5.843094 1.546131 2.922551
 11571.000000 5.858826 1.546489 2.978999
 11574.000000 5.820999 1.543382 2.961300
 11577.000000 5.900930 1.520503 2.997714
 11580.000000 5.853519 1.512077 2.980151
 11583.000000 5.906873 1.511659 2.970836
 11586.000000 5.858571 1.521767 2.965261
 11589.000000 5.875819 1.519841 2.956419
 11592.000000 5.943250 1.544797 2.934261
 11595.000000 5.896719 1.532803 2.938349
 11598.000000 5.918115 1.540863 2.928648
 11601.000000 5.949219 1.523914 2.951580
 11604.000000 5.944723 1.531370 2.909283
 11607.000000 5.920614 1.553100 2.929447
 11610.000000 5.959455 1.541840 2.942843
 11613.000000 5.966109 1.556522 2.944966
 11616.000000 5.976713 1.536065 2.941969
 11619.000000 5.884948 1.514466 2.943898
 11622.000000 6.003633 1.533932 2.942032
 11625.000000 6.009357 1.516541 2.952123
 11628.000000 6.023222 1.547252 2.934268
 11631.000000 5.945977 1.545934 2.963684
 11634.000000 5.990876 1.544580 2.988077
 11637.000000 5.955590 1.563631 2.986173
 11640.000000 5.946329 1.574192 2.966126
 11643.000000 5.990297 1.563866 2.979897
 11646.000000 5.944237 1.570652 2.972632
 11649.000000 6.033385 1.586203 2.957403
 11652.000000 5.913622 1.598210 2.957860
 11655.000000 5.871876 1.588768 2.966041
 11658.000000 5.942906 1.562494 3.012855
 11661.000000 6.046273 1.574237 2.972138
 11664.000000 6.124606 1.554981 2.977563
 11667.000000 6.018460 1.589965 2.985323
 11670.000000 6.022041 1.564973 3.012552
 11673.000000 5.997087 1.533337 3.006322
 11676.000000 6.018333 1.525992 2.979537
 11679.000000 5.999344 1.530352 2.950196
 11682.000000 6.017056 1.533412 2.964528
 11685.000000 5.997998 1.514696 3.003696
 11688.000000 6.010454 1.506434 3.004446
 11691.000000 5.956721 1.510483 2.984596
 11694.000000 5.958336 1.505233 2.966240
 11697.000000 6.036836 1.528654 2.967884
 11700.000000 5.944192 1.515808 2.981107
 11703.000000 5.977288 1.513790 2.970860
 11706.000000 5.888883 1.497659 3.005138
 11709.000000 5.848603 1.510369 2.961977
 11712.000000 5.845144 1.521828 2.937239
 11715.000000 5.933121 1.508389 2.947122
 11718.000000 6.001474 1.523141 2.959676
 11721.000000 6.083076 1.524916 2.894774
 11724.000000 6.081565 1.525719 2.922534
 11727.000000 6.066111 1.517539 2.945104
 11730.000000 5.986384 1.496988 2.954940
 11733.000000 6.000012 1.503185 2.983515
 11736.000000 6.007462 1.540442 2.944448
 11739.000000 6.038184 1.521969 2.945969
 11742.000000 6.031639 1.506525 2.969850
 11745.000000 6.006884 1.511526 2.992468
 11748.000000 5.941758 1.514904 2.990377
 11751.000000 5.906373 1.536721 2.958841
 11754.000000 5.927882 1.533486 2.966467
 11757.000000 5.919513 1.526886 2.979637
 11760.000000 5.960595 1.551307 2.988291
 11763.000000 5.992853 1.531767 3.006749
 11766.000000 5.982527 1.514073 3.018782
 11769.000000 5.905877 1.510817 3.018589
 11772.000000 5.907526 1.530680 2.981277
 11775.000000 5.969380 1.510868 3.008468
 11778.000000 6.022699 1.528214 2.997754
 11781.000000 6.041338 1.530336 3.002263
 11784.000000 5.969286 1.533720 2.990678
 11787.000000 5.969874 1.554763 3.018764
 11790.000000 5.896981 1.547212 3.001271
 11793.000000 5.932115 1.534835 3.000153
 11796.000000 5.864328 1.531819 3.001043
 11799.000000 5.949437 1.546957 2.969217
 11802.000000 5.924191 1.553271 2.966061
 11805.000000 6.011137 1.538899 2.992245
 11808.000000 6.097453 1.565691 2.977691
 11811.000000 6.038311 1.550623 3.001440
 11814.000000 5.986977 1.515161 2.997013
 11817.000000 5.911958 1.545180 2.970743
 11820.000000 5.881000 1.560337 2.985509
 11823.000000 5.766946 1.521359 2.974345
 11826.000000 5.847233 1.544324 2.938642
 11829.000000 5.817261 1.515290 2.928248
 11832.000000 5.834227 1.529597 2.930756
 11835.000000 5.899846 1.529386 2.925913
 11838.000000 5.898164 1.528403 2.957801
 11841.000000 5.927597 1.515812 2.988504
 11844.000000 5.947459 1.530116 2.957758
 11847.000000 6.029042 1.530466 2.994361
 11850.000000 6.065443 1.528390 3.003090
 11853.000000 6.069309 1.551423 2.962097
 11856.000000 5.964632 1.575580 2.961170
 11859.000000 5.956523 1.535735 2.983230
 11862.000000 5.818826 1.533165 3.001818
 11865.000000 5.846868 1.513342 2.975689
 11868.000000 5.976113 1.510413 2.972021
 11871.000000 6.000991 1.524225 3.007646
 11874.000000 6.045131 1.535326 2.995165
 11877.000000 6.082243 1.564647 2.957437
 11880.000000 5.986054 1.555401 2.940386
 11883.000000 6.005499 1.546477 2.949033
 11886.000000 6.079358 1.527519 2.966292
 11889.000000 6.075158 1.518666 2.964612
 11892.000000 6.085435 1.535335 2.987224
 11895.000000 6.073705 1.556157 2.981754
 11898.000000 6.041305 1.549838 2.986759
 11901.000000 6.049021 1.540025 2.996420
 11904.000000 6.004537 1.574394 2.969825
 11907.000000 6.000574 1.568081 2.946567
 11910.000000 5.967920 1.558647 2.944812
 11913.000000 5.982346 1.588404 2.954292
 11916.000000 6.020670 1.580716 2.969583
 11919.000000 6.027733 1.594234 2.945087
 11922.000000 6.032214 1.608811 2.933224
 11925.000000 6.077122 1.567291 2.962587
 11928.000000 6.029409 1.585889 2.967776
 11931.000000 5.989855 1.576791 2.955158
 11934.000000 6.104017 1.609433 2.935134
 11937.000000 6.079462 1.612631 2.925023
 11940.000000 6.033160 1.570632 2.984579
 11943.000000 6.082263 1.604962 2.955736
 11946.000000 6.116376 1.578073 2.980571
 11949.000000 6.121915 1.559766 3.015201
 11952.000000 6.108377 1.594215 3.011740
 11955.000000 6.099794 1.604314 3.016695
 11958.000000 5.970375 1.590715 3.046433
 11961.000000 5.976586 1.613576 3.028507
 11964.000000 5.947615 1.629671 3.015788
 11967.000000 5.950244 1.638804 2.974154
 11970.000000 5.951150 1.616305 3.005934
 11973.000000 6.001874 1.622490 3.005616
 11976.000000 5.998446 1.644759 2.978314
 11979.000000 5.939593 1.623587 2.992149
 11982.000000 5.939482 1.613281 3.021282
 11985.000000 5.886117 1.619803 2.996145
 11988.000000 5.936545 1.613654 3.009594
 11991.000000 5.950448 1.611932 3.013518
 11994.000000 5.921810 1.616451 2.998739
 11997.000000 5.896987 1.612117 2.955008
 12000.000000 5.936611 1.631029 2.973784
 12003.000000 5.909293 1.610897 2.970146
 12006.000000 5.866432 1.629825 2.957196
 12009.000000 5.893593 1.628217 2.971482
 12012.000000 5.952338 1.604247 2.982358
 12015.000000 5.961167 1.580247 3.004221
 12018.000000 5.960730 1.601767 2.957459
 12021.000000 5.937757 1.583397 2.970052
 12024.000000 5.914460 1.586298 2.965332
 12027.000000 5.899746 1.608997 2.906077
 12030.000000 5.824781 1.614822 2.928897
 12033.000000 5.778060 1.569812 2.936988
 12036.000000 5.874109 1.576713 2.938700
 12039.000000 5.846213 1.553365 2.975675
 12042.000000 5.854655 1.539450 2.965044
 12045.000000 5.924030 1.535599 2.963344
 12048.000000 5.999251 1.552908 2.969687
 12051.000000 6.031449 1.531650 2.970187
 12054.000000 6.086740 1.528893 2.966615
 12057.000000 6.075980 1.537463 2.959218
 12060.000000 6.032691 1.560060 2.974479
 12063.000000 6.051759 1.559786 2.939435
 12066.000000 5.999557 1.569693 2.914960
 12069.000000 5.995045 1.554012 2.943345
 12072.000000 6.033923 1.559023 2.943529
 12075.000000 5.979291 1.565291 2.957492
 12078.000000 6.000558 1.554753 2.965231
 12081.000000 5.906987 1.572800 2.929105
 12084.000000 5.932028 1.566717 2.949682
 12087.000000 5.846291 1.557220 2.955174
 12090.000000 5.882836 1.558317 2.953083
 12093.000000 5.946103 1.524775 2.963739
 12096.000000 5.888535 1.509391 2.984942
 12099.000000 5.815055 1.492743 2.996382
 12102.000000 5.894856 1.516852 2.970672
 12105.000000 5.960078 1.517979 2.964224
 12108.000000 6.016014 1.553402 2.924694
 12111.000000 5.981271 1.531290 2.936548
 12114.000000 6.075723 1.567136 2.972674
 12117.000000 6.124749 1.567056 2.958101
 12120.000000 6.105628 1.553256 2.970606
 12123.000000 6.046051 1.558186 2.965919
 12126.000000 5.919177 1.554398 2.931930
 12129.000000 6.005495 1.534522 2.970108
 12132.000000 5.943804 1.566207 2.928068
 12135.000000 5.954837 1.578968 2.945378
 12138.000000 5.935822 1.578849 2.963750
 12141.000000 5.931518 1.548797 2.985820
 12144.000000 5.909656 1.570820 2.930903
 12147.000000 5.811970 1.571279 2.916569
 12150.000000 5.867435 1.573180 2.891670
 12153.000000 5.915905 1.569130 2.930454
 12156.000000 5.998802 1.567739 2.933258
 12159.000000 6.095404 1.580674 2.889320
 12162.000000 5.959774 1.584064 2.916728
 12165.000000 5.990513 1.588447 2.863431
 12168.000000 5.974637 1.544218 2.902279
 12171.000000 6.015333 1.533644 2.916208
 12174.000000 6.058630 1.507847 2.955241
 12177.000000 6.077290 1.531441 2.923807
 12180.000000 6.054229 1.541426 2.928629
 12183.000000 6.035474 1.501879 2.981336
 12186.000000 5.987006 1.511546 2.965731
 12189.000000 6.008079 1.519343 2.932269
 12192.000000 5.967290 1.534676 2.916370
 12195.000000 5.893500 1.541922 2.946927
 12198.000000 5.955698 1.527680 2.942096
 12201.000000 6.038390 1.532811 2.933673
 12204.000000 5.990862 1.529851 2.933253
 12207.000000 5.920252 1.545184 2.925780
 12210.000000 6.002815 1.556511 2.938042
 12213.000000 5.996515 1.514290 2.973021
 12216.000000 6.010137 1.515365 2.967942
 12219.000000 6.069408 1.515093 3.004767
 12222.000000 5.994585 1.513231 2.978227
 12225.000000 6.045298 1.535572 2.971373
 12228.000000 6.014915 1.535053 2.974784
 12231.000000 6.059103 1.519967 2.982412
 12234.000000 6.100367 1.540601 2.931456
 12237.000000 6.083930 1.532099 2.969176
 12240.000000 6.052275 1.513184 2.968582
 12243.000000 5.988886 1.519627 2.933935
 12246.000000 5.974387 1.511808 2.940625
 12249.000000 6.027722 1.556590 2.970682
 12252.000000 5.969253 1.539781 2.981055
 12255.000000 5.952058 1.569532 2.948758
 12258.000000 5.972141 1.568835 2.972380
 12261.000000 6.022869 1.579348 2.953007
 12264.000000 6.022479 1.564386 2.988500
 12267.000000 6.006745 1.582882 2.978042
 12270.000000 6.056601 1.540357 3.017931
 12273.000000 5.934047 1.534574 3.002319
 12276.000000 6.048065 1.546311 3.030566
 12279.000000 6.000767 1.555075 3.004144
 12282.000000 6.025404 1.574017 2.977000
 12285.000000 6.012631 1.552513 2.996620
 12288.000000 6.003656 1.574095 2.968215
 12291.000000 6.019824 1.548998 3.008276
 12294.000000 5.999515 1.583271 2.971598
 12297.000000 6.028233 1.559742 3.006341
 12300.000000 6.171274 1.572243 2.981680
 12303.000000 6.151254 1.565819 2.967518
 12306.000000 6.233516 1.585123 2.974561
 12309.000000 6.158312 1.552455 2.973496
 12312.000000 6.043590 1.550924 2.959630
 12315.000000 5.983117 1.547598 2.943816
 12318.000000 5.956036 1.564908 2.912345
 12321.000000 5.940318 1.566643 2.933561
 12324.000000 6.008577 1.583102 2.931103
 12327.000000 5.966593 1.591186 2.928006
 12330.000000 5.942207 1.564742 2.934478
 12333.000000 5.933904 1.576524 2.911713
 12336.000000 6.032905 1.568829 2.949920
 12339.000000 6.019965 1.586135 2.938453
 12342.000000 6.056465 1.564614 2.968192
 12345.000000 6.055305 1.591828 2.957410
 12348.000000 5.998226 1.569519 2.997853
 12351.000000 5.880030 1.593990 3.010520
 12354.000000 6.029996 1.577177 3.036305
 12357.000000 6.076241 1.583881 3.026475
 12360.000000 5.985300 1.575449 3.014145
 12363.000000 6.016330 1.589603 3.001621
 12366.000000 5.998026 1.556774 3.001003
 12369.000000 5.973287 1.601411 2.962838
 12372.000000 5.976280 1.582317 2.996018
 12375.000000 5.923993 1.579856 3.018391
 12378.000000 5.879858 1.595452 2.979254
 12381.000000 5.912470 1.582178 3.011697
 12384.000000 5.973801 1.570528 3.040573
 12387.000000 5.965950 1.622466 2.996023
 12390.000000 5.998171 1.628166 3.004281
 12393.000000 5.908190 1.609849 3.024698
 12396.000000 5.983065 1.637191 2.981389
 12399.000000 5.981818 1.622026 3.007145
 12402.000000 6.008870 1.610701 3.013374
 12405.000000 5.947900 1.567764 3.034704
 12408.000000 5.877915 1.571668 2.999477
 12411.000000 5.847620 1.545046 2.990506
 12414.000000 5.839744 1.536722 2.962601
 12417.000000 5.849625 1.541839 2.956143
 12420.000000 5.907595 1.520506 3.010612
 12423.000000 5.927047 1.549743 2.981701
 12426.000000 5.993191 1.545307 2.977976
 12429.000000 5.998763 1.516516 3.007573
 12432.000000 5.911853 1.530816 2.978589
 12435.000000 5.927679 1.529879 2.927812
 12438.000000 5.789318 1.512246 2.950406
 12441.000000 5.837416 1.534132 2.958626
 12444.000000 5.852189 1.527823 2.934622
 12447.000000 5.865330 1.499979 2.980320
 12450.000000 5.825850 1.525306 2.980242
 12453.000000 5.874747 1.516268 2.977194
 12456.000000 5.905359 1.515516 2.966619
 12459.000000 5.933134 1.511639 3.002215
 12462.000000 6.059250 1.514944 2.992845
 12465.000000 6.034989 1.518628 2.986783
 12468.000000 6.057993 1.532079 3.000864
 12471.000000 6.067877 1.533480 2.976194
 12474.000000 6.105829 1.543855 2.977263
 12477.000000 6.090251 1.549294 2.955369
 12480.000000 6.137708 1.558386 2.973497
 12483.000000 6.113532 1.541826 2.980384
 12486.000000 6.101923 1.524842 2.978807
 12489.000000 6.129951 1.534207 3.004654
 12492.000000 6.151555 1.525766 2.968828
 12495.000000 6.160305 1.542916 2.978541
 12498.000000 6.031935 1.520900 2.997628
 12501.000000 6.088004 1.551129 3.009476
 12504.000000 6.072241 1.575460 2.988799
 12507.000000 6.083208 1.569317 2.999052
 12510.000000 6.037864 1.573068 2.984050
 12513.000000 6.087479 1.595682 2.984557
 12516.000000 6.077153 1.599934 2.956783
 12519.000000 5.952906 1.580234 2.986448
 12522.000000 5.964334 1.570201 3.034647
 12525.000000 5.925936 1.581885 3.010962
 12528.000000 5.919403 1.549488 3.014876
 12531.000000 6.030559 1.551333 2.998373
 12534.000000 6.018511 1.542902 3.055440
 12537.000000 6.016188 1.528245 3.036380
 12540.000000 6.013660 1.559182 2.998234
 12543.000000 6.078184 1.557486 3.003325
 12546.000000 6.078460 1.563886 2.956181
 12549.000000 6.087035 1.561589 2.940348
 12552.000000 6.041877 1.547445 2.971491
 12555.000000 5.985079 1.547369 2.978764
 12558.000000 6.006301 1.570232 2.972859
 12561.000000 6.055424 1.577142 2.924311
 12564.000000 6.152702 1.544841 2.964523
 12567.000000 6.084084 1.537612 2.938134
 12570.000000 6.179577 1.529990 2.875506
 12573.000000 6.123026 1.530161 2.877865
 12576.000000 6.135337 1.547913 2.927352
 12579.000000 6.191105 1.523753 2.939947
 12582.000000 6.027647 1.515548 2.915353
 12585.000000 6.042121 1.494478 2.965155
 12588.000000 6.120317 1.498214 2.970425
 12591.000000 6.125620 1.504801 2.969032
 12594.000000 6.134144 1.525888 2.947406
 12597.000000 6.069138 1.537355 2.902222
 12600.000000 6.075857 1.521643 2.949211
 12603.000000 6.050589 1.481270 2.950526
 12606.000000 6.040832 1.480032 2.954160
 12609.000000 5.999122 1.495626 2.948572
 12612.000000 6.054924 1.534847 2.910516
 12615.000000 6.067039 1.529892 2.948530
 12618.000000 6.088840 1.566388 2.941371
 12621.000000 6.093743 1.554401 2.957380
 12624.000000 6.158337 1.546137 2.961395
 12627.000000 6.087311 1.554937 2.952057
 12630.000000 6.148072 1.546811 2.965440
 12633.000000 6.120023 1.556951 2.940253
 12636.000000 6.104114 1.526735 2.950613
 12639.000000 6.088397 1.493155 2.968066
 12642.000000 6.024868 1.489082 2.975025
 12645.000000 6.051173 1.507486 2.979529
 12648.000000 6.078718 1.537866 2.962962
 12651.000000 6.178370 1.540223 2.952972
 12654.000000 6.119625 1.550570 2.895573
 12657.000000 6.144788 1.558054 2.938467
 12660.000000 6.161732 1.542601 2.946277
 12663.000000 6.152689 1.523108 2.953899
 12666.000000 6.121373 1.546228 2.946514
 12669.000000 6.070369 1.561959 2.934135
 12672.000000 6.076337 1.602791 2.923135
 12675.000000 6.013165 1.593435 2.936033
 12678.000000 6.006229 1.556425 2.988911
 12681.000000 5.983476 1.564043 2.994265
 12684.000000 5.965065 1.534664 3.021001
 12687.000000 6.024565 1.544101 3.030988
 12690.000000 6.050875 1.558154 3.011598
 12693.000000 6.006293 1.554540 3.001095
 12696.000000 5.967536 1.541776 3.021977
 12699.000000 5.968390 1.537762 3.042116
 12702.000000 5.998405 1.539633 3.010826
 12705.000000 6.026629 1.530851 3.016821
 12708.000000 6.023624 1.547343 2.977242
 12711.000000 6.048590 1.571693 2.949690
 12714.000000 6.029728 1.549732 2.980644
 12717.000000 6.052638 1.559688 2.966870
 12720.000000 6.128695 1.562797 2.968194
 12723.000000 6.054939 1.545359 2.985602
 12726.000000 5.980240 1.555340 2.983880
 12729.000000 5.976129 1.518926 3.051348
 12732.000000 6.049002 1.512351 3.012480
 12735.000000 6.075544 1.550010 2.980799
 12738.000000 6.084912 1.567235 2.968959
 12741.000000 6.043202 1.564269 2.994784
 12744.000000 6.065631 1.558868 2.974615
 12747.000000 6.060357 1.545222 2.974361
 12750.000000 6.082836 1.500276 3.002956
 12753.000000 6.032128 1.513919 2.967721
 12756.000000 6.090099 1.516755 2.961555
 12759.000000 6.077227 1.541720 2.929985
 12762.000000 6.028794 1.527208 2.924845
 12765.000000 6.052926 1.539032 2.954451
 12768.000000 6.088810 1.536478 2.981635
 12771.000000 6.079452 1.535813 2.980636
 12774.000000 6.030242 1.496769 3.001356
 12777.000000 5.993299 1.507405 3.023341
 12780.000000 5.943739 1.539156 2.980194
 12783.000000 5.957233 1.541335 2.979742
 12786.000000 5.996291 1.539029 3.001290
 12789.000000 6.037201 1.536919 3.004976
 12792.000000 5.928333 1.513447 2.982448
 12795.000000 5.852303 1.504244 2.981995
 12798.000000 5.843535 1.511977 2.960754
 12801.000000 5.882940 1.528258 2.977235
 12804.000000 5.879440 1.538423 2.987707
 12807.000000 5.963667 1.561848 2.970517
 12810.000000 6.082271 1.586716 2.960327
 12813.000000 6.018457 1.555447 2.983010
 12816.000000 6.040281 1.557866 2.973703
 12819.000000 6.078670 1.548116 2.989589
 12822.000000 6.024320 1.546371 3.026310
 12825.000000 6.100786 1.553207 3.040649
 12828.000000 6.022698 1.549680 3.025588
 12831.000000 6.039960 1.538429 2.998449
 12834.000000 5.994059 1.542455 3.026357
 12837.000000 6.007013 1.492694 3.059481
 12840.000000 6.027977 1.522458 3.042914
 12843.000000 5.943699 1.522762 3.049006
 12846.000000 6.023566 1.518036 3.049862
 12849.000000 6.044270 1.552072 3.015853
 12852.000000 6.049688 1.562484 3.037633
 12855.000000 5.994996 1.546898 3.050290
 12858.000000 5.984710 1.536423 3.032688
 12861.000000 5.990377 1.531825 3.049211
 12864.000000 6.028076 1.558380 3.025338
 12867.000000 5.940936 1.561094 2.984645
 12870.000000 6.064111 1.544523 2.960220
 12873.000000 6.060272 1.556975 3.019271
 12876.000000 5.970224 1.497372 3.038140
 12879.000000 5.992875 1.511452 2.992926
 12882.000000 6.003902 1.527312 3.027107
 12885.000000 6.066539 1.540086 2.999747
 12888.000000 6.061371 1.520564 3.018448
 12891.000000 6.025693 1.531132 2.977632
 12894.000000 6.022163 1.529990 2.994665
 12897.000000 6.045058 1.531326 2.990220
 12900.000000 6.048520 1.578988 2.949312
 12903.000000 6.112907 1.586796 2.935578
 12906.000000 6.010570 1.565473 2.955642
 12909.000000 5.943552 1.565287 2.909425
 12912.000000 5.971873 1.601836 2.888821
 12915.000000 5.921699 1.577266 2.865704
 12918.000000 6.042447 1.566207 2.895313
 12921.000000 6.020350 1.535657 2.937656
 12924.000000 5.935207 1.546767 2.926870
 12927.000000 5.960836 1.555364 2.992611
 12930.000000 6.042594 1.552938 2.969857
 12933.000000 6.053862 1.543500 2.991849
 12936.000000 6.125462 1.564755 2.982751
 12939.000000 6.171873 1.558302 2.960957
 12942.000000 6.247884 1.557966 2.968101
 12945.000000 6.209256 1.567745 2.957025
 12948.000000 6.127019 1.546412 2.985409
 12951.000000 6.126778 1.551979 2.977672
 12954.000000 6.043783 1.566388 2.958400
 12957.000000 5.924263 1.580688 2.926356
 12960.000000 5.961948 1.562947 2.944965
 12963.000000 5.918354 1.555398 2.953004
 12966.000000 5.951472 1.558151 2.940171
 12969.000000 5.945650 1.552056 2.965008
 12972.000000 5.856654 1.552875 2.963724
 12975.000000 5.872406 1.577616 2.954848
 12978.000000 5.824587 1.582177 2.945880
 12981.000000 5.813851 1.592979 2.959536
 12984.000000 5.881982 1.597715 2.927594
 12987.000000 5.832611 1.556831 2.964621
 12990.000000 5.889029 1.581018 2.940380
 12993.000000 5.901947 1.560585 2.996927
 12996.000000 5.956616 1.569551 3.008779
 12999.000000 5.933728 1.580593 2.978944
 13002.000000 5.942747 1.581113 2.992156
 13005.000000 6.033371 1.614690 2.965250
 13008.000000 6.041436 1.600955 2.985292
 13011.000000 6.066964 1.599233 3.004895
 13014.000000 6.107774 1.615024 3.049155
 13017.000000 6.107497 1.619174 3.013329
 13020.000000 6.103798 1.604905 3.027147
 13023.000000 6.072797 1.601184 3.001645
 13026.000000 5.964649 1.575652 3.025563
 13029.000000 6.038453 1.559234 3.029234
 13032.000000 6.041079 1.544878 3.038895
 13035.000000 6.017771 1.557903 3.030046
 13038.000000 6.009374 1.560829 2.995423
 13041.000000 6.012462 1.555595 3.009529
 13044.000000 6.041474 1.563894 2.979087
 13047.000000 6.056533 1.555742 2.970956
 13050.000000 5.994436 1.539728 2.982126
 13053.000000 6.010682 1.545931 2.951765
 13056.000000 5.960469 1.574031 2.929697
 13059.000000 6.056861 1.564589 2.943395
 13062.000000 6.058310 1.554408 2.995523
 13065.000000 6.047437 1.555953 2.998736
 13068.000000 5.979446 1.574581 2.965690
 13071.000000 5.993238 1.560338 2.946045
 13074.000000 5.995243 1.534276 2.994770
 13077.000000 6.018927 1.532053 3.012972
 13080.000000 6.052599 1.544882 2.960275
 13083.000000 6.006687 1.518193 3.018517
 13086.000000 5.919982 1.548980 2.993525
 13089.000000 5.962104 1.545720 3.003155
 13092.000000 5.975805 1.517415 2.991101
 13095.000000 5.930361 1.535405 2.971700
 13098.000000 5.826174 1.514350 2.988175
 13101.000000 5.836684 1.521977 2.991481
 13104.000000 5.861415 1.531511 2.996876
 13107.000000 5.749559 1.537016 2.969153
 13110.000000 5.755573 1.547555 2.962581
 13113.000000 5.822906 1.549818 2.978023
 13116.000000 5.892622 1.547826 2.988799
 13119.000000 5.905738 1.565143 2.958179
 13122.000000 5.757421 1.540105 2.990134
 13125.000000 5.830608 1.552636 2.985083
 13128.000000 5.900508 1.575637 2.991163
 13131.000000 5.835558 1.529322 3.009207
 13134.000000 5.880426 1.525597 3.034743
 13137.000000 5.905397 1.526024 3.047935
 13140.000000 5.869685 1.544575 3.057587
 13143.000000 5.929388 1.547024 3.030612
 13146.000000 5.945300 1.561894 2.979977
 13149.000000 5.811722 1.552860 2.978993
 13152.000000 5.778322 1.542273 2.999961
 13155.000000 5.790852 1.526930 3.042422
 13158.000000 5.865748 1.567303 3.025907
 13161.000000 5.931865 1.591437 3.000280
 13164.000000 5.930497 1.562495 2.983142
 13167.000000 5.969032 1.569806 2.965888
 13170.000000 5.933160 1.608544 2.938105
 13173.000000 5.981110 1.581196 3.001163
 13176.000000 5.931478 1.572453 3.008468
 13179.000000 6.016698 1.591158 2.967860
 13182.000000 5.998566 1.579862 2.980607
 13185.000000 5.896494 1.580022 2.982588
 13188.000000 5.838962 1.574400 2.959434
 13191.000000 5.883704 1.552732 2.938979
 13194.000000 5.952574 1.578786 2.934913
 13197.000000 5.967363 1.595378 2.925783
 13200.000000 5.859148 1.578539 2.955169
 13203.000000 5.823016 1.563512 2.939746
 13206.000000 5.780489 1.551024 2.974489
 13209.000000 5.810784 1.548446 2.986423
 13212.000000 5.809206 1.549492 2.993871
 13215.000000 5.821534 1.524297 3.025924
 13218.000000 5.816574 1.530439 2.991561
 13221.000000 5.891940 1.563634 3.021653
 13224.000000 5.811569 1.564669 2.987050
 13227.000000 5.880326 1.553018 3.015123
 13230.000000 5.937647 1.576430 2.973839
 13233.000000 5.915112 1.565987 2.972552
 13236.000000 5.934180 1.567018 2.965420
 13239.000000 5.915193 1.500194 3.031609
 13242.000000 5.952161 1.519927 3.005296
 13245.000000 5.980904 1.519509 2.991085
 13248.000000 5.966149 1.535682 2.988828
 13251.000000 6.039151 1.552568 2.983887
 13254.000000 6.057677 1.556456 2.972610
 13257.000000 6.067542 1.584867 2.990764
 13260.000000 6.012202 1.562620 3.017864
 13263.000000 6.001319 1.586027 2.961729
 13266.000000 6.053398 1.582638 2.953151
 13269.000000 5.998141 1.576020 2.997568
 13272.000000 5.974005 1.585204 2.990454
 13275.000000 6.013939 1.601477 2.944057
 13278.000000 6.002509 1.575535 3.021228
 13281.000000 6.066613 1.592890 2.981654
 13284.000000 6.091021 1.570971 2.982084
 13287.000000 6.086076 1.597580 2.985806
 13290.000000 6.221320 1.589947 2.959253
 13293.000000 6.185974 1.581673 2.984477
 13296.000000 6.169186 1.578140 2.968745
 13299.000000 6.134709 1.566854 2.975823
 13302.000000 6.168400 1.587584 2.984853
 13305.000000 6.151095 1.556823 2.960196
 13308.000000 6.207188 1.587347 2.953513
 13311.000000 6.195358 1.587111 2.959980
 13314.000000 6.174556 1.572959 2.930461
 13317.000000 6.240533 1.580856 2.920845
 13320.000000 6.193484 1.576565 2.907013
 13323.000000 6.112011 1.554106 2.958457
 13326.000000 6.087675 1.552230 2.961861
 13329.000000 6.033087 1.553474 2.970968
 13332.000000 6.014924 1.570802 2.999797
 13335.000000 6.064946 1.579900 2.968504
 13338.000000 6.006705 1.557038 2.967896
 13341.000000 6.074410 1.576632 2.935945
 13344.000000 5.989281 1.569541 2.958703
 13347.000000 5.971987 1.585005 2.978876
 13350.000000 5.921156 1.610126 2.911602
 13353.000000 5.940486 1.621860 2.907736
 13356.000000 5.934508 1.578600 2.941459
 13359.000000 5.891406 1.570334 2.941343
 13362.000000 5.916436 1.572990 2.947715
 13365.000000 5.821980 1.583506 2.939374
 13368.000000 5.895964 1.572681 2.945613
 13371.000000 5.838623 1.559990 2.943333
 13374.000000 5.838730 1.547755 2.909691
 13377.000000 5.891549 1.536389 2.930851
 13380.000000 5.904344 1.555454 2.943600
 13383.000000 5.815021 1.564921 2.924551
 13386.000000 5.887997 1.539562 2.927672
 13389.000000 5.927025 1.533726 2.908477
 13392.000000 5.889394 1.545113 2.897942
 13395.000000 5.923496 1.517868 2.906000
 13398.000000 5.889760 1.516178 2.889160
 13401.000000 5.830844 1.503737 2.910666
 13404.000000 5.882178 1.514240 2.911330
 13407.000000 5.862964 1.521378 2.927425
 13410.000000 5.831696 1.519234 2.949888
 13413.000000 5.852087 1.523011 2.966952
 13416.000000 5.820187 1.530595 2.960024
 13419.000000 5.819579 1.534224 2.914851
 13422.000000 5.849132 1.541645 2.937704
 13425.000000 5.864485 1.544860 2.935809
 13428.000000 5.926279 1.557461 2.942299
 13431.000000 5.893031 1.535493 2.960100
 13434.000000 5.871086 1.531470 2.972651
 13437.000000 5.834262 1.567287 2.952217
 13440.000000 5.803086 1.545884 2.977632
 13443.000000 5.870868 1.542037 2.958577
 13446.000000 5.820296 1.546487 2.989438
 13449.000000 5.841980 1.589993 2.916351
 13452.000000 5.835264 1.575732 2.938462
 13455.000000 5.885826 1.587963 2.976874
 13458.000000 5.891392 1.567997 2.958897
 13461.000000 5.930219 1.551648 2.988703
 13464.000000 5.898611 1.533444 3.009143
 13467.000000 5.949984 1.537679 2.973271
 13470.000000 5.949649 1.526023 2.966280
 13473.000000 5.988799 1.542337 2.967220
 13476.000000 5.939932 1.516870 2.985515
 13479.000000 6.029375 1.540745 2.955192
 13482.000000 5.934688 1.515061 2.972411
 13485.000000 5.914507 1.537249 2.933360
 13488.000000 5.858811 1.521129 2.953334
 13491.000000 5.769102 1.504797 2.983899
 13494.000000 5.823043 1.528315 2.950292
 13497.000000 5.860030 1.543777 2.937858
 13500.000000 5.882041 1.527533 2.989936
 13503.000000 5.827863 1.524917 2.959201
 13506.000000 5.909350 1.565584 2.893808
 13509.000000 5.871125 1.580639 2.895912
 13512.000000 5.832391 1.552181 2.915219
 13515.000000 5.852814 1.544644 2.928054
 13518.000000 5.867324 1.530947 2.928248
 13521.000000 5.806548 1.563922 2.926490
 13524.000000 5.646621 1.549787 2.959586
 13527.000000 5.740979 1.560650 2.913648
 13530.000000 5.727134 1.569838 2.910519
 13533.000000 5.646133 1.563137 2.927902
 13536.000000 5.730494 1.558748 2.952363
 13539.000000 5.673447 1.573248 2.926766
 13542.000000 5.673195 1.545461 2.952290
 13545.000000 5.703527 1.530602 2.965856
 13548.000000 5.725362 1.528152 2.948498
 13551.000000 5.757696 1.539748 2.942143
 13554.000000 5.687620 1.544427 2.948143
 13557.000000 5.695000 1.569099 2.919622
 13560.000000 5.743867 1.554146 2.933421
 13563.000000 5.761094 1.571895 2.930760
 13566.000000 5.815329 1.566988 2.922431
 13569.000000 5.817044 1.549106 2.944413
 13572.000000 5.834082 1.542681 2.951248
 13575.000000 5.729909 1.548875 2.908242
 13578.000000 5.810217 1.547059 2.939892
 13581.000000 5.791712 1.521705 2.955532
 13584.000000 5.862836 1.557738 2.896055
 13587.000000 5.903273 1.554166 2.937557
 13590.000000 5.892338 1.546867 2.924025
 13593.000000 5.891541 1.542210 2.920920
 13596.000000 5.930420 1.602126 2.875531
 13599.000000 5.984663 1.567742 2.875231
 13602.000000 5.903818 1.581390 2.949663
 13605.000000 5.947835 1.593463 2.945414
 13608.000000 5.863450 1.571955 2.960899
 13611.000000 5.848668 1.557469 2.960119
 13614.000000 5.861449 1.569725 2.913684
 13617.000000 5.766926 1.549574 2.970821
 13620.000000 5.795978 1.593981 2.945247
 13623.000000 5.767063 1.591503 2.950706
 13626.000000 5.687714 1.590581 2.926627
 13629.000000 5.742677 1.602248 2.927666
 13632.000000 5.749739 1.607934 2.907774
 13635.000000 5.754595 1.590427 2.914652
 13638.000000 5.899912 1.589481 2.894064
 13641.000000 5.956423 1.592229 2.914221
 13644.000000 5.891185 1.624128 2.917084
 13647.000000 5.835351 1.606493 2.964380
 13650.000000 5.858180 1.588271 2.987825
 13653.000000 5.803130 1.578573 2.968522
 13656.000000 5.882237 1.597352 2.975216
 13659.000000 5.835767 1.564451 3.004438
 13662.000000 5.870532 1.552760 2.958063
 13665.000000 5.841223 1.586800 2.917263
 13668.000000 5.891562 1.562565 2.974575
 13671.000000 5.908856 1.609590 2.941785
 13674.000000 5.901060 1.615583 2.949667
 13677.000000 5.929391 1.602371 2.983133
 13680.000000 5.971229 1.592309 3.002868
 13683.000000 6.020200 1.603701 2.970346
 13686.000000 5.971768 1.598686 2.961823
 13689.000000 6.039551 1.580481 2.968184
 13692.000000 5.976451 1.581099 2.983263
 13695.000000 5.927169 1.586620 2.955974
 13698.000000 6.024369 1.594920 2.917672
 13701.000000 6.004621 1.586953 2.941326
 13704.000000 5.933953 1.576112 2.943226
 13707.000000 5.961813 1.561321 2.971524
 13710.000000 5.906450 1.542331 2.960484
 13713.000000 5.867740 1.547320 2.995673
 13716.000000 5.902091 1.543867 3.002999
 13719.000000 5.896806 1.566005 2.990485
 13722.000000 5.965342 1.603068 2.980042
 13725.000000 6.027720 1.606986 2.986282
 13728.000000 6.069711 1.618591 2.966400
 13731.000000 6.153320 1.629925 2.955107
 13734.000000 6.078377 1.605928 2.939027
 13737.000000 6.016208 1.592675 2.964987
 13740.000000 5.997823 1.589678 2.952813
 13743.000000 6.197481 1.557423 3.001302
 13746.000000 6.064086 1.607124 2.969440
 13749.000000 5.972913 1.605153 2.973726
 13752.000000 5.955186 1.628746 2.943269
 13755.000000 5.942016 1.640013 2.961608
 13758.000000 5.994590 1.606825 2.963602
 13761.000000 5.986394 1.615270 2.964569
 13764.000000 5.989155 1.581323 2.997729
 13767.000000 5.993800 1.585534 2.979259
 13770.000000 5.884745 1.570197 3.010232
 13773.000000 5.916396 1.591350 3.011611
 13776.000000 5.966709 1.622538 2.987827
 13779.000000 5.895291 1.621919 2.995775
 13782.000000 5.886303 1.558493 3.032473
 13785.000000 5.917755 1.573010 2.979398
 13788.000000 5.967597 1.575473 2.997466
 13791.000000 5.968811 1.570271 2.948182
 13794.000000 5.956798 1.582669 2.978314
 13797.000000 5.884269 1.589540 3.014867
 13800.000000 5.905676 1.559725 3.001945
 13803.000000 5.881119 1.544926 3.000451
 13806.000000 5.841610 1.528202 3.009254
 13809.000000 5.863913 1.539324 3.010804
 13812.000000 5.881705 1.532047 2.994508
 13815.000000 5.827243 1.533049 2.976895
 13818.000000 5.825065 1.526981 2.977488
 13821.000000 5.817018 1.522932 2.930656
 13824.000000 5.782836 1.509052 2.951450
 13827.000000 5.809008 1.507226 2.934723
 13830.000000 5.869306 1.521015 2.910364
 13833.000000 5.961083 1.534653 2.921651
 13836.000000 5.875676 1.489614 2.925920
 13839.000000 5.924648 1.507336 2.904016
 13842.000000 5.984559 1.521227 2.916910
 13845.000000 6.031366 1.536453 2.907592
 13848.000000 6.161321 1.492228 2.963687
 13851.000000 6.078111 1.499495 2.972113
 13854.000000 6.053148 1.510896 2.967097
 13857.000000 6.108274 1.501557 2.967645
 13860.000000 5.993165 1.509670 2.966002
 13863.000000 5.994033 1.504867 2.970553
 13866.000000 6.010446 1.466992 2.999185
 13869.000000 6.049327 1.517883 2.990591
 13872.000000 5.967479 1.523543 2.960565
 13875.000000 5.943217 1.529813 2.978319
 13878.000000 5.978905 1.507493 2.992737
 13881.000000 5.918071 1.511625 2.971981
 13884.000000 5.887422 1.498899 2.968967
 13887.000000 5.906693 1.488192 2.995696
 13890.000000 5.915387 1.488529 3.008977
 13893.000000 6.011838 1.495023 2.985210
 13896.000000 5.981098 1.505717 2.956648
 13899.000000 5.935431 1.503409 2.942924
 13902.000000 5.891095 1.513056 2.924982
 13905.000000 5.973043 1.498785 2.975905
 13908.000000 5.988591 1.505556 2.953046
 13911.000000 6.028028 1.527249 2.947309
 13914.000000 6.028899 1.524157 2.968724
 13917.000000 6.063477 1.548025 2.939169
 13920.000000 6.020906 1.552040 2.986294
 13923.000000 6.036067 1.533464 3.005976
 13926.000000 5.934951 1.544651 2.976677
 13929.000000 5.942850 1.524178 3.017314
 13932.000000 5.974915 1.519386 2.983266
 13935.000000 5.959453 1.517376 3.015719
 13938.000000 5.914296 1.533591 2.980577
 13941.000000 5.950442 1.538733 2.968005
 13944.000000 6.060330 1.526748 2.956989
 13947.000000 6.016056 1.530994 2.932728
 13950.000000 5.937900 1.520077 2.960714
 13953.000000 6.009271 1.520737 2.955016
 13956.000000 5.962025 1.514340 2.957892
 13959.000000 6.087795 1.518935 2.952575
 13962.000000 6.028222 1.512443 2.948742
 13965.000000 6.044216 1.527471 2.929778
 13968.000000 6.065896 1.536816 2.912108
 13971.000000 5.921872 1.525902 2.909578
 13974.000000 5.940767 1.542917 2.871256
 13977.000000 6.053238 1.565867 2.894675
 13980.000000 6.027301 1.538678 2.915696
 13983.000000 5.963972 1.535592 2.918366
 13986.000000 5.921164 1.543842 2.950927
 13989.000000 5.879121 1.531696 2.974665
 13992.000000 5.930790 1.548503 2.946488
 13995.000000 5.946937 1.529398 2.952362
 13998.000000 6.008194 1.538221 2.962497
 14001.000000 5.971183 1.544580 2.977117
 14004.000000 6.044775 1.502129 2.978622
 14007.000000 5.950407 1.501848 2.973319
 14010.000000 6.002028 1.501700 2.967008
 14013.000000 6.054773 1.526704 2.942803
 14016.000000 6.085027 1.522064 2.941027
 14019.000000 6.074599 1.522039 2.929939
 14022.000000 5.985194 1.540618 2.919018
 14025.000000 6.023257 1.553631 2.913646
 14028.000000 5.993485 1.559737 2.914095
 14031.000000 6.001420 1.554402 2.939669
 14034.000000 5.958009 1.557319 2.904184
 14037.000000 5.953798 1.515284 2.918654
 14040.000000 5.902127 1.498220 2.939381
 14043.000000 5.928518 1.518447 2.925059
 14046.000000 5.853255 1.505955 2.955510
 14049.000000 5.859230 1.520035 2.921233
 14052.000000 5.897541 1.532286 2.958630
 14055.000000 5.951596 1.524447 2.969261
 14058.000000 5.943028 1.514269 2.954092
 14061.000000 5.971519 1.519344 2.940251
 14064.000000 5.997459 1.546239 2.897537
 14067.000000 5.993799 1.552906 2.915512
 14070.000000 6.035394 1.558133 2.907743
 14073.000000 5.959286 1.544367 2.951891
 14076.000000 6.023029 1.569060 2.915707
 14079.000000 5.950309 1.564463 2.965237
 14082.000000 5.979011 1.559489 2.933482
 14085.000000 5.961246 1.561600 2.934361
 14088.000000 5.979732 1.571095 2.940767
 14091.000000 5.956948 1.572610 2.934883
 14094.000000 5.894578 1.556698 2.952457
 14097.000000 5.849565 1.542298 2.939882
 14100.000000 5.887015 1.549855 2.951989
 14103.000000 5.820134 1.554295 2.937704
 14106.000000 5.845468 1.532130 2.946693
 14109.000000 5.864287 1.540937 2.993452
 14112.000000 5.873797 1.557125 2.951169
 14115.000000 5.935402 1.577440 2.939491
 14118.000000 5.967060 1.560317 2.993416
 14121.000000 5.956761 1.569959 2.976806
 14124.000000 5.870998 1.584502 2.942815
 14127.000000 5.890887 1.597291 2.922015
 14130.000000 5.869981 1.599816 2.943648
 14133.000000 5.808258 1.581455 2.942374
 14136.000000 5.830728 1.579611 2.917333
 14139.000000 5.945662 1.589881 2.894047
 14142.000000 6.006836 1.562890 2.931312
 14145.000000 5.985721 1.585267 2.910997
 14148.000000 5.875651 1.556811 2.956126
 14151.000000 5.944748 1.560172 2.945815
 14154.000000 5.860411 1.558001 2.942487
 14157.000000 5.995025 1.604139 2.911501
 14160.000000 6.043731 1.605939 2.952238
 14163.000000 6.041984 1.618864 2.947446
 14166.000000 6.063716 1.573880 2.983444
 14169.000000 6.125546 1.580729 2.997204
 14172.000000 6.093078 1.569017 2.997126
 14175.000000 6.152935 1.587652 2.969513
 14178.000000 6.140921 1.586521 2.997088
 14181.000000 6.180969 1.575049 3.019266
 14184.000000 6.228480 1.601793 3.015123
 14187.000000 6.253406 1.592405 3.009004
 14190.000000 6.122482 1.581148 3.017008
 14193.000000 6.140207 1.591725 3.005052
 14196.000000 6.144707 1.586855 3.027906
 14199.000000 6.156759 1.586049 3.017699
 14202.000000 6.179417 1.597773 3.019619
 14205.000000 6.111099 1.600465 2.999081
 14208.000000 6.205392 1.615764 3.007583
 14211.000000 6.142300 1.603646 2.995758
 14214.000000 6.148714 1.593609 3.031185
 14217.000000 6.201574 1.588946 3.008059
 14220.000000 6.258386 1.598928 3.010196
 14223.000000 6.134197 1.580249 3.021301
 14226.000000 6.097193 1.585547 2.973177
 14229.000000 6.116402 1.600300 3.005030
 14232.000000 6.169244 1.566927 3.021670
 14235.000000 6.052983 1.585124 3.001933
 14238.000000 6.161943 1.597776 3.000453
 14241.000000 6.101982 1.577261 3.020244
 14244.000000 6.113778 1.581217 3.001908
 14247.000000 6.135923 1.602061 2.965556
 14250.000000 6.137263 1.590784 2.954009
 14253.000000 6.127285 1.611384 2.960323
 14256.000000 6.150479 1.625162 2.945030
 14259.000000 6.130832 1.623135 2.948718
 14262.000000 6.014218 1.604813 2.934990
 14265.000000 5.992318 1.593814 2.959391
 14268.000000 6.067808 1.598932 2.962878
 14271.000000 6.028786 1.597470 2.941249
 14274.000000 5.982854 1.560124 3.011247
 14277.000000 6.043833 1.578610 2.971890
 14280.000000 6.113277 1.552374 2.949720
 14283.000000 6.096250 1.577957 2.940832
 14286.000000 5.965614 1.570933 2.963351
 14289.000000 6.034976 1.584685 2.905132
 14292.000000 6.050704 1.568052 2.938781
 14295.000000 5.982230 1.563078 2.966937
 14298.000000 5.986925 1.589741 2.930103
 14301.000000 5.984605 1.582936 2.941788
 14304.000000 6.040769 1.596742 2.940801
 14307.000000 5.994284 1.583710 2.961909
 14310.000000 6.017757 1.615164 2.948470
 14313.000000 5.951196 1.598575 2.980659
 14316.000000 5.887649 1.600674 2.988961
 14319.000000 5.959540 1.602739 3.005199
 14322.000000 5.912839 1.602658 3.001681
 14325.000000 5.949809 1.607579 2.980890
 14328.000000 5.824456 1.603642 2.959375
 14331.000000 5.851827 1.581817 2.955337
 14334.000000 5.869106 1.586400 2.936745
 14337.000000 5.881652 1.550773 2.951853
 14340.000000 5.911704 1.554169 2.967825
 14343.000000 5.896969 1.567417 2.928906
 14346.000000 5.903485 1.583409 2.952889
 14349.000000 5.963779 1.612511 2.970440
 14352.000000 5.835309 1.594406 2.940806
 14355.000000 5.881316 1.592204 2.953704
 14358.000000 5.865662 1.576857 2.969047
 14361.000000 5.843586 1.560596 2.972714
 14364.000000 5.926273 1.556663 2.943316
 14367.000000 5.922953 1.560210 2.928726
 14370.000000 5.804657 1.555942 2.921868
 14373.000000 5.813522 1.524775 2.964433
 14376.000000 5.811239 1.530554 2.952126
 14379.000000 5.796569 1.518325 2.959440
 14382.000000 5.748847 1.530831 2.987680
 14385.000000 5.643368 1.528584 2.958632
 14388.000000 5.663858 1.512990 2.968698
 14391.000000 5.729993 1.548149 2.947977
 14394.000000 5.795328 1.516199 2.926518
 14397.000000 5.695372 1.525319 2.895811
 14400.000000 5.748011 1.572514 2.864288
 14403.000000 5.795204 1.527738 2.953985
 14406.000000 5.891301 1.552440 2.935750
 14409.000000 5.815832 1.537876 2.942577
 14412.000000 5.819063 1.508403 2.977479
 14415.000000 5.871087 1.554969 2.912678
 14418.000000 5.803665 1.545969 2.912926
 14421.000000 5.887740 1.537914 2.946648
 14424.000000 5.927994 1.537955 2.911855
 14427.000000 5.987833 1.534141 2.905501
 14430.000000 5.947983 1.547932 2.911141
 14433.000000 5.940721 1.538313 2.889735
 14436.000000 5.904949 1.532657 2.925537
 14439.000000 5.908437 1.547126 2.924753
 14442.000000 5.909348 1.527351 2.947072
 14445.000000 5.852371 1.529107 2.925041
 14448.000000 5.761700 1.553879 2.937131
 14451.000000 5.818869 1.572132 2.903371
 14454.000000 5.851303 1.596543 2.911447
 14457.000000 5.873334 1.592648 2.886519
 14460.000000 5.892768 1.558644 2.889977
 14463.000000 5.936930 1.576900 2.883981
 14466.000000 5.956416 1.551865 2.895030
 14469.000000 5.948059 1.552040 2.899805
 14472.000000 5.899257 1.553798 2.895956
 14475.000000 5.869283 1.547035 2.903414
 14478.000000 5.857461 1.528807 2.949913
 14481.000000 5.911744 1.543823 2.939855
 14484.000000 5.879126 1.560814 2.907916
 14487.000000 5.875331 1.556274 2.931778
 14490.000000 5.942560 1.576518 2.931309
 14493.000000 5.882379 1.535938 2.952805
 14496.000000 5.864410 1.562562 2.919355
 14499.000000 5.842228 1.579600 2.933681
 14502.000000 5.842446 1.562270 2.986498
 14505.000000 5.844222 1.582212 2.971656
 14508.000000 5.843618 1.567451 2.951469
 14511.000000 5.786288 1.577357 2.917037
 14514.000000 5.868775 1.564936 2.981402
 14517.000000 5.828722 1.589135 2.920944
 14520.000000 5.953705 1.606019 2.920944
 14523.000000 5.915111 1.562629 2.912269
 14526.000000 5.955651 1.569009 2.942993
 14529.000000 5.997345 1.546551 2.964103
 14532.000000 5.916155 1.560286 2.945432
 14535.000000 5.805984 1.594774 2.927829
 14538.000000 5.798694 1.554493 2.972464
 14541.000000 5.823305 1.578466 2.946077
 14544.000000 5.884407 1.569033 2.925291
 14547.000000 5.888201 1.577557 2.953489
 14550.000000 5.915250 1.596145 2.931035
 14553.000000 5.948364 1.582888 2.943872
 14556.000000 6.030542 1.600326 2.970944
 14559.000000 5.997980 1.570575 2.993816
 14562.000000 5.803144 1.579633 2.946979
 14565.000000 5.800747 1.568983 2.966664
 14568.000000 5.773208 1.557646 2.973275
 14571.000000 5.862833 1.564327 3.010298
 14574.000000 5.915331 1.559242 2.998289
 14577.000000 5.888404 1.577949 2.991814
 14580.000000 5.912920 1.566402 3.010026
 14583.000000 5.911159 1.597139 2.972277
 14586.000000 5.856747 1.581293 2.969189
 14589.000000 5.939174 1.589212 2.959769
 14592.000000 5.933698 1.562365 2.959204
 14595.000000 5.901713 1.587106 2.943229
 14598.000000 5.860537 1.591235 2.920828
 14601.000000 5.963874 1.630341 2.929345
 14604.000000 5.990338 1.589410 2.922812
 14607.000000 5.949464 1.589872 2.907743
 14610.000000 5.941972 1.610134 2.917572
 14613.000000 5.894117 1.590193 2.939139
 14616.000000 5.832579 1.614196 2.936387
 14619.000000 5.886148 1.603472 2.948901
 14622.000000 5.905108 1.592821 2.949842
 14625.000000 5.857426 1.572540 2.989931
 14628.000000 5.822595 1.610167 2.941298
 14631.000000 5.800153 1.586209 2.933855
 14634.000000 5.850600 1.610919 2.916052
 14637.000000 5.774282 1.576408 2.918283
 14640.000000 5.843883 1.591739 2.918410
 14643.000000 5.879673 1.574845 2.955607
 14646.000000 5.920989 1.601870 2.940297
 14649.000000 5.897025 1.619111 2.929235
 14652.000000 5.917182 1.595460 2.936302
 14655.000000 5.950773 1.584589 2.948218
 14658.000000 5.987329 1.624023 2.925322
 14661.000000 6.083648 1.625874 2.933017
 14664.000000 6.056111 1.588606 2.956448
 14667.000000 6.069822 1.571176 2.940475
 14670.000000 6.128936 1.545791 2.981805
 14673.000000 6.069155 1.559139 2.950808
 14676.000000 6.060137 1.537873 2.945442
 14679.000000 6.070546 1.521179 2.947733
 14682.000000 6.000827 1.521759 2.944717
 14685.000000 6.048995 1.511731 2.959012
 14688.000000 6.064581 1.529051 2.958182
 14691.000000 5.921527 1.547764 2.929664
 14694.000000 5.970781 1.540723 2.945960
 14697.000000 6.017114 1.525918 2.931839
 14700.000000 5.990941 1.503786 2.967813
 14703.000000 6.036255 1.485343 2.947998
 14706.000000 6.058670 1.501971 2.953789
 14709.000000 6.024947 1.522142 2.922364
 14712.000000 5.990752 1.494142 2.951220
 14715.000000 5.963923 1.506889 2.945768
 14718.000000 5.973539 1.514526 2.930660
 14721.000000 6.018065 1.526325 2.920329
 14724.000000 5.930542 1.508405 2.937351
 14727.000000 5.950032 1.523520 2.911386
 14730.000000 5.917772 1.555024 2.924426
 14733.000000 5.917223 1.545327 2.920531
 14736.000000 5.916130 1.563532 2.927272
 14739.000000 5.942168 1.542528 2.987583
 14742.000000 5.961078 1.576047 2.924347
 14745.000000 5.981911 1.574527 2.946785
 14748.000000 5.978773 1.570361 2.962463
 14751.000000 6.003898 1.582435 2.946731
 14754.000000 6.077565 1.563258 2.966323
 14757.000000 6.048026 1.552504 2.952867
 14760.000000 6.067216 1.543998 2.952091
 14763.000000 6.015922 1.522148 2.995424
 14766.000000 6.062424 1.518053 2.962246
 14769.000000 6.113443 1.540730 2.943585
 14772.000000 6.118418 1.555242 2.918181
 14775.000000 6.088267 1.542957 2.909009
 14778.000000 6.096225 1.549377 2.927878
 14781.000000 6.061187 1.562627 2.909610
 14784.000000 6.064519 1.559351 2.954363
 14787.000000 5.983146 1.571438 2.962690
 14790.000000 6.023255 1.564755 2.921037
 14793.000000 5.972205 1.568126 2.913756
 14796.000000 5.850094 1.547945 2.955887
 14799.000000 5.833804 1.564358 2.935606
 14802.000000 5.866098 1.597836 2.924027
 14805.000000 5.906213 1.590171 2.932558
 14808.000000 5.911070 1.598884 2.873754
 14811.000000 5.931606 1.567639 2.952261
 14814.000000 5.935272 1.592159 2.932020
 14817.000000 6.005423 1.608023 2.903376
 14820.000000 6.037088 1.584819 2.928610
 14823.000000 5.966292 1.586900 2.919085
 14826.000000 5.942518 1.590050 2.927845
 14829.000000 6.033293 1.580903 2.917106
 14832.000000 5.986143 1.573252 2.918262
 14835.000000 5.970934 1.575816 2.938101
 14838.000000 5.879136 1.574094 2.913530
 14841.000000 5.809713 1.561346 2.913237
 14844.000000 6.004205 1.588871 2.923117
 14847.000000 5.934560 1.568115 2.914596
 14850.000000 6.009567 1.595749 2.910347
 14853.000000 6.036055 1.583208 2.916883
 14856.000000 6.092476 1.580903 2.945425
 14859.000000 6.064936 1.615172 2.941980
 14862.000000 5.983025 1.610078 2.928967
 14865.000000 6.014758 1.621482 2.907447
 14868.000000 6.036492 1.641880 2.903571
 14871.000000 6.031628 1.632640 2.910606
 14874.000000 5.900847 1.604805 2.938722
 14877.000000 5.882210 1.640681 2.893760
 14880.000000 5.877981 1.621301 2.929748
 14883.000000 5.860965 1.617005 2.950477
 14886.000000 5.859767 1.624196 2.925768
 14889.000000 5.827383 1.598876 2.946122
 14892.000000 5.815879 1.631347 2.955751
 14895.000000 5.848980 1.591206 3.002859
 14898.000000 5.860899 1.610884 2.985606
 14901.000000 5.836187 1.603930 2.983516
 14904.000000 5.894033 1.607558 2.984104
 14907.000000 5.875402 1.602527 3.007186
 14910.000000 5.860605 1.593175 2.982524
 14913.000000 5.849537 1.611269 2.949465
 14916.000000 5.808508 1.594706 2.970196
 14919.000000 5.798673 1.618332 2.971197
 14922.000000 5.676880 1.642613 2.925811
 14925.000000 5.720127 1.618411 2.989571
 14928.000000 5.750299 1.640137 2.997768
 14931.000000 5.729486 1.636629 2.972131
 14934.000000 5.716052 1.623733 2.979142
 14937.000000 5.721358 1.616880 2.971988
 14940.000000 5.724188 1.611957 2.975979
 14943.000000 5.792913 1.617221 2.963994
 14946.000000 5.689777 1.589385 2.975506
 14949.000000 5.685828 1.607627 2.969264
 14952.000000 5.762980 1.625996 2.987449
 14955.000000 5.755022 1.608369 3.006696
 14958.000000 5.844204 1.642693 2.991708
 14961.000000 5.747355 1.627181 2.978941
 14964.000000 5.749992 1.652648 2.950107
 14967.000000 5.813961 1.627546 2.974406
 14970.000000 5.873249 1.650254 2.993843
 14973.000000 5.927738 1.614710 3.009416
 14976.000000 5.931618 1.615911 3.003838
 14979.000000 5.926443 1.608567 3.025543
 14982.000000 5.881067 1.605247 3.010244
 14985.000000 5.918275 1.583124 3.056691
 14988.000000 5.874445 1.559889 3.064152
 14991.000000 5.943606 1.567260 3.052401
 14994.000000 5.890136 1.550715 3.053327
 14997.000000 5.957332 1.594521 3.017488
 15000.000000 5.921335 1.582414 3.018239
 15003.000000 5.921870 1.577362 3.029890
 15006.000000 5.787852 1.585640 3.010946
 15009.000000 5.826075 1.610607 3.009464
 15012.000000 5.866256 1.601442 2.969076
 15015.000000 5.834043 1.590462 3.003121
 15018.000000 5.828239 1.602036 3.032807
 15021.000000 5.861961 1.593237 3.028934
 15024.000000 5.963867 1.591216 3.044962
 15027.000000 5.906491 1.606740 3.007895
 15030.000000 5.934961 1.592185 3.016419
 15033.000000 5.924119 1.584548 3.004179
 15036.000000 5.929123 1.609201 3.014108
 15039.000000 5.957386 1.609319 3.019710
 15042.000000 6.012746 1.625275 2.988538
 15045.000000 5.965930 1.612642 2.980862
 15048.000000 5.963340 1.619324 2.960279
 15051.000000 5.926028 1.609647 2.995230
 15054.000000 5.946718 1.604215 2.983613
 15057.000000 5.927608 1.608950 2.995737
 15060.000000 5.918283 1.588204 2.960830
 15063.000000 5.958395 1.597601 2.959770
 15066.000000 5.833302 1.589373 2.967213
 15069.000000 5.763474 1.588277 2.958905
 15072.000000 5.803956 1.594954 2.978233
 15075.000000 5.819369 1.637168 2.978462
 15078.000000 5.792638 1.636751 2.973010
 15081.000000 5.841496 1.645456 2.986680
 15084.000000 5.856550 1.630548 3.022111
 15087.000000 5.876682 1.633472 2.980027
 15090.000000 5.782592 1.595041 2.993867
 15093.000000 5.836208 1.575080 3.016199
 15096.000000 5.892477 1.619508 2.941778
 15099.000000 5.939181 1.618151 2.966692
 15102.000000 5.946589 1.629615 2.969766
 15105.000000 5.870698 1.615685 2.952410
 15108.000000 5.901155 1.604406 2.952148
 15111.000000 5.855827 1.599988 2.934336
 15114.000000 5.850775 1.598887 2.936302
 15117.000000 5.848957 1.596202 2.945417
 15120.000000 5.800552 1.594786 2.920863
 15123.000000 5.752756 1.579955 2.971274
 15126.000000 5.833528 1.570978 2.965941
 15129.000000 5.860652 1.566623 3.003328
 15132.000000 5.879327 1.577969 2.981316
 15135.000000 5.877069 1.593066 2.976351
 15138.000000 5.834071 1.602067 2.949403
 15141.000000 5.847102 1.582708 2.953252
 15144.000000 5.809421 1.595366 2.927809
 15147.000000 5.789963 1.572749 2.927578
 15150.000000 5.861733 1.559009 2.960644
 15153.000000 5.848731 1.567562 2.960254
 15156.000000 5.904009 1.569332 2.939865
 15159.000000 5.923389 1.571847 2.944620
 15162.000000 5.933542 1.549770 2.938556
 15165.000000 5.957695 1.554209 2.958189
 15168.000000 5.863804 1.573575 2.925670
 15171.000000 5.908529 1.549908 2.938149
 15174.000000 5.976860 1.556137 2.925761
 15177.000000 5.988536 1.591611 2.889111
 15180.000000 5.966058 1.578468 2.934834
 15183.000000 5.988290 1.554759 2.899595
 15186.000000 5.956713 1.569730 2.906357
 15189.000000 5.940653 1.556965 2.940802
 15192.000000 5.907040 1.559527 2.932786
 15195.000000 5.900083 1.523493 2.927204
 15198.000000 5.866357 1.528727 2.941574
 15201.000000 5.834890 1.531238 2.949344
 15204.000000 5.790069 1.530652 2.931804
 15207.000000 5.823289 1.513392 2.915451
 15210.000000 5.832123 1.499272 2.934926
 15213.000000 5.815992 1.517666 2.958179
 15216.000000 5.752970 1.511612 2.963941
 15219.000000 5.790361 1.538134 2.971209
 15222.000000 5.811317 1.496949 2.985874
 15225.000000 5.829652 1.530343 2.987274
 15228.000000 5.935506 1.511398 2.935522
 15231.000000 5.898719 1.499362 2.953467
 15234.000000 5.842663 1.525322 2.948868
 15237.000000 5.805967 1.511477 2.927294
 15240.000000 5.851387 1.519643 2.976717
 15243.000000 5.923454 1.522341 2.950106
 15246.000000 5.961737 1.531171 2.942674
 15249.000000 5.944148 1.526304 2.946741
 15252.000000 5.966159 1.496846 2.982219
 15255.000000 5.938105 1.517063 2.942579
 15258.000000 5.973888 1.497727 2.937206
 15261.000000 5.951480 1.524826 2.934069
 15264.000000 5.960092 1.525891 2.939686
 15267.000000 5.898980 1.538509 2.948457
 15270.000000 5.895500 1.523180 2.963570
 15273.000000 5.984986 1.542985 2.966152
 15276.000000 5.945220 1.565900 2.981574
 15279.000000 5.985875 1.577270 2.954028
 15282.000000 5.971214 1.551858 2.964640
 15285.000000 6.023207 1.551891 3.007648
 15288.000000 5.954213 1.567561 2.946454
 15291.000000 5.996589 1.564052 2.924550
 15294.000000 5.981724 1.572949 2.945236
 15297.000000 5.976371 1.542491 2.939943
 15300.000000 6.064158 1.552526 2.946983
 15303.000000 5.980438 1.572116 2.885456
 15306.000000 6.005413 1.554618 2.938666
 15309.000000 6.017767 1.567264 2.926964
 15312.000000 5.952464 1.557055 2.942757
 15315.000000 5.967829 1.561640 2.930891
 15318.000000 5.975415 1.519790 2.996350
 15321.000000 6.037661 1.530085 3.011690
 15324.000000 6.018469 1.548468 3.010700
 15327.000000 5.996478 1.530396 3.021632
 15330.000000 6.024147 1.546864 2.988431
 15333.000000 6.161338 1.567330 3.024673
 15336.000000 6.063852 1.577334 2.991668
 15339.000000 6.110814 1.551765 2.987499
 15342.000000 6.178822 1.549654 3.007469
 15345.000000 6.135164 1.557451 2.950312
 15348.000000 6.113515 1.520220 2.977799
 15351.000000 6.112005 1.540772 2.998186
 15354.000000 6.189827 1.521006 2.958393
 15357.000000 6.244452 1.534044 2.943010
 15360.000000 6.172669 1.519487 2.915358
 15363.000000 6.026668 1.498658 2.961208
 15366.000000 6.025213 1.494968 2.919969
 15369.000000 6.000686 1.479741 2.977258
 15372.000000 5.952136 1.505070 2.915199
 15375.000000 5.925233 1.507678 2.923958
 15378.000000 5.965923 1.525743 2.939385
 15381.000000 5.882116 1.520530 2.927530
 15384.000000 5.935486 1.503331 2.940327
 15387.000000 5.836951 1.495566 2.920135
 15390.000000 5.821462 1.510356 2.874796
 15393.000000 5.723983 1.501027 2.905661
 15396.000000 5.666789 1.488925 2.871602
 15399.000000 5.768488 1.504238 2.897455
 15402.000000 5.852666 1.517119 2.900287
 15405.000000 5.862596 1.535970 2.867069
 15408.000000 5.804452 1.522143 2.910555
 15411.000000 5.884283 1.534884 2.900634
 15414.000000 5.915742 1.528668 2.917407
 15417.000000 5.940670 1.553807 2.907167
 15420.000000 5.928936 1.563719 2.915811
 15423.000000 5.987427 1.555174 2.934326
 15426.000000 5.949273 1.574838 2.937395
 15429.000000 5.916638 1.589741 2.959891
 15432.000000 5.887351 1.578543 2.930202
 15435.000000 6.008695 1.556858 2.955092
 15438.000000 6.030956 1.557971 2.955145
 15441.000000 5.997282 1.556552 2.948873
 15444.000000 6.054128 1.562366 2.983143
 15447.000000 6.004208 1.583133 2.997009
 15450.000000 5.948821 1.614125 2.977498
 15453.000000 5.927265 1.613743 2.973588
 15456.000000 5.923627 1.615349 2.964428
 15459.000000 5.876248 1.589565 2.948737
 15462.000000 5.875526 1.606894 2.919753
 15465.000000 5.924924 1.619551 2.948729
 15468.000000 5.917026 1.586767 2.920738
 15471.000000 5.924466 1.600674 2.939754
 15474.000000 5.920550 1.584541 2.944963
 15477.000000 5.899705 1.583008 2.938589
 15480.000000 5.926117 1.574020 2.942558
 15483.000000 5.957246 1.576799 2.935254
 15486.000000 5.949050 1.575507 2.896683
 15489.000000 5.949689 1.580109 2.912789
 15492.000000 5.884038 1.549654 2.908729
 15495.000000 5.783923 1.533932 2.908258
 15498.000000 5.737369 1.534556 2.906142
 15501.000000 5.761833 1.530420 2.913104
 15504.000000 5.789436 1.555852 2.920381
 15507.000000 5.778089 1.547105 2.900948
 15510.000000 5.787786 1.558617 2.901143
 15513.000000 5.824943 1.555866 2.921071
 15516.000000 5.835185 1.563690 2.936005
 15519.000000 5.762314 1.582534 2.926105
 15522.000000 5.760115 1.546669 2.957432
 15525.000000 5.808100 1.552536 2.955848
 15528.000000 5.793976 1.519127 2.957722
 15531.000000 5.810144 1.552588 2.939429
 15534.000000 5.785876 1.540942 2.960296
 15537.000000 5.790900 1.532494 2.939184
 15540.000000 5.795103 1.525167 2.966642
 15543.000000 5.734650 1.545013 2.928819
 15546.000000 5.785313 1.540622 2.940028
 15549.000000 5.948204 1.553472 2.980712
 15552.000000 5.919429 1.564044 2.986990
 15555.000000 5.912735 1.548269 3.048225
 15558.000000 5.899526 1.538590 3.039471
 15561.000000 5.847542 1.567520 2.989310
 15564.000000 5.845973 1.553091 3.012975
 15567.000000 5.878388 1.556209 2.978854
 15570.000000 5.885958 1.541874 2.990617
 15573.000000 5.980332 1.557905 2.937296
 15576.000000 6.031728 1.593198 2.888562
 15579.000000 6.027419 1.563523 2.946052
 15582.000000 6.033139 1.583295 2.941721
 15585.000000 6.031157 1.588209 2.904705
 15588.000000 6.012011 1.585531 2.923200
 15591.000000 5.947867 1.581229 2.917942
 15594.000000 5.912306 1.566787 2.955085
 15597.000000 5.994816 1.575937 2.957456
 15600.000000 6.072973 1.569725 2.965618
 15603.000000 6.007857 1.568405 2.953093
 15606.000000 5.847416 1.571056 2.953727
 15609.000000 5.843428 1.576327 2.983209
 15612.000000 5.917443 1.596650 2.956502
 15615.000000 5.940193 1.584250 2.976353
 15618.000000 5.922031 1.615784 2.976522
 15621.000000 5.921226 1.602751 2.986250
 15624.000000 5.833213 1.600798 2.989841
 15627.000000 5.809025 1.593620 2.956382
 15630.000000 5.890925 1.585216 2.907362
 15633.000000 5.948890 1.582177 2.934264
 15636.000000 5.972114 1.543721 2.954441
 15639.000000 5.955746 1.550631 2.938025
 15642.000000 5.996231 1.534263 2.911326
 15645.000000 5.882419 1.545796 2.906322
 15648.000000 5.873325 1.535103 2.974883
 15651.000000 5.865407 1.556775 2.951146
 15654.000000 5.834612 1.566679 2.948883
 15657.000000 5.765643 1.550280 2.977760
 15660.000000 5.847302 1.559721 2.991652
 15663.000000 5.830232 1.568141 3.003691
 15666.000000 5.819824 1.588228 2.971473
 15669.000000 5.764976 1.561832 2.964120
 15672.000000 5.859846 1.542633 2.996120
 15675.000000 5.914060 1.547021 2.988116
 15678.000000 5.897040 1.562129 2.982310
 15681.000000 5.832464 1.544540 3.003238
 15684.000000 5.830224 1.542713 3.009373
 15687.000000 5.937790 1.533840 3.020064
 15690.000000 5.973760 1.549316 3.003265
 15693.000000 5.981276 1.549796 2.985406
 15696.000000 5.971258 1.533884 3.025606
 15699.000000 5.983431 1.548078 2.990102
 15702.000000 5.871531 1.528861 3.009109
 15705.000000 5.932511 1.535681 3.018249
 15708.000000 5.885697 1.525712 3.041175
 15711.000000 5.850201 1.544255 3.017036
 15714.000000 5.871603 1.525143 2.993624
 15717.000000 5.847311 1.541849 3.002568
 15720.000000 5.831867 1.523481 3.001553
 15723.000000 5.807187 1.541382 3.026255
 15726.000000 5.910521 1.579431 3.040927
 15729.000000 5.912372 1.569800 3.054387
 15732.000000 5.952746 1.543011 3.027209
 15735.000000 5.903580 1.522058 3.004659
 15738.000000 5.936715 1.541826 2.984555
 15741.000000 5.953499 1.518876 2.992318
 15744.000000 5.944953 1.519145 2.978136
 15747.000000 5.854219 1.516685 2.953529
 15750.000000 5.849140 1.509084 2.927805
 15753.000000 5.876234 1.520554 2.936736
 15756.000000 5.845354 1.520304 2.926575
 15759.000000 5.811575 1.529674 2.954281
 15762.000000 5.821734 1.479936 2.968512
 15765.000000 5.790192 1.486265 2.960872
 15768.000000 5.878479 1.502671 2.977141
 15771.000000 5.956955 1.505864 2.967715
 15774.000000 5.927039 1.520020 2.960064
 15777.000000 5.881423 1.507348 2.946188
 15780.000000 5.864365 1.506221 2.949869
 15783.000000 5.913606 1.517221 2.932333
 15786.000000 5.928819 1.482040 2.941280
 15789.000000 5.911689 1.474007 2.910070
 15792.000000 5.915260 1.451799 2.938559
 15795.000000 5.959275 1.487164 2.913578
 15798.000000 5.965222 1.468349 2.923045
 15801.000000 5.952281 1.458488 2.936693
 15804.000000 6.004277 1.462573 2.948804
 15807.000000 6.020987 1.458185 2.953840
 15810.000000 5.963728 1.475710 2.946270
 15813.000000 5.914186 1.433297 2.970226
 15816.000000 5.957046 1.484344 2.940284
 15819.000000 5.965461 1.450051 2.990564
 15822.000000 5.972115 1.482476 2.940082
 15825.000000 6.031826 1.505886 2.930993
 15828.000000 6.013392 1.521659 2.940412
 15831.000000 5.928968 1.508842 2.966895
 15834.000000 5.957297 1.513056 2.989419
 15837.000000 5.913978 1.518144 3.000814
 15840.000000 5.962531 1.537444 2.993516
 15843.000000 5.910021 1.534243 2.981339
 15846.000000 5.966450 1.558805 2.973596
 15849.000000 5.909422 1.531610 2.966591
 15852.000000 5.929704 1.560730 2.950176
 15855.000000 5.923519 1.557080 2.965491
 15858.000000 5.934093 1.551922 2.927425
 15861.000000 6.017910 1.536823 2.965131
 15864.000000 6.030234 1.544941 2.958158
 15867.000000 6.105037 1.530397 2.976408
 15870.000000 6.110601 1.538036 2.995386
 15873.000000 6.140325 1.515956 2.995038
 15876.000000 6.074144 1.502848 3.008964
 15879.000000 6.059617 1.515256 2.986601
 15882.000000 6.075991 1.504474 3.001113
 15885.000000 6.138525 1.512274 3.019552
 15888.000000 6.065343 1.506811 2.981563
 15891.000000 5.926431 1.505721 2.963555
 15894.000000 6.058290 1.484246 2.978535
 15897.000000 6.054542 1.480083 3.007385
 15900.000000 5.964674 1.489006 3.020627
 15903.000000 6.054652 1.494336 3.029498
 15906.000000 6.042344 1.527390 3.012333
 15909.000000 5.920363 1.518397 3.005825
 15912.000000 5.973624 1.505989 3.039008
 15915.000000 5.939378 1.516174 3.047022
 15918.000000 5.935797 1.513790 3.024562
 15921.000000 5.927203 1.506336 3.028171
 15924.000000 5.930965 1.531164 3.015173
 15927.000000 5.917576 1.569659 2.978530
 15930.000000 5.939448 1.548537 2.990634
 15933.000000 5.936069 1.525166 3.006293
 15936.000000 5.814129 1.499887 3.013350
 15939.000000 5.875343 1.514679 2.978190
 15942.000000 5.825810 1.522708 2.969722
 15945.000000 5.853182 1.532976 2.949341
 15948.000000 5.884153 1.515535 2.939571
 15951.000000 5.963842 1.530507 2.967474
 15954.000000 5.990745 1.554344 2.981270
 15957.000000 5.975762 1.548453 2.980100
 15960.000000 6.001421 1.533651 3.008847
 15963.000000 5.980744 1.561470 2.998338
 15966.000000 5.957853 1.558250 2.957139
 15969.000000 5.842493 1.536012 2.996260
 15972.000000 5.866787 1.551651 2.989597
 15975.000000 5.912782 1.551384 3.013221
 15978.000000 5.890906 1.523936 2.992495
 15981.000000 5.871271 1.555106 2.982783
 15984.000000 5.876580 1.533175 2.997985
 15987.000000 5.782703 1.517207 2.964181
 15990.000000 5.794851 1.520483 2.958047
 15993.000000 5.827017 1.538250 2.971341
 15996.000000 5.786010 1.523237 2.959691
 15999.000000 5.840299 1.510764 3.001788
 16002.000000 5.939461 1.511115 2.989500
 16005.000000 5.919652 1.522708 2.982557
 16008.000000 5.925575 1.513377 2.997116
 16011.000000 5.928541 1.562641 2.937644
 16014.000000 5.893171 1.552066 2.908749
 16017.000000 5.872436 1.541450 2.959016
 16020.000000 5.889188 1.511924 2.988165
 16023.000000 5.885556 1.503290 2.986870
 16026.000000 5.947829 1.511507 3.011906
 16029.000000 5.817693 1.501076 2.985939
 16032.000000 5.869229 1.505289 2.996135
 16035.000000 5.890070 1.517768 2.969395
 16038.000000 5.903614 1.508318 3.006092
 16041.000000 6.018643 1.511510 2.994125
 16044.000000 6.066932 1.511339 3.020082
 16047.000000 6.099111 1.546250 3.005903
 16050.000000 6.149707 1.529752 3.025001
 16053.000000 6.115974 1.540261 3.021305
 16056.000000 6.038344 1.537086 3.021020
 16059.000000 6.104791 1.519241 3.015284
 16062.000000 6.084236 1.525468 3.021102
 16065.000000 6.123562 1.526162 3.001497
 16068.000000 6.063154 1.511144 2.966437
 16071.000000 6.106055 1.519722 2.968530
 16074.000000 6.012657 1.513184 2.955135
 16077.000000 6.059724 1.512678 2.928384
 16080.000000 5.989525 1.520827 2.930360
 16083.000000 6.006943 1.523378 2.962234
 16086.000000 6.014366 1.511927 2.959148
 16089.000000 6.006872 1.523414 2.958133
 16092.000000 6.129017 1.553429 2.942972
 16095.000000 6.155552 1.513362 2.977069
 16098.000000 6.014252 1.518403 2.983539
 16101.000000 5.979740 1.502637 2.976431
 16104.000000 5.984415 1.501832 2.999531
 16107.000000 6.046700 1.516612 2.974062
 16110.000000 6.008540 1.502873 2.970015
 16113.000000 6.013832 1.509425 2.980829
 16116.000000 6.002217 1.529674 2.963845
 16119.000000 6.046511 1.510621 2.936832
 16122.000000 6.017122 1.530303 2.933040
 16125.000000 6.018771 1.490274 2.955244
 16128.000000 6.041014 1.510693 2.964462
 16131.000000 6.000630 1.535378 2.929155
 16134.000000 5.994902 1.524801 2.951590
 16137.000000 6.053257 1.532606 2.946735
 16140.000000 5.899262 1.493704 2.944412
 16143.000000 5.794409 1.473534 2.948163
 16146.000000 5.818520 1.478082 2.960259
 16149.000000 5.797338 1.476751 2.966852
 16152.000000 5.809927 1.485780 2.978668
 16155.000000 5.901148 1.490374 2.963255
 16158.000000 5.869185 1.496411 2.962299
 16161.000000 5.984627 1.499360 2.958572
 16164.000000 5.941825 1.506738 2.945801
 16167.000000 5.996416 1.518458 2.982489
 16170.000000 5.990514 1.517279 2.999640
 16173.000000 6.013566 1.525335 2.934645
 16176.000000 5.984980 1.533524 3.009778
 16179.000000 5.970614 1.537472 2.981501
 16182.000000 6.031744 1.535738 3.036568
 16185.000000 6.074176 1.572780 2.977354
 16188.000000 6.103366 1.544051 3.015127
 16191.000000 5.995167 1.563671 3.041987
 16194.000000 5.898482 1.524849 3.029320
 16197.000000 5.911249 1.531523 2.995530
 16200.000000 5.907980 1.547061 2.960355
 16203.000000 5.835439 1.517917 2.934395
 16206.000000 5.856166 1.500210 2.923066
 16209.000000 5.817754 1.491919 2.928502
 16212.000000 5.900541 1.499485 2.921944
 16215.000000 5.918081 1.506014 2.891506
 16218.000000 5.861987 1.519597 2.867368
 16221.000000 5.923559 1.497223 2.902095
 16224.000000 5.850509 1.536934 2.946054
 16227.000000 5.935221 1.522804 2.978083
 16230.000000 6.028931 1.522974 2.992695
 16233.000000 6.076113 1.536985 3.002515
 16236.000000 6.106781 1.549962 3.031799
 16239.000000 5.943240 1.549004 2.993466
 16242.000000 5.944091 1.520850 3.007629
 16245.000000 5.961204 1.541108 3.010862
 16248.000000 6.097711 1.543830 3.000974
 16251.000000 6.090462 1.517972 3.006503
 16254.000000 5.988575 1.526111 3.014069
 16257.000000 6.001730 1.532824 3.001434
 16260.000000 6.010435 1.502507 2.998835
 16263.000000 5.975106 1.499345 2.968172
 16266.000000 5.995741 1.475239 2.967217
 16269.000000 6.002978 1.485419 2.981566
 16272.000000 6.054011 1.482697 3.011685
 16275.000000 6.039369 1.505521 3.006208
 16278.000000 5.956373 1.500135 2.977757
 16281.000000 5.944608 1.490661 2.983058
 16284.000000 5.962363 1.466796 3.002711
 16287.000000 6.040657 1.452168 2.993786
 16290.000000 6.116835 1.483704 2.977886
 16293.000000 6.042838 1.456529 2.960929
 16296.000000 6.018519 1.464568 2.978576
 16299.000000 5.970527 1.444357 3.019708
 16302.000000 5.897213 1.420635 3.040800
 16305.000000 5.940633 1.451032 3.004843
 16308.000000 6.038926 1.472562 2.980065
 16311.000000 5.970755 1.459895 2.989911
 16314.000000 5.874817 1.450079 2.991828
 16317.000000 5.946672 1.465413 2.964299
 16320.000000 6.012940 1.466762 2.950882
 16323.000000 5.923892 1.491596 2.913558
 16326.000000 5.926942 1.506706 2.910006
 16329.000000 5.950422 1.522520 2.915545
 16332.000000 5.935934 1.504750 2.931006
 16335.000000 6.002552 1.513920 2.926494
 16338.000000 5.937106 1.496223 2.937703
 16341.000000 5.940801 1.512420 2.941197
 16344.000000 5.940765 1.487426 2.925779
 16347.000000 5.930754 1.498690 2.935348
 16350.000000 5.963177 1.497855 2.910363
 16353.000000 5.923170 1.476591 2.920517
 16356.000000 5.983500 1.476886 2.933566
 16359.000000 5.960427 1.485331 2.911569
 16362.000000 5.954341 1.491839 2.888462
 16365.000000 5.951739 1.502407 2.907538
 16368.000000 6.002902 1.498801 2.939178
 16371.000000 5.979020 1.518303 2.924605
 16374.000000 5.945305 1.503732 2.945731
 16377.000000 5.891551 1.498476 2.957142
 16380.000000 5.914580 1.529043 2.976576
 16383.000000 5.967134 1.537606 2.980231
 16386.000000 5.989990 1.526613 2.969307
 16389.000000 5.992574 1.533157 2.968303
 16392.000000 5.881390 1.520999 2.955356
 16395.000000 5.913919 1.558027 2.944224
 16398.000000 5.950418 1.569900 2.965614
 16401.000000 6.026913 1.571729 2.938091
 16404.000000 5.981791 1.565563 2.932625
 16407.000000 5.958561 1.527801 2.981632
 16410.000000 5.967419 1.530016 2.985307
 16413.000000 5.904231 1.508394 2.996811
 16416.000000 5.964105 1.506005 3.013323
 16419.000000 5.966739 1.532267 2.963875
 16422.000000 5.982963 1.538164 2.951630
 16425.000000 5.965185 1.563010 2.954042
 16428.000000 5.861181 1.574191 2.946092
 16431.000000 5.858667 1.577250 2.923321
 16434.000000 5.895243 1.579775 2.942614
 16437.000000 5.839421 1.546101 2.949366
 16440.000000 5.813100 1.545985 2.966371
 16443.000000 5.863917 1.574455 2.942919
 16446.000000 5.819315 1.559651 3.004033
 16449.000000 5.806162 1.569856 2.971245
 16452.000000 5.844014 1.543325 2.993758
 16455.000000 5.854016 1.562390 2.961346
 16458.000000 5.839048 1.570292 2.958412
 16461.000000 5.948677 1.539657 2.982286
 16464.000000 5.961172 1.551840 2.944421
 16467.000000 5.978157 1.538061 2.980019
 16470.000000 6.006392 1.544466 2.987133
 16473.000000 6.020753 1.536413 2.972262
 16476.000000 5.980464 1.553250 2.966293
 16479.000000 5.988496 1.552567 2.964778
 16482.000000 6.007419 1.532695 2.982727
 16485.000000 6.048253 1.531303 3.009794
 16488.000000 6.061499 1.543822 2.981689
 16491.000000 5.995909 1.535319 3.018578
 16494.000000 5.968665 1.543881 2.993702
 16497.000000 5.941024 1.550907 2.990818
 16500.000000 5.893884 1.545637 3.003445
 16503.000000 5.972635 1.561439 2.974662
 16506.000000 5.923363 1.581867 2.983881
 16509.000000 6.008232 1.575643 3.000832
 16512.000000 6.003232 1.565898 3.027802
 16515.000000 6.122099 1.569763 3.018752
 16518.000000 6.103358 1.583281 3.033540
 16521.000000 6.177393 1.584560 3.050161
 16524.000000 6.175435 1.578431 3.044566
 16527.000000 6.016714 1.547479 3.044575
 16530.000000 6.061725 1.567437 3.036159
 16533.000000 6.010359 1.554295 3.081643
 16536.000000 6.010966 1.552985 3.057174
 16539.000000 6.065964 1.543436 3.031332
 16542.000000 6.145106 1.562764 2.984637
 16545.000000 6.238667 1.577795 3.002309
 16548.000000 6.193920 1.571387 2.997273
 16551.000000 6.127843 1.576659 2.977489
 16554.000000 6.135286 1.568372 3.029702
 16557.000000 6.181231 1.597806 2.962436
 16560.000000 6.038096 1.586835 2.983861
 16563.000000 6.041661 1.569130 2.983361
 16566.000000 6.033173 1.577152 2.946477
 16569.000000 6.082908 1.557812 2.987824
 16572.000000 6.066912 1.570627 2.959300
 16575.000000 6.062711 1.565182 2.975952
 16578.000000 6.067683 1.565530 2.964865
 16581.000000 6.121298 1.538215 2.969850
 16584.000000 6.010420 1.560459 3.008446
 16587.000000 6.005978 1.547599 3.011047
 16590.000000 6.131346 1.566109 2.982324
 16593.000000 6.000813 1.551641 2.965824
 16596.000000 6.113587 1.574974 2.979409
 16599.000000 6.203105 1.559037 2.987281
 16602.000000 6.125379 1.557700 2.990383
 16605.000000 6.023913 1.564029 2.976358
 16608.000000 6.076561 1.549354 2.980515
 16611.000000 6.068231 1.553216 2.963753
 16614.000000 6.072789 1.565169 3.000767
 16617.000000 5.957502 1.558118 2.991082
 16620.000000 5.908832 1.551865 2.979005
 16623.000000 5.920645 1.571619 2.961063
 16626.000000 6.011042 1.564358 2.984730
 16629.000000 5.878637 1.562202 2.970280
 16632.000000 5.820982 1.565148 2.965122
 16635.000000 5.884029 1.567615 2.957148
 16638.000000 5.906122 1.593914 2.952020
 16641.000000 5.893775 1.557879 2.967468
 16644.000000 5.881396 1.556937 2.983972
 16647.000000 5.852856 1.554872 2.981486
 16650.000000 5.792860 1.576366 2.962242
 16653.000000 5.802149 1.562921 2.941780
 16656.000000 5.843036 1.570634 2.948043
 16659.000000 5.784065 1.559794 2.943188
 16662.000000 5.837629 1.554039 2.982788
 16665.000000 5.914925 1.596916 2.946493
 16668.000000 6.019719 1.594693 2.952653
 16671.000000 6.005376 1.602815 2.938671
 16674.000000 6.075193 1.613960 2.913884
 16677.000000 6.085560 1.604539 2.964563
 16680.000000 6.059303 1.559769 2.973970
 16683.000000 6.105227 1.591218 2.943641
 16686.000000 6.096878 1.590657 2.952937
 16689.000000 6.083987 1.584788 2.956715
 16692.000000 5.959653 1.589476 2.979232
 16695.000000 5.914774 1.583691 2.965522
 16698.000000 5.887603 1.605067 2.930394
 16701.000000 5.956826 1.604691 2.927030
 16704.000000 5.938131 1.598514 2.944233
 16707.000000 5.912642 1.591939 2.954389
 16710.000000 5.932780 1.578014 2.981694
 16713.000000 6.013003 1.579209 2.957109
 16716.000000 6.046511 1.565697 2.967376
 16719.000000 6.007006 1.550896 2.985730
 16722.000000 5.920126 1.555850 2.957403
 16725.000000 5.864164 1.554567 2.934371
 16728.000000 5.859051 1.554409 2.940262
 16731.000000 5.839386 1.532286 2.951751
 16734.000000 5.878350 1.559554 2.956316
 16737.000000 5.907152 1.565781 2.927486
 16740.000000 5.951353 1.564447 2.916159
 16743.000000 5.927405 1.545246 2.953241
 16746.000000 5.863041 1.522189 2.963260
 16749.000000 5.832296 1.545694 2.935504
 16752.000000 5.912931 1.573422 2.943902
 16755.000000 5.848238 1.569586 2.934244
 16758.000000 5.907296 1.559001 2.932342
 16761.000000 5.949425 1.545614 2.914765
 16764.000000 6.059496 1.524659 2.944949
 16767.000000 6.010156 1.546059 2.942186
 16770.000000 5.918736 1.525748 2.960246
 16773.000000 5.952266 1.511457 2.983186
 16776.000000 5.977246 1.519635 2.994755
 16779.000000 5.920582 1.531955 2.977124
 16782.000000 5.915723 1.554604 2.943471
 16785.000000 6.006623 1.585813 2.967350
 16788.000000 5.911019 1.560400 2.960456
 16791.000000 5.990362 1.567736 2.962573
 16794.000000 5.903802 1.546481 2.950151
 16797.000000 5.956088 1.536117 2.970044
 16800.000000 5.899886 1.537944 3.018798
 16803.000000 5.908449 1.517181 3.002426
 16806.000000 5.887359 1.533814 2.973528
 16809.000000 5.881701 1.547770 2.967715
 16812.000000 5.957958 1.531385 2.981183
 16815.000000 5.972105 1.532458 2.989533
 16818.000000 5.922752 1.523557 3.006014
 16821.000000 5.950672 1.551437 2.990562
 16824.000000 5.910542 1.544713 2.976981
 16827.000000 5.951671 1.540700 3.001467
 16830.000000 5.940648 1.557751 2.954141
 16833.000000 5.858629 1.548865 2.922743
 16836.000000 5.918019 1.511793 2.953149
 16839.000000 5.872794 1.528456 2.934993
 16842.000000 5.936189 1.526832 2.962959
 16845.000000 5.891482 1.518699 2.993325
 16848.000000 5.955410 1.510580 3.013397
 16851.000000 5.947616 1.524030 2.969759
 16854.000000 5.918214 1.523361 2.952220
 16857.000000 5.913777 1.524260 2.995418
 16860.000000 5.836589 1.496706 3.006636
 16863.000000 5.821357 1.495887 2.994461
 16866.000000 5.831903 1.515186 2.930293
 16869.000000 5.836657 1.557428 2.932985
 16872.000000 5.867099 1.555933 2.927871
 16875.000000 5.953460 1.536598 2.952319
 16878.000000 5.987000 1.547222 2.975484
 16881.000000 5.959363 1.535555 3.009716
 16884.000000 5.981481 1.513050 3.033612
 16887.000000 5.966589 1.516180 3.028290
 16890.000000 5.956402 1.487595 3.042353
 16893.000000 5.960551 1.505634 3.025610
 16896.000000 5.873351 1.485326 3.011816
 16899.000000 5.857568 1.514594 2.981317
 16902.000000 5.785242 1.498133 2.965665
 16905.000000 5.713347 1.505304 2.998641
 16908.000000 5.786369 1.528394 2.965900
 16911.000000 5.831335 1.523169 2.972671
 16914.000000 5.903451 1.523907 2.983064
 16917.000000 5.877028 1.539988 2.936390
 16920.000000 5.956264 1.542265 2.931355
 16923.000000 5.931782 1.558260 2.918792
 16926.000000 5.926903 1.554371 2.941863
 16929.000000 5.928882 1.556239 2.981404
 16932.000000 5.970402 1.548723 3.008430
 16935.000000 5.978798 1.545991 2.984300
 16938.000000 5.976601 1.547267 2.990900
 16941.000000 5.974042 1.542987 3.007142
 16944.000000 5.968414 1.540237 2.984840
 16947.000000 5.996432 1.512761 3.010085
 16950.000000 6.061992 1.536007 2.989862
 16953.000000 6.051012 1.553174 2.967151
 16956.000000 6.038163 1.541064 2.988976
 16959.000000 6.050926 1.571438 2.979805
 16962.000000 5.960767 1.539924 2.973796
 16965.000000 5.911524 1.528045 2.982635
 16968.000000 5.998503 1.554935 2.941077
 16971.000000 6.014955 1.549189 2.968103
 16974.000000 5.957221 1.522121 2.990438
 16977.000000 5.977689 1.539724 2.996385
 16980.000000 5.914806 1.562807 2.974874
 16983.000000 5.996877 1.531953 2.996294
 16986.000000 6.052900 1.535456 2.976797
 16989.000000 6.076833 1.536672 2.951261
 16992.000000 6.003247 1.533870 2.968723
 16995.000000 5.946707 1.528294 2.945192
 16998.000000 5.920770 1.530266 2.958648
 17001.000000 6.011586 1.511342 2.969027
 17004.000000 6.056858 1.516620 2.974266
 17007.000000 6.080276 1.502941 2.978756
 17010.000000 6.109407 1.532337 2.971466
 17013.000000 6.056730 1.528617 2.973839
 17016.000000 6.010198 1.546058 2.944672
 17019.000000 6.027615 1.535102 2.938380
 17022.000000 5.974920 1.526052 2.936004
 17025.000000 5.991423 1.536208 2.932535
 17028.000000 5.926313 1.533617 2.953971
 17031.000000 5.988373 1.540137 2.961742
 17034.000000 6.083741 1.530422 2.979412
 17037.000000 5.945511 1.507899 3.001486
 17040.000000 6.008354 1.521496 2.957842
 17043.000000 5.989889 1.508408 2.959869
 17046.000000 6.009368 1.502243 2.952137
 17049.000000 6.034985 1.497928 2.963075
 17052.000000 5.999866 1.560496 2.924395
 17055.000000 5.990690 1.546572 2.946813
 17058.000000 6.050012 1.537981 2.926463
 17061.000000 6.009604 1.514108 2.944148
 17064.000000 5.996715 1.509856 2.962367
 17067.000000 5.961156 1.570284 2.908938
 17070.000000 6.003455 1.549366 2.923162
 17073.000000 6.052770 1.545267 2.912128
 17076.000000 6.011034 1.566609 2.917236
 17079.000000 6.006281 1.549283 2.921864
 17082.000000 5.970519 1.551736 2.900232
 17085.000000 6.016758 1.557277 2.922405
 17088.000000 5.983065 1.561263 2.868041
 17091.000000 5.994505 1.549713 2.864194
 17094.000000 5.934688 1.531107 2.889688
 17097.000000 5.920400 1.535508 2.901554
 17100.000000 5.967680 1.557416 2.905872
 17103.000000 6.043944 1.570795 2.941547
 17106.000000 5.900608 1.572665 2.925638
 17109.000000 5.943761 1.562889 2.929910
 17112.000000 5.918492 1.578217 2.929703
 17115.000000 5.963893 1.561855 2.960455
 17118.000000 5.979582 1.540537 2.967571
 17121.000000 5.861109 1.558629 2.978493
 17124.000000 5.955989 1.555854 2.976644
 17127.000000 5.971497 1.553906 2.966396
 17130.000000 5.984366 1.535424 3.003671
 17133.000000 5.964719 1.530340 3.045657
 17136.000000 5.965987 1.532563 2.995484
 17139.000000 6.011755 1.535204 3.013431
 17142.000000 6.040923 1.528443 3.002194
 17145.000000 6.024214 1.531645 2.994994
 17148.000000 6.027822 1.565656 2.947252
 17151.000000 5.950364 1.539287 2.979646
 17154.000000 5.922746 1.560821 2.988789
 17157.000000 5.984054 1.588432 2.931853
 17160.000000 5.991539 1.598452 2.900887
 17163.000000 6.053984 1.594395 2.920539
 17166.000000 6.019066 1.577868 2.943425
 17169.000000 5.973886 1.568895 2.953685
 17172.000000 5.954030 1.577469 2.965768
 17175.000000 5.980165 1.566934 2.987700
 17178.000000 5.926581 1.575556 2.986649
 17181.000000 5.941549 1.561516 2.972561
 17184.000000 5.953603 1.541436 3.013527
 17187.000000 5.968159 1.545819 2.976164
 17190.000000 6.019689 1.552379 3.004931
 17193.000000 5.978326 1.541716 2.976148
 17196.000000 5.885299 1.545805 2.951821
 17199.000000 5.848679 1.539034 2.968722
 17202.000000 5.842504 1.537479 3.005307
 17205.000000 5.981953 1.566230 2.958852
 17208.000000 5.905546 1.567035 2.946028
 17211.000000 5.925407 1.563713 2.947309
 17214.000000 5.911175 1.540428 2.950484
 17217.000000 5.940040 1.529450 2.969943
 17220.000000 5.948284 1.502931 2.950174
 17223.000000 5.994727 1.498687 2.947278
 17226.000000 6.038040 1.526985 2.975758
 17229.000000 5.957797 1.524523 2.993787
 17232.000000 6.031496 1.533752 2.971498
 17235.000000 6.024202 1.533149 2.972348
 17238.000000 6.051827 1.543434 2.952401
 17241.000000 6.024317 1.496174 2.986010
 17244.000000 6.032843 1.514258 2.952636
 17247.000000 6.029480 1.520175 2.912604
 17250.000000 6.074004 1.530419 2.899910
 17253.000000 5.970835 1.498809 2.970003
 17256.000000 6.105755 1.544202 2.937517
 17259.000000 6.144488 1.505874 3.000001
 17262.000000 6.104254 1.524804 2.958416
 17265.000000 6.135639 1.528578 2.965852
 17268.000000 6.208128 1.524847 2.975348
 17271.000000 6.167680 1.520719 3.009573
 17274.000000 6.123919 1.526666 3.000997
 17277.000000 6.092887 1.556475 2.960486
 17280.000000 6.004988 1.538715 2.955500
 17283.000000 6.090730 1.553014 2.928877
 17286.000000 6.172568 1.574789 2.953420
 17289.000000 6.089184 1.568051 2.961800
 17292.000000 6.014456 1.525574 2.952672
 17295.000000 6.057049 1.554283 2.968771
 17298.000000 6.009415 1.549122 2.970108
 17301.000000 6.054677 1.563482 2.969417
 17304.000000 6.036993 1.550406 2.977247
 17307.000000 6.014507 1.539536 2.981265
 17310.000000 5.965347 1.549275 2.973935
 17313.000000 5.947038 1.544128 2.899909
 17316.000000 5.934909 1.567380 2.884254
 17319.000000 5.959471 1.538467 2.914257
 17322.000000 5.939606 1.558977 2.932122
 17325.000000 5.927411 1.557327 2.945485
 17328.000000 5.962516 1.535875 2.936555
 17331.000000 5.924109 1.562360 2.915758
 17334.000000 5.914823 1.553200 2.937387
 17337.000000 5.964044 1.563960 2.972823
 17340.000000 5.909281 1.561637 2.967484
 17343.000000 5.948326 1.558582 2.957341
 17346.000000 5.993811 1.546167 2.969832
 17349.000000 6.035824 1.595763 2.951739
 17352.000000 6.004362 1.584190 2.948230
 17355.000000 6.004483 1.593357 2.931065
 17358.000000 5.916648 1.585103 2.935100
 17361.000000 6.094167 1.586294 2.920063
 17364.000000 6.018591 1.570162 2.953294
 17367.000000 6.097298 1.588272 2.937371
 17370.000000 6.093632 1.579359 2.935498
 17373.000000 6.069267 1.601483 2.906470
 17376.000000 6.092791 1.590616 2.908914
 17379.000000 6.048862 1.598827 2.906084
 17382.000000 6.033940 1.568338 2.937089
 17385.000000 5.920008 1.549288 2.938890
 17388.000000 5.890993 1.569915 2.951317
 17391.000000 5.988489 1.553743 2.998797
 17394.000000 5.950820 1.552548 2.981520
 17397.000000 5.956849 1.559135 2.932849
 17400.000000 6.001771 1.552691 2.927508
 17403.000000 6.042238 1.558773 2.976022
 17406.000000 5.984933 1.515459 3.008309
 17409.000000 5.995088 1.501192 3.012591
 17412.000000 5.920233 1.527646 2.997075
 17415.000000 6.007047 1.545970 2.975109
 17418.000000 6.087514 1.555296 2.966915
 17421.000000 6.049859 1.558249 2.960401
 17424.000000 6.056633 1.525537 2.961775
 17427.000000 6.093654 1.508731 2.958366
 17430.000000 6.108060 1.507977 2.984667
 17433.000000 6.109306 1.519925 2.963165
 17436.000000 6.084301 1.512326 2.977864
 17439.000000 6.107473 1.534805 2.922897
 17442.000000 6.002759 1.533717 2.977232
 17445.000000 6.045323 1.549538 2.933643
 17448.000000 5.971809 1.575685 2.922784
 17451.000000 5.933574 1.571275 2.892452
 17454.000000 5.967017 1.574140 2.920067
 17457.000000 5.930771 1.579391 2.896755
 17460.000000 5.868183 1.599672 2.895595
 17463.000000 5.994783 1.606354 2.917687
 17466.000000 5.868181 1.562576 2.949888
 17469.000000 5.783246 1.576219 2.930403
 17472.000000 5.837087 1.572536 2.951690
 17475.000000 5.967283 1.579109 2.917764
 17478.000000 6.011582 1.563083 2.955746
 17481.000000 5.936165 1.543617 2.959194
 17484.000000 6.018177 1.525265 2.965719
 17487.000000 6.013009 1.538582 2.969668
 17490.000000 5.970867 1.518373 2.993612
 17493.000000 5.963698 1.507178 2.996134
 17496.000000 5.999422 1.535265 2.980536
 17499.000000 6.111320 1.541066 2.974471
 17502.000000 6.097109 1.553893 2.982289
 17505.000000 6.167855 1.534759 2.995238
 17508.000000 6.163235 1.557707 2.948374
 17511.000000 6.071059 1.544396 2.990151
 17514.000000 6.042578 1.555070 2.981421
 17517.000000 6.052019 1.558442 2.935519
 17520.000000 6.121572 1.529903 2.944129
 17523.000000 6.115885 1.535847 2.913194
 17526.000000 6.105077 1.516481 2.942083
 17529.000000 6.101160 1.523896 2.882040
 17532.000000 6.089286 1.500981 2.968638
 17535.000000 6.175694 1.520800 2.973407
 17538.000000 6.142183 1.516324 2.991365
 17541.000000 6.166570 1.504490 2.971566
 17544.000000 6.151554 1.540864 2.928863
 17547.000000 6.188988 1.532416 2.962842
 17550.000000 6.188226 1.539594 2.922007
 17553.000000 6.123352 1.546218 2.972472
 17556.000000 6.052694 1.549598 2.955613
 17559.000000 6.120469 1.542106 2.947673
 17562.000000 6.166342 1.516308 2.996773
 17565.000000 6.072000 1.559825 2.962747
 17568.000000 6.003926 1.553576 2.943312
 17571.000000 5.997894 1.541666 2.981999
 17574.000000 5.874903 1.542335 2.968491
 17577.000000 5.847600 1.530948 3.015293
 17580.000000 5.967087 1.555261 2.973852
 17583.000000 5.966858 1.542341 3.006824
 17586.000000 5.945987 1.511158 2.982446
 17589.000000 5.915819 1.530127 2.955035
 17592.000000 5.906823 1.520261 2.978945
 17595.000000 5.996965 1.534483 2.954146
 17598.000000 5.986349 1.553953 2.954563
 17601.000000 6.010895 1.582642 2.924353
 17604.000000 6.000004 1.572564 2.914825
 17607.000000 6.040484 1.553528 2.959175
 17610.000000 6.131850 1.559421 2.954876
 17613.000000 6.115293 1.552236 2.958926
 17616.000000 5.978130 1.565332 2.966455
 17619.000000 6.001488 1.597473 2.948836
 17622.000000 6.083062 1.559749 2.987241
 17625.000000 6.054644 1.574085 2.973113
 17628.000000 6.113551 1.561667 3.006504
 17631.000000 6.218946 1.606078 2.956250
 17634.000000 6.149093 1.554254 2.985615
 17637.000000 6.120615 1.547606 2.985245
 17640.000000 6.095702 1.577563 2.953261
 17643.000000 6.066239 1.581718 2.972949
 17646.000000 6.058454 1.573292 3.000640
 17649.000000 5.960987 1.550219 3.028699
 17652.000000 5.988649 1.561992 3.028866
 17655.000000 6.116213 1.548424 3.006099
 17658.000000 6.047464 1.549909 2.998589
 17661.000000 6.039258 1.528952 3.009601
 17664.000000 6.060953 1.529555 2.979913
 17667.000000 6.009548 1.531237 2.972700
 17670.000000 6.011235 1.507038 3.019236
 17673.000000 6.090425 1.531353 2.967949
 17676.000000 6.017803 1.521178 3.012396
 17679.000000 6.044097 1.556446 2.958210
 17682.000000 6.030816 1.556937 2.952556
 17685.000000 5.992960 1.551038 2.940310
 17688.000000 5.952625 1.508818 2.987376
 17691.000000 5.928182 1.554867 2.974151
 17694.000000 5.921386 1.557922 2.966251
 17697.000000 5.855216 1.548304 2.977941
 17700.000000 5.752773 1.504993 3.001196
 17703.000000 5.800515 1.521381 2.963943
 17706.000000 5.852184 1.507272 2.986492
 17709.000000 5.965566 1.509091 2.962649
 17712.000000 6.006417 1.518337 2.952229
 17715.000000 6.036944 1.507916 2.989172
 17718.000000 6.056507 1.521236 2.965404
 17721.000000 6.042231 1.522856 2.985078
 17724.000000 5.977407 1.486511 2.989386
 17727.000000 5.942764 1.521815 2.967209
 17730.000000 5.934285 1.548249 2.957184
 17733.000000 5.913910 1.534122 2.944065
 17736.000000 5.907092 1.541980 2.985251
 17739.000000 5.970629 1.543685 2.998159
 17742.000000 5.927366 1.525584 3.023233
 17745.000000 5.908555 1.539433 3.021864
 17748.000000 5.865030 1.537975 3.034184
 17751.000000 5.929878 1.548476 3.022322
 17754.000000 5.934731 1.543986 3.017580
 17757.000000 5.969155 1.543571 2.993418
 17760.000000 6.031331 1.570740 2.972894
 17763.000000 5.955478 1.548707 2.971848
 17766.000000 5.973702 1.565253 2.947763
 17769.000000 5.974518 1.567757 2.924770
 17772.000000 5.944767 1.562844 2.937479
 17775.000000 5.917955 1.534994 2.973115
 17778.000000 5.951667 1.537724 2.974867
 17781.000000 5.983589 1.570534 2.960287
 17784.000000 5.960243 1.543372 2.975247
 17787.000000 5.939508 1.515058 2.979513
 17790.000000 5.929261 1.513841 2.958233
 17793.000000 5.943919 1.536266 2.993898
 17796.000000 5.924726 1.542594 2.934929
 17799.000000 6.002395 1.549913 2.962913
 17802.000000 5.917236 1.543428 2.982538
 17805.000000 5.982730 1.543132 2.987659
 17808.000000 5.913156 1.532953 2.979465
 17811.000000 5.827093 1.528955 3.000269
 17814.000000 5.804177 1.503927 2.979449
 17817.000000 5.781566 1.510809 2.964889
 17820.000000 5.730922 1.502143 2.973841
 17823.000000 5.772097 1.511702 2.971659
 17826.000000 5.814454 1.539902 2.955684
 17829.000000 5.718602 1.522047 2.936821
 17832.000000 5.719833 1.526759 2.966339
 17835.000000 5.792601 1.542880 2.966318
 17838.000000 5.797062 1.546728 2.941450
 17841.000000 5.805534 1.549349 2.979679
 17844.000000 5.896187 1.564110 2.967559
 17847.000000 5.959498 1.553477 3.013629
 17850.000000 5.890767 1.562275 2.995131
 17853.000000 5.949663 1.566657 2.985032
 17856.000000 5.956581 1.558067 2.956128
 17859.000000 5.933682 1.535430 2.986746
 17862.000000 5.886996 1.522486 2.978582
 17865.000000 5.890419 1.538295 2.962038
 17868.000000 5.908158 1.543375 2.969004
 17871.000000 5.933824 1.556028 2.985453
 17874.000000 5.934226 1.546392 2.947174
 17877.000000 6.015477 1.562166 2.974731
 17880.000000 5.905141 1.553442 2.961033
 17883.000000 5.954279 1.568230 2.964286
 17886.000000 6.011991 1.556011 2.978191
 17889.000000 5.968535 1.594093 2.955155
 17892.000000 5.938621 1.574456 2.939391
 17895.000000 6.047098 1.586300 2.932859
 17898.000000 6.059673 1.614139 2.931936
 17901.000000 6.011424 1.631563 2.923671
 17904.000000 6.049479 1.605831 2.973695
 17907.000000 5.999968 1.630212 2.951744
 17910.000000 5.924644 1.611869 2.989324
 17913.000000 5.842431 1.587267 2.975547
 17916.000000 5.830875 1.609944 2.990271
 17919.000000 5.835296 1.596364 3.014799
 17922.000000 5.875803 1.596313 2.970661
 17925.000000 5.943082 1.589515 2.941101
 17928.000000 5.934435 1.579753 2.962783
 17931.000000 5.873503 1.599128 2.965951
 17934.000000 5.892857 1.566250 2.984784
 17937.000000 6.020279 1.566541 2.989365
 17940.000000 5.877397 1.544211 2.973035
 17943.000000 5.947245 1.544823 2.960283
 17946.000000 5.961926 1.534700 2.979780
 17949.000000 5.910923 1.546756 2.965161
 17952.000000 5.850283 1.507788 3.011865
 17955.000000 5.902547 1.532332 2.974653
 17958.000000 5.996307 1.543050 2.983767
 17961.000000 6.012716 1.529748 2.969985
 17964.000000 6.091584 1.521685 2.979263
 17967.000000 5.960894 1.536001 2.945994
 17970.000000 5.954160 1.519009 2.947129
 17973.000000 6.015387 1.525292 2.998578
 17976.000000 5.990822 1.520253 3.039683
 17979.000000 5.959432 1.525422 3.053963
 17982.000000 5.906205 1.537943 3.032091
 17985.000000 5.997536 1.511037 3.007006
 17988.000000 5.991135 1.518299 2.979719
 17991.000000 5.949601 1.492173 2.960769
 17994.000000 6.014543 1.523010 2.962329
 17997.000000 6.005306 1.548856 2.970857
 18000.000000 6.010500 1.583225 2.950184
 18003.000000 5.984003 1.560932 3.021645
 18006.000000 5.931210 1.550183 3.041791
 18009.000000 5.945239 1.549065 3.001165
 18012.000000 5.990082 1.529843 2.988382
 18015.000000 5.986752 1.557328 2.987908
 18018.000000 6.079229 1.560398 2.959362
 18021.000000 6.044325 1.553988 2.948914
 18024.000000 6.005337 1.532522 2.980510
 18027.000000 6.016971 1.532423 2.979839
 18030.000000 6.009041 1.548762 2.944400
 18033.000000 5.980882 1.543330 2.978110
 18036.000000 6.001963 1.567637 3.008678
 18039.000000 6.019784 1.565978 3.009669
 18042.000000 6.010834 1.581416 3.000049
 18045.000000 5.987452 1.575455 2.964695
 18048.000000 6.020771 1.547066 2.986829
 18051.000000 6.010827 1.544379 3.015370
 18054.000000 6.010103 1.561340 2.957616
 18057.000000 6.003775 1.549648 2.973819
 18060.000000 5.990678 1.577137 2.946500
 18063.000000 5.991523 1.574589 2.954763
 18066.000000 6.031185 1.550757 2.945835
 18069.000000 6.022352 1.523560 2.968808
 18072.000000 6.038131 1.559220 2.938078
 18075.000000 5.974354 1.520359 2.979567
 18078.000000 5.933969 1.503233 2.992961
 18081.000000 6.008997 1.512974 3.011344
 18084.000000 6.057241 1.529823 2.992492
 18087.000000 6.048251 1.559602 3.002960
 18090.000000 6.054067 1.546505 3.010466
 18093.000000 6.042942 1.566891 2.993467
 18096.000000 6.033161 1.573759 2.983144
 18099.000000 6.115550 1.562811 2.985274
 18102.000000 6.000269 1.535244 3.014417
 18105.000000 5.978720 1.533183 3.016950
 18108.000000 6.056274 1.546776 3.039777
 18111.000000 6.014815 1.550999 2.979269
 18114.000000 6.058319 1.548362 2.998151
 18117.000000 6.014112 1.571672 2.983098
 18120.000000 6.063016 1.564746 2.983145
 18123.000000 6.044826 1.526010 3.017059
 18126.000000 5.990634 1.552267 2.988400
 18129.000000 5.925229 1.548492 2.943322
 18132.000000 6.008812 1.534852 3.003455
 18135.000000 5.984022 1.518169 3.028456
 18138.000000 5.969839 1.516965 3.024810
 18141.000000 6.069486 1.519365 3.013796
 18144.000000 5.971175 1.537396 3.005134
 18147.000000 6.033438 1.505480 3.038420
 18150.000000 6.004316 1.503072 3.030376
 18153.000000 6.050471 1.511461 3.015914
 18156.000000 5.969906 1.523362 3.009098
 18159.000000 6.026406 1.525899 3.003861
 18162.000000 5.996375 1.510693 2.994081
 18165.000000 6.075748 1.513294 2.993075
 18168.000000 6.043135 1.501160 2.999282
 18171.000000 6.023468 1.512027 2.980693
 18174.000000 5.963908 1.513625 2.982912
 18177.000000 6.010938 1.512934 2.985784
 18180.000000 5.995511 1.523852 2.987069
 18183.000000 5.944391 1.531917 2.997732
 18186.000000 5.975880 1.548864 2.976034
 18189.000000 6.047945 1.502578 2.995499
 18192.000000 6.035126 1.529275 2.934322
 18195.000000 6.091740 1.551397 2.965702
 18198.000000 5.985206 1.539399 3.001408
 18201.000000 6.108224 1.533676 2.985000
 18204.000000 6.122999 1.552543 2.979814
 18207.000000 6.046098 1.511414 3.019317
 18210.000000 5.968699 1.523661 3.017427
 18213.000000 5.997715 1.561956 3.010444
 18216.000000 5.984999 1.543663 3.030504
 18219.000000 5.980600 1.553881 3.020428
 18222.000000 6.030886 1.561790 2.995039
 18225.000000 5.999174 1.539647 3.007078
 18228.000000 5.974584 1.553198 2.961919
 18231.000000 5.964579 1.531495 2.991890
 18234.000000 5.965374 1.523610 2.988382
 18237.000000 5.913062 1.522919 2.983208
 18240.000000 5.857910 1.516051 2.999508
 18243.000000 5.928214 1.530872 2.986530
 18246.000000 5.884204 1.528825 2.995136
 18249.000000 5.949727 1.522050 2.976231
 18252.000000 5.951713 1.527073 2.977580
 18255.000000 5.991922 1.529372 2.944524
 18258.000000 5.936171 1.519573 2.960489
 18261.000000 5.962186 1.505154 2.976000
 18264.000000 5.928968 1.523388 2.953897
 18267.000000 5.965093 1.508671 2.947726
 18270.000000 5.941317 1.490227 2.974589
 18273.000000 5.961664 1.493481 2.951164
 18276.000000 5.926282 1.517546 2.904691
 18279.000000 5.891867 1.508204 2.932237
 18282.000000 6.004234 1.500809 2.926743
 18285.000000 5.986015 1.495771 2.923444
 18288.000000 6.048742 1.468335 2.981675
 18291.000000 6.027377 1.491886 2.938968
 18294.000000 6.049457 1.494831 2.961318
 18297.000000 6.019887 1.506690 2.924128
 18300.000000 5.983072 1.534235 2.927527
 18303.000000 5.980748 1.542117 2.914477
 18306.000000 5.954283 1.534704 2.935227
 18309.000000 5.905644 1.526571 2.961887
 18312.000000 5.924952 1.494102 2.999474
 18315.000000 5.986172 1.505433 2.969580
 18318.000000 6.035006 1.512456 2.944447
 18321.000000 6.003348 1.507320 2.957578
 18324.000000 5.990159 1.527136 2.929563
 18327.000000 6.004912 1.491989 2.932690
 18330.000000 5.999914 1.486159 2.932406
 18333.000000 6.016517 1.476093 2.939389
 18336.000000 5.990303 1.468784 2.933840
 18339.000000 6.061905 1.499969 2.923006
 18342.000000 6.057404 1.496059 2.926302
 18345.000000 6.038816 1.505493 2.932843
 18348.000000 5.968540 1.512126 2.926010
 18351.000000 5.983493 1.524144 2.935053
 18354.000000 5.971757 1.506439 2.945052
 18357.000000 5.898766 1.522363 2.951104
 18360.000000 5.883277 1.552021 2.938452
 18363.000000 5.972174 1.528970 2.943644
 18366.000000 5.953181 1.560274 2.928448
 18369.000000 5.922267 1.522799 2.950009
 18372.000000 5.952403 1.537533 2.972194
 18375.000000 5.938204 1.494213 2.981650
 18378.000000 5.916974 1.488969 2.987834
 18381.000000 5.949490 1.505884 2.955683
 18384.000000 6.023736 1.512326 2.993626
 18387.000000 6.066200 1.506246 3.001299
 18390.000000 6.125250 1.531407 2.977716
 18393.000000 6.098934 1.533910 2.941027
 18396.000000 6.089883 1.542451 2.976316
 18399.000000 6.100823 1.509044 2.955120
 18402.000000 6.119727 1.504125 2.992503
 18405.000000 6.050650 1.515310 3.015872
 18408.000000 5.991909 1.510757 2.998452
 18411.000000 6.008074 1.506531 3.022609
 18414.000000 6.014551 1.524626 2.999657
 18417.000000 5.998101 1.541629 2.997648
 18420.000000 6.018507 1.542835 2.995706
 18423.000000 6.082561 1.534504 3.006548
 18426.000000 6.040956 1.511651 3.055782
 18429.000000 6.081780 1.518389 3.023766
 18432.000000 6.093348 1.539363 3.018536
 18435.000000 6.112711 1.549761 2.999807
 18438.000000 6.142856 1.550536 3.012374
 18441.000000 6.078030 1.555138 3.036474
 18444.000000 6.109169 1.548124 3.055082
 18447.000000 6.075379 1.527738 3.040762
 18450.000000 6.061232 1.511859 3.056781
 18453.000000 6.001188 1.524585 3.047310
 18456.000000 6.074108 1.542980 3.040455
 18459.000000 6.003241 1.517092 3.024103
 18462.000000 6.075405 1.527242 3.058727
 18465.000000 6.013171 1.533269 3.003877
 18468.000000 5.898485 1.519350 2.967833
 18471.000000 5.932087 1.521289 3.052208
 18474.000000 5.990050 1.525793 3.031036
 18477.000000 5.947161 1.545017 2.978266
 18480.000000 5.959447 1.510448 2.999143
 18483.000000 6.017995 1.491091 3.020758
 18486.000000 5.975024 1.494511 2.999621
 18489.000000 5.965350 1.504143 2.985001
 18492.000000 5.978283 1.534855 2.975380
 18495.000000 5.981468 1.545571 2.975134
 18498.000000 5.981677 1.508452 2.988734
 18501.000000 5.943124 1.508136 2.979427
 18504.000000 5.916525 1.541582 2.968836
 18507.000000 6.077095 1.528605 2.976651
 18510.000000 6.079612 1.536674 2.979910
 18513.000000 5.996839 1.543134 2.952023
 18516.000000 6.005576 1.545535 2.973407
 18519.000000 5.978564 1.515831 2.962403
 18522.000000 6.051171 1.501062 2.976614
 18525.000000 5.990633 1.504050 2.950593
 18528.000000 5.985547 1.509167 2.992614
 18531.000000 5.960472 1.536308 2.961708
 18534.000000 5.992593 1.536009 2.969094
 18537.000000 6.000347 1.513867 2.997647
 18540.000000 5.964193 1.510852 2.999370
 18543.000000 6.075410 1.516927 2.997684
 18546.000000 5.974629 1.555330 2.945336
 18549.000000 5.983729 1.551801 2.975079
 18552.000000 6.002566 1.580993 2.972790
 18555.000000 6.007031 1.562818 2.967056
 18558.000000 6.078604 1.554526 2.942528
 18561.000000 5.967392 1.547952 2.969811
 18564.000000 5.908231 1.550363 2.963868
 18567.000000 5.927326 1.516469 2.943682
 18570.000000 5.980958 1.527522 2.965516
 18573.000000 5.968502 1.513257 2.949118
 18576.000000 5.915707 1.503853 2.951013
 18579.000000 5.872434 1.505710 2.956894
 18582.000000 5.875571 1.524122 2.948544
 18585.000000 5.873326 1.494626 2.950644
 18588.000000 5.828194 1.472987 2.966591
 18591.000000 5.754516 1.483714 2.933903
 18594.000000 5.839958 1.507565 2.951328
 18597.000000 5.798562 1.494754 2.941512
 18600.000000 5.762086 1.473232 2.954596
 18603.000000 5.741514 1.506308 2.890346
 18606.000000 5.836413 1.490952 2.899541
 18609.000000 5.844582 1.509003 2.896727
 18612.000000 5.875337 1.525529 2.904236
 18615.000000 5.841957 1.526928 2.907254
 18618.000000 5.924025 1.542820 2.909793
 18621.000000 5.960421 1.534175 2.950487
 18624.000000 5.936449 1.529659 2.977005
 18627.000000 5.882151 1.543093 2.967864
 18630.000000 5.886495 1.543977 2.943961
 18633.000000 5.896727 1.542462 2.970891
 18636.000000 5.851326 1.538127 2.953064
 18639.000000 5.780781 1.532280 2.963112
 18642.000000 5.751258 1.528144 3.007960
 18645.000000 5.726607 1.538486 2.997612
 18648.000000 5.740598 1.514129 3.011563
 18651.000000 5.778955 1.527984 2.986353
 18654.000000 5.837113 1.524948 2.992824
 18657.000000 5.792379 1.502466 3.031056
 18660.000000 5.836672 1.531159 3.017612
 18663.000000 5.910062 1.538909 2.970928
 18666.000000 5.961076 1.547822 2.978657
 18669.000000 5.927262 1.536325 2.953043
 18672.000000 5.976429 1.544860 2.968511
 18675.000000 5.956821 1.549796 2.954081
 18678.000000 5.974389 1.555555 2.976066
 18681.000000 5.991951 1.573088 2.914838
 18684.000000 5.927771 1.584742 2.918340
 18687.000000 5.996528 1.587216 2.944985
 18690.000000 6.068330 1.574615 2.961213
 18693.000000 6.093659 1.559397 2.989425
 18696.000000 5.984980 1.548299 2.959413
 18699.000000 6.021051 1.527908 2.986541
 18702.000000 6.031918 1.497413 3.019712
 18705.000000 5.916059 1.480411 3.019092
 18708.000000 5.912273 1.505029 2.987283
 18711.000000 5.923328 1.482847 2.989016
 18714.000000 5.930444 1.509590 2.921333
 18717.000000 5.866525 1.518379 2.919594
 18720.000000 5.899351 1.527209 2.945092
 18723.000000 5.913908 1.493107 2.976894
 18726.000000 5.986662 1.493178 2.984520
 18729.000000 5.950087 1.493916 2.985003
 18732.000000 5.923060 1.488411 3.012633
 18735.000000 5.892578 1.485840 2.995953
 18738.000000 5.894479 1.502727 2.998898
 18741.000000 5.900871 1.507907 3.015201
 18744.000000 5.821001 1.462584 3.023163
 18747.000000 5.836087 1.486600 2.975778
 18750.000000 5.835219 1.487467 2.979465
 18753.000000 5.811015 1.480056 3.043259
 18756.000000 5.896571 1.490185 3.023938
 18759.000000 5.930309 1.504509 3.008985
 18762.000000 5.884455 1.524295 2.983805
 18765.000000 5.908134 1.518084 3.013139
 18768.000000 5.896002 1.548720 2.990566
 18771.000000 5.967271 1.546865 2.989895
 18774.000000 5.973457 1.536688 3.023163
 18777.000000 5.838434 1.516640 3.007768
 18780.000000 5.776432 1.516282 3.034513
 18783.000000 5.861771 1.525961 3.016638
 18786.000000 5.837600 1.503537 3.046625
 18789.000000 5.858424 1.519617 3.015555
 18792.000000 5.862657 1.520360 3.025816
 18795.000000 5.946051 1.524534 3.039644
 18798.000000 5.860260 1.520672 3.015039
 18801.000000 5.930818 1.535882 3.020240
 18804.000000 5.909854 1.557803 2.996760
 18807.000000 5.950857 1.530767 3.020444
 18810.000000 5.870445 1.528505 3.039118
 18813.000000 5.839388 1.560088 2.998978
 18816.000000 5.956201 1.539048 3.003412
 18819.000000 5.901498 1.554553 2.988363
 18822.000000 5.943635 1.534103 3.054739
 18825.000000 5.921110 1.541203 3.038840
 18828.000000 5.892297 1.528932 3.016485
 18831.000000 5.863124 1.544699 3.037879
 18834.000000 5.812340 1.546516 3.025360
 18837.000000 5.756287 1.553377 3.046762
 18840.000000 5.807415 1.571527 3.051388
 18843.000000 5.824346 1.544085 3.030603
 18846.000000 5.862084 1.525460 3.006842
 18849.000000 5.861999 1.540388 3.006613
 18852.000000 5.892662 1.556176 2.980625
 18855.000000 5.799238 1.568558 2.979181
 18858.000000 5.779514 1.571259 2.962513
 18861.000000 5.785368 1.572327 2.985362
 18864.000000 5.868644 1.560465 2.971476
 18867.000000 5.860123 1.555883 2.983010
 18870.000000 5.952959 1.582843 2.980323
 18873.000000 6.072105 1.580887 2.998214
 18876.000000 6.085574 1.565693 3.019750
 18879.000000 6.048534 1.574388 2.975037
 18882.000000 6.016858 1.569721 2.966711
 18885.000000 5.977038 1.582361 2.986256
 18888.000000 5.823457 1.538924 3.050521
 18891.000000 5.858885 1.583724 3.028430
 18894.000000 5.821272 1.550827 3.063116
 18897.000000 5.875165 1.547540 3.001784
 18900.000000 5.912058 1.584598 3.007248
 18903.000000 5.993791 1.590689 3.013050
 18906.000000 6.005872 1.562956 3.037112
 18909.000000 6.078246 1.558365 3.022249
 18912.000000 5.983667 1.553080 3.027620
 18915.000000 5.983916 1.552890 2.997238
 18918.000000 5.972461 1.547052 2.992498
 18921.000000 5.992560 1.577985 2.989849
 18924.000000 5.982741 1.552835 3.013188
 18927.000000 5.965607 1.556487 2.988999
 18930.000000 5.998968 1.547091 3.019415
 18933.000000 5.974111 1.530294 3.063004
 18936.000000 6.097903 1.545822 3.025860
 18939.000000 6.053428 1.530338 3.062928
 18942.000000 5.987826 1.523082 3.043383
 18945.000000 5.970810 1.532489 3.003976
 18948.000000 5.953445 1.537552 3.012120
 18951.000000 5.998354 1.529473 3.014051
 18954.000000 6.026195 1.529187 2.996173
 18957.000000 5.967531 1.554374 2.980324
 18960.000000 5.975315 1.517347 3.014645
 18963.000000 5.956762 1.533875 2.995668
 18966.000000 6.033257 1.506124 3.014363
 18969.000000 5.942090 1.509263 3.000731
 18972.000000 6.007966 1.497148 3.026346
 18975.000000 5.975432 1.514552 3.007495
 18978.000000 5.999130 1.513128 3.043250
 18981.000000 6.009181 1.512544 3.000927
 18984.000000 5.997817 1.523301 2.963263
 18987.000000 5.981372 1.482775 2.984893
 18990.000000 5.978807 1.508712 2.946655
 18993.000000 5.959634 1.505233 2.960172
 18996.000000 5.972927 1.492594 2.973595
 18999.000000 6.025972 1.486890 2.987528
 19002.000000 5.965381 1.508462 2.975600
 19005.000000 5.953580 1.501691 2.953667
 19008.000000 5.940240 1.517946 2.927204
 19011.000000 5.911936 1.511722 2.936272
 19014.000000 5.910692 1.518195 2.974018
 19017.000000 5.938468 1.517926 3.009606
 19020.000000 6.060861 1.548639 2.974874
 19023.000000 5.993128 1.534717 3.001698
 19026.000000 6.000964 1.534374 2.985977
 19029.000000 6.045708 1.514442 2.985244
 19032.000000 6.076692 1.538222 2.985925
 19035.000000 6.072970 1.536315 2.960767
 19038.000000 6.041256 1.543337 2.958035
 19041.000000 6.113094 1.532006 2.951144
 19044.000000 6.049601 1.544614 2.950048
 19047.000000 6.126493 1.538945 2.972670
 19050.000000 5.958742 1.529743 2.962325
 19053.000000 5.956737 1.534934 2.964134
 19056.000000 5.989722 1.533340 2.929825
 19059.000000 6.012784 1.553766 2.945779
 19062.000000 6.029489 1.539675 2.932235
 19065.000000 5.959976 1.520774 2.960793
 19068.000000 5.981631 1.541297 2.961309
 19071.000000 5.971568 1.498446 2.978054
 19074.000000 6.007774 1.492425 3.009461
 19077.000000 6.057504 1.529830 2.991910
 19080.000000 6.073124 1.558476 2.954932
 19083.000000 6.080569 1.541626 3.012050
 19086.000000 6.130779 1.522966 2.999744
 19089.000000 6.109548 1.520224 3.006727
 19092.000000 6.135921 1.504002 2.968635
 19095.000000 6.031285 1.561823 2.962185
 19098.000000 6.036115 1.542558 2.975054
 19101.000000 5.981954 1.522716 3.025383
 19104.000000 5.952820 1.523954 3.013717
 19107.000000 5.929162 1.513514 2.995354
 19110.000000 5.934645 1.531882 2.988515
 19113.000000 5.932115 1.527495 2.968514
 19116.000000 5.940948 1.550752 2.966216
 19119.000000 5.979911 1.573791 2.985352
 19122.000000 5.928736 1.535547 3.001015
 19125.000000 5.917435 1.557777 2.995835
 19128.000000 5.959200 1.548425 3.010199
 19131.000000 6.034691 1.557842 2.992423
 19134.000000 5.975595 1.538594 2.976327
 19137.000000 6.048265 1.548666 2.966183
 19140.000000 5.943589 1.530131 2.963994
 19143.000000 6.044478 1.522367 2.975084
 19146.000000 6.086199 1.547805 2.979174
 19149.000000 6.150793 1.528903 2.977011
 19152.000000 6.071802 1.532492 2.969284
 19155.000000 6.104495 1.554026 2.940598
 19158.000000 6.069524 1.539890 2.951294
 19161.000000 6.049760 1.534099 2.948287
 19164.000000 6.022027 1.523135 2.963725
 19167.000000 6.087810 1.489973 2.980104
 19170.000000 6.067023 1.520630 2.964927
 19173.000000 5.970305 1.511776 2.973236
 19176.000000 5.949100 1.488023 2.993006
 19179.000000 5.980601 1.480009 2.980564
 19182.000000 5.976943 1.460536 3.007099
 19185.000000 5.934421 1.456265 3.011266
 19188.000000 5.949825 1.459759 2.979774
 19191.000000 6.030838 1.480948 2.985447
 19194.000000 6.116481 1.480062 2.959177
 19197.000000 6.085019 1.490679 2.977187
 19200.000000 6.189229 1.513233 3.004731
 19203.000000 6.094155 1.518839 2.965222
 19206.000000 6.147901 1.522242 2.996960
 19209.000000 6.191022 1.514777 2.992515
 19212.000000 6.133108 1.531636 2.986245
 19215.000000 6.101591 1.528025 2.968147
 19218.000000 6.114412 1.552683 2.991632
 19221.000000 6.077421 1.561891 2.982377
 19224.000000 6.027343 1.555858 2.967505
 19227.000000 6.006227 1.560955 2.992105
 19230.000000 5.961106 1.571658 2.951013
 19233.000000 5.951218 1.564671 2.951144
 19236.000000 5.924093 1.578011 2.944344
 19239.000000 5.933156 1.536159 2.989944
 19242.000000 5.956952 1.505187 3.000022
 19245.000000 5.872958 1.555231 2.961057
 19248.000000 5.863501 1.579910 2.943194
 19251.000000 5.915205 1.572037 2.941003
 19254.000000 5.928397 1.573914 2.945481
 19257.000000 6.007343 1.580399 2.950924
 19260.000000 6.009591 1.570886 2.943637
 19263.000000 5.965395 1.549201 2.983378
 19266.000000 5.949080 1.542499 2.982641
 19269.000000 5.844221 1.515567 3.015485
 19272.000000 5.904206 1.545671 2.956025
 19275.000000 5.940272 1.554462 2.969690
 19278.000000 5.923450 1.546106 2.972859
 19281.000000 6.006574 1.553268 2.964241
 19284.000000 5.967056 1.549490 3.003949
 19287.000000 5.928725 1.561035 2.937655
 19290.000000 5.992651 1.537948 3.018582
 19293.000000 6.026076 1.528885 2.994895
 19296.000000 5.983842 1.542001 3.013120
 19299.000000 5.932726 1.557430 2.995330
 19302.000000 5.924410 1.543287 2.980991
 19305.000000 5.917877 1.534242 3.016405
 19308.000000 5.897741 1.563470 3.026932
 19311.000000 5.909250 1.552232 2.966856
 19314.000000 5.938745 1.562428 2.970153
 19317.000000 5.944707 1.584129 2.951668
 19320.000000 5.909038 1.541156 2.988007
 19323.000000 5.891798 1.544115 2.999923
 19326.000000 5.845583 1.556651 3.003151
 19329.000000 5.883748 1.572704 2.987567
 19332.000000 5.905842 1.552108 3.028103
 19335.000000 5.943435 1.601838 2.969790
 19338.000000 5.865161 1.596738 2.993877
 19341.000000 5.833662 1.598539 2.958302
 19344.000000 5.860100 1.592914 2.973157
 19347.000000 5.846269 1.610871 2.966543
 19350.000000 5.918629 1.594284 3.006048
 19353.000000 5.929309 1.603806 2.977186
 19356.000000 6.015203 1.609074 2.988723
 19359.000000 6.098468 1.603988 2.967261
 19362.000000 6.071913 1.573209 3.009180
 19365.000000 6.121500 1.566312 3.038882
 19368.000000 6.126298 1.579255 3.022108
 19371.000000 6.146082 1.562698 3.024366
 19374.000000 6.086810 1.561614 3.044719
 19377.000000 6.016457 1.567282 3.017716
 19380.000000 6.013195 1.537667 3.035738
 19383.000000 5.912516 1.600842 2.964544
 19386.000000 5.932756 1.590860 3.006320
 19389.000000 5.915880 1.573265 3.036345
 19392.000000 5.916227 1.569155 2.975234
 19395.000000 5.960174 1.585853 2.963832
 19398.000000 5.934964 1.563117 3.006884
 19401.000000 6.016708 1.547790 2.991026
 19404.000000 5.998479 1.529942 2.994981
 19407.000000 5.926917 1.529293 2.981874
 19410.000000 5.849415 1.546200 2.997109
 19413.000000 5.913167 1.519181 3.018515
 19416.000000 5.956023 1.563576 2.997215
 19419.000000 5.949076 1.575972 2.963260
 19422.000000 5.923436 1.535797 2.945175
 19425.000000 5.902042 1.540899 2.949512
 19428.000000 5.888905 1.540961 2.946337
 19431.000000 5.946561 1.571480 2.932691
 19434.000000 5.920838 1.539102 2.938253
 19437.000000 5.884370 1.560735 2.928556
 19440.000000 5.830161 1.551510 2.943521
 19443.000000 5.853102 1.531430 3.001645
 19446.000000 5.872439 1.553737 2.948403
 19449.000000 5.991545 1.540034 2.956845
 19452.000000 5.964457 1.508691 3.004896
 19455.000000 6.050509 1.520846 2.967156
 19458.000000 6.123731 1.548771 2.969876
 19461.000000 5.996284 1.537841 2.966412
 19464.000000 5.967699 1.520893 2.958506
 19467.000000 5.985388 1.539888 2.955412
 19470.000000 6.048190 1.552499 2.951971
 19473.000000 5.958556 1.549996 2.933146
 19476.000000 5.955686 1.528741 2.943168
 19479.000000 5.987019 1.556551 2.903853
 19482.000000 5.897455 1.561033 2.882366
 19485.000000 5.984782 1.553250 2.908403
 19488.000000 5.907689 1.542113 2.917267
 19491.000000 5.958407 1.578296 2.887012
 19494.000000 5.929980 1.565539 2.930480
 19497.000000 5.874770 1.583641 2.937760
 19500.000000 5.956788 1.543723 2.971268
 19503.000000 5.966342 1.547453 2.973955
 19506.000000 5.977783 1.522463 3.015777
 19509.000000 5.927394 1.536835 3.030043
 19512.000000 5.998979 1.544743 3.022032
 19515.000000 5.877637 1.512182 3.018174
 19518.000000 5.846482 1.524269 3.039762
 19521.000000 5.927977 1.523560 3.033550
 19524.000000 5.856561 1.515097 3.030392
 19527.000000 5.983125 1.573008 3.012765
 19530.000000 5.881299 1.542126 3.043352
 19533.000000 5.914296 1.554157 2.981928
 19536.000000 5.870095 1.535958 3.030367
 19539.000000 5.887363 1.540362 3.035464
 19542.000000 5.772837 1.548354 3.020892
 19545.000000 5.808460 1.545024 2.975637
 19548.000000 5.853889 1.532479 3.003999
 19551.000000 5.811189 1.530920 2.987696
 19554.000000 5.764559 1.546919 2.939388
 19557.000000 5.836792 1.530939 2.986786
 19560.000000 5.858575 1.536367 2.953267
 19563.000000 5.941859 1.563847 2.938278
 19566.000000 5.937904 1.558347 2.962861
 19569.000000 5.835887 1.556009 2.943832
 19572.000000 5.805518 1.560542 2.923586
 19575.000000 5.778823 1.558803 2.967477
 19578.000000 5.827982 1.574423 2.972613
 19581.000000 5.897625 1.575601 2.959628
 19584.000000 5.852159 1.566216 2.958889
 19587.000000 5.824976 1.551325 2.977080
 19590.000000 5.865931 1.563466 2.959948
 19593.000000 5.850811 1.555239 2.939259
 19596.000000 5.831872 1.539410 2.937355
 19599.000000 5.874066 1.550568 2.944681
 19602.000000 5.886166 1.523711 2.960847
 19605.000000 5.854716 1.521350 2.986745
 19608.000000 5.814232 1.541850 2.969993
 19611.000000 5.854034 1.525659 2.970717
 19614.000000 5.877829 1.521169 2.942373
 19617.000000 5.913925 1.512590 2.993826
 19620.000000 5.883131 1.529790 2.944519
 19623.000000 5.959499 1.510381 2.972489
 19626.000000 6.025120 1.524288 2.943855
 19629.000000 6.022235 1.536084 2.924408
 19632.000000 6.083199 1.545626 2.973171
 19635.000000 6.055049 1.524181 2.987911
 19638.000000 6.089890 1.554667 2.980087
 19641.000000 6.131970 1.538587 2.963827
 19644.000000 6.075148 1.560033 2.967745
 19647.000000 6.165283 1.539434 2.986940
 19650.000000 6.162933 1.560988 2.984015
 19653.000000 6.101203 1.557917 2.970061
 19656.000000 6.085463 1.551881 2.953461
 19659.000000 6.052064 1.513849 2.975697
 19662.000000 5.971082 1.502176 2.998198
 19665.000000 5.983264 1.534997 2.955425
 19668.000000 5.934288 1.543079 2.932415
 19671.000000 6.093790 1.546458 2.942610
 19674.000000 6.131282 1.529780 2.961881
 19677.000000 6.043675 1.497187 2.973281
 19680.000000 6.038587 1.514422 2.953510
 19683.000000 5.986587 1.501333 2.995424
 19686.000000 5.901206 1.529766 2.965056
 19689.000000 5.920759 1.552322 2.919164
 19692.000000 5.974055 1.590351 2.922741
 19695.000000 5.937930 1.543791 2.962112
 19698.000000 5.916844 1.548363 2.952690
 19701.000000 5.922711 1.540826 2.958305
 19704.000000 6.020661 1.555587 2.953397
 19707.000000 5.964970 1.575889 2.947614
 19710.000000 5.985312 1.574813 2.965930
 19713.000000 5.958324 1.558440 2.977904
 19716.000000 5.872035 1.583476 2.939632
 19719.000000 5.923518 1.586036 2.957890
 19722.000000 5.863248 1.578617 2.954013
 19725.000000 5.897870 1.546983 2.985388
 19728.000000 5.916313 1.534077 2.999921
 19731.000000 5.879005 1.552155 2.959637
 19734.000000 5.825765 1.540366 2.993059
 19737.000000 5.808974 1.534877 2.965867
 19740.000000 5.874159 1.543304 2.989856
 19743.000000 5.881090 1.559006 2.948066
 19746.000000 5.966664 1.551823 2.971126
 19749.000000 5.878604 1.525655 2.980151
 19752.000000 5.952000 1.524822 2.994118
 19755.000000 5.999308 1.537239 2.959793
 19758.000000 5.974919 1.534186 2.989500
 19761.000000 5.977726 1.558805 2.984272
 19764.000000 5.960049 1.549025 2.980386
 19767.000000 5.967273 1.553703 2.983790
 19770.000000 5.902497 1.546158 2.948698
 19773.000000 5.940624 1.538982 2.967318
 19776.000000 5.970594 1.582333 2.941954
 19779.000000 6.055739 1.539322 2.977529
 19782.000000 6.088276 1.546819 2.975053
 19785.000000 6.006923 1.528705 2.965934
 19788.000000 5.916560 1.559801 2.973140
 19791.000000 5.982449 1.551445 2.970499
 19794.000000 6.000607 1.556484 2.935560
 19797.000000 6.030085 1.558085 2.969758
 19800.000000 5.970394 1.583004 2.947999
 19803.000000 5.882691 1.569931 2.934975
 19806.000000 5.860424 1.580641 2.927757
 19809.000000 5.926715 1.581834 2.944344
 19812.000000 5.882565 1.579425 2.947874
 19815.000000 5.953045 1.568284 2.964623
 19818.000000 5.873487 1.553426 2.970595
 19821.000000 5.884241 1.517532 3.002107
 19824.000000 5.878078 1.521116 2.973073
 19827.000000 5.956576 1.494916 3.016151
 19830.000000 6.012076 1.495882 3.010589
 19833.000000 6.005790 1.495392 2.987574
 19836.000000 6.071010 1.481691 2.975603
 19839.000000 6.020580 1.488287 2.953186
 19842.000000 5.997543 1.491166 2.949043
 19845.000000 6.045732 1.517192 2.917023
 19848.000000 6.043485 1.504974 2.933877
 19851.000000 5.998954 1.530078 2.955090
 19854.000000 6.071476 1.522960 2.974843
 19857.000000 6.120334 1.527594 3.004193
 19860.000000 6.078239 1.506922 2.977295
 19863.000000 6.018511 1.504138 2.988606
 19866.000000 6.080653 1.499212 2.988315
 19869.000000 6.112834 1.530657 2.937009
 19872.000000 6.093384 1.528104 2.928991
 19875.000000 6.079947 1.512417 2.966233
 19878.000000 6.105357 1.524871 2.958596
 19881.000000 6.105828 1.553520 2.935570
 19884.000000 6.114618 1.531587 2.919224
 19887.000000 6.057089 1.543541 2.921092
 19890.000000 6.088565 1.559260 2.954603
 19893.000000 6.106937 1.577903 2.924696
 19896.000000 6.037205 1.586618 2.914478
 19899.000000 6.056940 1.561499 2.964360
 19902.000000 6.081562 1.566875 2.973788
 19905.000000 6.156315 1.571361 2.967304
 19908.000000 6.028966 1.562726 2.974749
 19911.000000 6.009017 1.547032 2.940209
 19914.000000 6.037602 1.535501 2.944866
 19917.000000 6.193047 1.546657 2.936774
 19920.000000 6.123541 1.565464 2.932920
 19923.000000 6.092019 1.535791 2.975804
 19926.000000 6.030932 1.547312 2.988191
 19929.000000 5.986880 1.548366 3.002481
 19932.000000 5.913377 1.554629 2.951901
 19935.000000 5.932732 1.570355 2.967350
 19938.000000 5.967059 1.562132 2.963453
 19941.000000 5.984522 1.536546 2.957779
 19944.000000 6.041450 1.567654 2.935310
 19947.000000 6.033503 1.518731 2.977396
 19950.000000 6.111546 1.540854 2.942208
 19953.000000 6.080795 1.578596 2.928202
 19956.000000 6.080606 1.557555 2.959583
 19959.000000 6.027353 1.555570 2.916659
 19962.000000 6.068791 1.546426 2.928599
 19965.000000 6.043825 1.536249 2.906103
 19968.000000 6.076315 1.543276 2.915569
 19971.000000 5.996958 1.545946 2.913415
 19974.000000 5.916345 1.532045 2.937416
 19977.000000 5.994944 1.516800 2.939074
 19980.000000 5.971546 1.537625 2.911610
 19983.000000 5.970273 1.554346 2.921810
 19986.000000 6.017948 1.527788 2.902601
 19989.000000 5.952859 1.545284 2.881581
 19992.000000 5.968030 1.537191 2.909629
 19995.000000 5.915548 1.546976 2.876864
 19998.000000 5.943292 1.530985 2.898310
 20001.000000 6.000191 1.522489 2.899501
 20004.000000 5.939088 1.516387 2.916260
 20007.000000 5.994136 1.509908 2.962552
 20010.000000 5.928595 1.512240 2.968110
 20013.000000 5.982547 1.520622 2.971523
 20016.000000 5.978454 1.513467 3.022211
 20019.000000 5.972825 1.529394 2.979271
 20022.000000 5.942090 1.507720 2.982486
 20025.000000 5.999566 1.527123 2.991486
 20028.000000 6.005959 1.518285 2.982851
 20031.000000 5.984125 1.521272 2.956240
 20034.000000 6.060990 1.514106 2.962626
 20037.000000 6.061196 1.488708 2.952563
 20040.000000 6.092187 1.514028 2.933496
 20043.000000 6.074038 1.495712 2.927830
 20046.000000 6.037388 1.509077 2.958188
 20049.000000 5.994505 1.523381 2.951200
 20052.000000 6.011180 1.529841 2.954812
 20055.000000 5.981600 1.536349 2.928882
 20058.000000 5.995806 1.535076 2.906910
 20061.000000 5.990050 1.521139 2.944095
 20064.000000 5.921620 1.482619 2.931238
 20067.000000 5.990431 1.510258 2.918721
 20070.000000 6.030182 1.499002 2.962572
 20073.000000 5.969803 1.485527 2.987317
 20076.000000 6.095575 1.503620 2.998797
 20079.000000 6.026902 1.524272 2.928878
 20082.000000 6.076443 1.476410 2.966015
 20085.000000 6.126570 1.485798 2.913781
 20088.000000 6.023383 1.475135 2.929787
 20091.000000 5.997361 1.476799 2.962988
 20094.000000 6.060437 1.499468 2.945801
 20097.000000 6.108190 1.519187 2.961283
 20100.000000 6.161588 1.492288 2.948757
 20103.000000 6.152553 1.500497 2.942951
 20106.000000 6.158750 1.499652 2.965603
 20109.000000 6.136557 1.497186 2.972671
 20112.000000 6.040435 1.487262 2.964276
 20115.000000 5.936625 1.505541 2.960399
 20118.000000 5.992994 1.546612 2.974117
 20121.000000 6.001822 1.505157 2.984447
 20124.000000 5.958672 1.502395 2.991407
 20127.000000 6.066827 1.509457 2.971818
 20130.000000 5.936046 1.472954 2.985884
 20133.000000 5.885476 1.492363 2.994264
 20136.000000 5.857703 1.472161 2.990978
 20139.000000 5.940888 1.482872 2.972362
 20142.000000 6.000029 1.485571 2.963172
 20145.000000 5.962469 1.451600 2.987414
 20148.000000 5.984053 1.452069 2.962229
 20151.000000 6.012125 1.473255 2.952105
 20154.000000 5.988443 1.489805 2.940099
 20157.000000 6.015083 1.488944 2.945744
 20160.000000 6.022592 1.455042 2.933393
 20163.000000 6.048323 1.454062 2.983504
 20166.000000 6.036458 1.471892 2.960379
 20169.000000 6.154781 1.488047 2.954411
 20172.000000 6.038536 1.500955 2.925074
 20175.000000 6.091370 1.490900 2.918966
 20178.000000 6.020356 1.496689 2.917328
 20181.000000 6.023605 1.496157 2.907479
 20184.000000 6.095212 1.497645 2.951471
 20187.000000 6.078513 1.495468 2.925730
 20190.000000 6.126390 1.505402 2.970297
 20193.000000 6.128793 1.509630 2.953666
 20196.000000 6.140786 1.512178 2.926131
 20199.000000 6.164739 1.482556 2.951019
 20202.000000 6.159902 1.468953 2.921819
 20205.000000 6.126244 1.455117 2.951627
 20208.000000 6.119103 1.499504 2.968922
 20211.000000 6.045270 1.470725 2.984121
 20214.000000 6.003514 1.473254 2.960131
 20217.000000 5.948143 1.501986 2.924869
 20220.000000 5.901259 1.497698 2.944140
 20223.000000 5.869271 1.481739 2.944351
 20226.000000 5.845896 1.526604 2.921290
 20229.000000 5.738855 1.506766 2.942928
 20232.000000 5.748469 1.499230 2.924589
 20235.000000 5.841186 1.519301 2.930533
 20238.000000 5.807057 1.503528 2.940453
 20241.000000 5.793312 1.515195 2.948128
 20244.000000 5.856365 1.513263 2.939273
 20247.000000 5.910117 1.533650 2.898485
 20250.000000 5.932368 1.506969 2.898704
 20253.000000 5.957155 1.525459 2.903938
 20256.000000 5.898626 1.496419 2.928567
 20259.000000 5.855771 1.479043 2.952488
 20262.000000 5.865114 1.472939 2.964116
 20265.000000 5.864494 1.482885 2.957822
 20268.000000 5.936594 1.484769 2.972385
 20271.000000 5.912617 1.498840 2.943453
 20274.000000 5.957188 1.507065 2.944366
 20277.000000 5.917365 1.514970 2.955095
 20280.000000 6.018460 1.528427 2.912977
 20283.000000 5.938022 1.530810 2.909719
 20286.000000 5.980617 1.518874 2.912319
 20289.000000 6.035134 1.501724 2.967190
 20292.000000 6.014221 1.481957 3.012314
 20295.000000 6.082513 1.492951 2.980041
 20298.000000 6.089798 1.496013 3.023887
 20301.000000 6.071967 1.523708 3.003322
 20304.000000 6.051378 1.539821 2.999227
 20307.000000 5.986830 1.510992 3.042343
 20310.000000 5.960502 1.514121 3.024833
 20313.000000 5.902533 1.528254 3.011738
 20316.000000 5.926861 1.536697 2.976263
 20319.000000 5.982071 1.552946 2.914428
 20322.000000 5.951995 1.534805 2.965514
 20325.000000 5.892398 1.563180 2.946128
 20328.000000 6.005002 1.547288 2.983203
 20331.000000 5.997129 1.551578 3.000237
 20334.000000 6.035649 1.546841 3.003622
 20337.000000 6.006001 1.544431 2.962651
 20340.000000 6.066099 1.563010 2.935885
 20343.000000 6.078093 1.557784 2.951290
 20346.000000 6.043813 1.548806 2.960725
 20349.000000 5.971774 1.547685 2.976637
 20352.000000 5.997533 1.541161 2.953810
 20355.000000 6.019891 1.552060 2.923012
 20358.000000 6.044189 1.543357 2.963485
 20361.000000 5.989479 1.582913 2.936324
 20364.000000 6.019683 1.583028 2.953268
 20367.000000 6.040720 1.580828 2.954696
 20370.000000 6.002427 1.560833 2.976602
 20373.000000 5.964611 1.597090 2.984873
 20376.000000 5.995661 1.591416 2.985039
 20379.000000 5.994750 1.563431 3.009712
 20382.000000 5.997575 1.571974 2.980226
 20385.000000 6.022820 1.555579 3.002351
 20388.000000 6.073817 1.574129 2.956460
 20391.000000 6.190814 1.594060 2.972087
 20394.000000 6.175839 1.590614 2.991206
 20397.000000 6.006775 1.549426 3.012981
 20400.000000 5.991869 1.549875 2.988440
 20403.000000 6.058414 1.565181 3.023377
 20406.000000 5.998158 1.574638 3.011502
 20409.000000 6.079222 1.573093 2.998795
 20412.000000 6.146159 1.565785 3.007157
 20415.000000 6.149949 1.548945 2.993289
 20418.000000 6.120634 1.581880 2.936865
 20421.000000 6.004100 1.537569 2.965785
 20424.000000 5.965730 1.526847 2.952932
 20427.000000 5.937094 1.548713 2.959139
 20430.000000 5.921578 1.537791 2.963464
 20433.000000 5.822956 1.496341 2.987355
 20436.000000 5.836148 1.525396 2.954448
 20439.000000 5.807582 1.525609 2.947162
 20442.000000 5.650247 1.532793 2.960067
 20445.000000 5.741437 1.521728 2.949962
 20448.000000 5.849864 1.526783 2.965670
 20451.000000 5.842017 1.521846 2.983008
 20454.000000 5.802004 1.535087 2.942572
 20457.000000 5.763456 1.578166 2.922145
 20460.000000 5.714738 1.573645 2.926125
 20463.000000 5.787589 1.562923 2.998599
 20466.000000 5.794557 1.549523 2.979531
 20469.000000 5.846241 1.596450 2.974812
 20472.000000 5.792972 1.574850 2.962375
 20475.000000 5.789400 1.574150 2.943491
 20478.000000 5.829007 1.602568 2.932437
 20481.000000 5.813872 1.580239 2.967993
 20484.000000 5.787561 1.582609 2.979998
 20487.000000 5.857605 1.563431 3.009021
 20490.000000 5.898515 1.559427 2.960261
 20493.000000 5.830626 1.546469 2.981248
 20496.000000 5.868495 1.580086 2.946935
 20499.000000 5.980014 1.567053 2.934332
 20502.000000 5.949784 1.584879 2.927658
 20505.000000 5.830751 1.560517 2.955116
 20508.000000 5.901275 1.566555 2.946504
 20511.000000 5.966668 1.549818 2.986768
 20514.000000 5.871528 1.584800 2.970285
 20517.000000 5.888299 1.583940 2.964215
 20520.000000 5.966714 1.592365 2.896994
 20523.000000 5.929318 1.574355 2.926317
 20526.000000 5.872967 1.549466 2.953645
 20529.000000 5.965592 1.567079 2.981337
 20532.000000 5.951233 1.555410 2.971070
 20535.000000 5.870328 1.564893 2.971267
 20538.000000 5.906756 1.593049 2.917644
 20541.000000 5.850453 1.584914 2.941601
 20544.000000 5.843288 1.572664 3.004320
 20547.000000 5.880460 1.600187 2.956615
 20550.000000 5.904555 1.547829 2.991778
 20553.000000 5.866761 1.583727 2.974980
 20556.000000 5.898791 1.563629 2.977322
 20559.000000 5.892094 1.605260 2.935397
 20562.000000 5.835932 1.609547 2.910474
 20565.000000 5.946566 1.601112 2.907724
 20568.000000 5.798194 1.557493 2.906014
 20571.000000 5.745273 1.527105 2.967581
 20574.000000 5.791285 1.521199 2.963226
 20577.000000 5.767340 1.543026 2.987062
 20580.000000 5.825409 1.542838 2.983865
 20583.000000 5.747385 1.530889 2.978158
 20586.000000 5.766480 1.524707 2.960107
 20589.000000 5.890628 1.532687 2.954439
 20592.000000 5.875763 1.493078 3.003101
 20595.000000 5.838044 1.520715 2.952313
 20598.000000 5.820512 1.497519 2.979555
 20601.000000 5.756603 1.507916 2.983019
 20604.000000 5.860450 1.559437 2.958933
 20607.000000 5.770271 1.540747 2.990882
 20610.000000 5.842285 1.561472 2.983076
 20613.000000 5.843880 1.551287 2.975040
 20616.000000 5.919763 1.577596 2.985836
 20619.000000 5.910912 1.584597 2.942908
 20622.000000 6.027041 1.560173 2.968294
 20625.000000 5.983919 1.561740 2.925960
 20628.000000 6.007638 1.543699 2.947893
 20631.000000 6.037748 1.560601 2.930989
 20634.000000 6.002188 1.590337 2.930692
 20637.000000 5.993806 1.596245 2.944512
 20640.000000 6.062072 1.598720 2.920183
 20643.000000 6.003656 1.570581 2.941011
 20646.000000 6.160468 1.540811 2.972617
 20649.000000 6.145877 1.562468 2.939424
 20652.000000 6.168938 1.560511 2.910416
 20655.000000 6.101053 1.577723 2.932002
 20658.000000 6.092358 1.557184 2.941502
 20661.000000 6.095793 1.550894 2.959340
 20664.000000 5.974602 1.559819 2.931156
 20667.000000 5.978191 1.524479 2.942455
 20670.000000 5.961355 1.538473 2.934997
 20673.000000 5.954582 1.552571 2.954754
 20676.000000 5.959088 1.517904 2.962121
 20679.000000 6.054493 1.542660 2.937730
 20682.000000 6.041694 1.548788 2.935021
 20685.000000 5.956569 1.527187 2.926185
 20688.000000 5.973880 1.558446 2.928985
 20691.000000 5.915509 1.525782 2.927283
 20694.000000 6.078332 1.526041 2.932670
 20697.000000 6.000328 1.515325 2.949164
 20700.000000 5.992195 1.499711 2.995433
 20703.000000 6.066582 1.535394 2.957308
 20706.000000 6.109105 1.533932 3.004295
 20709.000000 6.063605 1.523616 2.976530
 20712.000000 6.107072 1.549755 2.987689
 20715.000000 6.045121 1.561700 2.984628
 20718.000000 6.074338 1.527522 3.017859
 20721.000000 6.102076 1.547440 3.036342
 20724.000000 6.021376 1.548752 2.972746
 20727.000000 5.950400 1.533480 2.997153
 20730.000000 5.995088 1.539378 2.982080
 20733.000000 5.942451 1.541443 2.979176
 20736.000000 5.955401 1.554371 2.997448
 20739.000000 5.986024 1.554406 3.032856
 20742.000000 6.028893 1.566003 3.010134
 20745.000000 6.014338 1.574773 2.995770
 20748.000000 6.081716 1.597799 2.973298
 20751.000000 6.085753 1.602972 2.984374
 20754.000000 6.082099 1.621934 2.953012
 20757.000000 5.972131 1.616210 2.962226
 20760.000000 6.034317 1.607184 2.969393
 20763.000000 6.072605 1.616720 3.014950
 20766.000000 6.036539 1.624166 3.002014
 20769.000000 5.980684 1.609944 2.972724
 20772.000000 5.972436 1.632657 2.962409
 20775.000000 5.995126 1.596397 2.990704
 20778.000000 6.033417 1.601514 3.005776
 20781.000000 5.936818 1.599092 3.005473
 20784.000000 6.007003 1.589399 2.992592
 20787.000000 5.938702 1.606240 2.984604
 20790.000000 5.941267 1.634849 2.956626
 20793.000000 5.960913 1.640421 2.931790
 20796.000000 5.883285 1.584889 2.985992
 20799.000000 5.855231 1.546250 2.974928
 20802.000000 5.876830 1.569111 2.970007
 20805.000000 5.867999 1.562153 2.982136
 20808.000000 5.927559 1.575325 2.967530
 20811.000000 5.881663 1.574953 2.963610
 20814.000000 5.902989 1.568070 2.955507
 20817.000000 5.871194 1.577963 2.966999
 20820.000000 5.902530 1.585522 2.955601
 20823.000000 5.899557 1.570044 2.977338
 20826.000000 5.901144 1.563290 3.004323
 20829.000000 5.986167 1.611124 2.988007
 20832.000000 5.952994 1.597252 2.986073
 20835.000000 5.928166 1.582990 2.984523
 20838.000000 5.962581 1.616932 3.005393
 20841.000000 5.992073 1.599027 3.006317
 20844.000000 5.951188 1.589017 3.006375
 20847.000000 5.942060 1.569129 3.049874
 20850.000000 5.862525 1.571094 3.029526
 20853.000000 5.924266 1.594338 3.001812
 20856.000000 5.915385 1.617735 2.976915
 20859.000000 5.914170 1.608921 2.996318
 20862.000000 5.964984 1.605519 2.978528
 20865.000000 5.877482 1.595559 3.027257
 20868.000000 5.871964 1.635683 2.980722
 20871.000000 5.960393 1.638025 3.008499
 20874.000000 6.001214 1.615753 3.016459
 20877.000000 5.996553 1.617957 3.001336
 20880.000000 5.999854 1.612935 2.982438
 20883.000000 5.995406 1.595538 3.021869
 20886.000000 5.929277 1.612690 2.997821
 20889.000000 5.897527 1.580272 3.023479
 20892.000000 5.877638 1.593025 3.001368
 20895.000000 5.929529 1.589999 3.012889
 20898.000000 5.879204 1.579627 2.997690
 20901.000000 5.821125 1.600298 2.975219
 20904.000000 5.796263 1.608777 2.997030
 20907.000000 5.748859 1.618904 2.998906
 20910.000000 5.762055 1.604484 2.990388
 20913.000000 5.747134 1.594433 2.974147
 20916.000000 5.802312 1.602979 2.972556
 20919.000000 5.883138 1.599928 2.975315
 20922.000000 5.869002 1.583014 2.972927
 20925.000000 5.828784 1.614256 2.977275
 20928.000000 5.832547 1.579742 2.971987
 20931.000000 5.854315 1.576086 2.991197
 20934.000000 5.892811 1.574415 2.969070
 20937.000000 5.835691 1.578248 2.966977
 20940.000000 5.802055 1.582336 2.961599
 20943.000000 5.775479 1.595299 2.989841
 20946.000000 5.843730 1.599573 2.972504
 20949.000000 5.799030 1.603198 2.957526
 20952.000000 5.738651 1.598425 2.956995
 20955.000000 5.747117 1.606395 2.944017
 20958.000000 5.703868 1.595872 2.966332
 20961.000000 5.744683 1.614424 2.973313
 20964.000000 5.780126 1.628591 2.957742
 20967.000000 5.866110 1.594022 2.990358
 20970.000000 5.966779 1.579597 2.986232
 20973.000000 5.938325 1.586057 2.997635
 20976.000000 5.915590 1.581194 2.995441
 20979.000000 5.923430 1.560195 3.014903
 20982.000000 5.863900 1.576294 3.029145
 20985.000000 5.922513 1.576324 3.030024
 20988.000000 5.858725 1.606392 3.000161
 20991.000000 5.967521 1.634227 2.983697
 20994.000000 5.925624 1.628715 2.991815
 20997.000000 5.957842 1.600468 3.033464
 21000.000000 6.008059 1.615344 3.011461
