#! FIELDS time dmid theta gamma
 0.000000 4.982818 1.515569 2.891486
 3.000000 4.895075 1.536084 2.897484
 6.000000 4.801736 1.497502 2.883468
 9.000000 4.891751 1.497079 2.867942
 12.000000 4.729260 1.486576 2.877591
 15.000000 4.810116 1.510043 2.885388
 18.000000 4.788240 1.485604 2.875984
 21.000000 4.731603 1.470280 2.897416
 24.000000 4.801893 1.470408 2.882906
 27.000000 4.817816 1.513015 2.841656
 30.000000 4.735782 1.490932 2.842650
 33.000000 4.789443 1.497815 2.854947
 36.000000 4.845473 1.513171 2.854640
 39.000000 4.886412 1.537210 2.812107
 42.000000 4.905606 1.490300 2.858640
 45.000000 4.845696 1.517114 2.814290
 48.000000 4.856095 1.467680 2.894166
 51.000000 4.862930 1.479451 2.838806
 54.000000 4.828568 1.487339 2.858884
 57.000000 4.804435 1.458602 2.867101
 60.000000 4.846081 1.465732 2.893639
 63.000000 4.766644 1.459845 2.877336
 66.000000 4.667147 1.468881 2.893170
 69.000000 4.707879 1.479009 2.862654
 72.000000 4.701391 1.435979 2.917937
 75.000000 4.673426 1.462843 2.880632
 78.000000 4.758845 1.474774 2.895460
 81.000000 4.763958 1.461872 2.906105
 84.000000 4.748556 1.478961 2.899483
 87.000000 4.748897 1.456289 2.894418
 90.000000 4.749008 1.454947 2.870385
 93.000000 4.714359 1.461941 2.894601
 96.000000 4.687608 1.465546 2.868820
 99.000000 4.700749 1.443804 2.888363
 102.000000 4.662553 1.471167 2.855474
 105.000000 4.649266 1.455689 2.861015
 108.000000 4.745325 1.490512 2.900185
 111.000000 4.814668 1.506536 2.871942
 114.000000 4.814437 1.518145 2.838297
 117.000000 4.870168 1.498097 2.876632
 120.000000 4.748349 1.505316 2.871172
 123.000000 4.746473 1.475406 2.918777
 126.000000 4.771822 1.472879 2.921702
 129.000000 4.793608 1.480024 2.901353
 132.000000 4.824128 1.480617 2.879962
 135.000000 4.784058 1.457606 2.919484
 138.000000 4.801915 1.473950 2.900651
 141.000000 4.824507 1.474541 2.883413
 144.000000 4.914474 1.483562 2.890815
 147.000000 4.901390 1.480800 2.869078
 150.000000 4.981189 1.461711 2.895452
 153.000000 4.969079 1.453835 2.923364
 156.000000 4.896230 1.465295 2.901198
 159.000000 4.889087 1.462398 2.876632
 162.000000 4.854146 1.463298 2.889664
 165.000000 4.875421 1.457136 2.871271
 168.000000 4.851559 1.451842 2.883936
 171.000000 4.838450 1.454600 2.909916
 174.000000 4.842144 1.479353 2.888076
 177.000000 4.853895 1.495818 2.876092
 180.000000 4.753229 1.490433 2.881677
 183.000000 4.827412 1.505214 2.854551
 186.000000 4.872629 1.508937 2.891889
 189.000000 4.857842 1.515587 2.868969
 192.000000 4.831758 1.492985 2.865895
 195.000000 4.783534 1.463759 2.879281
 198.000000 4.784113 1.463111 2.869612
 201.000000 4.824388 1.458989 2.891209
 204.000000 4.744947 1.443962 2.894071
 207.000000 4.811139 1.437561 2.882580
 210.000000 4.827143 1.434675 2.925680
 213.000000 4.872093 1.451658 2.895615
 216.000000 4.931841 1.441300 2.897206
 219.000000 4.925165 1.421132 2.918506
 222.000000 4.901790 1.431213 2.916870
 225.000000 4.944883 1.427277 2.913702
 228.000000 4.919237 1.457908 2.881528
 231.000000 4.905757 1.433106 2.898401
 234.000000 4.880109 1.453392 2.871506
 237.000000 4.934479 1.437564 2.893206
 240.000000 4.899796 1.433195 2.884008
 243.000000 4.899371 1.443574 2.879815
 246.000000 4.855873 1.450497 2.904584
 249.000000 4.847697 1.439694 2.923708
 252.000000 4.910754 1.470112 2.910777
 255.000000 4.824149 1.434928 2.917289
 258.000000 4.903481 1.454290 2.870032
 261.000000 4.890679 1.477020 2.868337
 264.000000 4.852086 1.481097 2.887361
 267.000000 4.794617 1.461519 2.910023
 270.000000 4.924476 1.445791 2.928105
 273.000000 4.885680 1.475982 2.912086
 276.000000 4.878700 1.465592 2.930645
 279.000000 4.865242 1.478645 2.952174
 282.000000 4.879688 1.485138 2.975414
 285.000000 4.865214 1.498719 2.970033
 288.000000 4.772864 1.492863 2.952859
 291.000000 4.777659 1.469749 2.944009
 294.000000 4.822525 1.469044 2.947893
 297.000000 4.773684 1.481122 2.922321
 300.000000 4.852509 1.481374 2.922028
 303.000000 4.849898 1.479673 2.934845
 306.000000 4.798899 1.516647 2.896097
 309.000000 4.784592 1.490363 2.908031
 312.000000 4.858550 1.477140 2.898618
 315.000000 4.841009 1.505883 2.888223
 318.000000 4.831172 1.512162 2.864076
 321.000000 4.879473 1.495198 2.938591
 324.000000 4.915615 1.519512 2.917758
 327.000000 4.858944 1.501325 2.921818
 330.000000 4.851244 1.506622 2.889686
 333.000000 4.894321 1.521244 2.845658
 336.000000 4.915379 1.549983 2.856868
 339.000000 4.854164 1.521579 2.867241
 342.000000 4.921681 1.551560 2.821547
 345.000000 4.873601 1.541314 2.784811
 348.000000 4.891620 1.547162 2.784013
 351.000000 4.883578 1.509452 2.830959
 354.000000 4.891877 1.526035 2.866795
 357.000000 4.796125 1.518472 2.889103
 360.000000 4.886463 1.527537 2.861286
 363.000000 4.888434 1.493036 2.897867
 366.000000 4.896748 1.476839 2.904911
 369.000000 4.963314 1.492638 2.897107
 372.000000 4.887042 1.485029 2.904580
 375.000000 4.848473 1.472461 2.886037
 378.000000 4.894713 1.494434 2.887157
 381.000000 4.884780 1.487882 2.919294
 384.000000 4.763476 1.463585 2.923759
 387.000000 4.825179 1.478307 2.918225
 390.000000 4.806801 1.490592 2.883519
 393.000000 4.820862 1.478154 2.888943
 396.000000 4.745106 1.470425 2.900180
 399.000000 4.750128 1.489506 2.880120
 402.000000 4.704276 1.476227 2.906489
 405.000000 4.763062 1.475841 2.878575
 408.000000 4.804501 1.476484 2.864205
 411.000000 4.760095 1.469780 2.880745
 414.000000 4.716678 1.487378 2.872832
 417.000000 4.730959 1.474581 2.882525
 420.000000 4.805711 1.468001 2.887572
 423.000000 4.782767 1.467182 2.883212
 426.000000 4.753959 1.479667 2.897030
 429.000000 4.746302 1.461711 2.894958
 432.000000 4.766772 1.447639 2.932141
 435.000000 4.842693 1.474852 2.978652
 438.000000 4.813902 1.473348 2.964119
 441.000000 4.804355 1.477446 2.940303
 444.000000 4.770273 1.473650 2.930730
 447.000000 4.800198 1.486673 2.959283
 450.000000 4.765147 1.493616 2.939782
 453.000000 4.701740 1.496300 2.934870
 456.000000 4.739032 1.515744 2.947236
 459.000000 4.754467 1.501224 2.965887
 462.000000 4.777217 1.510847 2.949142
 465.000000 4.714952 1.493221 2.931388
 468.000000 4.767421 1.473367 2.979919
 471.000000 4.756476 1.486783 2.932137
 474.000000 4.729845 1.442784 2.969988
 477.000000 4.607926 1.454509 2.953422
 480.000000 4.644799 1.483748 2.919076
 483.000000 4.715280 1.482155 2.938394
 486.000000 4.713382 1.479384 2.935889
 489.000000 4.710914 1.499781 2.908616
 492.000000 4.783254 1.506467 2.941416
 495.000000 4.752949 1.507783 2.954366
 498.000000 4.771169 1.510045 2.948053
 501.000000 4.778190 1.531550 2.961052
 504.000000 4.719527 1.512507 2.960745
 507.000000 4.709067 1.517060 2.930836
 510.000000 4.711457 1.527917 2.945160
 513.000000 4.767574 1.509589 2.983181
 516.000000 4.810686 1.522234 2.960015
 519.000000 4.792252 1.510623 2.928442
 522.000000 4.748303 1.523782 2.903452
 525.000000 4.765323 1.527787 2.917884
 528.000000 4.815669 1.569432 2.868702
 531.000000 4.808579 1.529350 2.903708
 534.000000 4.704974 1.507351 2.915782
 537.000000 4.739753 1.524192 2.890008
 540.000000 4.746929 1.515475 2.902507
 543.000000 4.835607 1.504941 2.921026
 546.000000 4.839663 1.525629 2.889578
 549.000000 4.772678 1.541295 2.924499
 552.000000 4.804057 1.543151 2.914497
 555.000000 4.731510 1.530372 2.908023
 558.000000 4.691622 1.510987 2.947282
 561.000000 4.779421 1.528670 2.936637
 564.000000 4.771155 1.538165 2.935590
 567.000000 4.821829 1.532556 2.937694
 570.000000 4.801723 1.536523 2.943012
 573.000000 4.791356 1.540924 2.931720
 576.000000 4.777960 1.525116 2.958483
 579.000000 4.823067 1.535088 2.913533
 582.000000 4.852487 1.551007 2.917071
 585.000000 4.920542 1.543944 2.912151
 588.000000 4.957176 1.517198 2.898488
 591.000000 4.940803 1.524796 2.899158
 594.000000 4.926926 1.518864 2.888363
 597.000000 4.944243 1.532985 2.882832
 600.000000 4.939967 1.521049 2.875037
 603.000000 4.998880 1.494245 2.918783
 606.000000 4.930621 1.529543 2.886329
 609.000000 5.011283 1.527829 2.914470
 612.000000 4.998814 1.547025 2.863436
 615.000000 5.078318 1.538003 2.920370
 618.000000 5.087088 1.522887 2.922694
 621.000000 5.045295 1.549793 2.866993
 624.000000 4.895352 1.509658 2.916308
 627.000000 4.959499 1.548747 2.859994
 630.000000 4.840176 1.501567 2.862186
 633.000000 4.847289 1.495508 2.891813
 636.000000 4.870200 1.504087 2.855409
 639.000000 4.867191 1.525903 2.864476
 642.000000 4.794903 1.498235 2.892910
 645.000000 4.742107 1.502916 2.866779
 648.000000 4.786495 1.517294 2.847788
 651.000000 4.729212 1.505320 2.851587
 654.000000 4.820812 1.536203 2.840687
 657.000000 4.826812 1.514908 2.889370
 660.000000 4.799065 1.512252 2.873924
 663.000000 4.785237 1.496516 2.907748
 666.000000 4.819247 1.501325 2.893329
 669.000000 4.838238 1.482284 2.911152
 672.000000 4.738167 1.486783 2.868549
 675.000000 4.721574 1.480312 2.907411
 678.000000 4.798333 1.504115 2.879078
 681.000000 4.826253 1.482713 2.887586
 684.000000 4.837727 1.502042 2.884343
 687.000000 4.892907 1.513353 2.854579
 690.000000 4.932722 1.510685 2.857833
 693.000000 4.896927 1.477196 2.898038
 696.000000 4.861333 1.501122 2.892804
 699.000000 4.967617 1.502189 2.905742
 702.000000 4.931669 1.523803 2.917317
 705.000000 5.011594 1.541041 2.902135
 708.000000 4.989769 1.534408 2.917621
 711.000000 4.847683 1.576757 2.859297
 714.000000 4.905271 1.574936 2.867581
 717.000000 4.881027 1.544289 2.881884
 720.000000 4.876179 1.579676 2.881791
 723.000000 4.896921 1.578880 2.886238
 726.000000 4.862549 1.545423 2.894777
 729.000000 4.884789 1.551512 2.923084
 732.000000 4.845943 1.554657 2.882187
 735.000000 4.812338 1.554241 2.897785
 738.000000 4.767153 1.525008 2.908727
 741.000000 4.736535 1.500449 2.914755
 744.000000 4.740269 1.529128 2.893121
 747.000000 4.722306 1.480946 2.922639
 750.000000 4.777920 1.485016 2.910587
 753.000000 4.778984 1.496116 2.882837
 756.000000 4.777686 1.508575 2.904368
 759.000000 4.820702 1.490534 2.894361
 762.000000 4.720322 1.501027 2.915394
 765.000000 4.695275 1.483976 2.910453
 768.000000 4.767919 1.476636 2.914621
 771.000000 4.706801 1.446633 2.934134
 774.000000 4.665823 1.486625 2.894655
 777.000000 4.697133 1.469725 2.938922
 780.000000 4.734863 1.479295 2.892414
 783.000000 4.670734 1.488873 2.898059
 786.000000 4.648674 1.458066 2.908968
 789.000000 4.674049 1.481142 2.894789
 792.000000 4.774066 1.493634 2.874923
 795.000000 4.806932 1.486163 2.837402
 798.000000 4.799322 1.490189 2.843713
 801.000000 4.797658 1.491284 2.839533
 804.000000 4.822135 1.497209 2.878728
 807.000000 4.766133 1.502872 2.854862
 810.000000 4.830812 1.536914 2.865304
 813.000000 4.909998 1.521840 2.880818
 816.000000 4.889410 1.527493 2.850281
 819.000000 4.861495 1.560930 2.852077
 822.000000 4.829563 1.538474 2.859892
 825.000000 4.821334 1.527663 2.872537
 828.000000 4.824487 1.530063 2.898500
 831.000000 4.694225 1.530529 2.896482
 834.000000 4.759770 1.522909 2.904472
 837.000000 4.802073 1.519658 2.919767
 840.000000 4.849466 1.541462 2.894537
 843.000000 4.939985 1.548358 2.897475
 846.000000 4.959191 1.546832 2.864965
 849.000000 4.883739 1.534434 2.888957
 852.000000 4.807443 1.496604 2.868653
 855.000000 4.867481 1.494497 2.900568
 858.000000 4.874332 1.477249 2.926658
 861.000000 4.835686 1.478009 2.917494
 864.000000 4.851586 1.489732 2.896097
 867.000000 4.811369 1.499785 2.902443
 870.000000 4.732426 1.504274 2.876272
 873.000000 4.872616 1.522586 2.910210
 876.000000 4.819089 1.494972 2.902624
 879.000000 4.797906 1.481629 2.956503
 882.000000 4.832631 1.497931 2.925747
 885.000000 4.777406 1.502941 2.963400
 888.000000 4.863878 1.501136 2.969791
 891.000000 4.840238 1.497378 2.955490
 894.000000 4.858599 1.524949 2.930890
 897.000000 4.827130 1.508930 2.973154
 900.000000 4.770866 1.524170 2.938829
 903.000000 4.831053 1.501934 2.942322
 906.000000 4.884432 1.546367 2.915607
 909.000000 4.839899 1.539907 2.912323
 912.000000 4.834557 1.542670 2.921941
 915.000000 4.779649 1.513380 2.919771
 918.000000 4.773924 1.542733 2.872328
 921.000000 4.794714 1.503363 2.917589
 924.000000 4.791508 1.555136 2.857652
 927.000000 4.795431 1.545592 2.880237
 930.000000 4.788214 1.554172 2.858004
 933.000000 4.818749 1.524679 2.888384
 936.000000 4.865668 1.531580 2.893534
 939.000000 4.882932 1.541348 2.887625
 942.000000 4.970029 1.560046 2.862865
 945.000000 4.993028 1.546122 2.900668
 948.000000 4.977593 1.538916 2.934911
 951.000000 4.991365 1.523856 2.889325
 954.000000 4.914732 1.526856 2.884969
 957.000000 5.056342 1.542451 2.878632
 960.000000 5.014473 1.541739 2.894620
 963.000000 4.994119 1.532258 2.919753
 966.000000 5.064660 1.588187 2.896052
 969.000000 5.096962 1.576461 2.872774
 972.000000 5.001850 1.562488 2.904088
 975.000000 4.974294 1.553675 2.942167
 978.000000 4.991665 1.564866 2.896585
 981.000000 5.053747 1.624519 2.857067
 984.000000 5.090188 1.579625 2.885682
 987.000000 5.150306 1.601874 2.860113
 990.000000 5.138198 1.580212 2.881327
 993.000000 5.093492 1.575593 2.861504
 996.000000 5.082201 1.575681 2.847150
 999.000000 5.057000 1.540380 2.897488
 1002.000000 5.110941 1.552703 2.886589
 1005.000000 5.040710 1.528709 2.888653
 1008.000000 4.963696 1.530144 2.883172
 1011.000000 4.913593 1.521886 2.891894
 1014.000000 4.909825 1.535282 2.873464
 1017.000000 4.882316 1.550282 2.879297
 1020.000000 4.911165 1.543014 2.892130
 1023.000000 4.898601 1.536491 2.888266
 1026.000000 4.917698 1.542812 2.868024
 1029.000000 4.942968 1.527596 2.866582
 1032.000000 4.845182 1.506106 2.881925
 1035.000000 4.865053 1.508648 2.878193
 1038.000000 4.874059 1.528573 2.846212
 1041.000000 4.758369 1.509832 2.857857
 1044.000000 4.821577 1.512381 2.876550
 1047.000000 4.779804 1.507876 2.895115
 1050.000000 4.770233 1.508340 2.864290
 1053.000000 4.836550 1.505595 2.869705
 1056.000000 4.797480 1.507953 2.886266
 1059.000000 4.859264 1.495145 2.902481
 1062.000000 4.717917 1.492514 2.871807
 1065.000000 4.783095 1.450680 2.910738
 1068.000000 4.821027 1.479045 2.892090
 1071.000000 4.831881 1.509533 2.863876
 1074.000000 4.852197 1.475212 2.915866
 1077.000000 4.935323 1.489579 2.861442
 1080.000000 4.942049 1.496024 2.864366
 1083.000000 4.946955 1.479687 2.865227
 1086.000000 4.912972 1.463858 2.886194
 1089.000000 4.819461 1.468670 2.918664
 1092.000000 4.895983 1.404140 2.945048
 1095.000000 4.946507 1.423782 2.932604
 1098.000000 4.884167 1.438673 2.950989
 1101.000000 4.892432 1.451291 2.889076
 1104.000000 4.908522 1.468184 2.898052
 1107.000000 4.945671 1.454739 2.879359
 1110.000000 4.945206 1.477539 2.882111
 1113.000000 4.923795 1.470765 2.901174
 1116.000000 4.807987 1.479306 2.901755
 1119.000000 4.775516 1.461800 2.920502
 1122.000000 4.737657 1.462154 2.902219
 1125.000000 4.744445 1.490054 2.879129
 1128.000000 4.806630 1.481218 2.900923
 1131.000000 4.768612 1.486936 2.895884
 1134.000000 4.768103 1.439037 2.927547
 1137.000000 4.807566 1.446322 2.904689
 1140.000000 4.826124 1.455221 2.929309
 1143.000000 4.944405 1.443161 2.921740
 1146.000000 4.911580 1.472955 2.903545
 1149.000000 4.948728 1.460014 2.914276
 1152.000000 4.943208 1.466190 2.917159
 1155.000000 4.943283 1.458975 2.912804
 1158.000000 4.867291 1.443241 2.945336
 1161.000000 4.960336 1.445211 2.938152
 1164.000000 5.018862 1.491125 2.898633
 1167.000000 4.949115 1.461514 2.913463
 1170.000000 4.943472 1.460015 2.889096
 1173.000000 4.853371 1.446306 2.912901
 1176.000000 4.859792 1.442931 2.893185
 1179.000000 4.878252 1.426032 2.925661
 1182.000000 4.916680 1.425303 2.921616
 1185.000000 4.856256 1.443105 2.937246
 1188.000000 4.853139 1.453827 2.938234
 1191.000000 4.890122 1.439668 2.942647
 1194.000000 4.884531 1.440607 2.931446
 1197.000000 4.945392 1.463093 2.915291
 1200.000000 4.943868 1.479395 2.911468
 1203.000000 4.831492 1.452777 2.948231
 1206.000000 4.852333 1.456163 2.921316
 1209.000000 4.851360 1.474400 2.913124
 1212.000000 4.847987 1.476880 2.927770
 1215.000000 4.852036 1.454458 2.965690
 1218.000000 4.880886 1.463012 2.972258
 1221.000000 4.915896 1.481703 2.954156
 1224.000000 4.888825 1.473464 2.929507
 1227.000000 4.878283 1.479706 2.948600
 1230.000000 4.823800 1.457751 2.929639
 1233.000000 4.904794 1.471953 2.908588
 1236.000000 4.926706 1.455920 2.916172
 1239.000000 4.945798 1.465534 2.896448
 1242.000000 4.863590 1.464262 2.909327
 1245.000000 4.950322 1.494196 2.898833
 1248.000000 5.004984 1.516700 2.874898
 1251.000000 4.946289 1.517178 2.869507
 1254.000000 5.020030 1.503299 2.863021
 1257.000000 4.914129 1.479523 2.886235
 1260.000000 4.914261 1.471796 2.872074
 1263.000000 4.884762 1.454685 2.911821
 1266.000000 4.915913 1.508440 2.872283
 1269.000000 4.906458 1.513069 2.853387
 1272.000000 4.838355 1.476314 2.879048
 1275.000000 4.838698 1.509027 2.866285
 1278.000000 4.890937 1.509748 2.875529
 1281.000000 4.837424 1.500641 2.862327
 1284.000000 4.859294 1.521365 2.855587
 1287.000000 4.853973 1.510890 2.876525
 1290.000000 4.867562 1.504070 2.894936
 1293.000000 4.895411 1.523526 2.890843
 1296.000000 4.827846 1.520756 2.906644
 1299.000000 4.837365 1.513659 2.908891
 1302.000000 4.819236 1.498585 2.916036
 1305.000000 4.882385 1.487088 2.952682
 1308.000000 4.834153 1.506186 2.893774
 1311.000000 4.886133 1.501826 2.904107
 1314.000000 4.862727 1.537721 2.947398
 1317.000000 4.856480 1.518500 2.922910
 1320.000000 4.913932 1.517029 2.907695
 1323.000000 4.879146 1.512328 2.930440
 1326.000000 4.996398 1.539055 2.925128
 1329.000000 4.958441 1.526102 2.922496
 1332.000000 4.931519 1.522285 2.915971
 1335.000000 4.918059 1.525456 2.917802
 1338.000000 4.885778 1.523581 2.936144
 1341.000000 4.884065 1.526075 2.876255
 1344.000000 4.803350 1.523422 2.888475
 1347.000000 4.861218 1.509798 2.880382
 1350.000000 4.938627 1.525856 2.859185
 1353.000000 4.938422 1.540097 2.859287
 1356.000000 4.963390 1.539521 2.875478
 1359.000000 4.953401 1.507231 2.865549
 1362.000000 4.870198 1.495782 2.901669
 1365.000000 4.890410 1.514049 2.885179
 1368.000000 4.900261 1.530317 2.916495
 1371.000000 4.945959 1.520782 2.912078
 1374.000000 4.952169 1.514487 2.943935
 1377.000000 4.987568 1.529455 2.935764
 1380.000000 5.027770 1.549412 2.888477
 1383.000000 5.103493 1.522736 2.927886
 1386.000000 5.046089 1.508402 2.923785
 1389.000000 5.022486 1.542499 2.886705
 1392.000000 5.113823 1.550810 2.915368
 1395.000000 5.055568 1.515774 2.926203
 1398.000000 4.986989 1.525319 2.902980
 1401.000000 4.929695 1.528501 2.883515
 1404.000000 4.972179 1.528400 2.880928
 1407.000000 4.963876 1.511662 2.912810
 1410.000000 5.031818 1.517418 2.899491
 1413.000000 5.007380 1.522874 2.887760
 1416.000000 5.027453 1.502014 2.953253
 1419.000000 4.969511 1.532379 2.932679
 1422.000000 4.934024 1.522645 2.901097
 1425.000000 4.930358 1.503207 2.919175
 1428.000000 4.950925 1.478329 2.899840
 1431.000000 4.930313 1.489232 2.889126
 1434.000000 4.943554 1.501715 2.894649
 1437.000000 4.993351 1.506305 2.904367
 1440.000000 4.906367 1.516627 2.901009
 1443.000000 4.914469 1.537711 2.855328
 1446.000000 4.907203 1.520382 2.901016
 1449.000000 5.011080 1.535262 2.889528
 1452.000000 5.019984 1.557417 2.910924
 1455.000000 4.990174 1.560543 2.860232
 1458.000000 4.965089 1.559800 2.892744
 1461.000000 5.085174 1.578635 2.876297
 1464.000000 4.999426 1.555989 2.897817
 1467.000000 4.973786 1.556214 2.855725
 1470.000000 4.983943 1.554813 2.906816
 1473.000000 4.954983 1.572656 2.862825
 1476.000000 5.043474 1.552353 2.894556
 1479.000000 5.055036 1.534942 2.899620
 1482.000000 5.073648 1.543076 2.870384
 1485.000000 5.065016 1.528835 2.859294
 1488.000000 5.056661 1.522621 2.876761
 1491.000000 5.065990 1.518983 2.883084
 1494.000000 5.121892 1.512516 2.876105
 1497.000000 5.081958 1.536354 2.848959
 1500.000000 5.043879 1.506527 2.872389
 1503.000000 4.980711 1.512592 2.900485
 1506.000000 4.993976 1.528101 2.876811
 1509.000000 4.901008 1.503568 2.891298
 1512.000000 4.986394 1.511301 2.914638
 1515.000000 4.993159 1.520321 2.932051
 1518.000000 4.975462 1.523442 2.894006
 1521.000000 4.997442 1.508648 2.899697
 1524.000000 5.007640 1.517886 2.880609
 1527.000000 5.051069 1.510112 2.918610
 1530.000000 5.060495 1.541469 2.906186
 1533.000000 5.053506 1.551279 2.912569
 1536.000000 5.051485 1.568283 2.919008
 1539.000000 5.051706 1.558914 2.937452
 1542.000000 5.003961 1.520469 2.962925
 1545.000000 4.995028 1.541490 2.910370
 1548.000000 4.955370 1.559933 2.905933
 1551.000000 5.020144 1.546935 2.940897
 1554.000000 5.029646 1.547178 2.894290
 1557.000000 5.025758 1.564636 2.912650
 1560.000000 5.020040 1.564382 2.910368
 1563.000000 5.144954 1.544136 2.933072
 1566.000000 5.055044 1.548815 2.900758
 1569.000000 5.003858 1.516508 2.944777
 1572.000000 4.985068 1.501112 2.936839
 1575.000000 4.952070 1.498909 2.918099
 1578.000000 4.928365 1.486528 2.939410
 1581.000000 4.895150 1.488635 2.928868
 1584.000000 4.972112 1.499192 2.935452
 1587.000000 4.965155 1.482124 2.944142
 1590.000000 4.965943 1.493936 2.894593
 1593.000000 4.952040 1.457536 2.928654
 1596.000000 4.947846 1.487217 2.929943
 1599.000000 4.903031 1.484859 2.916027
 1602.000000 4.897151 1.488918 2.917902
 1605.000000 4.872699 1.511725 2.914014
 1608.000000 4.905203 1.555781 2.888776
 1611.000000 4.981617 1.556266 2.858622
 1614.000000 4.972946 1.512950 2.881078
 1617.000000 4.921411 1.507084 2.923952
 1620.000000 4.908532 1.505391 2.932992
 1623.000000 4.965272 1.511935 2.927756
 1626.000000 4.939575 1.519589 2.918392
 1629.000000 4.858433 1.505446 2.956147
 1632.000000 4.845474 1.540148 2.907914
 1635.000000 4.887953 1.508768 2.929808
 1638.000000 4.878777 1.512633 2.911843
 1641.000000 4.868132 1.520457 2.925473
 1644.000000 4.932860 1.509913 2.908286
 1647.000000 4.895060 1.516614 2.914612
 1650.000000 4.900665 1.526624 2.895590
 1653.000000 4.910180 1.534747 2.895356
 1656.000000 4.900148 1.556970 2.881697
 1659.000000 4.884278 1.520280 2.915906
 1662.000000 4.904542 1.534865 2.899836
 1665.000000 4.891731 1.505946 2.949810
 1668.000000 4.896894 1.518497 2.907275
 1671.000000 4.879334 1.520915 2.902690
 1674.000000 4.807952 1.495965 2.910067
 1677.000000 4.831846 1.493403 2.924669
 1680.000000 4.859027 1.513097 2.884444
 1683.000000 4.908940 1.519748 2.875108
 1686.000000 4.985156 1.526074 2.894215
 1689.000000 5.002736 1.512240 2.887841
 1692.000000 4.959782 1.526456 2.935622
 1695.000000 5.016777 1.516868 2.943926
 1698.000000 4.991251 1.522738 2.949576
 1701.000000 4.992506 1.522077 2.930413
 1704.000000 4.957762 1.514159 2.936928
 1707.000000 4.950151 1.499743 2.948705
 1710.000000 4.927329 1.531086 2.910815
 1713.000000 4.989821 1.509679 2.937977
 1716.000000 4.969545 1.496735 2.934914
 1719.000000 5.001061 1.481170 2.926975
 1722.000000 4.946265 1.478893 2.913847
 1725.000000 4.982965 1.507299 2.914772
 1728.000000 4.999035 1.497347 2.912032
 1731.000000 5.025440 1.493774 2.947627
 1734.000000 4.973847 1.493061 2.934924
 1737.000000 4.950165 1.483401 2.914796
 1740.000000 4.931142 1.463833 2.930909
 1743.000000 4.958849 1.483822 2.887608
 1746.000000 5.000991 1.468306 2.935633
 1749.000000 4.978972 1.463918 2.949274
 1752.000000 4.925975 1.445693 2.962149
 1755.000000 4.960747 1.426318 2.962666
 1758.000000 5.034546 1.439057 2.944586
 1761.000000 4.962559 1.445505 2.914893
 1764.000000 4.994160 1.464182 2.905990
 1767.000000 5.046223 1.446940 2.908647
 1770.000000 5.012774 1.461955 2.898362
 1773.000000 5.078790 1.489038 2.889748
 1776.000000 5.140812 1.469884 2.896857
 1779.000000 5.022512 1.483209 2.888666
 1782.000000 4.970810 1.461989 2.882235
 1785.000000 4.952108 1.447300 2.929520
 1788.000000 4.949820 1.439974 2.920554
 1791.000000 4.990913 1.444469 2.946290
 1794.000000 4.967871 1.447427 2.946253
 1797.000000 4.877736 1.442561 2.934748
 1800.000000 4.882469 1.458167 2.907307
 1803.000000 4.924902 1.474206 2.955918
 1806.000000 4.957394 1.504988 2.872745
 1809.000000 4.989100 1.509608 2.909974
 1812.000000 5.026460 1.511788 2.894050
 1815.000000 4.991780 1.500760 2.881702
 1818.000000 5.021540 1.509349 2.874625
 1821.000000 4.990546 1.499942 2.861768
 1824.000000 5.021828 1.485124 2.908583
 1827.000000 4.987879 1.475306 2.908958
 1830.000000 4.981639 1.455247 2.948604
 1833.000000 5.051916 1.461881 2.944831
 1836.000000 5.006562 1.456532 2.930032
 1839.000000 5.060415 1.471515 2.937116
 1842.000000 5.077804 1.480486 2.926121
 1845.000000 5.000342 1.493588 2.905814
 1848.000000 5.026085 1.488206 2.918219
 1851.000000 5.002955 1.485562 2.874956
 1854.000000 4.952181 1.490727 2.889282
 1857.000000 4.982106 1.518412 2.867070
 1860.000000 5.034740 1.526797 2.876686
 1863.000000 5.071593 1.525428 2.866868
 1866.000000 5.092738 1.548871 2.889226
 1869.000000 5.020125 1.538105 2.892664
 1872.000000 5.009953 1.514151 2.895845
 1875.000000 5.073575 1.525609 2.898960
 1878.000000 5.123367 1.508370 2.882728
 1881.000000 5.173807 1.527071 2.902089
 1884.000000 5.083502 1.514784 2.914537
 1887.000000 5.113724 1.516476 2.906850
 1890.000000 5.128685 1.517770 2.882984
 1893.000000 5.101777 1.508462 2.931948
 1896.000000 5.192321 1.511441 2.935740
 1899.000000 5.177157 1.526700 2.876912
 1902.000000 5.140281 1.523494 2.882050
 1905.000000 5.035092 1.520128 2.871546
 1908.000000 4.986915 1.528347 2.885473
 1911.000000 5.042220 1.529789 2.886618
 1914.000000 5.078591 1.539676 2.916367
 1917.000000 5.118875 1.535361 2.889382
 1920.000000 5.065414 1.523425 2.933306
 1923.000000 5.143324 1.532598 2.934575
 1926.000000 5.053242 1.525646 2.934072
 1929.000000 5.021588 1.513941 2.933287
 1932.000000 4.937080 1.533225 2.912859
 1935.000000 4.992266 1.527257 2.920626
 1938.000000 4.937500 1.512100 2.931818
 1941.000000 4.943409 1.528196 2.917095
 1944.000000 4.894435 1.518215 2.922174
 1947.000000 4.920018 1.540626 2.882415
 1950.000000 4.826894 1.527389 2.919566
 1953.000000 4.885180 1.516935 2.938586
 1956.000000 4.866824 1.546134 2.929572
 1959.000000 4.860213 1.525208 2.975100
 1962.000000 4.879439 1.536522 2.939688
 1965.000000 4.949740 1.552164 2.940161
 1968.000000 4.912525 1.535363 2.929974
 1971.000000 4.892521 1.566765 2.920035
 1974.000000 4.825332 1.546117 2.948298
 1977.000000 4.915725 1.564353 2.963325
 1980.000000 4.997294 1.544049 2.959751
 1983.000000 4.951327 1.531695 2.968030
 1986.000000 4.949846 1.528923 2.961056
 1989.000000 4.985735 1.544076 2.947852
 1992.000000 4.965220 1.516665 3.016742
 1995.000000 4.928052 1.558673 2.956138
 1998.000000 4.963606 1.575489 2.942502
 2001.000000 5.070479 1.604889 2.903118
 2004.000000 5.016952 1.553612 2.977117
 2007.000000 4.948625 1.570817 2.979027
 2010.000000 5.045664 1.564445 2.948459
 2013.000000 5.038048 1.570880 2.940174
 2016.000000 4.931461 1.547495 2.942944
 2019.000000 4.911012 1.565571 2.930345
 2022.000000 4.965451 1.586144 2.925980
 2025.000000 4.967211 1.578763 2.936338
 2028.000000 4.957158 1.597985 2.887856
 2031.000000 4.944655 1.556791 2.910548
 2034.000000 4.942310 1.553715 2.907746
 2037.000000 5.008076 1.576289 2.939328
 2040.000000 4.979027 1.582358 2.918311
 2043.000000 4.924532 1.581224 2.892917
 2046.000000 4.986840 1.527927 2.952532
 2049.000000 4.904904 1.523935 2.946236
 2052.000000 4.959834 1.531248 2.961495
 2055.000000 4.977640 1.557836 2.946772
 2058.000000 5.009033 1.564822 2.933582
 2061.000000 5.073351 1.563815 2.944543
 2064.000000 5.019248 1.566891 2.914160
 2067.000000 5.060144 1.577339 2.925659
 2070.000000 5.008164 1.565363 2.918352
 2073.000000 5.023629 1.574266 2.905737
 2076.000000 4.945539 1.557961 2.890206
 2079.000000 4.965638 1.545895 2.913098
 2082.000000 5.010084 1.546683 2.915107
 2085.000000 5.006451 1.543358 2.900358
 2088.000000 5.051152 1.557894 2.902870
 2091.000000 5.042666 1.535786 2.908897
 2094.000000 5.058949 1.569377 2.898286
 2097.000000 5.015210 1.528695 2.941757
 2100.000000 5.038004 1.539491 2.913961
 2103.000000 5.002234 1.493314 2.941720
 2106.000000 5.032267 1.478969 2.935173
 2109.000000 5.066492 1.533983 2.935939
 2112.000000 5.043645 1.532129 2.926996
 2115.000000 5.063712 1.502540 2.935055
 2118.000000 5.106349 1.517977 2.906383
 2121.000000 5.140068 1.526060 2.926931
 2124.000000 5.123074 1.536485 2.905825
 2127.000000 5.081666 1.531141 2.882434
 2130.000000 5.032516 1.543108 2.855808
 2133.000000 4.974981 1.524378 2.898618
 2136.000000 5.071484 1.515418 2.905621
 2139.000000 5.056715 1.506527 2.921831
 2142.000000 5.069536 1.504581 2.908362
 2145.000000 5.116079 1.515000 2.899602
 2148.000000 5.139300 1.497789 2.932224
 2151.000000 5.094241 1.508295 2.916578
 2154.000000 5.122126 1.539116 2.906629
 2157.000000 5.064584 1.503491 2.905716
 2160.000000 5.099735 1.521582 2.903858
 2163.000000 5.142409 1.540455 2.906182
 2166.000000 5.155587 1.538235 2.910665
 2169.000000 5.146480 1.545772 2.915456
 2172.000000 5.085576 1.525711 2.896349
 2175.000000 5.040349 1.530439 2.915534
 2178.000000 5.041566 1.544987 2.896181
 2181.000000 5.008033 1.538891 2.874434
 2184.000000 5.070042 1.536926 2.861621
 2187.000000 5.111619 1.524367 2.880247
 2190.000000 5.088848 1.524573 2.874142
 2193.000000 5.075276 1.527142 2.888787
 2196.000000 5.083295 1.525115 2.881724
 2199.000000 5.100350 1.540456 2.868934
 2202.000000 5.080033 1.541645 2.877925
 2205.000000 5.036617 1.529077 2.887745
 2208.000000 5.001987 1.508600 2.906979
 2211.000000 5.056865 1.521700 2.916220
 2214.000000 5.071459 1.533338 2.886557
 2217.000000 5.062132 1.533215 2.921078
 2220.000000 5.048510 1.544654 2.883429
 2223.000000 5.102545 1.545456 2.879468
 2226.000000 5.051644 1.515980 2.921980
 2229.000000 5.072441 1.542760 2.887791
 2232.000000 4.998111 1.533739 2.913080
 2235.000000 4.960840 1.527598 2.864435
 2238.000000 4.902364 1.531385 2.878050
 2241.000000 4.879168 1.540236 2.856646
 2244.000000 4.919201 1.533004 2.877422
 2247.000000 4.973260 1.522089 2.863345
 2250.000000 5.042185 1.507498 2.900689
 2253.000000 5.007640 1.525942 2.859890
 2256.000000 5.036191 1.517281 2.888866
 2259.000000 5.160568 1.530312 2.887298
 2262.000000 5.122826 1.523006 2.913435
 2265.000000 5.054894 1.517555 2.906823
 2268.000000 5.150067 1.527997 2.902376
 2271.000000 5.103718 1.499417 2.901412
 2274.000000 5.059019 1.481488 2.905364
 2277.000000 5.110077 1.487866 2.921243
 2280.000000 5.109658 1.494431 2.902906
 2283.000000 5.166741 1.519173 2.865778
 2286.000000 5.178367 1.516096 2.886227
 2289.000000 5.152321 1.523965 2.898472
 2292.000000 5.218159 1.495989 2.919805
 2295.000000 5.147981 1.502450 2.933011
 2298.000000 5.155201 1.510854 2.903777
 2301.000000 5.169042 1.507280 2.919615
 2304.000000 5.080243 1.465124 2.920822
 2307.000000 5.055926 1.467468 2.917519
 2310.000000 5.048139 1.498076 2.887639
 2313.000000 5.093620 1.486559 2.937076
 2316.000000 5.030346 1.470000 2.914641
 2319.000000 5.043145 1.486095 2.932508
 2322.000000 5.001816 1.491201 2.926516
 2325.000000 4.949889 1.508969 2.893264
 2328.000000 4.862761 1.497523 2.911477
 2331.000000 4.788247 1.476697 2.932340
 2334.000000 4.860191 1.489147 2.938303
 2337.000000 4.916782 1.482709 2.924474
 2340.000000 4.972233 1.498306 2.926548
 2343.000000 5.054127 1.504930 2.948175
 2346.000000 5.043507 1.532930 2.944859
 2349.000000 5.064647 1.516400 2.962068
 2352.000000 5.094810 1.520527 3.002481
 2355.000000 5.052858 1.516712 2.977181
 2358.000000 5.068266 1.520342 2.993676
 2361.000000 4.966202 1.512364 2.970561
 2364.000000 4.941128 1.531561 2.949922
 2367.000000 4.974980 1.533203 2.941331
 2370.000000 4.920601 1.527457 2.948558
 2373.000000 4.973025 1.535910 2.969330
 2376.000000 4.955164 1.514362 2.970517
 2379.000000 4.908804 1.524537 2.937580
 2382.000000 4.957444 1.509894 3.006696
 2385.000000 4.952680 1.521089 2.955289
 2388.000000 4.898531 1.480422 2.956133
 2391.000000 4.912210 1.471788 2.980378
 2394.000000 4.900757 1.496737 2.941866
 2397.000000 4.984010 1.494366 2.962084
 2400.000000 5.016292 1.492857 2.970552
 2403.000000 5.043721 1.507064 2.963674
 2406.000000 5.019263 1.516151 2.990205
 2409.000000 5.024935 1.512173 2.980788
 2412.000000 4.983507 1.471706 3.019021
 2415.000000 5.005634 1.492087 2.984679
 2418.000000 4.978269 1.515894 2.952177
 2421.000000 5.013432 1.525233 2.966454
 2424.000000 5.006288 1.528425 2.951921
 2427.000000 5.027356 1.534467 2.944919
 2430.000000 5.020647 1.552704 2.930418
 2433.000000 4.950539 1.517931 2.968389
 2436.000000 5.038394 1.520208 2.956313
 2439.000000 5.049429 1.523107 2.963899
 2442.000000 5.112542 1.548829 2.933551
 2445.000000 5.012546 1.529021 2.965248
 2448.000000 5.046431 1.508566 3.001576
 2451.000000 5.090981 1.503357 2.997056
 2454.000000 5.103387 1.526304 2.955882
 2457.000000 5.051161 1.533875 2.931536
 2460.000000 4.966206 1.493973 2.940506
 2463.000000 4.943858 1.491745 2.984475
 2466.000000 4.866241 1.488581 2.975606
 2469.000000 4.894130 1.491124 2.944224
 2472.000000 4.863995 1.478494 2.956073
 2475.000000 4.951846 1.474360 2.965702
 2478.000000 4.974855 1.508597 2.941971
 2481.000000 4.983973 1.502747 2.941338
 2484.000000 5.054548 1.501829 2.912060
 2487.000000 5.043580 1.472944 2.938018
 2490.000000 5.010555 1.495526 2.916194
 2493.000000 5.063944 1.511858 2.891273
 2496.000000 5.016956 1.510076 2.916163
 2499.000000 4.996550 1.525576 2.879203
 2502.000000 4.921292 1.519774 2.909297
 2505.000000 4.929097 1.517910 2.928055
 2508.000000 4.974125 1.475916 2.958713
 2511.000000 4.913347 1.485795 2.968940
 2514.000000 4.936484 1.481228 2.960320
 2517.000000 5.003504 1.472814 2.969098
 2520.000000 4.978115 1.481638 2.922806
 2523.000000 4.905902 1.490378 2.906588
 2526.000000 4.986102 1.475533 2.897365
 2529.000000 4.985096 1.472400 2.910993
 2532.000000 5.019122 1.476625 2.929481
 2535.000000 4.949211 1.473555 2.915991
 2538.000000 4.944179 1.481157 2.912955
 2541.000000 4.951629 1.491894 2.873005
 2544.000000 4.975347 1.478735 2.889749
 2547.000000 4.911590 1.481341 2.868533
 2550.000000 4.928462 1.449322 2.874453
 2553.000000 4.933485 1.451987 2.914350
 2556.000000 4.987604 1.445324 2.948496
 2559.000000 4.917673 1.445363 2.964758
 2562.000000 4.960027 1.468753 2.948446
 2565.000000 4.949928 1.474894 2.963221
 2568.000000 5.023044 1.484493 2.976729
 2571.000000 4.963043 1.455779 2.966799
 2574.000000 4.909478 1.466431 2.941985
 2577.000000 4.963828 1.498315 2.921732
 2580.000000 4.915567 1.507890 2.954690
 2583.000000 4.894094 1.485141 2.973224
 2586.000000 4.820685 1.482936 2.985879
 2589.000000 4.998972 1.503781 2.940237
 2592.000000 5.013159 1.539423 2.908947
 2595.000000 5.040597 1.498918 2.944876
 2598.000000 5.088347 1.484159 2.950700
 2601.000000 5.186783 1.516824 2.943293
 2604.000000 5.190065 1.489512 2.968512
 2607.000000 5.149177 1.510837 2.922122
 2610.000000 5.197244 1.484492 2.932486
 2613.000000 5.153308 1.462699 2.941368
 2616.000000 5.138957 1.481443 2.931187
 2619.000000 5.189095 1.495679 2.928721
 2622.000000 5.086399 1.505144 2.921856
 2625.000000 5.038008 1.497197 2.918879
 2628.000000 5.067686 1.495407 2.907858
 2631.000000 5.114262 1.488534 2.938427
 2634.000000 5.181051 1.520878 2.915902
 2637.000000 5.182769 1.520750 2.925171
 2640.000000 5.130211 1.517797 2.941793
 2643.000000 5.095734 1.517531 2.963536
 2646.000000 5.017724 1.557918 2.968143
 2649.000000 4.962431 1.531578 2.967272
 2652.000000 5.035507 1.502864 3.003496
 2655.000000 5.052630 1.526008 2.999396
 2658.000000 5.087307 1.514747 3.001081
 2661.000000 5.041941 1.511163 2.960666
 2664.000000 4.957011 1.493714 2.987426
 2667.000000 4.998428 1.537104 2.914285
 2670.000000 5.012373 1.519387 2.969049
 2673.000000 4.965358 1.530148 2.946378
 2676.000000 5.009623 1.519451 2.914193
 2679.000000 5.020149 1.502795 2.942595
 2682.000000 4.986591 1.525515 2.937682
 2685.000000 4.961192 1.505221 2.958279
 2688.000000 4.979082 1.516893 2.969443
 2691.000000 4.908100 1.515894 2.954791
 2694.000000 4.910790 1.503510 2.962486
 2697.000000 4.898908 1.498617 2.949150
 2700.000000 4.911349 1.503240 2.942697
 2703.000000 4.876865 1.499736 2.918826
 2706.000000 4.861413 1.507302 2.925780
 2709.000000 4.889232 1.490696 2.913326
 2712.000000 4.944513 1.493998 2.922538
 2715.000000 4.912933 1.489263 2.883874
 2718.000000 4.921950 1.488880 2.889717
 2721.000000 5.009270 1.507451 2.854058
 2724.000000 4.951979 1.490402 2.890411
 2727.000000 4.979470 1.503004 2.878636
 2730.000000 5.024542 1.496956 2.913168
 2733.000000 4.982660 1.501952 2.917606
 2736.000000 4.869659 1.481858 2.920037
 2739.000000 5.042472 1.479081 2.948479
 2742.000000 5.042652 1.516550 2.949249
 2745.000000 5.052710 1.506140 2.945997
 2748.000000 5.058335 1.512487 2.960093
 2751.000000 5.053199 1.502623 2.973182
 2754.000000 5.029740 1.531601 2.947113
 2757.000000 5.020070 1.508589 2.957892
 2760.000000 5.037543 1.496635 2.976378
 2763.000000 4.998748 1.542548 2.942975
 2766.000000 4.991752 1.540317 2.954994
 2769.000000 5.022987 1.511366 2.977353
 2772.000000 5.098180 1.513349 2.945391
 2775.000000 5.051378 1.543981 2.926865
 2778.000000 5.051494 1.507444 2.920494
 2781.000000 5.054696 1.519136 2.932459
 2784.000000 5.064436 1.523653 2.959209
 2787.000000 5.058632 1.533115 2.941490
 2790.000000 4.970984 1.510828 2.934191
 2793.000000 4.991659 1.538324 2.941146
 2796.000000 4.941239 1.546861 2.947178
 2799.000000 4.955545 1.523797 2.957516
 2802.000000 5.016525 1.516947 2.992530
 2805.000000 4.913572 1.517336 2.968799
 2808.000000 4.936641 1.515695 2.959314
 2811.000000 4.999072 1.552452 2.923805
 2814.000000 5.088701 1.533392 2.928787
 2817.000000 4.962209 1.516535 2.955778
 2820.000000 4.937877 1.513196 2.922607
 2823.000000 4.907113 1.526578 2.934877
 2826.000000 4.995513 1.555173 2.942098
 2829.000000 4.926926 1.520982 2.950680
 2832.000000 4.966923 1.497681 2.970592
 2835.000000 4.937229 1.506787 2.975212
 2838.000000 4.840920 1.503264 2.947311
 2841.000000 4.883397 1.484924 2.989835
 2844.000000 4.881376 1.514417 2.960736
 2847.000000 4.924302 1.515373 2.983437
 2850.000000 4.868153 1.535147 2.975794
 2853.000000 4.879944 1.549302 2.953693
 2856.000000 4.926357 1.538227 2.967249
 2859.000000 4.971426 1.546330 2.939438
 2862.000000 4.927010 1.582848 2.914763
 2865.000000 4.975714 1.572366 2.975332
 2868.000000 5.012155 1.550371 2.937490
 2871.000000 5.028693 1.554262 2.903747
 2874.000000 4.956590 1.568213 2.902331
 2877.000000 5.019644 1.545972 2.925918
 2880.000000 4.913541 1.545540 2.861128
 2883.000000 4.974310 1.543019 2.894156
 2886.000000 4.939096 1.528333 2.905897
 2889.000000 4.942205 1.520610 2.943732
 2892.000000 5.011547 1.520180 2.974217
 2895.000000 5.050635 1.523233 2.929492
 2898.000000 5.024004 1.524394 2.921367
 2901.000000 5.010020 1.564397 2.902811
 2904.000000 5.049545 1.567452 2.913067
 2907.000000 5.018577 1.542284 2.937696
 2910.000000 5.050209 1.530917 2.948678
 2913.000000 5.003358 1.523942 2.961080
 2916.000000 5.030243 1.528886 2.975202
 2919.000000 5.068083 1.541706 2.933404
 2922.000000 4.957239 1.552405 2.934203
 2925.000000 4.960270 1.527215 2.935159
 2928.000000 4.994895 1.509292 2.914409
 2931.000000 5.037473 1.530458 2.923541
 2934.000000 5.024926 1.544426 2.930704
 2937.000000 5.064976 1.496379 2.951717
 2940.000000 5.101662 1.537579 2.940199
 2943.000000 5.087006 1.492637 2.979095
 2946.000000 5.109986 1.507626 2.960297
 2949.000000 5.070725 1.489568 2.976502
 2952.000000 5.023703 1.495719 2.976884
 2955.000000 4.987736 1.503262 2.962274
 2958.000000 4.958918 1.525099 2.944298
 2961.000000 4.940826 1.541924 2.918269
 2964.000000 5.007484 1.519805 2.938218
 2967.000000 5.079805 1.521070 2.934954
 2970.000000 5.054215 1.537525 2.922329
 2973.000000 4.957222 1.513754 2.947022
 2976.000000 4.990771 1.564834 2.902910
 2979.000000 5.028807 1.558792 2.893657
 2982.000000 5.025811 1.559114 2.932853
 2985.000000 5.004522 1.543797 2.933481
 2988.000000 5.019075 1.531096 2.956705
 2991.000000 5.039774 1.532626 2.962215
 2994.000000 4.912015 1.562038 2.935282
 2997.000000 4.914873 1.531961 2.899546
 3000.000000 4.916471 1.546845 2.900030
 3003.000000 4.896381 1.524564 2.903185
 3006.000000 4.779462 1.483310 2.919969
 3009.000000 4.819560 1.509707 2.933989
 3012.000000 4.822926 1.516914 2.922962
 3015.000000 4.867211 1.505857 2.935211
 3018.000000 4.906003 1.524061 2.930583
 3021.000000 4.858608 1.538571 2.934990
 3024.000000 4.889833 1.532050 2.955313
 3027.000000 4.930115 1.557846 2.948335
 3030.000000 4.852817 1.541807 2.928906
 3033.000000 4.794252 1.518116 2.901002
 3036.000000 4.850693 1.492587 2.925880
 3039.000000 4.775453 1.517243 2.924664
 3042.000000 4.920179 1.539059 2.902113
 3045.000000 4.920506 1.507366 2.919936
 3048.000000 4.906715 1.492147 2.972535
 3051.000000 4.940851 1.478436 2.961873
 3054.000000 4.824605 1.493952 2.922336
 3057.000000 4.857890 1.506923 2.901297
 3060.000000 4.856225 1.485518 2.888984
 3063.000000 4.849528 1.483296 2.891770
 3066.000000 4.903035 1.500303 2.899656
 3069.000000 4.872352 1.494543 2.898422
 3072.000000 4.874129 1.486285 2.910413
 3075.000000 4.916103 1.498229 2.895557
 3078.000000 4.901840 1.511493 2.904430
 3081.000000 4.978946 1.493098 2.904336
 3084.000000 5.032305 1.526307 2.907963
 3087.000000 5.024857 1.520679 2.894614
 3090.000000 4.900386 1.514454 2.904015
 3093.000000 4.868984 1.522699 2.907990
 3096.000000 4.950049 1.570000 2.870235
 3099.000000 4.918870 1.570151 2.904362
 3102.000000 4.909620 1.533195 2.921193
 3105.000000 4.916577 1.517181 2.915222
 3108.000000 4.987239 1.501353 2.921836
 3111.000000 5.035695 1.525836 2.899933
 3114.000000 5.096378 1.534665 2.909159
 3117.000000 5.023722 1.509992 2.908625
 3120.000000 4.943401 1.525159 2.883320
 3123.000000 4.891666 1.491717 2.927785
 3126.000000 4.958147 1.512063 2.919815
 3129.000000 4.988853 1.514165 2.908513
 3132.000000 5.028865 1.494712 2.913315
 3135.000000 4.953531 1.521180 2.874267
 3138.000000 4.959340 1.529353 2.856266
 3141.000000 5.009407 1.518572 2.886597
 3144.000000 5.042003 1.486119 2.892100
 3147.000000 5.014507 1.488158 2.876422
 3150.000000 5.093001 1.512310 2.885412
 3153.000000 5.051098 1.509756 2.860298
 3156.000000 5.117031 1.526326 2.848561
 3159.000000 5.144100 1.556235 2.842014
 3162.000000 5.058239 1.528415 2.862729
 3165.000000 5.140672 1.548976 2.861176
 3168.000000 5.149670 1.512556 2.906429
 3171.000000 5.171393 1.535609 2.883522
 3174.000000 5.121650 1.495238 2.930212
 3177.000000 5.089929 1.512033 2.886898
 3180.000000 5.095190 1.513920 2.883963
 3183.000000 5.108563 1.523251 2.894635
 3186.000000 5.091097 1.529311 2.903750
 3189.000000 5.066085 1.505548 2.934462
 3192.000000 5.133711 1.500640 2.922318
 3195.000000 5.141862 1.513200 2.916823
 3198.000000 5.158781 1.513489 2.931288
 3201.000000 5.108411 1.472769 2.937682
 3204.000000 5.112944 1.469515 2.907988
 3207.000000 5.071596 1.485063 2.923538
 3210.000000 5.061113 1.495769 2.932720
 3213.000000 5.015111 1.492236 2.931229
 3216.000000 5.120375 1.488058 2.929284
 3219.000000 5.107243 1.498850 2.910133
 3222.000000 5.115864 1.507504 2.896909
 3225.000000 5.063832 1.542100 2.877360
 3228.000000 5.108712 1.543513 2.867766
 3231.000000 5.057554 1.482508 2.923269
 3234.000000 5.047823 1.484551 2.899755
 3237.000000 5.010041 1.481471 2.918968
 3240.000000 5.003508 1.485037 2.916585
 3243.000000 5.042589 1.500232 2.916786
 3246.000000 4.973314 1.475853 2.932944
 3249.000000 4.950468 1.473660 2.928223
 3252.000000 4.935019 1.494717 2.907656
 3255.000000 4.974214 1.507739 2.892002
 3258.000000 4.953031 1.439377 2.941258
 3261.000000 4.992667 1.469090 2.911356
 3264.000000 4.973787 1.482937 2.881818
 3267.000000 4.939204 1.489470 2.911002
 3270.000000 4.938965 1.476040 2.918656
 3273.000000 4.954476 1.478978 2.914982
 3276.000000 4.937820 1.464669 2.898209
 3279.000000 4.991534 1.452815 2.931127
 3282.000000 4.969708 1.459106 2.927656
 3285.000000 5.029501 1.493533 2.901476
 3288.000000 4.980165 1.511454 2.884918
 3291.000000 5.008849 1.480101 2.919025
 3294.000000 5.011303 1.472571 2.955670
 3297.000000 4.936554 1.481829 2.956056
 3300.000000 4.974557 1.462830 2.954507
 3303.000000 4.915920 1.473337 2.949382
 3306.000000 4.947459 1.489028 2.946223
 3309.000000 4.991779 1.494750 2.964256
 3312.000000 4.939227 1.479829 2.965050
 3315.000000 5.004612 1.505757 2.961717
 3318.000000 5.112339 1.515195 2.969960
 3321.000000 5.162255 1.547494 2.939518
 3324.000000 5.091973 1.546345 2.972524
 3327.000000 5.172240 1.549490 2.971975
 3330.000000 5.143059 1.533443 2.992727
 3333.000000 5.156150 1.520359 2.944365
 3336.000000 5.154752 1.526798 2.910632
 3339.000000 5.074949 1.534510 2.972133
 3342.000000 5.116023 1.520819 2.970515
 3345.000000 5.133458 1.519312 2.937919
 3348.000000 5.101703 1.489669 2.961383
 3351.000000 5.110822 1.502086 2.964281
 3354.000000 5.075555 1.525759 2.921383
 3357.000000 5.064891 1.528036 2.913814
 3360.000000 5.057272 1.499114 2.928881
 3363.000000 5.078712 1.493655 2.920147
 3366.000000 5.101962 1.507290 2.953376
 3369.000000 5.084223 1.499828 2.946339
 3372.000000 5.123801 1.490732 2.939806
 3375.000000 5.160883 1.504540 2.915229
 3378.000000 5.177309 1.516201 2.945227
 3381.000000 5.153588 1.506687 2.937761
 3384.000000 5.108927 1.494578 2.906821
 3387.000000 5.045232 1.474952 2.924417
 3390.000000 5.091829 1.468217 2.949633
 3393.000000 5.025924 1.494093 2.934978
 3396.000000 5.069349 1.504499 2.977539
 3399.000000 5.027729 1.501725 2.930294
 3402.000000 5.011748 1.481442 2.918359
 3405.000000 5.036959 1.493119 2.909002
 3408.000000 5.045643 1.499119 2.928286
 3411.000000 5.024941 1.473125 2.954600
 3414.000000 4.998456 1.481934 2.972210
 3417.000000 4.966486 1.480701 2.976822
 3420.000000 4.991767 1.506586 2.954032
 3423.000000 5.033110 1.515663 2.941344
 3426.000000 4.953491 1.474161 2.963874
 3429.000000 4.955647 1.448796 2.992695
 3432.000000 4.939128 1.460166 3.001167
 3435.000000 4.948973 1.490874 2.943574
 3438.000000 5.013247 1.516972 2.939472
 3441.000000 5.039745 1.497835 2.946295
 3444.000000 5.129966 1.496030 2.969945
 3447.000000 5.077996 1.477826 2.953404
 3450.000000 5.128448 1.469421 2.964369
 3453.000000 5.100761 1.481215 2.968988
 3456.000000 5.107271 1.530602 2.938270
 3459.000000 5.073549 1.534169 2.942567
 3462.000000 5.167135 1.518372 2.960034
 3465.000000 5.147751 1.547481 2.969631
 3468.000000 5.159807 1.535058 2.983481
 3471.000000 5.089731 1.498092 2.983090
 3474.000000 5.061404 1.516886 2.970814
 3477.000000 5.024868 1.496070 2.997043
 3480.000000 4.971434 1.525380 2.965567
 3483.000000 4.954933 1.546278 2.915982
 3486.000000 4.928234 1.509484 2.961300
 3489.000000 4.927018 1.505624 2.948735
 3492.000000 4.943228 1.511096 2.968845
 3495.000000 4.920065 1.510315 2.934943
 3498.000000 4.957533 1.510843 2.933898
 3501.000000 4.982722 1.541879 2.924310
 3504.000000 5.011416 1.531710 2.918660
 3507.000000 4.978610 1.519903 2.915958
 3510.000000 5.014041 1.521404 2.961720
 3513.000000 5.042937 1.528818 2.979921
 3516.000000 5.057962 1.544478 2.948590
 3519.000000 5.030673 1.494811 2.969736
 3522.000000 4.997713 1.527071 2.966418
 3525.000000 5.010687 1.507164 2.945354
 3528.000000 5.058878 1.521049 2.947764
 3531.000000 5.170688 1.546222 2.975638
 3534.000000 5.150316 1.533837 2.967254
 3537.000000 5.114902 1.538778 2.959671
 3540.000000 5.059999 1.525274 2.959842
 3543.000000 5.106055 1.533115 2.918704
 3546.000000 5.139672 1.485221 2.993069
 3549.000000 5.086858 1.517727 2.936358
 3552.000000 5.037065 1.480025 2.979654
 3555.000000 5.098999 1.504606 2.990029
 3558.000000 5.075475 1.515903 2.947961
 3561.000000 5.027689 1.520605 2.945232
 3564.000000 5.006331 1.556433 2.901391
 3567.000000 5.055345 1.539633 2.924428
 3570.000000 5.007060 1.554790 2.922956
 3573.000000 4.930820 1.562856 2.902014
 3576.000000 5.030062 1.533886 2.937155
 3579.000000 5.056312 1.585084 2.914478
 3582.000000 5.017194 1.540211 2.942510
 3585.000000 5.027966 1.546425 2.965213
 3588.000000 5.107698 1.522242 2.972582
 3591.000000 5.073764 1.571264 2.922013
 3594.000000 5.128441 1.564256 2.943189
 3597.000000 5.065605 1.572406 2.951145
 3600.000000 4.976183 1.586800 2.912864
 3603.000000 5.003732 1.577580 2.927948
 3606.000000 4.997352 1.575486 2.942355
 3609.000000 5.049237 1.559579 2.956746
 3612.000000 5.069950 1.562327 2.990152
 3615.000000 5.007615 1.573232 2.993088
 3618.000000 5.013922 1.565343 2.978749
 3621.000000 5.117701 1.556014 2.975385
 3624.000000 5.075927 1.561576 2.963624
 3627.000000 5.067278 1.546925 2.959080
 3630.000000 5.014108 1.548162 2.970003
 3633.000000 5.088594 1.552682 2.971202
 3636.000000 5.006547 1.541244 2.978900
 3639.000000 4.968663 1.539377 2.953114
 3642.000000 5.045873 1.547744 2.977362
 3645.000000 4.924755 1.529876 2.979881
 3648.000000 4.948036 1.529732 2.949520
 3651.000000 4.974707 1.520094 2.990057
 3654.000000 4.969634 1.511503 2.964606
 3657.000000 5.031619 1.511871 2.957347
 3660.000000 4.992756 1.502859 2.972646
 3663.000000 5.054431 1.485742 3.015803
 3666.000000 5.075842 1.523668 2.987388
 3669.000000 5.077509 1.538803 2.950207
 3672.000000 5.103450 1.545849 2.981474
 3675.000000 5.093182 1.522490 2.964582
 3678.000000 5.082846 1.540774 2.965952
 3681.000000 5.042360 1.517921 2.996635
 3684.000000 5.141662 1.544784 3.001775
 3687.000000 5.117664 1.538572 2.953380
 3690.000000 5.154457 1.567732 2.948220
 3693.000000 5.105831 1.557176 2.966711
 3696.000000 5.056380 1.534894 2.978593
 3699.000000 5.082747 1.522571 2.982558
 3702.000000 5.015049 1.580897 2.934989
 3705.000000 4.967644 1.555495 2.999411
 3708.000000 4.876887 1.527355 3.011957
 3711.000000 4.916278 1.549429 2.991370
 3714.000000 4.931011 1.584009 2.973701
 3717.000000 4.855344 1.564120 3.008586
 3720.000000 4.885019 1.556104 3.015712
 3723.000000 4.920699 1.564558 3.013668
 3726.000000 4.945712 1.574445 2.989734
 3729.000000 4.949536 1.546337 2.983272
 3732.000000 4.994106 1.544288 2.973369
 3735.000000 4.937366 1.521881 2.962405
 3738.000000 4.990705 1.540909 2.939824
 3741.000000 4.943260 1.549979 2.948251
 3744.000000 4.877645 1.564364 2.929887
 3747.000000 5.007518 1.563564 2.941380
 3750.000000 4.971565 1.542259 2.963571
 3753.000000 4.953920 1.555543 2.960121
 3756.000000 4.950692 1.562897 2.960611
 3759.000000 4.875195 1.572514 2.944066
 3762.000000 4.900200 1.593788 2.918687
 3765.000000 5.002461 1.542358 2.945907
 3768.000000 5.013098 1.555136 2.959071
 3771.000000 5.040797 1.586641 2.954326
 3774.000000 5.093053 1.568141 2.967816
 3777.000000 5.022571 1.576193 2.958529
 3780.000000 5.120462 1.558281 2.962532
 3783.000000 5.086787 1.585268 2.899721
 3786.000000 5.177419 1.574286 2.945181
 3789.000000 5.172806 1.583556 2.941470
 3792.000000 5.152652 1.577555 2.923228
 3795.000000 5.103208 1.595972 2.920879
 3798.000000 5.037959 1.583052 2.977051
 3801.000000 5.037469 1.562216 2.962251
 3804.000000 5.004863 1.554832 2.969041
 3807.000000 5.018827 1.542799 2.957568
 3810.000000 5.060070 1.571363 2.919114
 3813.000000 5.136662 1.593458 2.925493
 3816.000000 5.189158 1.613060 2.901965
 3819.000000 5.193569 1.598913 2.904550
 3822.000000 5.093553 1.593097 2.937546
 3825.000000 5.183412 1.611654 2.948050
 3828.000000 5.096561 1.588596 2.972260
 3831.000000 5.020942 1.578164 2.941634
 3834.000000 5.012695 1.560685 2.986435
 3837.000000 4.983993 1.548129 2.976806
 3840.000000 4.993419 1.558269 2.983527
 3843.000000 4.948151 1.564242 2.959909
 3846.000000 4.981002 1.583840 2.949527
 3849.000000 4.956176 1.570019 2.966035
 3852.000000 4.986349 1.584260 2.951962
 3855.000000 5.066446 1.580348 2.980626
 3858.000000 5.018860 1.589048 2.969760
 3861.000000 5.012654 1.609320 2.948675
 3864.000000 4.988697 1.609261 2.958759
 3867.000000 5.009857 1.574583 3.037158
 3870.000000 4.990098 1.573639 3.049590
 3873.000000 5.022691 1.573777 3.010766
 3876.000000 5.069023 1.588944 3.002788
 3879.000000 5.101493 1.612583 2.999120
 3882.000000 5.036709 1.617510 2.993392
 3885.000000 4.967367 1.585907 3.000687
 3888.000000 5.019596 1.591127 2.986773
 3891.000000 5.029233 1.602091 2.986342
 3894.000000 4.967241 1.594341 2.997780
 3897.000000 4.942890 1.596820 2.997957
 3900.000000 4.907406 1.604001 2.991990
 3903.000000 4.938264 1.589680 2.966400
 3906.000000 4.836226 1.597885 2.943911
 3909.000000 4.933604 1.613218 2.921187
 3912.000000 4.935523 1.605005 2.936511
 3915.000000 4.859770 1.601523 2.927456
 3918.000000 4.861409 1.590602 2.923117
 3921.000000 4.886447 1.573932 2.938040
 3924.000000 4.984671 1.567142 2.962372
 3927.000000 5.015581 1.547756 2.973923
 3930.000000 5.000889 1.576708 2.971373
 3933.000000 4.962851 1.569289 2.948561
 3936.000000 4.950055 1.549173 2.952224
 3939.000000 4.939963 1.524608 2.943106
 3942.000000 4.919674 1.526159 2.954254
 3945.000000 4.985897 1.529500 2.967018
 3948.000000 4.952826 1.537250 2.956616
 3951.000000 4.988274 1.543990 2.963151
 3954.000000 4.946810 1.525451 2.977606
 3957.000000 4.959088 1.557635 2.953088
 3960.000000 4.908604 1.555340 2.969642
 3963.000000 4.928036 1.544451 2.947175
 3966.000000 4.986096 1.566458 2.929909
 3969.000000 4.933700 1.548421 2.947767
 3972.000000 4.975015 1.547827 2.951313
 3975.000000 5.015535 1.539885 2.958510
 3978.000000 5.006351 1.543160 2.939551
 3981.000000 5.044462 1.541885 2.921814
 3984.000000 4.993847 1.537829 2.937087
 3987.000000 4.991243 1.566437 2.929723
 3990.000000 5.082652 1.534700 2.943980
 3993.000000 5.020213 1.566805 2.909117
 3996.000000 5.070731 1.548855 2.928428
 3999.000000 5.091929 1.542706 2.932702
 4002.000000 5.115500 1.538508 2.939323
 4005.000000 5.111542 1.534258 2.936456
 4008.000000 5.070118 1.572148 2.929668
 4011.000000 5.046731 1.541692 2.973551
 4014.000000 4.988665 1.549735 2.925152
 4017.000000 5.035745 1.535656 2.960019
 4020.000000 5.049341 1.528816 2.936842
 4023.000000 5.057466 1.559199 2.897657
 4026.000000 5.044216 1.558083 2.907965
 4029.000000 4.992908 1.536360 2.943429
 4032.000000 5.064259 1.548663 2.947695
 4035.000000 5.117850 1.523369 2.972177
 4038.000000 5.056029 1.518625 2.947300
 4041.000000 5.068387 1.510036 2.948537
 4044.000000 5.036363 1.521142 2.913464
 4047.000000 5.043416 1.528173 2.946991
 4050.000000 5.098498 1.529144 2.981555
 4053.000000 4.993851 1.530777 2.968843
 4056.000000 5.048723 1.527148 2.974953
 4059.000000 5.050458 1.533885 2.985512
 4062.000000 5.002638 1.553837 2.951625
 4065.000000 5.056542 1.570977 2.929652
 4068.000000 5.052963 1.551548 2.930535
 4071.000000 5.081166 1.560800 2.957467
 4074.000000 5.025324 1.573679 2.970811
 4077.000000 5.033896 1.547990 2.984681
 4080.000000 5.016174 1.525617 2.981261
 4083.000000 5.023802 1.568718 2.952061
 4086.000000 4.983731 1.559281 2.939558
 4089.000000 5.045189 1.563898 2.915379
 4092.000000 5.013632 1.549829 2.939146
 4095.000000 4.945297 1.512394 2.968796
 4098.000000 4.907699 1.529877 2.960011
 4101.000000 4.928782 1.556651 2.962787
 4104.000000 4.984937 1.538495 2.974248
 4107.000000 4.979233 1.543259 2.969208
 4110.000000 5.079183 1.554399 2.938944
 4113.000000 5.076785 1.548307 2.936534
 4116.000000 4.999774 1.545585 2.907876
 4119.000000 4.983426 1.532294 2.904655
 4122.000000 5.026135 1.554012 2.898725
 4125.000000 5.025272 1.550693 2.902754
 4128.000000 4.961024 1.573725 2.883670
 4131.000000 4.952704 1.567589 2.918370
 4134.000000 4.941052 1.550800 2.942478
 4137.000000 4.958299 1.581960 2.925880
 4140.000000 4.922923 1.577228 2.909539
 4143.000000 4.997671 1.578217 2.931288
 4146.000000 4.956306 1.574182 2.940026
 4149.000000 4.993942 1.572784 2.894417
 4152.000000 4.924418 1.560294 2.911812
 4155.000000 4.949508 1.541047 2.949114
 4158.000000 4.942253 1.554231 2.943605
 4161.000000 5.056116 1.558608 2.936821
 4164.000000 5.064434 1.551273 2.950609
 4167.000000 5.108021 1.560439 2.949247
 4170.000000 5.025267 1.557329 2.925692
 4173.000000 4.991974 1.558706 2.923564
 4176.000000 5.014434 1.538718 2.918249
 4179.000000 5.019495 1.557274 2.913249
 4182.000000 5.077581 1.543763 2.936034
 4185.000000 5.042739 1.539868 2.963342
 4188.000000 5.040173 1.539155 2.948991
 4191.000000 5.034844 1.547019 2.948572
 4194.000000 5.057655 1.520845 2.954759
 4197.000000 5.033953 1.538077 2.967193
 4200.000000 5.039196 1.552932 2.962328
 4203.000000 5.081436 1.538929 3.009051
 4206.000000 5.066365 1.532679 3.000544
 4209.000000 5.060975 1.522559 2.967151
 4212.000000 5.100174 1.552770 2.975482
 4215.000000 5.060589 1.538287 2.991585
 4218.000000 4.979433 1.511565 2.983986
 4221.000000 4.919201 1.541174 2.954946
 4224.000000 4.903743 1.530262 2.972360
 4227.000000 5.020784 1.558324 2.943916
 4230.000000 5.008141 1.559943 2.980338
 4233.000000 5.088455 1.567143 2.982959
 4236.000000 5.092201 1.570756 2.974285
 4239.000000 5.019035 1.569540 2.953877
 4242.000000 5.029104 1.561544 2.952503
 4245.000000 5.033233 1.551298 2.955808
 4248.000000 4.995061 1.551195 2.951840
 4251.000000 4.965007 1.548957 2.961236
 4254.000000 5.023653 1.574190 2.904157
 4257.000000 5.016963 1.539225 2.940284
 4260.000000 5.056401 1.559597 2.954612
 4263.000000 5.000253 1.573672 2.959948
 4266.000000 4.999101 1.570891 2.972769
 4269.000000 5.052533 1.560888 2.966228
 4272.000000 5.101708 1.556769 2.972622
 4275.000000 5.092301 1.583229 2.982950
 4278.000000 5.091448 1.568625 3.001922
 4281.000000 5.138853 1.574457 2.991522
 4284.000000 5.126720 1.566546 2.951997
 4287.000000 5.056768 1.554380 2.948629
 4290.000000 5.140586 1.540058 2.995229
 4293.000000 5.070201 1.547430 2.976602
 4296.000000 5.102419 1.536096 2.968456
 4299.000000 5.043288 1.513945 2.974900
 4302.000000 5.030309 1.526843 2.921236
 4305.000000 5.003163 1.530662 2.942515
 4308.000000 5.018544 1.536584 2.956801
 4311.000000 5.077946 1.531475 2.982634
 4314.000000 5.007715 1.527307 2.967800
 4317.000000 5.050868 1.513964 2.996672
 4320.000000 5.000218 1.519211 3.000588
 4323.000000 5.078926 1.519733 3.005037
 4326.000000 4.981198 1.533503 2.983439
 4329.000000 4.938161 1.566721 2.961702
 4332.000000 4.996538 1.560692 2.988327
 4335.000000 4.961400 1.554804 3.011609
 4338.000000 4.972795 1.547318 2.996331
 4341.000000 5.001683 1.551205 2.966065
 4344.000000 4.986698 1.556608 2.960366
 4347.000000 4.983287 1.554029 2.993393
 4350.000000 5.002593 1.539793 2.990790
 4353.000000 5.172382 1.577382 2.988393
 4356.000000 5.135647 1.585470 2.988147
 4359.000000 5.154442 1.575634 3.024470
 4362.000000 5.105167 1.573330 2.996600
 4365.000000 5.019140 1.561929 3.026778
 4368.000000 5.098858 1.567332 3.005005
 4371.000000 5.070342 1.548036 3.005282
 4374.000000 5.024550 1.558013 3.027879
 4377.000000 5.068949 1.566908 3.008812
 4380.000000 5.014754 1.587543 2.977299
 4383.000000 5.009263 1.572135 2.983648
 4386.000000 5.063773 1.570489 2.999560
 4389.000000 5.131341 1.571957 2.972242
 4392.000000 5.052804 1.584234 2.955968
 4395.000000 5.081757 1.563030 2.957343
 4398.000000 5.173694 1.526756 3.011918
 4401.000000 5.254122 1.545518 2.991996
 4404.000000 5.251642 1.552482 2.965232
 4407.000000 5.252828 1.560611 2.967796
 4410.000000 5.283405 1.567496 2.962865
 4413.000000 5.182847 1.537611 2.951168
 4416.000000 5.200438 1.531622 2.965734
 4419.000000 5.200112 1.522440 2.970230
 4422.000000 5.140513 1.534458 2.996108
 4425.000000 5.178855 1.508761 3.023436
 4428.000000 5.118101 1.545081 2.988167
 4431.000000 5.151466 1.556473 2.950946
 4434.000000 5.159449 1.566568 2.963135
 4437.000000 5.221094 1.539317 2.974946
 4440.000000 5.160913 1.538962 2.963369
 4443.000000 5.081672 1.515363 2.975478
 4446.000000 4.972721 1.494561 2.950090
 4449.000000 4.969917 1.489784 2.962987
 4452.000000 4.975875 1.493028 2.952625
 4455.000000 5.012821 1.499888 2.958155
 4458.000000 5.026037 1.523859 2.977284
 4461.000000 5.017901 1.536782 2.974239
 4464.000000 5.018008 1.504749 2.999506
 4467.000000 4.980914 1.522318 2.985698
 4470.000000 5.029644 1.514743 2.974479
 4473.000000 5.002743 1.512883 2.982321
 4476.000000 5.050621 1.534995 2.972861
 4479.000000 5.065544 1.548900 2.948218
 4482.000000 5.062271 1.555596 2.942987
 4485.000000 5.084947 1.545901 2.985312
 4488.000000 5.020464 1.531261 2.950849
 4491.000000 5.050668 1.549185 2.950715
 4494.000000 5.053832 1.544152 2.938090
 4497.000000 4.982595 1.528082 2.916143
 4500.000000 4.979197 1.529933 2.922984
 4503.000000 4.944874 1.541516 2.889026
 4506.000000 4.959584 1.516785 2.859569
 4509.000000 4.945193 1.523530 2.864776
 4512.000000 4.886719 1.545344 2.868200
 4515.000000 4.842583 1.528477 2.914163
 4518.000000 4.818095 1.523601 2.915811
 4521.000000 4.874800 1.534052 2.928425
 4524.000000 4.909566 1.523810 2.919974
 4527.000000 4.953957 1.586805 2.887436
 4530.000000 4.892136 1.546589 2.946494
 4533.000000 4.885726 1.520857 3.000689
 4536.000000 4.946690 1.558670 2.962242
 4539.000000 4.935414 1.542650 2.916043
 4542.000000 4.965630 1.560527 2.896039
 4545.000000 4.924885 1.563178 2.919788
 4548.000000 5.014217 1.553569 2.931284
 4551.000000 5.014474 1.570763 2.924253
 4554.000000 5.012604 1.575453 2.926424
 4557.000000 4.977223 1.569923 2.934363
 4560.000000 4.956758 1.551317 2.922321
 4563.000000 5.044068 1.547921 2.933812
 4566.000000 4.978228 1.537120 2.983770
 4569.000000 4.965028 1.548281 2.949497
 4572.000000 5.104869 1.563358 2.899888
 4575.000000 4.972213 1.548349 2.915690
 4578.000000 4.921325 1.535473 2.898992
 4581.000000 5.001050 1.544798 2.879091
 4584.000000 4.945626 1.545570 2.900778
 4587.000000 4.963119 1.540032 2.931349
 4590.000000 4.996972 1.569845 2.915935
 4593.000000 4.943119 1.559463 2.908776
 4596.000000 5.010820 1.538716 2.933184
 4599.000000 5.056774 1.547058 2.955490
 4602.000000 5.025994 1.556693 2.922593
 4605.000000 5.038332 1.548074 2.929279
 4608.000000 5.033571 1.504671 2.961703
 4611.000000 4.941687 1.510004 2.925435
 4614.000000 4.931546 1.507993 2.928396
 4617.000000 4.969104 1.500137 2.938375
 4620.000000 5.062812 1.513110 2.930709
 4623.000000 5.084597 1.505828 2.947756
 4626.000000 5.092490 1.513169 2.926376
 4629.000000 5.057234 1.521161 2.924648
 4632.000000 5.012844 1.523491 2.956365
 4635.000000 5.003332 1.520257 2.942623
 4638.000000 4.967042 1.498412 2.937073
 4641.000000 4.982797 1.533780 2.907408
 4644.000000 4.971634 1.509267 2.935273
 4647.000000 4.954592 1.499599 2.945467
 4650.000000 4.950957 1.493187 2.979117
 4653.000000 4.954095 1.517050 2.968952
 4656.000000 5.104005 1.552329 2.952414
 4659.000000 5.131680 1.568019 2.941422
 4662.000000 5.207335 1.570635 2.939918
 4665.000000 5.136913 1.548320 2.957831
 4668.000000 5.217616 1.557852 2.954448
 4671.000000 5.198798 1.577523 2.931087
 4674.000000 5.235927 1.565635 2.954479
 4677.000000 5.159472 1.555442 2.984428
 4680.000000 5.162650 1.560971 2.951909
 4683.000000 5.206911 1.555275 2.945178
 4686.000000 5.173557 1.565490 2.922626
 4689.000000 5.120637 1.547521 2.966158
 4692.000000 5.089461 1.555238 2.947720
 4695.000000 5.157249 1.560072 2.948084
 4698.000000 5.113468 1.553972 2.927561
 4701.000000 5.095831 1.529462 2.954544
 4704.000000 5.095859 1.564987 2.928847
 4707.000000 5.092519 1.563887 2.939681
 4710.000000 5.126006 1.544437 2.936404
 4713.000000 5.040216 1.543775 2.937130
 4716.000000 5.009730 1.557873 2.962314
 4719.000000 5.007865 1.555295 2.939330
 4722.000000 4.976641 1.547280 2.946923
 4725.000000 4.973525 1.560248 2.915145
 4728.000000 4.938399 1.572221 2.919980
 4731.000000 4.954271 1.572737 2.914394
 4734.000000 4.986423 1.549038 2.900336
 4737.000000 5.009962 1.538502 2.925556
 4740.000000 5.044124 1.535419 2.946067
 4743.000000 5.005551 1.522550 2.955690
 4746.000000 4.955372 1.512956 2.925930
 4749.000000 5.005670 1.540462 2.908339
 4752.000000 4.991449 1.540244 2.904883
 4755.000000 4.969664 1.535511 2.934245
 4758.000000 4.950102 1.531795 2.968016
 4761.000000 4.936944 1.516684 2.947941
 4764.000000 4.891929 1.527172 2.921098
 4767.000000 4.830203 1.553852 2.921552
 4770.000000 4.878699 1.545141 2.927432
 4773.000000 4.814360 1.523389 2.916813
 4776.000000 4.866611 1.534267 2.911204
 4779.000000 4.901059 1.558127 2.913641
 4782.000000 4.898784 1.569629 2.927185
 4785.000000 4.946269 1.586282 2.926396
 4788.000000 4.974155 1.570264 2.950030
 4791.000000 4.972872 1.581830 2.942533
 4794.000000 4.851847 1.550917 2.958714
 4797.000000 4.848380 1.533281 2.990823
 4800.000000 4.896492 1.544909 2.974971
 4803.000000 4.853185 1.531875 2.963040
 4806.000000 4.853208 1.525751 2.982918
 4809.000000 4.881461 1.520797 2.963601
 4812.000000 4.861145 1.519225 2.963202
 4815.000000 4.895754 1.517942 2.960157
 4818.000000 4.862232 1.528839 2.958715
 4821.000000 4.902225 1.552524 2.937795
 4824.000000 4.874797 1.513007 2.991262
 4827.000000 4.915914 1.521040 2.948766
 4830.000000 4.982749 1.525616 2.979851
 4833.000000 4.988612 1.521287 2.968593
 4836.000000 4.956827 1.520138 2.980576
 4839.000000 4.955430 1.521553 2.948446
 4842.000000 4.930189 1.527272 2.976215
 4845.000000 4.928117 1.543113 2.938839
 4848.000000 4.908044 1.541344 2.942185
 4851.000000 5.025266 1.548108 2.929210
 4854.000000 4.994332 1.526177 2.968549
 4857.000000 4.986035 1.550345 2.975649
 4860.000000 4.950575 1.548113 2.935660
 4863.000000 4.969713 1.530335 2.941779
 4866.000000 4.972538 1.533902 2.934188
 4869.000000 4.983726 1.553320 2.929015
 4872.000000 4.956647 1.549051 2.933672
 4875.000000 5.007887 1.542911 2.970405
 4878.000000 4.998805 1.541836 2.962066
 4881.000000 5.018591 1.541767 2.947323
 4884.000000 5.041457 1.537572 2.938249
 4887.000000 5.000317 1.512701 2.953177
 4890.000000 4.959378 1.517466 2.983915
 4893.000000 4.997516 1.531257 2.966574
 4896.000000 4.992412 1.533490 2.950935
 4899.000000 4.963404 1.550586 2.928489
 4902.000000 4.959682 1.540413 2.942730
 4905.000000 5.032869 1.544415 2.929070
 4908.000000 4.960709 1.554805 2.899946
 4911.000000 4.934316 1.549726 2.903480
 4914.000000 4.993999 1.545018 2.921814
 4917.000000 4.896828 1.523621 2.922549
 4920.000000 4.888565 1.531778 2.955436
 4923.000000 4.861374 1.538314 2.983123
 4926.000000 4.860491 1.509823 3.009418
 4929.000000 4.820873 1.517249 2.995852
 4932.000000 4.856501 1.512306 2.981218
 4935.000000 4.836032 1.558609 2.957855
 4938.000000 4.795739 1.548623 2.936535
 4941.000000 4.792501 1.555807 2.967541
 4944.000000 4.887253 1.545794 2.966532
 4947.000000 4.972833 1.510768 3.035784
 4950.000000 4.953860 1.513378 3.027929
 4953.000000 4.926616 1.525286 3.030181
 4956.000000 4.942882 1.545393 3.024605
 4959.000000 4.882876 1.522276 3.044565
 4962.000000 4.835465 1.497354 3.047601
 4965.000000 4.891712 1.501098 3.028142
 4968.000000 4.894874 1.498344 3.039684
 4971.000000 4.982777 1.542912 2.988057
 4974.000000 4.982781 1.544649 3.009245
 4977.000000 4.997115 1.552234 3.021325
 4980.000000 4.949819 1.560916 3.008021
 4983.000000 4.979314 1.564928 3.017899
 4986.000000 4.998477 1.539684 2.999661
 4989.000000 4.959186 1.548084 2.990938
 4992.000000 4.964688 1.528163 3.024870
 4995.000000 4.933469 1.539808 2.999475
 4998.000000 4.941926 1.526345 2.997743
 5001.000000 4.944947 1.514242 2.978529
 5004.000000 5.054456 1.518544 3.009599
 5007.000000 5.003351 1.505032 2.992279
 5010.000000 5.022316 1.529685 2.954915
 5013.000000 4.972554 1.570358 2.954260
 5016.000000 5.093785 1.570013 2.956207
 5019.000000 5.068947 1.576666 2.900339
 5022.000000 5.051419 1.549085 2.917100
 5025.000000 5.021463 1.564911 2.918389
 5028.000000 4.990648 1.575017 2.909962
 5031.000000 5.006738 1.557955 2.921258
 5034.000000 5.060592 1.544792 2.953232
 5037.000000 5.033723 1.533092 2.927188
 5040.000000 5.000280 1.575659 2.928942
 5043.000000 4.918995 1.524645 2.944193
 5046.000000 4.951744 1.529023 2.955715
 5049.000000 4.992843 1.527005 2.957328
 5052.000000 5.044072 1.545006 2.963571
 5055.000000 5.043277 1.544205 2.973485
 5058.000000 5.037845 1.533233 2.996744
 5061.000000 5.052383 1.531682 2.978815
 5064.000000 5.023109 1.533575 2.989817
 5067.000000 5.049547 1.516413 2.995135
 5070.000000 5.067414 1.511739 2.976279
 5073.000000 5.050195 1.510531 3.007633
 5076.000000 5.017486 1.511874 2.965319
 5079.000000 5.041717 1.492722 3.000105
 5082.000000 5.019844 1.518936 2.990734
 5085.000000 4.958848 1.527175 2.986724
 5088.000000 4.881575 1.510146 2.997588
 5091.000000 4.884538 1.509077 2.972552
 5094.000000 4.947561 1.552047 2.954781
 5097.000000 4.941921 1.552407 2.931025
 5100.000000 5.009097 1.564681 2.969206
 5103.000000 4.995685 1.556749 2.957614
 5106.000000 4.926877 1.539563 2.966265
 5109.000000 4.888209 1.578445 2.970147
 5112.000000 4.992964 1.601339 2.936056
 5115.000000 5.035638 1.605003 2.969273
 5118.000000 4.981231 1.559089 2.980794
 5121.000000 5.008280 1.591990 2.987441
 5124.000000 5.032827 1.588612 2.966471
 5127.000000 5.090486 1.589445 2.961615
 5130.000000 5.025535 1.581697 3.001197
 5133.000000 5.067449 1.595170 2.987762
 5136.000000 5.087789 1.606273 2.983249
 5139.000000 4.978974 1.579896 2.944653
 5142.000000 4.955177 1.563257 2.938226
 5145.000000 4.926866 1.579147 2.939148
 5148.000000 4.861386 1.535980 2.981730
 5151.000000 4.890547 1.536001 2.974671
 5154.000000 4.943127 1.539042 2.954221
 5157.000000 4.987390 1.512606 3.013492
 5160.000000 4.986302 1.533745 2.994261
 5163.000000 4.910887 1.518169 3.002200
 5166.000000 4.944591 1.503086 3.008294
 5169.000000 4.963634 1.543286 2.975931
 5172.000000 5.031706 1.561858 2.964224
 5175.000000 5.045411 1.561589 2.957856
 5178.000000 5.025982 1.579284 2.962851
 5181.000000 4.964700 1.564433 2.969082
 5184.000000 4.992766 1.596196 2.948368
 5187.000000 5.080120 1.579751 2.965064
 5190.000000 5.094880 1.603901 2.940207
 5193.000000 5.123932 1.615264 2.944372
 5196.000000 5.093713 1.592384 2.961817
 5199.000000 5.143617 1.569216 2.958474
 5202.000000 5.120746 1.565654 2.960594
 5205.000000 5.171578 1.562772 2.969370
 5208.000000 5.181963 1.567043 2.942871
 5211.000000 5.184496 1.567249 2.928997
 5214.000000 5.182527 1.588111 2.926244
 5217.000000 5.229559 1.546306 2.956112
 5220.000000 5.200039 1.553397 2.956920
 5223.000000 5.249383 1.551528 2.942542
 5226.000000 5.178371 1.535631 2.909480
 5229.000000 5.222597 1.562510 2.884423
 5232.000000 5.168052 1.547277 2.891480
 5235.000000 5.291750 1.558441 2.901819
 5238.000000 5.263854 1.563451 2.901588
 5241.000000 5.200059 1.531288 2.927476
 5244.000000 5.055770 1.513076 2.918836
 5247.000000 5.091308 1.531187 2.942257
 5250.000000 5.050703 1.523433 2.959391
 5253.000000 5.039506 1.496518 2.985906
 5256.000000 5.031009 1.539262 2.958230
 5259.000000 5.166419 1.560528 2.964840
 5262.000000 5.198238 1.539804 2.950269
 5265.000000 5.148573 1.546704 2.938133
 5268.000000 5.051910 1.547477 2.932212
 5271.000000 5.004405 1.563584 2.916403
 5274.000000 5.121442 1.574681 2.925853
 5277.000000 5.022505 1.559568 2.923111
 5280.000000 5.036457 1.568274 2.904481
 5283.000000 5.013683 1.580524 2.898330
 5286.000000 4.967028 1.576786 2.873635
 5289.000000 4.915282 1.556639 2.898306
 5292.000000 4.941216 1.551499 2.893741
 5295.000000 4.950505 1.569155 2.937582
 5298.000000 4.950574 1.558466 2.910534
 5301.000000 4.977913 1.561592 2.939769
 5304.000000 4.953272 1.542091 2.921621
 5307.000000 4.991981 1.544674 2.927511
 5310.000000 4.948160 1.511902 2.915444
 5313.000000 4.955276 1.501836 2.913665
 5316.000000 4.927195 1.509102 2.902615
 5319.000000 4.913104 1.484794 2.920515
 5322.000000 4.873972 1.515899 2.938149
 5325.000000 4.848538 1.500133 2.953252
 5328.000000 4.986703 1.498408 2.985285
 5331.000000 5.058626 1.516448 2.966472
 5334.000000 5.059437 1.545623 2.935898
 5337.000000 4.984188 1.520962 2.912108
 5340.000000 5.011346 1.529679 2.956479
 5343.000000 5.029887 1.549981 2.974195
 5346.000000 5.041117 1.552282 2.964886
 5349.000000 5.063312 1.556584 2.934155
 5352.000000 5.031155 1.558504 2.930745
 5355.000000 5.000910 1.543155 2.914738
 5358.000000 5.011900 1.553538 2.950473
 5361.000000 4.918304 1.545368 2.941753
 5364.000000 4.971750 1.555895 2.960104
 5367.000000 4.967571 1.541321 2.959240
 5370.000000 4.949174 1.545583 2.989583
 5373.000000 5.071324 1.544515 2.983417
 5376.000000 5.039761 1.575273 2.930185
 5379.000000 5.060322 1.607395 2.942448
 5382.000000 5.093642 1.610886 2.965059
 5385.000000 5.093468 1.609887 2.938867
 5388.000000 5.041877 1.615288 2.950832
 5391.000000 5.040251 1.592220 2.963663
 5394.000000 5.137502 1.614165 2.941344
 5397.000000 5.088477 1.606579 2.943206
 5400.000000 5.095322 1.608592 2.936808
 5403.000000 5.071096 1.603452 2.932507
 5406.000000 5.022524 1.588347 2.989407
 5409.000000 5.176242 1.596740 2.997538
 5412.000000 5.101093 1.616825 3.002270
 5415.000000 4.987803 1.618380 2.966999
 5418.000000 4.994154 1.625249 2.966073
 5421.000000 5.033014 1.603628 2.998688
 5424.000000 5.055407 1.594978 2.974454
 5427.000000 5.123835 1.595958 2.989593
 5430.000000 5.026988 1.594022 2.971628
 5433.000000 4.966087 1.561923 3.019375
 5436.000000 4.945666 1.563512 2.990707
 5439.000000 4.925070 1.579472 2.997189
 5442.000000 4.982656 1.577089 2.985015
 5445.000000 4.995945 1.566039 2.989847
 5448.000000 4.995197 1.576882 2.978103
 5451.000000 4.965063 1.581599 2.961729
 5454.000000 4.941580 1.562729 2.937025
 5457.000000 4.940220 1.542392 2.945452
 5460.000000 4.961299 1.533927 2.923955
 5463.000000 5.051407 1.529611 2.967685
 5466.000000 5.065030 1.564584 2.980781
 5469.000000 5.128841 1.564560 2.939030
 5472.000000 5.133768 1.554592 2.979122
 5475.000000 5.099574 1.585541 2.953565
 5478.000000 5.161239 1.537950 3.053537
 5481.000000 5.127764 1.547632 2.987940
 5484.000000 5.082470 1.561089 2.983121
 5487.000000 5.129246 1.543910 2.985681
 5490.000000 5.060110 1.533999 2.945127
 5493.000000 5.022823 1.528943 2.961386
 5496.000000 4.985266 1.554601 2.913635
 5499.000000 5.042208 1.523018 2.974279
 5502.000000 5.077277 1.532847 2.961282
 5505.000000 5.059812 1.520155 2.963848
 5508.000000 4.989126 1.568528 2.936299
 5511.000000 4.985549 1.526047 2.970005
 5514.000000 4.897854 1.514458 2.978744
 5517.000000 4.941848 1.511156 2.997780
 5520.000000 4.921480 1.479098 3.017325
 5523.000000 4.971101 1.522889 2.957340
 5526.000000 4.914889 1.529188 2.977175
 5529.000000 4.854829 1.558604 2.917276
 5532.000000 4.887664 1.545448 2.905656
 5535.000000 4.875778 1.566742 2.914391
 5538.000000 4.797896 1.548418 2.942957
 5541.000000 4.771706 1.533090 2.953427
 5544.000000 4.813395 1.531201 2.925402
 5547.000000 4.759198 1.531386 2.986717
 5550.000000 4.759368 1.544524 2.966892
 5553.000000 4.803765 1.550629 2.957393
 5556.000000 4.758988 1.529271 2.966585
 5559.000000 4.787238 1.508997 2.964235
 5562.000000 4.879052 1.498074 2.967328
 5565.000000 4.844201 1.535832 2.950863
 5568.000000 4.786994 1.540403 2.915509
 5571.000000 4.880621 1.503709 2.938570
 5574.000000 4.916113 1.489227 2.960588
 5577.000000 4.906061 1.492674 2.964589
 5580.000000 4.890608 1.548106 2.938309
 5583.000000 4.961310 1.523311 2.930901
 5586.000000 4.900331 1.531602 2.945643
 5589.000000 4.941551 1.551123 2.931493
 5592.000000 4.916836 1.552121 2.938731
 5595.000000 4.981407 1.537030 2.910079
 5598.000000 5.015904 1.553951 2.910646
 5601.000000 4.970063 1.514372 2.897844
 5604.000000 4.948718 1.545016 2.910733
 5607.000000 5.029942 1.530989 2.948506
 5610.000000 5.009221 1.527526 2.952022
 5613.000000 4.958771 1.529817 2.955424
 5616.000000 4.961332 1.498524 2.959347
 5619.000000 4.906199 1.544536 2.922209
 5622.000000 4.956624 1.536852 2.962840
 5625.000000 4.991262 1.551810 2.948809
 5628.000000 4.945764 1.556596 2.898400
 5631.000000 4.972605 1.551659 2.963695
 5634.000000 4.878091 1.542591 2.988381
 5637.000000 4.983946 1.557251 2.968284
 5640.000000 4.970185 1.582514 2.972621
 5643.000000 5.001979 1.588375 2.975505
 5646.000000 4.992596 1.571372 3.002624
 5649.000000 4.935856 1.603393 2.981313
 5652.000000 4.960137 1.564559 2.996792
 5655.000000 4.949601 1.554723 3.012672
 5658.000000 4.909533 1.540647 2.999474
 5661.000000 4.939784 1.545498 2.992944
 5664.000000 4.917958 1.555568 2.970964
 5667.000000 4.890081 1.550154 2.996540
 5670.000000 4.966239 1.550041 3.011708
 5673.000000 4.981641 1.551197 3.006390
 5676.000000 4.982724 1.539359 3.004652
 5679.000000 5.022677 1.526349 2.985887
 5682.000000 5.118872 1.544700 2.973211
 5685.000000 5.045374 1.539905 2.976090
 5688.000000 5.008492 1.531407 2.988515
 5691.000000 5.044259 1.546643 2.974109
 5694.000000 5.011043 1.513429 2.987162
 5697.000000 4.964322 1.513872 2.993904
 5700.000000 4.962279 1.548539 2.942407
 5703.000000 4.988244 1.575931 2.971492
 5706.000000 4.958302 1.590724 2.974818
 5709.000000 4.941983 1.581338 2.981232
 5712.000000 4.924934 1.578057 2.979054
 5715.000000 4.952350 1.576675 2.979845
 5718.000000 4.959198 1.581870 3.007742
 5721.000000 4.995660 1.569635 3.016407
 5724.000000 4.949773 1.549951 3.009039
 5727.000000 4.986279 1.542023 3.006582
 5730.000000 4.954095 1.535075 2.984749
 5733.000000 5.030828 1.507978 3.020252
 5736.000000 5.099984 1.508359 3.011913
 5739.000000 5.050482 1.533750 2.978066
 5742.000000 5.100296 1.527288 3.003128
 5745.000000 5.147794 1.524636 2.985115
 5748.000000 5.137123 1.535100 2.962584
 5751.000000 5.096276 1.541414 2.959714
 5754.000000 5.150732 1.512724 2.970951
 5757.000000 5.098438 1.505457 2.983462
 5760.000000 5.073616 1.546273 2.989327
 5763.000000 5.081222 1.527999 2.952276
 5766.000000 5.025397 1.498730 3.003817
 5769.000000 5.075282 1.498396 2.997688
 5772.000000 5.080067 1.512002 2.951282
 5775.000000 5.024190 1.540877 2.954729
 5778.000000 5.075696 1.532857 2.949926
 5781.000000 5.093122 1.537905 2.966979
 5784.000000 5.120841 1.541785 2.939090
 5787.000000 5.090648 1.531481 2.975608
 5790.000000 5.017553 1.530931 3.023025
 5793.000000 4.980240 1.499988 3.031933
 5796.000000 5.084176 1.492780 3.052807
 5799.000000 5.045208 1.526411 3.031357
 5802.000000 4.996701 1.489952 3.030162
 5805.000000 4.992001 1.524952 2.994634
 5808.000000 4.994427 1.477798 2.996887
 5811.000000 4.960217 1.452949 3.009631
 5814.000000 4.941062 1.452166 2.998901
 5817.000000 5.093748 1.456105 3.006350
 5820.000000 5.066871 1.455803 2.969626
 5823.000000 4.990011 1.487405 2.925116
 5826.000000 5.044669 1.492832 2.950648
 5829.000000 5.073648 1.518903 2.926985
 5832.000000 5.085133 1.492501 2.957168
 5835.000000 5.012858 1.514677 2.979498
 5838.000000 5.000833 1.507399 2.977632
 5841.000000 4.998198 1.492296 2.976729
 5844.000000 4.917204 1.511153 2.946059
 5847.000000 4.975401 1.507405 2.965211
 5850.000000 4.951510 1.500910 2.981734
 5853.000000 4.907151 1.513898 2.995930
 5856.000000 4.917931 1.517246 3.003998
 5859.000000 4.965948 1.519207 2.967685
 5862.000000 5.063927 1.527494 2.935876
 5865.000000 4.944268 1.525744 2.916490
 5868.000000 4.980045 1.499185 2.957713
 5871.000000 4.889422 1.488129 2.925070
 5874.000000 4.930521 1.506384 2.912249
 5877.000000 4.913762 1.490647 2.947834
 5880.000000 4.964385 1.504127 2.933029
 5883.000000 4.925175 1.519649 2.905487
 5886.000000 4.969184 1.495236 2.941620
 5889.000000 4.926579 1.525721 2.900011
 5892.000000 4.995054 1.510104 2.921127
 5895.000000 5.037626 1.552614 2.878203
 5898.000000 5.007845 1.533300 2.925426
 5901.000000 4.955124 1.517625 2.937808
 5904.000000 5.012199 1.467647 2.973830
 5907.000000 5.067210 1.501909 2.947734
 5910.000000 5.019145 1.514770 2.923582
 5913.000000 5.107828 1.534438 2.916482
 5916.000000 5.030001 1.539514 2.904165
 5919.000000 5.010448 1.523496 2.933913
 5922.000000 5.112686 1.537049 2.920681
 5925.000000 5.143595 1.536768 2.941871
 5928.000000 5.136570 1.536589 2.941061
 5931.000000 5.068665 1.554954 2.956329
 5934.000000 5.133689 1.562589 2.945711
 5937.000000 5.072411 1.548167 2.974822
 5940.000000 5.126174 1.532414 3.001464
 5943.000000 5.155226 1.526639 2.992143
 5946.000000 5.184931 1.512541 2.979242
 5949.000000 5.144834 1.514502 2.984674
 5952.000000 5.168979 1.543532 2.961818
 5955.000000 5.180520 1.527274 2.943085
 5958.000000 5.164607 1.503242 2.955816
 5961.000000 5.148532 1.518418 2.923629
 5964.000000 5.104245 1.501586 2.928547
 5967.000000 5.083157 1.511395 2.911913
 5970.000000 5.114536 1.519166 2.872314
 5973.000000 5.139369 1.514885 2.907423
 5976.000000 5.076387 1.511834 2.915555
 5979.000000 5.060787 1.524690 2.906870
 5982.000000 4.982812 1.538580 2.877729
 5985.000000 4.907492 1.510495 2.912493
 5988.000000 4.998263 1.520232 2.904624
 5991.000000 4.964262 1.542775 2.878257
 5994.000000 4.959828 1.531417 2.908486
 5997.000000 4.976191 1.535869 2.922858
 6000.000000 5.002114 1.519574 2.902398
 6003.000000 5.013530 1.513443 2.954007
 6006.000000 4.960823 1.482060 2.962398
 6009.000000 4.963532 1.457458 2.992727
 6012.000000 5.050749 1.502007 2.969009
 6015.000000 4.979687 1.526497 2.938830
 6018.000000 5.020282 1.494855 2.968042
 6021.000000 4.924588 1.483061 2.965780
 6024.000000 4.955337 1.469475 2.964095
 6027.000000 4.978785 1.484345 2.930822
 6030.000000 4.929120 1.480116 2.951605
 6033.000000 4.940336 1.476342 2.929665
 6036.000000 4.985385 1.489758 2.922752
 6039.000000 4.930282 1.468492 2.925807
 6042.000000 4.941235 1.439015 2.966405
 6045.000000 4.919792 1.438825 2.952264
 6048.000000 4.930638 1.447454 2.948492
 6051.000000 5.003512 1.466910 2.941446
 6054.000000 5.002839 1.476914 2.941783
 6057.000000 4.968329 1.472702 2.965149
 6060.000000 5.047397 1.526270 2.941866
 6063.000000 5.038072 1.501731 2.938499
 6066.000000 5.032399 1.461149 2.974259
 6069.000000 5.101030 1.490340 2.973361
 6072.000000 5.125432 1.501814 2.952120
 6075.000000 5.051781 1.520147 2.927504
 6078.000000 5.056293 1.496806 2.930817
 6081.000000 5.100350 1.490751 2.922376
 6084.000000 5.058028 1.499491 2.933260
 6087.000000 5.077855 1.494798 2.949459
 6090.000000 5.093298 1.546743 2.920300
 6093.000000 5.087873 1.531552 2.962900
 6096.000000 5.065993 1.533617 2.971648
 6099.000000 5.075649 1.502797 3.000198
 6102.000000 5.049993 1.518824 2.985452
 6105.000000 5.082908 1.523614 2.977507
 6108.000000 5.061888 1.524869 2.972592
 6111.000000 5.077107 1.545941 2.962468
 6114.000000 5.069773 1.536742 2.925422
 6117.000000 5.115079 1.554794 2.960443
 6120.000000 5.014504 1.524074 2.963224
 6123.000000 5.037039 1.532122 2.937529
 6126.000000 5.037108 1.539627 2.949402
 6129.000000 4.977550 1.548797 2.949944
 6132.000000 4.907566 1.554241 2.941377
 6135.000000 4.967961 1.569297 2.949200
 6138.000000 5.013697 1.619609 2.927696
 6141.000000 5.025126 1.605057 2.947027
 6144.000000 4.924984 1.605845 2.948900
 6147.000000 5.003190 1.559699 2.987537
 6150.000000 5.014136 1.554867 2.993521
 6153.000000 5.016578 1.575868 2.974353
 6156.000000 4.976979 1.547942 2.979731
 6159.000000 5.108870 1.563736 2.951146
 6162.000000 5.092817 1.573596 2.956221
 6165.000000 5.058356 1.568449 2.921943
 6168.000000 4.968989 1.577348 2.947207
 6171.000000 5.067701 1.561648 2.961862
 6174.000000 5.064553 1.563522 2.963438
 6177.000000 5.113441 1.574435 2.970542
 6180.000000 5.111255 1.560190 2.965754
 6183.000000 5.070342 1.556648 2.954661
 6186.000000 5.028852 1.554104 2.948036
 6189.000000 5.041746 1.538961 2.932800
 6192.000000 5.053165 1.543445 2.936875
 6195.000000 5.028150 1.513390 2.928474
 6198.000000 5.037228 1.505725 2.941624
 6201.000000 5.027043 1.528587 2.907391
 6204.000000 5.007833 1.513305 2.909585
 6207.000000 5.027629 1.495596 2.913181
 6210.000000 4.962620 1.520406 2.925229
 6213.000000 5.002209 1.529985 2.893715
 6216.000000 5.039910 1.537865 2.904151
 6219.000000 5.027922 1.520833 2.913839
 6222.000000 5.048420 1.530816 2.926743
 6225.000000 5.110378 1.514230 2.934106
 6228.000000 5.149262 1.533283 2.905872
 6231.000000 5.096468 1.540601 2.873067
 6234.000000 5.079267 1.510296 2.917756
 6237.000000 5.052411 1.512325 2.902301
 6240.000000 5.053689 1.516972 2.894751
 6243.000000 5.088583 1.520948 2.881252
 6246.000000 5.185104 1.538577 2.904831
 6249.000000 5.147645 1.534776 2.909580
 6252.000000 5.161257 1.536620 2.899167
 6255.000000 5.073004 1.515922 2.895389
 6258.000000 5.109113 1.489475 2.922422
 6261.000000 5.058369 1.531973 2.909368
 6264.000000 5.081571 1.550164 2.915948
 6267.000000 5.022864 1.520256 2.928017
 6270.000000 5.116398 1.542619 2.900939
 6273.000000 5.114670 1.532663 2.944539
 6276.000000 5.112048 1.533864 2.919048
 6279.000000 5.099280 1.503877 2.962292
 6282.000000 5.101046 1.522306 2.938930
 6285.000000 5.024320 1.506200 2.972786
 6288.000000 5.163500 1.534667 2.943601
 6291.000000 5.158549 1.530630 2.959195
 6294.000000 5.143767 1.495879 2.975660
 6297.000000 5.138520 1.506637 2.963043
 6300.000000 5.029965 1.499840 2.992261
 6303.000000 5.094120 1.540849 2.976533
 6306.000000 5.004840 1.515735 2.986145
 6309.000000 5.059919 1.541534 2.952195
 6312.000000 5.047762 1.531333 2.991455
 6315.000000 5.167683 1.539669 2.975207
 6318.000000 5.114601 1.529075 2.961661
 6321.000000 5.189139 1.523607 2.974621
 6324.000000 5.185809 1.528294 2.977267
 6327.000000 5.257135 1.565523 2.923218
 6330.000000 5.197141 1.560593 2.903599
 6333.000000 5.103887 1.533313 2.919288
 6336.000000 5.162370 1.543799 2.927189
 6339.000000 5.090593 1.550426 2.907028
 6342.000000 5.183628 1.570993 2.919127
 6345.000000 5.206429 1.548743 2.936308
 6348.000000 5.247565 1.513401 2.958580
 6351.000000 5.267970 1.523090 2.941014
 6354.000000 5.220560 1.528989 2.951275
 6357.000000 5.192207 1.565054 2.920040
 6360.000000 5.140213 1.526755 2.933018
 6363.000000 5.131908 1.564089 2.917673
 6366.000000 5.079552 1.518920 2.950723
 6369.000000 5.078280 1.526018 2.965925
 6372.000000 5.019283 1.511621 2.966925
 6375.000000 5.029567 1.511699 2.948766
 6378.000000 4.971673 1.533875 2.946918
 6381.000000 4.925957 1.520179 2.974375
 6384.000000 5.011591 1.472982 3.007422
 6387.000000 4.922406 1.483040 2.954829
 6390.000000 4.902233 1.487363 2.929370
 6393.000000 4.956840 1.484304 2.952557
 6396.000000 5.098473 1.507249 2.952519
 6399.000000 5.118445 1.511915 2.944249
 6402.000000 5.080802 1.523678 2.912289
 6405.000000 5.049027 1.534550 2.897506
 6408.000000 5.065833 1.508639 2.923454
 6411.000000 5.077707 1.499768 2.939635
 6414.000000 5.042239 1.510935 2.939089
 6417.000000 5.100404 1.531272 2.929568
 6420.000000 5.097956 1.543584 2.939619
 6423.000000 5.082821 1.538299 2.928321
 6426.000000 5.172987 1.537620 2.942916
 6429.000000 5.120705 1.508737 2.989758
 6432.000000 5.135144 1.518157 2.977005
 6435.000000 5.175672 1.526714 2.943093
 6438.000000 5.148895 1.513717 2.944414
 6441.000000 5.082598 1.526789 2.938811
 6444.000000 4.985961 1.511243 2.923516
 6447.000000 5.030896 1.533216 2.919846
 6450.000000 5.190491 1.531667 2.952218
 6453.000000 5.201152 1.539747 2.946324
 6456.000000 5.171844 1.542099 2.941044
 6459.000000 5.234960 1.569250 2.931785
 6462.000000 5.180203 1.546325 2.948120
 6465.000000 5.196607 1.582374 2.957092
 6468.000000 5.155145 1.555559 2.962340
 6471.000000 5.170809 1.543149 2.983026
 6474.000000 5.134582 1.535032 2.942940
 6477.000000 5.169211 1.542126 2.960101
 6480.000000 5.179955 1.528346 2.950703
 6483.000000 5.051050 1.516886 2.983960
 6486.000000 4.967107 1.507527 3.003066
 6489.000000 5.068816 1.526370 2.968508
 6492.000000 5.062401 1.498761 2.982947
 6495.000000 5.045742 1.488748 2.972146
 6498.000000 4.991270 1.468326 2.958392
 6501.000000 5.068940 1.477019 2.979350
 6504.000000 5.139893 1.492292 2.953696
 6507.000000 5.115373 1.499725 2.945959
 6510.000000 5.136918 1.467691 2.947643
 6513.000000 5.094334 1.454795 2.945831
 6516.000000 5.135210 1.475424 2.945693
 6519.000000 5.134976 1.496109 2.959745
 6522.000000 5.109670 1.525365 2.938558
 6525.000000 5.076658 1.494714 2.986202
 6528.000000 5.120365 1.494893 2.941051
 6531.000000 5.131362 1.494718 2.960287
 6534.000000 5.191343 1.489523 2.958629
 6537.000000 5.041425 1.468637 2.949571
 6540.000000 5.053715 1.490036 2.922802
 6543.000000 5.092429 1.513544 2.950365
 6546.000000 5.098880 1.510386 2.939985
 6549.000000 5.048166 1.513307 2.916303
 6552.000000 5.066782 1.516001 2.918787
 6555.000000 5.131488 1.522655 2.961591
 6558.000000 5.022078 1.533009 2.951363
 6561.000000 4.950907 1.520701 2.979478
 6564.000000 4.932005 1.516728 2.961767
 6567.000000 4.957726 1.526435 2.938220
 6570.000000 4.936201 1.497342 2.968708
 6573.000000 4.994756 1.507946 2.944715
 6576.000000 4.983046 1.508334 2.908361
 6579.000000 5.010326 1.498138 2.964484
 6582.000000 5.060098 1.534040 2.931582
 6585.000000 5.048793 1.517689 2.915735
 6588.000000 5.007030 1.521153 2.911349
 6591.000000 5.016179 1.497961 2.951048
 6594.000000 5.013757 1.477022 2.963874
 6597.000000 4.944085 1.486173 2.944905
 6600.000000 4.881765 1.501477 2.897257
 6603.000000 4.895876 1.508152 2.926344
 6606.000000 4.877000 1.510873 2.903376
 6609.000000 4.907291 1.525842 2.887941
 6612.000000 4.839971 1.545738 2.889085
 6615.000000 4.815910 1.514116 2.919464
 6618.000000 4.830935 1.525717 2.906403
 6621.000000 4.876212 1.510835 2.926573
 6624.000000 4.938220 1.514221 2.929135
 6627.000000 4.951704 1.522700 2.890984
 6630.000000 4.967662 1.518302 2.907663
 6633.000000 4.977152 1.526991 2.897065
 6636.000000 4.967126 1.532056 2.898836
 6639.000000 4.942939 1.532583 2.898440
 6642.000000 4.989380 1.531129 2.903643
 6645.000000 4.988944 1.547442 2.930544
 6648.000000 4.966465 1.541532 2.959601
 6651.000000 5.036083 1.523748 3.004747
 6654.000000 4.996434 1.520895 2.989500
 6657.000000 4.974898 1.512432 2.981898
 6660.000000 4.972141 1.527873 2.983575
 6663.000000 4.931999 1.534448 2.972073
 6666.000000 5.033517 1.505801 2.986202
 6669.000000 4.899024 1.502733 2.972487
 6672.000000 4.860375 1.488825 3.026167
 6675.000000 4.938467 1.535324 2.976064
 6678.000000 4.983156 1.549923 2.945007
 6681.000000 5.061673 1.534903 2.992825
 6684.000000 5.016035 1.499093 3.013588
 6687.000000 5.068327 1.495954 2.997179
 6690.000000 4.963291 1.495486 3.012642
 6693.000000 4.909344 1.498667 2.958222
 6696.000000 4.986441 1.498187 2.951990
 6699.000000 4.902435 1.507114 2.924721
 6702.000000 4.909611 1.519999 2.961950
 6705.000000 5.049209 1.541235 2.945852
 6708.000000 4.999486 1.518237 2.981217
 6711.000000 5.082709 1.518419 2.957903
 6714.000000 4.974233 1.477099 2.958381
 6717.000000 5.020624 1.507107 2.942939
 6720.000000 4.967444 1.541144 2.926225
 6723.000000 5.086359 1.514862 2.942233
 6726.000000 5.013249 1.509287 2.948377
 6729.000000 4.992012 1.495453 2.910819
 6732.000000 4.945632 1.516551 2.901107
 6735.000000 4.912199 1.479209 2.947093
 6738.000000 4.963496 1.481170 2.948471
 6741.000000 4.978623 1.474748 2.946183
 6744.000000 5.009211 1.491001 2.922059
 6747.000000 4.945868 1.467919 2.910815
 6750.000000 4.908568 1.474881 2.929501
 6753.000000 4.981121 1.487308 2.913895
 6756.000000 5.079228 1.473726 2.953090
 6759.000000 5.078872 1.473577 2.962910
 6762.000000 5.081482 1.463263 2.972270
 6765.000000 4.976172 1.470001 2.965121
 6768.000000 4.984769 1.464649 2.960036
 6771.000000 4.966279 1.467065 2.940015
 6774.000000 4.957666 1.476626 2.925794
 6777.000000 4.946632 1.443746 2.966836
 6780.000000 4.955395 1.470453 2.959029
 6783.000000 4.982366 1.493929 2.928869
 6786.000000 4.986548 1.495180 2.952530
 6789.000000 5.059028 1.508791 2.927222
 6792.000000 5.084081 1.524751 2.937543
 6795.000000 5.083984 1.535692 2.924478
 6798.000000 5.083738 1.557436 2.914375
 6801.000000 5.050878 1.537978 2.902252
 6804.000000 5.035268 1.516340 2.971424
 6807.000000 5.097112 1.514642 2.972620
 6810.000000 5.067872 1.504273 2.984251
 6813.000000 5.092152 1.515170 2.974080
 6816.000000 5.102965 1.513296 2.951832
 6819.000000 5.029994 1.516824 2.953939
 6822.000000 4.912027 1.517663 2.963424
 6825.000000 4.949993 1.508695 2.965855
 6828.000000 4.830520 1.512905 2.961073
 6831.000000 4.819968 1.524197 2.925527
 6834.000000 4.849000 1.500743 2.937952
 6837.000000 4.900765 1.505431 2.951708
 6840.000000 4.917653 1.511299 2.973380
 6843.000000 4.929804 1.546425 2.924777
 6846.000000 4.952800 1.514982 2.983466
 6849.000000 4.886705 1.533270 2.968001
 6852.000000 4.910749 1.514305 2.998331
 6855.000000 4.843566 1.523948 2.987881
 6858.000000 4.918499 1.536460 2.948823
 6861.000000 4.869014 1.574318 2.919673
 6864.000000 4.899551 1.533018 2.948195
 6867.000000 4.819308 1.545467 2.936562
 6870.000000 4.890979 1.505856 2.971422
 6873.000000 4.845136 1.523623 2.929697
 6876.000000 4.867382 1.517821 2.950782
 6879.000000 4.872401 1.512898 2.953563
 6882.000000 4.864826 1.535738 2.946488
 6885.000000 4.908396 1.525175 2.944873
 6888.000000 4.851597 1.504441 2.986725
 6891.000000 4.874353 1.548237 2.968173
 6894.000000 4.934452 1.550995 2.961960
 6897.000000 4.942913 1.520222 2.976531
 6900.000000 4.919123 1.535207 2.977193
 6903.000000 4.980501 1.524021 3.021703
 6906.000000 4.904826 1.521156 3.010297
 6909.000000 4.851549 1.499959 3.001980
 6912.000000 4.855574 1.525199 2.976854
 6915.000000 4.873300 1.526813 2.993510
 6918.000000 4.783412 1.499488 2.994068
 6921.000000 4.893501 1.495794 2.953515
 6924.000000 4.875921 1.479928 2.963841
 6927.000000 4.915293 1.497281 2.922364
 6930.000000 4.996827 1.503988 2.957787
 6933.000000 4.892890 1.486896 2.978294
 6936.000000 4.910141 1.520379 2.966038
 6939.000000 4.981953 1.510649 2.954658
 6942.000000 5.048847 1.515265 2.960179
 6945.000000 5.014968 1.530349 2.965275
 6948.000000 4.964965 1.495286 2.989114
 6951.000000 5.052581 1.509558 2.967732
 6954.000000 5.011892 1.508479 3.018537
 6957.000000 4.992802 1.547050 2.959702
 6960.000000 5.069884 1.530372 2.963364
 6963.000000 5.074682 1.555941 2.940882
 6966.000000 5.074313 1.552222 2.970997
 6969.000000 5.047921 1.581558 2.944689
 6972.000000 4.989912 1.531492 2.960411
 6975.000000 5.033646 1.544665 2.946461
 6978.000000 5.015614 1.539795 3.014558
 6981.000000 5.051846 1.556718 2.965631
 6984.000000 5.089506 1.566546 2.944357
 6987.000000 5.047437 1.581255 2.929333
 6990.000000 4.977692 1.573359 2.979147
 6993.000000 4.974529 1.595543 2.921432
 6996.000000 5.040257 1.598031 2.952212
 6999.000000 5.070639 1.614568 2.956215
 7002.000000 4.921887 1.571973 2.980365
 7005.000000 4.919260 1.577936 2.966415
 7008.000000 4.940739 1.565771 2.971279
 7011.000000 4.972612 1.599298 2.948345
 7014.000000 4.932553 1.561989 2.969752
 7017.000000 4.920654 1.540033 2.998318
 7020.000000 4.936810 1.544483 2.993987
 7023.000000 4.827543 1.558158 2.965022
 7026.000000 4.826286 1.567139 3.015448
 7029.000000 4.905136 1.590438 2.986940
 7032.000000 4.926211 1.583646 2.985727
 7035.000000 4.904812 1.586867 2.988127
 7038.000000 4.889234 1.559416 2.996403
 7041.000000 4.925324 1.602837 2.980202
 7044.000000 4.904860 1.593076 2.981123
 7047.000000 4.845282 1.571286 2.979609
 7050.000000 4.898194 1.555459 2.997379
 7053.000000 4.912743 1.587639 2.965934
 7056.000000 4.841230 1.549721 2.958867
 7059.000000 4.808664 1.550937 2.950130
 7062.000000 4.768136 1.516542 2.985050
 7065.000000 4.699744 1.531814 2.988827
 7068.000000 4.812698 1.532564 2.966128
 7071.000000 4.772957 1.538431 2.985118
 7074.000000 4.762575 1.532752 2.988028
 7077.000000 4.765747 1.517392 2.985659
 7080.000000 4.759121 1.525417 2.955492
 7083.000000 4.758569 1.491312 3.024088
 7086.000000 4.677833 1.516034 2.964427
 7089.000000 4.761222 1.513141 2.936840
 7092.000000 4.838175 1.510230 2.916142
 7095.000000 4.891116 1.509636 2.930193
 7098.000000 4.917751 1.490659 2.944420
 7101.000000 4.983055 1.519711 2.909047
 7104.000000 4.975643 1.530889 2.887658
 7107.000000 4.939092 1.533096 2.917922
 7110.000000 4.936219 1.547633 2.897552
 7113.000000 4.992139 1.566768 2.898104
 7116.000000 4.975932 1.541835 2.916628
 7119.000000 5.022362 1.545672 2.915675
 7122.000000 4.940650 1.546859 2.896495
 7125.000000 4.943869 1.556081 2.934191
 7128.000000 4.942651 1.522489 2.919988
 7131.000000 4.931925 1.529127 2.913804
 7134.000000 4.958368 1.521459 2.927354
 7137.000000 4.953546 1.528797 2.926646
 7140.000000 5.036460 1.528397 2.936851
 7143.000000 5.029215 1.533529 2.929120
 7146.000000 5.031981 1.535566 2.906761
 7149.000000 5.024892 1.522191 2.905359
 7152.000000 4.977955 1.533819 2.909226
 7155.000000 5.081371 1.508444 2.938577
 7158.000000 5.062116 1.544435 2.923786
 7161.000000 5.045687 1.536535 2.933869
 7164.000000 5.080257 1.554506 2.919892
 7167.000000 5.114099 1.576491 2.897297
 7170.000000 5.135231 1.558963 2.965496
 7173.000000 5.121611 1.533632 2.983460
 7176.000000 5.100575 1.545498 2.953719
 7179.000000 5.093166 1.551464 2.955103
 7182.000000 5.027959 1.557470 2.953681
 7185.000000 4.978652 1.549842 2.968087
 7188.000000 4.927361 1.512047 3.013504
 7191.000000 4.944117 1.528243 2.989009
 7194.000000 4.982960 1.545196 2.965337
 7197.000000 4.894522 1.548577 2.941603
 7200.000000 4.932732 1.524277 2.951816
 7203.000000 4.859300 1.498953 2.962914
 7206.000000 4.819861 1.536916 2.944609
 7209.000000 4.689114 1.537925 2.965303
 7212.000000 4.713692 1.537299 2.996116
 7215.000000 4.632580 1.516023 3.006158
 7218.000000 4.640793 1.522075 2.988164
 7221.000000 4.673879 1.554120 2.938197
 7224.000000 4.694466 1.546327 2.979953
 7227.000000 4.881208 1.567231 2.950240
 7230.000000 4.867364 1.539978 2.983197
 7233.000000 4.918527 1.545060 2.934408
 7236.000000 4.966744 1.544379 2.944399
 7239.000000 4.948153 1.520946 2.966495
 7242.000000 4.894972 1.517555 2.973708
 7245.000000 4.905007 1.549342 2.933481
 7248.000000 4.925711 1.530861 2.930556
 7251.000000 4.950045 1.537834 2.933668
 7254.000000 5.027864 1.542520 2.908650
 7257.000000 5.010759 1.533698 2.933543
 7260.000000 5.028676 1.550802 2.910525
 7263.000000 4.940023 1.548483 2.906482
 7266.000000 4.984113 1.517835 2.926329
 7269.000000 4.983292 1.528657 2.880024
 7272.000000 4.955896 1.487225 2.913415
 7275.000000 4.936365 1.480888 2.956732
 7278.000000 4.902501 1.526626 2.910416
 7281.000000 4.854076 1.511122 2.936451
 7284.000000 4.882230 1.519375 2.960982
 7287.000000 4.897876 1.523547 2.934221
 7290.000000 4.954733 1.557952 2.878714
 7293.000000 4.956219 1.506952 2.927085
 7296.000000 4.860128 1.526102 2.938368
 7299.000000 4.799242 1.547001 2.930743
 7302.000000 4.814447 1.523926 2.948840
 7305.000000 4.862805 1.518389 2.985854
 7308.000000 4.875846 1.536283 2.951246
 7311.000000 4.958018 1.539068 2.993887
 7314.000000 4.889545 1.488147 3.007521
 7317.000000 4.938533 1.520571 3.001242
 7320.000000 4.957462 1.518985 2.955521
 7323.000000 4.984857 1.547696 2.924320
 7326.000000 5.020112 1.526026 2.931629
 7329.000000 4.998106 1.549455 2.906085
 7332.000000 5.032018 1.529719 2.929433
 7335.000000 5.009718 1.534362 2.946219
 7338.000000 5.029839 1.552116 2.948437
 7341.000000 5.051009 1.499489 2.982237
 7344.000000 5.019310 1.537724 2.989990
 7347.000000 4.986607 1.530836 2.992063
 7350.000000 4.974926 1.525699 2.993406
 7353.000000 4.936965 1.510975 3.011421
 7356.000000 4.972782 1.508184 3.006716
 7359.000000 4.883816 1.455831 2.996769
 7362.000000 4.899182 1.452018 2.995838
 7365.000000 4.902831 1.481384 2.947552
 7368.000000 4.921565 1.499870 2.960993
 7371.000000 4.948804 1.489545 2.956185
 7374.000000 4.996446 1.470033 2.952174
 7377.000000 5.000401 1.468832 2.938996
 7380.000000 4.992942 1.473455 2.950747
 7383.000000 4.980342 1.490790 2.949825
 7386.000000 4.933326 1.485761 2.943646
 7389.000000 4.980199 1.481232 2.967436
 7392.000000 4.972077 1.474215 2.976408
 7395.000000 4.964542 1.507708 2.970161
 7398.000000 4.983956 1.494790 2.974920
 7401.000000 5.002822 1.514318 2.941387
 7404.000000 5.014167 1.518705 2.935243
 7407.000000 5.024456 1.527425 2.943249
 7410.000000 4.980338 1.525651 2.975862
 7413.000000 4.955764 1.527524 2.939215
 7416.000000 4.929973 1.517801 2.966649
 7419.000000 4.923839 1.522770 2.963537
 7422.000000 5.023206 1.542428 2.954483
 7425.000000 5.043420 1.522532 2.981944
 7428.000000 5.044585 1.564076 2.951802
 7431.000000 4.982762 1.538153 2.957983
 7434.000000 5.008898 1.532902 2.951346
 7437.000000 5.010620 1.539832 2.961249
 7440.000000 5.023596 1.536819 2.968067
 7443.000000 4.997724 1.547517 2.953409
 7446.000000 5.007949 1.547962 2.980313
 7449.000000 5.046809 1.558507 2.963577
 7452.000000 5.021974 1.561349 2.961904
 7455.000000 5.012113 1.547847 2.939370
 7458.000000 5.025497 1.552333 2.954635
 7461.000000 5.009353 1.579313 2.923584
 7464.000000 5.107809 1.578655 2.951558
 7467.000000 5.083396 1.580933 2.946806
 7470.000000 5.100831 1.570777 2.924449
 7473.000000 5.010401 1.546278 2.964267
 7476.000000 5.045340 1.544693 2.961831
 7479.000000 5.010410 1.554779 2.934533
 7482.000000 4.963934 1.549076 2.972530
 7485.000000 4.908371 1.546464 2.956969
 7488.000000 4.955150 1.581153 2.939018
 7491.000000 4.907882 1.563593 2.920517
 7494.000000 4.994167 1.570170 2.920616
 7497.000000 5.013334 1.599037 2.917914
 7500.000000 4.949727 1.599570 2.923979
 7503.000000 4.911712 1.579733 2.988664
 7506.000000 4.952367 1.570083 2.971890
 7509.000000 4.924296 1.586972 2.965665
 7512.000000 4.955299 1.578623 2.995936
 7515.000000 4.975922 1.562862 2.966589
 7518.000000 4.926902 1.554339 2.958118
 7521.000000 4.948368 1.542421 2.963375
 7524.000000 4.974974 1.558896 2.950407
 7527.000000 5.032755 1.558196 2.950663
 7530.000000 4.938249 1.582114 2.928263
 7533.000000 4.934967 1.531705 2.980612
 7536.000000 4.945309 1.547744 2.945530
 7539.000000 4.996886 1.567678 2.919347
 7542.000000 5.010482 1.536792 2.950710
 7545.000000 5.041565 1.529512 2.973583
 7548.000000 5.073600 1.518545 2.995219
 7551.000000 5.177433 1.522604 2.968944
 7554.000000 5.146819 1.500125 2.961062
 7557.000000 5.164001 1.489720 2.987754
 7560.000000 5.161645 1.509973 2.988592
 7563.000000 5.164378 1.497883 2.994892
 7566.000000 5.181246 1.492463 3.008810
 7569.000000 5.163170 1.492396 2.988061
 7572.000000 5.084153 1.504089 2.935933
 7575.000000 4.993524 1.478449 2.955546
 7578.000000 5.099526 1.491082 2.971310
 7581.000000 5.062327 1.495472 2.978933
 7584.000000 5.149915 1.494600 3.002771
 7587.000000 5.133309 1.528057 2.959099
 7590.000000 5.147571 1.536498 2.938962
 7593.000000 5.093691 1.511307 2.957964
 7596.000000 5.045239 1.500721 2.951057
 7599.000000 5.062347 1.513253 2.909532
 7602.000000 5.027594 1.515668 2.926282
 7605.000000 4.966208 1.492762 2.940790
 7608.000000 4.970048 1.490538 2.950194
 7611.000000 5.056212 1.518218 2.945453
 7614.000000 5.011876 1.500224 2.951715
 7617.000000 4.971719 1.502866 2.941897
 7620.000000 4.907839 1.491556 2.954141
 7623.000000 4.971269 1.496311 2.946325
 7626.000000 4.950468 1.501996 2.952010
 7629.000000 5.001461 1.511495 2.914627
 7632.000000 5.025821 1.536284 2.885047
 7635.000000 5.032222 1.556215 2.866849
 7638.000000 5.028205 1.528887 2.931879
 7641.000000 5.000313 1.525358 2.901773
 7644.000000 5.077980 1.552411 2.911495
 7647.000000 5.108815 1.532394 2.920025
 7650.000000 5.029613 1.534924 2.898905
 7653.000000 5.017982 1.540583 2.887857
 7656.000000 4.966673 1.522058 2.884339
 7659.000000 4.942793 1.504094 2.938105
 7662.000000 4.994390 1.533407 2.944176
 7665.000000 5.047474 1.553371 2.928040
 7668.000000 5.019347 1.536372 2.970606
 7671.000000 5.011772 1.539912 2.960409
 7674.000000 5.051111 1.543706 2.955428
 7677.000000 5.045450 1.531941 2.930111
 7680.000000 4.930975 1.553551 2.921906
 7683.000000 4.955869 1.549534 2.945285
 7686.000000 4.947879 1.552204 2.956890
 7689.000000 4.961893 1.545635 2.924108
 7692.000000 5.061063 1.548719 2.908478
 7695.000000 5.077123 1.545718 2.907951
 7698.000000 5.069312 1.568467 2.885334
 7701.000000 4.972413 1.533419 2.890359
 7704.000000 5.006806 1.546232 2.903584
 7707.000000 4.910256 1.532916 2.904220
 7710.000000 4.964627 1.521238 2.953340
 7713.000000 4.920808 1.516333 2.943376
 7716.000000 4.930683 1.520477 2.964119
 7719.000000 4.881776 1.532377 2.980756
 7722.000000 4.922942 1.538889 2.962799
 7725.000000 4.923978 1.553479 2.934181
 7728.000000 4.880852 1.518633 2.934074
 7731.000000 4.891362 1.529222 2.925042
 7734.000000 4.940685 1.523251 2.892079
 7737.000000 4.955810 1.523798 2.921679
 7740.000000 4.918908 1.514597 2.921689
 7743.000000 4.948054 1.520877 2.959384
 7746.000000 4.938886 1.581129 2.901644
 7749.000000 4.860358 1.539861 2.936686
 7752.000000 4.874889 1.553778 2.939493
 7755.000000 4.903294 1.550003 2.918035
 7758.000000 4.848469 1.520905 2.940586
 7761.000000 4.902029 1.535872 2.940571
 7764.000000 4.932137 1.502897 2.991121
 7767.000000 4.897803 1.524586 2.921667
 7770.000000 4.916486 1.530846 2.947084
 7773.000000 4.919573 1.519308 2.961944
 7776.000000 4.933604 1.523884 2.959711
 7779.000000 4.909193 1.507338 2.942949
 7782.000000 4.964815 1.506267 2.975170
 7785.000000 4.879418 1.499232 2.955774
 7788.000000 4.912824 1.530245 2.920485
 7791.000000 4.903604 1.528430 2.926460
 7794.000000 4.869996 1.542069 2.922704
 7797.000000 4.857608 1.505435 2.915193
 7800.000000 4.798245 1.487424 2.945626
 7803.000000 4.788184 1.486551 2.947465
 7806.000000 4.855828 1.480758 3.006024
 7809.000000 4.811519 1.486299 3.014791
 7812.000000 4.782436 1.499556 2.988677
 7815.000000 4.875715 1.538077 2.957292
 7818.000000 4.875211 1.530611 2.943396
 7821.000000 4.956843 1.523499 2.986201
 7824.000000 4.990157 1.528122 2.935155
 7827.000000 4.866735 1.521163 2.917172
 7830.000000 4.833159 1.507271 2.921717
 7833.000000 4.780008 1.515766 2.882325
 7836.000000 4.852386 1.536907 2.922052
 7839.000000 4.856445 1.521821 2.937230
 7842.000000 4.912987 1.502492 2.948206
 7845.000000 4.982331 1.490719 2.955982
 7848.000000 4.952725 1.485173 2.951406
 7851.000000 4.988741 1.484626 2.947270
 7854.000000 5.029798 1.484899 2.961912
 7857.000000 5.088664 1.501566 2.957192
 7860.000000 5.113455 1.510136 2.950583
 7863.000000 5.093290 1.543405 2.963191
 7866.000000 5.044077 1.540865 2.953581
 7869.000000 4.950546 1.498356 2.988166
 7872.000000 5.081600 1.524081 2.965370
 7875.000000 5.078814 1.509250 2.990650
 7878.000000 5.088337 1.540797 2.940443
 7881.000000 5.083608 1.507781 2.985051
 7884.000000 5.017271 1.505351 2.978300
 7887.000000 5.024183 1.511746 2.978656
 7890.000000 5.016671 1.513997 2.951279
 7893.000000 5.027028 1.529452 2.949502
 7896.000000 4.977335 1.523457 2.964094
 7899.000000 4.923716 1.534738 2.956000
 7902.000000 4.999690 1.504960 2.988299
 7905.000000 4.986101 1.492684 2.962548
 7908.000000 4.963855 1.488631 2.938143
 7911.000000 4.914756 1.486282 2.936650
 7914.000000 4.929061 1.500316 2.936907
 7917.000000 5.038859 1.493112 2.929930
 7920.000000 5.088066 1.475493 2.975673
 7923.000000 5.081728 1.495864 2.942903
 7926.000000 5.019770 1.470443 2.961204
 7929.000000 5.072588 1.480073 2.934043
 7932.000000 5.042217 1.492521 2.934346
 7935.000000 5.035040 1.490037 2.917677
 7938.000000 5.078536 1.489453 2.890921
 7941.000000 4.963995 1.476153 2.915505
 7944.000000 4.953231 1.484004 2.923220
 7947.000000 4.940679 1.475028 2.976106
 7950.000000 4.981949 1.519167 2.909677
 7953.000000 4.992799 1.520446 2.915855
 7956.000000 4.978911 1.519614 2.894681
 7959.000000 5.030019 1.502473 2.930171
 7962.000000 5.014967 1.525748 2.906360
 7965.000000 5.088541 1.490843 2.959722
 7968.000000 5.038803 1.524280 2.917393
 7971.000000 5.069208 1.516437 2.934960
 7974.000000 5.126237 1.559614 2.906474
 7977.000000 5.089777 1.547718 2.916168
 7980.000000 5.088482 1.561372 2.895222
 7983.000000 5.095031 1.560559 2.902280
 7986.000000 5.019859 1.531768 2.904524
 7989.000000 5.083998 1.570225 2.898042
 7992.000000 5.028867 1.554724 2.884981
 7995.000000 5.047739 1.541498 2.894034
 7998.000000 5.067530 1.520137 2.949414
 8001.000000 5.049284 1.543721 2.938855
 8004.000000 4.957255 1.531313 2.938465
 8007.000000 4.921249 1.524172 2.966475
 8010.000000 4.951192 1.578689 2.920165
 8013.000000 5.023089 1.570848 2.932984
 8016.000000 4.961417 1.551628 2.956718
 8019.000000 4.936708 1.553680 2.951374
 8022.000000 5.014893 1.553472 2.945130
 8025.000000 4.958918 1.531226 2.976884
 8028.000000 4.998421 1.541293 2.955512
 8031.000000 4.990249 1.536197 2.923691
 8034.000000 4.968853 1.560551 2.953531
 8037.000000 4.888174 1.514242 2.999495
 8040.000000 4.900577 1.508317 2.958616
 8043.000000 4.901192 1.532539 2.962073
 8046.000000 4.914347 1.523576 2.949237
 8049.000000 4.926760 1.507141 2.985477
 8052.000000 4.929159 1.512060 2.988819
 8055.000000 5.037195 1.526979 2.977000
 8058.000000 4.953756 1.545268 2.944237
 8061.000000 5.049388 1.520781 2.991949
 8064.000000 4.998993 1.531769 2.991521
 8067.000000 5.011097 1.518024 2.996528
 8070.000000 4.986648 1.526226 2.946022
 8073.000000 5.001275 1.509341 2.965839
 8076.000000 4.936535 1.497880 2.941908
 8079.000000 4.935452 1.498196 2.949965
 8082.000000 4.950102 1.514237 2.914108
 8085.000000 4.975941 1.536021 2.898510
 8088.000000 4.931227 1.556553 2.883532
 8091.000000 4.926588 1.540616 2.921815
 8094.000000 4.904279 1.538751 2.896554
 8097.000000 5.049293 1.559034 2.899707
 8100.000000 5.021949 1.526653 2.942866
 8103.000000 5.006859 1.530391 2.915953
 8106.000000 5.004727 1.502781 2.936077
 8109.000000 5.055908 1.541742 2.919520
 8112.000000 5.062468 1.512405 2.938908
 8115.000000 5.112345 1.508071 2.893204
 8118.000000 5.067653 1.502691 2.930999
 8121.000000 4.955346 1.519337 2.886385
 8124.000000 4.949083 1.514017 2.889081
 8127.000000 4.974992 1.499037 2.900273
 8130.000000 5.006214 1.502599 2.907278
 8133.000000 5.002803 1.510241 2.914928
 8136.000000 5.118006 1.531229 2.883261
 8139.000000 5.102266 1.497747 2.935750
 8142.000000 5.042598 1.485974 2.925785
 8145.000000 5.080133 1.491328 2.906085
 8148.000000 5.110293 1.497055 2.900160
 8151.000000 5.162854 1.491920 2.898034
 8154.000000 5.093383 1.508955 2.871970
 8157.000000 5.043587 1.479930 2.907071
 8160.000000 5.085915 1.484891 2.907196
 8163.000000 5.004653 1.518403 2.878689
 8166.000000 5.058036 1.489531 2.893073
 8169.000000 5.060799 1.497044 2.892773
 8172.000000 5.034962 1.501895 2.936894
 8175.000000 5.023703 1.513157 2.914831
 8178.000000 4.989479 1.543768 2.879761
 8181.000000 4.929069 1.548166 2.900063
 8184.000000 4.908224 1.528151 2.886001
 8187.000000 4.902440 1.527569 2.934074
 8190.000000 4.814257 1.521413 2.916666
 8193.000000 4.829986 1.528245 2.929214
 8196.000000 4.864441 1.520805 2.963632
 8199.000000 4.872368 1.523630 2.951233
 8202.000000 4.794148 1.540627 2.952298
 8205.000000 4.939682 1.531454 2.987408
 8208.000000 4.910739 1.533653 2.996915
 8211.000000 4.885772 1.522707 3.013452
 8214.000000 4.861033 1.564955 2.941177
 8217.000000 4.831425 1.540202 2.969851
 8220.000000 4.895097 1.562391 2.947194
 8223.000000 4.905387 1.557948 2.957455
 8226.000000 4.791842 1.529843 2.964077
 8229.000000 4.794626 1.496712 2.985138
 8232.000000 4.782437 1.522765 2.950858
 8235.000000 4.718135 1.489114 2.989590
 8238.000000 4.795059 1.499082 2.957034
 8241.000000 4.750626 1.465532 2.965215
 8244.000000 4.740838 1.492227 2.942094
 8247.000000 4.772188 1.502350 2.955463
 8250.000000 4.806462 1.504027 2.969452
 8253.000000 4.828289 1.491014 2.967158
 8256.000000 4.918473 1.489521 2.964913
 8259.000000 4.968208 1.486323 2.984213
 8262.000000 4.979511 1.487378 2.980996
 8265.000000 4.968617 1.481739 2.938361
 8268.000000 4.980671 1.492202 2.954368
 8271.000000 5.069768 1.507831 2.962879
 8274.000000 5.147615 1.487977 2.988401
 8277.000000 5.109626 1.501899 2.954493
 8280.000000 5.169535 1.495006 2.917180
 8283.000000 5.186770 1.492464 2.949606
 8286.000000 5.203644 1.470969 2.975916
 8289.000000 5.123922 1.493144 2.952541
 8292.000000 5.172617 1.509099 2.966113
 8295.000000 5.055147 1.464871 2.974376
 8298.000000 5.026510 1.491070 2.972236
 8301.000000 5.054809 1.471589 3.001968
 8304.000000 5.097983 1.500197 2.997946
 8307.000000 5.049496 1.526002 2.965313
 8310.000000 4.978703 1.508796 2.963740
 8313.000000 4.940949 1.502558 2.991779
 8316.000000 4.960751 1.532184 2.973092
 8319.000000 4.859988 1.527271 2.995541
 8322.000000 4.850863 1.496755 3.026108
 8325.000000 4.838172 1.504225 3.007659
 8328.000000 4.911829 1.503812 2.977717
 8331.000000 4.841399 1.492818 2.968413
 8334.000000 4.899126 1.484317 2.961796
 8337.000000 4.844734 1.504261 2.942968
 8340.000000 4.890082 1.492216 2.960909
 8343.000000 4.917770 1.496004 2.928759
 8346.000000 4.923574 1.487746 2.948815
 8349.000000 4.860419 1.521028 2.913526
 8352.000000 4.905042 1.489251 2.902571
 8355.000000 4.969401 1.505582 2.896335
 8358.000000 5.017673 1.490659 2.923120
 8361.000000 5.004732 1.508506 2.911989
 8364.000000 5.025292 1.491419 2.934675
 8367.000000 5.035012 1.521895 2.943718
 8370.000000 4.929987 1.482451 2.945084
 8373.000000 4.951416 1.508133 2.911113
 8376.000000 4.983825 1.507564 2.926665
 8379.000000 5.000981 1.498432 2.958344
 8382.000000 4.963735 1.504866 2.952651
 8385.000000 4.941338 1.492335 2.963006
 8388.000000 4.943592 1.512869 2.941755
 8391.000000 4.986583 1.514515 2.942873
 8394.000000 5.024959 1.517898 2.922942
 8397.000000 5.011165 1.521706 2.930822
 8400.000000 5.085255 1.539485 2.934881
 8403.000000 4.995065 1.505897 2.936321
 8406.000000 5.033270 1.487586 2.919306
 8409.000000 5.038304 1.481648 2.922628
 8412.000000 4.984367 1.468326 2.957087
 8415.000000 5.022385 1.486565 2.962021
 8418.000000 5.019100 1.496101 2.960692
 8421.000000 4.994599 1.468267 2.965176
 8424.000000 5.068900 1.507161 2.961752
 8427.000000 4.936704 1.483430 2.981041
 8430.000000 4.997886 1.493082 2.975106
 8433.000000 4.943716 1.471911 2.974049
 8436.000000 4.989493 1.497048 2.980232
 8439.000000 4.996074 1.514803 2.967184
 8442.000000 4.936214 1.495996 2.997382
 8445.000000 4.958268 1.519025 2.964714
 8448.000000 4.981999 1.536972 2.946334
 8451.000000 4.857575 1.527176 2.945591
 8454.000000 4.860673 1.504788 2.976292
 8457.000000 4.806055 1.487333 2.975017
 8460.000000 4.864705 1.501101 2.976840
 8463.000000 4.841676 1.481223 2.971449
 8466.000000 4.864664 1.485273 2.971090
 8469.000000 4.844377 1.473616 2.994011
 8472.000000 4.860223 1.467110 2.969998
 8475.000000 4.837599 1.488807 2.984324
 8478.000000 4.892357 1.524963 2.988071
 8481.000000 4.931365 1.525497 2.988334
 8484.000000 4.958584 1.517613 3.010546
 8487.000000 4.917129 1.509322 3.017522
 8490.000000 4.949719 1.526586 2.977127
 8493.000000 5.003765 1.544834 2.991045
 8496.000000 5.076531 1.558191 2.969568
 8499.000000 5.048393 1.533822 2.978827
 8502.000000 5.023114 1.532271 2.967425
 8505.000000 5.036516 1.545469 2.940108
 8508.000000 5.038077 1.564475 2.935069
 8511.000000 4.977577 1.563274 2.918117
 8514.000000 5.043791 1.549751 2.938070
 8517.000000 4.958484 1.558450 2.935587
 8520.000000 4.976668 1.537534 2.934375
 8523.000000 4.948777 1.501204 2.967339
 8526.000000 4.919293 1.526382 2.925317
 8529.000000 4.950100 1.508917 2.949994
 8532.000000 4.966467 1.514750 2.919097
 8535.000000 4.937276 1.514635 2.916430
 8538.000000 4.951010 1.536655 2.942111
 8541.000000 4.940473 1.526695 2.926298
 8544.000000 4.909846 1.531881 2.910449
 8547.000000 4.773921 1.531253 2.925851
 8550.000000 4.845106 1.547478 2.926944
 8553.000000 4.866374 1.544050 2.933397
 8556.000000 4.852638 1.545123 2.929095
 8559.000000 4.884409 1.557555 2.896406
 8562.000000 4.952619 1.553680 2.902012
 8565.000000 5.022487 1.550446 2.912575
 8568.000000 4.946827 1.517982 2.929630
 8571.000000 4.952647 1.523564 2.941608
 8574.000000 4.898197 1.516966 2.943190
 8577.000000 4.879740 1.543180 2.898351
 8580.000000 4.809060 1.545687 2.919940
 8583.000000 4.797193 1.522534 2.919121
 8586.000000 4.745486 1.500692 2.929994
 8589.000000 4.810065 1.525676 2.909293
 8592.000000 4.938591 1.512604 2.903114
 8595.000000 4.897172 1.513296 2.928879
 8598.000000 4.880690 1.509235 2.915481
 8601.000000 4.814788 1.506097 2.925207
 8604.000000 4.868555 1.517308 2.914130
 8607.000000 4.866259 1.491220 2.907175
 8610.000000 4.849703 1.490213 2.913553
 8613.000000 4.906777 1.513673 2.902668
 8616.000000 4.917973 1.536567 2.894935
 8619.000000 4.934577 1.518898 2.891164
 8622.000000 5.022828 1.555284 2.880858
 8625.000000 5.078623 1.525881 2.906826
 8628.000000 5.061489 1.505486 2.922458
 8631.000000 5.124575 1.531177 2.908271
 8634.000000 5.029421 1.515572 2.937893
 8637.000000 4.952915 1.501021 2.972181
 8640.000000 4.952087 1.526278 2.972397
 8643.000000 4.845635 1.521368 2.952716
 8646.000000 4.849089 1.529706 2.934914
 8649.000000 4.837723 1.532029 2.911412
 8652.000000 4.833387 1.500082 2.939347
 8655.000000 4.852928 1.516892 2.957272
 8658.000000 4.878369 1.505226 2.906804
 8661.000000 4.977962 1.506946 2.910668
 8664.000000 5.008815 1.484877 2.966224
 8667.000000 5.010862 1.524640 2.929514
 8670.000000 4.984481 1.492883 2.928117
 8673.000000 5.008675 1.520389 2.906681
 8676.000000 5.011239 1.530156 2.879022
 8679.000000 4.992923 1.520070 2.924514
 8682.000000 5.018085 1.519172 2.913403
 8685.000000 5.128512 1.522150 2.895152
 8688.000000 5.052122 1.513631 2.941755
 8691.000000 5.006765 1.504432 2.938996
 8694.000000 5.021971 1.499642 2.973392
 8697.000000 5.022253 1.516682 2.966993
 8700.000000 4.991914 1.484485 2.963329
 8703.000000 4.985623 1.518923 2.972716
 8706.000000 4.973439 1.526397 2.929567
 8709.000000 4.973620 1.511944 2.980465
 8712.000000 5.021683 1.514336 2.968489
 8715.000000 4.969287 1.499530 2.963040
 8718.000000 4.963047 1.478829 2.978782
 8721.000000 4.886478 1.515262 2.955319
 8724.000000 4.892525 1.527077 2.940913
 8727.000000 4.983884 1.524889 2.951858
 8730.000000 4.967159 1.554281 2.921306
 8733.000000 4.895282 1.496199 3.005916
 8736.000000 4.941258 1.552285 2.956724
 8739.000000 4.937255 1.529920 2.943183
 8742.000000 5.034669 1.538257 2.936218
 8745.000000 4.961240 1.508483 2.919295
 8748.000000 4.971599 1.509962 2.958470
 8751.000000 4.984144 1.513951 2.919689
 8754.000000 4.989076 1.519750 2.910699
 8757.000000 5.002572 1.556091 2.905222
 8760.000000 5.041193 1.554025 2.929704
 8763.000000 4.965200 1.544178 2.928115
 8766.000000 4.944800 1.536375 2.933271
 8769.000000 4.991023 1.544373 2.924239
 8772.000000 4.879011 1.549439 2.922143
 8775.000000 4.955904 1.541794 2.927479
 8778.000000 4.945342 1.529395 2.956146
 8781.000000 4.976667 1.552706 2.926492
 8784.000000 4.929308 1.538186 2.892214
 8787.000000 5.030144 1.533215 2.941607
 8790.000000 5.025252 1.543503 2.938938
 8793.000000 4.934004 1.546757 2.953609
 8796.000000 4.882087 1.545701 2.945773
 8799.000000 4.926723 1.540796 2.977667
 8802.000000 4.923429 1.555765 2.954956
 8805.000000 5.023046 1.547186 2.974117
 8808.000000 5.058152 1.523177 2.974754
 8811.000000 5.005466 1.559345 2.967797
 8814.000000 4.967534 1.504116 2.985414
 8817.000000 4.968823 1.545608 2.969690
 8820.000000 4.989711 1.537877 2.987149
 8823.000000 4.942802 1.551301 2.943166
 8826.000000 4.940842 1.503373 2.993757
 8829.000000 4.900344 1.491818 2.980877
 8832.000000 5.012405 1.483363 3.011576
 8835.000000 4.954061 1.507607 2.978485
 8838.000000 5.019030 1.543374 2.997457
 8841.000000 5.096041 1.531588 2.972927
 8844.000000 5.075180 1.539534 2.952133
 8847.000000 5.041061 1.533406 2.952274
 8850.000000 5.103961 1.555678 2.942077
 8853.000000 5.142415 1.539373 2.974480
 8856.000000 5.092534 1.541844 2.946816
 8859.000000 5.009507 1.548297 2.959885
 8862.000000 5.025634 1.532864 2.962493
 8865.000000 5.040651 1.498041 2.995894
 8868.000000 5.079807 1.524258 2.982079
 8871.000000 5.177138 1.536416 2.931808
 8874.000000 5.149006 1.568443 2.904239
 8877.000000 5.134724 1.593812 2.874442
 8880.000000 5.175985 1.566657 2.940975
 8883.000000 5.141203 1.594250 2.918716
 8886.000000 5.181312 1.595409 2.912829
 8889.000000 5.166645 1.588718 2.918502
 8892.000000 5.165366 1.588226 2.895856
 8895.000000 5.106411 1.575392 2.896960
 8898.000000 5.114075 1.580503 2.899145
 8901.000000 5.116165 1.557456 2.924230
 8904.000000 5.128206 1.583535 2.902394
 8907.000000 5.174991 1.569322 2.951969
 8910.000000 5.091856 1.543748 2.928900
 8913.000000 5.060907 1.522140 2.953551
 8916.000000 4.986899 1.519254 2.931520
 8919.000000 5.058074 1.514357 2.961070
 8922.000000 5.006967 1.498583 2.963581
 8925.000000 5.008405 1.511603 2.967300
 8928.000000 5.038888 1.518303 2.971686
 8931.000000 5.031938 1.532947 2.943724
 8934.000000 5.043943 1.530731 2.934117
 8937.000000 5.033052 1.520798 2.922311
 8940.000000 5.084433 1.562608 2.908615
 8943.000000 4.930671 1.555034 2.903400
 8946.000000 5.039595 1.547778 2.919568
 8949.000000 5.026636 1.550540 2.904834
 8952.000000 5.013901 1.566345 2.888930
 8955.000000 5.071133 1.539963 2.937721
 8958.000000 5.068466 1.523493 2.937015
 8961.000000 5.089608 1.532778 2.930305
 8964.000000 5.156787 1.526548 2.967164
 8967.000000 5.099359 1.523548 2.964574
 8970.000000 5.102930 1.548466 2.921041
 8973.000000 5.089207 1.538995 2.972475
 8976.000000 5.078987 1.522162 2.979225
 8979.000000 5.063415 1.541654 2.984565
 8982.000000 5.067777 1.520252 2.979652
 8985.000000 5.141811 1.513343 2.991671
 8988.000000 5.157227 1.544252 2.981555
 8991.000000 5.109292 1.530898 2.978368
 8994.000000 5.128717 1.542864 2.955139
 8997.000000 5.127949 1.571107 2.917312
 9000.000000 5.089057 1.549630 2.924321
 9003.000000 5.064132 1.530843 2.957941
 9006.000000 5.048216 1.529523 2.960243
 9009.000000 5.119273 1.552049 2.963880
 9012.000000 5.089663 1.542844 2.940939
 9015.000000 5.098668 1.524378 2.932842
 9018.000000 5.093595 1.530463 2.925438
 9021.000000 5.071444 1.535119 2.922751
 9024.000000 4.961067 1.543007 2.898422
 9027.000000 4.969650 1.547779 2.929835
 9030.000000 5.050171 1.532433 2.971797
 9033.000000 5.026096 1.541862 2.982330
 9036.000000 5.052955 1.558209 3.021843
 9039.000000 4.998295 1.563052 2.983484
 9042.000000 4.985057 1.534333 2.987342
 9045.000000 5.037107 1.558126 3.004073
 9048.000000 5.043491 1.554815 3.010104
 9051.000000 5.054379 1.532129 2.989530
 9054.000000 5.128611 1.515581 3.009646
 9057.000000 5.136665 1.555129 2.963396
 9060.000000 5.060403 1.534448 3.016865
 9063.000000 4.997682 1.529306 2.972216
 9066.000000 4.956363 1.512885 2.996968
 9069.000000 5.005948 1.484888 3.019169
 9072.000000 5.023094 1.517545 2.963973
 9075.000000 5.051246 1.495752 2.971304
 9078.000000 5.065170 1.515100 2.959453
 9081.000000 5.092271 1.523877 2.955723
 9084.000000 5.129573 1.535210 2.917834
 9087.000000 5.065370 1.525459 2.960390
 9090.000000 5.050918 1.534170 2.980278
 9093.000000 5.055392 1.523116 2.974166
 9096.000000 5.081711 1.555601 2.946868
 9099.000000 5.119137 1.536229 2.963944
 9102.000000 5.061984 1.521924 2.963783
 9105.000000 5.097313 1.541842 2.942198
 9108.000000 5.114655 1.523877 2.971202
 9111.000000 5.050712 1.512535 2.965816
 9114.000000 5.066767 1.501907 2.990488
 9117.000000 5.062473 1.491130 2.981318
 9120.000000 5.109552 1.497449 2.983938
 9123.000000 5.055354 1.544548 2.983064
 9126.000000 5.056026 1.527286 2.981203
 9129.000000 5.091757 1.543481 2.960986
 9132.000000 5.014654 1.517870 2.918479
 9135.000000 5.109119 1.514069 2.925904
 9138.000000 5.161234 1.547775 2.950188
 9141.000000 5.156270 1.577895 2.879783
 9144.000000 5.152678 1.571114 2.927485
 9147.000000 5.193098 1.546611 2.928508
 9150.000000 5.215344 1.534366 2.957642
 9153.000000 5.226285 1.553294 2.947221
 9156.000000 5.244147 1.567464 2.909464
 9159.000000 5.252878 1.567266 2.936350
 9162.000000 5.218690 1.554535 2.914497
 9165.000000 5.227125 1.546902 2.923464
 9168.000000 5.160130 1.521825 2.951049
 9171.000000 5.168003 1.525069 2.939024
 9174.000000 5.145535 1.544975 2.925137
 9177.000000 5.101871 1.543052 2.934832
 9180.000000 5.155485 1.522191 2.952864
 9183.000000 5.138570 1.512945 2.938482
 9186.000000 5.113589 1.516808 2.939846
 9189.000000 5.194073 1.535288 2.941080
 9192.000000 5.191245 1.543387 2.959625
 9195.000000 5.109701 1.526795 2.985941
 9198.000000 5.159467 1.584471 2.946005
 9201.000000 5.047701 1.566928 2.946983
 9204.000000 5.045753 1.535134 2.955892
 9207.000000 5.072188 1.545909 2.961261
 9210.000000 5.100234 1.560959 2.943159
 9213.000000 5.175503 1.544156 3.004246
 9216.000000 5.068430 1.549783 2.971167
 9219.000000 5.056304 1.543545 2.971616
 9222.000000 4.983569 1.523998 3.014241
 9225.000000 4.964464 1.559546 3.001789
 9228.000000 4.926554 1.553073 2.956660
 9231.000000 5.004447 1.549124 2.965557
 9234.000000 5.066278 1.556625 2.957196
 9237.000000 5.058965 1.533300 2.984725
 9240.000000 5.070056 1.513169 2.999107
 9243.000000 5.086739 1.527345 2.941856
 9246.000000 5.063681 1.525398 2.925117
 9249.000000 4.969973 1.535296 2.869077
 9252.000000 4.947448 1.514397 2.915882
 9255.000000 4.964148 1.495419 2.944747
 9258.000000 4.852032 1.508064 2.941728
 9261.000000 4.899986 1.510821 2.946284
 9264.000000 4.981556 1.495885 2.944129
 9267.000000 5.039957 1.540056 2.950255
 9270.000000 5.029457 1.527736 2.986610
 9273.000000 5.016781 1.543705 2.965386
 9276.000000 5.119542 1.577789 2.968455
 9279.000000 5.063182 1.552031 2.971515
 9282.000000 5.128061 1.559712 2.941763
 9285.000000 5.096707 1.551444 2.987311
 9288.000000 5.069180 1.548351 2.936463
 9291.000000 5.063248 1.565737 2.944265
 9294.000000 5.042718 1.570369 2.952094
 9297.000000 5.058334 1.541151 2.980371
 9300.000000 5.016216 1.555703 2.992148
 9303.000000 5.014682 1.541373 2.952975
 9306.000000 4.974445 1.544401 2.969982
 9309.000000 5.009228 1.557040 2.997978
 9312.000000 4.955880 1.564108 2.984812
 9315.000000 4.903502 1.555963 3.001675
 9318.000000 4.891424 1.559078 2.963613
 9321.000000 4.888945 1.549965 2.978747
 9324.000000 4.841312 1.536518 2.968653
 9327.000000 4.879772 1.520179 3.057471
 9330.000000 4.958820 1.571178 2.997909
 9333.000000 5.073751 1.595801 2.961034
 9336.000000 5.016259 1.567156 2.967701
 9339.000000 5.035042 1.550924 2.965617
 9342.000000 5.054388 1.546941 2.997271
 9345.000000 5.092716 1.598349 3.007622
 9348.000000 5.038079 1.589308 2.956250
 9351.000000 5.042279 1.583911 2.968359
 9354.000000 4.969828 1.584345 2.955220
 9357.000000 4.875489 1.570814 2.977387
 9360.000000 4.910662 1.596292 2.939846
 9363.000000 4.876055 1.598983 2.939225
 9366.000000 4.838396 1.559987 2.961283
 9369.000000 4.845726 1.570815 2.959693
 9372.000000 4.828087 1.583384 2.930664
 9375.000000 4.868122 1.538215 2.969011
 9378.000000 4.894932 1.538437 2.974033
 9381.000000 4.925268 1.542499 2.956916
 9384.000000 4.895067 1.523580 2.966543
 9387.000000 4.959807 1.532011 2.955890
 9390.000000 5.042528 1.539754 2.962972
 9393.000000 5.037878 1.552615 2.918404
 9396.000000 5.014848 1.569994 2.921186
 9399.000000 5.048367 1.565285 2.922879
 9402.000000 5.039973 1.531342 2.957906
 9405.000000 4.969112 1.567342 2.933979
 9408.000000 5.032485 1.584296 2.893005
 9411.000000 5.027308 1.590217 2.894369
 9414.000000 5.078684 1.553360 2.914705
 9417.000000 5.130383 1.575370 2.917177
 9420.000000 5.084725 1.563808 2.912319
 9423.000000 5.108205 1.565129 2.926784
 9426.000000 5.059957 1.544062 2.974886
 9429.000000 5.005581 1.562715 2.941967
 9432.000000 4.917976 1.557433 2.922755
 9435.000000 4.907568 1.556554 2.927499
 9438.000000 4.909717 1.576678 2.944169
 9441.000000 4.957389 1.582909 2.940503
 9444.000000 4.915202 1.597091 2.927819
 9447.000000 4.907759 1.618498 2.927248
 9450.000000 4.872784 1.593298 2.979633
 9453.000000 4.854902 1.600300 2.956993
 9456.000000 4.902646 1.614978 2.965851
 9459.000000 4.888531 1.596122 3.016598
 9462.000000 4.947807 1.620794 2.981262
 9465.000000 4.897175 1.603520 2.987649
 9468.000000 4.863204 1.577081 2.993541
 9471.000000 4.834795 1.564933 2.992614
 9474.000000 4.856029 1.554029 3.004751
 9477.000000 4.905751 1.555472 2.975040
 9480.000000 4.862776 1.525103 2.997615
 9483.000000 4.881962 1.552627 2.962553
 9486.000000 4.816978 1.565446 2.964871
 9489.000000 4.838994 1.568216 2.970951
 9492.000000 4.730111 1.527430 2.991169
 9495.000000 4.764792 1.524298 2.973394
 9498.000000 4.751027 1.561988 2.923553
 9501.000000 4.698591 1.560873 2.954508
 9504.000000 4.740442 1.538675 2.941062
 9507.000000 4.832821 1.536784 2.950303
 9510.000000 4.847822 1.520607 2.971282
 9513.000000 4.797531 1.555368 2.924484
 9516.000000 4.694751 1.534421 2.951037
 9519.000000 4.732755 1.516594 2.963253
 9522.000000 4.725324 1.523029 2.962652
 9525.000000 4.752519 1.506777 2.988147
 9528.000000 4.687107 1.510270 2.955165
 9531.000000 4.684849 1.517209 2.958925
 9534.000000 4.669675 1.524224 2.961309
 9537.000000 4.729690 1.541589 2.949231
 9540.000000 4.670595 1.533289 2.978112
 9543.000000 4.593152 1.548770 2.970208
 9546.000000 4.609130 1.554772 2.979971
 9549.000000 4.714932 1.565293 2.947177
 9552.000000 4.742755 1.541925 2.976880
 9555.000000 4.703632 1.542401 2.979537
 9558.000000 4.767997 1.569579 2.998114
 9561.000000 4.818674 1.549704 2.971743
 9564.000000 4.876786 1.577212 2.953599
 9567.000000 4.906727 1.577780 2.935448
 9570.000000 4.897937 1.578396 2.934718
 9573.000000 4.898671 1.593511 2.952468
 9576.000000 4.853277 1.576931 2.976972
 9579.000000 4.819687 1.577518 2.982623
 9582.000000 4.843492 1.567000 2.995689
 9585.000000 4.860256 1.563458 2.961688
 9588.000000 4.884340 1.552806 2.986770
 9591.000000 4.871771 1.528109 2.987288
 9594.000000 4.918666 1.552666 2.959384
 9597.000000 4.862903 1.526831 2.959040
 9600.000000 4.896265 1.533117 2.935800
 9603.000000 4.931093 1.558359 2.968430
 9606.000000 4.976927 1.552633 2.981437
 9609.000000 4.999833 1.556895 2.987919
 9612.000000 4.940678 1.549339 2.972142
 9615.000000 5.015676 1.571847 2.958056
 9618.000000 4.967057 1.579226 2.940511
 9621.000000 4.986456 1.565850 2.938906
 9624.000000 5.028799 1.548766 2.956320
 9627.000000 5.051288 1.526892 2.986193
 9630.000000 5.061963 1.501116 2.984926
 9633.000000 5.049547 1.532717 2.975287
 9636.000000 4.891807 1.552718 2.975631
 9639.000000 4.825462 1.559396 2.963689
 9642.000000 4.836383 1.561747 2.940510
 9645.000000 4.902522 1.556660 2.937552
 9648.000000 4.849337 1.554786 2.944178
 9651.000000 4.948111 1.582868 2.920039
 9654.000000 4.922252 1.544293 2.944305
 9657.000000 4.843162 1.568341 2.969403
 9660.000000 4.847106 1.575991 2.972461
 9663.000000 4.870347 1.588380 2.947826
 9666.000000 4.868847 1.584738 2.913067
 9669.000000 4.857403 1.560870 2.942671
 9672.000000 4.845566 1.565552 2.959573
 9675.000000 4.876935 1.562202 2.952165
 9678.000000 4.903285 1.540732 2.968027
 9681.000000 4.947823 1.526287 2.981604
 9684.000000 4.883606 1.536708 2.952160
 9687.000000 4.911363 1.518294 2.995563
 9690.000000 4.993047 1.570769 2.981859
 9693.000000 4.957001 1.577842 2.958651
 9696.000000 4.966276 1.549021 2.942306
 9699.000000 4.931313 1.545290 2.948870
 9702.000000 4.936725 1.549130 2.988423
 9705.000000 4.881434 1.520307 3.006686
 9708.000000 4.862538 1.562797 2.950724
 9711.000000 4.905134 1.569786 2.918145
 9714.000000 4.866614 1.539906 2.952704
 9717.000000 4.883902 1.555858 2.944154
 9720.000000 4.923909 1.555906 2.992847
 9723.000000 4.851412 1.549897 3.008273
 9726.000000 4.867365 1.587433 2.954754
 9729.000000 4.874540 1.554539 2.988908
 9732.000000 4.857810 1.582929 2.959058
 9735.000000 4.826450 1.577787 2.956551
 9738.000000 4.889429 1.570138 2.954179
 9741.000000 4.838945 1.556831 2.956630
 9744.000000 4.842949 1.560089 2.998103
 9747.000000 4.864941 1.580440 2.991790
 9750.000000 4.927026 1.607624 2.976797
 9753.000000 4.923827 1.597840 2.951720
 9756.000000 4.941036 1.547267 2.971625
 9759.000000 4.921145 1.569676 2.920634
 9762.000000 4.968348 1.559585 2.944759
 9765.000000 5.106824 1.534862 2.962238
 9768.000000 4.979795 1.537692 2.924615
 9771.000000 5.031250 1.550880 2.912066
 9774.000000 4.963150 1.516665 2.948821
 9777.000000 4.988430 1.556116 2.932405
 9780.000000 4.955089 1.538435 2.957041
 9783.000000 4.998393 1.521887 2.955545
 9786.000000 4.965027 1.528636 2.959065
 9789.000000 5.005078 1.538816 2.939302
 9792.000000 5.004943 1.514652 2.976908
 9795.000000 5.000926 1.525701 2.987007
 9798.000000 4.885486 1.497820 2.967805
 9801.000000 4.885466 1.487914 3.008254
 9804.000000 4.888722 1.470346 2.975880
 9807.000000 4.922138 1.491189 2.969670
 9810.000000 4.954265 1.490564 3.009391
 9813.000000 4.920434 1.509589 2.988559
 9816.000000 4.951692 1.508441 2.978903
 9819.000000 4.965573 1.519045 2.991993
 9822.000000 4.979511 1.519565 2.979484
 9825.000000 4.897311 1.523972 2.953053
 9828.000000 4.909808 1.519804 2.955066
 9831.000000 4.965784 1.542671 2.931427
 9834.000000 4.992373 1.529147 2.943749
 9837.000000 5.072089 1.524876 2.935405
 9840.000000 4.991730 1.531159 2.967873
 9843.000000 4.963712 1.519800 2.957975
 9846.000000 5.000130 1.551540 2.941764
 9849.000000 4.992004 1.573242 2.947239
 9852.000000 4.985665 1.572434 2.963000
 9855.000000 4.979829 1.587514 2.956949
 9858.000000 4.963816 1.587439 2.945813
 9861.000000 4.997846 1.598218 2.934353
 9864.000000 5.033086 1.604827 2.932450
 9867.000000 4.966961 1.631147 2.907240
 9870.000000 5.026378 1.601006 2.950323
 9873.000000 5.036040 1.622745 2.959850
 9876.000000 5.083972 1.614768 2.957321
 9879.000000 5.083502 1.603532 2.997729
 9882.000000 4.950985 1.577425 3.006836
 9885.000000 4.878383 1.558559 3.025886
 9888.000000 4.891498 1.580547 3.029907
 9891.000000 4.959603 1.589239 2.996697
 9894.000000 4.920334 1.565406 3.017505
 9897.000000 4.970810 1.596379 2.997979
 9900.000000 4.981021 1.603741 3.021138
 9903.000000 4.887662 1.573454 3.022464
 9906.000000 4.815318 1.590885 2.989964
 9909.000000 4.846065 1.584716 2.992753
 9912.000000 4.841004 1.577121 2.985238
 9915.000000 4.831711 1.593831 2.944205
 9918.000000 4.787117 1.564305 2.962877
 9921.000000 4.848143 1.569299 2.980251
 9924.000000 4.860113 1.558769 3.009185
 9927.000000 4.949928 1.586013 2.965225
 9930.000000 4.922336 1.586952 2.989175
 9933.000000 4.921612 1.556003 2.980986
 9936.000000 4.992015 1.572222 2.988599
 9939.000000 4.963856 1.549314 2.952517
 9942.000000 4.938577 1.550879 2.967224
 9945.000000 4.838368 1.566803 2.949436
 9948.000000 4.785849 1.566490 2.968853
 9951.000000 4.839094 1.586398 3.001599
 9954.000000 4.834409 1.558276 3.006269
 9957.000000 4.884106 1.566333 2.969540
 9960.000000 4.791502 1.571453 2.972153
 9963.000000 4.796447 1.552028 2.984833
 9966.000000 4.852140 1.578569 2.977653
 9969.000000 4.840036 1.584212 2.965421
 9972.000000 4.816404 1.558066 2.977171
 9975.000000 4.841780 1.575748 2.967956
 9978.000000 4.756369 1.567507 2.983105
 9981.000000 4.839002 1.604730 2.957733
 9984.000000 4.829599 1.588619 2.961419
 9987.000000 4.881538 1.594966 2.948967
 9990.000000 4.893444 1.574776 2.999753
 9993.000000 4.896789 1.609696 2.990986
 9996.000000 4.853690 1.561796 3.019962
 9999.000000 4.900964 1.585401 3.000631
 10002.000000 4.923003 1.587366 3.025792
 10005.000000 4.908369 1.591738 2.968670
 10008.000000 4.904251 1.603682 2.948154
 10011.000000 4.889643 1.568213 2.989001
 10014.000000 4.866527 1.580791 2.994348
 10017.000000 4.835248 1.553496 2.996469
 10020.000000 4.830885 1.547755 2.953919
 10023.000000 4.866547 1.546539 3.001913
 10026.000000 4.853641 1.551110 2.991856
 10029.000000 4.840826 1.574223 2.985654
 10032.000000 4.816850 1.565838 3.019243
 10035.000000 4.969246 1.580211 3.012170
 10038.000000 4.976822 1.568072 3.004147
 10041.000000 4.932730 1.566235 3.025300
 10044.000000 4.938197 1.580798 2.974165
 10047.000000 4.975766 1.535926 2.991931
 10050.000000 4.974639 1.521215 2.980696
 10053.000000 4.941281 1.544406 2.951008
 10056.000000 4.879861 1.543610 2.984760
 10059.000000 4.884300 1.520713 3.019363
 10062.000000 4.960592 1.530660 2.994191
 10065.000000 5.023581 1.552456 3.007391
 10068.000000 4.978826 1.539584 3.002413
 10071.000000 5.017631 1.533549 3.015393
 10074.000000 4.976621 1.539926 3.023703
 10077.000000 5.012690 1.572829 3.005415
 10080.000000 4.935054 1.551276 3.002285
 10083.000000 5.016405 1.551295 3.019535
 10086.000000 5.027845 1.563921 2.973685
 10089.000000 4.982188 1.550492 2.961987
 10092.000000 4.971863 1.549113 2.956212
 10095.000000 4.997111 1.531330 2.951736
 10098.000000 5.107515 1.569439 3.009380
 10101.000000 5.110339 1.578475 2.957231
 10104.000000 5.117862 1.602567 2.954009
 10107.000000 5.100022 1.609470 2.966319
 10110.000000 5.081285 1.596433 2.975128
 10113.000000 5.096692 1.598169 2.965351
 10116.000000 5.099813 1.595330 2.955300
 10119.000000 5.165357 1.582829 2.991286
 10122.000000 5.117726 1.557830 3.049090
 10125.000000 5.092442 1.578088 2.978811
 10128.000000 5.117690 1.556391 2.979897
 10131.000000 5.148167 1.568033 2.992559
 10134.000000 5.191770 1.557440 3.006491
 10137.000000 5.193858 1.580698 2.961372
 10140.000000 5.215386 1.575026 2.985219
 10143.000000 5.143623 1.559828 3.014394
 10146.000000 5.095293 1.547253 3.018527
 10149.000000 5.137482 1.572909 2.997875
 10152.000000 5.166434 1.585698 2.987076
 10155.000000 5.217483 1.554016 2.994676
 10158.000000 5.053430 1.545531 2.976962
 10161.000000 5.007587 1.527878 2.972420
 10164.000000 4.944159 1.527148 2.974121
 10167.000000 5.068047 1.517684 2.949821
 10170.000000 5.151270 1.541658 2.956611
 10173.000000 5.118450 1.531562 2.956870
 10176.000000 5.110555 1.524102 2.978722
 10179.000000 5.038111 1.513962 2.984492
 10182.000000 5.028381 1.523042 2.988627
 10185.000000 4.969900 1.515901 2.994399
 10188.000000 4.979194 1.513352 3.008474
 10191.000000 5.051365 1.554292 2.971994
 10194.000000 4.991817 1.555515 2.977462
 10197.000000 5.038381 1.567231 2.986181
 10200.000000 5.015544 1.537250 2.998905
 10203.000000 5.052401 1.544716 2.993723
 10206.000000 5.092449 1.569588 2.954326
 10209.000000 5.095230 1.519955 2.961701
 10212.000000 5.056041 1.538469 2.964767
 10215.000000 5.032317 1.538545 2.973493
 10218.000000 5.051641 1.534639 2.996915
 10221.000000 5.119290 1.552086 2.953449
 10224.000000 5.111907 1.567744 2.936298
 10227.000000 5.062092 1.588267 2.919231
 10230.000000 4.983069 1.565805 2.929396
 10233.000000 5.051450 1.576436 2.947223
 10236.000000 5.018742 1.601621 2.931337
 10239.000000 4.975316 1.581762 2.973258
 10242.000000 4.894832 1.569431 2.949142
 10245.000000 4.880705 1.558513 2.962168
 10248.000000 4.839899 1.541160 2.981120
 10251.000000 4.872535 1.535783 2.983866
 10254.000000 4.879930 1.566123 2.964114
 10257.000000 4.880744 1.550022 3.010140
 10260.000000 4.846702 1.559859 2.998151
 10263.000000 4.935046 1.566174 3.000575
 10266.000000 4.938893 1.580029 2.944992
 10269.000000 4.891896 1.554664 2.945015
 10272.000000 4.900566 1.549270 2.960275
 10275.000000 4.908746 1.544423 2.945397
 10278.000000 4.987883 1.545971 2.949838
 10281.000000 4.999338 1.523806 2.979502
 10284.000000 5.004952 1.523497 2.955204
 10287.000000 4.960198 1.580305 2.905775
 10290.000000 5.056733 1.585857 2.971420
 10293.000000 5.025072 1.570082 2.965426
 10296.000000 5.020465 1.569053 2.948658
 10299.000000 4.948778 1.546784 2.973462
 10302.000000 4.908679 1.520783 2.985229
 10305.000000 4.894283 1.551381 2.946316
 10308.000000 4.972741 1.544250 2.958495
 10311.000000 4.977571 1.546278 2.974961
 10314.000000 4.952578 1.566281 2.990826
 10317.000000 5.007545 1.537670 2.983292
 10320.000000 5.061207 1.552725 2.976901
 10323.000000 5.037426 1.561519 3.000882
 10326.000000 5.048001 1.577571 2.983289
 10329.000000 5.040922 1.595086 2.966781
 10332.000000 5.058194 1.570609 2.987327
 10335.000000 5.091212 1.574589 3.002104
 10338.000000 5.097927 1.582213 2.993572
 10341.000000 5.157438 1.579774 2.978667
 10344.000000 5.031744 1.560024 2.993778
 10347.000000 4.967320 1.579798 2.938499
 10350.000000 5.058295 1.546168 2.981423
 10353.000000 5.063084 1.556637 2.969402
 10356.000000 4.937555 1.557551 2.973126
 10359.000000 4.984458 1.580764 2.951367
 10362.000000 5.058902 1.559922 2.975794
 10365.000000 5.073447 1.583338 2.961999
 10368.000000 5.067619 1.581209 2.908196
 10371.000000 5.078305 1.544862 2.938382
 10374.000000 5.047444 1.560530 2.908265
 10377.000000 5.005872 1.571783 2.906722
 10380.000000 5.034879 1.562790 2.915760
 10383.000000 5.089276 1.551478 2.924788
 10386.000000 5.067232 1.556374 2.962907
 10389.000000 5.099210 1.561790 2.957087
 10392.000000 4.984791 1.568176 2.939655
 10395.000000 5.074533 1.578158 2.955351
 10398.000000 5.089901 1.593834 2.938329
 10401.000000 4.983764 1.564482 2.944505
 10404.000000 5.102171 1.595272 2.952343
 10407.000000 5.078057 1.589831 2.996705
 10410.000000 5.006720 1.582225 2.980835
 10413.000000 5.010701 1.589758 2.984970
 10416.000000 5.059348 1.575777 2.966123
 10419.000000 5.060189 1.574526 2.986674
 10422.000000 5.146766 1.576709 2.965482
 10425.000000 5.088769 1.559268 2.976522
 10428.000000 5.133591 1.594938 2.941372
 10431.000000 5.097363 1.571997 2.959255
 10434.000000 5.091637 1.561840 2.956738
 10437.000000 5.052823 1.564863 2.922551
 10440.000000 4.991607 1.548882 2.950912
 10443.000000 5.033627 1.556191 2.959472
 10446.000000 4.924358 1.526928 2.970459
 10449.000000 4.949245 1.545163 2.921878
 10452.000000 5.035256 1.563004 2.973891
 10455.000000 5.087020 1.579039 2.962563
 10458.000000 5.001748 1.585994 2.968911
 10461.000000 4.947214 1.589866 2.976693
 10464.000000 4.988551 1.602898 2.984001
 10467.000000 4.961565 1.577796 2.989689
 10470.000000 4.973230 1.603269 2.970006
 10473.000000 4.963256 1.604386 2.970256
 10476.000000 5.019868 1.597835 2.993245
 10479.000000 4.973497 1.568872 2.996652
 10482.000000 4.908502 1.570177 2.981563
 10485.000000 4.931379 1.555608 3.026030
 10488.000000 4.932017 1.543982 2.979469
 10491.000000 4.947814 1.558503 2.996298
 10494.000000 4.933280 1.542679 2.999224
 10497.000000 4.966063 1.567245 2.973127
 10500.000000 4.916342 1.571965 2.977882
 10503.000000 4.863080 1.543050 2.984605
 10506.000000 4.892670 1.538157 2.974284
 10509.000000 4.922041 1.529354 2.990791
 10512.000000 4.903939 1.542389 3.000254
 10515.000000 4.986650 1.546173 2.993415
 10518.000000 4.928290 1.559348 2.939710
 10521.000000 4.910365 1.526509 2.979786
 10524.000000 4.868816 1.539955 2.963700
 10527.000000 4.852813 1.525929 2.949129
 10530.000000 4.878822 1.545764 2.921839
 10533.000000 4.875825 1.543121 2.918377
 10536.000000 4.773416 1.500916 2.958254
 10539.000000 4.833491 1.500798 2.933551
 10542.000000 4.831695 1.508122 2.952728
 10545.000000 4.816442 1.524066 2.917955
 10548.000000 4.868428 1.550375 2.944186
 10551.000000 4.815612 1.566682 2.931469
 10554.000000 4.849037 1.547756 2.935687
 10557.000000 4.827439 1.540247 2.942054
 10560.000000 4.920128 1.551543 2.958887
 10563.000000 4.897365 1.542725 2.935956
 10566.000000 4.894587 1.523786 2.957428
 10569.000000 4.928534 1.502846 2.968833
 10572.000000 4.917428 1.521641 2.966727
 10575.000000 4.907408 1.511253 2.994247
 10578.000000 4.942428 1.539769 2.927892
 10581.000000 4.924903 1.531245 2.939335
 10584.000000 4.930797 1.534957 2.944364
 10587.000000 4.975421 1.528812 2.945711
 10590.000000 4.969400 1.500016 2.969161
 10593.000000 4.988032 1.502811 2.954065
 10596.000000 5.024546 1.514943 2.925225
 10599.000000 5.039499 1.503890 2.956239
 10602.000000 4.972944 1.517300 2.951905
 10605.000000 5.030263 1.538339 2.916716
 10608.000000 5.005443 1.533867 2.908546
 10611.000000 5.047807 1.528060 2.914268
 10614.000000 5.006747 1.508086 2.953286
 10617.000000 4.934014 1.519932 2.947970
 10620.000000 4.924450 1.515373 2.928289
 10623.000000 4.885175 1.512391 2.918725
 10626.000000 4.871627 1.516096 2.904851
 10629.000000 4.874282 1.543918 2.940277
 10632.000000 4.906957 1.548780 2.915744
 10635.000000 4.955186 1.522060 2.934057
 10638.000000 4.924102 1.519428 2.962163
 10641.000000 4.928875 1.518184 2.997195
 10644.000000 4.940310 1.503727 2.995125
 10647.000000 4.907766 1.509134 2.977989
 10650.000000 4.880781 1.535189 2.953076
 10653.000000 4.909893 1.561796 2.935897
 10656.000000 4.919033 1.555185 2.949623
 10659.000000 4.904727 1.555803 2.953108
 10662.000000 4.939981 1.520134 3.028599
 10665.000000 4.963720 1.533768 3.028019
 10668.000000 4.986622 1.566915 2.991430
 10671.000000 4.986488 1.542548 2.981013
 10674.000000 5.007737 1.572715 2.958105
 10677.000000 5.106731 1.555119 2.956588
 10680.000000 5.044719 1.510553 2.976431
 10683.000000 5.019400 1.528567 2.960991
 10686.000000 4.982779 1.531391 2.951832
 10689.000000 5.036877 1.538563 2.965707
 10692.000000 4.952923 1.530581 2.971297
 10695.000000 4.901582 1.500569 2.977159
 10698.000000 4.895312 1.502303 2.978386
 10701.000000 4.912717 1.513323 2.945527
 10704.000000 4.879382 1.541383 2.909368
 10707.000000 4.855185 1.536536 2.950731
 10710.000000 4.765124 1.559923 2.907353
 10713.000000 4.752728 1.551283 2.961740
 10716.000000 4.871891 1.548962 2.931734
 10719.000000 4.952723 1.558028 2.904204
 10722.000000 4.889411 1.539856 2.920789
 10725.000000 4.894814 1.499429 2.930511
 10728.000000 4.836705 1.530101 2.934332
 10731.000000 4.855052 1.535093 2.958848
 10734.000000 4.784734 1.553662 2.961271
 10737.000000 4.845635 1.577877 2.924486
 10740.000000 4.941599 1.603460 2.923535
 10743.000000 4.970469 1.581668 2.891837
 10746.000000 4.941968 1.584250 2.914798
 10749.000000 4.880603 1.568910 2.923366
 10752.000000 4.949330 1.597931 2.915562
 10755.000000 4.924154 1.601114 2.919271
 10758.000000 4.857126 1.572489 2.946010
 10761.000000 4.863968 1.558733 2.957460
 10764.000000 4.869290 1.567227 2.966838
 10767.000000 4.873686 1.561393 2.977193
 10770.000000 4.874089 1.556044 2.984531
 10773.000000 4.881856 1.558965 2.990438
 10776.000000 4.909006 1.533269 2.976963
 10779.000000 4.957008 1.527215 2.976009
 10782.000000 4.845796 1.540213 2.985007
 10785.000000 4.836401 1.541116 2.941235
 10788.000000 4.826685 1.523727 2.954795
 10791.000000 4.807123 1.544026 2.926000
 10794.000000 4.781574 1.502913 2.961157
 10797.000000 4.806154 1.526297 2.915688
 10800.000000 4.845891 1.528343 2.917749
 10803.000000 4.884483 1.524794 2.939619
 10806.000000 4.873039 1.507778 2.953857
 10809.000000 4.889372 1.521818 2.897622
 10812.000000 4.929647 1.496864 2.934808
 10815.000000 4.829497 1.524407 2.928511
 10818.000000 4.852034 1.505694 2.939352
 10821.000000 4.836844 1.513929 2.956255
 10824.000000 4.793174 1.504608 2.988981
 10827.000000 4.836439 1.521022 2.979014
 10830.000000 4.922211 1.507027 2.988750
 10833.000000 4.957096 1.479469 2.980668
 10836.000000 4.919105 1.481831 2.995758
 10839.000000 4.786695 1.455033 3.004024
 10842.000000 4.864873 1.478899 2.996257
 10845.000000 4.831246 1.498218 2.953372
 10848.000000 4.782405 1.475336 2.969471
 10851.000000 4.904345 1.487506 2.976329
 10854.000000 4.893536 1.521776 2.958127
 10857.000000 4.828966 1.488892 3.012370
 10860.000000 4.832890 1.497391 2.980494
 10863.000000 4.888155 1.502738 2.997057
 10866.000000 4.955721 1.478998 2.998187
 10869.000000 4.887459 1.530810 2.930378
 10872.000000 4.884555 1.579321 2.910969
 10875.000000 4.970395 1.576486 2.931832
 10878.000000 5.024087 1.587437 2.917339
 10881.000000 5.001733 1.589513 2.904109
 10884.000000 5.084476 1.586365 2.906787
 10887.000000 5.024398 1.539854 2.929429
 10890.000000 5.048420 1.519440 2.946425
 10893.000000 4.978002 1.516425 2.935651
 10896.000000 5.056744 1.537729 2.966042
 10899.000000 5.125535 1.539359 2.956107
 10902.000000 5.098651 1.499849 2.979910
 10905.000000 5.077442 1.531650 2.987016
 10908.000000 5.157408 1.537326 2.963124
 10911.000000 5.078154 1.506330 2.939941
 10914.000000 5.020798 1.524825 2.928612
 10917.000000 5.042202 1.507493 2.955505
 10920.000000 5.061843 1.516750 2.933495
 10923.000000 5.029044 1.516673 2.932187
 10926.000000 5.106344 1.516053 2.937975
 10929.000000 4.975418 1.522712 2.903561
 10932.000000 5.062454 1.513442 2.922460
 10935.000000 5.001052 1.531908 2.920556
 10938.000000 4.988366 1.504492 2.962169
 10941.000000 5.052910 1.509381 2.946530
 10944.000000 5.011444 1.523206 2.905026
 10947.000000 5.061935 1.495180 2.940846
 10950.000000 4.932921 1.499535 2.962690
 10953.000000 4.968154 1.517545 2.929191
 10956.000000 4.992555 1.509573 2.930953
 10959.000000 4.980634 1.496218 2.943062
 10962.000000 4.983155 1.513727 2.927876
 10965.000000 5.003679 1.515615 2.948281
 10968.000000 4.898867 1.525302 2.899815
 10971.000000 4.861543 1.530414 2.913989
 10974.000000 4.907022 1.499853 2.951380
 10977.000000 4.938382 1.515204 2.935418
 10980.000000 4.939518 1.514296 2.936880
 10983.000000 5.044035 1.538333 2.951442
 10986.000000 4.964025 1.502087 2.945988
 10989.000000 4.971398 1.520426 2.937904
 10992.000000 4.995879 1.509725 2.983897
 10995.000000 4.999663 1.510673 2.973851
 10998.000000 4.948397 1.481931 2.997473
 11001.000000 4.917767 1.500675 2.989116
 11004.000000 4.886933 1.510928 2.989447
 11007.000000 4.819182 1.537349 2.987042
 11010.000000 4.878970 1.522278 2.981546
 11013.000000 4.953079 1.518646 2.958499
 11016.000000 4.930045 1.520757 2.947633
 11019.000000 4.968066 1.553247 2.965558
 11022.000000 4.936866 1.548580 2.942373
 11025.000000 4.898746 1.527461 2.952622
 11028.000000 4.898380 1.531304 2.958906
 11031.000000 4.942066 1.542079 2.943216
 11034.000000 5.008000 1.549314 2.923050
 11037.000000 5.003049 1.523996 2.965386
 11040.000000 4.966860 1.507213 3.008226
 11043.000000 4.939969 1.521731 2.976760
 11046.000000 4.965204 1.497306 3.013791
 11049.000000 4.975214 1.513972 2.983426
 11052.000000 5.039091 1.516022 2.987453
 11055.000000 5.013859 1.539704 2.962886
 11058.000000 5.106867 1.554785 2.955441
 11061.000000 4.987202 1.535273 2.954738
 11064.000000 4.924984 1.513185 2.960823
 11067.000000 4.952204 1.525276 2.955341
 11070.000000 4.923902 1.519257 2.962371
 11073.000000 4.938562 1.523191 2.959524
 11076.000000 5.014128 1.537700 2.942126
 11079.000000 5.022907 1.499579 2.958210
 11082.000000 5.063336 1.520797 2.969418
 11085.000000 5.055253 1.519624 2.942264
 11088.000000 4.986171 1.493145 2.952249
 11091.000000 5.042569 1.533570 2.929364
 11094.000000 5.018011 1.530636 2.922920
 11097.000000 5.109677 1.525537 2.942893
 11100.000000 5.008133 1.522043 2.938086
 11103.000000 4.942166 1.506507 2.950042
 11106.000000 5.006302 1.514068 2.895397
 11109.000000 4.870349 1.508490 2.904693
 11112.000000 4.898471 1.513531 2.911901
 11115.000000 4.955800 1.507427 2.928419
 11118.000000 4.955375 1.499618 2.949263
 11121.000000 4.903260 1.495216 2.963518
 11124.000000 4.969118 1.476923 2.979573
 11127.000000 4.902910 1.484140 2.979641
 11130.000000 4.932003 1.494578 3.000863
 11133.000000 4.829399 1.501697 2.978711
 11136.000000 4.915153 1.509636 2.957261
 11139.000000 4.894468 1.482942 2.971528
 11142.000000 4.900393 1.489383 2.974929
 11145.000000 4.882525 1.516293 2.924065
 11148.000000 4.986334 1.516764 2.928722
 11151.000000 5.017915 1.491079 2.983645
 11154.000000 5.060008 1.524475 2.945311
 11157.000000 5.031936 1.504613 2.970823
 11160.000000 5.067151 1.518100 2.978827
 11163.000000 5.081985 1.521660 2.978203
 11166.000000 5.150929 1.545783 2.954678
 11169.000000 5.224497 1.546930 2.935856
 11172.000000 5.186012 1.556140 2.923504
 11175.000000 5.148834 1.564987 2.950402
 11178.000000 5.206375 1.558744 2.981211
 11181.000000 5.165426 1.570100 2.960108
 11184.000000 5.198138 1.543885 2.975151
 11187.000000 5.193203 1.560928 2.992566
 11190.000000 5.145170 1.563189 2.939834
 11193.000000 5.112323 1.548764 2.923897
 11196.000000 5.122124 1.571864 2.913232
 11199.000000 5.169948 1.558355 2.959177
 11202.000000 5.106349 1.544789 2.965077
 11205.000000 5.092739 1.560828 2.949882
 11208.000000 5.020965 1.559349 2.976464
 11211.000000 5.031020 1.555794 2.948150
 11214.000000 4.980511 1.548638 2.964726
 11217.000000 4.985593 1.539455 2.993937
 11220.000000 4.988558 1.537993 2.966707
 11223.000000 4.931912 1.516993 2.972058
 11226.000000 4.924472 1.508723 2.949970
 11229.000000 4.914985 1.511379 2.948695
 11232.000000 4.972738 1.536689 2.915017
 11235.000000 5.001540 1.528896 2.913917
 11238.000000 4.948376 1.519777 2.940511
 11241.000000 4.974001 1.510559 2.935534
 11244.000000 4.953038 1.497451 2.942040
 11247.000000 4.945700 1.492607 2.963328
 11250.000000 4.918385 1.472337 2.961399
 11253.000000 4.946023 1.519443 2.925027
 11256.000000 4.929321 1.532301 2.936758
 11259.000000 4.822221 1.531688 2.928723
 11262.000000 4.906146 1.553867 2.910620
 11265.000000 4.967254 1.555050 2.916620
 11268.000000 4.931294 1.528867 2.942888
 11271.000000 4.907686 1.533235 2.934408
 11274.000000 4.888630 1.536167 2.940367
 11277.000000 4.909872 1.576954 2.927108
 11280.000000 4.969870 1.571086 2.921298
 11283.000000 5.051257 1.553316 2.957038
 11286.000000 4.957025 1.560822 2.925834
 11289.000000 4.926040 1.577597 2.895437
 11292.000000 4.888328 1.557304 2.931833
 11295.000000 4.928343 1.594879 2.924385
 11298.000000 4.935255 1.584554 2.929336
 11301.000000 4.926099 1.556221 2.951020
 11304.000000 5.002606 1.571192 2.918250
 11307.000000 4.972619 1.549074 2.951351
 11310.000000 4.947584 1.566766 2.937760
 11313.000000 4.870848 1.517803 2.945276
 11316.000000 4.908246 1.517064 2.977285
 11319.000000 4.887981 1.539113 2.930625
 11322.000000 4.893518 1.521784 2.935992
 11325.000000 4.966217 1.548907 2.954575
 11328.000000 4.898712 1.556162 2.955565
 11331.000000 4.909731 1.566857 2.924037
 11334.000000 4.879195 1.538037 2.969583
 11337.000000 4.874007 1.541279 2.943105
 11340.000000 4.938275 1.558648 2.943534
 11343.000000 4.969150 1.556670 2.913406
 11346.000000 4.969366 1.570927 2.939874
 11349.000000 4.882178 1.601346 2.927088
 11352.000000 4.857064 1.584707 2.955947
 11355.000000 4.829434 1.583532 2.934000
 11358.000000 4.778732 1.589961 2.934180
 11361.000000 4.775324 1.573917 2.936990
 11364.000000 4.811721 1.573339 2.971245
 11367.000000 4.808221 1.585142 2.963143
 11370.000000 4.813407 1.579008 2.959471
 11373.000000 4.741045 1.572881 2.931809
 11376.000000 4.740511 1.573367 2.946923
 11379.000000 4.728743 1.585131 2.945955
 11382.000000 4.757203 1.560827 2.954797
 11385.000000 4.831384 1.548459 2.970048
 11388.000000 4.775492 1.544666 2.958773
 11391.000000 4.792337 1.559371 2.993289
 11394.000000 4.808345 1.564978 3.013355
 11397.000000 4.804977 1.571669 2.989907
 11400.000000 4.811212 1.583813 2.984013
 11403.000000 4.904705 1.608463 2.981644
 11406.000000 4.893427 1.581477 2.966705
 11409.000000 4.972583 1.567087 3.005396
 11412.000000 4.961647 1.566365 2.995187
 11415.000000 5.014755 1.579039 2.981585
 11418.000000 5.023593 1.594321 2.969098
 11421.000000 5.091149 1.586449 2.955747
 11424.000000 5.030060 1.591173 2.925551
 11427.000000 5.075907 1.550190 2.945974
 11430.000000 5.085399 1.540504 2.953937
 11433.000000 5.063510 1.526158 3.016877
 11436.000000 5.043744 1.546065 2.980163
 11439.000000 5.013070 1.535816 2.971557
 11442.000000 4.963814 1.557841 2.982301
 11445.000000 5.055310 1.551412 3.006223
 11448.000000 5.028990 1.554627 2.981975
 11451.000000 4.996410 1.554419 2.987216
 11454.000000 5.006660 1.576761 2.955172
 11457.000000 5.021597 1.561640 2.963957
 11460.000000 5.085134 1.586782 2.966205
 11463.000000 5.078049 1.585537 2.981796
 11466.000000 5.118492 1.582640 2.983017
 11469.000000 5.138406 1.562663 2.962910
 11472.000000 5.039684 1.577832 2.956322
 11475.000000 4.929853 1.545852 2.952509
 11478.000000 4.908828 1.568680 2.921337
 11481.000000 5.029690 1.557131 2.945896
 11484.000000 5.072819 1.555159 2.937367
 11487.000000 5.020712 1.526424 2.960383
 11490.000000 5.044859 1.539441 2.950114
 11493.000000 5.077142 1.539946 2.968888
 11496.000000 5.047408 1.545510 2.904731
 11499.000000 5.028451 1.521252 2.943390
 11502.000000 4.998959 1.525282 2.941856
 11505.000000 5.119203 1.531354 2.980408
 11508.000000 5.005779 1.522117 2.971056
 11511.000000 4.950027 1.494407 2.988239
 11514.000000 4.999681 1.512215 2.986119
 11517.000000 4.948017 1.521584 2.985365
 11520.000000 4.965598 1.515939 2.965726
 11523.000000 5.004253 1.547756 2.937351
 11526.000000 5.019244 1.539366 2.954911
 11529.000000 5.034136 1.550878 2.962495
 11532.000000 4.964558 1.516813 2.986454
 11535.000000 5.033916 1.519428 2.970368
 11538.000000 5.119957 1.533109 2.969002
 11541.000000 5.109987 1.524983 3.005047
 11544.000000 5.064764 1.541503 3.009193
 11547.000000 5.018297 1.525800 3.013232
 11550.000000 5.014064 1.511903 3.006157
 11553.000000 5.035655 1.512971 2.986404
 11556.000000 4.956862 1.549239 2.987672
 11559.000000 4.919221 1.510028 2.998031
 11562.000000 4.833965 1.514175 2.977034
 11565.000000 4.974027 1.550710 2.957083
 11568.000000 4.910755 1.557241 2.966260
 11571.000000 4.969345 1.569558 2.965438
 11574.000000 4.945515 1.563448 2.967533
 11577.000000 4.930989 1.545463 2.946626
 11580.000000 4.986269 1.563988 2.969699
 11583.000000 4.908682 1.543129 2.991608
 11586.000000 4.843826 1.526285 2.994661
 11589.000000 4.876785 1.560850 2.972064
 11592.000000 4.966287 1.558481 2.958411
 11595.000000 4.904994 1.532283 2.951759
 11598.000000 4.980137 1.526748 2.998729
 11601.000000 4.945633 1.536781 2.996608
 11604.000000 4.922963 1.521310 3.010809
 11607.000000 4.899199 1.499808 2.987122
 11610.000000 4.913766 1.492838 2.986923
 11613.000000 4.908496 1.512835 2.981631
 11616.000000 5.026297 1.514328 2.998644
 11619.000000 5.062707 1.529765 2.981378
 11622.000000 5.057978 1.522544 2.982247
 11625.000000 5.025985 1.525767 2.951416
 11628.000000 5.111592 1.528909 2.981160
 11631.000000 5.115838 1.520965 2.975817
 11634.000000 5.016882 1.503244 2.995277
 11637.000000 5.041152 1.521378 2.985681
 11640.000000 5.120235 1.529979 3.025420
 11643.000000 5.067247 1.528221 2.986715
 11646.000000 4.989221 1.547490 2.985080
 11649.000000 4.935756 1.561234 3.004962
 11652.000000 5.019033 1.556528 3.028733
 11655.000000 4.997331 1.549526 3.004226
 11658.000000 4.989672 1.550659 2.965970
 11661.000000 5.003692 1.551640 2.957175
 11664.000000 5.097678 1.576892 2.989864
 11667.000000 4.981615 1.554295 2.951267
 11670.000000 5.026408 1.556106 2.953376
 11673.000000 5.045251 1.537909 2.917667
 11676.000000 5.073829 1.522398 2.968291
 11679.000000 5.069048 1.563318 2.946975
 11682.000000 5.016247 1.574378 2.917294
 11685.000000 5.038510 1.576908 2.961502
 11688.000000 4.904230 1.550304 2.971002
 11691.000000 4.944019 1.560324 2.962121
 11694.000000 4.939094 1.558089 2.941850
 11697.000000 4.975422 1.549285 2.973434
 11700.000000 4.911379 1.528199 2.989446
 11703.000000 4.898448 1.532288 2.977301
 11706.000000 4.955853 1.527837 2.978363
 11709.000000 4.917007 1.541101 2.989650
 11712.000000 4.956165 1.523896 2.993105
 11715.000000 5.028161 1.537022 3.004904
 11718.000000 5.054141 1.520608 3.021275
 11721.000000 4.976896 1.546534 2.991579
 11724.000000 5.081575 1.532553 2.982520
 11727.000000 4.990990 1.554074 2.938473
 11730.000000 4.971597 1.557500 2.958164
 11733.000000 4.936178 1.537236 2.984367
 11736.000000 4.918991 1.536553 2.959793
 11739.000000 4.890305 1.530278 2.969403
 11742.000000 4.862190 1.528813 2.972176
 11745.000000 4.951260 1.544885 2.977902
 11748.000000 4.897004 1.541661 2.958834
 11751.000000 4.852771 1.557402 2.914723
 11754.000000 4.900773 1.570446 2.920932
 11757.000000 5.002967 1.556725 2.920473
 11760.000000 4.945454 1.543901 2.953298
 11763.000000 4.949424 1.522065 2.909572
 11766.000000 4.871998 1.493511 2.957042
 11769.000000 4.942986 1.467760 2.938166
 11772.000000 4.874973 1.482419 2.930282
 11775.000000 4.975782 1.506594 2.907771
 11778.000000 4.918726 1.476210 2.948332
 11781.000000 5.017487 1.498794 2.956189
 11784.000000 5.007736 1.495464 2.967495
 11787.000000 5.097311 1.486090 3.010890
 11790.000000 5.102248 1.509587 2.961528
 11793.000000 4.999214 1.511146 2.980028
 11796.000000 4.988703 1.513401 2.929082
 11799.000000 4.864409 1.512815 2.929016
 11802.000000 4.904601 1.501872 2.985289
 11805.000000 4.934551 1.495446 2.970254
 11808.000000 5.015282 1.493656 2.979228
 11811.000000 4.970804 1.485151 2.982047
 11814.000000 5.031763 1.511231 2.973513
 11817.000000 5.065759 1.498579 2.971236
 11820.000000 5.005706 1.496866 2.968941
 11823.000000 4.933494 1.491955 2.973329
 11826.000000 4.986665 1.484259 2.953903
 11829.000000 4.925600 1.472418 2.959024
 11832.000000 4.984344 1.490945 2.945092
 11835.000000 4.956449 1.481359 2.965103
 11838.000000 4.938799 1.481544 2.953701
 11841.000000 4.963465 1.459575 2.968461
 11844.000000 5.020431 1.473802 2.935037
 11847.000000 5.021235 1.498595 2.930209
 11850.000000 4.981177 1.483171 2.923535
 11853.000000 5.086165 1.509449 2.945114
 11856.000000 5.147117 1.514386 2.938903
 11859.000000 5.181411 1.512557 2.971773
 11862.000000 5.093523 1.510871 2.954990
 11865.000000 5.056466 1.485676 2.973462
 11868.000000 5.014483 1.503935 2.949137
 11871.000000 4.967564 1.501940 2.960377
 11874.000000 4.902882 1.512962 2.946289
 11877.000000 5.008555 1.499085 2.952119
 11880.000000 4.969507 1.507314 2.960119
 11883.000000 5.044836 1.496781 2.967822
 11886.000000 4.990530 1.484573 3.003529
 11889.000000 4.955242 1.482699 2.959674
 11892.000000 4.968513 1.483090 2.984769
 11895.000000 4.872481 1.487519 2.975088
 11898.000000 4.902844 1.462468 3.013410
 11901.000000 4.856999 1.485015 2.985852
 11904.000000 5.018495 1.459700 2.987616
 11907.000000 4.978904 1.477077 2.967614
 11910.000000 4.960065 1.495416 2.935514
 11913.000000 5.040010 1.508837 2.892961
 11916.000000 5.032494 1.476958 2.939334
 11919.000000 5.003009 1.505185 2.959546
 11922.000000 4.997107 1.507030 2.955243
 11925.000000 4.939432 1.515295 2.943350
 11928.000000 4.955732 1.509927 2.932547
 11931.000000 5.100749 1.519222 2.911977
 11934.000000 5.003133 1.508148 2.935979
 11937.000000 5.002463 1.509637 2.927644
 11940.000000 5.031397 1.505562 2.943829
 11943.000000 5.125249 1.522459 2.952426
 11946.000000 5.055090 1.540003 2.937744
 11949.000000 4.946994 1.510042 2.955795
 11952.000000 4.989219 1.544944 2.925568
 11955.000000 4.929659 1.512776 2.935818
 11958.000000 4.872918 1.521054 2.943542
 11961.000000 4.859432 1.529686 2.941923
 11964.000000 4.855009 1.520604 2.964091
 11967.000000 4.817708 1.516834 2.978558
 11970.000000 4.866753 1.510456 2.945886
 11973.000000 4.857251 1.526410 2.972058
 11976.000000 4.905342 1.519722 2.950906
 11979.000000 4.833084 1.508514 2.952410
 11982.000000 4.872022 1.510247 2.953196
 11985.000000 4.875258 1.512870 2.931488
 11988.000000 4.853028 1.506507 2.914992
 11991.000000 4.967562 1.515700 2.907442
 11994.000000 4.958646 1.514269 2.919044
 11997.000000 4.965120 1.491034 2.929855
 12000.000000 4.924949 1.448009 2.968420
 12003.000000 4.885021 1.492034 2.923421
 12006.000000 4.908106 1.482492 2.931481
 12009.000000 4.892967 1.514897 2.926504
 12012.000000 4.911510 1.526216 2.951943
 12015.000000 4.986753 1.543262 2.895670
 12018.000000 5.029769 1.545124 2.917043
 12021.000000 5.011318 1.527110 2.961191
 12024.000000 5.035746 1.563023 2.920601
 12027.000000 4.958123 1.524045 2.969226
 12030.000000 4.905913 1.527191 2.967186
 12033.000000 4.911730 1.511671 2.937280
 12036.000000 4.905082 1.510718 2.955579
 12039.000000 4.947042 1.537051 2.938002
 12042.000000 4.927484 1.526131 2.913582
 12045.000000 4.975103 1.496820 2.924558
 12048.000000 4.994854 1.507276 2.912585
 12051.000000 4.990920 1.501660 2.937387
 12054.000000 5.063023 1.539811 2.883974
 12057.000000 4.980581 1.513900 2.885500
 12060.000000 5.028449 1.518639 2.901303
 12063.000000 5.017117 1.520694 2.892661
 12066.000000 4.993330 1.515936 2.935544
 12069.000000 5.002905 1.539966 2.925451
 12072.000000 5.016803 1.540508 2.952996
 12075.000000 4.990550 1.531738 2.974526
 12078.000000 5.041573 1.515702 2.978635
 12081.000000 4.920620 1.520548 2.955011
 12084.000000 4.851448 1.509466 2.927851
 12087.000000 4.817246 1.505367 2.945482
 12090.000000 4.873537 1.502603 2.957779
 12093.000000 4.898313 1.475821 2.974319
 12096.000000 4.885040 1.510467 2.933654
 12099.000000 4.928329 1.519756 2.930812
 12102.000000 4.983821 1.512275 2.951740
 12105.000000 5.048073 1.522804 2.925305
 12108.000000 5.060456 1.500268 2.960265
 12111.000000 5.047388 1.504938 2.937575
 12114.000000 5.069684 1.502513 2.955035
 12117.000000 5.077106 1.496798 2.919712
 12120.000000 5.129443 1.500285 2.897912
 12123.000000 5.074717 1.473318 2.937665
 12126.000000 5.053012 1.471082 2.914647
 12129.000000 4.963820 1.443737 2.916980
 12132.000000 5.045866 1.475869 2.874581
 12135.000000 5.075944 1.476724 2.899795
 12138.000000 5.080359 1.482080 2.898070
 12141.000000 5.103816 1.459856 2.913600
 12144.000000 5.158066 1.486906 2.902985
 12147.000000 5.097505 1.474782 2.876079
 12150.000000 5.066515 1.458929 2.907298
 12153.000000 5.077381 1.453731 2.905821
 12156.000000 5.080912 1.462995 2.914107
 12159.000000 5.086185 1.451163 2.907619
 12162.000000 5.128015 1.444786 2.915894
 12165.000000 5.019112 1.447722 2.922917
 12168.000000 5.009934 1.460425 2.921768
 12171.000000 5.004161 1.467561 2.929834
 12174.000000 5.106303 1.487563 2.932564
 12177.000000 5.067300 1.481777 2.923130
 12180.000000 5.016895 1.511224 2.944564
 12183.000000 4.941627 1.500534 2.984228
 12186.000000 4.910360 1.493911 2.982478
 12189.000000 4.939110 1.490788 2.963429
 12192.000000 4.937843 1.478953 2.943700
 12195.000000 4.942728 1.468911 2.984094
 12198.000000 4.968563 1.477106 2.973293
 12201.000000 5.054879 1.477140 2.964968
 12204.000000 5.003692 1.494137 2.951100
 12207.000000 4.993053 1.486897 2.937644
 12210.000000 5.015429 1.473894 2.960649
 12213.000000 5.042760 1.481470 2.987752
 12216.000000 5.035025 1.474402 2.984945
 12219.000000 4.907359 1.441647 3.018738
 12222.000000 4.916040 1.477532 2.983891
 12225.000000 4.902794 1.475166 3.004043
 12228.000000 4.894267 1.526240 2.965715
 12231.000000 4.868573 1.511255 2.978850
 12234.000000 4.843806 1.496395 3.013489
 12237.000000 4.860573 1.475005 3.001907
 12240.000000 4.905445 1.510160 2.980473
 12243.000000 4.893103 1.534547 2.973377
 12246.000000 4.927126 1.543349 2.977425
 12249.000000 4.934997 1.538834 2.950865
 12252.000000 4.893965 1.523246 2.981300
 12255.000000 4.866985 1.496430 3.000432
 12258.000000 4.914582 1.514698 2.971584
 12261.000000 4.929555 1.536886 2.973005
 12264.000000 4.972058 1.542146 2.971738
 12267.000000 4.999589 1.537122 2.978457
 12270.000000 4.934936 1.530351 2.992209
 12273.000000 4.873961 1.496931 3.008003
 12276.000000 4.950397 1.518731 3.009951
 12279.000000 4.928876 1.533119 2.964339
 12282.000000 4.970881 1.545644 2.973807
 12285.000000 4.945827 1.531394 2.944025
 12288.000000 4.934718 1.522719 2.981009
 12291.000000 5.048045 1.529160 2.924635
 12294.000000 4.968943 1.497324 2.967867
 12297.000000 4.922439 1.497332 2.919024
 12300.000000 4.909434 1.471125 2.932243
 12303.000000 4.990731 1.474101 3.001396
 12306.000000 4.928003 1.469412 3.002216
 12309.000000 4.953952 1.479604 2.989355
 12312.000000 4.970861 1.482694 3.014790
 12315.000000 4.971707 1.491926 3.006066
 12318.000000 4.915255 1.485635 2.985705
 12321.000000 4.958526 1.503026 2.975762
 12324.000000 4.979707 1.509346 2.960389
 12327.000000 5.003013 1.486734 2.984646
 12330.000000 5.003129 1.492529 2.979600
 12333.000000 4.997701 1.477576 2.959580
 12336.000000 4.945283 1.470747 2.949235
 12339.000000 4.894850 1.490126 2.923468
 12342.000000 4.965104 1.472088 2.911719
 12345.000000 5.011802 1.452719 2.962416
 12348.000000 5.060583 1.441001 2.980171
 12351.000000 5.048033 1.463096 2.948342
 12354.000000 5.051050 1.489042 2.950306
 12357.000000 5.092320 1.507326 2.906523
 12360.000000 5.044757 1.494171 2.942945
 12363.000000 5.081300 1.483026 2.953547
 12366.000000 5.021462 1.473046 2.967195
 12369.000000 4.960102 1.503949 2.911634
 12372.000000 4.987544 1.494907 2.915734
 12375.000000 4.951165 1.515988 2.906808
 12378.000000 4.962684 1.523378 2.909292
 12381.000000 4.896706 1.517391 2.879627
 12384.000000 4.833346 1.487153 2.931891
 12387.000000 4.868602 1.523296 2.887516
 12390.000000 4.853384 1.516625 2.920428
 12393.000000 4.880128 1.485620 2.959937
 12396.000000 4.893730 1.476962 2.968475
 12399.000000 4.960129 1.485472 2.999506
 12402.000000 4.995433 1.529456 2.981394
 12405.000000 4.989579 1.500112 2.972436
 12408.000000 5.081038 1.547120 2.963233
 12411.000000 5.071403 1.535896 2.957614
 12414.000000 4.971287 1.549143 2.954491
 12417.000000 4.977057 1.550071 2.956701
 12420.000000 5.079987 1.520682 2.996290
 12423.000000 5.084230 1.520818 2.976504
 12426.000000 5.092531 1.494111 2.979136
 12429.000000 5.072002 1.501050 2.973224
 12432.000000 5.105199 1.496632 2.979040
 12435.000000 5.045132 1.518431 2.951640
 12438.000000 5.067672 1.533688 2.950324
 12441.000000 4.977366 1.528323 2.955943
 12444.000000 4.968354 1.506598 2.943321
 12447.000000 5.029731 1.520309 2.932762
 12450.000000 5.083912 1.515763 2.955821
 12453.000000 5.071621 1.534913 2.947202
 12456.000000 5.014536 1.532790 2.959676
 12459.000000 5.053957 1.534613 2.970388
 12462.000000 5.106714 1.525986 2.994332
 12465.000000 5.093962 1.524093 2.986587
 12468.000000 5.110373 1.551917 2.946296
 12471.000000 5.173800 1.533906 2.970007
 12474.000000 5.210075 1.524537 2.954926
 12477.000000 5.064485 1.505453 2.950002
 12480.000000 5.117172 1.515933 2.961139
 12483.000000 5.091865 1.524304 2.924686
 12486.000000 5.044446 1.520537 2.917429
 12489.000000 5.074262 1.500949 2.960756
 12492.000000 5.056790 1.530344 2.927237
 12495.000000 5.031666 1.508997 2.960781
 12498.000000 5.028950 1.512078 2.980177
 12501.000000 5.048691 1.505971 2.975571
 12504.000000 5.112665 1.507098 2.970963
 12507.000000 5.058293 1.533838 3.012735
 12510.000000 5.082166 1.505306 3.023082
 12513.000000 5.066003 1.504397 3.009774
 12516.000000 5.110305 1.508775 2.994119
 12519.000000 5.074119 1.501452 2.991013
 12522.000000 5.174682 1.501590 3.023398
 12525.000000 5.098073 1.510641 2.995642
 12528.000000 5.127910 1.510759 2.988396
 12531.000000 5.182133 1.487851 2.977710
 12534.000000 5.153318 1.489225 2.995064
 12537.000000 5.207462 1.497521 3.006606
 12540.000000 5.291504 1.517971 2.960727
 12543.000000 5.254944 1.540939 2.942561
 12546.000000 5.211106 1.527646 2.936926
 12549.000000 5.231702 1.536754 2.923163
 12552.000000 5.164776 1.535123 2.941079
 12555.000000 5.222053 1.536897 2.928206
 12558.000000 5.145825 1.537034 2.949771
 12561.000000 5.079193 1.525071 2.936495
 12564.000000 5.060870 1.481572 2.949669
 12567.000000 5.066003 1.492520 2.922592
 12570.000000 5.167751 1.512808 2.920693
 12573.000000 5.074924 1.520661 2.913766
 12576.000000 5.152026 1.516156 2.953010
 12579.000000 5.110355 1.509519 2.940550
 12582.000000 5.023312 1.467274 2.960659
 12585.000000 5.017296 1.480972 2.970254
 12588.000000 5.078083 1.517000 2.953046
 12591.000000 5.030764 1.485430 2.969253
 12594.000000 4.983529 1.465091 2.996702
 12597.000000 5.061052 1.485764 2.985021
 12600.000000 5.103680 1.509121 2.965624
 12603.000000 5.000825 1.494894 2.962246
 12606.000000 5.012726 1.505220 2.963212
 12609.000000 4.995660 1.491192 2.964452
 12612.000000 4.989072 1.515793 2.945877
 12615.000000 4.944404 1.504144 2.922368
 12618.000000 5.015701 1.520123 2.890837
 12621.000000 5.070015 1.513944 2.932359
 12624.000000 5.018132 1.529579 2.929012
 12627.000000 5.101480 1.503433 2.957279
 12630.000000 5.069392 1.525196 2.902262
 12633.000000 5.019432 1.503710 2.925153
 12636.000000 4.913972 1.517220 2.899017
 12639.000000 4.942451 1.519631 2.926777
 12642.000000 4.927217 1.487559 2.934562
 12645.000000 4.993988 1.502799 2.974100
 12648.000000 5.085195 1.520072 2.944545
 12651.000000 4.997544 1.486009 2.959294
 12654.000000 4.947631 1.505566 2.953334
 12657.000000 5.066905 1.513988 2.977666
 12660.000000 5.083177 1.526803 2.975098
 12663.000000 5.045484 1.496291 2.952482
 12666.000000 5.049018 1.501529 2.956769
 12669.000000 5.036379 1.501814 2.963232
 12672.000000 5.020423 1.494707 2.988235
 12675.000000 5.067077 1.488430 3.001797
 12678.000000 5.073135 1.491643 2.974268
 12681.000000 5.075477 1.508383 2.961022
 12684.000000 5.099922 1.500897 2.923599
 12687.000000 5.119170 1.492500 2.928339
 12690.000000 5.086782 1.469029 2.952633
 12693.000000 5.033103 1.495917 2.926863
 12696.000000 4.964751 1.504913 2.944624
 12699.000000 4.938703 1.518896 2.938156
 12702.000000 5.006885 1.526865 2.939552
 12705.000000 4.909123 1.501682 2.964316
 12708.000000 4.907900 1.547103 2.912019
 12711.000000 4.930349 1.510761 2.936270
 12714.000000 4.954775 1.526445 2.922161
 12717.000000 4.983155 1.544031 2.925642
 12720.000000 4.891454 1.522672 2.942364
 12723.000000 4.923486 1.544218 2.887001
 12726.000000 4.970262 1.545176 2.898990
 12729.000000 4.964323 1.525331 2.941199
 12732.000000 4.939294 1.541720 2.937550
 12735.000000 4.952613 1.527497 2.937991
 12738.000000 4.964493 1.539366 2.899235
 12741.000000 4.991306 1.560091 2.893421
 12744.000000 4.973068 1.550034 2.911912
 12747.000000 5.017343 1.551604 2.897636
 12750.000000 5.038672 1.535614 2.942282
 12753.000000 4.968437 1.522757 2.933832
 12756.000000 4.955541 1.551795 2.918053
 12759.000000 4.886372 1.560641 2.896871
 12762.000000 4.963565 1.553137 2.932236
 12765.000000 4.972708 1.575274 2.934568
 12768.000000 4.943256 1.561867 2.923798
 12771.000000 5.035349 1.573867 2.904701
 12774.000000 5.092446 1.559120 2.937715
 12777.000000 5.075131 1.545731 2.944079
 12780.000000 5.014085 1.515847 2.983003
 12783.000000 5.038292 1.519389 2.982952
 12786.000000 5.012536 1.527805 2.946387
 12789.000000 5.058245 1.568219 2.958576
 12792.000000 5.008384 1.566478 2.950523
 12795.000000 5.134419 1.552298 2.955527
 12798.000000 5.036982 1.541598 2.942640
 12801.000000 5.073033 1.544550 2.957842
 12804.000000 5.197243 1.582785 2.933546
 12807.000000 5.109931 1.560217 2.970469
 12810.000000 5.181427 1.550301 2.958441
 12813.000000 5.186218 1.579991 2.928665
 12816.000000 5.070369 1.578915 2.935932
 12819.000000 5.146354 1.592051 2.942975
 12822.000000 5.178737 1.570227 2.929199
 12825.000000 5.091743 1.570226 2.920316
 12828.000000 5.045527 1.563859 2.934962
 12831.000000 5.104839 1.601409 2.919907
 12834.000000 5.062326 1.574870 2.954854
 12837.000000 5.066159 1.598854 2.939557
 12840.000000 5.097247 1.573117 2.958550
 12843.000000 5.130653 1.593039 2.955017
 12846.000000 5.140033 1.559257 2.964252
 12849.000000 5.066722 1.559683 2.948264
 12852.000000 4.994474 1.554640 2.954611
 12855.000000 4.979524 1.551468 2.982068
 12858.000000 5.027623 1.578400 2.943592
 12861.000000 5.096713 1.560210 3.022275
 12864.000000 5.124005 1.559894 2.988760
 12867.000000 5.064889 1.587744 2.975836
 12870.000000 5.097112 1.570417 2.932891
 12873.000000 5.025317 1.565794 2.943868
 12876.000000 5.048487 1.548161 2.921919
 12879.000000 4.998996 1.550768 2.934497
 12882.000000 5.003761 1.514122 2.923085
 12885.000000 5.039977 1.537804 2.912986
 12888.000000 5.040585 1.535787 2.938757
 12891.000000 5.043932 1.521872 2.922341
 12894.000000 5.106943 1.508804 2.944452
 12897.000000 5.036439 1.517076 2.941139
 12900.000000 5.026397 1.520774 2.952671
 12903.000000 5.028686 1.504397 2.952302
 12906.000000 5.035980 1.518934 2.922305
 12909.000000 5.080655 1.497262 2.951351
 12912.000000 5.094545 1.504998 2.948474
 12915.000000 5.033067 1.484796 2.975729
 12918.000000 4.910832 1.525588 2.930254
 12921.000000 4.954059 1.506945 2.932846
 12924.000000 4.985777 1.511167 2.948559
 12927.000000 4.936900 1.534017 2.935225
 12930.000000 4.883750 1.509880 2.955568
 12933.000000 4.885064 1.527776 2.925664
 12936.000000 4.841727 1.534588 2.919567
 12939.000000 4.845677 1.521457 2.932009
 12942.000000 4.878892 1.513756 2.951286
 12945.000000 4.913944 1.550420 2.956677
 12948.000000 4.862752 1.554655 2.937092
 12951.000000 4.837787 1.538398 2.960373
 12954.000000 4.915950 1.556092 2.945366
 12957.000000 4.892600 1.536851 2.966004
 12960.000000 4.920004 1.555322 2.958347
 12963.000000 4.885297 1.537004 2.983512
 12966.000000 4.931759 1.526357 2.969789
 12969.000000 4.961298 1.534422 2.965545
 12972.000000 5.009541 1.538021 2.974720
 12975.000000 5.016476 1.514748 2.953249
 12978.000000 4.982544 1.517455 2.989497
 12981.000000 4.957265 1.497493 3.018297
 12984.000000 4.914403 1.497252 3.030063
 12987.000000 4.896550 1.488164 3.028576
 12990.000000 4.871345 1.496954 2.979290
 12993.000000 4.915689 1.520338 3.006266
 12996.000000 4.939006 1.518060 2.994627
 12999.000000 4.910479 1.527741 2.985526
 13002.000000 4.864582 1.535481 2.975682
 13005.000000 4.894865 1.535636 2.993079
 13008.000000 4.865145 1.515048 2.996669
 13011.000000 4.934772 1.511756 2.970843
 13014.000000 4.995563 1.506646 2.962052
 13017.000000 5.002888 1.478252 2.982352
 13020.000000 4.891439 1.514773 2.964256
 13023.000000 4.853920 1.529803 2.927031
 13026.000000 4.873493 1.529917 2.941817
 13029.000000 4.899199 1.518437 2.953168
 13032.000000 4.900366 1.509656 2.981442
 13035.000000 4.903197 1.535884 2.970169
 13038.000000 4.974195 1.563297 2.916481
 13041.000000 4.949161 1.544792 2.929185
 13044.000000 4.983003 1.521399 2.926441
 13047.000000 5.104661 1.542719 2.933341
 13050.000000 5.054521 1.567842 2.935278
 13053.000000 5.046004 1.538805 2.966737
 13056.000000 5.054392 1.523101 3.001242
 13059.000000 5.004762 1.535151 2.963864
 13062.000000 5.060794 1.524680 2.959670
 13065.000000 5.068498 1.518864 2.958742
 13068.000000 5.036073 1.545868 2.944288
 13071.000000 4.922088 1.525726 2.943892
 13074.000000 4.898350 1.535514 2.923506
 13077.000000 4.915129 1.539870 2.903481
 13080.000000 4.885005 1.535460 2.923262
 13083.000000 4.922212 1.516205 2.947054
 13086.000000 4.928177 1.538848 2.931647
 13089.000000 4.876823 1.553377 2.934004
 13092.000000 4.822420 1.548639 2.939666
 13095.000000 4.983682 1.551155 2.938331
 13098.000000 4.851437 1.544165 2.941721
 13101.000000 4.923961 1.531325 2.936440
 13104.000000 5.006629 1.539021 2.936809
 13107.000000 5.011234 1.528392 2.940006
 13110.000000 4.949142 1.514132 2.923830
 13113.000000 4.884040 1.513232 2.919639
 13116.000000 4.868526 1.523806 2.911245
 13119.000000 4.905042 1.510019 2.932254
 13122.000000 4.968084 1.524100 2.924772
 13125.000000 5.070866 1.509954 2.930188
 13128.000000 5.008197 1.497480 2.936817
 13131.000000 4.914538 1.497237 2.938483
 13134.000000 5.041541 1.481952 2.955541
 13137.000000 5.062480 1.506267 2.952898
 13140.000000 5.038805 1.492471 2.955239
 13143.000000 5.037774 1.500723 2.915411
 13146.000000 5.071765 1.473735 2.905483
 13149.000000 5.016571 1.474550 2.915840
 13152.000000 4.997453 1.485314 2.915794
 13155.000000 5.000568 1.477213 2.915598
 13158.000000 4.982755 1.516995 2.887021
 13161.000000 4.968639 1.459705 2.911407
 13164.000000 4.982279 1.482328 2.872658
 13167.000000 4.927164 1.501355 2.900503
 13170.000000 4.930587 1.513830 2.914047
 13173.000000 5.002689 1.512017 2.908133
 13176.000000 4.913623 1.519445 2.891378
 13179.000000 4.906704 1.507823 2.898525
 13182.000000 4.915800 1.489904 2.917738
 13185.000000 4.966745 1.500765 2.915285
 13188.000000 5.071941 1.512960 2.906507
 13191.000000 5.098510 1.536717 2.898094
 13194.000000 5.140645 1.523138 2.943982
 13197.000000 5.071947 1.506971 2.966242
 13200.000000 5.133530 1.504815 2.971106
 13203.000000 5.155053 1.498478 2.988388
 13206.000000 5.196486 1.501521 2.941488
 13209.000000 5.090811 1.486600 2.921128
 13212.000000 5.128351 1.524194 2.921756
 13215.000000 5.052018 1.497292 2.951360
 13218.000000 4.980734 1.473567 2.955491
 13221.000000 4.989068 1.489524 2.960378
 13224.000000 4.997806 1.500604 2.932035
 13227.000000 4.993636 1.488619 2.969979
 13230.000000 4.989356 1.480408 2.962914
 13233.000000 5.064080 1.475605 2.991554
 13236.000000 5.101084 1.506470 2.971039
 13239.000000 5.119356 1.491826 2.953160
 13242.000000 5.051406 1.497060 2.932036
 13245.000000 5.042230 1.478072 2.979056
 13248.000000 5.084592 1.477633 2.941629
 13251.000000 5.061412 1.489679 2.915946
 13254.000000 5.064078 1.475672 2.928344
 13257.000000 4.994256 1.473875 2.940918
 13260.000000 5.052397 1.465191 2.954598
 13263.000000 5.070641 1.488666 2.945734
 13266.000000 5.025351 1.514352 2.920610
 13269.000000 4.966907 1.514047 2.915772
 13272.000000 5.013538 1.505701 2.937456
 13275.000000 5.040029 1.513719 2.942148
 13278.000000 4.986758 1.523964 2.910977
 13281.000000 5.038347 1.509681 2.923918
 13284.000000 5.049722 1.516002 2.884212
 13287.000000 5.100122 1.484418 2.928715
 13290.000000 5.058744 1.485816 2.925034
 13293.000000 5.095233 1.481072 2.911445
 13296.000000 5.136453 1.469168 2.912957
 13299.000000 5.109919 1.470698 2.896617
 13302.000000 5.076888 1.428493 2.965928
 13305.000000 5.025010 1.426477 2.940602
 13308.000000 5.102319 1.460597 2.928397
 13311.000000 5.122978 1.496375 2.925636
 13314.000000 5.043827 1.517920 2.927842
 13317.000000 4.962751 1.510261 2.928523
 13320.000000 4.996709 1.516163 2.929694
 13323.000000 4.958296 1.505622 2.930621
 13326.000000 4.951507 1.496085 2.938622
 13329.000000 4.977860 1.487011 2.919776
 13332.000000 4.926622 1.481115 2.964760
 13335.000000 4.980673 1.514515 2.930094
 13338.000000 5.019219 1.510906 2.924679
 13341.000000 4.967120 1.506473 2.914927
 13344.000000 4.966503 1.483571 2.928130
 13347.000000 4.916625 1.504473 2.956721
 13350.000000 4.979298 1.527339 2.953541
 13353.000000 5.046491 1.553858 2.969964
 13356.000000 4.946551 1.540411 2.955858
 13359.000000 4.946902 1.513752 2.959818
 13362.000000 4.942921 1.523188 2.967434
 13365.000000 4.942222 1.504909 2.969028
 13368.000000 4.996940 1.498925 2.971461
 13371.000000 5.015129 1.507605 2.972740
 13374.000000 4.930006 1.496318 2.971369
 13377.000000 4.938145 1.511186 2.978091
 13380.000000 4.925163 1.483924 2.990366
 13383.000000 5.047698 1.501037 2.919450
 13386.000000 4.959115 1.477018 2.918784
 13389.000000 4.972689 1.496180 2.951672
 13392.000000 5.001638 1.511889 2.934281
 13395.000000 5.078853 1.516837 2.925924
 13398.000000 5.032830 1.523735 2.935377
 13401.000000 4.976538 1.500778 2.916832
 13404.000000 4.953577 1.500381 2.920148
 13407.000000 4.961138 1.483952 2.922028
 13410.000000 4.928802 1.468101 2.933123
 13413.000000 5.024209 1.481331 2.915230
 13416.000000 4.964683 1.456174 2.932716
 13419.000000 5.003380 1.445156 2.956936
 13422.000000 5.060072 1.489678 2.946681
 13425.000000 5.056467 1.500314 2.893568
 13428.000000 5.007079 1.482572 2.904126
 13431.000000 5.003421 1.468330 2.912818
 13434.000000 5.027985 1.478357 2.900962
 13437.000000 4.975977 1.477966 2.876448
 13440.000000 5.056512 1.486053 2.932972
 13443.000000 4.991678 1.482454 2.925798
 13446.000000 4.970900 1.469336 2.905583
 13449.000000 5.035241 1.477704 2.922485
 13452.000000 4.995272 1.499309 2.904813
 13455.000000 4.937630 1.497345 2.881838
 13458.000000 4.944606 1.480508 2.895451
 13461.000000 4.804489 1.489582 2.903234
 13464.000000 4.772249 1.506418 2.900808
 13467.000000 4.829012 1.510969 2.936601
 13470.000000 4.857361 1.520861 2.897420
 13473.000000 4.900165 1.482034 2.934393
 13476.000000 4.860042 1.483311 2.922286
 13479.000000 4.989901 1.499759 2.898129
 13482.000000 4.948937 1.490775 2.945902
 13485.000000 4.897359 1.471470 2.958261
 13488.000000 4.833074 1.466703 2.951123
 13491.000000 4.824851 1.489082 2.931372
 13494.000000 4.849823 1.473721 2.940101
 13497.000000 4.875659 1.487840 2.942263
 13500.000000 4.934061 1.496640 2.946755
 13503.000000 4.874832 1.517544 2.939545
 13506.000000 4.996796 1.543728 2.895682
 13509.000000 4.928983 1.520116 2.907523
 13512.000000 4.986953 1.513536 2.912196
 13515.000000 5.026699 1.520341 2.893403
 13518.000000 5.014887 1.520122 2.902578
 13521.000000 5.051935 1.536945 2.878370
 13524.000000 4.989742 1.488776 2.927166
 13527.000000 5.000605 1.503450 2.943268
 13530.000000 4.982357 1.518378 2.910461
 13533.000000 4.920952 1.546187 2.895996
 13536.000000 4.902816 1.552467 2.897203
 13539.000000 4.941340 1.534309 2.926934
 13542.000000 5.005526 1.548180 2.931740
 13545.000000 5.045128 1.566327 2.911130
 13548.000000 5.080851 1.529888 2.923390
 13551.000000 4.970686 1.507166 2.906362
 13554.000000 4.913817 1.490600 2.924369
 13557.000000 4.941136 1.485137 2.933639
 13560.000000 4.985231 1.505276 2.938754
 13563.000000 4.915910 1.493052 2.967108
 13566.000000 4.914125 1.504722 2.971982
 13569.000000 5.006761 1.510593 2.974229
 13572.000000 4.947922 1.504869 2.979618
 13575.000000 4.923333 1.508413 2.987338
 13578.000000 4.848984 1.532601 2.961787
 13581.000000 4.803564 1.530102 2.969776
 13584.000000 4.767574 1.546397 2.972214
 13587.000000 4.823625 1.535445 2.960225
 13590.000000 4.851645 1.518704 2.972409
 13593.000000 4.820640 1.505391 2.973089
 13596.000000 4.836765 1.522351 2.961926
 13599.000000 4.794349 1.500596 3.006469
 13602.000000 4.898573 1.497487 3.010747
 13605.000000 4.919682 1.512465 2.997814
 13608.000000 4.878764 1.481375 2.995354
 13611.000000 4.764693 1.486554 2.972470
 13614.000000 4.869340 1.488076 2.985120
 13617.000000 4.821493 1.484837 3.033120
 13620.000000 4.833672 1.509712 3.000252
 13623.000000 4.801982 1.489140 3.015532
 13626.000000 4.841372 1.494115 2.980552
 13629.000000 4.815245 1.508272 3.001715
 13632.000000 4.901479 1.498265 3.004820
 13635.000000 4.939194 1.512813 3.014628
 13638.000000 4.957442 1.487725 3.023975
 13641.000000 4.936022 1.500917 3.023050
 13644.000000 4.938411 1.460247 3.017194
 13647.000000 4.940838 1.486442 2.960366
 13650.000000 4.925276 1.487132 2.982269
 13653.000000 4.893998 1.489540 2.958492
 13656.000000 4.955764 1.490186 2.956623
 13659.000000 4.996582 1.482924 2.950962
 13662.000000 4.984575 1.487820 2.942571
 13665.000000 4.993175 1.482291 2.982785
 13668.000000 5.031122 1.503483 2.955368
 13671.000000 4.967605 1.498719 2.942366
 13674.000000 4.892778 1.474436 2.950099
 13677.000000 4.874237 1.468099 2.986933
 13680.000000 4.964125 1.471897 2.973214
 13683.000000 4.880582 1.466110 2.959404
 13686.000000 4.874872 1.448846 2.961770
 13689.000000 4.935588 1.465904 2.961888
 13692.000000 4.886885 1.453083 2.962642
 13695.000000 4.900762 1.430616 2.999671
 13698.000000 4.937671 1.459571 3.016464
 13701.000000 4.964221 1.475908 3.009160
 13704.000000 4.932207 1.460018 3.015171
 13707.000000 4.896881 1.495037 2.967855
 13710.000000 4.919470 1.511619 2.967143
 13713.000000 4.909847 1.503200 2.975586
 13716.000000 4.931417 1.483296 2.985260
 13719.000000 4.827108 1.487859 2.968968
 13722.000000 4.901693 1.469793 2.977209
 13725.000000 4.888294 1.490281 2.964715
 13728.000000 4.907995 1.498533 2.906338
 13731.000000 4.880009 1.480163 2.910601
 13734.000000 4.912566 1.506319 2.897312
 13737.000000 4.850897 1.502746 2.921431
 13740.000000 4.955780 1.522701 2.918691
 13743.000000 4.922310 1.511832 2.936384
 13746.000000 5.031500 1.510147 2.978643
 13749.000000 5.116658 1.517545 2.985734
 13752.000000 5.070243 1.519695 2.978710
 13755.000000 5.046556 1.526036 2.989605
 13758.000000 5.059436 1.545815 2.962863
 13761.000000 5.038784 1.551627 2.992387
 13764.000000 5.039072 1.555185 2.951459
 13767.000000 5.011021 1.541782 2.946878
 13770.000000 5.071435 1.544194 2.922184
 13773.000000 5.074847 1.553599 2.950208
 13776.000000 5.133995 1.548239 2.942085
 13779.000000 5.010784 1.588843 2.902479
 13782.000000 4.970526 1.560677 2.907454
 13785.000000 4.988357 1.574842 2.909045
 13788.000000 5.043601 1.570862 2.909832
 13791.000000 5.062940 1.580604 2.892244
 13794.000000 5.087871 1.591117 2.897520
 13797.000000 5.100627 1.603489 2.921143
 13800.000000 5.112199 1.598482 2.944967
 13803.000000 5.122348 1.586664 2.957379
 13806.000000 5.101428 1.544708 2.959170
 13809.000000 5.054249 1.541669 2.945706
 13812.000000 5.068199 1.513035 2.952400
 13815.000000 5.164167 1.532920 2.923593
 13818.000000 5.072622 1.543348 2.966568
 13821.000000 5.130985 1.533817 2.946264
 13824.000000 5.082002 1.526028 2.981089
 13827.000000 5.109896 1.547624 2.954652
 13830.000000 5.119855 1.537109 2.960336
 13833.000000 5.179561 1.534381 2.947845
 13836.000000 5.079240 1.545121 2.972963
 13839.000000 5.065718 1.531047 2.970259
 13842.000000 5.065587 1.502291 3.028452
 13845.000000 5.060334 1.508046 3.007308
 13848.000000 5.061742 1.523700 2.974525
 13851.000000 5.122323 1.547574 2.983186
 13854.000000 5.074986 1.531754 2.966335
 13857.000000 5.065363 1.534618 2.993034
 13860.000000 5.050030 1.544960 2.950332
 13863.000000 5.064976 1.544561 2.998597
 13866.000000 5.061491 1.521353 2.979007
 13869.000000 5.006692 1.505227 2.982715
 13872.000000 5.016525 1.542888 2.983894
 13875.000000 4.940460 1.536600 2.961141
 13878.000000 5.000865 1.557638 2.963980
 13881.000000 5.047485 1.541030 2.963807
 13884.000000 5.095943 1.578108 2.944794
 13887.000000 5.098326 1.542011 2.971822
 13890.000000 5.048179 1.544750 2.931026
 13893.000000 5.069513 1.539495 2.947727
 13896.000000 4.917895 1.534659 2.983991
 13899.000000 4.975805 1.522325 2.980797
 13902.000000 4.928397 1.538448 2.947621
 13905.000000 4.905649 1.514538 2.984168
 13908.000000 5.008374 1.549620 2.985071
 13911.000000 4.946412 1.564015 2.953202
 13914.000000 4.972746 1.552435 2.925573
 13917.000000 4.987058 1.533685 2.973394
 13920.000000 5.066865 1.531343 2.974057
 13923.000000 5.019495 1.520989 2.989622
 13926.000000 5.091266 1.533107 2.977517
 13929.000000 5.042030 1.522661 2.948035
 13932.000000 5.001218 1.544356 2.944691
 13935.000000 5.021113 1.554916 2.936896
 13938.000000 5.032566 1.543017 2.924519
 13941.000000 5.035774 1.566328 2.903161
 13944.000000 5.032266 1.562561 2.887531
 13947.000000 4.994004 1.541258 2.930452
 13950.000000 5.062364 1.559047 2.923571
 13953.000000 5.052462 1.552980 2.902274
 13956.000000 5.051309 1.551873 2.964840
 13959.000000 5.046286 1.557736 2.928676
 13962.000000 5.063844 1.557057 2.938972
 13965.000000 5.022236 1.549716 2.908225
 13968.000000 5.047763 1.581285 2.919853
 13971.000000 5.042150 1.562758 2.926953
 13974.000000 4.920500 1.558320 2.962733
 13977.000000 4.870325 1.560017 2.930540
 13980.000000 4.936133 1.552788 2.956051
 13983.000000 4.909373 1.566854 2.964119
 13986.000000 4.915390 1.563280 2.931372
 13989.000000 4.781031 1.552764 2.966935
 13992.000000 4.801150 1.547330 2.942998
 13995.000000 4.917349 1.554667 2.938294
 13998.000000 4.922237 1.517194 2.950581
 14001.000000 4.840817 1.549925 2.953631
 14004.000000 4.839911 1.551694 2.937889
 14007.000000 4.949330 1.553828 2.970238
 14010.000000 4.944658 1.557206 2.964286
 14013.000000 4.928878 1.537702 2.940131
 14016.000000 4.933477 1.547060 2.964850
 14019.000000 4.884746 1.552981 2.973165
 14022.000000 4.884572 1.547182 2.943498
 14025.000000 4.916852 1.565448 2.977248
 14028.000000 4.904048 1.573630 2.966660
 14031.000000 4.992266 1.586261 2.948488
 14034.000000 5.012522 1.609653 2.942513
 14037.000000 4.991391 1.576396 2.965725
 14040.000000 4.999270 1.569314 2.954758
 14043.000000 4.917698 1.580401 2.950822
 14046.000000 4.872210 1.605415 2.950032
 14049.000000 4.956430 1.580400 2.985998
 14052.000000 4.854029 1.604537 2.972959
 14055.000000 4.885259 1.629704 2.961830
 14058.000000 4.943826 1.628668 2.969737
 14061.000000 4.940971 1.605554 2.981696
 14064.000000 4.959100 1.632169 2.956559
 14067.000000 4.946370 1.591192 2.988558
 14070.000000 4.867485 1.557968 2.964230
 14073.000000 4.902769 1.558916 2.959053
 14076.000000 4.820711 1.533936 2.958653
 14079.000000 4.845011 1.551797 2.967845
 14082.000000 4.818222 1.537409 2.947976
 14085.000000 4.880910 1.571001 2.927694
 14088.000000 4.850095 1.550327 2.957288
 14091.000000 4.857650 1.600832 2.903834
 14094.000000 4.841092 1.581601 2.890007
 14097.000000 4.873015 1.574267 2.935465
 14100.000000 4.848671 1.542353 2.959472
 14103.000000 4.925637 1.515500 3.023839
 14106.000000 4.900797 1.548086 2.991832
 14109.000000 4.890885 1.525620 3.003274
 14112.000000 4.830018 1.541495 2.982825
 14115.000000 4.858171 1.553256 2.924087
 14118.000000 4.874236 1.561054 2.931828
 14121.000000 4.927026 1.550161 2.959412
 14124.000000 4.816711 1.536749 2.950116
 14127.000000 4.872094 1.560773 2.967356
 14130.000000 4.931841 1.556035 2.973414
 14133.000000 5.001711 1.576994 3.005748
 14136.000000 4.942958 1.576835 2.982379
 14139.000000 4.973006 1.559128 2.975026
 14142.000000 4.990786 1.565064 2.966229
 14145.000000 4.893189 1.540830 2.964554
 14148.000000 4.929094 1.538911 2.971864
 14151.000000 4.945017 1.546327 2.947789
 14154.000000 4.873253 1.556804 2.918038
 14157.000000 4.946409 1.560962 2.941726
 14160.000000 4.882034 1.556562 2.932251
 14163.000000 4.912860 1.586017 2.926574
 14166.000000 4.834609 1.566398 2.930558
 14169.000000 4.779052 1.566899 2.936911
 14172.000000 4.832315 1.560062 2.932180
 14175.000000 4.805405 1.562474 2.916801
 14178.000000 4.863327 1.542811 2.928879
 14181.000000 4.828970 1.543475 2.903471
 14184.000000 4.862511 1.524634 2.958293
 14187.000000 4.878893 1.554445 2.911027
 14190.000000 4.854302 1.533477 2.926451
 14193.000000 4.925696 1.526812 2.929363
 14196.000000 4.943635 1.545289 2.903267
 14199.000000 4.979659 1.525425 2.899541
 14202.000000 4.993313 1.528088 2.906344
 14205.000000 4.948906 1.506250 2.913786
 14208.000000 5.010383 1.519856 2.960412
 14211.000000 4.963600 1.523252 2.972704
 14214.000000 4.939433 1.520176 2.971353
 14217.000000 5.000583 1.542911 2.941297
 14220.000000 5.040165 1.533441 2.982323
 14223.000000 4.999172 1.523706 2.979505
 14226.000000 4.958506 1.533565 2.961792
 14229.000000 4.932863 1.532912 2.985407
 14232.000000 4.977000 1.529994 2.985122
 14235.000000 4.884654 1.540416 2.980806
 14238.000000 4.898035 1.485550 2.999367
 14241.000000 4.889867 1.501767 2.982882
 14244.000000 4.849217 1.511415 2.991372
 14247.000000 4.788013 1.513412 2.974869
 14250.000000 4.802741 1.501340 2.992613
 14253.000000 4.843752 1.530103 2.976884
 14256.000000 4.836130 1.476930 3.001111
 14259.000000 4.795394 1.517962 2.958572
 14262.000000 4.831505 1.538604 2.979189
 14265.000000 4.899525 1.529503 2.974440
 14268.000000 4.864726 1.551829 2.940458
 14271.000000 4.835625 1.556164 2.985900
 14274.000000 4.792210 1.554804 2.952634
 14277.000000 4.824251 1.589182 2.938601
 14280.000000 4.815814 1.593289 2.952747
 14283.000000 4.883702 1.580763 2.949398
 14286.000000 4.869467 1.585036 2.965117
 14289.000000 4.885669 1.567130 3.006998
 14292.000000 4.904105 1.583611 2.964028
 14295.000000 4.995428 1.572974 2.956980
 14298.000000 5.027380 1.584065 2.940375
 14301.000000 5.015136 1.573887 2.962934
 14304.000000 4.966076 1.564879 2.963519
 14307.000000 4.996420 1.600567 2.934973
 14310.000000 4.979486 1.569158 2.941624
 14313.000000 4.955528 1.556522 2.967437
 14316.000000 4.940311 1.573488 2.944978
 14319.000000 4.926330 1.555044 2.967445
 14322.000000 4.916330 1.590514 2.925420
 14325.000000 4.902360 1.577027 2.941099
 14328.000000 4.933608 1.586061 2.930437
 14331.000000 4.980456 1.582682 2.955526
 14334.000000 4.927087 1.566617 2.976908
 14337.000000 4.861687 1.578321 2.998158
 14340.000000 4.831961 1.607194 2.954375
 14343.000000 4.858426 1.585502 2.964321
 14346.000000 4.852403 1.616724 2.946671
 14349.000000 4.889791 1.612877 2.940063
 14352.000000 4.927937 1.617358 2.948365
 14355.000000 4.894405 1.603436 2.966011
 14358.000000 4.886315 1.618258 2.917020
 14361.000000 4.855788 1.598273 2.948967
 14364.000000 4.820485 1.609884 2.947848
 14367.000000 4.878417 1.569419 2.999888
 14370.000000 4.841316 1.563917 2.970195
 14373.000000 4.902724 1.563639 2.955190
 14376.000000 4.882716 1.560832 2.956266
 14379.000000 4.894524 1.577265 2.969198
 14382.000000 4.889198 1.590462 2.920136
 14385.000000 4.934030 1.591740 2.920239
 14388.000000 4.960426 1.574893 2.901998
 14391.000000 5.020401 1.604003 2.938102
 14394.000000 4.985057 1.599236 2.957679
 14397.000000 5.050699 1.594017 2.927622
 14400.000000 4.995234 1.590117 2.961935
 14403.000000 4.970634 1.569173 2.952390
 14406.000000 4.938830 1.610799 2.930063
 14409.000000 4.957902 1.616446 2.945148
 14412.000000 4.938662 1.618829 2.947824
 14415.000000 4.984019 1.627481 2.920789
 14418.000000 4.939547 1.615981 2.937055
 14421.000000 4.895063 1.633354 2.905498
 14424.000000 4.873207 1.625398 2.930734
 14427.000000 4.901263 1.616282 2.959808
 14430.000000 4.811909 1.618519 2.910600
 14433.000000 4.850162 1.587798 2.929625
 14436.000000 4.815426 1.595596 2.940613
 14439.000000 4.799854 1.592383 2.919047
 14442.000000 4.773207 1.589949 2.921703
 14445.000000 4.801148 1.577502 2.929092
 14448.000000 4.837823 1.582367 2.904684
 14451.000000 4.846299 1.571624 2.907417
 14454.000000 4.911489 1.572772 2.923512
 14457.000000 4.895642 1.598563 2.880738
 14460.000000 4.961595 1.567148 2.909290
 14463.000000 5.008302 1.601144 2.903901
 14466.000000 4.922978 1.599706 2.921366
 14469.000000 4.866190 1.605876 2.942793
 14472.000000 4.975391 1.606364 2.943730
 14475.000000 4.991337 1.605971 2.972421
 14478.000000 5.041628 1.615985 2.943918
 14481.000000 5.037469 1.624983 2.933500
 14484.000000 5.062605 1.604572 2.919785
 14487.000000 5.041517 1.619460 2.925947
 14490.000000 5.090596 1.642700 2.929503
 14493.000000 4.997863 1.598012 2.960033
 14496.000000 4.959625 1.635246 2.916401
 14499.000000 4.996034 1.608715 2.963257
 14502.000000 4.952076 1.617573 2.960990
 14505.000000 4.941607 1.623540 2.950783
 14508.000000 4.915911 1.650119 2.913622
 14511.000000 4.927806 1.623593 2.921184
 14514.000000 4.901432 1.612242 2.909093
 14517.000000 4.900358 1.591561 2.927484
 14520.000000 4.964081 1.573387 2.919054
 14523.000000 4.906765 1.584098 2.919311
 14526.000000 4.909834 1.595708 2.927542
 14529.000000 5.037408 1.595241 2.936023
 14532.000000 4.884398 1.564661 2.903648
 14535.000000 4.898385 1.568523 2.926637
 14538.000000 4.989638 1.587719 2.941903
 14541.000000 4.911473 1.575667 2.925445
 14544.000000 4.979122 1.628947 2.906663
 14547.000000 4.883061 1.617877 2.944676
 14550.000000 4.863324 1.588070 2.955308
 14553.000000 4.842533 1.588034 2.986127
 14556.000000 4.865249 1.579094 2.978761
 14559.000000 4.854515 1.576381 2.993233
 14562.000000 4.921959 1.580492 3.021242
 14565.000000 4.952518 1.591860 3.011700
 14568.000000 4.891025 1.578410 3.013419
 14571.000000 4.882488 1.578669 2.992074
 14574.000000 4.910966 1.569168 2.969603
 14577.000000 4.875641 1.535992 3.010439
 14580.000000 4.876809 1.526031 2.985818
 14583.000000 4.898260 1.551121 2.988879
 14586.000000 4.959267 1.563315 2.972164
 14589.000000 4.955883 1.552519 2.954017
 14592.000000 4.978289 1.574356 2.923626
 14595.000000 4.959155 1.580895 2.930198
 14598.000000 5.037220 1.583919 2.928582
 14601.000000 4.957725 1.566786 2.928154
 14604.000000 5.023061 1.568864 2.922281
 14607.000000 4.933054 1.616109 2.892386
 14610.000000 4.952308 1.558441 2.927741
 14613.000000 4.949690 1.588858 2.900289
 14616.000000 4.972220 1.594315 2.915601
 14619.000000 4.938698 1.593672 2.930847
 14622.000000 4.960299 1.594918 2.961582
 14625.000000 4.920980 1.581174 2.990990
 14628.000000 4.932964 1.598824 2.947977
 14631.000000 4.953045 1.577970 2.962761
 14634.000000 4.965787 1.591200 2.965609
 14637.000000 4.972376 1.586953 2.980760
 14640.000000 5.022028 1.585315 2.977608
 14643.000000 5.067088 1.597422 2.950059
 14646.000000 5.093148 1.584266 3.005866
 14649.000000 5.100971 1.601160 2.972293
 14652.000000 5.064440 1.608931 2.955719
 14655.000000 5.071433 1.595582 2.963386
 14658.000000 5.060722 1.624915 2.995632
 14661.000000 5.032886 1.566468 2.997058
 14664.000000 4.990096 1.563513 2.981672
 14667.000000 5.063984 1.574113 2.998405
 14670.000000 5.012030 1.546370 2.963957
 14673.000000 5.073363 1.559725 2.986992
 14676.000000 5.043238 1.583601 2.938480
 14679.000000 4.976520 1.567518 2.909822
 14682.000000 4.987521 1.557092 2.964065
 14685.000000 4.978134 1.562828 2.959567
 14688.000000 4.972496 1.545565 2.979934
 14691.000000 4.951824 1.558969 2.912536
 14694.000000 4.906396 1.559460 2.916517
 14697.000000 4.857583 1.572723 2.950797
 14700.000000 4.933035 1.559448 2.967501
 14703.000000 4.943545 1.543510 2.953259
 14706.000000 5.011895 1.563145 2.955616
 14709.000000 4.988022 1.567038 2.912115
 14712.000000 4.960159 1.555092 2.929603
 14715.000000 4.910211 1.542067 2.934479
 14718.000000 4.937186 1.559509 2.906516
 14721.000000 4.923009 1.574842 2.897393
 14724.000000 4.905602 1.584949 2.919373
 14727.000000 4.919812 1.592488 2.946274
 14730.000000 4.936763 1.592039 2.926873
 14733.000000 4.910200 1.597261 2.909209
 14736.000000 4.913068 1.573185 2.920490
 14739.000000 4.900563 1.588084 2.905391
 14742.000000 4.933423 1.561697 2.927784
 14745.000000 4.966393 1.567497 2.903642
 14748.000000 5.006330 1.571743 2.915150
 14751.000000 4.974664 1.581499 2.934012
 14754.000000 5.051157 1.575557 2.946805
 14757.000000 5.019796 1.574072 2.953503
 14760.000000 4.988992 1.547833 2.970882
 14763.000000 5.020842 1.568403 2.953654
 14766.000000 5.043133 1.585298 2.931483
 14769.000000 5.088191 1.572324 2.934886
 14772.000000 5.122816 1.567614 2.948767
 14775.000000 5.065102 1.585865 2.949999
 14778.000000 5.073608 1.560364 2.967196
 14781.000000 4.990142 1.551222 2.961299
 14784.000000 5.014955 1.558228 2.962469
 14787.000000 4.931778 1.555066 2.941994
 14790.000000 4.939671 1.551198 2.962941
 14793.000000 4.993375 1.561547 2.922309
 14796.000000 4.917428 1.561353 2.975112
 14799.000000 4.874536 1.554769 2.979690
 14802.000000 4.809860 1.551065 2.951236
 14805.000000 4.889177 1.585546 2.937936
 14808.000000 4.864478 1.539148 2.947655
 14811.000000 4.912516 1.545099 2.928703
 14814.000000 4.833345 1.564837 2.906457
 14817.000000 4.903941 1.550497 2.918916
 14820.000000 4.931805 1.543467 2.891868
 14823.000000 4.978621 1.559197 2.895973
 14826.000000 4.941806 1.573094 2.893751
 14829.000000 5.012596 1.564138 2.893489
 14832.000000 5.008345 1.545478 2.939118
 14835.000000 5.087811 1.569787 2.936588
 14838.000000 5.084075 1.577287 2.940313
 14841.000000 5.079602 1.577482 2.917389
 14844.000000 5.085726 1.545887 2.963692
 14847.000000 5.000393 1.570041 2.951534
 14850.000000 4.999792 1.538370 2.920732
 14853.000000 5.000593 1.551020 2.911672
 14856.000000 4.958202 1.530980 2.927619
 14859.000000 4.951576 1.500340 2.949460
 14862.000000 4.884797 1.503383 2.938706
 14865.000000 4.888196 1.512982 2.926785
 14868.000000 4.899632 1.554148 2.899616
 14871.000000 4.934378 1.544029 2.911503
 14874.000000 4.940392 1.514177 2.938733
 14877.000000 4.870229 1.503095 2.937239
 14880.000000 4.886659 1.532258 2.948638
 14883.000000 4.902246 1.554392 2.945772
 14886.000000 4.841653 1.523566 2.971284
 14889.000000 4.720205 1.506931 2.993239
 14892.000000 4.759212 1.475751 2.975787
 14895.000000 4.813642 1.501887 2.968201
 14898.000000 4.876587 1.485260 2.976715
 14901.000000 4.843227 1.486638 2.974643
 14904.000000 4.985041 1.477963 2.981460
 14907.000000 5.031722 1.487241 2.991892
 14910.000000 5.035350 1.495491 2.943920
 14913.000000 5.014915 1.508836 2.923624
 14916.000000 5.038082 1.532443 2.940830
 14919.000000 4.923725 1.562033 2.886020
 14922.000000 4.931017 1.548338 2.889452
 14925.000000 4.915215 1.555998 2.882733
 14928.000000 4.853891 1.548785 2.887698
 14931.000000 4.925853 1.567387 2.885520
 14934.000000 4.892207 1.544016 2.924376
 14937.000000 4.949163 1.555622 2.923735
 14940.000000 5.002385 1.591985 2.919685
 14943.000000 4.920051 1.557177 2.951638
 14946.000000 5.030417 1.567273 2.935449
 14949.000000 5.018811 1.564922 2.948316
 14952.000000 4.969014 1.580104 2.947375
 14955.000000 5.092361 1.554694 2.925732
 14958.000000 5.091847 1.543170 2.935380
 14961.000000 5.030865 1.524292 2.984627
 14964.000000 5.030454 1.543272 2.954719
 14967.000000 5.090287 1.516152 2.998729
 14970.000000 4.956657 1.537399 2.975826
 14973.000000 5.063037 1.539112 2.956809
 14976.000000 4.972544 1.510226 3.022737
 14979.000000 4.930361 1.524604 2.993621
 14982.000000 4.934235 1.521094 2.999562
 14985.000000 4.949375 1.527314 2.984048
 14988.000000 4.909984 1.513416 3.005020
 14991.000000 4.963999 1.524832 2.979029
 14994.000000 5.021386 1.553260 2.950979
 14997.000000 5.096952 1.551523 2.980717
 15000.000000 4.979611 1.536085 3.035440
 15003.000000 5.035504 1.529674 2.981920
 15006.000000 5.079508 1.523949 2.947502
 15009.000000 5.146871 1.545158 3.001490
 15012.000000 5.224892 1.541311 3.008687
 15015.000000 5.143245 1.530232 3.029296
 15018.000000 5.135641 1.551496 2.999376
 15021.000000 5.213503 1.557324 2.983737
 15024.000000 5.250686 1.580874 2.982671
 15027.000000 5.164485 1.618153 2.953334
 15030.000000 5.217907 1.611315 2.926009
 15033.000000 5.195716 1.603353 2.923738
 15036.000000 5.154497 1.578418 2.942059
 15039.000000 5.088135 1.564484 2.964749
 15042.000000 5.148086 1.542520 3.005644
 15045.000000 5.173082 1.576709 2.955367
 15048.000000 5.110703 1.569363 2.978905
 15051.000000 5.147872 1.586835 2.944997
 15054.000000 5.112895 1.596484 2.961149
 15057.000000 5.123563 1.617454 2.950709
 15060.000000 5.095444 1.605893 2.915636
 15063.000000 5.176931 1.583076 2.952588
 15066.000000 5.110068 1.554992 2.965926
 15069.000000 5.023329 1.564574 2.957198
 15072.000000 4.961697 1.586742 2.955733
 15075.000000 4.985295 1.589801 2.941137
 15078.000000 5.093524 1.610047 2.936194
 15081.000000 5.069726 1.590515 2.968582
 15084.000000 5.100934 1.608760 2.959016
 15087.000000 5.051794 1.624143 2.935232
 15090.000000 5.115262 1.583688 2.987402
 15093.000000 5.158981 1.604011 2.942563
 15096.000000 5.103059 1.595508 2.944615
 15099.000000 5.028984 1.587651 2.989479
 15102.000000 5.137659 1.633113 2.960448
 15105.000000 5.037099 1.611028 2.985614
 15108.000000 5.064789 1.603468 2.987431
 15111.000000 5.015719 1.593789 2.987703
 15114.000000 5.003772 1.603266 2.946372
 15117.000000 4.950844 1.577754 2.959103
 15120.000000 4.935703 1.544313 2.959063
 15123.000000 4.950054 1.560544 2.964378
 15126.000000 4.911150 1.555359 2.942475
 15129.000000 4.917028 1.558607 2.951849
 15132.000000 4.923443 1.559720 2.937539
 15135.000000 4.910372 1.569918 2.922040
 15138.000000 4.980729 1.557889 2.943467
 15141.000000 4.928728 1.592206 2.903813
 15144.000000 4.927550 1.595093 2.936339
 15147.000000 4.894740 1.575627 2.942473
 15150.000000 4.890189 1.616641 2.921553
 15153.000000 4.925975 1.603229 2.947949
 15156.000000 4.952389 1.610537 2.939018
 15159.000000 4.875724 1.596902 2.976218
 15162.000000 4.839504 1.588207 2.983881
 15165.000000 4.772656 1.586672 2.965520
 15168.000000 4.802415 1.591338 2.938833
 15171.000000 4.832628 1.593948 2.938143
 15174.000000 4.861125 1.593954 2.949001
 15177.000000 4.883239 1.580211 2.997149
 15180.000000 4.845693 1.611204 2.951539
 15183.000000 4.865023 1.621964 2.953635
 15186.000000 4.798893 1.613529 2.989536
 15189.000000 4.725073 1.591738 2.995998
 15192.000000 4.758048 1.580080 2.994755
 15195.000000 4.776261 1.617684 2.993848
 15198.000000 4.745650 1.600068 2.969774
 15201.000000 4.742473 1.624231 2.939544
 15204.000000 4.723433 1.609504 2.920068
 15207.000000 4.711377 1.603053 2.951283
 15210.000000 4.655257 1.568696 2.977732
 15213.000000 4.716291 1.564122 2.959754
 15216.000000 4.791566 1.578053 2.961501
 15219.000000 4.825089 1.564022 2.941813
 15222.000000 4.765422 1.566242 2.945543
 15225.000000 4.911402 1.574146 2.937476
 15228.000000 4.897930 1.585095 2.931171
 15231.000000 4.892059 1.575978 2.936513
 15234.000000 4.871212 1.587918 2.935179
 15237.000000 4.875682 1.549791 2.961790
 15240.000000 4.870679 1.536176 2.964939
 15243.000000 4.948149 1.552212 2.909055
 15246.000000 4.953803 1.511515 2.927111
 15249.000000 4.933695 1.521631 2.932627
 15252.000000 4.938217 1.555841 2.911182
 15255.000000 4.880822 1.544130 2.908532
 15258.000000 4.912002 1.540614 2.887111
 15261.000000 4.877030 1.529276 2.922057
 15264.000000 4.867877 1.534296 2.896151
 15267.000000 4.818667 1.528670 2.923667
 15270.000000 4.822762 1.534778 2.939310
 15273.000000 4.886770 1.532278 2.988283
 15276.000000 4.878424 1.547013 2.956468
 15279.000000 4.907017 1.549618 2.924467
 15282.000000 4.842665 1.543903 2.959979
 15285.000000 4.870793 1.562240 2.941193
 15288.000000 4.800681 1.586475 2.958453
 15291.000000 4.769523 1.582694 2.941619
 15294.000000 4.794587 1.603602 2.914675
 15297.000000 4.754870 1.586813 2.913820
 15300.000000 4.851390 1.598684 2.911904
 15303.000000 4.825000 1.601449 2.895359
 15306.000000 4.808893 1.611972 2.916244
 15309.000000 4.843236 1.595915 2.950009
 15312.000000 4.754287 1.622952 2.943639
 15315.000000 4.758531 1.603075 2.948168
 15318.000000 4.750172 1.591942 2.933470
 15321.000000 4.712455 1.566845 2.950354
 15324.000000 4.716985 1.558195 2.932334
 15327.000000 4.728218 1.576242 2.922401
 15330.000000 4.778003 1.555160 2.913352
 15333.000000 4.791880 1.546998 2.944382
 15336.000000 4.783806 1.544044 2.957832
 15339.000000 4.842220 1.530272 2.962867
 15342.000000 4.813632 1.569676 2.942027
 15345.000000 4.813851 1.559349 2.945890
 15348.000000 4.892509 1.576611 2.924455
 15351.000000 4.818171 1.588132 2.928311
 15354.000000 4.736455 1.551734 2.941503
 15357.000000 4.776259 1.563104 2.912972
 15360.000000 4.820278 1.561988 2.947175
 15363.000000 4.865125 1.572984 2.939910
 15366.000000 4.776020 1.548648 2.957792
 15369.000000 4.803778 1.537175 2.974841
 15372.000000 4.833432 1.568031 2.950664
 15375.000000 4.856145 1.556289 2.911702
 15378.000000 4.869865 1.584762 2.890666
 15381.000000 4.842128 1.595925 2.878130
 15384.000000 4.783701 1.578013 2.890248
 15387.000000 4.780967 1.579066 2.927218
 15390.000000 4.901647 1.585789 2.908529
 15393.000000 4.840692 1.562485 2.920128
 15396.000000 4.952023 1.600025 2.892918
 15399.000000 4.848266 1.597239 2.912379
 15402.000000 4.769128 1.601605 2.912689
 15405.000000 4.746404 1.641405 2.893781
 15408.000000 4.846849 1.617378 2.921108
 15411.000000 4.891068 1.633052 2.883410
 15414.000000 4.855747 1.589189 2.913314
 15417.000000 4.803894 1.574254 2.935330
 15420.000000 4.829659 1.582015 2.936528
 15423.000000 4.901819 1.593503 2.919383
 15426.000000 4.853068 1.581049 2.927567
 15429.000000 4.910701 1.591635 2.944550
 15432.000000 4.892220 1.568373 2.938881
 15435.000000 4.868947 1.560961 2.943619
 15438.000000 4.814511 1.567542 2.895032
 15441.000000 4.813511 1.565366 2.925518
 15444.000000 4.855931 1.550393 2.919032
 15447.000000 4.832222 1.551341 2.926632
 15450.000000 4.940557 1.585643 2.946536
 15453.000000 4.939980 1.565446 2.941373
 15456.000000 4.906284 1.560286 2.957286
 15459.000000 4.892750 1.555707 2.932768
 15462.000000 4.806183 1.529194 2.921194
 15465.000000 4.845007 1.542969 2.891818
 15468.000000 4.891845 1.553845 2.899474
 15471.000000 4.877256 1.555435 2.862585
 15474.000000 4.864661 1.558817 2.870611
 15477.000000 4.876150 1.568802 2.856485
 15480.000000 4.871701 1.575795 2.821786
 15483.000000 4.886446 1.558926 2.844646
 15486.000000 4.852727 1.550373 2.845022
 15489.000000 4.909068 1.560397 2.874045
 15492.000000 4.902160 1.555543 2.895595
 15495.000000 4.916070 1.577082 2.869505
 15498.000000 4.910173 1.577188 2.893321
 15501.000000 4.924432 1.596451 2.899864
 15504.000000 4.982074 1.607028 2.911922
 15507.000000 5.011331 1.598411 2.916439
 15510.000000 4.921552 1.607355 2.914076
 15513.000000 4.943114 1.569615 2.961518
 15516.000000 4.930552 1.552316 2.955380
 15519.000000 4.877182 1.543316 2.965265
 15522.000000 4.898477 1.563335 2.928076
 15525.000000 4.905195 1.553559 2.903178
 15528.000000 4.918854 1.524002 2.954040
 15531.000000 4.967108 1.534655 2.953492
 15534.000000 4.894508 1.509124 2.975267
 15537.000000 4.948244 1.525534 2.999177
 15540.000000 4.868530 1.555445 2.952498
 15543.000000 4.892357 1.560301 2.917150
 15546.000000 4.870172 1.542443 2.940707
 15549.000000 4.893793 1.541852 2.953897
 15552.000000 4.848902 1.555045 2.908031
 15555.000000 4.927046 1.524507 2.918412
 15558.000000 4.831613 1.529184 2.908533
 15561.000000 4.807492 1.495411 2.951644
 15564.000000 4.799321 1.509929 2.938412
 15567.000000 4.795459 1.533345 2.911818
 15570.000000 4.822589 1.549652 2.902248
 15573.000000 4.713317 1.536455 2.904269
 15576.000000 4.700633 1.537198 2.927980
 15579.000000 4.806061 1.539806 2.936839
 15582.000000 4.727910 1.541310 2.973299
 15585.000000 4.805963 1.549728 2.962495
 15588.000000 4.744852 1.551376 2.971829
 15591.000000 4.715487 1.531629 2.970206
 15594.000000 4.803362 1.525388 3.012341
 15597.000000 4.850482 1.512367 3.022847
 15600.000000 4.839162 1.569915 2.978442
 15603.000000 4.863851 1.570719 2.943966
 15606.000000 4.931961 1.599081 2.910756
 15609.000000 4.907034 1.601853 2.946489
 15612.000000 4.861963 1.589849 2.915311
 15615.000000 4.835493 1.561584 2.935848
 15618.000000 4.875942 1.535310 2.924432
 15621.000000 4.838276 1.546407 2.895756
 15624.000000 4.883291 1.542222 2.915998
 15627.000000 4.935534 1.529652 2.919744
 15630.000000 4.939975 1.542885 2.921997
 15633.000000 4.934747 1.547203 2.893661
 15636.000000 4.962835 1.548620 2.923482
 15639.000000 5.100795 1.553648 2.920712
 15642.000000 5.018966 1.553719 2.936269
 15645.000000 5.034119 1.557669 2.958464
 15648.000000 5.011264 1.552744 2.984528
 15651.000000 5.030149 1.563516 2.961442
 15654.000000 5.019824 1.584659 2.956037
 15657.000000 4.986890 1.584790 2.965142
 15660.000000 5.001693 1.553560 2.996999
 15663.000000 5.011456 1.561605 2.979210
 15666.000000 4.987514 1.557337 2.950760
 15669.000000 4.998461 1.576586 2.930137
 15672.000000 5.079987 1.568623 2.934782
 15675.000000 5.136160 1.595926 2.905491
 15678.000000 5.141116 1.598509 2.941064
 15681.000000 5.128154 1.600683 2.942571
 15684.000000 5.051353 1.602234 2.956580
 15687.000000 5.001447 1.594856 2.942388
 15690.000000 4.959542 1.542655 2.995300
 15693.000000 4.984367 1.552656 2.956065
 15696.000000 5.045375 1.549978 2.931555
 15699.000000 5.113648 1.544235 2.982626
 15702.000000 5.017599 1.559611 2.941643
 15705.000000 4.993486 1.574733 2.907290
 15708.000000 5.065718 1.590894 2.942646
 15711.000000 5.154148 1.577155 2.947408
 15714.000000 5.111111 1.553785 2.965368
 15717.000000 5.091623 1.571049 2.911662
 15720.000000 5.140864 1.567880 2.911710
 15723.000000 5.148668 1.540525 2.946522
 15726.000000 5.118681 1.542118 2.922155
 15729.000000 5.038716 1.513464 2.945390
 15732.000000 5.028922 1.515535 2.940956
 15735.000000 5.056982 1.530081 2.903481
 15738.000000 5.053924 1.508261 2.922106
 15741.000000 5.048333 1.553456 2.878861
 15744.000000 5.038355 1.542894 2.920273
 15747.000000 5.160528 1.518523 2.883829
 15750.000000 5.110133 1.561580 2.882751
 15753.000000 5.116394 1.558010 2.905577
 15756.000000 5.105041 1.541148 2.892533
 15759.000000 5.057508 1.538187 2.885749
 15762.000000 5.023722 1.534140 2.913500
 15765.000000 5.007962 1.545030 2.915382
 15768.000000 5.045076 1.536850 2.929143
 15771.000000 4.972347 1.536457 2.933059
 15774.000000 5.002621 1.541561 2.962792
 15777.000000 5.040982 1.560477 2.941990
 15780.000000 5.033474 1.559551 2.924461
 15783.000000 4.934402 1.539728 2.934264
 15786.000000 4.937230 1.518065 2.955299
 15789.000000 4.886548 1.526379 2.961899
 15792.000000 4.939028 1.511299 2.960550
 15795.000000 4.948608 1.534962 2.894889
 15798.000000 4.890856 1.523462 2.919073
 15801.000000 4.920748 1.527836 2.950812
 15804.000000 4.931227 1.532190 2.949068
 15807.000000 4.988825 1.537860 2.959695
 15810.000000 5.025869 1.556023 2.975991
 15813.000000 5.031634 1.542196 2.935739
 15816.000000 5.051613 1.508210 2.964111
 15819.000000 5.079299 1.524205 2.935709
 15822.000000 5.090443 1.562746 2.885726
 15825.000000 5.103144 1.556721 2.894620
 15828.000000 5.099925 1.571837 2.892217
 15831.000000 5.077348 1.545966 2.919145
 15834.000000 5.147639 1.543141 2.922868
 15837.000000 5.142952 1.552683 2.935961
 15840.000000 5.118020 1.571528 2.912886
 15843.000000 5.024786 1.558149 2.900714
 15846.000000 4.991271 1.566881 2.950415
 15849.000000 5.161173 1.570029 2.916070
 15852.000000 5.081987 1.559071 2.960587
 15855.000000 5.106412 1.558184 2.929537
 15858.000000 5.148585 1.552955 2.958171
 15861.000000 5.218746 1.580693 2.962289
 15864.000000 5.136528 1.602971 2.944249
 15867.000000 5.064016 1.597989 2.941902
 15870.000000 5.104992 1.597059 2.936238
 15873.000000 5.083503 1.582898 2.914199
 15876.000000 5.137934 1.616123 2.929269
 15879.000000 5.133605 1.592903 2.966771
 15882.000000 5.090991 1.598040 2.927290
 15885.000000 5.065163 1.598671 2.888893
 15888.000000 5.052410 1.611115 2.905142
 15891.000000 5.075137 1.621253 2.906382
 15894.000000 5.110381 1.622120 2.897405
 15897.000000 5.064180 1.599390 2.917089
 15900.000000 5.137938 1.592033 2.911366
 15903.000000 5.168075 1.604918 2.926148
 15906.000000 5.118682 1.594540 2.974910
 15909.000000 5.084747 1.604948 2.936329
 15912.000000 5.060166 1.573182 2.952389
 15915.000000 5.102950 1.568274 2.959959
 15918.000000 5.078186 1.547510 2.988323
 15921.000000 5.002900 1.542639 2.962208
 15924.000000 4.966374 1.574158 2.944452
 15927.000000 5.078034 1.552252 2.947007
 15930.000000 5.050538 1.559943 2.942175
 15933.000000 5.103193 1.543273 2.942261
 15936.000000 5.074333 1.547244 2.941644
 15939.000000 5.133718 1.563759 2.952460
 15942.000000 5.146436 1.561407 2.933136
 15945.000000 5.030652 1.566737 2.958228
 15948.000000 5.082643 1.570834 2.939325
 15951.000000 5.107030 1.571736 2.939578
 15954.000000 5.088751 1.569957 2.954254
 15957.000000 4.981228 1.591096 2.957625
 15960.000000 5.082099 1.565468 2.959972
 15963.000000 5.054108 1.556741 2.991336
 15966.000000 4.939241 1.547348 2.978448
 15969.000000 4.983764 1.532243 2.989339
 15972.000000 4.998039 1.536051 3.034126
 15975.000000 4.892702 1.569926 2.993587
 15978.000000 4.989130 1.547851 2.981859
 15981.000000 4.925606 1.578228 2.953053
 15984.000000 4.867355 1.586641 2.952254
 15987.000000 4.865728 1.578186 2.982269
 15990.000000 4.882121 1.571345 3.009521
 15993.000000 4.826297 1.580841 2.975736
 15996.000000 4.815125 1.562276 2.990253
 15999.000000 4.887568 1.554681 2.985012
 16002.000000 4.833250 1.589516 2.920566
 16005.000000 4.885398 1.543101 2.958393
 16008.000000 4.940589 1.570165 2.983221
 16011.000000 4.960828 1.562697 2.985306
 16014.000000 4.948395 1.550044 2.974747
 16017.000000 4.943654 1.564873 2.964990
 16020.000000 4.962167 1.576191 2.989325
 16023.000000 4.988953 1.574030 2.989529
 16026.000000 4.933412 1.578832 2.963314
 16029.000000 4.874145 1.580200 2.960703
 16032.000000 4.880270 1.598083 2.950258
 16035.000000 4.901670 1.598626 2.939037
 16038.000000 4.916188 1.570614 2.971120
 16041.000000 4.929832 1.580431 2.955304
 16044.000000 4.923348 1.596074 2.956720
 16047.000000 4.857821 1.567818 2.975406
 16050.000000 4.980140 1.583366 2.936267
 16053.000000 4.936074 1.543330 2.983801
 16056.000000 5.024355 1.547590 2.967898
 16059.000000 5.006496 1.548270 2.952730
 16062.000000 5.004427 1.573371 2.923515
 16065.000000 4.969281 1.534008 2.978187
 16068.000000 5.062680 1.555798 2.934836
 16071.000000 5.107009 1.538721 2.932978
 16074.000000 4.994423 1.560391 2.917457
 16077.000000 4.968189 1.555046 2.952898
 16080.000000 5.060088 1.573821 2.965760
 16083.000000 5.057782 1.563507 2.976840
 16086.000000 5.010397 1.554182 2.989126
 16089.000000 5.029608 1.588529 2.973570
 16092.000000 5.008177 1.562988 2.985576
 16095.000000 5.030103 1.566435 2.995660
 16098.000000 4.920360 1.571294 2.983181
 16101.000000 4.918365 1.564408 2.994234
 16104.000000 4.906413 1.546239 3.001828
 16107.000000 4.819995 1.545889 2.953372
 16110.000000 4.841480 1.550987 2.963155
 16113.000000 4.914812 1.567412 2.951274
 16116.000000 4.948390 1.601181 2.952547
 16119.000000 4.908044 1.557785 2.967347
 16122.000000 4.935758 1.557270 2.973481
 16125.000000 4.969395 1.563361 2.975503
 16128.000000 4.972628 1.561999 2.997111
 16131.000000 5.001256 1.550148 2.968080
 16134.000000 4.931063 1.559080 2.953264
 16137.000000 4.923759 1.571713 2.953281
 16140.000000 4.905635 1.562759 2.954932
 16143.000000 4.986608 1.586918 2.944725
 16146.000000 5.026834 1.563346 2.940696
 16149.000000 5.033034 1.530400 2.975805
 16152.000000 4.995822 1.562092 2.924623
 16155.000000 5.057069 1.544124 2.936745
 16158.000000 5.010973 1.553195 2.922804
 16161.000000 5.036283 1.554603 2.924991
 16164.000000 5.007994 1.509122 3.010363
 16167.000000 5.016084 1.528773 2.935099
 16170.000000 5.057114 1.534278 2.934092
 16173.000000 5.125255 1.543882 2.940873
 16176.000000 5.093226 1.536857 2.960438
 16179.000000 5.062314 1.538862 2.937063
 16182.000000 5.038026 1.531007 2.971392
 16185.000000 5.115433 1.572353 2.958883
 16188.000000 5.168904 1.558462 2.945683
 16191.000000 5.141795 1.556591 2.996872
 16194.000000 5.124867 1.573233 2.934525
 16197.000000 5.046491 1.560616 2.970518
 16200.000000 5.101611 1.561590 2.992562
 16203.000000 5.088313 1.567498 2.954672
 16206.000000 5.071880 1.573236 2.947720
 16209.000000 5.085581 1.559793 2.945696
 16212.000000 5.115606 1.576887 2.916100
 16215.000000 5.101263 1.594942 2.920037
 16218.000000 5.132230 1.592417 2.946501
 16221.000000 5.109390 1.567590 2.951516
 16224.000000 5.128096 1.602227 2.923596
 16227.000000 5.127382 1.610380 2.931087
 16230.000000 5.139174 1.583224 2.975164
 16233.000000 5.103687 1.597979 2.938051
 16236.000000 4.993689 1.557209 2.965757
 16239.000000 4.909548 1.529810 2.992172
 16242.000000 5.007452 1.573151 2.936055
 16245.000000 4.935222 1.573057 2.922107
 16248.000000 4.913714 1.529044 2.936761
 16251.000000 4.849501 1.485577 2.970177
 16254.000000 4.944515 1.492859 2.974167
 16257.000000 4.981411 1.499054 2.988635
 16260.000000 4.953864 1.514029 2.980470
 16263.000000 4.875841 1.509553 2.959342
 16266.000000 4.921168 1.501474 2.962925
 16269.000000 4.890485 1.493928 2.974231
 16272.000000 4.946455 1.524655 2.923626
 16275.000000 4.938940 1.527865 2.927048
 16278.000000 4.922408 1.502229 2.943460
 16281.000000 4.928286 1.516372 2.894154
 16284.000000 5.016459 1.529930 2.900895
 16287.000000 4.955182 1.482774 2.979344
 16290.000000 4.941310 1.481640 2.935345
 16293.000000 5.009888 1.483205 2.949087
 16296.000000 4.992482 1.479667 2.929905
 16299.000000 4.995306 1.467786 2.947445
 16302.000000 4.982017 1.487850 2.937834
 16305.000000 4.981395 1.463764 2.942954
 16308.000000 4.890602 1.461380 2.932282
 16311.000000 4.919414 1.461630 2.932315
 16314.000000 4.969105 1.473374 2.958230
 16317.000000 4.889357 1.486963 2.942592
 16320.000000 4.920664 1.459458 2.979572
 16323.000000 4.798942 1.496052 2.941223
 16326.000000 4.774279 1.505105 2.882463
 16329.000000 4.810489 1.515559 2.900786
 16332.000000 4.825274 1.537365 2.891557
 16335.000000 4.805719 1.514773 2.917867
 16338.000000 4.785119 1.524072 2.947258
 16341.000000 4.789403 1.519995 2.940383
 16344.000000 4.815061 1.501214 2.958185
 16347.000000 4.936703 1.518151 2.980979
 16350.000000 4.906791 1.552077 2.968532
 16353.000000 4.939820 1.521038 2.984033
 16356.000000 4.866360 1.530515 2.958298
 16359.000000 4.811850 1.495369 2.959324
 16362.000000 4.796403 1.500555 2.997339
 16365.000000 4.735265 1.498017 2.994390
 16368.000000 4.794602 1.483043 3.016419
 16371.000000 4.870800 1.485183 2.978554
 16374.000000 4.891622 1.501429 2.964464
 16377.000000 4.903106 1.522836 2.915800
 16380.000000 4.984893 1.507529 2.929490
 16383.000000 4.945831 1.501528 2.938751
 16386.000000 4.931139 1.506765 2.923084
 16389.000000 4.973313 1.501906 2.970880
 16392.000000 5.045175 1.510637 2.938703
 16395.000000 5.064017 1.519145 2.955482
 16398.000000 5.029729 1.537151 2.926473
 16401.000000 4.978919 1.526726 2.962049
 16404.000000 5.029467 1.515323 2.977806
 16407.000000 4.941556 1.522001 2.982321
 16410.000000 4.855022 1.547097 2.934599
 16413.000000 4.966523 1.564304 2.950892
 16416.000000 4.893489 1.519021 2.966820
 16419.000000 4.888405 1.528606 3.013504
 16422.000000 4.968039 1.557904 2.993304
 16425.000000 4.908194 1.537416 2.984718
 16428.000000 4.837511 1.544258 2.990470
 16431.000000 4.880484 1.552974 2.968493
 16434.000000 4.984509 1.542360 3.018847
 16437.000000 4.984998 1.583130 2.989036
 16440.000000 5.045113 1.571636 2.957306
 16443.000000 4.953579 1.556867 2.987851
 16446.000000 4.933578 1.551024 3.011009
 16449.000000 4.995394 1.549328 2.985965
 16452.000000 5.063368 1.560589 2.986585
 16455.000000 4.989538 1.552772 2.986444
 16458.000000 5.041819 1.570557 2.950272
 16461.000000 5.068104 1.540951 2.934985
 16464.000000 5.087369 1.516754 2.916910
 16467.000000 5.123600 1.563638 2.932354
 16470.000000 5.042324 1.549425 2.952852
 16473.000000 5.043996 1.552674 2.983798
 16476.000000 4.998743 1.567140 2.946204
 16479.000000 5.051238 1.553731 2.950101
 16482.000000 4.940107 1.564460 2.916455
 16485.000000 4.950133 1.542235 2.941749
 16488.000000 4.899521 1.555688 2.951050
 16491.000000 4.940166 1.568760 2.952849
 16494.000000 4.942298 1.575808 2.950124
 16497.000000 4.904419 1.595897 2.907034
 16500.000000 5.005283 1.578706 2.930955
 16503.000000 5.052601 1.582531 2.945208
 16506.000000 5.023411 1.614470 2.915911
 16509.000000 5.051587 1.603701 2.937748
 16512.000000 5.042192 1.597380 2.932466
 16515.000000 5.056291 1.608585 2.933709
 16518.000000 4.969924 1.587713 2.978756
 16521.000000 5.064127 1.596305 2.965316
 16524.000000 5.027476 1.607630 2.942074
 16527.000000 5.094040 1.586795 2.945283
 16530.000000 5.005689 1.580750 2.914290
 16533.000000 4.949666 1.573625 2.925538
 16536.000000 4.961203 1.604860 2.920943
 16539.000000 4.990886 1.607943 2.934198
 16542.000000 4.995889 1.606089 2.904854
 16545.000000 4.985186 1.589769 2.903195
 16548.000000 5.016826 1.562320 2.919283
 16551.000000 5.041598 1.572577 2.897381
 16554.000000 4.990965 1.559978 2.923397
 16557.000000 5.032814 1.582097 2.896408
 16560.000000 5.038279 1.594012 2.918599
 16563.000000 5.045988 1.616219 2.903483
 16566.000000 5.005507 1.566783 2.930969
 16569.000000 4.980268 1.571890 2.896133
 16572.000000 4.995203 1.558317 2.908702
 16575.000000 4.967074 1.562703 2.895273
 16578.000000 4.925726 1.554206 2.916398
 16581.000000 4.907404 1.545313 2.906746
 16584.000000 4.928701 1.580532 2.867183
 16587.000000 5.011600 1.557452 2.895251
 16590.000000 4.955599 1.547214 2.902465
 16593.000000 4.931348 1.536339 2.940814
 16596.000000 4.904850 1.575446 2.934172
 16599.000000 5.027392 1.578790 2.947258
 16602.000000 5.068767 1.559624 2.973647
 16605.000000 5.030623 1.554893 2.979258
 16608.000000 5.053855 1.544743 2.985221
 16611.000000 5.067290 1.534547 2.983294
 16614.000000 5.124898 1.511010 2.978973
 16617.000000 5.082264 1.531486 2.977528
 16620.000000 5.195985 1.544059 2.989032
 16623.000000 5.276963 1.523938 3.011395
 16626.000000 5.176156 1.506318 2.978207
 16629.000000 5.188355 1.532662 2.966721
 16632.000000 5.122802 1.523508 2.985880
 16635.000000 5.152461 1.549147 3.008663
 16638.000000 5.125068 1.564291 2.980783
 16641.000000 5.036171 1.565557 2.952487
 16644.000000 4.984357 1.542659 2.977023
 16647.000000 4.925252 1.534945 2.951756
 16650.000000 4.974354 1.528826 2.972573
 16653.000000 5.027207 1.498321 3.036064
 16656.000000 5.032104 1.517163 3.029279
 16659.000000 5.049706 1.492917 3.022620
 16662.000000 4.951897 1.527229 3.003706
 16665.000000 4.924491 1.536018 2.981616
 16668.000000 4.971370 1.534747 2.990306
 16671.000000 4.918515 1.527789 2.964024
 16674.000000 5.022553 1.579804 2.912463
 16677.000000 4.934690 1.560095 2.934777
 16680.000000 4.958134 1.574868 2.916351
 16683.000000 4.902057 1.593399 2.916576
 16686.000000 4.918332 1.572927 2.933877
 16689.000000 4.925335 1.597771 2.912983
 16692.000000 4.916494 1.588445 2.920972
 16695.000000 4.909649 1.572583 2.969303
 16698.000000 4.924723 1.561531 2.979965
 16701.000000 4.905895 1.538791 2.983901
 16704.000000 4.862932 1.552197 2.940824
 16707.000000 4.879357 1.534001 2.917202
 16710.000000 4.899829 1.522647 2.958752
 16713.000000 4.836659 1.534357 2.961225
 16716.000000 4.752614 1.548320 2.951190
 16719.000000 4.798443 1.553723 2.907805
 16722.000000 4.735013 1.506869 2.941229
 16725.000000 4.763239 1.531681 2.967392
 16728.000000 4.786567 1.503762 2.973418
 16731.000000 4.827145 1.544097 2.955443
 16734.000000 4.791880 1.542130 2.963069
 16737.000000 4.853006 1.537038 2.956162
 16740.000000 4.841864 1.545508 2.956933
 16743.000000 4.791478 1.527678 2.978960
 16746.000000 4.728241 1.524180 2.947416
 16749.000000 4.679091 1.520061 2.941071
 16752.000000 4.690684 1.524068 2.935009
 16755.000000 4.693808 1.527015 2.932117
 16758.000000 4.683174 1.523297 2.938223
 16761.000000 4.681977 1.490929 2.971952
 16764.000000 4.650856 1.492978 2.972851
 16767.000000 4.725989 1.500977 2.962818
 16770.000000 4.738895 1.482842 2.949174
 16773.000000 4.748546 1.508380 2.963057
 16776.000000 4.777727 1.502176 2.994525
 16779.000000 4.822705 1.517637 2.964212
 16782.000000 4.802650 1.514469 2.996048
 16785.000000 4.773838 1.501510 2.960463
 16788.000000 4.861439 1.505954 2.966934
 16791.000000 4.922313 1.555834 2.975411
 16794.000000 4.822139 1.535920 2.971234
 16797.000000 4.836978 1.544287 2.972186
 16800.000000 4.798703 1.558106 2.973587
 16803.000000 4.789376 1.553678 2.988980
 16806.000000 4.751848 1.550147 3.012541
 16809.000000 4.792174 1.563242 2.981036
 16812.000000 4.834358 1.578933 2.983073
 16815.000000 4.930048 1.579773 2.993096
 16818.000000 4.839190 1.580669 2.997368
 16821.000000 4.859886 1.575431 3.002117
 16824.000000 4.783331 1.569744 3.002921
 16827.000000 4.806107 1.590802 3.028904
 16830.000000 4.751357 1.566116 3.009794
 16833.000000 4.797375 1.584337 2.979491
 16836.000000 4.820697 1.587785 2.972218
 16839.000000 4.881142 1.596847 2.956936
 16842.000000 4.828787 1.610912 2.942866
 16845.000000 4.763956 1.595967 2.948151
 16848.000000 4.783103 1.594802 2.961279
 16851.000000 4.893900 1.588314 2.931675
 16854.000000 4.896815 1.593663 2.927458
 16857.000000 4.913169 1.590389 2.965544
 16860.000000 4.955245 1.582822 2.974496
 16863.000000 4.868042 1.579156 2.977233
 16866.000000 4.803301 1.587114 2.975985
 16869.000000 4.884835 1.578885 3.010360
 16872.000000 4.862083 1.571526 2.982525
 16875.000000 4.881442 1.569192 2.986316
 16878.000000 4.956054 1.580748 3.009254
 16881.000000 4.968552 1.564988 3.018014
 16884.000000 4.970998 1.590283 3.013632
 16887.000000 5.026304 1.569864 3.013809
 16890.000000 5.000087 1.581415 3.007944
 16893.000000 5.001421 1.562382 2.987451
 16896.000000 4.927834 1.578603 2.973432
 16899.000000 4.997424 1.581547 2.954609
 16902.000000 4.997566 1.574225 2.986911
 16905.000000 4.925654 1.565309 2.975607
 16908.000000 4.960891 1.575226 2.984037
 16911.000000 4.998743 1.580884 2.994843
 16914.000000 4.902319 1.587587 2.975863
 16917.000000 5.010955 1.568546 2.987429
 16920.000000 5.030643 1.541475 3.003284
 16923.000000 5.001001 1.523620 2.999256
 16926.000000 4.939373 1.548487 2.956817
 16929.000000 4.900971 1.548232 2.957624
 16932.000000 4.832357 1.556373 2.968762
 16935.000000 4.919030 1.552310 2.968072
 16938.000000 4.963706 1.573915 2.972272
 16941.000000 4.944331 1.572629 2.967381
 16944.000000 4.997686 1.579009 2.959200
 16947.000000 5.036599 1.564569 2.982183
 16950.000000 5.027122 1.551886 2.982739
 16953.000000 5.101184 1.545842 2.970152
 16956.000000 5.020046 1.548668 2.969329
 16959.000000 5.011363 1.571698 2.940234
 16962.000000 5.023901 1.544670 2.973598
 16965.000000 5.114133 1.534683 2.969119
 16968.000000 5.070643 1.561069 2.917811
 16971.000000 4.960652 1.548382 2.990980
 16974.000000 4.932335 1.528992 2.969375
 16977.000000 4.954153 1.540195 2.964173
 16980.000000 4.993915 1.556884 2.944650
 16983.000000 4.958441 1.540253 2.944054
 16986.000000 4.996341 1.544388 2.906911
 16989.000000 5.016326 1.529848 2.939756
 16992.000000 5.114625 1.566676 2.917255
 16995.000000 5.018868 1.542764 2.934075
 16998.000000 5.027037 1.548234 2.946217
 17001.000000 5.025915 1.541572 2.930354
 17004.000000 5.068302 1.550158 2.948581
 17007.000000 5.135167 1.556902 2.949252
 17010.000000 5.057878 1.537616 3.000166
 17013.000000 5.059983 1.521144 2.976636
 17016.000000 5.025220 1.532734 2.976550
 17019.000000 5.008586 1.552054 2.969328
 17022.000000 4.950149 1.572056 2.969084
 17025.000000 4.957489 1.568264 2.997080
 17028.000000 5.014660 1.566159 2.987984
 17031.000000 5.000273 1.576848 3.001253
 17034.000000 4.912454 1.567134 2.970595
 17037.000000 4.980614 1.576186 2.955467
 17040.000000 4.915213 1.591326 2.945347
 17043.000000 4.904755 1.577605 2.950679
 17046.000000 4.994129 1.581634 2.966111
 17049.000000 4.866686 1.550566 2.969506
 17052.000000 4.950407 1.574197 2.933887
 17055.000000 4.941717 1.521587 2.991007
 17058.000000 4.918143 1.539507 2.974869
 17061.000000 4.936051 1.520090 2.976346
 17064.000000 5.040580 1.552760 2.962930
 17067.000000 5.018079 1.579317 2.942991
 17070.000000 5.015746 1.598869 2.900790
 17073.000000 5.017313 1.568962 2.952222
 17076.000000 5.050804 1.568438 2.927625
 17079.000000 4.979343 1.555713 2.954875
 17082.000000 4.985455 1.525456 2.991689
 17085.000000 4.979205 1.534424 2.945300
 17088.000000 4.952209 1.531932 2.973909
 17091.000000 4.986377 1.550773 2.953425
 17094.000000 5.030070 1.532420 2.994757
 17097.000000 5.051047 1.525554 3.001324
 17100.000000 4.993286 1.542291 2.978879
 17103.000000 4.963948 1.505522 2.993857
 17106.000000 4.920730 1.528569 2.985483
 17109.000000 4.951580 1.546485 2.961217
 17112.000000 4.933507 1.565339 2.958190
 17115.000000 4.919051 1.528479 3.008594
 17118.000000 4.931639 1.528474 3.001841
 17121.000000 4.922901 1.529920 2.989779
 17124.000000 4.965759 1.535359 2.995613
 17127.000000 4.895548 1.501967 2.981395
 17130.000000 4.973800 1.518232 2.993582
 17133.000000 5.052427 1.523232 2.965124
 17136.000000 5.032163 1.511081 2.939494
 17139.000000 5.033271 1.519309 2.946279
 17142.000000 5.017996 1.505214 2.952522
 17145.000000 4.945569 1.521034 2.955529
 17148.000000 4.989912 1.497987 2.966613
 17151.000000 4.987550 1.519741 2.945283
 17154.000000 5.029207 1.516803 2.950279
 17157.000000 4.936315 1.515866 2.902146
 17160.000000 5.002923 1.552535 2.907161
 17163.000000 4.999725 1.532564 2.921540
 17166.000000 5.075760 1.531815 2.922564
 17169.000000 5.101224 1.535614 2.933743
 17172.000000 5.064907 1.515590 2.936048
 17175.000000 5.077734 1.507601 2.938172
 17178.000000 5.078909 1.491224 2.938955
 17181.000000 5.067658 1.497726 2.940592
 17184.000000 5.054282 1.495270 2.974489
 17187.000000 5.100397 1.524389 2.939280
 17190.000000 5.167208 1.517087 2.928486
 17193.000000 5.083748 1.508774 2.948809
 17196.000000 5.251378 1.521858 2.903067
 17199.000000 5.195017 1.505655 2.915390
 17202.000000 5.125416 1.519743 2.902442
 17205.000000 5.161648 1.532413 2.888911
 17208.000000 5.069325 1.515044 2.932322
 17211.000000 5.006870 1.507484 2.919135
 17214.000000 4.889582 1.505847 2.933734
 17217.000000 4.867300 1.503373 2.928853
 17220.000000 4.877963 1.511968 2.934844
 17223.000000 4.823008 1.524859 2.925574
 17226.000000 4.868105 1.547730 2.931673
 17229.000000 4.883025 1.552548 2.881089
 17232.000000 4.869097 1.539519 2.948784
 17235.000000 4.879622 1.551109 2.936537
 17238.000000 4.877621 1.531610 2.940735
 17241.000000 4.920218 1.526313 2.938238
 17244.000000 4.889150 1.538941 2.923356
 17247.000000 4.843768 1.538765 2.928674
 17250.000000 4.855583 1.519478 2.952489
 17253.000000 4.875516 1.518706 2.931239
 17256.000000 4.890691 1.538460 2.906237
 17259.000000 4.832064 1.522885 2.947368
 17262.000000 4.878356 1.524746 2.932866
 17265.000000 4.886631 1.537242 2.906391
 17268.000000 5.002249 1.540605 2.912449
 17271.000000 5.056462 1.534306 2.907041
 17274.000000 4.973956 1.500231 2.968697
 17277.000000 4.990063 1.503962 2.917772
 17280.000000 4.945508 1.493822 2.927817
 17283.000000 4.891182 1.521237 2.892199
 17286.000000 4.921350 1.518981 2.884740
 17289.000000 4.940731 1.539739 2.855894
 17292.000000 4.897467 1.546161 2.887864
 17295.000000 4.873266 1.527903 2.890280
 17298.000000 4.827250 1.515359 2.884843
 17301.000000 4.713291 1.527569 2.899041
 17304.000000 4.791949 1.495518 2.940266
 17307.000000 4.812824 1.484795 2.953007
 17310.000000 4.836163 1.512564 2.931360
 17313.000000 4.917257 1.535165 2.962803
 17316.000000 4.843730 1.521195 2.950956
 17319.000000 4.811638 1.504863 2.982023
 17322.000000 4.802534 1.527896 2.986730
 17325.000000 4.826040 1.524384 2.980634
 17328.000000 4.857249 1.521682 3.000612
 17331.000000 4.815424 1.520214 2.986147
 17334.000000 4.796490 1.515136 2.965464
 17337.000000 4.842794 1.545968 2.938099
 17340.000000 4.804781 1.540316 2.931736
 17343.000000 4.917604 1.570223 2.910324
 17346.000000 4.937923 1.582146 2.904282
 17349.000000 4.840967 1.558287 2.916025
 17352.000000 4.847566 1.550392 2.938363
 17355.000000 4.848329 1.521017 2.974472
 17358.000000 4.865356 1.541214 2.942434
 17361.000000 4.831387 1.532710 2.924899
 17364.000000 4.800988 1.521060 2.935628
 17367.000000 4.852432 1.552030 2.950930
 17370.000000 4.857292 1.554841 2.953596
 17373.000000 4.800440 1.543110 2.949292
 17376.000000 4.814073 1.557891 2.946202
 17379.000000 4.826385 1.547412 2.973728
 17382.000000 4.840177 1.564696 2.949999
 17385.000000 4.773436 1.537205 2.965043
 17388.000000 4.791097 1.528628 2.953347
 17391.000000 4.836225 1.548837 2.972905
 17394.000000 4.892357 1.521289 2.985602
 17397.000000 4.897893 1.518969 2.974737
 17400.000000 4.881554 1.492616 2.975099
 17403.000000 4.876489 1.494450 2.980605
 17406.000000 4.989428 1.516488 2.942923
 17409.000000 5.023621 1.536512 2.915706
 17412.000000 5.071114 1.513710 2.970592
 17415.000000 5.100071 1.526751 2.970934
 17418.000000 5.035565 1.517039 2.999167
 17421.000000 5.056511 1.501154 2.977367
 17424.000000 5.052495 1.495078 2.976751
 17427.000000 5.024973 1.514415 2.971964
 17430.000000 4.994766 1.540239 2.945856
 17433.000000 5.071068 1.544084 2.945129
 17436.000000 5.048728 1.542672 2.949735
 17439.000000 5.065471 1.528717 2.957363
 17442.000000 5.076189 1.531902 2.938290
 17445.000000 5.025826 1.491443 2.963716
 17448.000000 4.922221 1.471403 2.977478
 17451.000000 4.892463 1.492942 2.944606
 17454.000000 4.899251 1.492791 2.929109
 17457.000000 4.978703 1.493474 2.915042
 17460.000000 4.913062 1.486757 2.929308
 17463.000000 4.937279 1.511334 2.901403
 17466.000000 4.893070 1.504779 2.930463
 17469.000000 4.875553 1.512191 2.921941
 17472.000000 4.864555 1.502102 2.926893
 17475.000000 4.829601 1.502211 2.926547
 17478.000000 4.941836 1.501163 2.915838
 17481.000000 4.975289 1.519974 2.921884
 17484.000000 4.967626 1.513524 2.926459
 17487.000000 4.969872 1.530511 2.906417
 17490.000000 4.984964 1.534148 2.927776
 17493.000000 4.960606 1.525857 3.000111
 17496.000000 4.988159 1.558626 2.944040
 17499.000000 5.036816 1.562247 2.902420
 17502.000000 4.987162 1.553265 2.917614
 17505.000000 4.936635 1.548837 2.983126
 17508.000000 5.082369 1.552709 2.931931
 17511.000000 5.042325 1.554445 2.925866
 17514.000000 4.975540 1.561130 2.943291
 17517.000000 5.080091 1.586801 2.956410
 17520.000000 5.041527 1.555458 2.950577
 17523.000000 5.025441 1.546233 2.896658
 17526.000000 5.011882 1.555814 2.895566
 17529.000000 5.032105 1.563068 2.887739
 17532.000000 5.014193 1.551075 2.889683
 17535.000000 5.124290 1.547027 2.928636
 17538.000000 5.048997 1.546344 2.900298
 17541.000000 5.031996 1.545716 2.933433
 17544.000000 4.975747 1.533627 2.887988
 17547.000000 5.014659 1.508735 2.925322
 17550.000000 4.981782 1.532267 2.919545
 17553.000000 4.996397 1.530509 2.903149
 17556.000000 4.955714 1.515657 2.943727
 17559.000000 4.935831 1.496256 2.979197
 17562.000000 4.924294 1.488639 2.982323
 17565.000000 4.924517 1.516515 2.953496
 17568.000000 4.928547 1.532282 2.971634
 17571.000000 4.935196 1.538281 2.934044
 17574.000000 4.886890 1.513651 2.926095
 17577.000000 4.987698 1.531277 2.919110
 17580.000000 4.993648 1.526015 2.876781
 17583.000000 5.087780 1.506259 2.923250
 17586.000000 5.003245 1.499230 2.880952
 17589.000000 5.074968 1.505626 2.881305
 17592.000000 5.065742 1.518403 2.882098
 17595.000000 5.083802 1.508691 2.934322
 17598.000000 4.938472 1.508710 2.944924
 17601.000000 4.965858 1.515908 2.966460
 17604.000000 4.950049 1.504176 2.953686
 17607.000000 4.983338 1.539025 2.959799
 17610.000000 4.964715 1.493388 2.974618
 17613.000000 5.038953 1.504496 2.958320
 17616.000000 5.048079 1.486207 2.976268
 17619.000000 5.010484 1.477343 2.990118
 17622.000000 4.958789 1.474447 2.944428
 17625.000000 4.996592 1.510048 2.904641
 17628.000000 4.992309 1.507154 2.902679
 17631.000000 4.943664 1.489946 2.924681
 17634.000000 4.942403 1.504900 2.928165
 17637.000000 4.919522 1.484645 2.949269
 17640.000000 4.973317 1.506377 2.920401
 17643.000000 5.009888 1.503721 2.901469
 17646.000000 4.978511 1.477780 2.928641
 17649.000000 5.014187 1.482529 2.931270
 17652.000000 5.054214 1.509525 2.902546
 17655.000000 5.090774 1.493277 2.944928
 17658.000000 5.080920 1.509625 2.929839
 17661.000000 5.061515 1.508358 2.933624
 17664.000000 5.069338 1.500087 2.916714
 17667.000000 5.098736 1.533800 2.934476
 17670.000000 5.145341 1.532815 2.918405
 17673.000000 5.141177 1.519955 2.902571
 17676.000000 5.068621 1.511605 2.923019
 17679.000000 5.105862 1.524427 2.906285
 17682.000000 5.083970 1.481201 2.972985
 17685.000000 5.060516 1.504601 2.953314
 17688.000000 5.085768 1.472892 2.985714
 17691.000000 5.058872 1.515709 2.970480
 17694.000000 5.002058 1.515995 2.976442
 17697.000000 5.084740 1.517384 2.972517
 17700.000000 5.068706 1.534049 2.969195
 17703.000000 5.018895 1.536329 2.941945
 17706.000000 4.968009 1.562463 2.950111
 17709.000000 4.996997 1.580712 2.940224
 17712.000000 5.028416 1.543060 2.931114
 17715.000000 5.055046 1.547992 2.943337
 17718.000000 4.927664 1.542660 2.933834
 17721.000000 4.915319 1.535410 2.942642
 17724.000000 4.914460 1.493602 2.968093
 17727.000000 4.873738 1.478633 2.947580
 17730.000000 5.018370 1.490522 2.941288
 17733.000000 4.973953 1.485315 2.957219
 17736.000000 4.981729 1.485403 2.964873
 17739.000000 4.921281 1.497415 2.941276
 17742.000000 4.955522 1.504348 2.941910
 17745.000000 5.073673 1.516113 2.966973
 17748.000000 4.961221 1.515656 2.924107
 17751.000000 4.868812 1.489968 2.938228
 17754.000000 4.784547 1.494010 2.956929
 17757.000000 4.978838 1.533655 2.929392
 17760.000000 4.913431 1.509247 2.940876
 17763.000000 5.005553 1.530233 2.927563
 17766.000000 4.990545 1.506589 2.957259
 17769.000000 4.923194 1.510221 2.955540
 17772.000000 5.025485 1.500513 2.977936
 17775.000000 5.045053 1.504840 2.958670
 17778.000000 5.065665 1.482484 3.009457
 17781.000000 4.960579 1.490711 2.976277
 17784.000000 4.938347 1.475562 2.971943
 17787.000000 4.886836 1.460060 2.979165
 17790.000000 4.883000 1.463742 2.970992
 17793.000000 4.918145 1.473360 2.939104
 17796.000000 4.996983 1.489918 2.944680
 17799.000000 4.989494 1.507096 2.954170
 17802.000000 4.935776 1.515819 2.942732
 17805.000000 4.945331 1.507163 2.932520
 17808.000000 4.915490 1.477920 2.932992
 17811.000000 4.889466 1.484609 2.912784
 17814.000000 4.940302 1.502294 2.899136
 17817.000000 4.978982 1.512635 2.882175
 17820.000000 4.975764 1.479254 2.945051
 17823.000000 4.952103 1.501174 2.922330
 17826.000000 4.862086 1.497659 2.928809
 17829.000000 5.008048 1.506452 2.883203
 17832.000000 4.970943 1.507865 2.939495
 17835.000000 4.956984 1.510744 2.938523
 17838.000000 4.949217 1.497116 2.972431
 17841.000000 4.882599 1.503371 2.964585
 17844.000000 4.969830 1.500694 2.981885
 17847.000000 4.966583 1.529151 2.940286
 17850.000000 5.023781 1.556386 2.975060
 17853.000000 4.986989 1.557752 2.959084
 17856.000000 4.942532 1.562503 2.936489
 17859.000000 4.950206 1.531325 2.987418
 17862.000000 4.932589 1.527218 2.994639
 17865.000000 4.951580 1.535336 2.975155
 17868.000000 4.967341 1.558204 2.975035
 17871.000000 4.942193 1.547487 2.993188
 17874.000000 4.878101 1.541473 3.011552
 17877.000000 4.860614 1.540690 3.012890
 17880.000000 4.901932 1.538201 2.993245
 17883.000000 4.935843 1.569577 2.973897
 17886.000000 4.875850 1.562647 2.963090
 17889.000000 4.937247 1.559725 2.982677
 17892.000000 4.992898 1.550857 2.999575
 17895.000000 4.973163 1.529181 2.999294
 17898.000000 4.961797 1.551764 2.960117
 17901.000000 4.926584 1.532834 2.961994
 17904.000000 4.869710 1.520889 2.951382
 17907.000000 4.905407 1.529946 2.952014
 17910.000000 4.954231 1.560587 2.940650
 17913.000000 4.997841 1.584291 2.897831
 17916.000000 4.935713 1.541286 2.918618
 17919.000000 4.975527 1.547520 2.938567
 17922.000000 4.949276 1.517532 2.949794
 17925.000000 4.861102 1.513740 2.945859
 17928.000000 4.839355 1.525476 2.957941
 17931.000000 4.910528 1.552578 2.940663
 17934.000000 4.962125 1.541885 2.945934
 17937.000000 4.965227 1.548092 2.968785
 17940.000000 4.916946 1.598462 2.917341
 17943.000000 4.862945 1.595267 2.915912
 17946.000000 4.871386 1.581642 2.936031
 17949.000000 4.891949 1.578776 2.950895
 17952.000000 4.910400 1.544839 2.941183
 17955.000000 4.871615 1.559526 2.959839
 17958.000000 4.874007 1.527653 2.993612
 17961.000000 4.897274 1.524507 3.024541
 17964.000000 4.812460 1.546715 2.989167
 17967.000000 4.894904 1.534706 2.971015
 17970.000000 4.949892 1.521880 2.952099
 17973.000000 4.910098 1.523696 2.961045
 17976.000000 4.886944 1.516559 2.962364
 17979.000000 4.909768 1.497769 2.962582
 17982.000000 4.911450 1.499960 2.957306
 17985.000000 4.887433 1.524355 2.973110
 17988.000000 4.960677 1.529867 2.971635
 17991.000000 4.927940 1.533318 3.003403
 17994.000000 4.950314 1.552909 2.962399
 17997.000000 4.870612 1.532046 2.994239
 18000.000000 4.850617 1.526519 2.996007
 18003.000000 4.829247 1.540077 2.979669
 18006.000000 4.926199 1.543546 2.987264
 18009.000000 4.941834 1.527908 3.007067
 18012.000000 4.980408 1.549285 2.997496
 18015.000000 4.890541 1.545865 2.978151
 18018.000000 4.838638 1.554958 2.983630
 18021.000000 4.893490 1.563201 2.963687
 18024.000000 4.909474 1.591178 2.992766
 18027.000000 4.852688 1.549281 2.987722
 18030.000000 4.905948 1.571464 2.957427
 18033.000000 4.895487 1.584972 2.947167
 18036.000000 4.818087 1.578877 2.933338
 18039.000000 4.851844 1.574405 2.930325
 18042.000000 4.803778 1.609264 2.891373
 18045.000000 4.835257 1.615443 2.922151
 18048.000000 4.889496 1.597440 2.896276
 18051.000000 4.946506 1.602921 2.906411
 18054.000000 4.996978 1.598333 2.919551
 18057.000000 4.967839 1.574591 2.928131
 18060.000000 4.943165 1.586082 2.940072
 18063.000000 4.946890 1.567300 2.921706
 18066.000000 4.916125 1.566092 2.923520
 18069.000000 5.009281 1.580196 2.930361
 18072.000000 4.970680 1.585072 2.931916
 18075.000000 4.977748 1.583030 2.913732
 18078.000000 4.961275 1.589471 2.913192
 18081.000000 4.950867 1.581135 2.913065
 18084.000000 5.004424 1.577257 2.929892
 18087.000000 5.004406 1.592289 2.887481
 18090.000000 4.999950 1.593976 2.893276
 18093.000000 4.932274 1.582748 2.935500
 18096.000000 4.996394 1.580900 2.921151
 18099.000000 5.032051 1.567155 2.969888
 18102.000000 5.051783 1.556915 2.988665
 18105.000000 4.982990 1.553988 2.959851
 18108.000000 4.946740 1.548463 2.951437
 18111.000000 5.024238 1.560991 2.941755
 18114.000000 5.034591 1.585355 2.914984
 18117.000000 4.973626 1.572182 2.904200
 18120.000000 4.978084 1.589593 2.893139
 18123.000000 4.937195 1.586915 2.920446
 18126.000000 4.916606 1.576486 2.952307
 18129.000000 4.917937 1.568828 2.971636
 18132.000000 4.882556 1.564265 2.939146
 18135.000000 4.875659 1.568984 2.934751
 18138.000000 4.877521 1.566310 2.947652
 18141.000000 4.936306 1.545937 2.968739
 18144.000000 4.940012 1.533812 2.974933
 18147.000000 4.982710 1.552253 2.942584
 18150.000000 5.012258 1.553419 2.927374
 18153.000000 4.986339 1.560487 2.943926
 18156.000000 4.984279 1.565677 2.930799
 18159.000000 4.957159 1.548174 2.962807
 18162.000000 4.856874 1.568907 2.921309
 18165.000000 4.874665 1.555483 2.913914
 18168.000000 4.915911 1.558594 2.956500
 18171.000000 4.878080 1.538209 2.938743
 18174.000000 4.856714 1.540395 2.942011
 18177.000000 4.934565 1.557018 2.949818
 18180.000000 4.958682 1.545684 2.964450
 18183.000000 4.978774 1.554373 2.935946
 18186.000000 4.952121 1.541842 2.949532
 18189.000000 4.955003 1.563201 2.935220
 18192.000000 4.988429 1.602048 2.927777
 18195.000000 5.026907 1.577636 2.926871
 18198.000000 4.993699 1.568146 2.946073
 18201.000000 4.981770 1.565040 2.951492
 18204.000000 5.030972 1.563654 2.936241
 18207.000000 4.933622 1.554636 2.954057
 18210.000000 4.973348 1.573569 2.931249
 18213.000000 4.973363 1.574930 2.961719
 18216.000000 5.036578 1.577803 2.973240
 18219.000000 4.962240 1.563027 2.971241
 18222.000000 4.958095 1.596152 2.986422
 18225.000000 4.972661 1.569824 3.022902
 18228.000000 5.026592 1.567698 3.005565
 18231.000000 5.018193 1.595165 2.978993
 18234.000000 4.927956 1.593361 2.987738
 18237.000000 4.935932 1.578593 2.994098
 18240.000000 5.003650 1.582972 3.000270
 18243.000000 4.963216 1.594211 2.991584
 18246.000000 4.946024 1.528165 3.066873
 18249.000000 4.951203 1.561179 2.994914
 18252.000000 4.979523 1.543002 3.015727
 18255.000000 4.962549 1.529224 3.028366
 18258.000000 5.038760 1.563480 3.018241
 18261.000000 4.934071 1.566692 2.992655
 18264.000000 4.929070 1.569831 2.991399
 18267.000000 4.980623 1.585931 2.961359
 18270.000000 4.978071 1.599990 2.960044
 18273.000000 4.959585 1.597053 2.981325
 18276.000000 4.871869 1.590820 2.969403
 18279.000000 4.963882 1.600666 2.939593
 18282.000000 4.929637 1.588513 2.955270
 18285.000000 5.018358 1.585332 2.950363
 18288.000000 4.972402 1.538649 3.006087
 18291.000000 4.953282 1.585154 2.959405
 18294.000000 4.939916 1.577648 2.986218
 18297.000000 4.985970 1.587277 2.986536
 18300.000000 5.032108 1.590965 2.988488
 18303.000000 5.020602 1.550623 2.970008
 18306.000000 4.977023 1.549970 2.955983
 18309.000000 4.910289 1.592500 2.909412
 18312.000000 4.958109 1.576826 2.930065
 18315.000000 5.007223 1.611250 2.924033
 18318.000000 4.962548 1.594757 2.936655
 18321.000000 5.022979 1.621974 2.935427
 18324.000000 4.978741 1.589598 2.967279
 18327.000000 4.982457 1.598649 2.959582
 18330.000000 4.936067 1.589609 2.987425
 18333.000000 4.954077 1.591474 3.011611
 18336.000000 4.916380 1.600318 2.973220
 18339.000000 4.983754 1.588411 2.981962
 18342.000000 5.010519 1.555100 2.971457
 18345.000000 4.956195 1.526299 2.980004
 18348.000000 4.949242 1.503231 2.989559
 18351.000000 4.991608 1.533201 2.974372
 18354.000000 4.970774 1.542887 2.948027
 18357.000000 4.989183 1.524795 2.953326
 18360.000000 5.029762 1.560087 2.953194
 18363.000000 5.054868 1.541089 2.959848
 18366.000000 5.075984 1.535118 2.984821
 18369.000000 5.026004 1.520533 2.956269
 18372.000000 5.011769 1.518546 2.952669
 18375.000000 4.976781 1.517823 2.965397
 18378.000000 4.881123 1.523233 2.923752
 18381.000000 4.885915 1.555941 2.904560
 18384.000000 4.936808 1.536694 2.917359
 18387.000000 4.847531 1.522296 2.940095
 18390.000000 4.791037 1.533578 2.955544
 18393.000000 4.780276 1.533187 2.957810
 18396.000000 4.827404 1.517717 2.993450
 18399.000000 4.734690 1.542565 2.967661
 18402.000000 4.873436 1.550868 2.998561
 18405.000000 4.873799 1.548207 3.031449
 18408.000000 4.898206 1.549620 3.015999
 18411.000000 4.907253 1.533858 3.016390
 18414.000000 4.925341 1.501282 3.032984
 18417.000000 4.998549 1.511235 3.008151
 18420.000000 4.982413 1.492035 3.020624
 18423.000000 4.981253 1.523279 2.995364
 18426.000000 4.996735 1.513617 2.985303
 18429.000000 4.968186 1.502278 2.997690
 18432.000000 5.007603 1.537901 2.970152
 18435.000000 4.963715 1.550462 2.979867
 18438.000000 4.951114 1.546483 2.957097
 18441.000000 4.989154 1.557672 2.965076
 18444.000000 4.951392 1.544143 2.991706
 18447.000000 4.950729 1.547368 2.980929
 18450.000000 4.961949 1.554476 2.955073
 18453.000000 5.052669 1.558313 2.936396
 18456.000000 5.041277 1.535784 2.931036
 18459.000000 4.979269 1.542688 2.953803
 18462.000000 4.894593 1.535641 2.972243
 18465.000000 4.891502 1.555686 2.954111
 18468.000000 4.943840 1.530900 2.965017
 18471.000000 4.933097 1.540341 2.964567
 18474.000000 4.957514 1.545020 2.932934
 18477.000000 4.957123 1.538971 2.966349
 18480.000000 4.881646 1.534241 2.965540
 18483.000000 4.863024 1.541623 2.967178
 18486.000000 4.906121 1.550946 2.961469
 18489.000000 4.915488 1.551606 2.969353
 18492.000000 4.922123 1.553749 2.942233
 18495.000000 4.922040 1.539966 2.979448
 18498.000000 4.899317 1.542435 2.965116
 18501.000000 4.919738 1.560219 2.939590
 18504.000000 4.844331 1.562161 2.919520
 18507.000000 4.918924 1.562482 2.932289
 18510.000000 4.885924 1.559004 2.963285
 18513.000000 4.829567 1.587150 2.903029
 18516.000000 4.893891 1.585528 2.942410
 18519.000000 4.857641 1.557736 2.905333
 18522.000000 4.908228 1.571180 2.870319
 18525.000000 4.857679 1.578655 2.888210
 18528.000000 4.812698 1.565531 2.945986
 18531.000000 4.886873 1.540975 2.951819
 18534.000000 4.947033 1.556479 2.951748
 18537.000000 4.981096 1.559373 2.938666
 18540.000000 4.888111 1.552281 2.949367
 18543.000000 4.951155 1.576368 2.938511
 18546.000000 4.971029 1.552140 2.963088
 18549.000000 4.963821 1.553173 2.967285
 18552.000000 5.004220 1.559731 2.982712
 18555.000000 5.017630 1.537814 3.003687
 18558.000000 5.051598 1.567546 2.978608
 18561.000000 5.093853 1.550933 2.996676
 18564.000000 5.131335 1.570708 2.981019
 18567.000000 5.114635 1.578584 2.946065
 18570.000000 5.099611 1.573279 2.981420
 18573.000000 5.162744 1.568640 2.970132
 18576.000000 5.138899 1.541849 2.968824
 18579.000000 5.074126 1.547501 2.947525
 18582.000000 5.102655 1.557901 2.920909
 18585.000000 5.051718 1.551299 2.969738
 18588.000000 5.039073 1.553949 2.950415
 18591.000000 4.992121 1.559837 2.952358
 18594.000000 4.941031 1.586977 2.937752
 18597.000000 4.851738 1.607962 2.950089
 18600.000000 4.999514 1.623967 2.951724
 18603.000000 4.959832 1.636193 2.926307
 18606.000000 4.920966 1.603874 2.924824
 18609.000000 4.901947 1.587574 2.925568
 18612.000000 4.928357 1.571096 2.947539
 18615.000000 4.992396 1.579883 2.926797
 18618.000000 4.988886 1.584988 2.925856
 18621.000000 5.022836 1.579603 2.966034
 18624.000000 4.934059 1.575051 2.955170
 18627.000000 4.967220 1.559413 2.965832
 18630.000000 4.881230 1.556784 2.926398
 18633.000000 4.979561 1.559462 2.925987
 18636.000000 4.944039 1.535077 2.961952
 18639.000000 4.976809 1.516738 2.942161
 18642.000000 4.983323 1.509960 2.953915
 18645.000000 4.893657 1.514799 2.930145
 18648.000000 4.936840 1.494975 2.946874
 18651.000000 4.958943 1.506492 2.966645
 18654.000000 4.939148 1.486449 2.975591
 18657.000000 4.909352 1.483919 2.975486
 18660.000000 4.930406 1.486673 2.983643
 18663.000000 4.862838 1.503758 2.963947
 18666.000000 4.986399 1.526872 2.972027
 18669.000000 4.920906 1.525628 2.977472
 18672.000000 4.906012 1.507943 2.971508
 18675.000000 4.831530 1.471319 2.996956
 18678.000000 4.872858 1.539258 2.958341
 18681.000000 4.936154 1.534196 2.980764
 18684.000000 4.943953 1.549657 2.982877
 18687.000000 4.910127 1.541967 2.939449
 18690.000000 4.891418 1.527942 2.943631
 18693.000000 4.820550 1.549868 2.904182
 18696.000000 4.931467 1.529963 2.928008
 18699.000000 4.956220 1.495567 2.929294
 18702.000000 5.020255 1.537424 2.943062
 18705.000000 5.093050 1.540268 2.920301
 18708.000000 5.030846 1.532057 2.918979
 18711.000000 5.063158 1.565708 2.907657
 18714.000000 5.054208 1.544257 2.914776
 18717.000000 5.027511 1.566447 2.907797
 18720.000000 5.020553 1.543628 2.953269
 18723.000000 5.064597 1.560139 2.928661
 18726.000000 5.006303 1.544407 2.931547
 18729.000000 4.983683 1.531753 2.930293
 18732.000000 4.992096 1.552239 2.974385
 18735.000000 4.884040 1.558820 2.925059
 18738.000000 4.871457 1.548944 2.932929
 18741.000000 4.848530 1.550035 2.952912
 18744.000000 4.831303 1.553125 2.944713
 18747.000000 4.905437 1.573135 2.906601
 18750.000000 4.917838 1.567853 2.921298
 18753.000000 4.940409 1.542640 2.945621
 18756.000000 4.835906 1.536111 2.957370
 18759.000000 4.906899 1.559263 2.933164
 18762.000000 4.876728 1.558841 2.965723
 18765.000000 4.845701 1.545169 2.936444
 18768.000000 4.785075 1.540160 2.927676
 18771.000000 4.892509 1.527289 2.934075
 18774.000000 4.880551 1.564385 2.922022
 18777.000000 4.856249 1.534610 2.956354
 18780.000000 4.906784 1.578845 2.931218
 18783.000000 4.947661 1.535012 2.959871
 18786.000000 4.909172 1.528904 2.951241
 18789.000000 4.894308 1.547991 2.929300
 18792.000000 4.919960 1.576174 2.923687
 18795.000000 4.969570 1.604369 2.931717
 18798.000000 5.016704 1.609240 2.918226
 18801.000000 5.091098 1.574731 2.942992
 18804.000000 4.988832 1.557230 2.938111
 18807.000000 4.944090 1.562422 2.932517
 18810.000000 4.974663 1.572482 2.973046
 18813.000000 4.839178 1.566385 2.939102
 18816.000000 4.860418 1.551302 2.959877
 18819.000000 4.940390 1.555559 2.963908
 18822.000000 4.903398 1.558915 2.950039
 18825.000000 4.996516 1.590778 2.951985
 18828.000000 4.959787 1.581788 2.932052
 18831.000000 4.992315 1.532156 2.936745
 18834.000000 4.962531 1.521532 2.931973
 18837.000000 5.026951 1.536908 2.922974
 18840.000000 5.136265 1.558906 2.938820
 18843.000000 5.127952 1.535940 2.931221
 18846.000000 5.098733 1.554835 2.925664
 18849.000000 5.043836 1.543868 2.899543
 18852.000000 5.020375 1.540504 2.919535
 18855.000000 5.042128 1.544987 2.907378
 18858.000000 5.020097 1.551952 2.900140
 18861.000000 5.034644 1.518617 2.915079
 18864.000000 5.114461 1.567500 2.919631
 18867.000000 5.066591 1.558370 2.909873
 18870.000000 5.071357 1.574293 2.861624
 18873.000000 4.943973 1.572960 2.869278
 18876.000000 5.055532 1.554106 2.901100
 18879.000000 4.965623 1.547215 2.898532
 18882.000000 5.029200 1.555168 2.917477
 18885.000000 5.020402 1.558951 2.913370
 18888.000000 4.868146 1.565448 2.894558
 18891.000000 4.946035 1.542942 2.938878
 18894.000000 4.981467 1.552924 2.912128
 18897.000000 4.998114 1.540461 2.908494
 18900.000000 4.984192 1.536647 2.932493
 18903.000000 4.972642 1.535529 2.892750
 18906.000000 4.939865 1.517463 2.924024
 18909.000000 5.003728 1.521868 2.924918
 18912.000000 5.027497 1.510266 2.943608
 18915.000000 5.046695 1.547738 2.891456
 18918.000000 5.033384 1.549950 2.889234
 18921.000000 4.983804 1.554013 2.868209
 18924.000000 4.922367 1.525187 2.883105
 18927.000000 5.033175 1.568429 2.871664
 18930.000000 4.972770 1.540192 2.895660
 18933.000000 4.975439 1.563362 2.845479
 18936.000000 4.994302 1.543931 2.875553
 18939.000000 5.105826 1.562359 2.855877
 18942.000000 5.021373 1.549306 2.865516
 18945.000000 4.948269 1.529920 2.896404
 18948.000000 4.906041 1.530251 2.915880
 18951.000000 4.926440 1.568272 2.873895
 18954.000000 4.951146 1.546595 2.887544
 18957.000000 4.910681 1.564240 2.885300
 18960.000000 4.920339 1.557550 2.921394
 18963.000000 4.988033 1.574941 2.907833
 18966.000000 4.953377 1.575512 2.921203
 18969.000000 4.985824 1.587278 2.907674
 18972.000000 4.999981 1.562696 2.976234
 18975.000000 4.934975 1.550399 2.969358
 18978.000000 4.894863 1.559724 2.946571
 18981.000000 4.942460 1.581618 2.945518
 18984.000000 4.919640 1.585634 2.920830
 18987.000000 4.922371 1.571554 2.938812
 18990.000000 4.842400 1.566708 2.943531
 18993.000000 4.943756 1.539961 2.959673
 18996.000000 4.894337 1.548383 2.989880
 18999.000000 4.898002 1.564576 2.980598
 19002.000000 4.857620 1.565054 2.944553
 19005.000000 4.844602 1.548968 2.960308
 19008.000000 4.900852 1.533455 2.960776
 19011.000000 4.919995 1.539334 2.959409
 19014.000000 4.936003 1.536208 2.988070
 19017.000000 4.890662 1.543105 2.940166
 19020.000000 4.888436 1.537714 2.971307
 19023.000000 4.833179 1.557525 2.931592
 19026.000000 4.833318 1.536094 2.967765
 19029.000000 4.854726 1.555163 2.957997
 19032.000000 4.839843 1.543310 2.929407
 19035.000000 4.859246 1.548372 2.957457
 19038.000000 4.827971 1.567511 2.912927
 19041.000000 4.846056 1.536602 2.948243
 19044.000000 4.735525 1.551721 2.948105
 19047.000000 4.819457 1.560765 2.937144
 19050.000000 4.851518 1.576193 2.933718
 19053.000000 4.910760 1.575686 2.909517
 19056.000000 4.981935 1.549740 2.932455
 19059.000000 4.907468 1.535155 2.942457
 19062.000000 4.905388 1.542647 2.945476
 19065.000000 4.913229 1.539244 2.929568
 19068.000000 4.930799 1.543276 2.925549
 19071.000000 5.011603 1.550037 2.940951
 19074.000000 5.120670 1.564433 2.935524
 19077.000000 5.092418 1.591937 2.897091
 19080.000000 5.052202 1.586637 2.916268
 19083.000000 5.117515 1.596835 2.903295
 19086.000000 5.063775 1.571978 2.916326
 19089.000000 5.049519 1.581135 2.898924
 19092.000000 5.003253 1.563499 2.925960
 19095.000000 5.007573 1.549834 2.938121
 19098.000000 4.916960 1.567078 2.898634
 19101.000000 4.984354 1.549485 2.919557
 19104.000000 4.973824 1.544374 2.917348
 19107.000000 4.994790 1.544660 2.909593
 19110.000000 4.996266 1.573918 2.884160
 19113.000000 5.055219 1.580021 2.934506
 19116.000000 5.018813 1.569554 2.898158
 19119.000000 4.993090 1.558117 2.917612
 19122.000000 5.005811 1.530286 2.936803
 19125.000000 4.984671 1.543764 2.904296
 19128.000000 5.031329 1.548321 2.925523
 19131.000000 5.038626 1.559313 2.910739
 19134.000000 5.117135 1.560123 2.952004
 19137.000000 5.015288 1.565928 2.968575
 19140.000000 4.974803 1.545501 2.973217
 19143.000000 4.975415 1.541406 2.982007
 19146.000000 4.930691 1.508619 2.994714
 19149.000000 4.897463 1.498469 2.993325
 19152.000000 5.003075 1.491442 2.991002
 19155.000000 5.069279 1.505354 2.932382
 19158.000000 5.100890 1.530879 2.960225
 19161.000000 5.083496 1.531918 2.953119
 19164.000000 5.116167 1.515680 2.967095
 19167.000000 5.087279 1.493957 2.985097
 19170.000000 5.043081 1.495677 2.945655
 19173.000000 5.068730 1.510645 2.922310
 19176.000000 5.093389 1.505497 2.924547
 19179.000000 5.095064 1.520839 2.950562
 19182.000000 5.115043 1.527756 2.947725
 19185.000000 5.035357 1.495944 2.948283
 19188.000000 5.009738 1.488273 2.926031
 19191.000000 5.001194 1.495070 2.979187
 19194.000000 5.046325 1.521188 2.941058
 19197.000000 5.030945 1.515234 2.951508
 19200.000000 5.070675 1.502667 2.954503
 19203.000000 5.143415 1.527021 2.950186
 19206.000000 5.168658 1.553530 2.904661
 19209.000000 5.190693 1.546105 2.916113
 19212.000000 5.092876 1.551293 2.915641
 19215.000000 5.077944 1.540190 2.907245
 19218.000000 4.995492 1.507013 2.919824
 19221.000000 4.984605 1.511948 2.912371
 19224.000000 4.914454 1.494256 2.921459
 19227.000000 4.857628 1.501296 2.915231
 19230.000000 4.893096 1.531543 2.885241
 19233.000000 4.880065 1.522896 2.871434
 19236.000000 4.967342 1.540231 2.886269
 19239.000000 4.935731 1.534992 2.888463
 19242.000000 5.006477 1.525038 2.907020
 19245.000000 4.972062 1.520288 2.893976
 19248.000000 4.951264 1.519650 2.880487
 19251.000000 4.905583 1.527934 2.892309
 19254.000000 4.923173 1.533978 2.899058
 19257.000000 4.972392 1.560107 2.887440
 19260.000000 4.969954 1.554764 2.890818
 19263.000000 4.969766 1.555577 2.904175
 19266.000000 5.034155 1.565726 2.922310
 19269.000000 4.943895 1.557359 2.878241
 19272.000000 4.974443 1.545920 2.895383
 19275.000000 4.926243 1.550543 2.909724
 19278.000000 4.945642 1.529276 2.932798
 19281.000000 4.909927 1.535840 2.945464
 19284.000000 4.984495 1.577434 2.916174
 19287.000000 4.880075 1.533483 2.957732
 19290.000000 4.839522 1.528987 2.952859
 19293.000000 4.833619 1.529440 2.946386
 19296.000000 4.856061 1.549703 2.935812
 19299.000000 4.893771 1.509168 2.958620
 19302.000000 4.905641 1.521663 2.967263
 19305.000000 4.967437 1.555276 2.930286
 19308.000000 4.924126 1.553375 2.905956
 19311.000000 4.904491 1.547300 2.918815
 19314.000000 4.986772 1.561959 2.933304
 19317.000000 4.933243 1.546207 2.949026
 19320.000000 4.971537 1.562313 2.940105
 19323.000000 4.950851 1.565309 2.923851
 19326.000000 4.910255 1.560987 2.919467
 19329.000000 4.876524 1.547850 2.944851
 19332.000000 4.944925 1.576047 2.951821
 19335.000000 4.961986 1.565066 2.926936
 19338.000000 5.012922 1.556139 2.923697
 19341.000000 5.058369 1.553861 2.956956
 19344.000000 5.121024 1.562188 2.944699
 19347.000000 5.140969 1.574255 2.928606
 19350.000000 5.069632 1.540205 2.946549
 19353.000000 5.003204 1.538135 2.946938
 19356.000000 5.003498 1.553001 2.938890
 19359.000000 5.069496 1.553401 2.987099
 19362.000000 5.024422 1.542719 3.001520
 19365.000000 5.031233 1.552835 2.947016
 19368.000000 4.957620 1.550070 2.936716
 19371.000000 4.849151 1.559302 2.935394
 19374.000000 4.931378 1.585348 2.913260
 19377.000000 4.933212 1.565072 2.947424
 19380.000000 4.959498 1.566324 2.944866
 19383.000000 4.946278 1.559429 2.915269
 19386.000000 4.932636 1.570853 2.925889
 19389.000000 4.895467 1.569267 2.940796
 19392.000000 4.935615 1.574288 2.953747
 19395.000000 4.943232 1.574370 2.948186
 19398.000000 4.962776 1.569587 2.941930
 19401.000000 4.877355 1.553452 2.939334
 19404.000000 4.820282 1.535394 2.990803
 19407.000000 4.748257 1.533207 2.982434
 19410.000000 4.793789 1.569053 2.950568
 19413.000000 4.834032 1.552020 2.985365
 19416.000000 4.795651 1.556950 2.928891
 19419.000000 4.783894 1.544716 2.952792
 19422.000000 4.753611 1.576949 2.929596
 19425.000000 4.775560 1.570724 2.918186
 19428.000000 4.832081 1.571206 2.956155
 19431.000000 4.820529 1.549380 2.941593
 19434.000000 4.817439 1.544726 2.990075
 19437.000000 4.798580 1.542663 2.963456
 19440.000000 4.807567 1.553078 2.952839
 19443.000000 4.843533 1.593790 2.889363
 19446.000000 4.786035 1.570349 2.903878
 19449.000000 4.777933 1.537315 2.910838
 19452.000000 4.815424 1.560774 2.895073
 19455.000000 4.814509 1.555288 2.914373
 19458.000000 4.831562 1.539974 2.940067
 19461.000000 4.820456 1.555170 2.960523
 19464.000000 4.897827 1.551496 2.944964
 19467.000000 4.928421 1.538491 2.943900
 19470.000000 4.873142 1.554415 2.916541
 19473.000000 4.945277 1.582008 2.897432
 19476.000000 4.931431 1.551242 2.901510
 19479.000000 5.028844 1.549522 2.922202
 19482.000000 5.014401 1.539642 2.941232
 19485.000000 5.042827 1.538999 2.923440
 19488.000000 5.065776 1.539819 2.900153
 19491.000000 5.034073 1.536219 2.916956
 19494.000000 5.091792 1.543085 2.894700
 19497.000000 4.988905 1.517285 2.934053
 19500.000000 4.965871 1.517371 2.944574
 19503.000000 4.976192 1.524699 2.922765
 19506.000000 4.959807 1.511545 2.951298
 19509.000000 4.925929 1.501413 2.886203
 19512.000000 4.923433 1.496769 2.914321
 19515.000000 4.924525 1.493493 2.926888
 19518.000000 4.942657 1.503737 2.941772
 19521.000000 5.015216 1.517076 2.954841
 19524.000000 5.024172 1.533925 2.922221
 19527.000000 4.977844 1.527536 2.924418
 19530.000000 4.923450 1.535975 2.934225
 19533.000000 4.950849 1.536897 2.931452
 19536.000000 4.944280 1.528779 2.940988
 19539.000000 4.985206 1.569277 2.918835
 19542.000000 4.976456 1.541922 2.930711
 19545.000000 4.967593 1.563796 2.915673
 19548.000000 5.034781 1.550414 2.940264
 19551.000000 4.968365 1.521449 2.956258
 19554.000000 4.925028 1.535345 2.932691
 19557.000000 4.866268 1.531317 2.928004
 19560.000000 4.795436 1.544725 2.955269
 19563.000000 4.757305 1.548495 2.974375
 19566.000000 4.710850 1.555676 2.952233
 19569.000000 4.737456 1.551050 2.935838
 19572.000000 4.709127 1.548164 2.941889
 19575.000000 4.764039 1.535907 2.981464
 19578.000000 4.806562 1.553121 2.972300
 19581.000000 4.816305 1.521646 2.992942
 19584.000000 4.795627 1.543034 2.956884
 19587.000000 4.790381 1.524168 2.978956
 19590.000000 4.767549 1.534615 2.966000
 19593.000000 4.691414 1.517310 2.978538
 19596.000000 4.691223 1.485745 2.988566
 19599.000000 4.712931 1.527163 2.958720
 19602.000000 4.735445 1.565224 2.914821
 19605.000000 4.788587 1.549579 2.965007
 19608.000000 4.751105 1.581309 2.924925
 19611.000000 4.797985 1.594476 2.940594
 19614.000000 4.765911 1.581503 2.960873
 19617.000000 4.669332 1.576227 2.924167
 19620.000000 4.678776 1.562750 2.974713
 19623.000000 4.682296 1.587456 2.944385
 19626.000000 4.742295 1.586286 2.967837
 19629.000000 4.801811 1.573780 3.016976
 19632.000000 4.752689 1.585487 2.995480
 19635.000000 4.772323 1.593334 2.977407
 19638.000000 4.798956 1.597552 2.955027
 19641.000000 4.887335 1.658163 2.961636
 19644.000000 4.889365 1.629112 3.001438
 19647.000000 4.757767 1.586119 2.978138
 19650.000000 4.759183 1.576300 2.987258
 19653.000000 4.772952 1.563869 2.990027
 19656.000000 4.834895 1.566964 2.988729
 19659.000000 4.936491 1.584668 3.029401
 19662.000000 4.949325 1.554695 3.013435
 19665.000000 4.977567 1.582317 2.998101
 19668.000000 4.989099 1.576088 2.986396
 19671.000000 4.953432 1.577263 2.966668
 19674.000000 4.845786 1.554346 2.997366
 19677.000000 4.870224 1.554061 2.957394
 19680.000000 4.839081 1.541243 2.946514
 19683.000000 4.815151 1.555231 2.927628
 19686.000000 4.933817 1.571956 2.936719
 19689.000000 4.877242 1.585560 2.948228
 19692.000000 4.986216 1.586340 2.921883
 19695.000000 4.977569 1.585453 2.928614
 19698.000000 4.955302 1.617683 2.881852
 19701.000000 4.925282 1.624589 2.894435
 19704.000000 4.901165 1.616495 2.889063
 19707.000000 4.885768 1.595614 2.928336
 19710.000000 4.864699 1.591096 2.908874
 19713.000000 4.900168 1.608514 2.906893
 19716.000000 4.846954 1.580937 2.982714
 19719.000000 4.854851 1.562413 2.994271
 19722.000000 4.827721 1.565337 2.984695
 19725.000000 4.781145 1.548425 2.984265
 19728.000000 4.810706 1.528216 3.006947
 19731.000000 4.835578 1.552520 2.997512
 19734.000000 4.823823 1.547089 2.986358
 19737.000000 4.842330 1.567044 2.968269
 19740.000000 4.911809 1.558693 2.995510
 19743.000000 4.840620 1.530980 3.006980
 19746.000000 4.814111 1.549031 2.972326
 19749.000000 4.824770 1.547908 2.974889
 19752.000000 4.813433 1.547996 2.963078
 19755.000000 4.780167 1.500287 3.003618
 19758.000000 4.783613 1.538181 3.002723
 19761.000000 4.850839 1.543946 2.996085
 19764.000000 4.784538 1.511703 2.995883
 19767.000000 4.791549 1.496563 2.990529
 19770.000000 4.808595 1.517175 3.010334
 19773.000000 4.859505 1.520476 2.978838
 19776.000000 4.816807 1.501189 2.999322
 19779.000000 4.878010 1.507299 2.967326
 19782.000000 4.799686 1.486449 2.981493
 19785.000000 4.862317 1.495926 2.961912
 19788.000000 4.825905 1.522324 2.968975
 19791.000000 4.850815 1.508540 2.980289
 19794.000000 4.792108 1.478615 2.988543
 19797.000000 4.828068 1.508217 2.952692
 19800.000000 4.831224 1.517084 2.988051
 19803.000000 4.823203 1.511585 2.957553
 19806.000000 4.809873 1.499512 2.951049
 19809.000000 4.909402 1.491373 2.977397
 19812.000000 4.804357 1.459795 2.974505
 19815.000000 4.826185 1.463957 2.950075
 19818.000000 4.814293 1.469469 2.995859
 19821.000000 4.797725 1.483944 3.008592
 19824.000000 4.841973 1.495642 3.028882
 19827.000000 4.813928 1.518919 3.004574
 19830.000000 4.813574 1.495294 3.005862
 19833.000000 4.782401 1.497812 2.994490
 19836.000000 4.826852 1.516695 2.981046
 19839.000000 4.840025 1.510754 3.006147
 19842.000000 4.843229 1.506084 3.008736
 19845.000000 4.883262 1.502252 2.995739
 19848.000000 4.910933 1.526625 2.954747
 19851.000000 4.984838 1.517184 2.949249
 19854.000000 4.921208 1.521670 2.986146
 19857.000000 4.929235 1.516998 2.977901
 19860.000000 4.910465 1.498135 3.001542
 19863.000000 4.908777 1.497845 2.965052
 19866.000000 4.943548 1.539392 2.969461
 19869.000000 4.912510 1.538373 2.975630
 19872.000000 4.910319 1.497029 3.004205
 19875.000000 4.973169 1.515111 3.001311
 19878.000000 4.916350 1.514927 3.016173
 19881.000000 4.927234 1.507646 3.039993
 19884.000000 4.963993 1.503399 3.043552
 19887.000000 4.969674 1.536682 3.006849
 19890.000000 4.991448 1.536833 2.987310
 19893.000000 4.984864 1.546569 2.954940
 19896.000000 5.040161 1.550792 2.990713
 19899.000000 5.069995 1.545226 2.970175
 19902.000000 4.977639 1.521987 2.943653
 19905.000000 4.936896 1.519334 2.974169
 19908.000000 4.930223 1.569647 2.922859
 19911.000000 4.938034 1.556422 2.973686
 19914.000000 4.903633 1.545651 2.938930
 19917.000000 4.985638 1.526941 3.010241
 19920.000000 5.009705 1.526704 3.003481
 19923.000000 4.944626 1.549420 2.956524
 19926.000000 5.088452 1.524011 2.998862
 19929.000000 5.108040 1.514922 3.018372
 19932.000000 5.128710 1.550502 2.990508
 19935.000000 5.155070 1.558196 2.996951
 19938.000000 5.159776 1.569963 3.000939
 19941.000000 5.117174 1.548590 2.963189
 19944.000000 5.049551 1.574037 2.954589
 19947.000000 5.120378 1.585355 2.983352
 19950.000000 5.046981 1.581512 2.984075
 19953.000000 5.015678 1.547378 2.970167
 19956.000000 5.032169 1.552794 2.970131
 19959.000000 5.008721 1.535394 3.008795
 19962.000000 4.965839 1.555936 3.001533
 19965.000000 5.025681 1.570127 3.012967
 19968.000000 5.049491 1.577888 2.981503
 19971.000000 5.016627 1.576520 2.994815
 19974.000000 5.006455 1.598558 2.984407
 19977.000000 4.980576 1.555462 3.021284
 19980.000000 4.982493 1.569136 2.990122
 19983.000000 4.983766 1.571208 2.997647
 19986.000000 4.960934 1.586433 2.947331
 19989.000000 4.964246 1.569501 2.948639
 19992.000000 4.856818 1.583262 2.962819
 19995.000000 4.886881 1.573018 2.971834
 19998.000000 4.904907 1.571612 2.953586
 20001.000000 4.966302 1.584854 2.945198
 20004.000000 4.960116 1.559853 2.968360
 20007.000000 4.949218 1.572066 2.998527
 20010.000000 4.990480 1.603274 3.008394
 20013.000000 4.984581 1.594491 3.001141
 20016.000000 4.948800 1.602017 3.028167
 20019.000000 4.901580 1.564758 3.032779
 20022.000000 4.890991 1.588318 3.041246
 20025.000000 4.860650 1.616555 3.009393
 20028.000000 4.868339 1.626743 3.001625
 20031.000000 4.919355 1.634346 2.973364
 20034.000000 4.935924 1.633227 2.972809
 20037.000000 4.897601 1.596146 3.011941
 20040.000000 4.966706 1.625637 3.021635
 20043.000000 4.959863 1.609467 3.037868
 20046.000000 4.927646 1.624685 3.049013
 20049.000000 4.981550 1.654714 3.036301
 20052.000000 4.976713 1.619727 3.052086
 20055.000000 4.910672 1.600863 3.040070
 20058.000000 4.859520 1.619331 3.003344
 20061.000000 4.968773 1.623314 3.008011
 20064.000000 4.904521 1.616282 3.021503
 20067.000000 4.914039 1.637556 2.962722
 20070.000000 4.918864 1.607903 2.950261
 20073.000000 4.986572 1.585643 2.985375
 20076.000000 4.983694 1.567463 2.986421
 20079.000000 4.970968 1.571604 2.981738
 20082.000000 4.906053 1.581187 2.954933
 20085.000000 4.990436 1.581243 2.943230
 20088.000000 5.040156 1.606827 2.951095
 20091.000000 5.034889 1.584374 2.979510
 20094.000000 4.968453 1.574251 2.985161
 20097.000000 4.969576 1.584112 2.988583
 20100.000000 4.954630 1.584495 3.025386
 20103.000000 4.995111 1.583478 3.018711
 20106.000000 5.066436 1.596604 2.975067
 20109.000000 5.065176 1.596172 2.994736
 20112.000000 5.017870 1.583230 3.013252
 20115.000000 5.010474 1.566483 3.030914
 20118.000000 5.034165 1.569127 2.994170
 20121.000000 5.069000 1.534280 3.024179
 20124.000000 5.022768 1.559896 2.991858
 20127.000000 5.031628 1.556607 2.946294
 20130.000000 5.071770 1.591136 2.908523
 20133.000000 5.082328 1.589028 2.924318
 20136.000000 5.102412 1.566941 2.956891
 20139.000000 5.087723 1.565086 2.952295
 20142.000000 5.082046 1.555993 2.979295
 20145.000000 5.113210 1.565248 2.934827
 20148.000000 5.148715 1.552600 2.955054
 20151.000000 5.069901 1.535942 2.954261
 20154.000000 5.084223 1.536909 2.980836
 20157.000000 5.138160 1.559893 2.941075
 20160.000000 5.171409 1.544262 2.988629
 20163.000000 5.194946 1.561507 2.990466
 20166.000000 5.172387 1.564916 2.997180
 20169.000000 5.183612 1.563672 2.980691
 20172.000000 5.199873 1.585280 2.969613
 20175.000000 5.190858 1.510574 3.004173
 20178.000000 5.181710 1.518227 2.976545
 20181.000000 5.016743 1.516238 2.953868
 20184.000000 5.060284 1.508455 3.008595
 20187.000000 5.010347 1.519883 2.955607
 20190.000000 4.974378 1.524425 3.003883
 20193.000000 4.980097 1.523465 2.999617
 20196.000000 5.014668 1.554942 2.943099
 20199.000000 4.997476 1.534229 2.991011
 20202.000000 5.055285 1.537129 2.993658
 20205.000000 5.050782 1.527387 3.031697
 20208.000000 5.026859 1.532972 3.045233
 20211.000000 5.065529 1.559685 2.990244
 20214.000000 5.065247 1.554616 2.970670
 20217.000000 5.015136 1.567403 2.994392
 20220.000000 4.980262 1.539600 3.010293
 20223.000000 4.971363 1.534761 3.015169
 20226.000000 4.934730 1.515578 3.030550
 20229.000000 4.839855 1.517261 3.019891
 20232.000000 4.864689 1.506296 3.025170
 20235.000000 4.918882 1.528603 3.018736
 20238.000000 4.871803 1.542706 2.992663
 20241.000000 4.939105 1.538021 2.980028
 20244.000000 4.883673 1.513976 2.995802
 20247.000000 4.933956 1.519878 2.979027
 20250.000000 4.956924 1.513974 2.994058
 20253.000000 4.970666 1.505228 3.004932
 20256.000000 4.975396 1.514335 2.990169
 20259.000000 4.975937 1.515151 3.001785
 20262.000000 5.019834 1.545438 3.000070
 20265.000000 4.982506 1.532862 3.006875
 20268.000000 5.030170 1.531849 2.983682
 20271.000000 5.020885 1.505692 2.997489
 20274.000000 5.004218 1.518217 3.014774
 20277.000000 5.002589 1.512557 2.997606
 20280.000000 5.042217 1.536003 2.971582
 20283.000000 5.029329 1.531754 2.979188
 20286.000000 4.977541 1.519186 2.977461
 20289.000000 5.002259 1.537083 2.960444
 20292.000000 5.040530 1.516141 2.990751
 20295.000000 5.067852 1.521224 2.981504
 20298.000000 5.085759 1.536763 2.972089
 20301.000000 5.010108 1.496101 2.982506
 20304.000000 5.029744 1.505092 2.985821
 20307.000000 4.999480 1.548577 2.958180
 20310.000000 4.923626 1.548805 2.941958
 20313.000000 5.013505 1.561263 2.956812
 20316.000000 4.889245 1.521733 2.967782
 20319.000000 4.851838 1.547690 2.965475
 20322.000000 4.744881 1.512922 2.984608
 20325.000000 4.780671 1.527254 2.961916
 20328.000000 4.794431 1.553786 2.929096
 20331.000000 4.801941 1.549972 2.945059
 20334.000000 4.849053 1.540905 2.959266
 20337.000000 4.823243 1.529205 2.942674
 20340.000000 4.704980 1.518570 2.982680
 20343.000000 4.762559 1.520296 3.011629
 20346.000000 4.788836 1.536382 2.980301
 20349.000000 4.799848 1.563156 2.946463
 20352.000000 4.882708 1.547686 2.945047
 20355.000000 4.941909 1.562808 2.967663
 20358.000000 4.978265 1.548158 2.948918
 20361.000000 4.986135 1.559354 2.941060
 20364.000000 4.909394 1.571816 2.927133
 20367.000000 4.868889 1.565859 2.947758
 20370.000000 4.864227 1.557360 2.953415
 20373.000000 4.913696 1.539342 2.949041
 20376.000000 4.922895 1.513221 2.964170
 20379.000000 4.983894 1.560170 2.931904
 20382.000000 5.041128 1.568278 2.930951
 20385.000000 5.024394 1.536949 2.947939
 20388.000000 4.977401 1.558588 2.930251
 20391.000000 4.906583 1.565998 2.929047
 20394.000000 4.865792 1.569207 2.953388
 20397.000000 4.850163 1.543727 2.961866
 20400.000000 4.885407 1.534573 2.982804
 20403.000000 4.914868 1.541994 2.972619
 20406.000000 4.955811 1.574089 2.962424
 20409.000000 5.014497 1.584351 2.956084
 20412.000000 4.978239 1.575403 2.961116
 20415.000000 4.962865 1.556420 2.952475
 20418.000000 4.961432 1.545044 2.965480
 20421.000000 4.914621 1.519501 2.934969
 20424.000000 4.957211 1.515619 2.963515
 20427.000000 5.000452 1.523917 2.971545
 20430.000000 4.995955 1.524565 2.986094
 20433.000000 4.954172 1.512400 2.983963
 20436.000000 4.873008 1.503926 3.001250
 20439.000000 4.904159 1.535503 3.001073
 20442.000000 4.891670 1.529363 2.994238
 20445.000000 4.895581 1.541728 2.991348
 20448.000000 4.899896 1.520588 3.006497
 20451.000000 4.918723 1.535063 2.979557
 20454.000000 4.853079 1.509090 2.965924
 20457.000000 4.856023 1.542098 2.963826
 20460.000000 4.848333 1.533452 2.958987
 20463.000000 4.843566 1.530281 2.972537
 20466.000000 4.959746 1.538859 2.974374
 20469.000000 4.911638 1.552699 2.942393
 20472.000000 4.930981 1.542173 2.976763
 20475.000000 4.953058 1.580583 2.974788
 20478.000000 4.921021 1.551869 2.977565
 20481.000000 5.029181 1.552650 3.020614
 20484.000000 4.935680 1.569443 2.992904
 20487.000000 5.001855 1.563414 2.944532
 20490.000000 5.085144 1.558804 2.962878
 20493.000000 5.015958 1.555669 2.974148
 20496.000000 4.982124 1.543061 2.975902
 20499.000000 4.870603 1.511340 2.975824
 20502.000000 4.852978 1.508849 2.953226
 20505.000000 4.899051 1.525599 2.950321
 20508.000000 4.877800 1.510747 2.972406
 20511.000000 4.907568 1.547360 2.951894
 20514.000000 4.866069 1.550329 2.939991
 20517.000000 4.876985 1.556709 2.950776
 20520.000000 4.751125 1.536548 2.953179
 20523.000000 4.870710 1.534282 2.971348
 20526.000000 4.920777 1.542080 2.991391
 20529.000000 4.985320 1.554520 3.008608
 20532.000000 4.876858 1.507972 2.979152
 20535.000000 4.920216 1.508123 2.984336
 20538.000000 4.884125 1.503841 2.994241
 20541.000000 4.872453 1.490262 3.017800
 20544.000000 4.889909 1.513774 2.997865
 20547.000000 4.855819 1.512039 2.999208
 20550.000000 4.856816 1.517401 3.008357
 20553.000000 4.932161 1.500319 3.033708
 20556.000000 4.900415 1.516962 3.018513
 20559.000000 4.885884 1.537617 2.980661
 20562.000000 4.878413 1.566288 2.987892
 20565.000000 4.803808 1.558084 2.979748
 20568.000000 4.852948 1.558603 2.979520
 20571.000000 4.893103 1.500441 3.020606
 20574.000000 4.844018 1.531939 2.984339
 20577.000000 4.837524 1.566242 2.969790
 20580.000000 4.873641 1.575426 2.964630
 20583.000000 4.892335 1.558046 2.979912
 20586.000000 4.943016 1.557869 2.972989
 20589.000000 4.981934 1.573107 2.970530
 20592.000000 5.017360 1.575701 2.952030
 20595.000000 4.995140 1.552710 2.930813
 20598.000000 4.951931 1.547872 2.936866
 20601.000000 4.955849 1.534051 2.931074
 20604.000000 5.016136 1.541811 2.943562
 20607.000000 5.010928 1.526149 2.957575
 20610.000000 5.055454 1.521350 2.970072
 20613.000000 5.095495 1.527817 2.954305
 20616.000000 5.104190 1.506836 2.959403
 20619.000000 4.986858 1.498833 2.966318
 20622.000000 5.005234 1.512587 2.919742
 20625.000000 5.031085 1.558001 2.923296
 20628.000000 5.070647 1.562374 2.937946
 20631.000000 5.023334 1.562989 2.949947
 20634.000000 4.950597 1.556563 2.958426
 20637.000000 4.914228 1.559187 2.960957
 20640.000000 5.070965 1.573247 2.957336
 20643.000000 5.068705 1.570439 2.974287
 20646.000000 4.954404 1.540052 2.985769
 20649.000000 4.970545 1.556274 2.964561
 20652.000000 5.010078 1.561850 2.941443
 20655.000000 4.982976 1.565911 2.951281
 20658.000000 5.045307 1.544233 2.976033
 20661.000000 5.088634 1.585211 2.956927
 20664.000000 5.156896 1.593570 2.944106
 20667.000000 5.061668 1.536749 2.992933
 20670.000000 5.085010 1.537049 2.984524
 20673.000000 5.025458 1.509465 2.990687
 20676.000000 5.027142 1.513725 2.958292
 20679.000000 4.975312 1.505072 2.950485
 20682.000000 4.999562 1.494959 2.986094
 20685.000000 4.921175 1.550560 2.980901
 20688.000000 5.026948 1.547609 2.950861
 20691.000000 4.992564 1.520095 2.939328
 20694.000000 4.960178 1.515808 2.980444
 20697.000000 4.940038 1.530636 2.978866
 20700.000000 4.914846 1.500556 2.994409
 20703.000000 4.962920 1.502397 2.978466
 20706.000000 5.003279 1.517534 2.953372
 20709.000000 4.910620 1.511367 2.954672
 20712.000000 4.910791 1.525370 2.968221
 20715.000000 4.904476 1.520147 2.963442
 20718.000000 4.967332 1.535582 2.964387
 20721.000000 4.913153 1.497348 2.981047
 20724.000000 4.934129 1.495400 2.997137
 20727.000000 4.888650 1.500959 2.965345
 20730.000000 4.958306 1.484981 3.000003
 20733.000000 4.966592 1.522064 2.985840
 20736.000000 4.945429 1.518022 2.987484
 20739.000000 4.943768 1.555001 2.945792
 20742.000000 4.949353 1.552544 2.974778
 20745.000000 4.978994 1.569366 2.940234
 20748.000000 5.037845 1.571205 2.947234
 20751.000000 4.970469 1.541365 2.949678
 20754.000000 4.918113 1.545617 2.944984
 20757.000000 5.009352 1.533133 2.951459
 20760.000000 4.974531 1.538860 2.974179
 20763.000000 4.967779 1.508274 2.978916
 20766.000000 4.974432 1.530589 2.981144
 20769.000000 4.919734 1.552089 2.956671
 20772.000000 5.055196 1.577509 2.953716
 20775.000000 4.975265 1.569477 2.989826
 20778.000000 4.962022 1.611133 2.961632
 20781.000000 4.918572 1.575077 2.981565
 20784.000000 4.903212 1.565691 2.977752
 20787.000000 4.988154 1.604972 2.973764
 20790.000000 4.895911 1.562222 3.003268
 20793.000000 4.787058 1.567560 3.010797
 20796.000000 4.795809 1.567301 3.039460
 20799.000000 4.695969 1.536729 3.053262
 20802.000000 4.711391 1.545994 3.052025
 20805.000000 4.706458 1.534211 3.060956
 20808.000000 4.770846 1.520168 3.072759
 20811.000000 4.837895 1.543742 3.043428
 20814.000000 4.849625 1.556030 3.017149
 20817.000000 4.856787 1.557915 3.041574
 20820.000000 4.771966 1.520387 3.050955
 20823.000000 4.796312 1.529392 3.053165
 20826.000000 4.751053 1.551724 3.030396
 20829.000000 4.804691 1.530284 3.030247
 20832.000000 4.789630 1.547197 3.020491
 20835.000000 4.823003 1.575127 2.988050
 20838.000000 4.921440 1.563365 3.002602
 20841.000000 4.848798 1.542912 3.008014
 20844.000000 4.932306 1.570115 2.999700
 20847.000000 4.888906 1.578997 3.004410
 20850.000000 4.921516 1.581460 2.988357
 20853.000000 4.969263 1.564436 3.020571
 20856.000000 4.973319 1.590042 2.961202
 20859.000000 4.865007 1.569788 2.982831
 20862.000000 4.871995 1.587914 2.940953
 20865.000000 4.775115 1.560334 2.961234
 20868.000000 4.819952 1.559370 2.950096
 20871.000000 4.865582 1.554837 2.975531
 20874.000000 4.830851 1.537388 3.009663
 20877.000000 4.886517 1.583928 2.998339
 20880.000000 4.852582 1.572992 3.006357
 20883.000000 4.942415 1.555772 2.999699
 20886.000000 5.030516 1.613901 2.992408
 20889.000000 5.044193 1.599068 2.971413
 20892.000000 5.049303 1.600292 2.982310
 20895.000000 4.951855 1.582000 3.019551
 20898.000000 4.974815 1.579990 3.011563
 20901.000000 5.019688 1.583036 3.017982
 20904.000000 5.031864 1.579733 3.004996
 20907.000000 5.021140 1.602906 2.976285
 20910.000000 4.968284 1.586071 3.019830
 20913.000000 4.992972 1.615429 2.996478
 20916.000000 4.983740 1.593902 3.014232
 20919.000000 4.897199 1.624476 2.979049
 20922.000000 4.977524 1.616127 3.034377
 20925.000000 4.981432 1.606157 3.037263
 20928.000000 4.924804 1.586982 3.012165
 20931.000000 4.934247 1.612374 3.025785
 20934.000000 4.993649 1.638325 2.985296
 20937.000000 4.977968 1.617029 2.975297
 20940.000000 4.932352 1.626518 2.957582
 20943.000000 5.026413 1.621270 3.013174
 20946.000000 4.941167 1.611098 2.998363
 20949.000000 4.913863 1.608530 2.986869
 20952.000000 4.966846 1.619658 2.958894
 20955.000000 5.031164 1.627667 2.940440
 20958.000000 4.993669 1.622881 2.963265
 20961.000000 4.987495 1.614362 2.992945
 20964.000000 5.017499 1.599803 2.980127
 20967.000000 5.050314 1.571170 2.981340
 20970.000000 4.951260 1.595853 2.947114
 20973.000000 4.918082 1.563804 2.979600
 20976.000000 4.942773 1.552106 2.985880
 20979.000000 4.964932 1.570252 2.953388
 20982.000000 4.965061 1.569232 2.943146
 20985.000000 5.022453 1.604118 2.952899
 20988.000000 4.942267 1.562456 2.956584
 20991.000000 4.962806 1.593736 2.948885
 20994.000000 4.986153 1.576507 2.956439
 20997.000000 5.019687 1.577902 2.917769
 21000.000000 4.993218 1.566565 2.936152
