#! FIELDS time dmid theta gamma
 0.000000 12.491136 1.507815 0.118255
 3.000000 12.320215 1.512232 0.092653
 6.000000 12.251914 1.527482 0.112489
 9.000000 12.595384 1.510102 0.073042
 12.000000 12.348496 1.499470 0.098027
 15.000000 12.447785 1.531441 0.104569
 18.000000 12.520743 1.524698 0.076773
 21.000000 12.322689 1.529405 0.096172
 24.000000 12.472493 1.505855 0.054205
 27.000000 12.460613 1.508223 0.080855
 30.000000 12.391506 1.523720 0.135003
 33.000000 12.484923 1.488022 0.098569
 36.000000 12.423849 1.491407 0.113759
 39.000000 12.461440 1.494317 0.137728
 42.000000 12.425593 1.451928 0.137749
 45.000000 12.306298 1.443514 0.098182
 48.000000 12.226669 1.506987 0.086401
 51.000000 12.312981 1.500971 0.113243
 54.000000 12.327313 1.486183 0.083153
 57.000000 12.330777 1.493153 0.135729
 60.000000 12.267843 1.472893 0.115800
 63.000000 12.308725 1.471596 0.103673
 66.000000 12.289917 1.490706 0.120107
 69.000000 12.324186 1.500963 0.131922
 72.000000 12.340336 1.500922 0.133217
 75.000000 12.266805 1.513956 0.135800
 78.000000 12.276838 1.533009 0.173802
 81.000000 12.320263 1.541194 0.176520
 84.000000 12.290981 1.543378 0.182709
 87.000000 12.389282 1.514078 0.161877
 90.000000 12.366961 1.529246 0.171711
 93.000000 12.395935 1.565650 0.159591
 96.000000 12.338317 1.562841 0.121759
 99.000000 12.328456 1.546383 0.084295
 102.000000 12.325491 1.539262 0.102992
 105.000000 12.367161 1.536237 0.151562
 108.000000 12.400817 1.550319 0.183279
 111.000000 12.300423 1.546361 0.181065
 114.000000 12.343396 1.555307 0.154114
 117.000000 12.301457 1.537828 0.111713
 120.000000 12.151517 1.557056 0.185687
 123.000000 12.162043 1.564719 0.125266
 126.000000 12.227758 1.562225 0.165401
 129.000000 12.156569 1.553580 0.148048
 132.000000 12.153616 1.562596 0.173566
 135.000000 12.226381 1.542798 0.121485
 138.000000 12.191260 1.569314 0.099371
 141.000000 12.163352 1.573221 0.099065
 144.000000 12.199045 1.559585 0.121075
 147.000000 12.169068 1.580982 0.078640
 150.000000 12.188096 1.573964 0.090862
 153.000000 12.199534 1.567301 0.114398
 156.000000 12.242016 1.552667 0.133331
 159.000000 12.333638 1.519789 0.115606
 162.000000 12.328987 1.516699 0.152710
 165.000000 12.305058 1.523418 0.153421
 168.000000 12.308983 1.532100 0.151976
 171.000000 12.344057 1.521920 0.159559
 174.000000 12.337343 1.551106 0.126250
 177.000000 12.335143 1.530708 0.097972
 180.000000 12.247429 1.555463 0.120839
 183.000000 12.266363 1.566995 0.156221
 186.000000 12.276209 1.570720 0.125833
 189.000000 12.217943 1.546384 0.097171
 192.000000 12.258099 1.551965 0.090666
 195.000000 12.313984 1.551033 0.071296
 198.000000 12.264614 1.576098 0.103723
 201.000000 12.313151 1.549346 0.074451
 204.000000 12.308137 1.548480 0.083611
 207.000000 12.322277 1.571933 0.126778
 210.000000 12.370579 1.568393 0.151078
 213.000000 12.391462 1.554769 0.143656
 216.000000 12.364477 1.559654 0.138140
 219.000000 12.367567 1.565044 0.136810
 222.000000 12.384363 1.582255 0.138964
 225.000000 12.433575 1.577239 0.109875
 228.000000 12.385938 1.566535 0.121511
 231.000000 12.376342 1.568232 0.141088
 234.000000 12.295186 1.542078 0.159368
 237.000000 12.309699 1.546905 0.149780
 240.000000 12.294814 1.551580 0.133168
 243.000000 12.338848 1.539556 0.149342
 246.000000 12.352238 1.532859 0.132887
 249.000000 12.390044 1.523296 0.145823
 252.000000 12.414207 1.526913 0.153119
 255.000000 12.345215 1.539292 0.132267
 258.000000 12.408193 1.536633 0.153104
 261.000000 12.371372 1.535857 0.125713
 264.000000 12.349559 1.538936 0.122355
 267.000000 12.366054 1.553524 0.121735
 270.000000 12.396450 1.554704 0.130231
 273.000000 12.442565 1.521429 0.159748
 276.000000 12.423388 1.527947 0.166171
 279.000000 12.452737 1.528438 0.139095
 282.000000 12.432324 1.538827 0.121092
 285.000000 12.410752 1.546285 0.104199
 288.000000 12.382471 1.550547 0.103131
 291.000000 12.402350 1.550660 0.106343
 294.000000 12.344131 1.536275 0.111082
 297.000000 12.388686 1.538540 0.133194
 300.000000 12.419739 1.548230 0.150762
 303.000000 12.407695 1.548671 0.152151
 306.000000 12.427572 1.538148 0.148916
 309.000000 12.354873 1.551970 0.152777
 312.000000 12.373019 1.555266 0.170279
 315.000000 12.336712 1.546659 0.136475
 318.000000 12.352983 1.559588 0.157549
 321.000000 12.329865 1.529630 0.167672
 324.000000 12.313100 1.539010 0.189242
 327.000000 12.386528 1.520201 0.157852
 330.000000 12.410773 1.553280 0.161143
 333.000000 12.437857 1.563486 0.183516
 336.000000 12.482561 1.546485 0.186033
 339.000000 12.376699 1.542224 0.192296
 342.000000 12.471803 1.524372 0.173497
 345.000000 12.489583 1.518313 0.170801
 348.000000 12.496543 1.500060 0.169783
 351.000000 12.432378 1.510664 0.140555
 354.000000 12.387032 1.526884 0.152845
 357.000000 12.394371 1.553631 0.173012
 360.000000 12.403791 1.537618 0.121534
 363.000000 12.329223 1.529656 0.122738
 366.000000 12.361603 1.552768 0.134508
 369.000000 12.339565 1.502681 0.128848
 372.000000 12.342774 1.509041 0.122066
 375.000000 12.290782 1.509786 0.151712
 378.000000 12.281466 1.550282 0.157431
 381.000000 12.264456 1.541302 0.173380
 384.000000 12.214041 1.543860 0.171594
 387.000000 12.311667 1.517640 0.159585
 390.000000 12.297181 1.535320 0.146570
 393.000000 12.257257 1.516291 0.125239
 396.000000 12.188740 1.491007 0.155271
 399.000000 12.257826 1.521976 0.169194
 402.000000 12.252872 1.521319 0.167104
 405.000000 12.201804 1.538981 0.173068
 408.000000 12.203656 1.525775 0.147020
 411.000000 12.207274 1.555663 0.148355
 414.000000 12.216207 1.564392 0.135068
 417.000000 12.219187 1.519594 0.157124
 420.000000 12.227748 1.550338 0.168527
 423.000000 12.103762 1.516292 0.211222
 426.000000 12.193561 1.517047 0.189010
 429.000000 12.247495 1.529865 0.164512
 432.000000 12.214624 1.512546 0.170224
 435.000000 12.328742 1.494424 0.191358
 438.000000 12.231101 1.509134 0.203758
 441.000000 12.222022 1.537237 0.183490
 444.000000 12.210941 1.554338 0.142628
 447.000000 12.169414 1.558213 0.098001
 450.000000 12.222623 1.571099 0.093572
 453.000000 12.178269 1.542071 0.101742
 456.000000 12.250987 1.525503 0.121854
 459.000000 12.305982 1.525725 0.125484
 462.000000 12.171829 1.542265 0.101301
 465.000000 12.126608 1.505066 0.112132
 468.000000 12.204038 1.555998 0.134113
 471.000000 12.216976 1.566995 0.150530
 474.000000 12.184720 1.573863 0.160361
 477.000000 12.193723 1.588269 0.128056
 480.000000 12.273387 1.548237 0.151807
 483.000000 12.247922 1.568913 0.183788
 486.000000 12.229222 1.559480 0.198369
 489.000000 12.305232 1.589552 0.222273
 492.000000 12.359127 1.576970 0.167483
 495.000000 12.347494 1.599706 0.158092
 498.000000 12.313999 1.607298 0.149133
 501.000000 12.360411 1.578912 0.165059
 504.000000 12.307038 1.619023 0.179514
 507.000000 12.358507 1.597203 0.177318
 510.000000 12.293763 1.597290 0.150868
 513.000000 12.344613 1.599060 0.187248
 516.000000 12.356089 1.577228 0.186029
 519.000000 12.438896 1.588680 0.140834
 522.000000 12.372628 1.545538 0.165560
 525.000000 12.518626 1.545344 0.187002
 528.000000 12.461212 1.541766 0.156422
 531.000000 12.530983 1.546392 0.142745
 534.000000 12.511993 1.543830 0.145006
 537.000000 12.452617 1.554620 0.131790
 540.000000 12.429620 1.540045 0.147572
 543.000000 12.388320 1.542750 0.149919
 546.000000 12.434379 1.536158 0.116887
 549.000000 12.489323 1.537833 0.105364
 552.000000 12.417937 1.527481 0.124626
 555.000000 12.454575 1.508143 0.129136
 558.000000 12.421753 1.507420 0.106488
 561.000000 12.467810 1.513217 0.116619
 564.000000 12.400455 1.476505 0.127136
 567.000000 12.361877 1.514410 0.089582
 570.000000 12.393584 1.471084 0.129830
 573.000000 12.290092 1.501667 0.102242
 576.000000 12.260744 1.485052 0.094706
 579.000000 12.331220 1.463115 0.116272
 582.000000 12.277111 1.457477 0.127866
 585.000000 12.318360 1.470877 0.109592
 588.000000 12.341818 1.470902 0.123534
 591.000000 12.298642 1.493009 0.125196
 594.000000 12.304853 1.489040 0.118579
 597.000000 12.418929 1.503632 0.085478
 600.000000 12.313580 1.479069 0.092571
 603.000000 12.302302 1.477281 0.083704
 606.000000 12.318027 1.529703 0.041724
 609.000000 12.238006 1.541093 0.050861
 612.000000 12.198428 1.538424 0.043350
 615.000000 12.345031 1.505689 0.108930
 618.000000 12.315229 1.496119 0.108273
 621.000000 12.279473 1.531597 0.053722
 624.000000 12.271807 1.510850 0.062563
 627.000000 12.315995 1.524548 0.048612
 630.000000 12.304760 1.488857 0.090466
 633.000000 12.352327 1.500398 0.110814
 636.000000 12.381474 1.499645 0.082485
 639.000000 12.428408 1.486293 0.098717
 642.000000 12.360976 1.500283 0.069745
 645.000000 12.405874 1.531817 0.066598
 648.000000 12.359380 1.508803 0.082762
 651.000000 12.352898 1.509412 0.074687
 654.000000 12.301392 1.533037 0.060124
 657.000000 12.239908 1.531403 0.051043
 660.000000 12.245679 1.503481 0.077217
 663.000000 12.212751 1.499351 0.056967
 666.000000 12.267614 1.509854 0.085258
 669.000000 12.399518 1.522041 0.084596
 672.000000 12.352623 1.511873 0.106685
 675.000000 12.376868 1.519483 0.101711
 678.000000 12.345881 1.551453 0.042887
 681.000000 12.371976 1.536681 0.052643
 684.000000 12.377203 1.543294 0.033895
 687.000000 12.277274 1.524195 0.057185
 690.000000 12.304019 1.525558 0.038033
 693.000000 12.351397 1.515747 0.072384
 696.000000 12.315910 1.539222 0.075829
 699.000000 12.368420 1.511747 0.050768
 702.000000 12.294755 1.519798 0.097196
 705.000000 12.287872 1.513967 0.081980
 708.000000 12.281392 1.536142 0.076123
 711.000000 12.356150 1.552592 0.091526
 714.000000 12.299847 1.571484 0.111537
 717.000000 12.308769 1.560047 0.120397
 720.000000 12.310623 1.532002 0.115693
 723.000000 12.184074 1.535358 0.130385
 726.000000 12.177864 1.545987 0.138520
 729.000000 12.228085 1.541903 0.142548
 732.000000 12.245895 1.524510 0.112824
 735.000000 12.258843 1.551486 0.091891
 738.000000 12.333659 1.566035 0.101548
 741.000000 12.359510 1.519871 0.090149
 744.000000 12.433628 1.532280 0.077887
 747.000000 12.367425 1.524612 0.091427
 750.000000 12.360073 1.504948 0.081821
 753.000000 12.329814 1.505643 0.075855
 756.000000 12.332906 1.509351 0.085581
 759.000000 12.283464 1.529684 0.107388
 762.000000 12.264672 1.533830 0.094947
 765.000000 12.283420 1.536943 0.093051
 768.000000 12.253308 1.524180 0.107295
 771.000000 12.118140 1.541949 0.177684
 774.000000 12.209642 1.529317 0.176663
 777.000000 12.232027 1.528158 0.122583
 780.000000 12.231578 1.525302 0.128990
 783.000000 12.291959 1.509874 0.163729
 786.000000 12.327691 1.538067 0.137094
 789.000000 12.390531 1.523224 0.112142
 792.000000 12.485936 1.526790 0.137411
 795.000000 12.490054 1.523509 0.131572
 798.000000 12.468989 1.529924 0.133145
 801.000000 12.468852 1.530207 0.094190
 804.000000 12.567960 1.532212 0.121363
 807.000000 12.542721 1.507946 0.128742
 810.000000 12.506648 1.532518 0.103546
 813.000000 12.507437 1.546374 0.111915
 816.000000 12.472101 1.553675 0.160140
 819.000000 12.462313 1.573387 0.161412
 822.000000 12.534777 1.567969 0.177191
 825.000000 12.503553 1.576186 0.166512
 828.000000 12.499796 1.583531 0.160976
 831.000000 12.499500 1.567377 0.124343
 834.000000 12.441195 1.596519 0.139713
 837.000000 12.391323 1.547734 0.159301
 840.000000 12.482029 1.576265 0.206504
 843.000000 12.435219 1.587279 0.214489
 846.000000 12.362274 1.596004 0.191229
 849.000000 12.370195 1.576977 0.168697
 852.000000 12.432064 1.568167 0.165912
 855.000000 12.384293 1.544887 0.181138
 858.000000 12.331606 1.559553 0.182331
 861.000000 12.305661 1.549946 0.161824
 864.000000 12.334460 1.562262 0.192089
 867.000000 12.260212 1.559655 0.198085
 870.000000 12.349068 1.547389 0.183020
 873.000000 12.384194 1.543678 0.144323
 876.000000 12.387253 1.540983 0.182156
 879.000000 12.433411 1.537844 0.167813
 882.000000 12.441644 1.537579 0.191471
 885.000000 12.406176 1.544515 0.163943
 888.000000 12.423791 1.570876 0.132969
 891.000000 12.415137 1.578093 0.133414
 894.000000 12.392105 1.598253 0.171412
 897.000000 12.396183 1.556814 0.136905
 900.000000 12.382263 1.594412 0.135809
 903.000000 12.329905 1.578224 0.141415
 906.000000 12.335997 1.579953 0.152697
 909.000000 12.305322 1.545623 0.161957
 912.000000 12.397700 1.567280 0.128437
 915.000000 12.412084 1.585051 0.114691
 918.000000 12.334593 1.551327 0.147987
 921.000000 12.369638 1.550914 0.163419
 924.000000 12.258703 1.541589 0.132084
 927.000000 12.366708 1.544400 0.147473
 930.000000 12.332243 1.525877 0.154079
 933.000000 12.410298 1.524689 0.120743
 936.000000 12.337378 1.547028 0.120983
 939.000000 12.401475 1.532851 0.143662
 942.000000 12.483397 1.536834 0.172315
 945.000000 12.466672 1.538871 0.121052
 948.000000 12.442317 1.570038 0.094578
 951.000000 12.439971 1.575378 0.170673
 954.000000 12.435983 1.589540 0.115662
 957.000000 12.370740 1.570560 0.112784
 960.000000 12.356048 1.581146 0.109021
 963.000000 12.374178 1.583741 0.111810
 966.000000 12.382522 1.551895 0.094436
 969.000000 12.289598 1.541626 0.125252
 972.000000 12.284602 1.526911 0.118904
 975.000000 12.290798 1.497258 0.131474
 978.000000 12.261444 1.512911 0.128887
 981.000000 12.321575 1.521438 0.135642
 984.000000 12.271295 1.521691 0.111943
 987.000000 12.308754 1.517775 0.096618
 990.000000 12.350524 1.500117 0.129521
 993.000000 12.373204 1.486785 0.128684
 996.000000 12.343925 1.489680 0.146226
 999.000000 12.406400 1.489220 0.172117
 1002.000000 12.438644 1.500706 0.158900
 1005.000000 12.366691 1.504650 0.115478
 1008.000000 12.354741 1.517826 0.127097
 1011.000000 12.382724 1.496252 0.135268
 1014.000000 12.397355 1.489321 0.101394
 1017.000000 12.446571 1.487498 0.136020
 1020.000000 12.417443 1.492754 0.132617
 1023.000000 12.395639 1.483173 0.168303
 1026.000000 12.421252 1.511743 0.107159
 1029.000000 12.522216 1.507501 0.123321
 1032.000000 12.488176 1.511541 0.100692
 1035.000000 12.472590 1.543847 0.125464
 1038.000000 12.376237 1.515073 0.162093
 1041.000000 12.412914 1.510529 0.145325
 1044.000000 12.397384 1.509232 0.117999
 1047.000000 12.384790 1.513293 0.113822
 1050.000000 12.388021 1.529748 0.119686
 1053.000000 12.368457 1.511653 0.117130
 1056.000000 12.377525 1.507584 0.090693
 1059.000000 12.400084 1.523427 0.102559
 1062.000000 12.418954 1.511527 0.111584
 1065.000000 12.337621 1.502299 0.105528
 1068.000000 12.356988 1.492272 0.112751
 1071.000000 12.347497 1.480884 0.127503
 1074.000000 12.283223 1.469804 0.134985
 1077.000000 12.266843 1.480401 0.104691
 1080.000000 12.287159 1.496636 0.142400
 1083.000000 12.286951 1.488519 0.098122
 1086.000000 12.217483 1.487050 0.115966
 1089.000000 12.196027 1.539971 0.105355
 1092.000000 12.269061 1.536059 0.114951
 1095.000000 12.295473 1.543453 0.104770
 1098.000000 12.307075 1.535556 0.113089
 1101.000000 12.361891 1.513898 0.160940
 1104.000000 12.310933 1.524816 0.117962
 1107.000000 12.424735 1.528204 0.117114
 1110.000000 12.460684 1.514025 0.142075
 1113.000000 12.393439 1.530007 0.089317
 1116.000000 12.413058 1.519424 0.107160
 1119.000000 12.271747 1.529336 0.134093
 1122.000000 12.388097 1.535099 0.110285
 1125.000000 12.439053 1.577265 0.075710
 1128.000000 12.507374 1.581745 0.078137
 1131.000000 12.503881 1.587463 0.090597
 1134.000000 12.540816 1.602370 0.114622
 1137.000000 12.490385 1.591874 0.092082
 1140.000000 12.454256 1.569345 0.059584
 1143.000000 12.414484 1.588318 0.077108
 1146.000000 12.342668 1.576498 0.096010
 1149.000000 12.308635 1.567049 0.132863
 1152.000000 12.365373 1.561147 0.134144
 1155.000000 12.355207 1.594684 0.140550
 1158.000000 12.331142 1.583551 0.177214
 1161.000000 12.359157 1.576122 0.136649
 1164.000000 12.266594 1.582209 0.136296
 1167.000000 12.268019 1.595631 0.115330
 1170.000000 12.308383 1.610965 0.075649
 1173.000000 12.267921 1.586959 0.119710
 1176.000000 12.283884 1.571074 0.111041
 1179.000000 12.245045 1.571501 0.143894
 1182.000000 12.253105 1.571502 0.123495
 1185.000000 12.303736 1.581212 0.147597
 1188.000000 12.373530 1.552956 0.139592
 1191.000000 12.432155 1.576535 0.099933
 1194.000000 12.456533 1.551251 0.115612
 1197.000000 12.522388 1.561772 0.136107
 1200.000000 12.457700 1.568187 0.086497
 1203.000000 12.496792 1.551671 0.122493
 1206.000000 12.546262 1.547396 0.110517
 1209.000000 12.569328 1.536795 0.122382
 1212.000000 12.576743 1.543886 0.103414
 1215.000000 12.592558 1.516349 0.126373
 1218.000000 12.516174 1.539984 0.115728
 1221.000000 12.645847 1.563409 0.072332
 1224.000000 12.730185 1.532467 0.120568
 1227.000000 12.743281 1.511770 0.150028
 1230.000000 12.772408 1.504497 0.157966
 1233.000000 12.705361 1.487777 0.183705
 1236.000000 12.755050 1.523251 0.185648
 1239.000000 12.729602 1.549520 0.158438
 1242.000000 12.676111 1.547041 0.144894
 1245.000000 12.653949 1.537680 0.154151
 1248.000000 12.563079 1.562592 0.144128
 1251.000000 12.562118 1.565441 0.142606
 1254.000000 12.494386 1.537292 0.182836
 1257.000000 12.465368 1.568500 0.141123
 1260.000000 12.438032 1.556172 0.147901
 1263.000000 12.520446 1.574530 0.138918
 1266.000000 12.526033 1.556686 0.112321
 1269.000000 12.536493 1.559575 0.173763
 1272.000000 12.554047 1.553572 0.142811
 1275.000000 12.597621 1.554572 0.159307
 1278.000000 12.559874 1.562045 0.147953
 1281.000000 12.488171 1.523556 0.155918
 1284.000000 12.455766 1.543003 0.147775
 1287.000000 12.506591 1.538465 0.130792
 1290.000000 12.460385 1.562039 0.118518
 1293.000000 12.486396 1.560220 0.144596
 1296.000000 12.469496 1.581324 0.114218
 1299.000000 12.352159 1.574443 0.101881
 1302.000000 12.420081 1.582304 0.080745
 1305.000000 12.366837 1.546209 0.108685
 1308.000000 12.407202 1.566177 0.093337
 1311.000000 12.446657 1.579869 0.064042
 1314.000000 12.462401 1.573180 0.115693
 1317.000000 12.489954 1.562225 0.099373
 1320.000000 12.464216 1.556830 0.123613
 1323.000000 12.456734 1.582588 0.090378
 1326.000000 12.559196 1.577132 0.115640
 1329.000000 12.524959 1.552434 0.116342
 1332.000000 12.474054 1.558827 0.093496
 1335.000000 12.481978 1.544225 0.096488
 1338.000000 12.403881 1.557343 0.105011
 1341.000000 12.383143 1.581018 0.077227
 1344.000000 12.462163 1.564377 0.108149
 1347.000000 12.483792 1.567421 0.102934
 1350.000000 12.492729 1.570824 0.103890
 1353.000000 12.415544 1.565349 0.139638
 1356.000000 12.498168 1.574571 0.117556
 1359.000000 12.416272 1.573628 0.127917
 1362.000000 12.370914 1.572691 0.133080
 1365.000000 12.449288 1.572082 0.136976
 1368.000000 12.385853 1.590126 0.110415
 1371.000000 12.393808 1.579480 0.114769
 1374.000000 12.401405 1.564008 0.146532
 1377.000000 12.388972 1.560823 0.138885
 1380.000000 12.399375 1.545923 0.166351
 1383.000000 12.407919 1.547162 0.147568
 1386.000000 12.354111 1.566587 0.136302
 1389.000000 12.383023 1.575609 0.115043
 1392.000000 12.390400 1.564883 0.143865
 1395.000000 12.398193 1.586882 0.132717
 1398.000000 12.329203 1.584567 0.167565
 1401.000000 12.407505 1.584310 0.162068
 1404.000000 12.457828 1.608468 0.182363
 1407.000000 12.511471 1.630029 0.132701
 1410.000000 12.468490 1.594666 0.170574
 1413.000000 12.442410 1.578165 0.190942
 1416.000000 12.361717 1.590322 0.133601
 1419.000000 12.341760 1.579881 0.165063
 1422.000000 12.317978 1.576228 0.143202
 1425.000000 12.320552 1.592908 0.152126
 1428.000000 12.352169 1.616720 0.140449
 1431.000000 12.439414 1.565346 0.200106
 1434.000000 12.367639 1.585947 0.177312
 1437.000000 12.377246 1.583304 0.192428
 1440.000000 12.372136 1.565520 0.185841
 1443.000000 12.409508 1.576158 0.182303
 1446.000000 12.415150 1.584611 0.169575
 1449.000000 12.454871 1.589288 0.174386
 1452.000000 12.397936 1.583322 0.152673
 1455.000000 12.385171 1.573488 0.177547
 1458.000000 12.409775 1.574480 0.212322
 1461.000000 12.345969 1.578805 0.178884
 1464.000000 12.364311 1.601422 0.141607
 1467.000000 12.383518 1.568525 0.152379
 1470.000000 12.375483 1.598214 0.133191
 1473.000000 12.361323 1.593801 0.106314
 1476.000000 12.347175 1.603310 0.151792
 1479.000000 12.408384 1.598971 0.129737
 1482.000000 12.352175 1.575944 0.126607
 1485.000000 12.384835 1.563720 0.153759
 1488.000000 12.436255 1.574527 0.127428
 1491.000000 12.462790 1.588586 0.103816
 1494.000000 12.399297 1.582586 0.109169
 1497.000000 12.414720 1.563467 0.130228
 1500.000000 12.450840 1.565220 0.111011
 1503.000000 12.441776 1.574241 0.107723
 1506.000000 12.400471 1.596854 0.093220
 1509.000000 12.331081 1.618745 0.118551
 1512.000000 12.245235 1.595716 0.114749
 1515.000000 12.307664 1.566747 0.142925
 1518.000000 12.254336 1.578115 0.136684
 1521.000000 12.292572 1.586884 0.096315
 1524.000000 12.303209 1.559372 0.130211
 1527.000000 12.369911 1.554287 0.151010
 1530.000000 12.347516 1.548237 0.150587
 1533.000000 12.348803 1.539013 0.176060
 1536.000000 12.307639 1.568996 0.114427
 1539.000000 12.202775 1.559409 0.156100
 1542.000000 12.158276 1.547506 0.162368
 1545.000000 12.208010 1.561686 0.141343
 1548.000000 12.221647 1.526447 0.172192
 1551.000000 12.259688 1.521247 0.187399
 1554.000000 12.179942 1.510516 0.195789
 1557.000000 12.181183 1.518009 0.199020
 1560.000000 12.212550 1.536921 0.208371
 1563.000000 12.228227 1.556566 0.175516
 1566.000000 12.297195 1.569919 0.186496
 1569.000000 12.248867 1.579407 0.147222
 1572.000000 12.308386 1.560942 0.160867
 1575.000000 12.354838 1.576429 0.134571
 1578.000000 12.400967 1.542861 0.170433
 1581.000000 12.290622 1.519404 0.186360
 1584.000000 12.242839 1.544618 0.217701
 1587.000000 12.172317 1.553489 0.182807
 1590.000000 12.114255 1.582312 0.146118
 1593.000000 12.119921 1.555442 0.162907
 1596.000000 12.197793 1.601476 0.112915
 1599.000000 12.219991 1.575249 0.128201
 1602.000000 12.206252 1.557742 0.156047
 1605.000000 12.286909 1.531016 0.166609
 1608.000000 12.328913 1.521275 0.182129
 1611.000000 12.405906 1.542664 0.156028
 1614.000000 12.389744 1.522496 0.141848
 1617.000000 12.352883 1.532569 0.120167
 1620.000000 12.405522 1.556688 0.103624
 1623.000000 12.444666 1.559446 0.070540
 1626.000000 12.379029 1.572318 0.057936
 1629.000000 12.365261 1.561823 0.035139
 1632.000000 12.380604 1.567983 0.090175
 1635.000000 12.350176 1.569936 0.114195
 1638.000000 12.401462 1.537264 0.134529
 1641.000000 12.328785 1.554340 0.118455
 1644.000000 12.419667 1.557851 0.138164
 1647.000000 12.353871 1.560744 0.143250
 1650.000000 12.327861 1.597447 0.169737
 1653.000000 12.430180 1.529555 0.184945
 1656.000000 12.477715 1.561917 0.129266
 1659.000000 12.404103 1.528366 0.161377
 1662.000000 12.452118 1.504050 0.197347
 1665.000000 12.377030 1.531043 0.195525
 1668.000000 12.335613 1.533277 0.167331
 1671.000000 12.377558 1.545860 0.164788
 1674.000000 12.432440 1.526238 0.197084
 1677.000000 12.528561 1.561116 0.188057
 1680.000000 12.552475 1.538071 0.185369
 1683.000000 12.613869 1.578405 0.150426
 1686.000000 12.536538 1.555588 0.157815
 1689.000000 12.527024 1.556946 0.108402
 1692.000000 12.504925 1.549472 0.169531
 1695.000000 12.451377 1.560289 0.149621
 1698.000000 12.411525 1.543446 0.138035
 1701.000000 12.423441 1.554089 0.140550
 1704.000000 12.434091 1.577159 0.092128
 1707.000000 12.537643 1.584388 0.097795
 1710.000000 12.550033 1.557922 0.128076
 1713.000000 12.543860 1.577063 0.125336
 1716.000000 12.553808 1.576197 0.127214
 1719.000000 12.610197 1.553549 0.128064
 1722.000000 12.625906 1.549683 0.121853
 1725.000000 12.533837 1.534570 0.113389
 1728.000000 12.477874 1.535389 0.096858
 1731.000000 12.494432 1.546902 0.114090
 1734.000000 12.357367 1.566929 0.108291
 1737.000000 12.394964 1.512912 0.151125
 1740.000000 12.400450 1.521048 0.136284
 1743.000000 12.307654 1.531015 0.136339
 1746.000000 12.292649 1.561276 0.080460
 1749.000000 12.309235 1.537254 0.105112
 1752.000000 12.372146 1.518222 0.121023
 1755.000000 12.410309 1.529814 0.116669
 1758.000000 12.452480 1.524458 0.115065
 1761.000000 12.430144 1.521439 0.069742
 1764.000000 12.389490 1.533956 0.040949
 1767.000000 12.391135 1.514251 0.082178
 1770.000000 12.418529 1.509399 0.068310
 1773.000000 12.403728 1.538908 0.060768
 1776.000000 12.338965 1.521750 0.110069
 1779.000000 12.417762 1.538140 0.061819
 1782.000000 12.576649 1.556219 0.081334
 1785.000000 12.605042 1.556502 0.074425
 1788.000000 12.647136 1.548181 0.112111
 1791.000000 12.582987 1.531787 0.108993
 1794.000000 12.669873 1.530653 0.103099
 1797.000000 12.689381 1.536608 0.108190
 1800.000000 12.626538 1.522858 0.079582
 1803.000000 12.557718 1.528791 0.118845
 1806.000000 12.617218 1.538739 0.162598
 1809.000000 12.635063 1.530515 0.133118
 1812.000000 12.521306 1.533287 0.159950
 1815.000000 12.524492 1.532061 0.194944
 1818.000000 12.404139 1.531738 0.157476
 1821.000000 12.392607 1.562831 0.157195
 1824.000000 12.373207 1.575567 0.177265
 1827.000000 12.509250 1.550465 0.153264
 1830.000000 12.603532 1.549144 0.173589
 1833.000000 12.449254 1.564825 0.154772
 1836.000000 12.481028 1.590632 0.111599
 1839.000000 12.459381 1.563401 0.114229
 1842.000000 12.500162 1.564961 0.139006
 1845.000000 12.453651 1.537174 0.128844
 1848.000000 12.396314 1.533083 0.161810
 1851.000000 12.410921 1.568371 0.101655
 1854.000000 12.487127 1.569375 0.091132
 1857.000000 12.366695 1.587062 0.099729
 1860.000000 12.358047 1.617066 0.058327
 1863.000000 12.361089 1.598530 0.058499
 1866.000000 12.416993 1.603978 0.063291
 1869.000000 12.498117 1.576850 0.071633
 1872.000000 12.526421 1.570744 0.087809
 1875.000000 12.596770 1.573061 0.103136
 1878.000000 12.549516 1.574394 0.135705
 1881.000000 12.562994 1.592483 0.186715
 1884.000000 12.631015 1.576998 0.208369
 1887.000000 12.666204 1.558710 0.219834
 1890.000000 12.696733 1.555106 0.199808
 1893.000000 12.707233 1.535191 0.203519
 1896.000000 12.686648 1.527716 0.154879
 1899.000000 12.652421 1.527925 0.184768
 1902.000000 12.619251 1.508147 0.235718
 1905.000000 12.616374 1.557289 0.200920
 1908.000000 12.689749 1.524468 0.177501
 1911.000000 12.597467 1.550980 0.141854
 1914.000000 12.584118 1.549655 0.108529
 1917.000000 12.627178 1.548014 0.127934
 1920.000000 12.480475 1.546002 0.091907
 1923.000000 12.479826 1.552604 0.096586
 1926.000000 12.464823 1.560299 0.084996
 1929.000000 12.449030 1.519583 0.099436
 1932.000000 12.546122 1.507798 0.095817
 1935.000000 12.583978 1.495747 0.120343
 1938.000000 12.574030 1.502536 0.102246
 1941.000000 12.526885 1.540561 0.091425
 1944.000000 12.596117 1.513400 0.113549
 1947.000000 12.600973 1.519169 0.098443
 1950.000000 12.576959 1.564228 0.096563
 1953.000000 12.556028 1.550348 0.095578
 1956.000000 12.505535 1.541369 0.103652
 1959.000000 12.464922 1.545152 0.128555
 1962.000000 12.523284 1.558827 0.135846
 1965.000000 12.559111 1.563684 0.130230
 1968.000000 12.571160 1.542063 0.158677
 1971.000000 12.511995 1.576501 0.130144
 1974.000000 12.549095 1.568937 0.137195
 1977.000000 12.595657 1.571478 0.119377
 1980.000000 12.520353 1.601174 0.070630
 1983.000000 12.457199 1.589396 0.089140
 1986.000000 12.542014 1.606805 0.113955
 1989.000000 12.428686 1.590627 0.133794
 1992.000000 12.439742 1.577586 0.157603
 1995.000000 12.468337 1.556177 0.178130
 1998.000000 12.508206 1.567562 0.157714
 2001.000000 12.569016 1.544170 0.174136
 2004.000000 12.526658 1.569003 0.123073
 2007.000000 12.508714 1.572306 0.105841
 2010.000000 12.504542 1.559233 0.119800
 2013.000000 12.406771 1.563586 0.141932
 2016.000000 12.355759 1.596874 0.123968
 2019.000000 12.357682 1.603899 0.123155
 2022.000000 12.346059 1.586378 0.131106
 2025.000000 12.381365 1.591625 0.166519
 2028.000000 12.379093 1.597660 0.152902
 2031.000000 12.343846 1.588123 0.159812
 2034.000000 12.371229 1.569541 0.168926
 2037.000000 12.418129 1.585277 0.146215
 2040.000000 12.477177 1.589666 0.166246
 2043.000000 12.377517 1.576626 0.168574
 2046.000000 12.368264 1.579177 0.172493
 2049.000000 12.449496 1.591923 0.142192
 2052.000000 12.486080 1.605414 0.106276
 2055.000000 12.541014 1.568043 0.156829
 2058.000000 12.495703 1.563108 0.155278
 2061.000000 12.435657 1.564066 0.166333
 2064.000000 12.470547 1.603419 0.136622
 2067.000000 12.491185 1.599305 0.141510
 2070.000000 12.521982 1.592220 0.128874
 2073.000000 12.470111 1.596002 0.136203
 2076.000000 12.477518 1.587905 0.130787
 2079.000000 12.500302 1.560694 0.146067
 2082.000000 12.436908 1.565382 0.157242
 2085.000000 12.459709 1.577431 0.147486
 2088.000000 12.462097 1.542417 0.171723
 2091.000000 12.479824 1.548346 0.167328
 2094.000000 12.392373 1.535942 0.178315
 2097.000000 12.370855 1.526432 0.185517
 2100.000000 12.401578 1.545806 0.147485
 2103.000000 12.411845 1.540712 0.155270
 2106.000000 12.499249 1.530004 0.169876
 2109.000000 12.549449 1.533792 0.138969
 2112.000000 12.572788 1.532054 0.167313
 2115.000000 12.584928 1.537375 0.152063
 2118.000000 12.591430 1.515287 0.167937
 2121.000000 12.576999 1.555919 0.127181
 2124.000000 12.624892 1.554759 0.135489
 2127.000000 12.640162 1.552212 0.142352
 2130.000000 12.616302 1.552362 0.167188
 2133.000000 12.592215 1.511837 0.166052
 2136.000000 12.552179 1.543523 0.161262
 2139.000000 12.502001 1.543495 0.122118
 2142.000000 12.472641 1.537476 0.133796
 2145.000000 12.400822 1.555341 0.126254
 2148.000000 12.460321 1.573461 0.108251
 2151.000000 12.485145 1.568703 0.137548
 2154.000000 12.400908 1.586879 0.167144
 2157.000000 12.453939 1.587723 0.142563
 2160.000000 12.471333 1.575385 0.151284
 2163.000000 12.458586 1.587709 0.151795
 2166.000000 12.459695 1.573049 0.148076
 2169.000000 12.408982 1.560535 0.158693
 2172.000000 12.416377 1.565742 0.136450
 2175.000000 12.414897 1.539011 0.162031
 2178.000000 12.502402 1.532870 0.167994
 2181.000000 12.472824 1.566593 0.182143
 2184.000000 12.449525 1.577232 0.177357
 2187.000000 12.343561 1.556887 0.217137
 2190.000000 12.361928 1.553190 0.170845
 2193.000000 12.395536 1.548277 0.184216
 2196.000000 12.394079 1.553726 0.129246
 2199.000000 12.470822 1.538653 0.164367
 2202.000000 12.433744 1.549216 0.142013
 2205.000000 12.448472 1.543961 0.157686
 2208.000000 12.405252 1.526374 0.184200
 2211.000000 12.372794 1.533107 0.175943
 2214.000000 12.392459 1.562663 0.185052
 2217.000000 12.416369 1.557734 0.189796
 2220.000000 12.421413 1.605606 0.143883
 2223.000000 12.383771 1.561928 0.124913
 2226.000000 12.476436 1.550167 0.110255
 2229.000000 12.430115 1.558188 0.082640
 2232.000000 12.370912 1.543618 0.069858
 2235.000000 12.304640 1.569809 0.161000
 2238.000000 12.261828 1.564241 0.196289
 2241.000000 12.200303 1.559633 0.158480
 2244.000000 12.248259 1.571997 0.129872
 2247.000000 12.347303 1.557111 0.170198
 2250.000000 12.330515 1.519725 0.072534
 2253.000000 12.283080 1.517407 0.086021
 2256.000000 12.355356 1.504471 0.087162
 2259.000000 12.401205 1.508224 0.115059
 2262.000000 12.347158 1.515894 0.086185
 2265.000000 12.381621 1.532709 0.119853
 2268.000000 12.279957 1.524626 0.140067
 2271.000000 12.225360 1.513453 0.164279
 2274.000000 12.329461 1.513834 0.139248
 2277.000000 12.251443 1.495178 0.195071
 2280.000000 12.290288 1.539547 0.151350
 2283.000000 12.225669 1.502397 0.165171
 2286.000000 12.221295 1.492838 0.163043
 2289.000000 12.277685 1.501260 0.151125
 2292.000000 12.295631 1.521211 0.161300
 2295.000000 12.379119 1.522770 0.148261
 2298.000000 12.409010 1.514072 0.150739
 2301.000000 12.447940 1.508140 0.162083
 2304.000000 12.425867 1.525484 0.085291
 2307.000000 12.467692 1.506673 0.116184
 2310.000000 12.356006 1.520801 0.122919
 2313.000000 12.382580 1.511916 0.131491
 2316.000000 12.353980 1.540531 0.116634
 2319.000000 12.424015 1.532247 0.143528
 2322.000000 12.403068 1.558011 0.110255
 2325.000000 12.393384 1.528783 0.140870
 2328.000000 12.442124 1.529184 0.194547
 2331.000000 12.512163 1.521303 0.136972
 2334.000000 12.448020 1.539172 0.159760
 2337.000000 12.424535 1.541776 0.154207
 2340.000000 12.417252 1.541533 0.134708
 2343.000000 12.547354 1.539187 0.154971
 2346.000000 12.535172 1.568065 0.133511
 2349.000000 12.563868 1.543810 0.149137
 2352.000000 12.614132 1.532753 0.159640
 2355.000000 12.540122 1.535449 0.163296
 2358.000000 12.469491 1.553056 0.157489
 2361.000000 12.496749 1.547611 0.146886
 2364.000000 12.429731 1.580113 0.144595
 2367.000000 12.532010 1.562078 0.146239
 2370.000000 12.584394 1.540466 0.159634
 2373.000000 12.576516 1.548468 0.172952
 2376.000000 12.641716 1.560455 0.132874
 2379.000000 12.580435 1.557836 0.124236
 2382.000000 12.646482 1.545733 0.136053
 2385.000000 12.667931 1.550536 0.137396
 2388.000000 12.597402 1.551478 0.157170
 2391.000000 12.548005 1.519028 0.169710
 2394.000000 12.502618 1.520262 0.166465
 2397.000000 12.391125 1.539850 0.129525
 2400.000000 12.375960 1.525180 0.164512
 2403.000000 12.320610 1.574708 0.123630
 2406.000000 12.361124 1.545282 0.164092
 2409.000000 12.380430 1.538275 0.175395
 2412.000000 12.319083 1.520771 0.163852
 2415.000000 12.359798 1.558438 0.151922
 2418.000000 12.331181 1.577488 0.138339
 2421.000000 12.292371 1.582913 0.145319
 2424.000000 12.320879 1.579128 0.139112
 2427.000000 12.250152 1.582259 0.183687
 2430.000000 12.310318 1.544408 0.178447
 2433.000000 12.388611 1.575357 0.141400
 2436.000000 12.354776 1.574292 0.145220
 2439.000000 12.338749 1.577452 0.145520
 2442.000000 12.349320 1.579715 0.146882
 2445.000000 12.393011 1.607351 0.141297
 2448.000000 12.364329 1.583899 0.121635
 2451.000000 12.351307 1.591215 0.105973
 2454.000000 12.337587 1.539184 0.170080
 2457.000000 12.398809 1.511894 0.198302
 2460.000000 12.351784 1.512093 0.184065
 2463.000000 12.245972 1.516548 0.161126
 2466.000000 12.288174 1.550513 0.132023
 2469.000000 12.362923 1.553398 0.150135
 2472.000000 12.309115 1.535456 0.171210
 2475.000000 12.274375 1.520156 0.174797
 2478.000000 12.371888 1.514208 0.168982
 2481.000000 12.384986 1.520906 0.168945
 2484.000000 12.406725 1.535571 0.161622
 2487.000000 12.395733 1.534493 0.197932
 2490.000000 12.336130 1.531661 0.165657
 2493.000000 12.378279 1.552626 0.170999
 2496.000000 12.397967 1.514880 0.220179
 2499.000000 12.335933 1.535414 0.194291
 2502.000000 12.363899 1.539128 0.181989
 2505.000000 12.340775 1.516033 0.195814
 2508.000000 12.410934 1.531368 0.207672
 2511.000000 12.472029 1.514148 0.223733
 2514.000000 12.385414 1.488176 0.216730
 2517.000000 12.363642 1.531361 0.168015
 2520.000000 12.373019 1.516090 0.206936
 2523.000000 12.374709 1.518732 0.194166
 2526.000000 12.376598 1.545778 0.122415
 2529.000000 12.344352 1.527608 0.143741
 2532.000000 12.388265 1.558831 0.131906
 2535.000000 12.425472 1.590225 0.106806
 2538.000000 12.481358 1.584121 0.109073
 2541.000000 12.390573 1.565210 0.146733
 2544.000000 12.300130 1.559078 0.139696
 2547.000000 12.317476 1.592018 0.106863
 2550.000000 12.284336 1.568356 0.107056
 2553.000000 12.265821 1.575129 0.107105
 2556.000000 12.367408 1.532810 0.136536
 2559.000000 12.387579 1.553532 0.128217
 2562.000000 12.337210 1.532045 0.172283
 2565.000000 12.308258 1.542847 0.143171
 2568.000000 12.322028 1.547839 0.114842
 2571.000000 12.250511 1.529629 0.165448
 2574.000000 12.250818 1.524840 0.157226
 2577.000000 12.224865 1.538579 0.160663
 2580.000000 12.215649 1.556831 0.146476
 2583.000000 12.241676 1.509631 0.189397
 2586.000000 12.273588 1.518994 0.152127
 2589.000000 12.161211 1.523822 0.160273
 2592.000000 12.174655 1.532558 0.155023
 2595.000000 12.123959 1.472333 0.198681
 2598.000000 12.207023 1.477098 0.180254
 2601.000000 12.246142 1.504244 0.199317
 2604.000000 12.321274 1.491146 0.189488
 2607.000000 12.323198 1.516034 0.150721
 2610.000000 12.295812 1.527217 0.147077
 2613.000000 12.311082 1.519468 0.189360
 2616.000000 12.328943 1.502351 0.230429
 2619.000000 12.395312 1.523881 0.184126
 2622.000000 12.447002 1.531592 0.169502
 2625.000000 12.469923 1.528936 0.159644
 2628.000000 12.359652 1.538089 0.132210
 2631.000000 12.382801 1.544905 0.135325
 2634.000000 12.453405 1.534808 0.145259
 2637.000000 12.453640 1.516513 0.199646
 2640.000000 12.448090 1.529020 0.183472
 2643.000000 12.424023 1.554439 0.164294
 2646.000000 12.351548 1.578576 0.165476
 2649.000000 12.319755 1.543603 0.197012
 2652.000000 12.312123 1.521247 0.195673
 2655.000000 12.359376 1.533289 0.211010
 2658.000000 12.440798 1.539962 0.132758
 2661.000000 12.396793 1.543971 0.098800
 2664.000000 12.332834 1.545778 0.092171
 2667.000000 12.322931 1.539398 0.106516
 2670.000000 12.465189 1.528060 0.120434
 2673.000000 12.292790 1.523719 0.118295
 2676.000000 12.360478 1.538852 0.112054
 2679.000000 12.291035 1.512098 0.145726
 2682.000000 12.355952 1.500926 0.139870
 2685.000000 12.287915 1.520549 0.114497
 2688.000000 12.241286 1.514892 0.121672
 2691.000000 12.280011 1.523429 0.132094
 2694.000000 12.397950 1.520918 0.134251
 2697.000000 12.301809 1.529144 0.152289
 2700.000000 12.375311 1.564903 0.089694
 2703.000000 12.399864 1.562567 0.118577
 2706.000000 12.321027 1.575285 0.156091
 2709.000000 12.334993 1.608855 0.103637
 2712.000000 12.406660 1.587263 0.094711
 2715.000000 12.464828 1.560007 0.094460
 2718.000000 12.382607 1.566600 0.087924
 2721.000000 12.443977 1.549682 0.100935
 2724.000000 12.471614 1.540098 0.109933
 2727.000000 12.454922 1.531291 0.129434
 2730.000000 12.437387 1.520715 0.132696
 2733.000000 12.452367 1.505359 0.120788
 2736.000000 12.422901 1.493596 0.167727
 2739.000000 12.482615 1.518250 0.119331
 2742.000000 12.443847 1.503826 0.135425
 2745.000000 12.436388 1.497715 0.133406
 2748.000000 12.350437 1.506038 0.127846
 2751.000000 12.366840 1.495454 0.158514
 2754.000000 12.357757 1.532771 0.123213
 2757.000000 12.343309 1.504031 0.130155
 2760.000000 12.390384 1.521802 0.125450
 2763.000000 12.320250 1.568873 0.144282
 2766.000000 12.395284 1.584589 0.143507
 2769.000000 12.473800 1.579911 0.117055
 2772.000000 12.406860 1.537459 0.154040
 2775.000000 12.429657 1.541043 0.151763
 2778.000000 12.364430 1.554481 0.090041
 2781.000000 12.369758 1.564332 0.100520
 2784.000000 12.502319 1.530736 0.120559
 2787.000000 12.438509 1.509228 0.125113
 2790.000000 12.459436 1.491772 0.184896
 2793.000000 12.372450 1.501981 0.130997
 2796.000000 12.492599 1.515426 0.120152
 2799.000000 12.445313 1.528078 0.121070
 2802.000000 12.493224 1.551838 0.106759
 2805.000000 12.484815 1.541071 0.128098
 2808.000000 12.525788 1.548452 0.087367
 2811.000000 12.413983 1.543712 0.079174
 2814.000000 12.381731 1.546409 0.124583
 2817.000000 12.343975 1.591811 0.102236
 2820.000000 12.357443 1.593213 0.106000
 2823.000000 12.378667 1.586889 0.108876
 2826.000000 12.390756 1.571352 0.128107
 2829.000000 12.426604 1.573150 0.145557
 2832.000000 12.481627 1.574570 0.170024
 2835.000000 12.545107 1.568885 0.155493
 2838.000000 12.567883 1.591934 0.135345
 2841.000000 12.524692 1.578981 0.131268
 2844.000000 12.600544 1.569892 0.148833
 2847.000000 12.562439 1.576691 0.155398
 2850.000000 12.508606 1.552267 0.171163
 2853.000000 12.461836 1.559212 0.150458
 2856.000000 12.494758 1.579523 0.107357
 2859.000000 12.473987 1.567908 0.180905
 2862.000000 12.418381 1.573050 0.165973
 2865.000000 12.451188 1.584865 0.119935
 2868.000000 12.454928 1.567101 0.149280
 2871.000000 12.397595 1.575575 0.134213
 2874.000000 12.314413 1.567737 0.152563
 2877.000000 12.289328 1.540030 0.152661
 2880.000000 12.242929 1.550387 0.119437
 2883.000000 12.349261 1.539340 0.158213
 2886.000000 12.395579 1.539790 0.154713
 2889.000000 12.433847 1.542366 0.180430
 2892.000000 12.476063 1.566445 0.134296
 2895.000000 12.461520 1.593388 0.139132
 2898.000000 12.521974 1.576291 0.159429
 2901.000000 12.576742 1.590930 0.135555
 2904.000000 12.558254 1.553479 0.178731
 2907.000000 12.499086 1.572512 0.151579
 2910.000000 12.492338 1.604152 0.135208
 2913.000000 12.506159 1.603886 0.175024
 2916.000000 12.526385 1.602060 0.192153
 2919.000000 12.437878 1.602135 0.180218
 2922.000000 12.461867 1.606931 0.224511
 2925.000000 12.453644 1.589490 0.211372
 2928.000000 12.434309 1.574262 0.236657
 2931.000000 12.387659 1.586228 0.219987
 2934.000000 12.458633 1.599691 0.214456
 2937.000000 12.463406 1.583730 0.238520
 2940.000000 12.415502 1.621311 0.207193
 2943.000000 12.429414 1.609305 0.205093
 2946.000000 12.361361 1.626915 0.193973
 2949.000000 12.370640 1.622600 0.144359
 2952.000000 12.320398 1.629721 0.156704
 2955.000000 12.345376 1.643874 0.152606
 2958.000000 12.338743 1.640842 0.180674
 2961.000000 12.314754 1.647815 0.169559
 2964.000000 12.284872 1.679400 0.152086
 2967.000000 12.271866 1.659025 0.150657
 2970.000000 12.277399 1.650881 0.153361
 2973.000000 12.294775 1.645238 0.137961
 2976.000000 12.377942 1.624052 0.158814
 2979.000000 12.315665 1.595880 0.171426
 2982.000000 12.375114 1.593715 0.182175
 2985.000000 12.330087 1.609114 0.169920
 2988.000000 12.282628 1.577787 0.209430
 2991.000000 12.279874 1.605033 0.175549
 2994.000000 12.330492 1.623353 0.153983
 2997.000000 12.383267 1.618773 0.134126
 3000.000000 12.406317 1.582491 0.188448
 3003.000000 12.434368 1.610331 0.186004
 3006.000000 12.398929 1.583961 0.203702
 3009.000000 12.377318 1.604778 0.198560
 3012.000000 12.390025 1.609377 0.180517
 3015.000000 12.364289 1.581882 0.181428
 3018.000000 12.434046 1.601719 0.184993
 3021.000000 12.496738 1.611411 0.152594
 3024.000000 12.433836 1.635016 0.143308
 3027.000000 12.487422 1.608773 0.148743
 3030.000000 12.445717 1.597463 0.190072
 3033.000000 12.460004 1.592383 0.214688
 3036.000000 12.393590 1.582942 0.229973
 3039.000000 12.378580 1.590650 0.211727
 3042.000000 12.339672 1.620530 0.146216
 3045.000000 12.365190 1.633708 0.134934
 3048.000000 12.453860 1.606171 0.176528
 3051.000000 12.337326 1.574525 0.210592
 3054.000000 12.355268 1.599393 0.199006
 3057.000000 12.317915 1.587650 0.192684
 3060.000000 12.306680 1.596798 0.192391
 3063.000000 12.261249 1.559530 0.225613
 3066.000000 12.251227 1.561060 0.211373
 3069.000000 12.332877 1.562020 0.192721
 3072.000000 12.341524 1.589128 0.190697
 3075.000000 12.307826 1.594706 0.154430
 3078.000000 12.392647 1.580379 0.155249
 3081.000000 12.359448 1.586055 0.168445
 3084.000000 12.440731 1.573022 0.178144
 3087.000000 12.408179 1.569406 0.174057
 3090.000000 12.386454 1.583961 0.154082
 3093.000000 12.433857 1.550785 0.168287
 3096.000000 12.435578 1.578064 0.148514
 3099.000000 12.431763 1.608117 0.131380
 3102.000000 12.510600 1.600638 0.129339
 3105.000000 12.446549 1.564826 0.178391
 3108.000000 12.514583 1.542722 0.201788
 3111.000000 12.537717 1.586050 0.148846
 3114.000000 12.531707 1.574144 0.145419
 3117.000000 12.450231 1.586928 0.134039
 3120.000000 12.445759 1.570936 0.171780
 3123.000000 12.474712 1.619295 0.122057
 3126.000000 12.455540 1.605032 0.146853
 3129.000000 12.424195 1.608530 0.142869
 3132.000000 12.395205 1.594719 0.182614
 3135.000000 12.418450 1.570899 0.196689
 3138.000000 12.465228 1.583823 0.195759
 3141.000000 12.464693 1.585256 0.209233
 3144.000000 12.422384 1.606244 0.194003
 3147.000000 12.466816 1.604337 0.186848
 3150.000000 12.446254 1.573239 0.169671
 3153.000000 12.406313 1.578209 0.158017
 3156.000000 12.414346 1.581894 0.175628
 3159.000000 12.293762 1.578492 0.193834
 3162.000000 12.317397 1.580730 0.181294
 3165.000000 12.318364 1.558943 0.159948
 3168.000000 12.388990 1.577343 0.153951
 3171.000000 12.326692 1.578744 0.163112
 3174.000000 12.253966 1.586380 0.141107
 3177.000000 12.316061 1.575135 0.105368
 3180.000000 12.334900 1.579726 0.131447
 3183.000000 12.373238 1.591185 0.109981
 3186.000000 12.380490 1.596148 0.119417
 3189.000000 12.490168 1.570689 0.134774
 3192.000000 12.448351 1.577956 0.143098
 3195.000000 12.424756 1.592172 0.161623
 3198.000000 12.459771 1.609404 0.164451
 3201.000000 12.428168 1.588221 0.164242
 3204.000000 12.351259 1.560169 0.150161
 3207.000000 12.293603 1.562807 0.210358
 3210.000000 12.203918 1.612682 0.181369
 3213.000000 12.185863 1.579225 0.181707
 3216.000000 12.243136 1.596727 0.144816
 3219.000000 12.235548 1.595956 0.144651
 3222.000000 12.255391 1.585000 0.163546
 3225.000000 12.247534 1.598357 0.168464
 3228.000000 12.267148 1.611678 0.127103
 3231.000000 12.294119 1.591060 0.124539
 3234.000000 12.319023 1.598921 0.171923
 3237.000000 12.274746 1.594087 0.158605
 3240.000000 12.269366 1.588987 0.158408
 3243.000000 12.295267 1.614997 0.153618
 3246.000000 12.248447 1.582396 0.181465
 3249.000000 12.256593 1.597301 0.160854
 3252.000000 12.280694 1.601157 0.164515
 3255.000000 12.302372 1.596784 0.136122
 3258.000000 12.275649 1.597874 0.150134
 3261.000000 12.149488 1.615742 0.124557
 3264.000000 12.191694 1.618781 0.201321
 3267.000000 12.193916 1.590109 0.182260
 3270.000000 12.221819 1.606583 0.215460
 3273.000000 12.248780 1.625498 0.183365
 3276.000000 12.317445 1.603851 0.218782
 3279.000000 12.316851 1.617053 0.200969
 3282.000000 12.273358 1.599870 0.196752
 3285.000000 12.331218 1.614725 0.177224
 3288.000000 12.313796 1.577513 0.179586
 3291.000000 12.360290 1.595847 0.145537
 3294.000000 12.348095 1.594954 0.143072
 3297.000000 12.321694 1.575624 0.162161
 3300.000000 12.364993 1.562668 0.198196
 3303.000000 12.426016 1.559120 0.187476
 3306.000000 12.299767 1.553322 0.149630
 3309.000000 12.233733 1.553675 0.136717
 3312.000000 12.196246 1.577088 0.145508
 3315.000000 12.277423 1.568222 0.133754
 3318.000000 12.306739 1.569601 0.121487
 3321.000000 12.382514 1.544874 0.136404
 3324.000000 12.350887 1.556474 0.110116
 3327.000000 12.338918 1.550213 0.106032
 3330.000000 12.427218 1.523169 0.146435
 3333.000000 12.520253 1.508842 0.132974
 3336.000000 12.475889 1.530312 0.139079
 3339.000000 12.519114 1.497400 0.172989
 3342.000000 12.414344 1.481186 0.149365
 3345.000000 12.355880 1.501263 0.138453
 3348.000000 12.378986 1.503436 0.095804
 3351.000000 12.296212 1.515805 0.132759
 3354.000000 12.328616 1.512137 0.104580
 3357.000000 12.382804 1.528284 0.122167
 3360.000000 12.383241 1.515959 0.122749
 3363.000000 12.356560 1.495548 0.140924
 3366.000000 12.327851 1.532519 0.105483
 3369.000000 12.311125 1.532228 0.078896
 3372.000000 12.345262 1.570374 0.093850
 3375.000000 12.399310 1.571150 0.097222
 3378.000000 12.421334 1.578936 0.141295
 3381.000000 12.498619 1.582428 0.105451
 3384.000000 12.457217 1.580571 0.120166
 3387.000000 12.488956 1.556292 0.127931
 3390.000000 12.469427 1.555234 0.129876
 3393.000000 12.454331 1.530458 0.102436
 3396.000000 12.413385 1.559964 0.086665
 3399.000000 12.390672 1.569261 0.061973
 3402.000000 12.435707 1.560788 0.088445
 3405.000000 12.448082 1.574007 0.086465
 3408.000000 12.394750 1.571392 0.087981
 3411.000000 12.340727 1.566682 0.093708
 3414.000000 12.324677 1.526434 0.168478
 3417.000000 12.329392 1.574750 0.138819
 3420.000000 12.341979 1.568573 0.183592
 3423.000000 12.373872 1.560421 0.156778
 3426.000000 12.338912 1.554059 0.149092
 3429.000000 12.359437 1.547277 0.140536
 3432.000000 12.376779 1.557095 0.132949
 3435.000000 12.292596 1.574384 0.119947
 3438.000000 12.289839 1.566922 0.143500
 3441.000000 12.347221 1.570543 0.130533
 3444.000000 12.334762 1.555953 0.128674
 3447.000000 12.411973 1.548801 0.124978
 3450.000000 12.388853 1.550345 0.168756
 3453.000000 12.459048 1.562325 0.154432
 3456.000000 12.291761 1.581551 0.138397
 3459.000000 12.382461 1.526742 0.207466
 3462.000000 12.430301 1.561997 0.124046
 3465.000000 12.399616 1.564356 0.161078
 3468.000000 12.429352 1.595244 0.146082
 3471.000000 12.351085 1.580688 0.154877
 3474.000000 12.387698 1.596065 0.146124
 3477.000000 12.401972 1.595656 0.137955
 3480.000000 12.402007 1.574706 0.172979
 3483.000000 12.309648 1.559760 0.178917
 3486.000000 12.379450 1.580257 0.179259
 3489.000000 12.425337 1.595425 0.124624
 3492.000000 12.437641 1.571176 0.181877
 3495.000000 12.468838 1.593265 0.144367
 3498.000000 12.509236 1.572839 0.134192
 3501.000000 12.486417 1.553214 0.134100
 3504.000000 12.438732 1.556717 0.185651
 3507.000000 12.419451 1.603767 0.130221
 3510.000000 12.452472 1.575225 0.185836
 3513.000000 12.418582 1.599484 0.152726
 3516.000000 12.398093 1.608427 0.148222
 3519.000000 12.392379 1.598663 0.155463
 3522.000000 12.404890 1.605112 0.171446
 3525.000000 12.359133 1.599223 0.135946
 3528.000000 12.478022 1.588667 0.165729
 3531.000000 12.488125 1.592007 0.155573
 3534.000000 12.458621 1.580435 0.184221
 3537.000000 12.486261 1.566341 0.194423
 3540.000000 12.510871 1.598644 0.138546
 3543.000000 12.431392 1.578614 0.167382
 3546.000000 12.444302 1.561306 0.150788
 3549.000000 12.452065 1.584464 0.143445
 3552.000000 12.439580 1.568141 0.129772
 3555.000000 12.464010 1.531587 0.147498
 3558.000000 12.532117 1.547452 0.138710
 3561.000000 12.561197 1.553238 0.161969
 3564.000000 12.487782 1.558472 0.125395
 3567.000000 12.528369 1.563217 0.144178
 3570.000000 12.443060 1.545639 0.154869
 3573.000000 12.333391 1.580554 0.113318
 3576.000000 12.335711 1.561145 0.174791
 3579.000000 12.396298 1.566046 0.183537
 3582.000000 12.320841 1.600914 0.143114
 3585.000000 12.341509 1.599174 0.113078
 3588.000000 12.365537 1.583701 0.119479
 3591.000000 12.380053 1.555159 0.188085
 3594.000000 12.335254 1.580893 0.105769
 3597.000000 12.388641 1.575789 0.103538
 3600.000000 12.329764 1.555631 0.161442
 3603.000000 12.452454 1.563027 0.135263
 3606.000000 12.451868 1.562746 0.155884
 3609.000000 12.420952 1.545814 0.184677
 3612.000000 12.344527 1.558021 0.165425
 3615.000000 12.333183 1.558036 0.149843
 3618.000000 12.265870 1.551631 0.172659
 3621.000000 12.328185 1.588646 0.134887
 3624.000000 12.270535 1.556011 0.159633
 3627.000000 12.354189 1.568072 0.164715
 3630.000000 12.338971 1.554094 0.170949
 3633.000000 12.390914 1.584923 0.143761
 3636.000000 12.413811 1.586885 0.159589
 3639.000000 12.469628 1.577039 0.147694
 3642.000000 12.348846 1.575422 0.125859
 3645.000000 12.336181 1.564223 0.157802
 3648.000000 12.370131 1.542605 0.202483
 3651.000000 12.401438 1.559195 0.144590
 3654.000000 12.409613 1.560920 0.127984
 3657.000000 12.295029 1.557294 0.142969
 3660.000000 12.355470 1.562394 0.140392
 3663.000000 12.328330 1.557188 0.107072
 3666.000000 12.402091 1.526470 0.148376
 3669.000000 12.376157 1.534148 0.103874
 3672.000000 12.295514 1.533341 0.103077
 3675.000000 12.347517 1.534023 0.088103
 3678.000000 12.303207 1.567246 0.079089
 3681.000000 12.268140 1.561965 0.106702
 3684.000000 12.335390 1.571566 0.135007
 3687.000000 12.193318 1.582108 0.101874
 3690.000000 12.212697 1.551597 0.118934
 3693.000000 12.286724 1.527600 0.125069
 3696.000000 12.239974 1.518049 0.119842
 3699.000000 12.376592 1.512462 0.135443
 3702.000000 12.359388 1.495617 0.169425
 3705.000000 12.348152 1.519467 0.150547
 3708.000000 12.309588 1.508633 0.180053
 3711.000000 12.355026 1.526249 0.158586
 3714.000000 12.349242 1.513732 0.156051
 3717.000000 12.457453 1.521961 0.154991
 3720.000000 12.426371 1.535504 0.148764
 3723.000000 12.462989 1.526230 0.147070
 3726.000000 12.461654 1.519901 0.126486
 3729.000000 12.486204 1.510435 0.134386
 3732.000000 12.500399 1.525167 0.139676
 3735.000000 12.411579 1.508999 0.118184
 3738.000000 12.386920 1.509924 0.110030
 3741.000000 12.411528 1.487212 0.145174
 3744.000000 12.345621 1.505846 0.139549
 3747.000000 12.320627 1.517473 0.122176
 3750.000000 12.312660 1.545770 0.140389
 3753.000000 12.304482 1.535350 0.146132
 3756.000000 12.366020 1.550925 0.141314
 3759.000000 12.360961 1.558342 0.106512
 3762.000000 12.343791 1.549870 0.120860
 3765.000000 12.302393 1.562342 0.101003
 3768.000000 12.383921 1.530461 0.107713
 3771.000000 12.421820 1.537761 0.139787
 3774.000000 12.347866 1.554552 0.115309
 3777.000000 12.325431 1.542789 0.130299
 3780.000000 12.313623 1.530561 0.136204
 3783.000000 12.386481 1.541192 0.147929
 3786.000000 12.370553 1.539841 0.153336
 3789.000000 12.304574 1.544408 0.169904
 3792.000000 12.347780 1.562113 0.156047
 3795.000000 12.321060 1.556838 0.153040
 3798.000000 12.306002 1.577744 0.132572
 3801.000000 12.269120 1.575409 0.144099
 3804.000000 12.196758 1.542089 0.190198
 3807.000000 12.197829 1.544320 0.185454
 3810.000000 12.148416 1.520911 0.168394
 3813.000000 12.225788 1.548083 0.172183
 3816.000000 12.100023 1.535445 0.137641
 3819.000000 12.195344 1.540073 0.144609
 3822.000000 12.198038 1.536300 0.127561
 3825.000000 12.203223 1.543593 0.148958
 3828.000000 12.281032 1.562867 0.141481
 3831.000000 12.219151 1.539310 0.180369
 3834.000000 12.241957 1.529860 0.177267
 3837.000000 12.202258 1.566816 0.141898
 3840.000000 12.195042 1.535813 0.164230
 3843.000000 12.280566 1.516171 0.163776
 3846.000000 12.281497 1.534481 0.154997
 3849.000000 12.293493 1.547608 0.141053
 3852.000000 12.344135 1.561989 0.118825
 3855.000000 12.403412 1.550908 0.173922
 3858.000000 12.335544 1.561298 0.128485
 3861.000000 12.291386 1.603908 0.125118
 3864.000000 12.389062 1.561827 0.148451
 3867.000000 12.345603 1.551661 0.149507
 3870.000000 12.355469 1.544676 0.182391
 3873.000000 12.438183 1.536535 0.188781
 3876.000000 12.474579 1.550464 0.202622
 3879.000000 12.373976 1.535922 0.215092
 3882.000000 12.423893 1.510935 0.220347
 3885.000000 12.460168 1.525735 0.207467
 3888.000000 12.444336 1.524909 0.223787
 3891.000000 12.548923 1.553901 0.198308
 3894.000000 12.517311 1.587198 0.183713
 3897.000000 12.486717 1.631052 0.140215
 3900.000000 12.496274 1.604483 0.127631
 3903.000000 12.543752 1.603058 0.143084
 3906.000000 12.563736 1.563395 0.183938
 3909.000000 12.490987 1.563054 0.169518
 3912.000000 12.426224 1.569248 0.157338
 3915.000000 12.492135 1.548598 0.157679
 3918.000000 12.442011 1.552582 0.166728
 3921.000000 12.491254 1.567579 0.159727
 3924.000000 12.477048 1.567472 0.177723
 3927.000000 12.434845 1.554935 0.176432
 3930.000000 12.356518 1.578949 0.199261
 3933.000000 12.370320 1.635680 0.148762
 3936.000000 12.436016 1.624365 0.219083
 3939.000000 12.390855 1.619666 0.166114
 3942.000000 12.494654 1.617303 0.150887
 3945.000000 12.496481 1.611848 0.162245
 3948.000000 12.490103 1.588405 0.174119
 3951.000000 12.465246 1.583215 0.153799
 3954.000000 12.450912 1.583284 0.131201
 3957.000000 12.437805 1.562738 0.175028
 3960.000000 12.388777 1.589076 0.155275
 3963.000000 12.428344 1.578812 0.157347
 3966.000000 12.399788 1.561854 0.171221
 3969.000000 12.380961 1.595432 0.172969
 3972.000000 12.432951 1.567935 0.161706
 3975.000000 12.365472 1.563177 0.146471
 3978.000000 12.314719 1.564445 0.145858
 3981.000000 12.313317 1.576378 0.136174
 3984.000000 12.264791 1.568908 0.140836
 3987.000000 12.356032 1.576666 0.136077
 3990.000000 12.321490 1.564018 0.120731
 3993.000000 12.331929 1.543532 0.151910
 3996.000000 12.323188 1.543893 0.149312
 3999.000000 12.342201 1.523646 0.171279
 4002.000000 12.337709 1.561645 0.124388
 4005.000000 12.399299 1.558870 0.097222
 4008.000000 12.401035 1.568027 0.115292
 4011.000000 12.455034 1.552131 0.109082
 4014.000000 12.506257 1.558660 0.121435
 4017.000000 12.417342 1.579831 0.097341
 4020.000000 12.414257 1.574453 0.108490
 4023.000000 12.447250 1.542382 0.107799
 4026.000000 12.445665 1.543351 0.091368
 4029.000000 12.595631 1.527902 0.107527
 4032.000000 12.529791 1.555434 0.094149
 4035.000000 12.504087 1.527215 0.107302
 4038.000000 12.512385 1.532741 0.119632
 4041.000000 12.544752 1.538006 0.122807
 4044.000000 12.497492 1.586840 0.113760
 4047.000000 12.384942 1.567311 0.125204
 4050.000000 12.386536 1.583772 0.085258
 4053.000000 12.346061 1.573835 0.099039
 4056.000000 12.355176 1.554152 0.115019
 4059.000000 12.369607 1.544311 0.122432
 4062.000000 12.449699 1.574168 0.116569
 4065.000000 12.299366 1.562013 0.121127
 4068.000000 12.367680 1.551034 0.139619
 4071.000000 12.438442 1.574926 0.129995
 4074.000000 12.415038 1.580575 0.113290
 4077.000000 12.374581 1.580631 0.101895
 4080.000000 12.469597 1.592360 0.110091
 4083.000000 12.441738 1.591913 0.103691
 4086.000000 12.432472 1.622290 0.107757
 4089.000000 12.374506 1.616658 0.125986
 4092.000000 12.349760 1.613996 0.175727
 4095.000000 12.320711 1.636583 0.125763
 4098.000000 12.350223 1.611302 0.089369
 4101.000000 12.301710 1.610635 0.103822
 4104.000000 12.318619 1.613263 0.082373
 4107.000000 12.311191 1.584698 0.081809
 4110.000000 12.310219 1.584620 0.072676
 4113.000000 12.352034 1.601043 0.098387
 4116.000000 12.347027 1.597130 0.072884
 4119.000000 12.332881 1.587762 0.089125
 4122.000000 12.386272 1.590825 0.099328
 4125.000000 12.385794 1.607996 0.101176
 4128.000000 12.347401 1.588537 0.116421
 4131.000000 12.340857 1.558782 0.132179
 4134.000000 12.289395 1.558389 0.149683
 4137.000000 12.288229 1.569795 0.137521
 4140.000000 12.340731 1.548412 0.151345
 4143.000000 12.355586 1.569554 0.130210
 4146.000000 12.434748 1.558622 0.146696
 4149.000000 12.397129 1.572689 0.154540
 4152.000000 12.482116 1.593218 0.106841
 4155.000000 12.416926 1.603313 0.118992
 4158.000000 12.522141 1.572117 0.131801
 4161.000000 12.454069 1.574382 0.133600
 4164.000000 12.410941 1.574946 0.096634
 4167.000000 12.484065 1.559165 0.081069
 4170.000000 12.429974 1.559200 0.108841
 4173.000000 12.503580 1.566183 0.127402
 4176.000000 12.392955 1.580611 0.107995
 4179.000000 12.473880 1.603000 0.131894
 4182.000000 12.512996 1.626435 0.107146
 4185.000000 12.352794 1.596490 0.143496
 4188.000000 12.277525 1.576119 0.115897
 4191.000000 12.336069 1.581684 0.129482
 4194.000000 12.354054 1.580218 0.127088
 4197.000000 12.405177 1.562585 0.192598
 4200.000000 12.290619 1.561197 0.180680
 4203.000000 12.301978 1.593012 0.198405
 4206.000000 12.378330 1.596124 0.186085
 4209.000000 12.409259 1.595044 0.142526
 4212.000000 12.447731 1.602921 0.114873
 4215.000000 12.399357 1.617454 0.100807
 4218.000000 12.311799 1.613623 0.128952
 4221.000000 12.394513 1.578115 0.152881
 4224.000000 12.306269 1.565179 0.218494
 4227.000000 12.333853 1.542356 0.222869
 4230.000000 12.383976 1.534961 0.167440
 4233.000000 12.412008 1.549218 0.195235
 4236.000000 12.409949 1.554866 0.203660
 4239.000000 12.542708 1.567138 0.213697
 4242.000000 12.570298 1.584772 0.184289
 4245.000000 12.469384 1.600605 0.168219
 4248.000000 12.406272 1.581237 0.149731
 4251.000000 12.494024 1.613197 0.173671
 4254.000000 12.482545 1.601371 0.175827
 4257.000000 12.475461 1.584526 0.141303
 4260.000000 12.416439 1.562550 0.181336
 4263.000000 12.386749 1.545069 0.118806
 4266.000000 12.427828 1.566483 0.140880
 4269.000000 12.449191 1.536291 0.156322
 4272.000000 12.444349 1.545409 0.172011
 4275.000000 12.434296 1.538160 0.200335
 4278.000000 12.430829 1.531101 0.172119
 4281.000000 12.393401 1.531835 0.158578
 4284.000000 12.448848 1.518933 0.161897
 4287.000000 12.509799 1.539482 0.150706
 4290.000000 12.445826 1.552807 0.130478
 4293.000000 12.512227 1.540715 0.132005
 4296.000000 12.500346 1.480878 0.130898
 4299.000000 12.484821 1.502023 0.134624
 4302.000000 12.629064 1.489168 0.156611
 4305.000000 12.625067 1.519540 0.117296
 4308.000000 12.558235 1.508866 0.127263
 4311.000000 12.507961 1.489219 0.125658
 4314.000000 12.302920 1.502576 0.116669
 4317.000000 12.340022 1.516951 0.174323
 4320.000000 12.345869 1.543035 0.131911
 4323.000000 12.323347 1.532061 0.143511
 4326.000000 12.449453 1.556299 0.080008
 4329.000000 12.320951 1.531631 0.068077
 4332.000000 12.312338 1.532585 0.083656
 4335.000000 12.371799 1.548181 0.123816
 4338.000000 12.431142 1.562219 0.123872
 4341.000000 12.448711 1.540778 0.141411
 4344.000000 12.383967 1.556591 0.111680
 4347.000000 12.299979 1.540382 0.127685
 4350.000000 12.424024 1.546604 0.158721
 4353.000000 12.339533 1.550561 0.169179
 4356.000000 12.312852 1.558006 0.112795
 4359.000000 12.316467 1.564995 0.148940
 4362.000000 12.340501 1.553470 0.125322
 4365.000000 12.294681 1.534636 0.164679
 4368.000000 12.424976 1.577999 0.185262
 4371.000000 12.366583 1.587580 0.177286
 4374.000000 12.398873 1.598014 0.199575
 4377.000000 12.423146 1.613320 0.137361
 4380.000000 12.479275 1.579306 0.181778
 4383.000000 12.443495 1.593492 0.147374
 4386.000000 12.370666 1.588325 0.195018
 4389.000000 12.365309 1.582488 0.166358
 4392.000000 12.400972 1.597526 0.175131
 4395.000000 12.387258 1.599230 0.160926
 4398.000000 12.343017 1.614421 0.192104
 4401.000000 12.422004 1.625089 0.181872
 4404.000000 12.333323 1.635265 0.150403
 4407.000000 12.412414 1.642700 0.163154
 4410.000000 12.363604 1.647330 0.178037
 4413.000000 12.311259 1.625407 0.194213
 4416.000000 12.275775 1.609124 0.210722
 4419.000000 12.330920 1.591875 0.236399
 4422.000000 12.311884 1.610269 0.225791
 4425.000000 12.362495 1.592546 0.262936
 4428.000000 12.320527 1.593713 0.213970
 4431.000000 12.282374 1.605944 0.179403
 4434.000000 12.248988 1.604883 0.190141
 4437.000000 12.387278 1.615399 0.195561
 4440.000000 12.411834 1.629910 0.175522
 4443.000000 12.296711 1.604475 0.175850
 4446.000000 12.281085 1.602617 0.198028
 4449.000000 12.343014 1.614390 0.144610
 4452.000000 12.334723 1.602632 0.136850
 4455.000000 12.308257 1.638563 0.123785
 4458.000000 12.440517 1.627170 0.120062
 4461.000000 12.373811 1.626686 0.128110
 4464.000000 12.316514 1.623603 0.124871
 4467.000000 12.323775 1.623262 0.085011
 4470.000000 12.343478 1.632680 0.107385
 4473.000000 12.334388 1.646527 0.136914
 4476.000000 12.278143 1.627534 0.112972
 4479.000000 12.230627 1.638044 0.118932
 4482.000000 12.267007 1.612476 0.099650
 4485.000000 12.341189 1.644609 0.102451
 4488.000000 12.284292 1.643446 0.117095
 4491.000000 12.267851 1.624400 0.136976
 4494.000000 12.308113 1.608357 0.165074
 4497.000000 12.287087 1.600203 0.163401
 4500.000000 12.314621 1.583225 0.168613
 4503.000000 12.302685 1.597587 0.164149
 4506.000000 12.362988 1.594556 0.139638
 4509.000000 12.379130 1.594382 0.167390
 4512.000000 12.318605 1.590262 0.126627
 4515.000000 12.349158 1.569473 0.174338
 4518.000000 12.278369 1.548109 0.199276
 4521.000000 12.322270 1.575840 0.195997
 4524.000000 12.272909 1.551293 0.200312
 4527.000000 12.278051 1.543145 0.188964
 4530.000000 12.393008 1.542902 0.175232
 4533.000000 12.400224 1.561304 0.164693
 4536.000000 12.408369 1.563086 0.153314
 4539.000000 12.285586 1.586033 0.139373
 4542.000000 12.329280 1.575508 0.166548
 4545.000000 12.422279 1.612109 0.168125
 4548.000000 12.303728 1.612809 0.169923
 4551.000000 12.296889 1.615690 0.152869
 4554.000000 12.226119 1.605988 0.139131
 4557.000000 12.253312 1.585268 0.177456
 4560.000000 12.229426 1.582609 0.187589
 4563.000000 12.168869 1.587591 0.159296
 4566.000000 12.221292 1.586593 0.176730
 4569.000000 12.293903 1.596298 0.161014
 4572.000000 12.285503 1.577622 0.162538
 4575.000000 12.219861 1.581784 0.179352
 4578.000000 12.234254 1.584091 0.244342
 4581.000000 12.220815 1.597433 0.191551
 4584.000000 12.194240 1.595366 0.198827
 4587.000000 12.219707 1.569781 0.184982
 4590.000000 12.280553 1.578183 0.166198
 4593.000000 12.277209 1.567776 0.173178
 4596.000000 12.336639 1.562619 0.147517
 4599.000000 12.310041 1.569214 0.120418
 4602.000000 12.256800 1.547926 0.146763
 4605.000000 12.273403 1.562282 0.149641
 4608.000000 12.272781 1.546816 0.157099
 4611.000000 12.306130 1.559794 0.148330
 4614.000000 12.297520 1.590671 0.141005
 4617.000000 12.348690 1.557278 0.166174
 4620.000000 12.328567 1.563235 0.144721
 4623.000000 12.347227 1.553559 0.150429
 4626.000000 12.410846 1.543061 0.180984
 4629.000000 12.453328 1.537350 0.197550
 4632.000000 12.424125 1.572587 0.171233
 4635.000000 12.388757 1.573475 0.159800
 4638.000000 12.299767 1.548806 0.170542
 4641.000000 12.317278 1.541431 0.180800
 4644.000000 12.283004 1.565960 0.157469
 4647.000000 12.230565 1.586903 0.124450
 4650.000000 12.337845 1.575245 0.131962
 4653.000000 12.325966 1.564792 0.129952
 4656.000000 12.236507 1.554311 0.078463
 4659.000000 12.170926 1.546971 0.090180
 4662.000000 12.158698 1.537569 0.108987
 4665.000000 12.209592 1.551750 0.088267
 4668.000000 12.225689 1.518559 0.128406
 4671.000000 12.233250 1.529384 0.110558
 4674.000000 12.256551 1.528028 0.132620
 4677.000000 12.289414 1.506159 0.133833
 4680.000000 12.327350 1.519486 0.138946
 4683.000000 12.375737 1.550114 0.148673
 4686.000000 12.430701 1.544397 0.152912
 4689.000000 12.427636 1.566695 0.122334
 4692.000000 12.439962 1.576258 0.173907
 4695.000000 12.527059 1.573048 0.162659
 4698.000000 12.399592 1.543221 0.175874
 4701.000000 12.322253 1.537384 0.180488
 4704.000000 12.415025 1.537866 0.183855
 4707.000000 12.436871 1.537594 0.175546
 4710.000000 12.415026 1.553202 0.143797
 4713.000000 12.366467 1.521198 0.128910
 4716.000000 12.388884 1.560938 0.141210
 4719.000000 12.424316 1.537737 0.165355
 4722.000000 12.494130 1.501009 0.163584
 4725.000000 12.430802 1.483725 0.175420
 4728.000000 12.369924 1.528293 0.141875
 4731.000000 12.343865 1.536994 0.132933
 4734.000000 12.315805 1.562652 0.123153
 4737.000000 12.357640 1.541558 0.160270
 4740.000000 12.352503 1.570411 0.169086
 4743.000000 12.316084 1.558792 0.145288
 4746.000000 12.321089 1.545522 0.140458
 4749.000000 12.359100 1.528480 0.148472
 4752.000000 12.310453 1.536408 0.172359
 4755.000000 12.274862 1.546865 0.156281
 4758.000000 12.333027 1.547906 0.127026
 4761.000000 12.239453 1.551702 0.143397
 4764.000000 12.287100 1.541939 0.150905
 4767.000000 12.290874 1.541590 0.167706
 4770.000000 12.255494 1.543879 0.130526
 4773.000000 12.252924 1.533354 0.147430
 4776.000000 12.301283 1.525446 0.143386
 4779.000000 12.353371 1.532696 0.166922
 4782.000000 12.390804 1.525339 0.186766
 4785.000000 12.451385 1.501321 0.209683
 4788.000000 12.495975 1.533697 0.196254
 4791.000000 12.534692 1.573824 0.127517
 4794.000000 12.505501 1.580926 0.144997
 4797.000000 12.483993 1.567847 0.136388
 4800.000000 12.503323 1.570946 0.128595
 4803.000000 12.474425 1.544539 0.149235
 4806.000000 12.417790 1.539157 0.135194
 4809.000000 12.415860 1.539602 0.140030
 4812.000000 12.383425 1.537737 0.155862
 4815.000000 12.392368 1.507027 0.148391
 4818.000000 12.437823 1.505027 0.145175
 4821.000000 12.459615 1.509996 0.118128
 4824.000000 12.464818 1.500679 0.152916
 4827.000000 12.458545 1.523416 0.122172
 4830.000000 12.508598 1.528826 0.139822
 4833.000000 12.482389 1.529644 0.137344
 4836.000000 12.508730 1.525345 0.141188
 4839.000000 12.465709 1.526285 0.145813
 4842.000000 12.515129 1.523778 0.159348
 4845.000000 12.519871 1.538853 0.127550
 4848.000000 12.504215 1.520478 0.162455
 4851.000000 12.564637 1.502388 0.186295
 4854.000000 12.477102 1.515811 0.196340
 4857.000000 12.478517 1.550375 0.168804
 4860.000000 12.466414 1.555382 0.139588
 4863.000000 12.548588 1.551567 0.157852
 4866.000000 12.506581 1.541967 0.194344
 4869.000000 12.473635 1.567837 0.168831
 4872.000000 12.490166 1.560904 0.206951
 4875.000000 12.552096 1.541241 0.180077
 4878.000000 12.485283 1.548450 0.143021
 4881.000000 12.400663 1.541143 0.150063
 4884.000000 12.400950 1.535488 0.134030
 4887.000000 12.463176 1.548508 0.120346
 4890.000000 12.497302 1.573342 0.120444
 4893.000000 12.441568 1.569386 0.121316
 4896.000000 12.467662 1.544626 0.142757
 4899.000000 12.534512 1.545725 0.182647
 4902.000000 12.542366 1.565913 0.157021
 4905.000000 12.518084 1.540388 0.154481
 4908.000000 12.548180 1.547909 0.192377
 4911.000000 12.486759 1.542438 0.191042
 4914.000000 12.413562 1.549046 0.159596
 4917.000000 12.399253 1.576149 0.117863
 4920.000000 12.449726 1.570757 0.144097
 4923.000000 12.470312 1.561420 0.137091
 4926.000000 12.314988 1.564235 0.165457
 4929.000000 12.419394 1.566589 0.131445
 4932.000000 12.421264 1.553585 0.156938
 4935.000000 12.408810 1.561041 0.134931
 4938.000000 12.425657 1.569182 0.141012
 4941.000000 12.541319 1.578959 0.148954
 4944.000000 12.446315 1.590379 0.142116
 4947.000000 12.467507 1.572715 0.152271
 4950.000000 12.451489 1.562325 0.154800
 4953.000000 12.521757 1.579383 0.118996
 4956.000000 12.485986 1.603608 0.118000
 4959.000000 12.471817 1.584539 0.137548
 4962.000000 12.516671 1.546418 0.151149
 4965.000000 12.384704 1.562362 0.102217
 4968.000000 12.427618 1.572752 0.080194
 4971.000000 12.372001 1.542045 0.140138
 4974.000000 12.348885 1.556854 0.153067
 4977.000000 12.357038 1.545748 0.173595
 4980.000000 12.359727 1.524494 0.181921
 4983.000000 12.370014 1.539568 0.185307
 4986.000000 12.400995 1.543922 0.194406
 4989.000000 12.444023 1.571000 0.155955
 4992.000000 12.435827 1.553226 0.187048
 4995.000000 12.429834 1.578304 0.145219
 4998.000000 12.509042 1.552416 0.175939
 5001.000000 12.467989 1.549464 0.170717
 5004.000000 12.497585 1.590400 0.130700
 5007.000000 12.494006 1.558370 0.179727
 5010.000000 12.422331 1.541195 0.139882
 5013.000000 12.374282 1.542522 0.154638
 5016.000000 12.363547 1.580051 0.131484
 5019.000000 12.360389 1.540753 0.175289
 5022.000000 12.326236 1.552679 0.167648
 5025.000000 12.366773 1.578917 0.132403
 5028.000000 12.355592 1.534477 0.184960
 5031.000000 12.401916 1.549951 0.181632
 5034.000000 12.364521 1.546436 0.201278
 5037.000000 12.430133 1.547885 0.160974
 5040.000000 12.397951 1.547588 0.145628
 5043.000000 12.288551 1.544937 0.107045
 5046.000000 12.307189 1.566272 0.113989
 5049.000000 12.371663 1.568019 0.117158
 5052.000000 12.450208 1.581958 0.129664
 5055.000000 12.548632 1.560927 0.162923
 5058.000000 12.553536 1.566045 0.149806
 5061.000000 12.536686 1.559203 0.143912
 5064.000000 12.568054 1.572344 0.174901
 5067.000000 12.567782 1.546916 0.167712
 5070.000000 12.569043 1.569371 0.122838
 5073.000000 12.541379 1.572500 0.147623
 5076.000000 12.556543 1.586763 0.137166
 5079.000000 12.553027 1.569981 0.160140
 5082.000000 12.500233 1.594753 0.126148
 5085.000000 12.579255 1.575280 0.158658
 5088.000000 12.497897 1.590317 0.165923
 5091.000000 12.475168 1.581537 0.180357
 5094.000000 12.395876 1.578530 0.194948
 5097.000000 12.459329 1.580915 0.171356
 5100.000000 12.423756 1.622828 0.174372
 5103.000000 12.424953 1.611901 0.162706
 5106.000000 12.407090 1.609341 0.144019
 5109.000000 12.471998 1.613362 0.138166
 5112.000000 12.500680 1.619927 0.120703
 5115.000000 12.496290 1.613766 0.127717
 5118.000000 12.507827 1.596141 0.131260
 5121.000000 12.463010 1.591789 0.156705
 5124.000000 12.491171 1.585546 0.175688
 5127.000000 12.480871 1.575447 0.181275
 5130.000000 12.510651 1.561640 0.200470
 5133.000000 12.419494 1.563551 0.180241
 5136.000000 12.397160 1.555421 0.184309
 5139.000000 12.414468 1.561429 0.200135
 5142.000000 12.409571 1.559775 0.152503
 5145.000000 12.381392 1.581313 0.179188
 5148.000000 12.394018 1.568462 0.158132
 5151.000000 12.388651 1.541498 0.141608
 5154.000000 12.355696 1.572668 0.128457
 5157.000000 12.459963 1.544710 0.180781
 5160.000000 12.464468 1.534209 0.197915
 5163.000000 12.456730 1.534692 0.190995
 5166.000000 12.453879 1.545477 0.179769
 5169.000000 12.497531 1.522718 0.159978
 5172.000000 12.423133 1.544421 0.144943
 5175.000000 12.438286 1.552294 0.146442
 5178.000000 12.429363 1.545349 0.129681
 5181.000000 12.466099 1.533299 0.145013
 5184.000000 12.455433 1.538428 0.127338
 5187.000000 12.432583 1.522907 0.132419
 5190.000000 12.371341 1.512098 0.144111
 5193.000000 12.385687 1.534169 0.116042
 5196.000000 12.401184 1.547604 0.120361
 5199.000000 12.322321 1.570939 0.093687
 5202.000000 12.416624 1.570907 0.080549
 5205.000000 12.444905 1.546892 0.132119
 5208.000000 12.496395 1.569707 0.157669
 5211.000000 12.503804 1.580474 0.132758
 5214.000000 12.504424 1.566847 0.165322
 5217.000000 12.529601 1.591014 0.138180
 5220.000000 12.476358 1.583439 0.130957
 5223.000000 12.478522 1.576446 0.120363
 5226.000000 12.488982 1.561444 0.147904
 5229.000000 12.478762 1.564393 0.136800
 5232.000000 12.420742 1.547528 0.126986
 5235.000000 12.379964 1.539171 0.173369
 5238.000000 12.354938 1.559534 0.157314
 5241.000000 12.381333 1.571370 0.135367
 5244.000000 12.416582 1.588687 0.117521
 5247.000000 12.344491 1.573485 0.130649
 5250.000000 12.423280 1.530428 0.190789
 5253.000000 12.473589 1.534386 0.172784
 5256.000000 12.393005 1.524578 0.181078
 5259.000000 12.478861 1.532534 0.161087
 5262.000000 12.411090 1.554202 0.142001
 5265.000000 12.349022 1.570210 0.105183
 5268.000000 12.343779 1.541450 0.129357
 5271.000000 12.328031 1.534238 0.139321
 5274.000000 12.363795 1.541433 0.123592
 5277.000000 12.343567 1.522675 0.109484
 5280.000000 12.374077 1.508417 0.115664
 5283.000000 12.348964 1.498387 0.107892
 5286.000000 12.376736 1.514063 0.083115
 5289.000000 12.385729 1.506187 0.086478
 5292.000000 12.420904 1.478101 0.125282
 5295.000000 12.396963 1.481493 0.094373
 5298.000000 12.311407 1.489204 0.098077
 5301.000000 12.357767 1.481245 0.112375
 5304.000000 12.315333 1.484839 0.094212
 5307.000000 12.352605 1.493446 0.112954
 5310.000000 12.284958 1.505268 0.107239
 5313.000000 12.277537 1.527665 0.108928
 5316.000000 12.262411 1.482396 0.164098
 5319.000000 12.310265 1.505738 0.166088
 5322.000000 12.422362 1.519201 0.139457
 5325.000000 12.356110 1.513075 0.124140
 5328.000000 12.336563 1.537831 0.106545
 5331.000000 12.317466 1.560578 0.076170
 5334.000000 12.296879 1.549968 0.097357
 5337.000000 12.310637 1.541169 0.115088
 5340.000000 12.292573 1.546250 0.126857
 5343.000000 12.316389 1.509954 0.129305
 5346.000000 12.331140 1.546968 0.102315
 5349.000000 12.276751 1.583429 0.099854
 5352.000000 12.250981 1.570298 0.093811
 5355.000000 12.278024 1.564552 0.119859
 5358.000000 12.265858 1.559440 0.123417
 5361.000000 12.321651 1.579431 0.080045
 5364.000000 12.317345 1.548298 0.121947
 5367.000000 12.278404 1.577703 0.084202
 5370.000000 12.338894 1.542448 0.121532
 5373.000000 12.315370 1.564716 0.145531
 5376.000000 12.293679 1.564406 0.152277
 5379.000000 12.321365 1.576620 0.107725
 5382.000000 12.334520 1.577667 0.100026
 5385.000000 12.329388 1.569556 0.100208
 5388.000000 12.337640 1.576061 0.121755
 5391.000000 12.295195 1.525898 0.192653
 5394.000000 12.323093 1.527560 0.155687
 5397.000000 12.303119 1.554532 0.150475
 5400.000000 12.301336 1.558644 0.144847
 5403.000000 12.350987 1.565463 0.155483
 5406.000000 12.366797 1.570300 0.148541
 5409.000000 12.427522 1.580965 0.145664
 5412.000000 12.417447 1.591772 0.111821
 5415.000000 12.409643 1.587423 0.098972
 5418.000000 12.350112 1.561484 0.130111
 5421.000000 12.362016 1.560771 0.126382
 5424.000000 12.330332 1.571434 0.139957
 5427.000000 12.398397 1.526326 0.194230
 5430.000000 12.371480 1.523671 0.172537
 5433.000000 12.407702 1.530032 0.192449
 5436.000000 12.355287 1.530053 0.184356
 5439.000000 12.469495 1.523851 0.153750
 5442.000000 12.401899 1.540337 0.126135
 5445.000000 12.369214 1.507877 0.162756
 5448.000000 12.368268 1.516231 0.162671
 5451.000000 12.330085 1.531211 0.192777
 5454.000000 12.328057 1.504947 0.204892
 5457.000000 12.346715 1.529371 0.200723
 5460.000000 12.358365 1.512893 0.187164
 5463.000000 12.381737 1.533380 0.183357
 5466.000000 12.343526 1.509789 0.184922
 5469.000000 12.334155 1.513774 0.159591
 5472.000000 12.328370 1.526138 0.143930
 5475.000000 12.345531 1.532197 0.150897
 5478.000000 12.330497 1.532759 0.177586
 5481.000000 12.292701 1.524904 0.165948
 5484.000000 12.347363 1.543526 0.139408
 5487.000000 12.350692 1.552850 0.130519
 5490.000000 12.363702 1.567772 0.131063
 5493.000000 12.326076 1.567345 0.137492
 5496.000000 12.315713 1.575652 0.085372
 5499.000000 12.324042 1.566667 0.115555
 5502.000000 12.382388 1.548816 0.145357
 5505.000000 12.359767 1.551345 0.148050
 5508.000000 12.265605 1.549018 0.170027
 5511.000000 12.287445 1.579351 0.121467
 5514.000000 12.269955 1.564283 0.139925
 5517.000000 12.291213 1.572605 0.146192
 5520.000000 12.335202 1.561005 0.185255
 5523.000000 12.343250 1.615787 0.144429
 5526.000000 12.302014 1.602501 0.171858
 5529.000000 12.328731 1.604693 0.154266
 5532.000000 12.356022 1.584588 0.168307
 5535.000000 12.426519 1.603304 0.138961
 5538.000000 12.350669 1.561892 0.191290
 5541.000000 12.295965 1.570655 0.157235
 5544.000000 12.296708 1.530375 0.197232
 5547.000000 12.365071 1.572887 0.173118
 5550.000000 12.354286 1.570167 0.185075
 5553.000000 12.417254 1.547746 0.205319
 5556.000000 12.390572 1.574307 0.166583
 5559.000000 12.482597 1.550961 0.196249
 5562.000000 12.498176 1.566742 0.158438
 5565.000000 12.514548 1.572743 0.154747
 5568.000000 12.591302 1.568817 0.163082
 5571.000000 12.563565 1.571777 0.138940
 5574.000000 12.549116 1.570411 0.171943
 5577.000000 12.492264 1.527163 0.181306
 5580.000000 12.517783 1.527646 0.176305
 5583.000000 12.513759 1.560509 0.164094
 5586.000000 12.508310 1.530891 0.170576
 5589.000000 12.439474 1.564290 0.101713
 5592.000000 12.479906 1.573219 0.099684
 5595.000000 12.476820 1.567056 0.087658
 5598.000000 12.491783 1.559694 0.098861
 5601.000000 12.438018 1.586747 0.069586
 5604.000000 12.476328 1.553935 0.136678
 5607.000000 12.392558 1.557724 0.119076
 5610.000000 12.426999 1.543310 0.148621
 5613.000000 12.400679 1.565193 0.134430
 5616.000000 12.449016 1.543284 0.156914
 5619.000000 12.573747 1.544342 0.178439
 5622.000000 12.528384 1.559591 0.170206
 5625.000000 12.572544 1.539954 0.176999
 5628.000000 12.496362 1.558553 0.158865
 5631.000000 12.517891 1.564134 0.128222
 5634.000000 12.580662 1.537847 0.173262
 5637.000000 12.562443 1.551571 0.155883
 5640.000000 12.549013 1.537304 0.190582
 5643.000000 12.477313 1.545378 0.148807
 5646.000000 12.530800 1.541410 0.162874
 5649.000000 12.514325 1.538654 0.147449
 5652.000000 12.476239 1.581002 0.146774
 5655.000000 12.453109 1.584885 0.118136
 5658.000000 12.458794 1.562654 0.143629
 5661.000000 12.455272 1.548421 0.163064
 5664.000000 12.464631 1.567223 0.154366
 5667.000000 12.442657 1.571461 0.144245
 5670.000000 12.422802 1.579085 0.107872
 5673.000000 12.386143 1.557456 0.118897
 5676.000000 12.519952 1.532919 0.173042
 5679.000000 12.577294 1.563858 0.149121
 5682.000000 12.600366 1.532667 0.175549
 5685.000000 12.575948 1.533965 0.154400
 5688.000000 12.575312 1.522982 0.165160
 5691.000000 12.508922 1.528409 0.123812
 5694.000000 12.488001 1.501057 0.179895
 5697.000000 12.608810 1.518325 0.128810
 5700.000000 12.509199 1.510381 0.128947
 5703.000000 12.442385 1.500171 0.119119
 5706.000000 12.527832 1.535891 0.096543
 5709.000000 12.517231 1.545256 0.105965
 5712.000000 12.464043 1.553610 0.090043
 5715.000000 12.494121 1.521964 0.092406
 5718.000000 12.521653 1.534085 0.122659
 5721.000000 12.499345 1.537802 0.127456
 5724.000000 12.561121 1.530953 0.108821
 5727.000000 12.578048 1.512879 0.155711
 5730.000000 12.533444 1.495797 0.154195
 5733.000000 12.528629 1.489151 0.154691
 5736.000000 12.544190 1.500234 0.144530
 5739.000000 12.619395 1.477487 0.156391
 5742.000000 12.511242 1.488538 0.148867
 5745.000000 12.587280 1.506258 0.153421
 5748.000000 12.614720 1.484957 0.175959
 5751.000000 12.674981 1.531483 0.123270
 5754.000000 12.664520 1.523818 0.138975
 5757.000000 12.616591 1.509800 0.132328
 5760.000000 12.629517 1.477706 0.155893
 5763.000000 12.631374 1.492670 0.162240
 5766.000000 12.556333 1.505840 0.138899
 5769.000000 12.504429 1.485565 0.138563
 5772.000000 12.452127 1.495854 0.127676
 5775.000000 12.496434 1.493659 0.164761
 5778.000000 12.484992 1.485484 0.177219
 5781.000000 12.496587 1.530120 0.139759
 5784.000000 12.518407 1.514115 0.125167
 5787.000000 12.460290 1.539906 0.155028
 5790.000000 12.470292 1.537282 0.170508
 5793.000000 12.467959 1.550412 0.141245
 5796.000000 12.447776 1.558772 0.141121
 5799.000000 12.471182 1.550680 0.148577
 5802.000000 12.511781 1.549744 0.166077
 5805.000000 12.514718 1.570697 0.107918
 5808.000000 12.443697 1.570004 0.116759
 5811.000000 12.549374 1.573847 0.111103
 5814.000000 12.549499 1.573355 0.136212
 5817.000000 12.516634 1.546725 0.157199
 5820.000000 12.463009 1.528026 0.164435
 5823.000000 12.531345 1.560047 0.148075
 5826.000000 12.516692 1.558408 0.159712
 5829.000000 12.567244 1.579811 0.112885
 5832.000000 12.619477 1.544560 0.148308
 5835.000000 12.547783 1.547782 0.159658
 5838.000000 12.573506 1.583420 0.099454
 5841.000000 12.615412 1.573545 0.111310
 5844.000000 12.581121 1.564464 0.142651
 5847.000000 12.655942 1.539418 0.123743
 5850.000000 12.640574 1.532774 0.133583
 5853.000000 12.541627 1.539350 0.122323
 5856.000000 12.509364 1.534560 0.087467
 5859.000000 12.378559 1.543691 0.128990
 5862.000000 12.508979 1.507167 0.150082
 5865.000000 12.489843 1.505012 0.149119
 5868.000000 12.515579 1.515370 0.137094
 5871.000000 12.463392 1.534494 0.136307
 5874.000000 12.436644 1.548621 0.084736
 5877.000000 12.370241 1.552122 0.111755
 5880.000000 12.450829 1.529974 0.155965
 5883.000000 12.425515 1.548650 0.130293
 5886.000000 12.453300 1.563763 0.136217
 5889.000000 12.383092 1.529262 0.165226
 5892.000000 12.381973 1.523860 0.127860
 5895.000000 12.383414 1.521144 0.148247
 5898.000000 12.398113 1.529255 0.145963
 5901.000000 12.350561 1.525362 0.117411
 5904.000000 12.303892 1.520801 0.171663
 5907.000000 12.299615 1.541442 0.164514
 5910.000000 12.330270 1.544153 0.138729
 5913.000000 12.315405 1.511547 0.189409
 5916.000000 12.299433 1.511822 0.159436
 5919.000000 12.356164 1.519975 0.131767
 5922.000000 12.326763 1.562806 0.105604
 5925.000000 12.407309 1.536966 0.122551
 5928.000000 12.466649 1.536379 0.143231
 5931.000000 12.485737 1.552827 0.148315
 5934.000000 12.425307 1.536275 0.119980
 5937.000000 12.442085 1.552510 0.109497
 5940.000000 12.396874 1.531718 0.110204
 5943.000000 12.466305 1.547825 0.139291
 5946.000000 12.333806 1.523154 0.094608
 5949.000000 12.342793 1.522956 0.115432
 5952.000000 12.386359 1.521199 0.137270
 5955.000000 12.460873 1.522220 0.129976
 5958.000000 12.399076 1.549850 0.137516
 5961.000000 12.309603 1.549909 0.099590
 5964.000000 12.418794 1.539765 0.128087
 5967.000000 12.338002 1.515476 0.155379
 5970.000000 12.334668 1.538715 0.126484
 5973.000000 12.494167 1.537814 0.140763
 5976.000000 12.447592 1.579053 0.082983
 5979.000000 12.358874 1.541577 0.162375
 5982.000000 12.371866 1.532524 0.187304
 5985.000000 12.479808 1.534131 0.179386
 5988.000000 12.429499 1.556094 0.173917
 5991.000000 12.410214 1.579425 0.162818
 5994.000000 12.433484 1.571587 0.144834
 5997.000000 12.368228 1.549348 0.153472
 6000.000000 12.391578 1.516896 0.198305
 6003.000000 12.401021 1.549935 0.146886
 6006.000000 12.364937 1.526806 0.155416
 6009.000000 12.302340 1.523435 0.180705
 6012.000000 12.306211 1.552848 0.181333
 6015.000000 12.368587 1.542909 0.192055
 6018.000000 12.338140 1.565248 0.163654
 6021.000000 12.261978 1.573488 0.102283
 6024.000000 12.355678 1.573891 0.146186
 6027.000000 12.358373 1.579435 0.149080
 6030.000000 12.348782 1.561906 0.161096
 6033.000000 12.329519 1.561809 0.155787
 6036.000000 12.256206 1.563303 0.141669
 6039.000000 12.221851 1.561186 0.151976
 6042.000000 12.169287 1.554280 0.156180
 6045.000000 12.271520 1.547890 0.131759
 6048.000000 12.219277 1.555262 0.117267
 6051.000000 12.174932 1.567238 0.127288
 6054.000000 12.276648 1.562284 0.119448
 6057.000000 12.221894 1.538671 0.151995
 6060.000000 12.404736 1.542979 0.129459
 6063.000000 12.385020 1.557230 0.171555
 6066.000000 12.373886 1.581415 0.145430
 6069.000000 12.351250 1.581572 0.153526
 6072.000000 12.342593 1.602097 0.136487
 6075.000000 12.326459 1.592067 0.127710
 6078.000000 12.349157 1.594692 0.133714
 6081.000000 12.327932 1.605244 0.131554
 6084.000000 12.433036 1.573299 0.125088
 6087.000000 12.403964 1.559426 0.142789
 6090.000000 12.367037 1.586773 0.099905
 6093.000000 12.391891 1.566211 0.135724
 6096.000000 12.426863 1.552654 0.132647
 6099.000000 12.406718 1.549165 0.113525
 6102.000000 12.343213 1.558470 0.128933
 6105.000000 12.223867 1.557677 0.148670
 6108.000000 12.297864 1.585002 0.127028
 6111.000000 12.341211 1.566089 0.158344
 6114.000000 12.401617 1.578524 0.142296
 6117.000000 12.366835 1.583605 0.127747
 6120.000000 12.312657 1.557871 0.145698
 6123.000000 12.288471 1.570212 0.096957
 6126.000000 12.336139 1.547556 0.139363
 6129.000000 12.367116 1.540365 0.121128
 6132.000000 12.364875 1.523047 0.137196
 6135.000000 12.377347 1.525073 0.127180
 6138.000000 12.314087 1.491259 0.159908
 6141.000000 12.368260 1.533344 0.126895
 6144.000000 12.376670 1.521672 0.130512
 6147.000000 12.382186 1.523135 0.122149
 6150.000000 12.455002 1.526900 0.188728
 6153.000000 12.451342 1.547314 0.153514
 6156.000000 12.299053 1.531730 0.174929
 6159.000000 12.330049 1.523994 0.206269
 6162.000000 12.322742 1.518443 0.190121
 6165.000000 12.305437 1.533028 0.151607
 6168.000000 12.377736 1.518902 0.177191
 6171.000000 12.289680 1.510201 0.189631
 6174.000000 12.320553 1.514969 0.196490
 6177.000000 12.322149 1.531805 0.169919
 6180.000000 12.347541 1.532552 0.159167
 6183.000000 12.309264 1.552235 0.126058
 6186.000000 12.218881 1.534824 0.186448
 6189.000000 12.315916 1.553999 0.212368
 6192.000000 12.340465 1.562584 0.170425
 6195.000000 12.310193 1.565088 0.158306
 6198.000000 12.336912 1.571558 0.156243
 6201.000000 12.395387 1.562288 0.159164
 6204.000000 12.398413 1.549134 0.150829
 6207.000000 12.299340 1.594349 0.135665
 6210.000000 12.297391 1.553047 0.141646
 6213.000000 12.316623 1.542358 0.192720
 6216.000000 12.342676 1.553162 0.161682
 6219.000000 12.363962 1.576846 0.123304
 6222.000000 12.434197 1.578960 0.116643
 6225.000000 12.497211 1.554983 0.139284
 6228.000000 12.479713 1.551655 0.152956
 6231.000000 12.495359 1.551560 0.176176
 6234.000000 12.428379 1.587810 0.143939
 6237.000000 12.414037 1.578097 0.149642
 6240.000000 12.462048 1.599595 0.108398
 6243.000000 12.480749 1.585423 0.105627
 6246.000000 12.432133 1.601462 0.107762
 6249.000000 12.422147 1.574858 0.108578
 6252.000000 12.503635 1.593660 0.109958
 6255.000000 12.406257 1.578126 0.145622
 6258.000000 12.423646 1.570815 0.135063
 6261.000000 12.466709 1.614092 0.103595
 6264.000000 12.395264 1.599776 0.129446
 6267.000000 12.425872 1.581780 0.150681
 6270.000000 12.376614 1.580846 0.129708
 6273.000000 12.364314 1.569431 0.146343
 6276.000000 12.426261 1.559264 0.131393
 6279.000000 12.480731 1.559893 0.128937
 6282.000000 12.496788 1.571203 0.102180
 6285.000000 12.435939 1.555147 0.103357
 6288.000000 12.516897 1.564212 0.110015
 6291.000000 12.469075 1.563897 0.146640
 6294.000000 12.449579 1.575303 0.099875
 6297.000000 12.440046 1.553277 0.119308
 6300.000000 12.395773 1.567944 0.115231
 6303.000000 12.408324 1.554839 0.144256
 6306.000000 12.387128 1.564185 0.122214
 6309.000000 12.281246 1.566688 0.122964
 6312.000000 12.371558 1.555670 0.134996
 6315.000000 12.489976 1.582803 0.115120
 6318.000000 12.541124 1.554763 0.120927
 6321.000000 12.440551 1.572924 0.109797
 6324.000000 12.435476 1.562135 0.141874
 6327.000000 12.455896 1.559205 0.160342
 6330.000000 12.407705 1.568519 0.141049
 6333.000000 12.362401 1.598480 0.119847
 6336.000000 12.399007 1.593835 0.109556
 6339.000000 12.474188 1.565991 0.124202
 6342.000000 12.463767 1.579171 0.128727
 6345.000000 12.443168 1.577920 0.113643
 6348.000000 12.419762 1.549954 0.141009
 6351.000000 12.509036 1.568336 0.129582
 6354.000000 12.536934 1.572903 0.117390
 6357.000000 12.548331 1.540143 0.151907
 6360.000000 12.526000 1.578315 0.127793
 6363.000000 12.595559 1.585789 0.124676
 6366.000000 12.533691 1.577330 0.138945
 6369.000000 12.489924 1.589279 0.112365
 6372.000000 12.590079 1.598779 0.125365
 6375.000000 12.585717 1.597330 0.098282
 6378.000000 12.541401 1.566741 0.122359
 6381.000000 12.564524 1.552381 0.131312
 6384.000000 12.532027 1.537462 0.130637
 6387.000000 12.493678 1.531497 0.134892
 6390.000000 12.470027 1.548107 0.109410
 6393.000000 12.406980 1.538118 0.144227
 6396.000000 12.399590 1.524435 0.136330
 6399.000000 12.470491 1.511084 0.166088
 6402.000000 12.450247 1.566386 0.130429
 6405.000000 12.480689 1.558503 0.139609
 6408.000000 12.505412 1.572556 0.125253
 6411.000000 12.550375 1.598406 0.143833
 6414.000000 12.475867 1.584127 0.161003
 6417.000000 12.466532 1.584693 0.160815
 6420.000000 12.432195 1.586702 0.170413
 6423.000000 12.397863 1.589670 0.159918
 6426.000000 12.412159 1.604153 0.174586
 6429.000000 12.428929 1.611732 0.145910
 6432.000000 12.410711 1.601315 0.139446
 6435.000000 12.455999 1.577620 0.124224
 6438.000000 12.418652 1.596018 0.130678
 6441.000000 12.401007 1.592805 0.116802
 6444.000000 12.448946 1.558628 0.134014
 6447.000000 12.427299 1.536559 0.134689
 6450.000000 12.444406 1.544131 0.115415
 6453.000000 12.465163 1.546615 0.139662
 6456.000000 12.443672 1.544377 0.131117
 6459.000000 12.486927 1.536084 0.155517
 6462.000000 12.476395 1.558077 0.148446
 6465.000000 12.457181 1.556699 0.147936
 6468.000000 12.404463 1.583779 0.138793
 6471.000000 12.454961 1.558511 0.135277
 6474.000000 12.386323 1.541439 0.130960
 6477.000000 12.364014 1.576454 0.119526
 6480.000000 12.342948 1.569991 0.117028
 6483.000000 12.340878 1.579289 0.091824
 6486.000000 12.326317 1.588603 0.078386
 6489.000000 12.413467 1.553970 0.108968
 6492.000000 12.384226 1.577091 0.121257
 6495.000000 12.374040 1.584893 0.123595
 6498.000000 12.354811 1.581711 0.107191
 6501.000000 12.397253 1.555488 0.140812
 6504.000000 12.532520 1.563759 0.133585
 6507.000000 12.481955 1.568240 0.088173
 6510.000000 12.495563 1.522510 0.093588
 6513.000000 12.491721 1.534084 0.110588
 6516.000000 12.503844 1.551998 0.113732
 6519.000000 12.491265 1.552282 0.106884
 6522.000000 12.495949 1.549250 0.080314
 6525.000000 12.466773 1.570643 0.068002
 6528.000000 12.413609 1.557994 0.065591
 6531.000000 12.455280 1.575732 0.098457
 6534.000000 12.525309 1.565822 0.083952
 6537.000000 12.547980 1.585028 0.106718
 6540.000000 12.471579 1.585154 0.129626
 6543.000000 12.439150 1.535030 0.109306
 6546.000000 12.438097 1.542070 0.128385
 6549.000000 12.541971 1.546373 0.142940
 6552.000000 12.625744 1.529562 0.122538
 6555.000000 12.575938 1.526560 0.142146
 6558.000000 12.569952 1.517487 0.117423
 6561.000000 12.554384 1.503275 0.126882
 6564.000000 12.458846 1.506296 0.145140
 6567.000000 12.466556 1.479242 0.163869
 6570.000000 12.464915 1.504750 0.151331
 6573.000000 12.378287 1.509273 0.175972
 6576.000000 12.405517 1.483852 0.197970
 6579.000000 12.395987 1.518072 0.173271
 6582.000000 12.498742 1.504415 0.147868
 6585.000000 12.446443 1.481061 0.148836
 6588.000000 12.450647 1.493258 0.116556
 6591.000000 12.452915 1.488973 0.076667
 6594.000000 12.351736 1.511008 0.060841
 6597.000000 12.386396 1.536041 0.099687
 6600.000000 12.357848 1.528172 0.090597
 6603.000000 12.367044 1.526448 0.081108
 6606.000000 12.458726 1.525618 0.078079
 6609.000000 12.485835 1.508632 0.063314
 6612.000000 12.526432 1.517185 0.097994
 6615.000000 12.547180 1.527548 0.087797
 6618.000000 12.515590 1.529132 0.122830
 6621.000000 12.558113 1.520428 0.105943
 6624.000000 12.551508 1.541151 0.092614
 6627.000000 12.438609 1.577018 0.086995
 6630.000000 12.376747 1.558757 0.031804
 6633.000000 12.360429 1.546514 0.090621
 6636.000000 12.325872 1.556529 0.062741
 6639.000000 12.262465 1.550447 0.087786
 6642.000000 12.319125 1.553826 0.063977
 6645.000000 12.394896 1.546269 0.057694
 6648.000000 12.339482 1.541250 0.102921
 6651.000000 12.298022 1.534633 0.110693
 6654.000000 12.327191 1.577621 0.116941
 6657.000000 12.276195 1.584203 0.115319
 6660.000000 12.205524 1.560434 0.114697
 6663.000000 12.212700 1.572069 0.105148
 6666.000000 12.101571 1.555224 0.122645
 6669.000000 12.087277 1.558901 0.093042
 6672.000000 12.246592 1.567294 0.132872
 6675.000000 12.264735 1.596575 0.098059
 6678.000000 12.272228 1.567231 0.132583
 6681.000000 12.327401 1.564741 0.120344
 6684.000000 12.367565 1.563680 0.115344
 6687.000000 12.409650 1.540686 0.134204
 6690.000000 12.449496 1.559990 0.078471
 6693.000000 12.402732 1.548025 0.087507
 6696.000000 12.411833 1.549156 0.082809
 6699.000000 12.364633 1.539149 0.078445
 6702.000000 12.479267 1.548074 0.099341
 6705.000000 12.369901 1.581204 0.075090
 6708.000000 12.393990 1.576595 0.076876
 6711.000000 12.383377 1.586905 0.063191
 6714.000000 12.380408 1.576932 0.097566
 6717.000000 12.465147 1.578161 0.120963
 6720.000000 12.524444 1.594158 0.065217
 6723.000000 12.550547 1.584412 0.122994
 6726.000000 12.596190 1.583219 0.097901
 6729.000000 12.506910 1.594195 0.101020
 6732.000000 12.470025 1.576097 0.135408
 6735.000000 12.522618 1.585088 0.093625
 6738.000000 12.585181 1.586105 0.140237
 6741.000000 12.590593 1.567190 0.136019
 6744.000000 12.587438 1.547209 0.144171
 6747.000000 12.609435 1.535757 0.150517
 6750.000000 12.673176 1.519369 0.132655
 6753.000000 12.671092 1.507134 0.172909
 6756.000000 12.609209 1.515179 0.155984
 6759.000000 12.618754 1.548588 0.116594
 6762.000000 12.631175 1.529519 0.139017
 6765.000000 12.631151 1.545615 0.104535
 6768.000000 12.602770 1.553535 0.041917
 6771.000000 12.594743 1.577958 0.022093
 6774.000000 12.554464 1.562190 0.064219
 6777.000000 12.610495 1.556503 0.065268
 6780.000000 12.470665 1.570275 0.068548
 6783.000000 12.628729 1.543270 0.126060
 6786.000000 12.648933 1.574078 0.117279
 6789.000000 12.599690 1.571835 0.110744
 6792.000000 12.525995 1.589416 0.127764
 6795.000000 12.634595 1.601355 0.109994
 6798.000000 12.611518 1.591132 0.148256
 6801.000000 12.593703 1.593793 0.133895
 6804.000000 12.603195 1.600056 0.110359
 6807.000000 12.596643 1.582687 0.113280
 6810.000000 12.606558 1.566532 0.102968
 6813.000000 12.496551 1.577196 0.110750
 6816.000000 12.534333 1.587438 0.097378
 6819.000000 12.520965 1.563090 0.093874
 6822.000000 12.499678 1.569506 0.087094
 6825.000000 12.550876 1.563532 0.077907
 6828.000000 12.560297 1.562630 0.083660
 6831.000000 12.560285 1.576832 0.090235
 6834.000000 12.535078 1.548438 0.132543
 6837.000000 12.569671 1.564391 0.087191
 6840.000000 12.537984 1.536325 0.127264
 6843.000000 12.492793 1.525556 0.114312
 6846.000000 12.444271 1.542951 0.151287
 6849.000000 12.382118 1.539727 0.141634
 6852.000000 12.429261 1.575075 0.145548
 6855.000000 12.457708 1.569937 0.151959
 6858.000000 12.416094 1.587978 0.158438
 6861.000000 12.443767 1.581885 0.165132
 6864.000000 12.546267 1.567778 0.143761
 6867.000000 12.509992 1.620513 0.137815
 6870.000000 12.497294 1.612132 0.141866
 6873.000000 12.465093 1.568538 0.143917
 6876.000000 12.449704 1.579803 0.118840
 6879.000000 12.469833 1.580431 0.118155
 6882.000000 12.377686 1.554065 0.168832
 6885.000000 12.357302 1.557999 0.156298
 6888.000000 12.334504 1.568104 0.132476
 6891.000000 12.323418 1.532236 0.143172
 6894.000000 12.273961 1.513008 0.166263
 6897.000000 12.245005 1.548542 0.117810
 6900.000000 12.308899 1.541476 0.103368
 6903.000000 12.386118 1.531644 0.132004
 6906.000000 12.383666 1.529609 0.129964
 6909.000000 12.392613 1.543448 0.092598
 6912.000000 12.345832 1.535923 0.108312
 6915.000000 12.336854 1.506141 0.111954
 6918.000000 12.331322 1.538350 0.106228
 6921.000000 12.380400 1.544633 0.105407
 6924.000000 12.392951 1.553640 0.096243
 6927.000000 12.370328 1.532252 0.112941
 6930.000000 12.320296 1.552040 0.081366
 6933.000000 12.340403 1.531325 0.118446
 6936.000000 12.426241 1.566484 0.119573
 6939.000000 12.447343 1.553590 0.133334
 6942.000000 12.398292 1.560594 0.111378
 6945.000000 12.382850 1.544321 0.129342
 6948.000000 12.406214 1.552304 0.136119
 6951.000000 12.354947 1.561535 0.104671
 6954.000000 12.281164 1.544520 0.134212
 6957.000000 12.325682 1.544459 0.114026
 6960.000000 12.304337 1.541777 0.110350
 6963.000000 12.316245 1.548588 0.106608
 6966.000000 12.279911 1.535499 0.160267
 6969.000000 12.235675 1.549663 0.150202
 6972.000000 12.144392 1.573283 0.103245
 6975.000000 12.228114 1.579069 0.110737
 6978.000000 12.249392 1.567061 0.140234
 6981.000000 12.262165 1.541605 0.125304
 6984.000000 12.273068 1.586389 0.111290
 6987.000000 12.356292 1.576126 0.126790
 6990.000000 12.401251 1.552169 0.146422
 6993.000000 12.306589 1.550313 0.156330
 6996.000000 12.310048 1.551908 0.143794
 6999.000000 12.360976 1.529289 0.162760
 7002.000000 12.426686 1.526610 0.162818
 7005.000000 12.375182 1.552604 0.127351
 7008.000000 12.293808 1.523916 0.138988
 7011.000000 12.375579 1.536097 0.120663
 7014.000000 12.287326 1.523923 0.108952
 7017.000000 12.275837 1.507807 0.097741
 7020.000000 12.251447 1.466755 0.172118
 7023.000000 12.216341 1.521496 0.105465
 7026.000000 12.318481 1.503948 0.158986
 7029.000000 12.312844 1.527291 0.136981
 7032.000000 12.292646 1.498670 0.159316
 7035.000000 12.326809 1.494729 0.160334
 7038.000000 12.377148 1.522502 0.155500
 7041.000000 12.394470 1.540196 0.154147
 7044.000000 12.347721 1.537371 0.143102
 7047.000000 12.414676 1.539898 0.109740
 7050.000000 12.349001 1.533306 0.152538
 7053.000000 12.364775 1.525585 0.126308
 7056.000000 12.329816 1.528534 0.129720
 7059.000000 12.344978 1.528995 0.123239
 7062.000000 12.310025 1.516840 0.106144
 7065.000000 12.272344 1.507224 0.111809
 7068.000000 12.242587 1.535301 0.106062
 7071.000000 12.290323 1.502356 0.168691
 7074.000000 12.311964 1.537622 0.112285
 7077.000000 12.269877 1.520268 0.126620
 7080.000000 12.314215 1.515069 0.150655
 7083.000000 12.345357 1.549881 0.106358
 7086.000000 12.347465 1.536727 0.101783
 7089.000000 12.305721 1.548591 0.103155
 7092.000000 12.383618 1.579532 0.088153
 7095.000000 12.344208 1.555346 0.090770
 7098.000000 12.404678 1.583860 0.081523
 7101.000000 12.375048 1.548753 0.141731
 7104.000000 12.365266 1.546595 0.134704
 7107.000000 12.411863 1.534426 0.128187
 7110.000000 12.457200 1.526716 0.132127
 7113.000000 12.410214 1.541426 0.126869
 7116.000000 12.407021 1.571074 0.107155
 7119.000000 12.427537 1.579956 0.086226
 7122.000000 12.395002 1.543165 0.132812
 7125.000000 12.433076 1.548189 0.109269
 7128.000000 12.481885 1.520097 0.124753
 7131.000000 12.422960 1.497460 0.164108
 7134.000000 12.443007 1.504573 0.172141
 7137.000000 12.482293 1.521535 0.083939
 7140.000000 12.409302 1.560191 0.127546
 7143.000000 12.461070 1.549854 0.160655
 7146.000000 12.417394 1.558855 0.139945
 7149.000000 12.425943 1.568078 0.120722
 7152.000000 12.370200 1.558580 0.133163
 7155.000000 12.391174 1.562733 0.157635
 7158.000000 12.481018 1.548864 0.114274
 7161.000000 12.463317 1.558480 0.135660
 7164.000000 12.436145 1.574227 0.105974
 7167.000000 12.540208 1.545076 0.120906
 7170.000000 12.466330 1.538721 0.085214
 7173.000000 12.505854 1.561605 0.087811
 7176.000000 12.502744 1.540293 0.122518
 7179.000000 12.565152 1.562048 0.108465
 7182.000000 12.539380 1.550094 0.110388
 7185.000000 12.571412 1.562868 0.080362
 7188.000000 12.616672 1.535480 0.066849
 7191.000000 12.589395 1.535484 0.116098
 7194.000000 12.526194 1.549712 0.117971
 7197.000000 12.585876 1.560363 0.053294
 7200.000000 12.543451 1.542117 0.115481
 7203.000000 12.630698 1.544674 0.126363
 7206.000000 12.602472 1.526003 0.136686
 7209.000000 12.578864 1.553360 0.151242
 7212.000000 12.595282 1.533920 0.169350
 7215.000000 12.462682 1.543435 0.115196
 7218.000000 12.470116 1.523034 0.114147
 7221.000000 12.459040 1.518528 0.182903
 7224.000000 12.456868 1.535030 0.139406
 7227.000000 12.430169 1.539792 0.152470
 7230.000000 12.459116 1.554757 0.162607
 7233.000000 12.406076 1.567054 0.153060
 7236.000000 12.424928 1.529455 0.212865
 7239.000000 12.362911 1.539354 0.149405
 7242.000000 12.385216 1.549994 0.161568
 7245.000000 12.428996 1.539436 0.159863
 7248.000000 12.442540 1.542633 0.162088
 7251.000000 12.407306 1.564976 0.194221
 7254.000000 12.431605 1.564175 0.191968
 7257.000000 12.390832 1.532178 0.179749
 7260.000000 12.389095 1.552930 0.139945
 7263.000000 12.544484 1.550268 0.136091
 7266.000000 12.554831 1.573588 0.104579
 7269.000000 12.507647 1.553728 0.151189
 7272.000000 12.479438 1.557634 0.151467
 7275.000000 12.468467 1.561351 0.168368
 7278.000000 12.492901 1.569466 0.150438
 7281.000000 12.500549 1.584568 0.163149
 7284.000000 12.412974 1.584856 0.180318
 7287.000000 12.442828 1.596455 0.155961
 7290.000000 12.446799 1.589239 0.116206
 7293.000000 12.418606 1.595089 0.172779
 7296.000000 12.422442 1.563534 0.134265
 7299.000000 12.442892 1.576597 0.128117
 7302.000000 12.455764 1.575639 0.130944
 7305.000000 12.472971 1.591856 0.137614
 7308.000000 12.523139 1.597771 0.166458
 7311.000000 12.475044 1.559917 0.158533
 7314.000000 12.419690 1.547039 0.149618
 7317.000000 12.396764 1.546913 0.121418
 7320.000000 12.412760 1.553284 0.119678
 7323.000000 12.348223 1.560051 0.125401
 7326.000000 12.338842 1.515723 0.121701
 7329.000000 12.330459 1.556123 0.087367
 7332.000000 12.287814 1.565249 0.129801
 7335.000000 12.280426 1.537739 0.073283
 7338.000000 12.287577 1.551292 0.078469
 7341.000000 12.245054 1.542449 0.113309
 7344.000000 12.214775 1.539218 0.122430
 7347.000000 12.286204 1.511336 0.105277
 7350.000000 12.300580 1.532171 0.102983
 7353.000000 12.448160 1.526430 0.065139
 7356.000000 12.449076 1.540927 0.091321
 7359.000000 12.364157 1.551966 0.108032
 7362.000000 12.363871 1.559937 0.122664
 7365.000000 12.311871 1.571567 0.154308
 7368.000000 12.348888 1.542344 0.126909
 7371.000000 12.389589 1.554852 0.147257
 7374.000000 12.387303 1.531645 0.132134
 7377.000000 12.439987 1.554256 0.159434
 7380.000000 12.394867 1.566277 0.162291
 7383.000000 12.384195 1.572380 0.164178
 7386.000000 12.465617 1.581688 0.143660
 7389.000000 12.433325 1.559319 0.101000
 7392.000000 12.370640 1.604329 0.108146
 7395.000000 12.361388 1.603787 0.103942
 7398.000000 12.401767 1.567540 0.084687
 7401.000000 12.385759 1.571316 0.092912
 7404.000000 12.498492 1.554722 0.061486
 7407.000000 12.491220 1.537294 0.058391
 7410.000000 12.567372 1.555012 0.054647
 7413.000000 12.583290 1.558646 0.067434
 7416.000000 12.609014 1.559163 0.094416
 7419.000000 12.560669 1.524300 0.064883
 7422.000000 12.621577 1.501024 0.073188
 7425.000000 12.496401 1.513325 0.058536
 7428.000000 12.394046 1.485546 0.116094
 7431.000000 12.435095 1.520596 0.120768
 7434.000000 12.456400 1.571981 0.086260
 7437.000000 12.394546 1.528342 0.154880
 7440.000000 12.446164 1.541698 0.140541
 7443.000000 12.415155 1.505607 0.133925
 7446.000000 12.395524 1.506201 0.123449
 7449.000000 12.494207 1.513482 0.110802
 7452.000000 12.440684 1.509493 0.107809
 7455.000000 12.481239 1.493630 0.074309
 7458.000000 12.449028 1.516753 0.124228
 7461.000000 12.483909 1.557129 0.129837
 7464.000000 12.442290 1.566068 0.108205
 7467.000000 12.486267 1.542886 0.129348
 7470.000000 12.493595 1.558976 0.139585
 7473.000000 12.489727 1.566020 0.104361
 7476.000000 12.541781 1.576976 0.124714
 7479.000000 12.530973 1.581805 0.160573
 7482.000000 12.502269 1.576216 0.119627
 7485.000000 12.526487 1.592533 0.109941
 7488.000000 12.408821 1.572385 0.135908
 7491.000000 12.454725 1.581999 0.138378
 7494.000000 12.539121 1.583464 0.137007
 7497.000000 12.570620 1.584040 0.134940
 7500.000000 12.628658 1.580889 0.128867
 7503.000000 12.541855 1.605898 0.141975
 7506.000000 12.520424 1.598852 0.163417
 7509.000000 12.539106 1.602331 0.147677
 7512.000000 12.542922 1.573929 0.147661
 7515.000000 12.570186 1.575385 0.107038
 7518.000000 12.530751 1.570939 0.085234
 7521.000000 12.574760 1.602742 0.125049
 7524.000000 12.616574 1.582948 0.103472
 7527.000000 12.566131 1.574033 0.066791
 7530.000000 12.539108 1.581164 0.133132
 7533.000000 12.526334 1.587270 0.163021
 7536.000000 12.378739 1.592761 0.160352
 7539.000000 12.397159 1.595195 0.154283
 7542.000000 12.499370 1.598816 0.167593
 7545.000000 12.482853 1.600394 0.176802
 7548.000000 12.500212 1.588559 0.156392
 7551.000000 12.502369 1.578932 0.143409
 7554.000000 12.409155 1.557908 0.113128
 7557.000000 12.458148 1.549297 0.105263
 7560.000000 12.441667 1.579351 0.157325
 7563.000000 12.472977 1.555755 0.157213
 7566.000000 12.484319 1.563835 0.141548
 7569.000000 12.482177 1.588288 0.162288
 7572.000000 12.504744 1.580549 0.128323
 7575.000000 12.510596 1.568014 0.164273
 7578.000000 12.459858 1.586254 0.205853
 7581.000000 12.488966 1.595238 0.240319
 7584.000000 12.449826 1.595449 0.170130
 7587.000000 12.456751 1.578196 0.157044
 7590.000000 12.412503 1.581523 0.149672
 7593.000000 12.332202 1.589729 0.143682
 7596.000000 12.382532 1.578252 0.156583
 7599.000000 12.419039 1.583006 0.172477
 7602.000000 12.356598 1.579872 0.194025
 7605.000000 12.392840 1.554133 0.180746
 7608.000000 12.428528 1.576388 0.173316
 7611.000000 12.418192 1.595558 0.172306
 7614.000000 12.509303 1.570367 0.186977
 7617.000000 12.408331 1.589261 0.133064
 7620.000000 12.495140 1.599705 0.112196
 7623.000000 12.432604 1.595001 0.137345
 7626.000000 12.491206 1.635416 0.117917
 7629.000000 12.468935 1.620075 0.141852
 7632.000000 12.412407 1.614767 0.155042
 7635.000000 12.404519 1.614888 0.149737
 7638.000000 12.411455 1.599032 0.149741
 7641.000000 12.321605 1.593230 0.141142
 7644.000000 12.431482 1.574740 0.147760
 7647.000000 12.318455 1.585103 0.135900
 7650.000000 12.284423 1.619935 0.144435
 7653.000000 12.284075 1.642122 0.133877
 7656.000000 12.424921 1.634100 0.154664
 7659.000000 12.433163 1.624710 0.161642
 7662.000000 12.461487 1.618198 0.193948
 7665.000000 12.397562 1.592893 0.181036
 7668.000000 12.376555 1.590779 0.136640
 7671.000000 12.362522 1.586532 0.127103
 7674.000000 12.289630 1.579984 0.155839
 7677.000000 12.275274 1.569108 0.157193
 7680.000000 12.290523 1.561806 0.154297
 7683.000000 12.252376 1.547080 0.173684
 7686.000000 12.353534 1.575463 0.146500
 7689.000000 12.346750 1.565693 0.136411
 7692.000000 12.345389 1.566643 0.150804
 7695.000000 12.448441 1.598484 0.147348
 7698.000000 12.400581 1.577138 0.139748
 7701.000000 12.384184 1.588241 0.117794
 7704.000000 12.318791 1.565141 0.133025
 7707.000000 12.385227 1.573001 0.097490
 7710.000000 12.344148 1.562193 0.119896
 7713.000000 12.339025 1.533485 0.124493
 7716.000000 12.413965 1.571503 0.044232
 7719.000000 12.418549 1.580296 0.044289
 7722.000000 12.405370 1.591029 0.060579
 7725.000000 12.456446 1.559707 0.077507
 7728.000000 12.436032 1.577699 0.109514
 7731.000000 12.359000 1.591049 0.091424
 7734.000000 12.397427 1.617517 0.129296
 7737.000000 12.316487 1.604065 0.105535
 7740.000000 12.404214 1.615163 0.093399
 7743.000000 12.327485 1.605892 0.121800
 7746.000000 12.348551 1.591111 0.107354
 7749.000000 12.400006 1.595928 0.107024
 7752.000000 12.385592 1.613243 0.078847
 7755.000000 12.339093 1.591679 0.092807
 7758.000000 12.267855 1.595778 0.089715
 7761.000000 12.341935 1.582330 0.094005
 7764.000000 12.230372 1.587399 0.086325
 7767.000000 12.224833 1.599593 0.089329
 7770.000000 12.245497 1.591696 0.106045
 7773.000000 12.194707 1.579729 0.100648
 7776.000000 12.222227 1.593539 0.115994
 7779.000000 12.254894 1.564466 0.103127
 7782.000000 12.258122 1.588266 0.111100
 7785.000000 12.219427 1.570645 0.138493
 7788.000000 12.293869 1.559283 0.155752
 7791.000000 12.244569 1.559155 0.143642
 7794.000000 12.260266 1.567289 0.178484
 7797.000000 12.268511 1.534393 0.142030
 7800.000000 12.357022 1.563737 0.162352
 7803.000000 12.452088 1.555447 0.143821
 7806.000000 12.419584 1.554050 0.128689
 7809.000000 12.354500 1.560906 0.148725
 7812.000000 12.358514 1.558218 0.146178
 7815.000000 12.299955 1.569241 0.130028
 7818.000000 12.346802 1.574243 0.138228
 7821.000000 12.323151 1.558383 0.120552
 7824.000000 12.331638 1.578792 0.136475
 7827.000000 12.338769 1.568856 0.113073
 7830.000000 12.296665 1.562229 0.111499
 7833.000000 12.247701 1.529438 0.132613
 7836.000000 12.279991 1.529739 0.082729
 7839.000000 12.421451 1.552680 0.120495
 7842.000000 12.437932 1.554997 0.111362
 7845.000000 12.305453 1.553563 0.124037
 7848.000000 12.358476 1.538883 0.145405
 7851.000000 12.445238 1.548405 0.150195
 7854.000000 12.405298 1.579563 0.140866
 7857.000000 12.512911 1.553552 0.173188
 7860.000000 12.504660 1.546263 0.128856
 7863.000000 12.445989 1.540481 0.156985
 7866.000000 12.424078 1.522158 0.183645
 7869.000000 12.454216 1.542510 0.188651
 7872.000000 12.513755 1.543461 0.161584
 7875.000000 12.509575 1.529353 0.145209
 7878.000000 12.442139 1.536009 0.133819
 7881.000000 12.439095 1.535429 0.096791
 7884.000000 12.401923 1.575908 0.123665
 7887.000000 12.556875 1.557761 0.107836
 7890.000000 12.496437 1.567101 0.091673
 7893.000000 12.452141 1.574255 0.097365
 7896.000000 12.484433 1.575709 0.109397
 7899.000000 12.474938 1.606202 0.164889
 7902.000000 12.403747 1.603773 0.155568
 7905.000000 12.415457 1.601433 0.137928
 7908.000000 12.411101 1.600885 0.179097
 7911.000000 12.418230 1.617288 0.194832
 7914.000000 12.453763 1.595757 0.170178
 7917.000000 12.516503 1.585648 0.143631
 7920.000000 12.495497 1.586416 0.167916
 7923.000000 12.486258 1.595262 0.177269
 7926.000000 12.507401 1.609877 0.183579
 7929.000000 12.499489 1.584768 0.137254
 7932.000000 12.522064 1.602112 0.151991
 7935.000000 12.523688 1.580986 0.176871
 7938.000000 12.560400 1.604889 0.183731
 7941.000000 12.529325 1.556799 0.165728
 7944.000000 12.474088 1.593677 0.208035
 7947.000000 12.490223 1.585412 0.184898
 7950.000000 12.452475 1.607266 0.183723
 7953.000000 12.398289 1.583777 0.193867
 7956.000000 12.332227 1.591630 0.213301
 7959.000000 12.338951 1.553984 0.183374
 7962.000000 12.245660 1.588098 0.194568
 7965.000000 12.214250 1.605320 0.222295
 7968.000000 12.280815 1.579800 0.201117
 7971.000000 12.338813 1.572750 0.163148
 7974.000000 12.310585 1.575980 0.173169
 7977.000000 12.336545 1.577827 0.147795
 7980.000000 12.314936 1.582701 0.116930
 7983.000000 12.346348 1.592156 0.105225
 7986.000000 12.481401 1.605251 0.154941
 7989.000000 12.401502 1.600299 0.130507
 7992.000000 12.428921 1.570121 0.148754
 7995.000000 12.423085 1.599027 0.156305
 7998.000000 12.365891 1.632310 0.186101
 8001.000000 12.444923 1.636215 0.155127
 8004.000000 12.499099 1.621621 0.161838
 8007.000000 12.495891 1.618919 0.133267
 8010.000000 12.535435 1.622546 0.165921
 8013.000000 12.586904 1.645675 0.168093
 8016.000000 12.638263 1.639236 0.177918
 8019.000000 12.497887 1.633641 0.220099
 8022.000000 12.460124 1.578746 0.101185
 8025.000000 12.476495 1.593970 0.120021
 8028.000000 12.509691 1.569000 0.112465
 8031.000000 12.426453 1.556780 0.081499
 8034.000000 12.406532 1.566965 0.085980
 8037.000000 12.353896 1.537580 0.065693
 8040.000000 12.441893 1.562366 0.107473
 8043.000000 12.368316 1.540804 0.096500
 8046.000000 12.437929 1.561794 0.067239
 8049.000000 12.411386 1.556247 0.099362
 8052.000000 12.509570 1.545912 0.056279
 8055.000000 12.517638 1.550675 0.089986
 8058.000000 12.468933 1.549535 0.117947
 8061.000000 12.432177 1.558822 0.132631
 8064.000000 12.361430 1.528404 0.145130
 8067.000000 12.305406 1.529891 0.168951
 8070.000000 12.377679 1.507607 0.137156
 8073.000000 12.380708 1.527074 0.159510
 8076.000000 12.370337 1.534109 0.166588
 8079.000000 12.410236 1.529220 0.125810
 8082.000000 12.421301 1.526596 0.128086
 8085.000000 12.355828 1.525599 0.111408
 8088.000000 12.348604 1.527203 0.150418
 8091.000000 12.373342 1.505254 0.127306
 8094.000000 12.363890 1.498170 0.114474
 8097.000000 12.311534 1.540142 0.152566
 8100.000000 12.360405 1.572240 0.181123
 8103.000000 12.461050 1.530196 0.129723
 8106.000000 12.352110 1.537218 0.156742
 8109.000000 12.377687 1.536443 0.147617
 8112.000000 12.429623 1.535859 0.129525
 8115.000000 12.422951 1.562238 0.099319
 8118.000000 12.451127 1.584170 0.110579
 8121.000000 12.472263 1.583034 0.105384
 8124.000000 12.345005 1.565982 0.131255
 8127.000000 12.306982 1.595552 0.138000
 8130.000000 12.292014 1.589078 0.117493
 8133.000000 12.202057 1.612354 0.133355
 8136.000000 12.339022 1.590748 0.179647
 8139.000000 12.300316 1.560890 0.171873
 8142.000000 12.276581 1.580266 0.181403
 8145.000000 12.285926 1.573348 0.187973
 8148.000000 12.312796 1.575028 0.173700
 8151.000000 12.326479 1.547145 0.205894
 8154.000000 12.341032 1.565514 0.188135
 8157.000000 12.299320 1.555010 0.171196
 8160.000000 12.341696 1.542570 0.188000
 8163.000000 12.386151 1.531220 0.166141
 8166.000000 12.383940 1.541504 0.165297
 8169.000000 12.435781 1.551966 0.200418
 8172.000000 12.538938 1.552159 0.182584
 8175.000000 12.524908 1.570243 0.126992
 8178.000000 12.451661 1.558305 0.114297
 8181.000000 12.400229 1.552674 0.138733
 8184.000000 12.488033 1.552643 0.152233
 8187.000000 12.477030 1.586035 0.132995
 8190.000000 12.454121 1.562881 0.088777
 8193.000000 12.504688 1.563221 0.133078
 8196.000000 12.515442 1.574049 0.140624
 8199.000000 12.485912 1.560426 0.150725
 8202.000000 12.543623 1.596677 0.127633
 8205.000000 12.553065 1.581374 0.125928
 8208.000000 12.496777 1.561457 0.132252
 8211.000000 12.470531 1.583462 0.158453
 8214.000000 12.538633 1.586091 0.160497
 8217.000000 12.508860 1.568280 0.122716
 8220.000000 12.539854 1.542607 0.139262
 8223.000000 12.453278 1.569196 0.143990
 8226.000000 12.397328 1.551304 0.116183
 8229.000000 12.384885 1.567171 0.120362
 8232.000000 12.368821 1.587625 0.157080
 8235.000000 12.374968 1.580380 0.177352
 8238.000000 12.315221 1.562514 0.220578
 8241.000000 12.382775 1.589242 0.221304
 8244.000000 12.369532 1.577294 0.182702
 8247.000000 12.362377 1.568553 0.178954
 8250.000000 12.400593 1.565988 0.181025
 8253.000000 12.451366 1.586675 0.160781
 8256.000000 12.423223 1.541628 0.219803
 8259.000000 12.463530 1.569214 0.200024
 8262.000000 12.486831 1.549474 0.167546
 8265.000000 12.551440 1.559677 0.205541
 8268.000000 12.620033 1.543414 0.202860
 8271.000000 12.520024 1.558042 0.173532
 8274.000000 12.519558 1.540636 0.170721
 8277.000000 12.481266 1.547429 0.155845
 8280.000000 12.515397 1.547381 0.135800
 8283.000000 12.500057 1.562555 0.100118
 8286.000000 12.521725 1.538817 0.093336
 8289.000000 12.485064 1.565525 0.094763
 8292.000000 12.581936 1.534789 0.132640
 8295.000000 12.613714 1.554184 0.145920
 8298.000000 12.542151 1.558625 0.149218
 8301.000000 12.489845 1.566930 0.130439
 8304.000000 12.418197 1.549844 0.168776
 8307.000000 12.506242 1.534495 0.171108
 8310.000000 12.504907 1.542572 0.196148
 8313.000000 12.534573 1.577521 0.206896
 8316.000000 12.520509 1.588181 0.170375
 8319.000000 12.541934 1.579298 0.159230
 8322.000000 12.526043 1.590062 0.136099
 8325.000000 12.467634 1.580626 0.131185
 8328.000000 12.371500 1.554565 0.152621
 8331.000000 12.386908 1.570282 0.149530
 8334.000000 12.442567 1.603054 0.134001
 8337.000000 12.418154 1.603093 0.118267
 8340.000000 12.521231 1.595086 0.124789
 8343.000000 12.401268 1.595182 0.143744
 8346.000000 12.439863 1.604317 0.116132
 8349.000000 12.503550 1.624726 0.148766
 8352.000000 12.553810 1.627196 0.156967
 8355.000000 12.472767 1.637932 0.156283
 8358.000000 12.506257 1.581101 0.160108
 8361.000000 12.445207 1.595248 0.156389
 8364.000000 12.416850 1.595973 0.161188
 8367.000000 12.421205 1.627088 0.135106
 8370.000000 12.388817 1.619007 0.157025
 8373.000000 12.379858 1.589783 0.143372
 8376.000000 12.437868 1.585152 0.126789
 8379.000000 12.393053 1.619145 0.142392
 8382.000000 12.538573 1.596115 0.145293
 8385.000000 12.533893 1.618305 0.123452
 8388.000000 12.530437 1.593803 0.138572
 8391.000000 12.496893 1.612853 0.119463
 8394.000000 12.476447 1.579669 0.162688
 8397.000000 12.533274 1.557225 0.171161
 8400.000000 12.568721 1.529349 0.184868
 8403.000000 12.478484 1.535202 0.150639
 8406.000000 12.472555 1.530536 0.158872
 8409.000000 12.437150 1.569402 0.225382
 8412.000000 12.548763 1.556148 0.200793
 8415.000000 12.473152 1.538271 0.143387
 8418.000000 12.509651 1.525526 0.145512
 8421.000000 12.458088 1.541909 0.139248
 8424.000000 12.405107 1.547331 0.123440
 8427.000000 12.373373 1.575298 0.127098
 8430.000000 12.427190 1.555218 0.170261
 8433.000000 12.391391 1.561413 0.135713
 8436.000000 12.442545 1.553190 0.165713
 8439.000000 12.373781 1.604166 0.170206
 8442.000000 12.399668 1.550748 0.176663
 8445.000000 12.360161 1.554634 0.159695
 8448.000000 12.397848 1.557493 0.210834
 8451.000000 12.446257 1.555631 0.185748
 8454.000000 12.419993 1.547458 0.204992
 8457.000000 12.430310 1.541953 0.166027
 8460.000000 12.450444 1.548577 0.168347
 8463.000000 12.435620 1.548705 0.178331
 8466.000000 12.340097 1.562218 0.155224
 8469.000000 12.330985 1.555563 0.164450
 8472.000000 12.423342 1.577299 0.126873
 8475.000000 12.422524 1.564705 0.157801
 8478.000000 12.418311 1.592684 0.172008
 8481.000000 12.348526 1.609975 0.132327
 8484.000000 12.435319 1.609376 0.093397
 8487.000000 12.419572 1.607309 0.116054
 8490.000000 12.415611 1.625083 0.109522
 8493.000000 12.441743 1.613413 0.132351
 8496.000000 12.472961 1.615370 0.141177
 8499.000000 12.478770 1.583626 0.140361
 8502.000000 12.449489 1.565096 0.156143
 8505.000000 12.391557 1.593656 0.170413
 8508.000000 12.295611 1.602094 0.183542
 8511.000000 12.269525 1.573104 0.137811
 8514.000000 12.355958 1.582564 0.139589
 8517.000000 12.316721 1.638473 0.127429
 8520.000000 12.413495 1.621528 0.131270
 8523.000000 12.352422 1.607778 0.128459
 8526.000000 12.396251 1.594596 0.104877
 8529.000000 12.335207 1.586007 0.097117
 8532.000000 12.316695 1.577327 0.131356
 8535.000000 12.390803 1.580456 0.043324
 8538.000000 12.315502 1.558197 0.079116
 8541.000000 12.302170 1.562947 0.079488
 8544.000000 12.370384 1.582076 0.084931
 8547.000000 12.347566 1.548007 0.130728
 8550.000000 12.282841 1.534799 0.107256
 8553.000000 12.351593 1.532104 0.112415
 8556.000000 12.325794 1.530327 0.126730
 8559.000000 12.388480 1.543694 0.134996
 8562.000000 12.428397 1.546305 0.128108
 8565.000000 12.471382 1.527921 0.135782
 8568.000000 12.452946 1.536220 0.064250
 8571.000000 12.491606 1.520233 0.090962
 8574.000000 12.463139 1.542616 0.116037
 8577.000000 12.419788 1.529778 0.134903
 8580.000000 12.466343 1.530551 0.170238
 8583.000000 12.446602 1.554173 0.140911
 8586.000000 12.450547 1.561688 0.116823
 8589.000000 12.361460 1.553531 0.118293
 8592.000000 12.439048 1.571991 0.147328
 8595.000000 12.380022 1.544201 0.131815
 8598.000000 12.419578 1.525248 0.130968
 8601.000000 12.400442 1.524484 0.129298
 8604.000000 12.285579 1.541327 0.089299
 8607.000000 12.205974 1.541058 0.083170
 8610.000000 12.211959 1.540168 0.067123
 8613.000000 12.209015 1.567475 0.059204
 8616.000000 12.223644 1.579080 0.081415
 8619.000000 12.277992 1.564703 0.089591
 8622.000000 12.352033 1.588352 0.054781
 8625.000000 12.240557 1.563846 0.054840
 8628.000000 12.309750 1.541555 0.037640
 8631.000000 12.313794 1.559826 0.047496
 8634.000000 12.342697 1.548924 0.072101
 8637.000000 12.207220 1.552014 0.072561
 8640.000000 12.226037 1.545080 0.038594
 8643.000000 12.268332 1.560538 0.072115
 8646.000000 12.161499 1.569211 0.079442
 8649.000000 12.178166 1.535555 0.093596
 8652.000000 12.226908 1.540124 0.062039
 8655.000000 12.269546 1.524131 0.090660
 8658.000000 12.357870 1.535581 0.097005
 8661.000000 12.407628 1.564484 0.074176
 8664.000000 12.376976 1.556334 0.042191
 8667.000000 12.353241 1.510758 0.082001
 8670.000000 12.257803 1.500536 0.071684
 8673.000000 12.288199 1.491077 0.074590
 8676.000000 12.280459 1.541512 0.037648
 8679.000000 12.273596 1.527852 0.045429
 8682.000000 12.312633 1.510208 0.070143
 8685.000000 12.195988 1.501837 0.055427
 8688.000000 12.307438 1.493626 0.089050
 8691.000000 12.274395 1.515044 0.073942
 8694.000000 12.314543 1.487868 0.098096
 8697.000000 12.327859 1.498330 0.104293
 8700.000000 12.281796 1.518421 0.158437
 8703.000000 12.318719 1.473525 0.161466
 8706.000000 12.367001 1.487607 0.151526
 8709.000000 12.301019 1.484075 0.128485
 8712.000000 12.313318 1.489562 0.129551
 8715.000000 12.304627 1.479769 0.126824
 8718.000000 12.280758 1.466230 0.160116
 8721.000000 12.271321 1.462095 0.139020
 8724.000000 12.316236 1.442453 0.125176
 8727.000000 12.343142 1.422094 0.155044
 8730.000000 12.300840 1.439207 0.127960
 8733.000000 12.285647 1.461390 0.118679
 8736.000000 12.346393 1.455903 0.155532
 8739.000000 12.267404 1.488107 0.180936
 8742.000000 12.302505 1.500800 0.166337
 8745.000000 12.299320 1.528349 0.201093
 8748.000000 12.311185 1.533391 0.174069
 8751.000000 12.301130 1.521772 0.157431
 8754.000000 12.337021 1.504079 0.188963
 8757.000000 12.337298 1.533574 0.165968
 8760.000000 12.302067 1.519419 0.191334
 8763.000000 12.366091 1.538390 0.139920
 8766.000000 12.339187 1.525840 0.125301
 8769.000000 12.278963 1.570977 0.119504
 8772.000000 12.240628 1.539578 0.146857
 8775.000000 12.228625 1.536661 0.160821
 8778.000000 12.307514 1.545096 0.160764
 8781.000000 12.376286 1.506648 0.155371
 8784.000000 12.337770 1.504503 0.115919
 8787.000000 12.336090 1.529202 0.109782
 8790.000000 12.326719 1.518291 0.108467
 8793.000000 12.442077 1.545771 0.140225
 8796.000000 12.350392 1.532561 0.115371
 8799.000000 12.318566 1.544552 0.125308
 8802.000000 12.287376 1.537386 0.131849
 8805.000000 12.378336 1.543236 0.114453
 8808.000000 12.405213 1.545709 0.123292
 8811.000000 12.437941 1.536995 0.129259
 8814.000000 12.370192 1.516871 0.149746
 8817.000000 12.327723 1.487563 0.141058
 8820.000000 12.289531 1.507116 0.151765
 8823.000000 12.281401 1.507781 0.159013
 8826.000000 12.343203 1.532752 0.155314
 8829.000000 12.423090 1.512649 0.156365
 8832.000000 12.296844 1.503004 0.141624
 8835.000000 12.425659 1.501400 0.160139
 8838.000000 12.336734 1.540154 0.091828
 8841.000000 12.371443 1.531673 0.065616
 8844.000000 12.405568 1.552036 0.085324
 8847.000000 12.371709 1.520564 0.078279
 8850.000000 12.363514 1.541092 0.071812
 8853.000000 12.419158 1.534142 0.089441
 8856.000000 12.430794 1.511279 0.090147
 8859.000000 12.352564 1.521710 0.126698
 8862.000000 12.342591 1.503144 0.097217
 8865.000000 12.402554 1.481114 0.103758
 8868.000000 12.478305 1.515028 0.094795
 8871.000000 12.411484 1.502769 0.111312
 8874.000000 12.475302 1.512892 0.140666
 8877.000000 12.484553 1.517278 0.112589
 8880.000000 12.426409 1.502102 0.101696
 8883.000000 12.462283 1.505128 0.102319
 8886.000000 12.509301 1.505608 0.092758
 8889.000000 12.445466 1.505283 0.132284
 8892.000000 12.421961 1.492058 0.144752
 8895.000000 12.421743 1.469817 0.149742
 8898.000000 12.418621 1.480728 0.141147
 8901.000000 12.384070 1.490660 0.152994
 8904.000000 12.339125 1.485626 0.161018
 8907.000000 12.395919 1.473999 0.145062
 8910.000000 12.333396 1.504704 0.152616
 8913.000000 12.372283 1.469915 0.139422
 8916.000000 12.338399 1.485640 0.142549
 8919.000000 12.413531 1.506427 0.139718
 8922.000000 12.338950 1.515182 0.123399
 8925.000000 12.384502 1.504249 0.126693
 8928.000000 12.359282 1.482249 0.145069
 8931.000000 12.329633 1.495052 0.134903
 8934.000000 12.329221 1.485513 0.146675
 8937.000000 12.375162 1.491258 0.173343
 8940.000000 12.403916 1.483970 0.170742
 8943.000000 12.435556 1.503502 0.148465
 8946.000000 12.466138 1.484219 0.135687
 8949.000000 12.432767 1.462142 0.125439
 8952.000000 12.407812 1.472281 0.113695
 8955.000000 12.494022 1.479302 0.092206
 8958.000000 12.461112 1.479103 0.134904
 8961.000000 12.535979 1.469565 0.120710
 8964.000000 12.483138 1.473074 0.114112
 8967.000000 12.488654 1.530118 0.111615
 8970.000000 12.423724 1.534890 0.128934
 8973.000000 12.470192 1.530020 0.083273
 8976.000000 12.546849 1.532170 0.123600
 8979.000000 12.526834 1.535934 0.104192
 8982.000000 12.469628 1.523887 0.104799
 8985.000000 12.539678 1.518367 0.100257
 8988.000000 12.604710 1.516822 0.116514
 8991.000000 12.578974 1.502200 0.142967
 8994.000000 12.547996 1.490962 0.121853
 8997.000000 12.549348 1.520776 0.112565
 9000.000000 12.518093 1.544328 0.141526
 9003.000000 12.501108 1.560697 0.134267
 9006.000000 12.506187 1.572520 0.121059
 9009.000000 12.515668 1.547588 0.144090
 9012.000000 12.540319 1.539704 0.163766
 9015.000000 12.613814 1.529395 0.163437
 9018.000000 12.565847 1.545624 0.100062
 9021.000000 12.555914 1.530555 0.107990
 9024.000000 12.449123 1.527703 0.125017
 9027.000000 12.470621 1.529565 0.133178
 9030.000000 12.504239 1.542335 0.126360
 9033.000000 12.421415 1.517136 0.169005
 9036.000000 12.457690 1.499815 0.182249
 9039.000000 12.426638 1.501567 0.193019
 9042.000000 12.453801 1.501429 0.160187
 9045.000000 12.462510 1.506656 0.146203
 9048.000000 12.409659 1.508603 0.157494
 9051.000000 12.424088 1.509470 0.186017
 9054.000000 12.466219 1.510153 0.187369
 9057.000000 12.329435 1.498503 0.145972
 9060.000000 12.466974 1.508657 0.141051
 9063.000000 12.483523 1.537966 0.137770
 9066.000000 12.518020 1.519667 0.134213
 9069.000000 12.582444 1.528626 0.109499
 9072.000000 12.626236 1.554096 0.109748
 9075.000000 12.600481 1.576972 0.114867
 9078.000000 12.569354 1.585294 0.112433
 9081.000000 12.563320 1.568253 0.125943
 9084.000000 12.598490 1.541512 0.144053
 9087.000000 12.582804 1.537093 0.156782
 9090.000000 12.564380 1.548993 0.159808
 9093.000000 12.691688 1.580283 0.129664
 9096.000000 12.584435 1.564330 0.114212
 9099.000000 12.528220 1.563251 0.137248
 9102.000000 12.640252 1.553443 0.163817
 9105.000000 12.629960 1.538637 0.153414
 9108.000000 12.632563 1.555611 0.157496
 9111.000000 12.547572 1.520461 0.165636
 9114.000000 12.603615 1.517809 0.188234
 9117.000000 12.606183 1.481022 0.169259
 9120.000000 12.707822 1.488215 0.160094
 9123.000000 12.567793 1.458354 0.167627
 9126.000000 12.498623 1.481202 0.133407
 9129.000000 12.508876 1.507995 0.109530
 9132.000000 12.486564 1.533053 0.131067
 9135.000000 12.565292 1.535086 0.119750
 9138.000000 12.525089 1.530013 0.147369
 9141.000000 12.574666 1.507002 0.191895
 9144.000000 12.529041 1.497567 0.190781
 9147.000000 12.459542 1.502219 0.151897
 9150.000000 12.468455 1.519750 0.130051
 9153.000000 12.545318 1.517399 0.125899
 9156.000000 12.482533 1.533240 0.143654
 9159.000000 12.443908 1.549636 0.125748
 9162.000000 12.428823 1.523511 0.154131
 9165.000000 12.370489 1.531742 0.167349
 9168.000000 12.470668 1.528986 0.187796
 9171.000000 12.473695 1.557758 0.135780
 9174.000000 12.518079 1.573639 0.134691
 9177.000000 12.426297 1.533010 0.177121
 9180.000000 12.466789 1.551206 0.123727
 9183.000000 12.456035 1.554154 0.131321
 9186.000000 12.365767 1.544944 0.116342
 9189.000000 12.445595 1.540279 0.130795
 9192.000000 12.351959 1.546484 0.121568
 9195.000000 12.348624 1.533161 0.114278
 9198.000000 12.346124 1.512731 0.151322
 9201.000000 12.337419 1.511508 0.131764
 9204.000000 12.404418 1.495674 0.135453
 9207.000000 12.495761 1.530543 0.138468
 9210.000000 12.469968 1.509057 0.159755
 9213.000000 12.341344 1.529471 0.117478
 9216.000000 12.423039 1.547408 0.122657
 9219.000000 12.346231 1.558303 0.097574
 9222.000000 12.436193 1.549985 0.127082
 9225.000000 12.393529 1.523920 0.156956
 9228.000000 12.382945 1.526277 0.146022
 9231.000000 12.398223 1.556199 0.122992
 9234.000000 12.438885 1.556752 0.129285
 9237.000000 12.409082 1.533785 0.116911
 9240.000000 12.379007 1.534386 0.122867
 9243.000000 12.371442 1.533690 0.141653
 9246.000000 12.304266 1.552105 0.151840
 9249.000000 12.404340 1.570225 0.150566
 9252.000000 12.338703 1.549804 0.177021
 9255.000000 12.380520 1.553561 0.143722
 9258.000000 12.384539 1.537464 0.150357
 9261.000000 12.331998 1.534122 0.159830
 9264.000000 12.370203 1.519407 0.192016
 9267.000000 12.303218 1.526464 0.193952
 9270.000000 12.362794 1.533718 0.173696
 9273.000000 12.299562 1.527904 0.171674
 9276.000000 12.353966 1.525319 0.182953
 9279.000000 12.343628 1.544768 0.157265
 9282.000000 12.270019 1.585201 0.121945
 9285.000000 12.381737 1.583456 0.083472
 9288.000000 12.407028 1.571051 0.111328
 9291.000000 12.443477 1.547553 0.081822
 9294.000000 12.526569 1.564837 0.084535
 9297.000000 12.497614 1.547310 0.126862
 9300.000000 12.466359 1.563990 0.101053
 9303.000000 12.489590 1.564293 0.085033
 9306.000000 12.453373 1.558775 0.107446
 9309.000000 12.390706 1.559261 0.098694
 9312.000000 12.418616 1.575169 0.111333
 9315.000000 12.422672 1.593842 0.158044
 9318.000000 12.317596 1.586677 0.152214
 9321.000000 12.400968 1.582188 0.167782
 9324.000000 12.365095 1.576712 0.188902
 9327.000000 12.399957 1.567460 0.173053
 9330.000000 12.446904 1.572380 0.198729
 9333.000000 12.512621 1.578154 0.189745
 9336.000000 12.485025 1.566221 0.172814
 9339.000000 12.441112 1.562436 0.159248
 9342.000000 12.406984 1.564718 0.192826
 9345.000000 12.395029 1.585553 0.147255
 9348.000000 12.415523 1.570802 0.166163
 9351.000000 12.425784 1.581366 0.154574
 9354.000000 12.339907 1.568092 0.188120
 9357.000000 12.416243 1.551140 0.210316
 9360.000000 12.312529 1.563579 0.191687
 9363.000000 12.358684 1.592012 0.170154
 9366.000000 12.461966 1.580720 0.143455
 9369.000000 12.442355 1.572029 0.168108
 9372.000000 12.442973 1.573574 0.164945
 9375.000000 12.518983 1.572087 0.161521
 9378.000000 12.558790 1.599233 0.161526
 9381.000000 12.578258 1.581713 0.137748
 9384.000000 12.440886 1.520123 0.195950
 9387.000000 12.389122 1.535756 0.180729
 9390.000000 12.474948 1.529214 0.173712
 9393.000000 12.440420 1.555204 0.170264
 9396.000000 12.373391 1.523318 0.160085
 9399.000000 12.362970 1.541988 0.152509
 9402.000000 12.384264 1.540423 0.156575
 9405.000000 12.432511 1.555825 0.145102
 9408.000000 12.453038 1.570573 0.130286
 9411.000000 12.368171 1.531842 0.145504
 9414.000000 12.430475 1.530533 0.183859
 9417.000000 12.461223 1.562457 0.144769
 9420.000000 12.416940 1.526240 0.148790
 9423.000000 12.369795 1.529256 0.194054
 9426.000000 12.374316 1.539422 0.191319
 9429.000000 12.339434 1.556559 0.175230
 9432.000000 12.385828 1.559231 0.193518
 9435.000000 12.328316 1.576113 0.212167
 9438.000000 12.356252 1.573286 0.171363
 9441.000000 12.308836 1.569729 0.164919
 9444.000000 12.321157 1.547485 0.163931
 9447.000000 12.300108 1.570735 0.174440
 9450.000000 12.287386 1.581453 0.186318
 9453.000000 12.341745 1.581399 0.193342
 9456.000000 12.451311 1.557467 0.199840
 9459.000000 12.413057 1.582850 0.209911
 9462.000000 12.477890 1.553933 0.148678
 9465.000000 12.477194 1.558935 0.152035
 9468.000000 12.464305 1.579904 0.120383
 9471.000000 12.420816 1.555252 0.182069
 9474.000000 12.404323 1.573144 0.153470
 9477.000000 12.425899 1.554048 0.146537
 9480.000000 12.433694 1.545221 0.118536
 9483.000000 12.422453 1.554390 0.139056
 9486.000000 12.447517 1.538807 0.164548
 9489.000000 12.487331 1.538517 0.203508
 9492.000000 12.574619 1.529967 0.217515
 9495.000000 12.527042 1.545302 0.178970
 9498.000000 12.498194 1.549895 0.167476
 9501.000000 12.524313 1.549010 0.172383
 9504.000000 12.518509 1.526938 0.162173
 9507.000000 12.514219 1.535993 0.150135
 9510.000000 12.535430 1.519350 0.144521
 9513.000000 12.600136 1.551840 0.149148
 9516.000000 12.600206 1.542195 0.156737
 9519.000000 12.583064 1.535554 0.154666
 9522.000000 12.649766 1.536267 0.159310
 9525.000000 12.674666 1.544512 0.163347
 9528.000000 12.668211 1.540170 0.178545
 9531.000000 12.651211 1.524703 0.182058
 9534.000000 12.630966 1.506822 0.227166
 9537.000000 12.634722 1.504650 0.190078
 9540.000000 12.622640 1.520028 0.184813
 9543.000000 12.670034 1.516939 0.209461
 9546.000000 12.589647 1.532202 0.186962
 9549.000000 12.544391 1.530389 0.191819
 9552.000000 12.600431 1.538470 0.211796
 9555.000000 12.580267 1.533634 0.210877
 9558.000000 12.558699 1.528533 0.198283
 9561.000000 12.591779 1.528392 0.191768
 9564.000000 12.551925 1.514814 0.198061
 9567.000000 12.622943 1.524700 0.202218
 9570.000000 12.596566 1.528845 0.222755
 9573.000000 12.536344 1.508309 0.226903
 9576.000000 12.536927 1.499340 0.226884
 9579.000000 12.502832 1.483315 0.176731
 9582.000000 12.480240 1.465247 0.162241
 9585.000000 12.515079 1.476908 0.161741
 9588.000000 12.488487 1.465930 0.171114
 9591.000000 12.497878 1.492793 0.136152
 9594.000000 12.519415 1.483527 0.146358
 9597.000000 12.595989 1.508920 0.133270
 9600.000000 12.510316 1.539365 0.159980
 9603.000000 12.587595 1.502083 0.197497
 9606.000000 12.633602 1.499001 0.177976
 9609.000000 12.603676 1.519867 0.141242
 9612.000000 12.495314 1.484287 0.166164
 9615.000000 12.542313 1.479506 0.170697
 9618.000000 12.567546 1.474743 0.190439
 9621.000000 12.613178 1.495851 0.193386
 9624.000000 12.587931 1.521447 0.176028
 9627.000000 12.541513 1.533371 0.165943
 9630.000000 12.506561 1.531513 0.184718
 9633.000000 12.505746 1.544693 0.157919
 9636.000000 12.567493 1.557232 0.143392
 9639.000000 12.471807 1.538889 0.178075
 9642.000000 12.546547 1.551796 0.182035
 9645.000000 12.549364 1.576933 0.189905
 9648.000000 12.545473 1.565365 0.168248
 9651.000000 12.476394 1.577491 0.127377
 9654.000000 12.556943 1.588866 0.107584
 9657.000000 12.561378 1.580027 0.126549
 9660.000000 12.621146 1.565911 0.132952
 9663.000000 12.496350 1.553538 0.180609
 9666.000000 12.495750 1.537741 0.162007
 9669.000000 12.502751 1.533725 0.154406
 9672.000000 12.486034 1.515433 0.180385
 9675.000000 12.579776 1.548423 0.206918
 9678.000000 12.412211 1.576413 0.186956
 9681.000000 12.424348 1.575922 0.116824
 9684.000000 12.386067 1.570983 0.134329
 9687.000000 12.413519 1.566614 0.110309
 9690.000000 12.355891 1.606744 0.091223
 9693.000000 12.414263 1.579023 0.088116
 9696.000000 12.434222 1.581097 0.056856
 9699.000000 12.388735 1.593250 0.046172
 9702.000000 12.422416 1.588980 0.070545
 9705.000000 12.479850 1.584420 0.048901
 9708.000000 12.362060 1.565819 0.052312
 9711.000000 12.416594 1.561439 0.067485
 9714.000000 12.410264 1.538125 0.143506
 9717.000000 12.434765 1.541594 0.116771
 9720.000000 12.460391 1.553610 0.089867
 9723.000000 12.451625 1.557736 0.119420
 9726.000000 12.461889 1.540483 0.117330
 9729.000000 12.458183 1.552094 0.091769
 9732.000000 12.460980 1.534354 0.098806
 9735.000000 12.507250 1.514287 0.146746
 9738.000000 12.599547 1.549385 0.115048
 9741.000000 12.589535 1.548287 0.112249
 9744.000000 12.610598 1.544566 0.103395
 9747.000000 12.458077 1.519202 0.120016
 9750.000000 12.497802 1.521926 0.130170
 9753.000000 12.487786 1.522293 0.126465
 9756.000000 12.444102 1.526668 0.099047
 9759.000000 12.461749 1.530019 0.082309
 9762.000000 12.421776 1.555708 0.071565
 9765.000000 12.411286 1.544766 0.125817
 9768.000000 12.426995 1.552125 0.137721
 9771.000000 12.441771 1.555993 0.161914
 9774.000000 12.349117 1.566578 0.168874
 9777.000000 12.370478 1.576612 0.134703
 9780.000000 12.384342 1.553150 0.150550
 9783.000000 12.448815 1.578419 0.105640
 9786.000000 12.387109 1.568729 0.091723
 9789.000000 12.397420 1.558320 0.107687
 9792.000000 12.324321 1.576403 0.143039
 9795.000000 12.410839 1.604269 0.175107
 9798.000000 12.475685 1.583655 0.198331
 9801.000000 12.439452 1.558671 0.196201
 9804.000000 12.380655 1.549985 0.205055
 9807.000000 12.439724 1.532062 0.186795
 9810.000000 12.393712 1.546397 0.167284
 9813.000000 12.333345 1.551927 0.181075
 9816.000000 12.412491 1.575756 0.203294
 9819.000000 12.431721 1.562578 0.199320
 9822.000000 12.402889 1.543985 0.209337
 9825.000000 12.433123 1.565488 0.194657
 9828.000000 12.394710 1.579432 0.178751
 9831.000000 12.437573 1.565847 0.245949
 9834.000000 12.302794 1.557229 0.230375
 9837.000000 12.329792 1.565508 0.166166
 9840.000000 12.290238 1.556651 0.182462
 9843.000000 12.358762 1.554474 0.201521
 9846.000000 12.314172 1.560344 0.182378
 9849.000000 12.360434 1.586530 0.183878
 9852.000000 12.325879 1.574521 0.144267
 9855.000000 12.298915 1.545034 0.177279
 9858.000000 12.214426 1.536736 0.183331
 9861.000000 12.330479 1.544354 0.118427
 9864.000000 12.382855 1.547894 0.148912
 9867.000000 12.403685 1.566761 0.101739
 9870.000000 12.352688 1.519875 0.123572
 9873.000000 12.345863 1.528532 0.103733
 9876.000000 12.426375 1.500662 0.122987
 9879.000000 12.449473 1.502426 0.149416
 9882.000000 12.306440 1.508796 0.126184
 9885.000000 12.315887 1.513220 0.110927
 9888.000000 12.365864 1.509586 0.122728
 9891.000000 12.423460 1.519810 0.143182
 9894.000000 12.415906 1.500855 0.137959
 9897.000000 12.426390 1.525510 0.111663
 9900.000000 12.479697 1.502334 0.135936
 9903.000000 12.423232 1.502795 0.165036
 9906.000000 12.427654 1.545165 0.143975
 9909.000000 12.428686 1.550346 0.107441
 9912.000000 12.422074 1.549746 0.139546
 9915.000000 12.402567 1.546835 0.104944
 9918.000000 12.513366 1.539001 0.135648
 9921.000000 12.456093 1.539554 0.128832
 9924.000000 12.478396 1.566733 0.124183
 9927.000000 12.415832 1.577219 0.104636
 9930.000000 12.523713 1.596612 0.124070
 9933.000000 12.539251 1.586976 0.144687
 9936.000000 12.565892 1.581153 0.143247
 9939.000000 12.542850 1.590619 0.166168
 9942.000000 12.491456 1.613118 0.100595
 9945.000000 12.459168 1.603630 0.107574
 9948.000000 12.435251 1.583761 0.149272
 9951.000000 12.462815 1.574656 0.143525
 9954.000000 12.357899 1.574416 0.139227
 9957.000000 12.447571 1.539849 0.158253
 9960.000000 12.462098 1.548710 0.164489
 9963.000000 12.563412 1.541515 0.146806
 9966.000000 12.566524 1.507958 0.150068
 9969.000000 12.455323 1.485876 0.136490
 9972.000000 12.464990 1.547250 0.106831
 9975.000000 12.441476 1.548771 0.113080
 9978.000000 12.376135 1.576615 0.092670
 9981.000000 12.427165 1.559521 0.109778
 9984.000000 12.503466 1.548602 0.153922
 9987.000000 12.500618 1.546888 0.148752
 9990.000000 12.529045 1.528857 0.130566
 9993.000000 12.542760 1.509575 0.157535
 9996.000000 12.507341 1.529571 0.128652
 9999.000000 12.484498 1.562783 0.098001
 10002.000000 12.437401 1.537303 0.096613
 10005.000000 12.390392 1.533408 0.121710
 10008.000000 12.363399 1.530592 0.132275
 10011.000000 12.370584 1.501321 0.163406
 10014.000000 12.361531 1.515665 0.143274
 10017.000000 12.413512 1.529947 0.132467
 10020.000000 12.471990 1.548816 0.076800
 10023.000000 12.443998 1.573945 0.042508
 10026.000000 12.392333 1.555658 0.098933
 10029.000000 12.352785 1.542462 0.099783
 10032.000000 12.448000 1.545337 0.107535
 10035.000000 12.413322 1.540958 0.120921
 10038.000000 12.450694 1.572933 0.064512
 10041.000000 12.512885 1.554555 0.084143
 10044.000000 12.476472 1.538393 0.088936
 10047.000000 12.494199 1.536095 0.112802
 10050.000000 12.489439 1.547407 0.133471
 10053.000000 12.546505 1.538994 0.102912
 10056.000000 12.420270 1.552719 0.079214
 10059.000000 12.517698 1.593884 0.071718
 10062.000000 12.461179 1.610825 0.102675
 10065.000000 12.469928 1.608282 0.118620
 10068.000000 12.488231 1.601142 0.104657
 10071.000000 12.459597 1.596941 0.103717
 10074.000000 12.384903 1.598999 0.065629
 10077.000000 12.461333 1.611082 0.098937
 10080.000000 12.365415 1.605767 0.091737
 10083.000000 12.503531 1.623277 0.078045
 10086.000000 12.442086 1.575514 0.062621
 10089.000000 12.434297 1.561979 0.080216
 10092.000000 12.487906 1.551418 0.088305
 10095.000000 12.467795 1.527520 0.100244
 10098.000000 12.517116 1.535121 0.105148
 10101.000000 12.456847 1.524259 0.113768
 10104.000000 12.528558 1.505663 0.069930
 10107.000000 12.489956 1.556703 0.090179
 10110.000000 12.506644 1.528383 0.073631
 10113.000000 12.549368 1.524054 0.093994
 10116.000000 12.570856 1.531565 0.114266
 10119.000000 12.459335 1.546416 0.110432
 10122.000000 12.441225 1.519028 0.120594
 10125.000000 12.335050 1.535976 0.111263
 10128.000000 12.384386 1.529322 0.103793
 10131.000000 12.405953 1.562945 0.106066
 10134.000000 12.361127 1.568717 0.069509
 10137.000000 12.358882 1.561004 0.084276
 10140.000000 12.382811 1.583974 0.106396
 10143.000000 12.378580 1.583737 0.114046
 10146.000000 12.354079 1.587643 0.096765
 10149.000000 12.377676 1.566617 0.087232
 10152.000000 12.462606 1.564539 0.080562
 10155.000000 12.588444 1.583309 0.065894
 10158.000000 12.477921 1.594287 0.079223
 10161.000000 12.398503 1.552520 0.080944
 10164.000000 12.410350 1.559996 0.116224
 10167.000000 12.356011 1.567650 0.141001
 10170.000000 12.395722 1.557484 0.150128
 10173.000000 12.321080 1.574320 0.137947
 10176.000000 12.439461 1.591401 0.149279
 10179.000000 12.421282 1.596819 0.151112
 10182.000000 12.386966 1.556490 0.155178
 10185.000000 12.334988 1.538305 0.116876
 10188.000000 12.379118 1.569464 0.152332
 10191.000000 12.401022 1.589843 0.155365
 10194.000000 12.420541 1.595296 0.137535
 10197.000000 12.427378 1.584283 0.148035
 10200.000000 12.349706 1.577110 0.173414
 10203.000000 12.398066 1.598706 0.172315
 10206.000000 12.355317 1.572516 0.179180
 10209.000000 12.336019 1.578341 0.184947
 10212.000000 12.347373 1.560262 0.131650
 10215.000000 12.355575 1.554805 0.157448
 10218.000000 12.394095 1.537065 0.133658
 10221.000000 12.436623 1.535606 0.110237
 10224.000000 12.329033 1.542902 0.103489
 10227.000000 12.412163 1.563675 0.127386
 10230.000000 12.338844 1.560385 0.125455
 10233.000000 12.314543 1.561309 0.107141
 10236.000000 12.342765 1.568462 0.118947
 10239.000000 12.319778 1.568036 0.110191
 10242.000000 12.322308 1.553672 0.075301
 10245.000000 12.338780 1.543618 0.081281
 10248.000000 12.355973 1.556024 0.073367
 10251.000000 12.369067 1.555180 0.102264
 10254.000000 12.467132 1.546300 0.073381
 10257.000000 12.379190 1.536323 0.061344
 10260.000000 12.423459 1.537260 0.102589
 10263.000000 12.512621 1.519598 0.147622
 10266.000000 12.434925 1.529876 0.146570
 10269.000000 12.507459 1.553552 0.182477
 10272.000000 12.462636 1.556513 0.178405
 10275.000000 12.495138 1.549653 0.122359
 10278.000000 12.480477 1.532246 0.101357
 10281.000000 12.481705 1.543917 0.110502
 10284.000000 12.436465 1.552485 0.102893
 10287.000000 12.415922 1.538459 0.110294
 10290.000000 12.357810 1.555223 0.120572
 10293.000000 12.357309 1.551411 0.121463
 10296.000000 12.362356 1.543453 0.161470
 10299.000000 12.332348 1.549958 0.160293
 10302.000000 12.292123 1.553782 0.166056
 10305.000000 12.332620 1.530855 0.125724
 10308.000000 12.358684 1.535541 0.122570
 10311.000000 12.325067 1.549982 0.090274
 10314.000000 12.322206 1.549375 0.068143
 10317.000000 12.368386 1.540132 0.097647
 10320.000000 12.413110 1.548511 0.078119
 10323.000000 12.382487 1.557387 0.046278
 10326.000000 12.462713 1.525637 0.054016
 10329.000000 12.482694 1.521348 0.052841
 10332.000000 12.464006 1.538368 0.042416
 10335.000000 12.518695 1.549101 0.060146
 10338.000000 12.501035 1.542748 0.048132
 10341.000000 12.486083 1.562247 0.043188
 10344.000000 12.521547 1.553054 0.099591
 10347.000000 12.486261 1.560868 0.110283
 10350.000000 12.456555 1.579062 0.108493
 10353.000000 12.508034 1.583827 0.112798
 10356.000000 12.546040 1.564792 0.105669
 10359.000000 12.469181 1.621791 0.113609
 10362.000000 12.444169 1.583456 0.076865
 10365.000000 12.464126 1.585873 0.099441
 10368.000000 12.514966 1.566398 0.083314
 10371.000000 12.496397 1.609367 0.090451
 10374.000000 12.458927 1.581937 0.060629
 10377.000000 12.479182 1.583597 0.069856
 10380.000000 12.564485 1.600663 0.115779
 10383.000000 12.440947 1.584773 0.084649
 10386.000000 12.460773 1.591763 0.106720
 10389.000000 12.471714 1.619062 0.109459
 10392.000000 12.540268 1.614045 0.142116
 10395.000000 12.449940 1.604760 0.169755
 10398.000000 12.360596 1.598641 0.117901
 10401.000000 12.343894 1.605982 0.140801
 10404.000000 12.284374 1.607428 0.155645
 10407.000000 12.318865 1.629375 0.147358
 10410.000000 12.322205 1.610812 0.147927
 10413.000000 12.333958 1.589335 0.096624
 10416.000000 12.334009 1.596188 0.124126
 10419.000000 12.342678 1.564841 0.096792
 10422.000000 12.419554 1.553003 0.089316
 10425.000000 12.421294 1.534148 0.111904
 10428.000000 12.376762 1.531722 0.098173
 10431.000000 12.435380 1.551715 0.094096
 10434.000000 12.360679 1.531624 0.127983
 10437.000000 12.372113 1.521830 0.094983
 10440.000000 12.358674 1.521735 0.087576
 10443.000000 12.323039 1.534935 0.100503
 10446.000000 12.326777 1.540475 0.094723
 10449.000000 12.352007 1.531238 0.065765
 10452.000000 12.453898 1.549534 0.132092
 10455.000000 12.359828 1.512607 0.105751
 10458.000000 12.348949 1.504162 0.082500
 10461.000000 12.348303 1.473521 0.100618
 10464.000000 12.299458 1.486430 0.097841
 10467.000000 12.324371 1.512804 0.139273
 10470.000000 12.322131 1.516942 0.144596
 10473.000000 12.303109 1.493015 0.166754
 10476.000000 12.346856 1.488148 0.163005
 10479.000000 12.274493 1.487922 0.132477
 10482.000000 12.363044 1.486644 0.177191
 10485.000000 12.369416 1.459892 0.089592
 10488.000000 12.327345 1.477938 0.124983
 10491.000000 12.369008 1.510774 0.132262
 10494.000000 12.378497 1.486842 0.135278
 10497.000000 12.437243 1.492740 0.120063
 10500.000000 12.383693 1.521597 0.114253
 10503.000000 12.508295 1.506629 0.091087
 10506.000000 12.469699 1.518381 0.112869
 10509.000000 12.442993 1.543983 0.132090
 10512.000000 12.367170 1.556193 0.144367
 10515.000000 12.425692 1.535873 0.167300
 10518.000000 12.404240 1.501766 0.185607
 10521.000000 12.354840 1.515479 0.161971
 10524.000000 12.341231 1.531053 0.154567
 10527.000000 12.360285 1.536184 0.185155
 10530.000000 12.297160 1.513552 0.144517
 10533.000000 12.356145 1.502258 0.217516
 10536.000000 12.495539 1.508459 0.174189
 10539.000000 12.425059 1.505161 0.169206
 10542.000000 12.418154 1.537480 0.150150
 10545.000000 12.409206 1.543189 0.164356
 10548.000000 12.383274 1.520543 0.170266
 10551.000000 12.410470 1.542801 0.169613
 10554.000000 12.378792 1.531212 0.159032
 10557.000000 12.326688 1.531450 0.154960
 10560.000000 12.381706 1.541487 0.117577
 10563.000000 12.377492 1.531109 0.168798
 10566.000000 12.415525 1.559716 0.167669
 10569.000000 12.344638 1.562068 0.089847
 10572.000000 12.310714 1.541129 0.148075
 10575.000000 12.362619 1.553930 0.125465
 10578.000000 12.418021 1.559983 0.157826
 10581.000000 12.382607 1.560267 0.147123
 10584.000000 12.351559 1.544516 0.131056
 10587.000000 12.390414 1.560794 0.108353
 10590.000000 12.367439 1.557333 0.116059
 10593.000000 12.357680 1.554326 0.144729
 10596.000000 12.327661 1.568938 0.118901
 10599.000000 12.377518 1.547453 0.143554
 10602.000000 12.423376 1.539493 0.147630
 10605.000000 12.351653 1.554033 0.125482
 10608.000000 12.371865 1.546863 0.155401
 10611.000000 12.357440 1.545937 0.135600
 10614.000000 12.337403 1.545363 0.121987
 10617.000000 12.311361 1.550454 0.122723
 10620.000000 12.328941 1.580383 0.131848
 10623.000000 12.311474 1.562735 0.148116
 10626.000000 12.316216 1.550735 0.148645
 10629.000000 12.393424 1.522080 0.165820
 10632.000000 12.346962 1.537508 0.123610
 10635.000000 12.307485 1.541813 0.099141
 10638.000000 12.173632 1.522348 0.140765
 10641.000000 12.251180 1.478559 0.142247
 10644.000000 12.316740 1.458872 0.151357
 10647.000000 12.345594 1.472305 0.135901
 10650.000000 12.410622 1.481332 0.134895
 10653.000000 12.383401 1.486637 0.149825
 10656.000000 12.357195 1.507718 0.170853
 10659.000000 12.499683 1.527784 0.187631
 10662.000000 12.393318 1.489279 0.195700
 10665.000000 12.279758 1.489255 0.185151
 10668.000000 12.249132 1.517518 0.156684
 10671.000000 12.268236 1.540763 0.108300
 10674.000000 12.184490 1.533215 0.161184
 10677.000000 12.210509 1.553815 0.151146
 10680.000000 12.183837 1.547328 0.183300
 10683.000000 12.254679 1.581503 0.192007
 10686.000000 12.358839 1.578137 0.188595
 10689.000000 12.303954 1.557321 0.208656
 10692.000000 12.405272 1.550973 0.186408
 10695.000000 12.363519 1.554200 0.171161
 10698.000000 12.370959 1.551119 0.163424
 10701.000000 12.409822 1.571994 0.127564
 10704.000000 12.363762 1.558561 0.125820
 10707.000000 12.396583 1.595847 0.100533
 10710.000000 12.384277 1.581219 0.148044
 10713.000000 12.352085 1.584182 0.143049
 10716.000000 12.333907 1.597163 0.156292
 10719.000000 12.263348 1.614522 0.148064
 10722.000000 12.225584 1.612055 0.144893
 10725.000000 12.251730 1.612929 0.116130
 10728.000000 12.212216 1.631983 0.184363
 10731.000000 12.157952 1.648658 0.153289
 10734.000000 12.185438 1.617828 0.154667
 10737.000000 12.248945 1.639394 0.153045
 10740.000000 12.267072 1.610793 0.152864
 10743.000000 12.310859 1.631875 0.126311
 10746.000000 12.336395 1.621330 0.115678
 10749.000000 12.312299 1.597754 0.140269
 10752.000000 12.326174 1.605634 0.185516
 10755.000000 12.320699 1.614034 0.130069
 10758.000000 12.314685 1.606965 0.155887
 10761.000000 12.256612 1.603782 0.172413
 10764.000000 12.187166 1.614920 0.162979
 10767.000000 12.229591 1.608916 0.144300
 10770.000000 12.276374 1.578888 0.129787
 10773.000000 12.246567 1.599204 0.144650
 10776.000000 12.269218 1.602102 0.140942
 10779.000000 12.311013 1.588057 0.163760
 10782.000000 12.292574 1.587875 0.165569
 10785.000000 12.317329 1.577787 0.193552
 10788.000000 12.380936 1.564502 0.205190
 10791.000000 12.381770 1.553115 0.185786
 10794.000000 12.385351 1.534044 0.214248
 10797.000000 12.417925 1.531229 0.181306
 10800.000000 12.496379 1.548148 0.146967
 10803.000000 12.519792 1.565008 0.197925
 10806.000000 12.488877 1.537690 0.188249
 10809.000000 12.489235 1.553966 0.193188
 10812.000000 12.482899 1.557721 0.137116
 10815.000000 12.511469 1.576299 0.121261
 10818.000000 12.386748 1.580623 0.105811
 10821.000000 12.388159 1.573269 0.139398
 10824.000000 12.282540 1.560682 0.166755
 10827.000000 12.300519 1.553055 0.144793
 10830.000000 12.370399 1.530303 0.152627
 10833.000000 12.363365 1.532182 0.086164
 10836.000000 12.310672 1.538076 0.125217
 10839.000000 12.369523 1.539599 0.096970
 10842.000000 12.340307 1.552927 0.140939
 10845.000000 12.306806 1.499851 0.081095
 10848.000000 12.344877 1.497993 0.086138
 10851.000000 12.356935 1.494265 0.106063
 10854.000000 12.345544 1.540029 0.048748
 10857.000000 12.400795 1.561619 0.083042
 10860.000000 12.290458 1.556262 0.069476
 10863.000000 12.298739 1.561584 0.105077
 10866.000000 12.301031 1.570627 0.082029
 10869.000000 12.321878 1.564469 0.139470
 10872.000000 12.345325 1.568188 0.122985
 10875.000000 12.428927 1.586003 0.110066
 10878.000000 12.453475 1.557357 0.144474
 10881.000000 12.421714 1.549363 0.125239
 10884.000000 12.379592 1.510351 0.150293
 10887.000000 12.328082 1.526181 0.165404
 10890.000000 12.298799 1.555027 0.121258
 10893.000000 12.334486 1.547862 0.113399
 10896.000000 12.458394 1.535876 0.110543
 10899.000000 12.446393 1.543209 0.118983
 10902.000000 12.421422 1.564109 0.110732
 10905.000000 12.440788 1.537710 0.093771
 10908.000000 12.452915 1.548625 0.100066
 10911.000000 12.484830 1.542349 0.100896
 10914.000000 12.469939 1.536047 0.073998
 10917.000000 12.397744 1.525349 0.057654
 10920.000000 12.359293 1.546317 0.060968
 10923.000000 12.334833 1.527454 0.087101
 10926.000000 12.322364 1.531294 0.101174
 10929.000000 12.378454 1.518847 0.090074
 10932.000000 12.384744 1.526993 0.118462
 10935.000000 12.383486 1.530685 0.067985
 10938.000000 12.413030 1.552250 0.096832
 10941.000000 12.322141 1.546289 0.068239
 10944.000000 12.266281 1.543893 0.080677
 10947.000000 12.301468 1.565435 0.080582
 10950.000000 12.275314 1.580426 0.110905
 10953.000000 12.257783 1.550492 0.113204
 10956.000000 12.261594 1.604090 0.135145
 10959.000000 12.228331 1.573300 0.113450
 10962.000000 12.261511 1.571644 0.089966
 10965.000000 12.197313 1.559588 0.073944
 10968.000000 12.241947 1.570034 0.096448
 10971.000000 12.273949 1.558086 0.055777
 10974.000000 12.227843 1.547576 0.054936
 10977.000000 12.243558 1.534335 0.040652
 10980.000000 12.315428 1.520590 0.047404
 10983.000000 12.283373 1.547619 0.092111
 10986.000000 12.327205 1.572113 0.090918
 10989.000000 12.251890 1.591721 0.110164
 10992.000000 12.259498 1.592871 0.109635
 10995.000000 12.294982 1.586431 0.104910
 10998.000000 12.321408 1.602727 0.152116
 11001.000000 12.293243 1.595184 0.156489
 11004.000000 12.261785 1.569235 0.117338
 11007.000000 12.222883 1.586424 0.126563
 11010.000000 12.255384 1.586989 0.153043
 11013.000000 12.373971 1.571799 0.148158
 11016.000000 12.294576 1.542826 0.133987
 11019.000000 12.224790 1.536588 0.131554
 11022.000000 12.154675 1.528408 0.149752
 11025.000000 12.208671 1.553116 0.158096
 11028.000000 12.189025 1.547792 0.157690
 11031.000000 12.205268 1.519326 0.157520
 11034.000000 12.213802 1.529361 0.152551
 11037.000000 12.303560 1.555597 0.123941
 11040.000000 12.273776 1.568602 0.116493
 11043.000000 12.245300 1.583843 0.128483
 11046.000000 12.340969 1.566704 0.102467
 11049.000000 12.343099 1.547225 0.097589
 11052.000000 12.377489 1.543875 0.124724
 11055.000000 12.356187 1.539364 0.136817
 11058.000000 12.305808 1.529789 0.127674
 11061.000000 12.283393 1.526451 0.092933
 11064.000000 12.378170 1.536808 0.071373
 11067.000000 12.210220 1.536368 0.107512
 11070.000000 12.185688 1.508451 0.104746
 11073.000000 12.219718 1.489774 0.116414
 11076.000000 12.194026 1.507671 0.174560
 11079.000000 12.201788 1.502643 0.154672
 11082.000000 12.150901 1.505473 0.137028
 11085.000000 12.149383 1.505193 0.118998
 11088.000000 12.228492 1.537801 0.163296
 11091.000000 12.302800 1.540709 0.139504
 11094.000000 12.310693 1.562643 0.119953
 11097.000000 12.309181 1.579145 0.118815
 11100.000000 12.241697 1.572271 0.120666
 11103.000000 12.275507 1.566124 0.099776
 11106.000000 12.231365 1.559144 0.131842
 11109.000000 12.129773 1.570739 0.089699
 11112.000000 12.075861 1.575771 0.090941
 11115.000000 12.081641 1.543951 0.098099
 11118.000000 12.178895 1.551609 0.126724
 11121.000000 12.147525 1.564582 0.183439
 11124.000000 12.161252 1.561202 0.141646
 11127.000000 12.262278 1.574516 0.138871
 11130.000000 12.285745 1.585204 0.138535
 11133.000000 12.277220 1.566038 0.150548
 11136.000000 12.275501 1.545212 0.190078
 11139.000000 12.308803 1.523154 0.209917
 11142.000000 12.260311 1.533404 0.161946
 11145.000000 12.322746 1.550721 0.175039
 11148.000000 12.326439 1.530998 0.169736
 11151.000000 12.325101 1.546614 0.127720
 11154.000000 12.345772 1.568070 0.141354
 11157.000000 12.320484 1.563316 0.155773
 11160.000000 12.319034 1.578705 0.155896
 11163.000000 12.279590 1.587670 0.147177
 11166.000000 12.304435 1.597764 0.130809
 11169.000000 12.285148 1.590185 0.155628
 11172.000000 12.248916 1.620698 0.164359
 11175.000000 12.269779 1.583764 0.167886
 11178.000000 12.254034 1.599845 0.171631
 11181.000000 12.243790 1.602804 0.188445
 11184.000000 12.183628 1.596376 0.192157
 11187.000000 12.180387 1.610314 0.158297
 11190.000000 12.179605 1.634763 0.161156
 11193.000000 12.199855 1.621788 0.180977
 11196.000000 12.270678 1.623833 0.180177
 11199.000000 12.299407 1.627072 0.158403
 11202.000000 12.342259 1.616207 0.159709
 11205.000000 12.293751 1.601448 0.126856
 11208.000000 12.263493 1.595735 0.159212
 11211.000000 12.218155 1.594461 0.132368
 11214.000000 12.214971 1.571274 0.176666
 11217.000000 12.172623 1.555437 0.178360
 11220.000000 12.210880 1.563363 0.180675
 11223.000000 12.321748 1.568371 0.142888
 11226.000000 12.322251 1.574509 0.153639
 11229.000000 12.305335 1.538829 0.182445
 11232.000000 12.276634 1.554504 0.194855
 11235.000000 12.254157 1.570625 0.158389
 11238.000000 12.403291 1.575767 0.131691
 11241.000000 12.391019 1.566469 0.144955
 11244.000000 12.431541 1.563208 0.147969
 11247.000000 12.393174 1.539742 0.140750
 11250.000000 12.363306 1.552580 0.162156
 11253.000000 12.358702 1.545992 0.193492
 11256.000000 12.410326 1.541662 0.174698
 11259.000000 12.519845 1.567677 0.164361
 11262.000000 12.518522 1.564153 0.158261
 11265.000000 12.533567 1.560327 0.152046
 11268.000000 12.485386 1.538064 0.187098
 11271.000000 12.446326 1.522999 0.171036
 11274.000000 12.455800 1.546653 0.125148
 11277.000000 12.477383 1.555559 0.124686
 11280.000000 12.528660 1.542860 0.148725
 11283.000000 12.452473 1.532692 0.134889
 11286.000000 12.451519 1.522739 0.137854
 11289.000000 12.495898 1.515683 0.142246
 11292.000000 12.373811 1.517635 0.163168
 11295.000000 12.341993 1.530727 0.134649
 11298.000000 12.387711 1.530982 0.132949
 11301.000000 12.404495 1.500938 0.117543
 11304.000000 12.432359 1.510337 0.126746
 11307.000000 12.421580 1.520370 0.107840
 11310.000000 12.494981 1.537903 0.147600
 11313.000000 12.508252 1.547980 0.131033
 11316.000000 12.595655 1.551729 0.121461
 11319.000000 12.563580 1.559470 0.126735
 11322.000000 12.480424 1.523377 0.110578
 11325.000000 12.412029 1.541199 0.075287
 11328.000000 12.462686 1.556300 0.091819
 11331.000000 12.428934 1.580622 0.071369
 11334.000000 12.520852 1.598261 0.043185
 11337.000000 12.514804 1.556784 0.101533
 11340.000000 12.521564 1.559241 0.088067
 11343.000000 12.369668 1.578463 0.114859
 11346.000000 12.335223 1.568338 0.138157
 11349.000000 12.388151 1.583244 0.129481
 11352.000000 12.364238 1.574286 0.138416
 11355.000000 12.403637 1.579702 0.165826
 11358.000000 12.447253 1.573762 0.195016
 11361.000000 12.495194 1.556660 0.191100
 11364.000000 12.484743 1.565891 0.237818
 11367.000000 12.515589 1.530805 0.199875
 11370.000000 12.496282 1.551308 0.165946
 11373.000000 12.400364 1.549358 0.192592
 11376.000000 12.470984 1.554650 0.175351
 11379.000000 12.442875 1.542535 0.181462
 11382.000000 12.538091 1.523746 0.155421
 11385.000000 12.533873 1.509945 0.152295
 11388.000000 12.487928 1.490111 0.150232
 11391.000000 12.461145 1.510726 0.169166
 11394.000000 12.404206 1.524021 0.178963
 11397.000000 12.409209 1.527914 0.211169
 11400.000000 12.433861 1.528092 0.203175
 11403.000000 12.406123 1.542911 0.204063
 11406.000000 12.445666 1.530903 0.235670
 11409.000000 12.435927 1.515060 0.196810
 11412.000000 12.514458 1.555817 0.160928
 11415.000000 12.378285 1.544545 0.184096
 11418.000000 12.414921 1.561314 0.136737
 11421.000000 12.346757 1.547829 0.149876
 11424.000000 12.442141 1.598643 0.153075
 11427.000000 12.386338 1.565317 0.171296
 11430.000000 12.307965 1.586443 0.182817
 11433.000000 12.281425 1.535026 0.237705
 11436.000000 12.465001 1.540159 0.227732
 11439.000000 12.475176 1.576547 0.220739
 11442.000000 12.374914 1.574454 0.189207
 11445.000000 12.441553 1.574716 0.209228
 11448.000000 12.503293 1.598728 0.192400
 11451.000000 12.498629 1.587616 0.185940
 11454.000000 12.514104 1.600880 0.159838
 11457.000000 12.394990 1.585328 0.183821
 11460.000000 12.420664 1.587803 0.179953
 11463.000000 12.341428 1.608603 0.143816
 11466.000000 12.341459 1.614724 0.128155
 11469.000000 12.367864 1.587435 0.132521
 11472.000000 12.379239 1.594778 0.158472
 11475.000000 12.360979 1.587434 0.156281
 11478.000000 12.421314 1.602730 0.172426
 11481.000000 12.551169 1.630654 0.157647
 11484.000000 12.505048 1.612162 0.141884
 11487.000000 12.465618 1.631858 0.153919
 11490.000000 12.401612 1.626856 0.158063
 11493.000000 12.332328 1.641511 0.157614
 11496.000000 12.339091 1.634864 0.136557
 11499.000000 12.256998 1.632088 0.147061
 11502.000000 12.294598 1.650013 0.157041
 11505.000000 12.256296 1.654162 0.153446
 11508.000000 12.362045 1.671333 0.131132
 11511.000000 12.387840 1.647182 0.147514
 11514.000000 12.386688 1.646647 0.187534
 11517.000000 12.457716 1.626747 0.212323
 11520.000000 12.523750 1.628460 0.162412
 11523.000000 12.535350 1.624320 0.157238
 11526.000000 12.543619 1.612669 0.159750
 11529.000000 12.476924 1.608748 0.151977
 11532.000000 12.552805 1.612891 0.166484
 11535.000000 12.621906 1.607021 0.161627
 11538.000000 12.615501 1.593470 0.164991
 11541.000000 12.579687 1.590220 0.172512
 11544.000000 12.504208 1.598301 0.129966
 11547.000000 12.450962 1.581624 0.133827
 11550.000000 12.447450 1.597235 0.147806
 11553.000000 12.322186 1.605528 0.133538
 11556.000000 12.305893 1.588785 0.113886
 11559.000000 12.403901 1.558900 0.141706
 11562.000000 12.439067 1.606109 0.164239
 11565.000000 12.307909 1.599030 0.123775
 11568.000000 12.338576 1.654799 0.126365
 11571.000000 12.266138 1.624152 0.136994
 11574.000000 12.301324 1.641164 0.130497
 11577.000000 12.318161 1.651660 0.095836
 11580.000000 12.296833 1.630496 0.117194
 11583.000000 12.305868 1.600061 0.151438
 11586.000000 12.290948 1.585534 0.119861
 11589.000000 12.279875 1.607848 0.102453
 11592.000000 12.323971 1.613408 0.111225
 11595.000000 12.288950 1.638750 0.100310
 11598.000000 12.299609 1.667519 0.123770
 11601.000000 12.383228 1.633836 0.139776
 11604.000000 12.393554 1.613066 0.128789
 11607.000000 12.442982 1.627283 0.139390
 11610.000000 12.417186 1.635979 0.152275
 11613.000000 12.375280 1.622306 0.099441
 11616.000000 12.368259 1.612011 0.096824
 11619.000000 12.304334 1.604214 0.117404
 11622.000000 12.376616 1.602447 0.087398
 11625.000000 12.367021 1.567376 0.093840
 11628.000000 12.298943 1.562941 0.111454
 11631.000000 12.368888 1.547313 0.126281
 11634.000000 12.328684 1.555489 0.117753
 11637.000000 12.443090 1.563961 0.102183
 11640.000000 12.413044 1.553377 0.117872
 11643.000000 12.417585 1.582751 0.075535
 11646.000000 12.464167 1.604002 0.078794
 11649.000000 12.458497 1.597270 0.101850
 11652.000000 12.452594 1.595487 0.115509
 11655.000000 12.458080 1.604121 0.158697
 11658.000000 12.458925 1.611396 0.121834
 11661.000000 12.474780 1.617786 0.133584
 11664.000000 12.484027 1.617702 0.147236
 11667.000000 12.414569 1.598711 0.131057
 11670.000000 12.393582 1.629230 0.125884
 11673.000000 12.361755 1.613510 0.130807
 11676.000000 12.381408 1.611132 0.123761
 11679.000000 12.333649 1.583323 0.128943
 11682.000000 12.425375 1.594106 0.147664
 11685.000000 12.465037 1.582153 0.106833
 11688.000000 12.456873 1.584330 0.103490
 11691.000000 12.482329 1.576441 0.145001
 11694.000000 12.506635 1.581457 0.135214
 11697.000000 12.542328 1.575819 0.146839
 11700.000000 12.502542 1.564352 0.156056
 11703.000000 12.434751 1.598434 0.144304
 11706.000000 12.388778 1.591213 0.138120
 11709.000000 12.430621 1.569282 0.174340
 11712.000000 12.519487 1.569909 0.143822
 11715.000000 12.451785 1.577243 0.134136
 11718.000000 12.409797 1.572634 0.141294
 11721.000000 12.381953 1.568808 0.138749
 11724.000000 12.373168 1.564473 0.126158
 11727.000000 12.407452 1.566893 0.136626
 11730.000000 12.445514 1.536418 0.132898
 11733.000000 12.448995 1.558553 0.122787
 11736.000000 12.531597 1.538914 0.144334
 11739.000000 12.390686 1.577037 0.118354
 11742.000000 12.475412 1.571230 0.141105
 11745.000000 12.454560 1.585363 0.137641
 11748.000000 12.520099 1.580350 0.081773
 11751.000000 12.506396 1.569389 0.102143
 11754.000000 12.458613 1.576473 0.112925
 11757.000000 12.529322 1.557296 0.114871
 11760.000000 12.549503 1.587390 0.104208
 11763.000000 12.414005 1.569190 0.115685
 11766.000000 12.434037 1.589086 0.072880
 11769.000000 12.359209 1.574842 0.119462
 11772.000000 12.299445 1.534066 0.122467
 11775.000000 12.316400 1.563775 0.128151
 11778.000000 12.403009 1.522013 0.148381
 11781.000000 12.293411 1.507491 0.161211
 11784.000000 12.304116 1.510822 0.173408
 11787.000000 12.368336 1.521355 0.135368
 11790.000000 12.415341 1.524272 0.124426
 11793.000000 12.501119 1.524836 0.143540
 11796.000000 12.454006 1.517786 0.140797
 11799.000000 12.455743 1.530398 0.131834
 11802.000000 12.489080 1.555292 0.152872
 11805.000000 12.490530 1.557124 0.096418
 11808.000000 12.435685 1.551247 0.088579
 11811.000000 12.429753 1.567149 0.081446
 11814.000000 12.449979 1.529865 0.076932
 11817.000000 12.457903 1.550403 0.105369
 11820.000000 12.496016 1.566398 0.094697
 11823.000000 12.416031 1.561444 0.086996
 11826.000000 12.411222 1.511940 0.108163
 11829.000000 12.397486 1.534460 0.115726
 11832.000000 12.403888 1.484026 0.168180
 11835.000000 12.445295 1.509603 0.147777
 11838.000000 12.445652 1.532617 0.102092
 11841.000000 12.427510 1.491863 0.129910
 11844.000000 12.452104 1.529391 0.140699
 11847.000000 12.435925 1.542547 0.117697
 11850.000000 12.581974 1.507766 0.114328
 11853.000000 12.419987 1.497152 0.150982
 11856.000000 12.408481 1.520928 0.159536
 11859.000000 12.355423 1.521351 0.166991
 11862.000000 12.387656 1.547966 0.128358
 11865.000000 12.469907 1.553782 0.162497
 11868.000000 12.426278 1.542630 0.178766
 11871.000000 12.422249 1.525749 0.185655
 11874.000000 12.459230 1.532539 0.208143
 11877.000000 12.468381 1.558234 0.140042
 11880.000000 12.386221 1.528180 0.140233
 11883.000000 12.272986 1.538145 0.139747
 11886.000000 12.240059 1.556510 0.136638
 11889.000000 12.269883 1.547267 0.135745
 11892.000000 12.329423 1.541900 0.166727
 11895.000000 12.311327 1.592103 0.125050
 11898.000000 12.264917 1.561134 0.167677
 11901.000000 12.349712 1.567448 0.131210
 11904.000000 12.344798 1.557741 0.143734
 11907.000000 12.339680 1.547941 0.132892
 11910.000000 12.378024 1.558508 0.125894
 11913.000000 12.404589 1.528391 0.154369
 11916.000000 12.352908 1.512491 0.155671
 11919.000000 12.300563 1.508360 0.149204
 11922.000000 12.303638 1.546103 0.171488
 11925.000000 12.287597 1.534762 0.165344
 11928.000000 12.303665 1.517409 0.164918
 11931.000000 12.169861 1.562528 0.145919
 11934.000000 12.261884 1.554492 0.169532
 11937.000000 12.253067 1.549732 0.179615
 11940.000000 12.356445 1.510732 0.167363
 11943.000000 12.369947 1.547749 0.182886
 11946.000000 12.425769 1.541589 0.126297
 11949.000000 12.395554 1.528667 0.204932
 11952.000000 12.495551 1.531991 0.204962
 11955.000000 12.438684 1.556695 0.164256
 11958.000000 12.453122 1.577214 0.108235
 11961.000000 12.441554 1.537224 0.138276
 11964.000000 12.472257 1.539503 0.146948
 11967.000000 12.390607 1.531407 0.160121
 11970.000000 12.401437 1.542184 0.154404
 11973.000000 12.434080 1.553183 0.173897
 11976.000000 12.408588 1.590831 0.132191
 11979.000000 12.407227 1.595233 0.151874
 11982.000000 12.428922 1.603093 0.123263
 11985.000000 12.505789 1.585385 0.167017
 11988.000000 12.467160 1.613659 0.166174
 11991.000000 12.373150 1.581418 0.175202
 11994.000000 12.360258 1.562733 0.205336
 11997.000000 12.374318 1.553951 0.165823
 12000.000000 12.286286 1.564989 0.160056
 12003.000000 12.333629 1.556465 0.142420
 12006.000000 12.368268 1.560637 0.123035
 12009.000000 12.436721 1.530106 0.148888
 12012.000000 12.447431 1.553165 0.135434
 12015.000000 12.327464 1.561633 0.146379
 12018.000000 12.322192 1.556503 0.173052
 12021.000000 12.328264 1.551374 0.165686
 12024.000000 12.328877 1.530267 0.182992
 12027.000000 12.381757 1.578990 0.174005
 12030.000000 12.322500 1.579132 0.173744
 12033.000000 12.292946 1.570858 0.155880
 12036.000000 12.253955 1.596741 0.171531
 12039.000000 12.336306 1.610662 0.164353
 12042.000000 12.342339 1.608484 0.187100
 12045.000000 12.369954 1.614800 0.149691
 12048.000000 12.468630 1.598893 0.150532
 12051.000000 12.491773 1.588993 0.142163
 12054.000000 12.543811 1.582220 0.142201
 12057.000000 12.396643 1.567342 0.116369
 12060.000000 12.472767 1.549608 0.150967
 12063.000000 12.404633 1.556077 0.178790
 12066.000000 12.444028 1.550002 0.151092
 12069.000000 12.448243 1.548030 0.160282
 12072.000000 12.519341 1.546246 0.168448
 12075.000000 12.501718 1.557260 0.165026
 12078.000000 12.441757 1.568851 0.140469
 12081.000000 12.437297 1.560467 0.176312
 12084.000000 12.394319 1.578786 0.117987
 12087.000000 12.453443 1.550978 0.146130
 12090.000000 12.547069 1.536988 0.150781
 12093.000000 12.513416 1.547158 0.121797
 12096.000000 12.512567 1.543593 0.134689
 12099.000000 12.495538 1.535805 0.121829
 12102.000000 12.466383 1.539678 0.105936
 12105.000000 12.447443 1.569054 0.099524
 12108.000000 12.465137 1.583279 0.121533
 12111.000000 12.426996 1.549529 0.119545
 12114.000000 12.470058 1.569927 0.104119
 12117.000000 12.455313 1.564580 0.126023
 12120.000000 12.497573 1.575032 0.148552
 12123.000000 12.484903 1.560850 0.180720
 12126.000000 12.393199 1.526790 0.180222
 12129.000000 12.435379 1.548346 0.133789
 12132.000000 12.442212 1.554324 0.162014
 12135.000000 12.415830 1.530530 0.168107
 12138.000000 12.367179 1.535068 0.113747
 12141.000000 12.430321 1.535305 0.115470
 12144.000000 12.310476 1.540984 0.147261
 12147.000000 12.363803 1.511875 0.162610
 12150.000000 12.280083 1.508243 0.166448
 12153.000000 12.326436 1.535949 0.155804
 12156.000000 12.303597 1.539717 0.165707
 12159.000000 12.346237 1.517657 0.202546
 12162.000000 12.383149 1.499625 0.174598
 12165.000000 12.407637 1.516437 0.169423
 12168.000000 12.279198 1.516168 0.155675
 12171.000000 12.384524 1.545685 0.145956
 12174.000000 12.378178 1.520858 0.177379
 12177.000000 12.382817 1.540804 0.156668
 12180.000000 12.424367 1.554741 0.161776
 12183.000000 12.443352 1.536102 0.141094
 12186.000000 12.326177 1.568294 0.114666
 12189.000000 12.341818 1.549174 0.148482
 12192.000000 12.283621 1.546287 0.166391
 12195.000000 12.397545 1.565583 0.174198
 12198.000000 12.371991 1.585436 0.189228
 12201.000000 12.489006 1.576317 0.200746
 12204.000000 12.432668 1.596035 0.169804
 12207.000000 12.415736 1.592797 0.141393
 12210.000000 12.325593 1.588553 0.162315
 12213.000000 12.313275 1.605566 0.144619
 12216.000000 12.362916 1.622136 0.134106
 12219.000000 12.218043 1.638217 0.123362
 12222.000000 12.228210 1.621300 0.157154
 12225.000000 12.218224 1.594211 0.108083
 12228.000000 12.218381 1.631914 0.128696
 12231.000000 12.249429 1.628225 0.087423
 12234.000000 12.281006 1.594032 0.070184
 12237.000000 12.359744 1.595729 0.123498
 12240.000000 12.432030 1.558478 0.123342
 12243.000000 12.447838 1.555729 0.120097
 12246.000000 12.422157 1.562529 0.129375
 12249.000000 12.419956 1.539193 0.123935
 12252.000000 12.454419 1.542085 0.141810
 12255.000000 12.412144 1.544022 0.164472
 12258.000000 12.414365 1.548678 0.165951
 12261.000000 12.400776 1.562275 0.106882
 12264.000000 12.420594 1.567369 0.091326
 12267.000000 12.348772 1.580536 0.086361
 12270.000000 12.387097 1.579985 0.124309
 12273.000000 12.357239 1.603993 0.122303
 12276.000000 12.419788 1.562889 0.158519
 12279.000000 12.457617 1.597864 0.123434
 12282.000000 12.497881 1.599855 0.142139
 12285.000000 12.482466 1.599621 0.116692
 12288.000000 12.526993 1.584527 0.147766
 12291.000000 12.505755 1.563611 0.176010
 12294.000000 12.454811 1.553695 0.177400
 12297.000000 12.576117 1.551458 0.177756
 12300.000000 12.474476 1.528236 0.174063
 12303.000000 12.520904 1.568741 0.152898
 12306.000000 12.485840 1.533780 0.186218
 12309.000000 12.462558 1.547390 0.176261
 12312.000000 12.522539 1.551086 0.158738
 12315.000000 12.473490 1.568328 0.147123
 12318.000000 12.511388 1.558495 0.210264
 12321.000000 12.517371 1.573549 0.176612
 12324.000000 12.475062 1.568922 0.167443
 12327.000000 12.371323 1.566044 0.172472
 12330.000000 12.450178 1.574288 0.190077
 12333.000000 12.484933 1.594945 0.176002
 12336.000000 12.416568 1.566768 0.200251
 12339.000000 12.479225 1.587701 0.196251
 12342.000000 12.460159 1.584805 0.171242
 12345.000000 12.485065 1.561101 0.206054
 12348.000000 12.509228 1.555982 0.200722
 12351.000000 12.544743 1.572939 0.190371
 12354.000000 12.619864 1.563013 0.204010
 12357.000000 12.604867 1.548409 0.234668
 12360.000000 12.597826 1.536436 0.218236
 12363.000000 12.659143 1.559897 0.189274
 12366.000000 12.608277 1.568497 0.167415
 12369.000000 12.596140 1.551894 0.186954
 12372.000000 12.623662 1.583360 0.151384
 12375.000000 12.591011 1.599331 0.119021
 12378.000000 12.552554 1.569979 0.167480
 12381.000000 12.577820 1.574961 0.155745
 12384.000000 12.494995 1.589946 0.119418
 12387.000000 12.548788 1.583566 0.146189
 12390.000000 12.446574 1.587704 0.121672
 12393.000000 12.487862 1.595929 0.131426
 12396.000000 12.388419 1.568676 0.153935
 12399.000000 12.376127 1.567888 0.177836
 12402.000000 12.435922 1.557216 0.194313
 12405.000000 12.354850 1.526070 0.210437
 12408.000000 12.287614 1.540598 0.205865
 12411.000000 12.351402 1.550449 0.185351
 12414.000000 12.389676 1.543542 0.156402
 12417.000000 12.343760 1.554307 0.129337
 12420.000000 12.373463 1.565015 0.155225
 12423.000000 12.372569 1.571550 0.172602
 12426.000000 12.451110 1.569857 0.193604
 12429.000000 12.451760 1.564263 0.195368
 12432.000000 12.443401 1.580205 0.226387
 12435.000000 12.530316 1.585542 0.231817
 12438.000000 12.441250 1.555149 0.234888
 12441.000000 12.478339 1.586383 0.216791
 12444.000000 12.448275 1.571076 0.228115
 12447.000000 12.442261 1.616625 0.187672
 12450.000000 12.488916 1.584024 0.196019
 12453.000000 12.532768 1.590958 0.176243
 12456.000000 12.550403 1.604697 0.175970
 12459.000000 12.566658 1.616381 0.174203
 12462.000000 12.614535 1.585402 0.212396
 12465.000000 12.562351 1.600436 0.191935
 12468.000000 12.547569 1.627409 0.148114
 12471.000000 12.567970 1.618831 0.184166
 12474.000000 12.523717 1.631945 0.159305
 12477.000000 12.516077 1.605233 0.176641
 12480.000000 12.484420 1.587251 0.183987
 12483.000000 12.419152 1.577420 0.187222
 12486.000000 12.410076 1.581031 0.151381
 12489.000000 12.392894 1.579821 0.157612
 12492.000000 12.338567 1.549542 0.200046
 12495.000000 12.419072 1.559376 0.165192
 12498.000000 12.348107 1.580032 0.146385
 12501.000000 12.358804 1.582023 0.151797
 12504.000000 12.303870 1.612265 0.139189
 12507.000000 12.316835 1.585700 0.177156
 12510.000000 12.396738 1.574351 0.184975
 12513.000000 12.435113 1.585472 0.169343
 12516.000000 12.337211 1.587476 0.176891
 12519.000000 12.322827 1.589257 0.176149
 12522.000000 12.310490 1.606868 0.182824
 12525.000000 12.325356 1.589890 0.194984
 12528.000000 12.325645 1.575837 0.196362
 12531.000000 12.377816 1.570687 0.196139
 12534.000000 12.414122 1.579675 0.216080
 12537.000000 12.466546 1.580262 0.210938
 12540.000000 12.412770 1.585580 0.217139
 12543.000000 12.408456 1.592158 0.195578
 12546.000000 12.390262 1.584497 0.209916
 12549.000000 12.464416 1.589059 0.214783
 12552.000000 12.496271 1.581898 0.197517
 12555.000000 12.480080 1.540194 0.238427
 12558.000000 12.458194 1.549008 0.212322
 12561.000000 12.409076 1.550827 0.208235
 12564.000000 12.463125 1.565930 0.155179
 12567.000000 12.534504 1.576199 0.194804
 12570.000000 12.509176 1.549825 0.160345
 12573.000000 12.486392 1.529514 0.158101
 12576.000000 12.435957 1.524839 0.164524
 12579.000000 12.400858 1.530452 0.181101
 12582.000000 12.398382 1.540052 0.158211
 12585.000000 12.452963 1.550482 0.171240
 12588.000000 12.510755 1.544537 0.170872
 12591.000000 12.499590 1.551543 0.133962
 12594.000000 12.492975 1.547575 0.175752
 12597.000000 12.547379 1.546768 0.184052
 12600.000000 12.432380 1.585124 0.131279
 12603.000000 12.500103 1.561525 0.193938
 12606.000000 12.505293 1.570154 0.179707
 12609.000000 12.408785 1.586686 0.178829
 12612.000000 12.312146 1.582072 0.201824
 12615.000000 12.351887 1.580150 0.181999
 12618.000000 12.405253 1.596332 0.165220
 12621.000000 12.335462 1.557664 0.182193
 12624.000000 12.367365 1.579907 0.145396
 12627.000000 12.488638 1.583634 0.144318
 12630.000000 12.398448 1.552523 0.163388
 12633.000000 12.364880 1.532922 0.184805
 12636.000000 12.297710 1.554027 0.171195
 12639.000000 12.252073 1.577695 0.132642
 12642.000000 12.310323 1.599302 0.137782
 12645.000000 12.318145 1.600433 0.097491
 12648.000000 12.307305 1.607032 0.117289
 12651.000000 12.290895 1.611246 0.117216
 12654.000000 12.268234 1.605438 0.110813
 12657.000000 12.312259 1.612501 0.116565
 12660.000000 12.384447 1.588419 0.130581
 12663.000000 12.428583 1.607825 0.117210
 12666.000000 12.411275 1.602478 0.142274
 12669.000000 12.372306 1.556524 0.174743
 12672.000000 12.392687 1.554558 0.169084
 12675.000000 12.281984 1.558946 0.146267
 12678.000000 12.236784 1.560319 0.145962
 12681.000000 12.285015 1.550564 0.131199
 12684.000000 12.358743 1.548277 0.145149
 12687.000000 12.483896 1.535963 0.164475
 12690.000000 12.446755 1.577295 0.139306
 12693.000000 12.471219 1.574011 0.135331
 12696.000000 12.415231 1.566257 0.148173
 12699.000000 12.418803 1.563875 0.159852
 12702.000000 12.417913 1.545528 0.173104
 12705.000000 12.423887 1.546170 0.170564
 12708.000000 12.408994 1.564052 0.148847
 12711.000000 12.278293 1.571148 0.145500
 12714.000000 12.263643 1.593382 0.166210
 12717.000000 12.295820 1.612919 0.108556
 12720.000000 12.321382 1.598909 0.145145
 12723.000000 12.358024 1.626369 0.101007
 12726.000000 12.362051 1.604253 0.114563
 12729.000000 12.378273 1.587731 0.138342
 12732.000000 12.378630 1.563858 0.168319
 12735.000000 12.412166 1.565213 0.122365
 12738.000000 12.438233 1.560556 0.150696
 12741.000000 12.499640 1.560737 0.126235
 12744.000000 12.487022 1.562650 0.123678
 12747.000000 12.409863 1.561937 0.119491
 12750.000000 12.372989 1.580778 0.103761
 12753.000000 12.557640 1.573383 0.130011
 12756.000000 12.515474 1.556521 0.140770
 12759.000000 12.461413 1.575352 0.126193
 12762.000000 12.381802 1.584323 0.113872
 12765.000000 12.435534 1.551261 0.144968
 12768.000000 12.411123 1.564315 0.121479
 12771.000000 12.458442 1.550308 0.160437
 12774.000000 12.532455 1.563442 0.084399
 12777.000000 12.458168 1.554559 0.152970
 12780.000000 12.425654 1.532597 0.127785
 12783.000000 12.315914 1.523892 0.108207
 12786.000000 12.297821 1.520979 0.114352
 12789.000000 12.375761 1.514167 0.117374
 12792.000000 12.418059 1.542815 0.118519
 12795.000000 12.354374 1.535875 0.102840
 12798.000000 12.341751 1.567494 0.121207
 12801.000000 12.452992 1.545231 0.106641
 12804.000000 12.454791 1.546043 0.127967
 12807.000000 12.461440 1.560365 0.138960
 12810.000000 12.520824 1.537440 0.151796
 12813.000000 12.470992 1.531754 0.156582
 12816.000000 12.458026 1.558949 0.158449
 12819.000000 12.363923 1.547210 0.181716
 12822.000000 12.432277 1.536513 0.179513
 12825.000000 12.328679 1.562849 0.197699
 12828.000000 12.354290 1.546120 0.156535
 12831.000000 12.381177 1.550641 0.137733
 12834.000000 12.384140 1.559703 0.118300
 12837.000000 12.389301 1.512714 0.122738
 12840.000000 12.447374 1.530456 0.101360
 12843.000000 12.386102 1.540820 0.097978
 12846.000000 12.431706 1.544789 0.093713
 12849.000000 12.467795 1.560690 0.098739
 12852.000000 12.364743 1.568276 0.109502
 12855.000000 12.449891 1.552838 0.098070
 12858.000000 12.448119 1.517855 0.134607
 12861.000000 12.364446 1.545257 0.101611
 12864.000000 12.430279 1.553548 0.145765
 12867.000000 12.412189 1.566459 0.112967
 12870.000000 12.475153 1.552217 0.082737
 12873.000000 12.454155 1.532342 0.130845
 12876.000000 12.430265 1.557334 0.070553
 12879.000000 12.426693 1.525706 0.118581
 12882.000000 12.437299 1.537861 0.134612
 12885.000000 12.490332 1.562295 0.118785
 12888.000000 12.363890 1.556462 0.110494
 12891.000000 12.415158 1.565472 0.140064
 12894.000000 12.402950 1.551028 0.130399
 12897.000000 12.373841 1.534030 0.104460
 12900.000000 12.449342 1.546746 0.092954
 12903.000000 12.395915 1.554107 0.117496
 12906.000000 12.367418 1.572042 0.128616
 12909.000000 12.347058 1.554539 0.142381
 12912.000000 12.290052 1.558161 0.125987
 12915.000000 12.360161 1.577366 0.107725
 12918.000000 12.393704 1.540523 0.096457
 12921.000000 12.414687 1.570502 0.052256
 12924.000000 12.373675 1.567898 0.062717
 12927.000000 12.315033 1.594262 0.081546
 12930.000000 12.377710 1.545824 0.066050
 12933.000000 12.377539 1.562104 0.134998
 12936.000000 12.431940 1.583200 0.146273
 12939.000000 12.432979 1.596640 0.098382
 12942.000000 12.418213 1.534660 0.128628
 12945.000000 12.475566 1.535941 0.125699
 12948.000000 12.429856 1.507539 0.097928
 12951.000000 12.545122 1.541345 0.083451
 12954.000000 12.492658 1.532552 0.092649
 12957.000000 12.493534 1.538965 0.112431
 12960.000000 12.507146 1.531639 0.135350
 12963.000000 12.389811 1.562519 0.114560
 12966.000000 12.360990 1.550019 0.118434
 12969.000000 12.475039 1.548423 0.105084
 12972.000000 12.412581 1.584906 0.140934
 12975.000000 12.486564 1.535669 0.115616
 12978.000000 12.464553 1.549120 0.138218
 12981.000000 12.442265 1.526183 0.148592
 12984.000000 12.480306 1.555130 0.164503
 12987.000000 12.470961 1.557270 0.123153
 12990.000000 12.422425 1.589094 0.098134
 12993.000000 12.507756 1.584386 0.092189
 12996.000000 12.421346 1.573480 0.129400
 12999.000000 12.429895 1.566560 0.128185
 13002.000000 12.486300 1.582624 0.122776
 13005.000000 12.411151 1.596561 0.112543
 13008.000000 12.343835 1.554436 0.101206
 13011.000000 12.270750 1.567149 0.098621
 13014.000000 12.406278 1.583789 0.111709
 13017.000000 12.320794 1.599443 0.091022
 13020.000000 12.345990 1.572874 0.131860
 13023.000000 12.298870 1.557629 0.135419
 13026.000000 12.385336 1.563450 0.110244
 13029.000000 12.319768 1.546246 0.115603
 13032.000000 12.299031 1.570995 0.122505
 13035.000000 12.277299 1.565768 0.119772
 13038.000000 12.243141 1.581712 0.101646
 13041.000000 12.207465 1.564001 0.165593
 13044.000000 12.329882 1.548397 0.176031
 13047.000000 12.382346 1.540482 0.169011
 13050.000000 12.377798 1.549806 0.127515
 13053.000000 12.396960 1.539817 0.148103
 13056.000000 12.380393 1.531494 0.143069
 13059.000000 12.381690 1.531245 0.170397
 13062.000000 12.471127 1.560330 0.152779
 13065.000000 12.471999 1.536562 0.165449
 13068.000000 12.329615 1.553107 0.158426
 13071.000000 12.238613 1.579616 0.126062
 13074.000000 12.330572 1.573069 0.145453
 13077.000000 12.392679 1.568593 0.157357
 13080.000000 12.455408 1.546001 0.135860
 13083.000000 12.527547 1.536428 0.140664
 13086.000000 12.574640 1.528591 0.183862
 13089.000000 12.514056 1.536221 0.152870
 13092.000000 12.557725 1.563782 0.118034
 13095.000000 12.515854 1.579793 0.130502
 13098.000000 12.557742 1.588230 0.133244
 13101.000000 12.605821 1.599118 0.120368
 13104.000000 12.613190 1.579780 0.120775
 13107.000000 12.548569 1.577002 0.130786
 13110.000000 12.501320 1.549976 0.105408
 13113.000000 12.503301 1.555005 0.131097
 13116.000000 12.531030 1.574109 0.148727
 13119.000000 12.544048 1.555433 0.142263
 13122.000000 12.542708 1.561344 0.123668
 13125.000000 12.606701 1.600567 0.098994
 13128.000000 12.577541 1.607469 0.071438
 13131.000000 12.608092 1.584498 0.073672
 13134.000000 12.593877 1.561831 0.101948
 13137.000000 12.536101 1.564337 0.107519
 13140.000000 12.541763 1.554018 0.126974
 13143.000000 12.602444 1.549299 0.092195
 13146.000000 12.573440 1.557324 0.091533
 13149.000000 12.611407 1.547943 0.122497
 13152.000000 12.573503 1.542030 0.125428
 13155.000000 12.542612 1.555035 0.128454
 13158.000000 12.578871 1.549030 0.105069
 13161.000000 12.563350 1.555313 0.084457
 13164.000000 12.477741 1.542251 0.114646
 13167.000000 12.525325 1.540301 0.098158
 13170.000000 12.491449 1.561810 0.073468
 13173.000000 12.405360 1.559551 0.085678
 13176.000000 12.423198 1.553054 0.107129
 13179.000000 12.395250 1.575303 0.120756
 13182.000000 12.518194 1.547577 0.111940
 13185.000000 12.492464 1.548888 0.099449
 13188.000000 12.523125 1.524885 0.101131
 13191.000000 12.516946 1.545907 0.093708
 13194.000000 12.467997 1.550131 0.088547
 13197.000000 12.457677 1.509834 0.125062
 13200.000000 12.464108 1.519426 0.114558
 13203.000000 12.442373 1.502965 0.136611
 13206.000000 12.516899 1.498312 0.098836
 13209.000000 12.517715 1.514147 0.115128
 13212.000000 12.540801 1.517566 0.083623
 13215.000000 12.482767 1.511238 0.125188
 13218.000000 12.466104 1.523010 0.116612
 13221.000000 12.533840 1.490854 0.146436
 13224.000000 12.469110 1.507439 0.105979
 13227.000000 12.462198 1.487198 0.157562
 13230.000000 12.413174 1.480869 0.169827
 13233.000000 12.446501 1.493637 0.225331
 13236.000000 12.469038 1.480185 0.242622
 13239.000000 12.469967 1.515220 0.235708
 13242.000000 12.466332 1.544410 0.235401
 13245.000000 12.410056 1.521394 0.210720
 13248.000000 12.410448 1.531465 0.164185
 13251.000000 12.375323 1.561153 0.146951
 13254.000000 12.407640 1.525786 0.167096
 13257.000000 12.376984 1.526347 0.164942
 13260.000000 12.450425 1.528661 0.186981
 13263.000000 12.402428 1.513335 0.128387
 13266.000000 12.409795 1.517125 0.162361
 13269.000000 12.404237 1.518212 0.172193
 13272.000000 12.381813 1.526737 0.162190
 13275.000000 12.358832 1.509462 0.155492
 13278.000000 12.305436 1.520121 0.150532
 13281.000000 12.377017 1.514425 0.122007
 13284.000000 12.386750 1.523476 0.123278
 13287.000000 12.352931 1.548373 0.133792
 13290.000000 12.376130 1.529084 0.125296
 13293.000000 12.259666 1.527766 0.147237
 13296.000000 12.228485 1.555890 0.109642
 13299.000000 12.242421 1.559422 0.125066
 13302.000000 12.262127 1.538300 0.133563
 13305.000000 12.300337 1.547467 0.108573
 13308.000000 12.309341 1.532338 0.148753
 13311.000000 12.303078 1.523988 0.155659
 13314.000000 12.373833 1.507741 0.141047
 13317.000000 12.341805 1.549363 0.087684
 13320.000000 12.412465 1.533937 0.121049
 13323.000000 12.399690 1.543871 0.111657
 13326.000000 12.335132 1.549477 0.103234
 13329.000000 12.371255 1.559543 0.089353
 13332.000000 12.330430 1.576302 0.104279
 13335.000000 12.329885 1.571276 0.117224
 13338.000000 12.335182 1.569116 0.133573
 13341.000000 12.345003 1.598813 0.084282
 13344.000000 12.338794 1.584021 0.101399
 13347.000000 12.420256 1.612630 0.097500
 13350.000000 12.396600 1.609051 0.115756
 13353.000000 12.373829 1.611813 0.119825
 13356.000000 12.276754 1.625373 0.105751
 13359.000000 12.301891 1.634666 0.101464
 13362.000000 12.280317 1.629020 0.114161
 13365.000000 12.320229 1.635512 0.117395
 13368.000000 12.325699 1.632923 0.128778
 13371.000000 12.354917 1.602293 0.133049
 13374.000000 12.321325 1.621811 0.109730
 13377.000000 12.366906 1.613903 0.134576
 13380.000000 12.381071 1.597793 0.149381
 13383.000000 12.364830 1.572351 0.164336
 13386.000000 12.280704 1.574696 0.147644
 13389.000000 12.285951 1.573503 0.160812
 13392.000000 12.306829 1.560922 0.139838
 13395.000000 12.241072 1.555566 0.115707
 13398.000000 12.302740 1.561407 0.129394
 13401.000000 12.288961 1.604945 0.115617
 13404.000000 12.279472 1.558172 0.167905
 13407.000000 12.298923 1.542684 0.173522
 13410.000000 12.345300 1.538639 0.163511
 13413.000000 12.329121 1.528322 0.168926
 13416.000000 12.320117 1.536315 0.162314
 13419.000000 12.289951 1.551983 0.154037
 13422.000000 12.316395 1.544932 0.168523
 13425.000000 12.275134 1.543611 0.167582
 13428.000000 12.304895 1.558532 0.182126
 13431.000000 12.301429 1.555841 0.178417
 13434.000000 12.317045 1.561389 0.169583
 13437.000000 12.346007 1.543287 0.183019
 13440.000000 12.410225 1.574207 0.137720
 13443.000000 12.396855 1.561463 0.140166
 13446.000000 12.369905 1.558354 0.159940
 13449.000000 12.339370 1.530939 0.165644
 13452.000000 12.278139 1.534763 0.166228
 13455.000000 12.334640 1.522797 0.157756
 13458.000000 12.340358 1.534436 0.133508
 13461.000000 12.447714 1.524629 0.154792
 13464.000000 12.449590 1.512314 0.174169
 13467.000000 12.446990 1.523780 0.153002
 13470.000000 12.325359 1.543228 0.109445
 13473.000000 12.332580 1.560012 0.070621
 13476.000000 12.387986 1.557791 0.100220
 13479.000000 12.409879 1.578691 0.109240
 13482.000000 12.314364 1.566217 0.150772
 13485.000000 12.503641 1.587375 0.140501
 13488.000000 12.434480 1.590187 0.110324
 13491.000000 12.488298 1.560172 0.144193
 13494.000000 12.436300 1.572368 0.136992
 13497.000000 12.412688 1.576637 0.139009
 13500.000000 12.314146 1.595000 0.141392
 13503.000000 12.270711 1.585175 0.165824
 13506.000000 12.307764 1.585397 0.136509
 13509.000000 12.288850 1.581348 0.164947
 13512.000000 12.354774 1.579946 0.151000
 13515.000000 12.368753 1.567052 0.140639
 13518.000000 12.300925 1.599867 0.154728
 13521.000000 12.278777 1.601147 0.132946
 13524.000000 12.262015 1.600918 0.140392
 13527.000000 12.298551 1.593339 0.114378
 13530.000000 12.296900 1.589228 0.131790
 13533.000000 12.353125 1.579994 0.115296
 13536.000000 12.288679 1.576986 0.126392
 13539.000000 12.241690 1.585991 0.179406
 13542.000000 12.332337 1.619901 0.121309
 13545.000000 12.359964 1.611196 0.101034
 13548.000000 12.389172 1.594059 0.143509
 13551.000000 12.364793 1.572614 0.163065
 13554.000000 12.331424 1.589448 0.146265
 13557.000000 12.302187 1.563063 0.153582
 13560.000000 12.370460 1.568080 0.105099
 13563.000000 12.377413 1.552370 0.118204
 13566.000000 12.413173 1.519079 0.136152
 13569.000000 12.409106 1.525076 0.120393
 13572.000000 12.387018 1.548249 0.111093
 13575.000000 12.341866 1.567425 0.103897
 13578.000000 12.393102 1.550717 0.100498
 13581.000000 12.499451 1.576361 0.072880
 13584.000000 12.448444 1.586175 0.086318
 13587.000000 12.450897 1.576728 0.086303
 13590.000000 12.435926 1.546904 0.076307
 13593.000000 12.476121 1.558911 0.062575
 13596.000000 12.557631 1.550736 0.043587
 13599.000000 12.489439 1.536115 0.120136
 13602.000000 12.428439 1.513346 0.125875
 13605.000000 12.456984 1.527563 0.130046
 13608.000000 12.386300 1.538053 0.104740
 13611.000000 12.493348 1.552661 0.118395
 13614.000000 12.483115 1.532526 0.119048
 13617.000000 12.493966 1.574156 0.110868
 13620.000000 12.380922 1.567520 0.101501
 13623.000000 12.418287 1.573188 0.124899
 13626.000000 12.455950 1.545465 0.148212
 13629.000000 12.478774 1.571010 0.156582
 13632.000000 12.464613 1.574767 0.135050
 13635.000000 12.475032 1.575788 0.142002
 13638.000000 12.384803 1.597404 0.148282
 13641.000000 12.405250 1.596615 0.179411
 13644.000000 12.371323 1.577254 0.138772
 13647.000000 12.417380 1.577451 0.121766
 13650.000000 12.463469 1.582264 0.144605
 13653.000000 12.535653 1.595479 0.138733
 13656.000000 12.477022 1.598697 0.151154
 13659.000000 12.345376 1.557142 0.151599
 13662.000000 12.334426 1.584194 0.143679
 13665.000000 12.443559 1.592372 0.130660
 13668.000000 12.363985 1.609801 0.120195
 13671.000000 12.413220 1.598969 0.099295
 13674.000000 12.408048 1.636080 0.096986
 13677.000000 12.473416 1.616863 0.167885
 13680.000000 12.454740 1.599118 0.162010
 13683.000000 12.531674 1.618057 0.182206
 13686.000000 12.538297 1.606894 0.145847
 13689.000000 12.508953 1.605792 0.151725
 13692.000000 12.547785 1.632668 0.151989
 13695.000000 12.615111 1.627606 0.143557
 13698.000000 12.606355 1.607095 0.137072
 13701.000000 12.527121 1.611399 0.127310
 13704.000000 12.535999 1.592716 0.104674
 13707.000000 12.484493 1.582753 0.122747
 13710.000000 12.438307 1.581857 0.104786
 13713.000000 12.364595 1.622663 0.069442
 13716.000000 12.438596 1.599945 0.075890
 13719.000000 12.419564 1.584124 0.106636
 13722.000000 12.419056 1.592565 0.087392
 13725.000000 12.416142 1.601362 0.082118
 13728.000000 12.454148 1.573884 0.106952
 13731.000000 12.386963 1.575178 0.117984
 13734.000000 12.445855 1.600354 0.135910
 13737.000000 12.387524 1.596402 0.127571
 13740.000000 12.376754 1.603788 0.129966
 13743.000000 12.375847 1.580872 0.119746
 13746.000000 12.436943 1.566389 0.168014
 13749.000000 12.470144 1.567626 0.135970
 13752.000000 12.484887 1.555793 0.159759
 13755.000000 12.469213 1.560316 0.174504
 13758.000000 12.498611 1.564743 0.169650
 13761.000000 12.503085 1.568871 0.148523
 13764.000000 12.464942 1.552790 0.165487
 13767.000000 12.410923 1.578067 0.119214
 13770.000000 12.426593 1.616283 0.118394
 13773.000000 12.305308 1.637459 0.080783
 13776.000000 12.307253 1.604014 0.141816
 13779.000000 12.371424 1.616193 0.153719
 13782.000000 12.327767 1.606827 0.148587
 13785.000000 12.253925 1.604601 0.157064
 13788.000000 12.251912 1.624366 0.123877
 13791.000000 12.211665 1.606706 0.168693
 13794.000000 12.330290 1.614723 0.146530
 13797.000000 12.267483 1.589227 0.184081
 13800.000000 12.318223 1.600887 0.182064
 13803.000000 12.303089 1.582897 0.182187
 13806.000000 12.283570 1.563860 0.200709
 13809.000000 12.296513 1.560224 0.173659
 13812.000000 12.258623 1.581905 0.152908
 13815.000000 12.249963 1.580280 0.179379
 13818.000000 12.228907 1.567630 0.168125
 13821.000000 12.221234 1.566924 0.144357
 13824.000000 12.246276 1.559129 0.160114
 13827.000000 12.313686 1.556826 0.136924
 13830.000000 12.373799 1.550095 0.178753
 13833.000000 12.407365 1.525584 0.180397
 13836.000000 12.395080 1.518465 0.209677
 13839.000000 12.343278 1.550877 0.121248
 13842.000000 12.459211 1.561164 0.145787
 13845.000000 12.259278 1.558506 0.158423
 13848.000000 12.262484 1.579638 0.138315
 13851.000000 12.240688 1.583511 0.121039
 13854.000000 12.272838 1.569521 0.164014
 13857.000000 12.276013 1.536376 0.173984
 13860.000000 12.258644 1.528888 0.195192
 13863.000000 12.273189 1.539040 0.189257
 13866.000000 12.324762 1.574678 0.139074
 13869.000000 12.324222 1.570469 0.168598
 13872.000000 12.413443 1.587283 0.149784
 13875.000000 12.406071 1.586722 0.133013
 13878.000000 12.385055 1.577308 0.146156
 13881.000000 12.310745 1.570021 0.155470
 13884.000000 12.321724 1.596592 0.172465
 13887.000000 12.290569 1.581275 0.156142
 13890.000000 12.252812 1.565833 0.141722
 13893.000000 12.283495 1.594496 0.147397
 13896.000000 12.309376 1.591058 0.138017
 13899.000000 12.257869 1.584876 0.148466
 13902.000000 12.253138 1.586721 0.168987
 13905.000000 12.233469 1.580263 0.185796
 13908.000000 12.328706 1.581845 0.209337
 13911.000000 12.357311 1.595312 0.190113
 13914.000000 12.393840 1.593964 0.183324
 13917.000000 12.335807 1.608928 0.169350
 13920.000000 12.341072 1.580455 0.177786
 13923.000000 12.294501 1.617437 0.145754
 13926.000000 12.303246 1.607700 0.189751
 13929.000000 12.331991 1.632486 0.138249
 13932.000000 12.471126 1.602677 0.142912
 13935.000000 12.367585 1.607655 0.122329
 13938.000000 12.394030 1.585503 0.175422
 13941.000000 12.342764 1.563540 0.170472
 13944.000000 12.363562 1.568307 0.173012
 13947.000000 12.393978 1.574758 0.165145
 13950.000000 12.354270 1.590655 0.167065
 13953.000000 12.348737 1.602494 0.144577
 13956.000000 12.359824 1.573127 0.181596
 13959.000000 12.346426 1.574645 0.183276
 13962.000000 12.376357 1.590980 0.166989
 13965.000000 12.437666 1.599655 0.177108
 13968.000000 12.433873 1.628695 0.153415
 13971.000000 12.396268 1.655963 0.141012
 13974.000000 12.372541 1.622558 0.177757
 13977.000000 12.344426 1.604818 0.192258
 13980.000000 12.370698 1.588411 0.207124
 13983.000000 12.329957 1.638377 0.167567
 13986.000000 12.334546 1.619069 0.138375
 13989.000000 12.370327 1.629248 0.195522
 13992.000000 12.378071 1.632017 0.184015
 13995.000000 12.340003 1.644398 0.154856
 13998.000000 12.385333 1.616006 0.194032
 14001.000000 12.403465 1.621320 0.163526
 14004.000000 12.375179 1.631290 0.125958
 14007.000000 12.405935 1.667820 0.074948
 14010.000000 12.386993 1.637842 0.111931
 14013.000000 12.363183 1.640792 0.102226
 14016.000000 12.315780 1.624282 0.112770
 14019.000000 12.319339 1.623598 0.121311
 14022.000000 12.356302 1.633224 0.150017
 14025.000000 12.332942 1.629163 0.165236
 14028.000000 12.301055 1.641681 0.183797
 14031.000000 12.293346 1.646253 0.128736
 14034.000000 12.222158 1.639457 0.131465
 14037.000000 12.262258 1.627802 0.140528
 14040.000000 12.251805 1.628839 0.111712
 14043.000000 12.287967 1.614072 0.137308
 14046.000000 12.390439 1.621901 0.155026
 14049.000000 12.320712 1.613610 0.164287
 14052.000000 12.321603 1.626779 0.154607
 14055.000000 12.419301 1.651367 0.104283
 14058.000000 12.477703 1.618534 0.169389
 14061.000000 12.485123 1.630167 0.108271
 14064.000000 12.405053 1.611239 0.152064
 14067.000000 12.499825 1.579902 0.202948
 14070.000000 12.361925 1.594850 0.160941
 14073.000000 12.380871 1.616170 0.158168
 14076.000000 12.347317 1.620296 0.136614
 14079.000000 12.440248 1.608607 0.148009
 14082.000000 12.429693 1.601147 0.140133
 14085.000000 12.307279 1.601037 0.147297
 14088.000000 12.379422 1.616529 0.148156
 14091.000000 12.338871 1.620382 0.128391
 14094.000000 12.328943 1.634586 0.100808
 14097.000000 12.354665 1.616450 0.077916
 14100.000000 12.474490 1.618673 0.090091
 14103.000000 12.489706 1.606535 0.144016
 14106.000000 12.454669 1.621673 0.098160
 14109.000000 12.420182 1.581090 0.151649
 14112.000000 12.383056 1.592360 0.130217
 14115.000000 12.380016 1.565635 0.145893
 14118.000000 12.405220 1.571150 0.104728
 14121.000000 12.333883 1.546142 0.115486
 14124.000000 12.353381 1.555829 0.154886
 14127.000000 12.303971 1.561202 0.114866
 14130.000000 12.341236 1.549454 0.138373
 14133.000000 12.416695 1.545881 0.127518
 14136.000000 12.362732 1.516899 0.147132
 14139.000000 12.434749 1.533236 0.122647
 14142.000000 12.470744 1.537689 0.121999
 14145.000000 12.442312 1.511575 0.156005
 14148.000000 12.473857 1.515897 0.148978
 14151.000000 12.463118 1.517556 0.140191
 14154.000000 12.469050 1.520407 0.165040
 14157.000000 12.471902 1.522558 0.160746
 14160.000000 12.485027 1.521183 0.163227
 14163.000000 12.523800 1.531721 0.106350
 14166.000000 12.527142 1.533644 0.103932
 14169.000000 12.567169 1.561803 0.101586
 14172.000000 12.557007 1.580486 0.098915
 14175.000000 12.515176 1.598009 0.101090
 14178.000000 12.457572 1.607514 0.133386
 14181.000000 12.483723 1.584786 0.111961
 14184.000000 12.472733 1.592265 0.080806
 14187.000000 12.444146 1.590878 0.081821
 14190.000000 12.396832 1.605752 0.115668
 14193.000000 12.437269 1.610927 0.083838
 14196.000000 12.376122 1.589549 0.148804
 14199.000000 12.436696 1.591274 0.102996
 14202.000000 12.492616 1.596320 0.153645
 14205.000000 12.548638 1.606569 0.170151
 14208.000000 12.557659 1.600662 0.123310
 14211.000000 12.519756 1.620312 0.101405
 14214.000000 12.484273 1.591001 0.122116
 14217.000000 12.452171 1.591148 0.114008
 14220.000000 12.412461 1.556479 0.135907
 14223.000000 12.378536 1.550802 0.100343
 14226.000000 12.347963 1.554426 0.093573
 14229.000000 12.304800 1.556761 0.125327
 14232.000000 12.382028 1.559117 0.121415
 14235.000000 12.331446 1.522659 0.138543
 14238.000000 12.317495 1.537925 0.160086
 14241.000000 12.390209 1.546979 0.167621
 14244.000000 12.381799 1.554454 0.121735
 14247.000000 12.311345 1.564439 0.140594
 14250.000000 12.211014 1.559651 0.127337
 14253.000000 12.241510 1.526581 0.104987
 14256.000000 12.335208 1.530969 0.061300
 14259.000000 12.322233 1.536498 0.067869
 14262.000000 12.399939 1.537382 0.076252
 14265.000000 12.442087 1.552187 0.103019
 14268.000000 12.343080 1.538292 0.115143
 14271.000000 12.364973 1.538154 0.092237
 14274.000000 12.331812 1.566389 0.099220
 14277.000000 12.398903 1.560529 0.118678
 14280.000000 12.446589 1.562726 0.108218
 14283.000000 12.421070 1.545080 0.127268
 14286.000000 12.421044 1.571821 0.119798
 14289.000000 12.374558 1.560587 0.128924
 14292.000000 12.368480 1.548328 0.085790
 14295.000000 12.437021 1.597694 0.080548
 14298.000000 12.429794 1.594445 0.107468
 14301.000000 12.418676 1.601640 0.069446
 14304.000000 12.425231 1.611145 0.107017
 14307.000000 12.440519 1.648041 0.111958
 14310.000000 12.350038 1.608872 0.056320
 14313.000000 12.379121 1.624488 0.092398
 14316.000000 12.289321 1.666570 0.109758
 14319.000000 12.270243 1.673621 0.103904
 14322.000000 12.330368 1.650534 0.085602
 14325.000000 12.328055 1.627396 0.139796
 14328.000000 12.337818 1.638162 0.107399
 14331.000000 12.356140 1.614825 0.090855
 14334.000000 12.370456 1.653434 0.131411
 14337.000000 12.333056 1.643074 0.116522
 14340.000000 12.384713 1.639949 0.102946
 14343.000000 12.329814 1.654611 0.153496
 14346.000000 12.318758 1.636316 0.137997
 14349.000000 12.237992 1.669163 0.167547
 14352.000000 12.283338 1.616752 0.116297
 14355.000000 12.413730 1.635579 0.093436
 14358.000000 12.455730 1.646423 0.089995
 14361.000000 12.372665 1.656613 0.095884
 14364.000000 12.356464 1.652004 0.121132
 14367.000000 12.332546 1.657381 0.129266
 14370.000000 12.231030 1.657711 0.134925
 14373.000000 12.134311 1.623273 0.148717
 14376.000000 12.134022 1.637415 0.163555
 14379.000000 12.238063 1.641280 0.150687
 14382.000000 12.200277 1.644788 0.153811
 14385.000000 12.154700 1.617471 0.143584
 14388.000000 12.199757 1.622814 0.146515
 14391.000000 12.153721 1.621935 0.133954
 14394.000000 12.175361 1.632455 0.137678
 14397.000000 12.164010 1.634196 0.190848
 14400.000000 12.280378 1.631036 0.172829
 14403.000000 12.312617 1.641052 0.152947
 14406.000000 12.355176 1.623698 0.145812
 14409.000000 12.369934 1.608420 0.117271
 14412.000000 12.370826 1.603122 0.177806
 14415.000000 12.277843 1.609781 0.141845
 14418.000000 12.191605 1.584345 0.157298
 14421.000000 12.181969 1.597796 0.142603
 14424.000000 12.213760 1.584507 0.176248
 14427.000000 12.155337 1.585788 0.189374
 14430.000000 12.243916 1.578502 0.177048
 14433.000000 12.251679 1.592311 0.174394
 14436.000000 12.263244 1.560407 0.165832
 14439.000000 12.279255 1.564149 0.148615
 14442.000000 12.298815 1.557456 0.137531
 14445.000000 12.275851 1.559250 0.151434
 14448.000000 12.350577 1.547553 0.136468
 14451.000000 12.374325 1.556501 0.174245
 14454.000000 12.312768 1.535089 0.165953
 14457.000000 12.325839 1.572392 0.187558
 14460.000000 12.448144 1.611991 0.152169
 14463.000000 12.469587 1.592803 0.143696
 14466.000000 12.484368 1.573484 0.178844
 14469.000000 12.471060 1.562941 0.172148
 14472.000000 12.431324 1.559337 0.139998
 14475.000000 12.373533 1.581767 0.126061
 14478.000000 12.310268 1.588052 0.118702
 14481.000000 12.389367 1.583924 0.118613
 14484.000000 12.415961 1.568848 0.095137
 14487.000000 12.409456 1.594550 0.092774
 14490.000000 12.422266 1.591620 0.115707
 14493.000000 12.411926 1.587076 0.103574
 14496.000000 12.372456 1.560844 0.096365
 14499.000000 12.378515 1.588883 0.101521
 14502.000000 12.439740 1.554471 0.097886
 14505.000000 12.503880 1.567801 0.091006
 14508.000000 12.477753 1.604775 0.123946
 14511.000000 12.374720 1.617799 0.115665
 14514.000000 12.364210 1.603556 0.163705
 14517.000000 12.456486 1.619906 0.139347
 14520.000000 12.404232 1.602353 0.126658
 14523.000000 12.320928 1.582464 0.085436
 14526.000000 12.348063 1.554942 0.090586
 14529.000000 12.326267 1.559752 0.136359
 14532.000000 12.336319 1.559442 0.136927
 14535.000000 12.374357 1.571375 0.157759
 14538.000000 12.406749 1.577569 0.115881
 14541.000000 12.344996 1.564790 0.118909
 14544.000000 12.362094 1.572384 0.101492
 14547.000000 12.403465 1.577278 0.129069
 14550.000000 12.461025 1.587735 0.114068
 14553.000000 12.522414 1.555168 0.156584
 14556.000000 12.492785 1.579361 0.084133
 14559.000000 12.488365 1.562661 0.062983
 14562.000000 12.454910 1.575739 0.097895
 14565.000000 12.509684 1.550514 0.128668
 14568.000000 12.534330 1.568627 0.147974
 14571.000000 12.443502 1.550358 0.141853
 14574.000000 12.446937 1.529803 0.152969
 14577.000000 12.533632 1.512886 0.141311
 14580.000000 12.466144 1.521906 0.144772
 14583.000000 12.432264 1.507290 0.151014
 14586.000000 12.323675 1.514162 0.220061
 14589.000000 12.380384 1.533133 0.160691
 14592.000000 12.333722 1.517747 0.182672
 14595.000000 12.285160 1.536827 0.155411
 14598.000000 12.271759 1.538663 0.110200
 14601.000000 12.148594 1.513772 0.122573
 14604.000000 12.287905 1.537567 0.129140
 14607.000000 12.233583 1.509828 0.119467
 14610.000000 12.326012 1.514547 0.082534
 14613.000000 12.348171 1.521576 0.094769
 14616.000000 12.281737 1.546652 0.091186
 14619.000000 12.313683 1.518403 0.102848
 14622.000000 12.386041 1.541591 0.057393
 14625.000000 12.317076 1.562662 0.100690
 14628.000000 12.264724 1.557654 0.091292
 14631.000000 12.264203 1.549514 0.065996
 14634.000000 12.278953 1.553588 0.072906
 14637.000000 12.266809 1.575772 0.089387
 14640.000000 12.232162 1.557424 0.097961
 14643.000000 12.269652 1.571649 0.092668
 14646.000000 12.241454 1.553691 0.092175
 14649.000000 12.350428 1.570247 0.123129
 14652.000000 12.246663 1.553216 0.126840
 14655.000000 12.288957 1.546383 0.124105
 14658.000000 12.279696 1.552036 0.120012
 14661.000000 12.342752 1.566906 0.129585
 14664.000000 12.303872 1.567684 0.120625
 14667.000000 12.253054 1.555392 0.110660
 14670.000000 12.309912 1.557330 0.100164
 14673.000000 12.320154 1.572014 0.100667
 14676.000000 12.199668 1.555278 0.093789
 14679.000000 12.217555 1.550302 0.133955
 14682.000000 12.253540 1.571813 0.145113
 14685.000000 12.264231 1.588635 0.116774
 14688.000000 12.249298 1.586849 0.089571
 14691.000000 12.279677 1.569131 0.090403
 14694.000000 12.199094 1.591562 0.088264
 14697.000000 12.267179 1.581163 0.080506
 14700.000000 12.384179 1.579661 0.080883
 14703.000000 12.285699 1.585080 0.104926
 14706.000000 12.293809 1.600552 0.094680
 14709.000000 12.254579 1.574067 0.089502
 14712.000000 12.329841 1.560551 0.099072
 14715.000000 12.317642 1.541352 0.082875
 14718.000000 12.320190 1.503334 0.060890
 14721.000000 12.302960 1.482951 0.087548
 14724.000000 12.312616 1.492616 0.074447
 14727.000000 12.231676 1.474947 0.079395
 14730.000000 12.344058 1.482242 0.098711
 14733.000000 12.362968 1.461571 0.109027
 14736.000000 12.309296 1.476071 0.131297
 14739.000000 12.331359 1.501028 0.157410
 14742.000000 12.316036 1.521014 0.192166
 14745.000000 12.327755 1.494159 0.131475
 14748.000000 12.414190 1.501529 0.168407
 14751.000000 12.428124 1.490060 0.169676
 14754.000000 12.484915 1.509982 0.152154
 14757.000000 12.499201 1.500956 0.118195
 14760.000000 12.479063 1.499381 0.164965
 14763.000000 12.483213 1.506277 0.127248
 14766.000000 12.391325 1.539360 0.175121
 14769.000000 12.341833 1.563405 0.164993
 14772.000000 12.337882 1.559745 0.121353
 14775.000000 12.325780 1.566054 0.119649
 14778.000000 12.319811 1.572129 0.111301
 14781.000000 12.282153 1.559740 0.116609
 14784.000000 12.239153 1.520908 0.134178
 14787.000000 12.226260 1.582120 0.166317
 14790.000000 12.133391 1.559466 0.125917
 14793.000000 12.069054 1.563101 0.131413
 14796.000000 12.147933 1.561146 0.093965
 14799.000000 12.235622 1.560378 0.106077
 14802.000000 12.240474 1.565690 0.101989
 14805.000000 12.186277 1.561430 0.117132
 14808.000000 12.238153 1.563386 0.125209
 14811.000000 12.177242 1.575023 0.130017
 14814.000000 12.174820 1.573082 0.123751
 14817.000000 12.119887 1.602451 0.144606
 14820.000000 12.069943 1.568426 0.113078
 14823.000000 12.142882 1.588964 0.109602
 14826.000000 12.203917 1.549495 0.138926
 14829.000000 12.166990 1.602479 0.140932
 14832.000000 12.266359 1.582412 0.157247
 14835.000000 12.328598 1.583886 0.151264
 14838.000000 12.289264 1.580099 0.180598
 14841.000000 12.265716 1.572496 0.167162
 14844.000000 12.284491 1.594480 0.175303
 14847.000000 12.322973 1.614161 0.178649
 14850.000000 12.357500 1.606766 0.193349
 14853.000000 12.430624 1.578213 0.207817
 14856.000000 12.436765 1.567779 0.219895
 14859.000000 12.389242 1.587075 0.206160
 14862.000000 12.315380 1.581360 0.204506
 14865.000000 12.385130 1.541807 0.164329
 14868.000000 12.433066 1.563189 0.189416
 14871.000000 12.371754 1.564152 0.175560
 14874.000000 12.356180 1.548655 0.145815
 14877.000000 12.379326 1.560929 0.152982
 14880.000000 12.367018 1.551284 0.139191
 14883.000000 12.292004 1.550224 0.174321
 14886.000000 12.331290 1.554000 0.150865
 14889.000000 12.341416 1.558106 0.132188
 14892.000000 12.327467 1.562344 0.151799
 14895.000000 12.405077 1.561862 0.129513
 14898.000000 12.302940 1.589106 0.127202
 14901.000000 12.308874 1.590241 0.113445
 14904.000000 12.261942 1.576017 0.141338
 14907.000000 12.318359 1.584033 0.169609
 14910.000000 12.350661 1.598532 0.172814
 14913.000000 12.361965 1.588000 0.179259
 14916.000000 12.329476 1.569361 0.149309
 14919.000000 12.385164 1.560899 0.174846
 14922.000000 12.440664 1.576909 0.192493
 14925.000000 12.456334 1.567695 0.186852
 14928.000000 12.442955 1.586498 0.177757
 14931.000000 12.351154 1.586998 0.140716
 14934.000000 12.368332 1.572460 0.112045
 14937.000000 12.348681 1.526252 0.151354
 14940.000000 12.408305 1.561822 0.125030
 14943.000000 12.346507 1.590067 0.145155
 14946.000000 12.327132 1.577665 0.142091
 14949.000000 12.326209 1.588737 0.144626
 14952.000000 12.317307 1.589092 0.134173
 14955.000000 12.405772 1.581078 0.152420
 14958.000000 12.363427 1.597430 0.139757
 14961.000000 12.402551 1.587703 0.108690
 14964.000000 12.427033 1.590923 0.084974
 14967.000000 12.335792 1.627926 0.107362
 14970.000000 12.376487 1.618217 0.080629
 14973.000000 12.418412 1.627338 0.073052
 14976.000000 12.476160 1.604964 0.080916
 14979.000000 12.427949 1.622472 0.093732
 14982.000000 12.437866 1.617504 0.107192
 14985.000000 12.574575 1.626283 0.096866
 14988.000000 12.449145 1.599782 0.067431
 14991.000000 12.480523 1.614636 0.078097
 14994.000000 12.506868 1.601553 0.062755
 14997.000000 12.500332 1.587063 0.067304
 15000.000000 12.485180 1.576226 0.113701
 15003.000000 12.520869 1.566523 0.150395
 15006.000000 12.495130 1.549940 0.143338
 15009.000000 12.394599 1.554050 0.136463
 15012.000000 12.339766 1.544420 0.150077
 15015.000000 12.354289 1.544585 0.137501
 15018.000000 12.332290 1.570868 0.126787
 15021.000000 12.433104 1.568309 0.100845
 15024.000000 12.344147 1.590219 0.113299
 15027.000000 12.374892 1.593282 0.138849
 15030.000000 12.434740 1.577534 0.108617
 15033.000000 12.457072 1.573520 0.150210
 15036.000000 12.435035 1.553492 0.176119
 15039.000000 12.470373 1.541243 0.184893
 15042.000000 12.400475 1.535061 0.211025
 15045.000000 12.456704 1.561433 0.187423
 15048.000000 12.455945 1.555192 0.193473
 15051.000000 12.336624 1.549376 0.215355
 15054.000000 12.351556 1.538707 0.186136
 15057.000000 12.396866 1.551090 0.146867
 15060.000000 12.332296 1.531025 0.150657
 15063.000000 12.428719 1.542497 0.146608
 15066.000000 12.380293 1.548785 0.192254
 15069.000000 12.317992 1.542612 0.176957
 15072.000000 12.416305 1.546387 0.195599
 15075.000000 12.417707 1.555007 0.171521
 15078.000000 12.483724 1.559089 0.151187
 15081.000000 12.483453 1.582745 0.130929
 15084.000000 12.416805 1.562664 0.079746
 15087.000000 12.465090 1.548902 0.065591
 15090.000000 12.409665 1.570953 0.075516
 15093.000000 12.494008 1.589278 0.090291
 15096.000000 12.494133 1.582936 0.124262
 15099.000000 12.476960 1.592985 0.096525
 15102.000000 12.484696 1.556114 0.078193
 15105.000000 12.434415 1.541832 0.087889
 15108.000000 12.397252 1.541406 0.099527
 15111.000000 12.372179 1.517382 0.095306
 15114.000000 12.363067 1.535351 0.094037
 15117.000000 12.400811 1.517609 0.095143
 15120.000000 12.453932 1.532802 0.096735
 15123.000000 12.434224 1.534056 0.084256
 15126.000000 12.436565 1.539484 0.078481
 15129.000000 12.410185 1.544455 0.067903
 15132.000000 12.447926 1.546459 0.078960
 15135.000000 12.482205 1.525032 0.099156
 15138.000000 12.489193 1.513096 0.069217
 15141.000000 12.442724 1.524144 0.083595
 15144.000000 12.440124 1.540994 0.106356
 15147.000000 12.428040 1.556934 0.178010
 15150.000000 12.319386 1.571014 0.154047
 15153.000000 12.322864 1.575131 0.152541
 15156.000000 12.399577 1.559317 0.174309
 15159.000000 12.431512 1.592648 0.152195
 15162.000000 12.382042 1.596219 0.150940
 15165.000000 12.399958 1.619310 0.141165
 15168.000000 12.399037 1.611209 0.158919
 15171.000000 12.416194 1.612713 0.163913
 15174.000000 12.331262 1.582620 0.131628
 15177.000000 12.321712 1.574662 0.138806
 15180.000000 12.292684 1.567712 0.152384
 15183.000000 12.304395 1.549073 0.135812
 15186.000000 12.320394 1.549673 0.144614
 15189.000000 12.401112 1.567657 0.132185
 15192.000000 12.423568 1.546436 0.175128
 15195.000000 12.394849 1.513735 0.165286
 15198.000000 12.318152 1.503011 0.201695
 15201.000000 12.337146 1.524035 0.170106
 15204.000000 12.372471 1.517771 0.211286
 15207.000000 12.316840 1.505450 0.144748
 15210.000000 12.414379 1.524931 0.172926
 15213.000000 12.389423 1.532936 0.173765
 15216.000000 12.340704 1.552063 0.176289
 15219.000000 12.365059 1.538259 0.186057
 15222.000000 12.424253 1.569764 0.158026
 15225.000000 12.372087 1.549818 0.174622
 15228.000000 12.418425 1.547249 0.185461
 15231.000000 12.350711 1.535771 0.167650
 15234.000000 12.352842 1.555429 0.182164
 15237.000000 12.392604 1.542312 0.166772
 15240.000000 12.329513 1.558257 0.116002
 15243.000000 12.332487 1.535302 0.150129
 15246.000000 12.259976 1.542819 0.136420
 15249.000000 12.355448 1.545110 0.123540
 15252.000000 12.332076 1.545912 0.140665
 15255.000000 12.317522 1.553378 0.133464
 15258.000000 12.346594 1.561321 0.106502
 15261.000000 12.390795 1.562428 0.145504
 15264.000000 12.487981 1.582212 0.136975
 15267.000000 12.508592 1.565836 0.131740
 15270.000000 12.507935 1.592094 0.120948
 15273.000000 12.467317 1.604781 0.147116
 15276.000000 12.480908 1.572690 0.157264
 15279.000000 12.441429 1.610096 0.111022
 15282.000000 12.535236 1.600033 0.119619
 15285.000000 12.564518 1.619625 0.124520
 15288.000000 12.530219 1.606512 0.093150
 15291.000000 12.544580 1.568560 0.129638
 15294.000000 12.460081 1.566770 0.149286
 15297.000000 12.438692 1.570503 0.132937
 15300.000000 12.462066 1.569197 0.153245
 15303.000000 12.432993 1.540666 0.178935
 15306.000000 12.460909 1.551327 0.146538
 15309.000000 12.503872 1.555976 0.128291
 15312.000000 12.439640 1.552038 0.119263
 15315.000000 12.523340 1.555227 0.134115
 15318.000000 12.517309 1.530667 0.135198
 15321.000000 12.499782 1.524442 0.147113
 15324.000000 12.460803 1.559276 0.096249
 15327.000000 12.451805 1.559228 0.062695
 15330.000000 12.489114 1.567043 0.053343
 15333.000000 12.476221 1.549739 0.068311
 15336.000000 12.541298 1.566684 0.073274
 15339.000000 12.486673 1.562090 0.092317
 15342.000000 12.441358 1.594490 0.112851
 15345.000000 12.484709 1.617138 0.116229
 15348.000000 12.491965 1.609207 0.134970
 15351.000000 12.471953 1.605385 0.128718
 15354.000000 12.397725 1.608949 0.133354
 15357.000000 12.420820 1.633450 0.146472
 15360.000000 12.395944 1.641113 0.138290
 15363.000000 12.462298 1.631085 0.174859
 15366.000000 12.459110 1.626058 0.186806
 15369.000000 12.469427 1.622210 0.169398
 15372.000000 12.551182 1.614873 0.167185
 15375.000000 12.595248 1.614012 0.158786
 15378.000000 12.615794 1.635678 0.144236
 15381.000000 12.532015 1.623885 0.134735
 15384.000000 12.592144 1.620213 0.102839
 15387.000000 12.614477 1.647614 0.086102
 15390.000000 12.551468 1.641583 0.078941
 15393.000000 12.510306 1.632534 0.111324
 15396.000000 12.566973 1.622512 0.121173
 15399.000000 12.567876 1.631493 0.129970
 15402.000000 12.561948 1.638945 0.106393
 15405.000000 12.573179 1.658793 0.134297
 15408.000000 12.457909 1.624862 0.183657
 15411.000000 12.504277 1.616056 0.183591
 15414.000000 12.502489 1.618756 0.164315
 15417.000000 12.535669 1.581161 0.160530
 15420.000000 12.532595 1.578736 0.107521
 15423.000000 12.420584 1.577571 0.124664
 15426.000000 12.520146 1.562106 0.127937
 15429.000000 12.499627 1.574112 0.132442
 15432.000000 12.425472 1.585020 0.130341
 15435.000000 12.502728 1.611213 0.143135
 15438.000000 12.467851 1.614509 0.133089
 15441.000000 12.442062 1.626052 0.140012
 15444.000000 12.418349 1.605770 0.112313
 15447.000000 12.463392 1.582830 0.088140
 15450.000000 12.426581 1.574222 0.088812
 15453.000000 12.435733 1.532524 0.137166
 15456.000000 12.511300 1.571469 0.151935
 15459.000000 12.493412 1.545699 0.154893
 15462.000000 12.553823 1.551477 0.160271
 15465.000000 12.566552 1.540266 0.184196
 15468.000000 12.501562 1.571694 0.157995
 15471.000000 12.490554 1.578153 0.130891
 15474.000000 12.610470 1.580194 0.120530
 15477.000000 12.539750 1.579444 0.154794
 15480.000000 12.620384 1.592397 0.174358
 15483.000000 12.610705 1.558772 0.122360
 15486.000000 12.564375 1.616209 0.168596
 15489.000000 12.567660 1.576226 0.162256
 15492.000000 12.635128 1.566766 0.178730
 15495.000000 12.603154 1.547101 0.135952
 15498.000000 12.631217 1.535728 0.180794
 15501.000000 12.661297 1.538665 0.154148
 15504.000000 12.662058 1.559794 0.155141
 15507.000000 12.700004 1.559642 0.205272
 15510.000000 12.640778 1.557978 0.196504
 15513.000000 12.614220 1.576569 0.168529
 15516.000000 12.531051 1.579740 0.155572
 15519.000000 12.519055 1.572022 0.169538
 15522.000000 12.571555 1.559302 0.167233
 15525.000000 12.459098 1.557590 0.159681
 15528.000000 12.430813 1.581094 0.117007
 15531.000000 12.378332 1.578203 0.141271
 15534.000000 12.385136 1.580089 0.093338
 15537.000000 12.435195 1.548315 0.177714
 15540.000000 12.415684 1.577194 0.144111
 15543.000000 12.456507 1.617933 0.134225
 15546.000000 12.508186 1.601058 0.142197
 15549.000000 12.567055 1.585756 0.161827
 15552.000000 12.522050 1.579381 0.160246
 15555.000000 12.501475 1.577607 0.119646
 15558.000000 12.503860 1.570335 0.110801
 15561.000000 12.528136 1.603462 0.082761
 15564.000000 12.496701 1.620759 0.085177
 15567.000000 12.492306 1.643131 0.121866
 15570.000000 12.552521 1.653602 0.098599
 15573.000000 12.570097 1.654072 0.117848
 15576.000000 12.562810 1.630418 0.113431
 15579.000000 12.534249 1.628796 0.126062
 15582.000000 12.550048 1.631571 0.113264
 15585.000000 12.592009 1.604601 0.101661
 15588.000000 12.473799 1.623548 0.102490
 15591.000000 12.531066 1.630486 0.171100
 15594.000000 12.501742 1.652070 0.145638
 15597.000000 12.476056 1.632469 0.132763
 15600.000000 12.459281 1.613103 0.148471
 15603.000000 12.416458 1.622601 0.141169
 15606.000000 12.443573 1.637621 0.150190
 15609.000000 12.447543 1.617457 0.143103
 15612.000000 12.542859 1.628122 0.161426
 15615.000000 12.523865 1.615540 0.133402
 15618.000000 12.560165 1.599079 0.161017
 15621.000000 12.393203 1.577616 0.187858
 15624.000000 12.423593 1.604663 0.146336
 15627.000000 12.460712 1.585435 0.191505
 15630.000000 12.481662 1.568024 0.180770
 15633.000000 12.451148 1.598401 0.149548
 15636.000000 12.459934 1.632385 0.113510
 15639.000000 12.478390 1.610376 0.154857
 15642.000000 12.491600 1.555849 0.147025
 15645.000000 12.547384 1.575581 0.125380
 15648.000000 12.567052 1.546525 0.155501
 15651.000000 12.552849 1.540272 0.147892
 15654.000000 12.500302 1.567754 0.145534
 15657.000000 12.546007 1.556260 0.198183
 15660.000000 12.524641 1.532722 0.159833
 15663.000000 12.554486 1.558767 0.166702
 15666.000000 12.531678 1.567101 0.178041
 15669.000000 12.498256 1.580581 0.139873
 15672.000000 12.526263 1.587037 0.114025
 15675.000000 12.425285 1.566630 0.126240
 15678.000000 12.339382 1.580872 0.141841
 15681.000000 12.349838 1.571309 0.178045
 15684.000000 12.410002 1.609970 0.135546
 15687.000000 12.378777 1.582866 0.139090
 15690.000000 12.384390 1.573729 0.131003
 15693.000000 12.459058 1.593719 0.103313
 15696.000000 12.457747 1.567073 0.107447
 15699.000000 12.398897 1.605583 0.080348
 15702.000000 12.478282 1.527552 0.098991
 15705.000000 12.441307 1.518400 0.126071
 15708.000000 12.481263 1.516284 0.148414
 15711.000000 12.403770 1.521996 0.157140
 15714.000000 12.404991 1.546013 0.133660
 15717.000000 12.532178 1.551132 0.152747
 15720.000000 12.496942 1.555685 0.183069
 15723.000000 12.492776 1.568924 0.160249
 15726.000000 12.428230 1.562107 0.148802
 15729.000000 12.434371 1.548793 0.182197
 15732.000000 12.517537 1.552484 0.156619
 15735.000000 12.484979 1.555540 0.101093
 15738.000000 12.544969 1.567785 0.163090
 15741.000000 12.487648 1.522865 0.151275
 15744.000000 12.575917 1.540322 0.181082
 15747.000000 12.591925 1.532508 0.188693
 15750.000000 12.655674 1.510781 0.194652
 15753.000000 12.550626 1.512217 0.159852
 15756.000000 12.431717 1.546039 0.157938
 15759.000000 12.435256 1.535036 0.155171
 15762.000000 12.471762 1.530666 0.156148
 15765.000000 12.458347 1.521667 0.190292
 15768.000000 12.494705 1.512614 0.219791
 15771.000000 12.464604 1.554143 0.157950
 15774.000000 12.498892 1.547255 0.138847
 15777.000000 12.527765 1.581868 0.153219
 15780.000000 12.511139 1.569142 0.136279
 15783.000000 12.526014 1.572576 0.130094
 15786.000000 12.508590 1.580397 0.176432
 15789.000000 12.540087 1.594399 0.171427
 15792.000000 12.561054 1.574369 0.161801
 15795.000000 12.565436 1.573027 0.176349
 15798.000000 12.536343 1.575620 0.126179
 15801.000000 12.554037 1.566326 0.181620
 15804.000000 12.489300 1.585378 0.138312
 15807.000000 12.482065 1.584141 0.161641
 15810.000000 12.580444 1.588990 0.167496
 15813.000000 12.605366 1.559200 0.153472
 15816.000000 12.530206 1.575401 0.143218
 15819.000000 12.546791 1.606042 0.130476
 15822.000000 12.509871 1.577625 0.127506
 15825.000000 12.489451 1.586205 0.111229
 15828.000000 12.518934 1.564255 0.106623
 15831.000000 12.505143 1.580862 0.111258
 15834.000000 12.506786 1.564538 0.131067
 15837.000000 12.541197 1.584462 0.147008
 15840.000000 12.513917 1.563945 0.132082
 15843.000000 12.612386 1.542867 0.113955
 15846.000000 12.563043 1.545040 0.114327
 15849.000000 12.427838 1.543319 0.094554
 15852.000000 12.454383 1.572528 0.140320
 15855.000000 12.516805 1.576390 0.144520
 15858.000000 12.580251 1.544914 0.113567
 15861.000000 12.514874 1.536488 0.100825
 15864.000000 12.464139 1.542503 0.143923
 15867.000000 12.389029 1.547858 0.117368
 15870.000000 12.342943 1.597892 0.132809
 15873.000000 12.375413 1.597574 0.133440
 15876.000000 12.328468 1.559379 0.116028
 15879.000000 12.361427 1.561066 0.111743
 15882.000000 12.378451 1.544629 0.099051
 15885.000000 12.409179 1.565687 0.099538
 15888.000000 12.398364 1.573829 0.099063
 15891.000000 12.429860 1.561296 0.121947
 15894.000000 12.466731 1.552196 0.090062
 15897.000000 12.460434 1.592972 0.125228
 15900.000000 12.552193 1.587484 0.072374
 15903.000000 12.592575 1.585876 0.098731
 15906.000000 12.567438 1.568101 0.090234
 15909.000000 12.639605 1.549317 0.085468
 15912.000000 12.645015 1.532037 0.075142
 15915.000000 12.655917 1.529168 0.116907
 15918.000000 12.641415 1.567526 0.141635
 15921.000000 12.686398 1.533724 0.101125
 15924.000000 12.665724 1.525688 0.114044
 15927.000000 12.620025 1.520409 0.122052
 15930.000000 12.611853 1.543963 0.139192
 15933.000000 12.522744 1.537819 0.167456
 15936.000000 12.435549 1.558336 0.162963
 15939.000000 12.412769 1.555923 0.158889
 15942.000000 12.474386 1.539213 0.137313
 15945.000000 12.390980 1.550578 0.109965
 15948.000000 12.483643 1.530186 0.070247
 15951.000000 12.515151 1.534287 0.082930
 15954.000000 12.491692 1.547502 0.106179
 15957.000000 12.474022 1.549964 0.098472
 15960.000000 12.512144 1.542670 0.086528
 15963.000000 12.429577 1.567278 0.106176
 15966.000000 12.398064 1.538987 0.112654
 15969.000000 12.482848 1.531375 0.151887
 15972.000000 12.514572 1.533637 0.127571
 15975.000000 12.567158 1.537190 0.137452
 15978.000000 12.545841 1.537099 0.143270
 15981.000000 12.494171 1.513161 0.130895
 15984.000000 12.482239 1.524366 0.074338
 15987.000000 12.413184 1.538026 0.104048
 15990.000000 12.521550 1.543004 0.101707
 15993.000000 12.440867 1.555437 0.156370
 15996.000000 12.353142 1.562863 0.150696
 15999.000000 12.398034 1.525527 0.129666
 16002.000000 12.428958 1.523272 0.110667
 16005.000000 12.424738 1.554192 0.131944
 16008.000000 12.429826 1.553749 0.137827
 16011.000000 12.430024 1.573489 0.145687
 16014.000000 12.444807 1.579981 0.174817
 16017.000000 12.417740 1.555153 0.120046
 16020.000000 12.444913 1.524638 0.102404
 16023.000000 12.419913 1.533809 0.049730
 16026.000000 12.425513 1.553773 0.088478
 16029.000000 12.389751 1.548155 0.103717
 16032.000000 12.378225 1.560354 0.105457
 16035.000000 12.390590 1.597427 0.150634
 16038.000000 12.506181 1.582268 0.179838
 16041.000000 12.555832 1.560449 0.174640
 16044.000000 12.530954 1.565633 0.158616
 16047.000000 12.401736 1.581759 0.186022
 16050.000000 12.405317 1.583472 0.176746
 16053.000000 12.366166 1.544651 0.160305
 16056.000000 12.366268 1.527392 0.139018
 16059.000000 12.471836 1.536105 0.143505
 16062.000000 12.451730 1.543116 0.147520
 16065.000000 12.477936 1.549353 0.126314
 16068.000000 12.395294 1.537075 0.112542
 16071.000000 12.457122 1.558691 0.056310
 16074.000000 12.394302 1.570328 0.093279
 16077.000000 12.452126 1.552067 0.117132
 16080.000000 12.517518 1.529861 0.105362
 16083.000000 12.552439 1.523995 0.110363
 16086.000000 12.666785 1.514218 0.144086
 16089.000000 12.586145 1.518764 0.149560
 16092.000000 12.675530 1.489667 0.177378
 16095.000000 12.587046 1.517837 0.134345
 16098.000000 12.505141 1.522818 0.142125
 16101.000000 12.497866 1.551714 0.179144
 16104.000000 12.550491 1.535888 0.180463
 16107.000000 12.508585 1.541143 0.157861
 16110.000000 12.438523 1.565802 0.186951
 16113.000000 12.442433 1.571543 0.150734
 16116.000000 12.520042 1.594659 0.123850
 16119.000000 12.526317 1.571942 0.113138
 16122.000000 12.549685 1.550158 0.150321
 16125.000000 12.437438 1.556855 0.131122
 16128.000000 12.439948 1.553746 0.143056
 16131.000000 12.497149 1.557601 0.105188
 16134.000000 12.414899 1.559871 0.174192
 16137.000000 12.467676 1.575815 0.161356
 16140.000000 12.546025 1.567444 0.117235
 16143.000000 12.520902 1.529785 0.113491
 16146.000000 12.474004 1.536779 0.149342
 16149.000000 12.418903 1.514419 0.178253
 16152.000000 12.452867 1.525638 0.143013
 16155.000000 12.488402 1.531976 0.155109
 16158.000000 12.533092 1.539076 0.141642
 16161.000000 12.471314 1.540235 0.111573
 16164.000000 12.548277 1.553892 0.113134
 16167.000000 12.489635 1.520582 0.159715
 16170.000000 12.448221 1.501365 0.121046
 16173.000000 12.382668 1.497027 0.113153
 16176.000000 12.431974 1.492329 0.100833
 16179.000000 12.383298 1.504991 0.091869
 16182.000000 12.380256 1.544495 0.092791
 16185.000000 12.455742 1.546548 0.100118
 16188.000000 12.346887 1.567847 0.091314
 16191.000000 12.407185 1.553173 0.075709
 16194.000000 12.356633 1.524326 0.106101
 16197.000000 12.394405 1.500857 0.110828
 16200.000000 12.405858 1.503049 0.118932
 16203.000000 12.434806 1.531246 0.124672
 16206.000000 12.427771 1.530044 0.109193
 16209.000000 12.486307 1.537650 0.094836
 16212.000000 12.444914 1.512518 0.112287
 16215.000000 12.383870 1.516314 0.126603
 16218.000000 12.417681 1.506204 0.135364
 16221.000000 12.422064 1.490473 0.110293
 16224.000000 12.318440 1.501229 0.147928
 16227.000000 12.409473 1.528528 0.200409
 16230.000000 12.401743 1.525698 0.151238
 16233.000000 12.460379 1.517921 0.103375
 16236.000000 12.515110 1.541725 0.074246
 16239.000000 12.541862 1.547363 0.096512
 16242.000000 12.500323 1.562164 0.108290
 16245.000000 12.568090 1.585192 0.103929
 16248.000000 12.465586 1.576770 0.123844
 16251.000000 12.469323 1.567604 0.086169
 16254.000000 12.480794 1.559421 0.122706
 16257.000000 12.549768 1.573394 0.110002
 16260.000000 12.457409 1.564933 0.138804
 16263.000000 12.513651 1.543230 0.146629
 16266.000000 12.477187 1.543533 0.116000
 16269.000000 12.453509 1.567074 0.121556
 16272.000000 12.390150 1.566033 0.154475
 16275.000000 12.331533 1.562095 0.147048
 16278.000000 12.331081 1.577705 0.141354
 16281.000000 12.279493 1.557746 0.109983
 16284.000000 12.263722 1.601966 0.113028
 16287.000000 12.336295 1.582816 0.145039
 16290.000000 12.300478 1.601223 0.139317
 16293.000000 12.294855 1.624900 0.175188
 16296.000000 12.359011 1.583635 0.085309
 16299.000000 12.405700 1.584111 0.051169
 16302.000000 12.368325 1.618072 0.068487
 16305.000000 12.421041 1.597476 0.052387
 16308.000000 12.344711 1.668585 0.099877
 16311.000000 12.338947 1.659656 0.089131
 16314.000000 12.359849 1.640833 0.091421
 16317.000000 12.350412 1.614568 0.130267
 16320.000000 12.310942 1.612842 0.128882
 16323.000000 12.389255 1.572423 0.150929
 16326.000000 12.383591 1.563008 0.164254
 16329.000000 12.446131 1.561833 0.150458
 16332.000000 12.392342 1.552108 0.137970
 16335.000000 12.437094 1.566677 0.111911
 16338.000000 12.449460 1.582291 0.103557
 16341.000000 12.415362 1.555549 0.102116
 16344.000000 12.444270 1.559145 0.132998
 16347.000000 12.411529 1.557930 0.164963
 16350.000000 12.451098 1.558064 0.115772
 16353.000000 12.431146 1.556381 0.168111
 16356.000000 12.479776 1.581619 0.124117
 16359.000000 12.465595 1.596411 0.102548
 16362.000000 12.411679 1.583042 0.108257
 16365.000000 12.411067 1.607581 0.097718
 16368.000000 12.376926 1.584451 0.124306
 16371.000000 12.330429 1.589978 0.136434
 16374.000000 12.415067 1.578698 0.133707
 16377.000000 12.373676 1.583273 0.197870
 16380.000000 12.386960 1.602519 0.188233
 16383.000000 12.434263 1.603380 0.135434
 16386.000000 12.385390 1.574669 0.186494
 16389.000000 12.322390 1.567550 0.226380
 16392.000000 12.374716 1.559940 0.215685
 16395.000000 12.339778 1.607191 0.216395
 16398.000000 12.254714 1.603903 0.219200
 16401.000000 12.249896 1.618256 0.179814
 16404.000000 12.236979 1.612619 0.172425
 16407.000000 12.268141 1.573214 0.183264
 16410.000000 12.317527 1.564806 0.179069
 16413.000000 12.275379 1.563023 0.137292
 16416.000000 12.261796 1.558534 0.110346
 16419.000000 12.314833 1.532644 0.136843
 16422.000000 12.308317 1.516539 0.135516
 16425.000000 12.412367 1.533196 0.115814
 16428.000000 12.327311 1.510691 0.150436
 16431.000000 12.354813 1.546810 0.135325
 16434.000000 12.369419 1.549849 0.184372
 16437.000000 12.375417 1.523579 0.236169
 16440.000000 12.498253 1.543332 0.241787
 16443.000000 12.511846 1.534526 0.230633
 16446.000000 12.595895 1.541591 0.221081
 16449.000000 12.540707 1.544390 0.221918
 16452.000000 12.513090 1.527741 0.195144
 16455.000000 12.442324 1.553509 0.192102
 16458.000000 12.427746 1.574680 0.156732
 16461.000000 12.484474 1.554280 0.120549
 16464.000000 12.385083 1.570527 0.130153
 16467.000000 12.419557 1.546311 0.145688
 16470.000000 12.481670 1.549889 0.157481
 16473.000000 12.470004 1.539117 0.141354
 16476.000000 12.297645 1.532229 0.203830
 16479.000000 12.351645 1.542473 0.197304
 16482.000000 12.322309 1.554687 0.196920
 16485.000000 12.347926 1.576409 0.168860
 16488.000000 12.258632 1.589763 0.177636
 16491.000000 12.310126 1.593132 0.168062
 16494.000000 12.325629 1.593279 0.205131
 16497.000000 12.363714 1.589101 0.206386
 16500.000000 12.383643 1.587807 0.196973
 16503.000000 12.527433 1.598393 0.186599
 16506.000000 12.511715 1.579760 0.206229
 16509.000000 12.434808 1.596254 0.183469
 16512.000000 12.425472 1.578776 0.186066
 16515.000000 12.490529 1.601975 0.194601
 16518.000000 12.428857 1.619386 0.185925
 16521.000000 12.388769 1.588568 0.187235
 16524.000000 12.436720 1.602203 0.179931
 16527.000000 12.395670 1.593586 0.169821
 16530.000000 12.453470 1.585894 0.146961
 16533.000000 12.509038 1.560305 0.145731
 16536.000000 12.434492 1.569542 0.105245
 16539.000000 12.429572 1.554856 0.134066
 16542.000000 12.437326 1.548615 0.153651
 16545.000000 12.394738 1.561234 0.152394
 16548.000000 12.391134 1.565987 0.177288
 16551.000000 12.343439 1.556162 0.135930
 16554.000000 12.411473 1.573734 0.128182
 16557.000000 12.373181 1.558804 0.162738
 16560.000000 12.332777 1.541271 0.169354
 16563.000000 12.338014 1.567480 0.144299
 16566.000000 12.403657 1.594360 0.141708
 16569.000000 12.335511 1.555132 0.120519
 16572.000000 12.330942 1.594019 0.168720
 16575.000000 12.398194 1.588791 0.151039
 16578.000000 12.382657 1.594778 0.144680
 16581.000000 12.418195 1.607706 0.139446
 16584.000000 12.484579 1.601713 0.143736
 16587.000000 12.462353 1.574899 0.146784
 16590.000000 12.459310 1.583810 0.130610
 16593.000000 12.515551 1.593447 0.063006
 16596.000000 12.541378 1.574167 0.065148
 16599.000000 12.522421 1.573689 0.079542
 16602.000000 12.453090 1.574414 0.072018
 16605.000000 12.539242 1.562192 0.092926
 16608.000000 12.477158 1.559774 0.071780
 16611.000000 12.495401 1.551733 0.072702
 16614.000000 12.493455 1.555157 0.086538
 16617.000000 12.497375 1.564658 0.053406
 16620.000000 12.523252 1.590511 0.107066
 16623.000000 12.515138 1.601788 0.125097
 16626.000000 12.519577 1.564489 0.099072
 16629.000000 12.571363 1.530204 0.121325
 16632.000000 12.559575 1.562779 0.118094
 16635.000000 12.516307 1.581441 0.096966
 16638.000000 12.487480 1.556978 0.059785
 16641.000000 12.483189 1.549086 0.065539
 16644.000000 12.460024 1.562784 0.059636
 16647.000000 12.476172 1.528314 0.093028
 16650.000000 12.404132 1.512708 0.079188
 16653.000000 12.423668 1.511440 0.099602
 16656.000000 12.420477 1.508634 0.122846
 16659.000000 12.466644 1.529734 0.079311
 16662.000000 12.491458 1.522248 0.098981
 16665.000000 12.450924 1.547785 0.128142
 16668.000000 12.457409 1.542439 0.126921
 16671.000000 12.404990 1.539339 0.169360
 16674.000000 12.487475 1.551126 0.159797
 16677.000000 12.396529 1.561289 0.141321
 16680.000000 12.367082 1.588150 0.142098
 16683.000000 12.458379 1.566724 0.144786
 16686.000000 12.436451 1.565253 0.114750
 16689.000000 12.333412 1.576263 0.083174
 16692.000000 12.333343 1.590454 0.080341
 16695.000000 12.302954 1.568469 0.104914
 16698.000000 12.175355 1.575546 0.082781
 16701.000000 12.230363 1.580120 0.071835
 16704.000000 12.284238 1.562403 0.087724
 16707.000000 12.320213 1.547818 0.100514
 16710.000000 12.395957 1.515625 0.141029
 16713.000000 12.424656 1.531820 0.089667
 16716.000000 12.411823 1.539613 0.090374
 16719.000000 12.352649 1.511555 0.110221
 16722.000000 12.346086 1.503031 0.123173
 16725.000000 12.321104 1.502139 0.128506
 16728.000000 12.283634 1.503930 0.114043
 16731.000000 12.280989 1.536751 0.096928
 16734.000000 12.327469 1.533631 0.124672
 16737.000000 12.367364 1.529268 0.142161
 16740.000000 12.403821 1.538616 0.139933
 16743.000000 12.468799 1.548663 0.111411
 16746.000000 12.470721 1.565771 0.127710
 16749.000000 12.400445 1.558723 0.114142
 16752.000000 12.383906 1.549937 0.108533
 16755.000000 12.501304 1.560483 0.127974
 16758.000000 12.403357 1.544486 0.086681
 16761.000000 12.476638 1.531240 0.104821
 16764.000000 12.505962 1.533986 0.105678
 16767.000000 12.489918 1.569000 0.073876
 16770.000000 12.573750 1.562554 0.052305
 16773.000000 12.525601 1.572182 0.078683
 16776.000000 12.475615 1.515237 0.104200
 16779.000000 12.471081 1.534000 0.136050
 16782.000000 12.511133 1.548373 0.117008
 16785.000000 12.486077 1.585608 0.164290
 16788.000000 12.417877 1.525910 0.179698
 16791.000000 12.398152 1.557406 0.147892
 16794.000000 12.407758 1.581748 0.099533
 16797.000000 12.446611 1.568848 0.125907
 16800.000000 12.455687 1.567937 0.119096
 16803.000000 12.425887 1.578371 0.128628
 16806.000000 12.319067 1.596353 0.111644
 16809.000000 12.384504 1.583722 0.107464
 16812.000000 12.416445 1.586600 0.127218
 16815.000000 12.420072 1.583073 0.131360
 16818.000000 12.443716 1.556248 0.122326
 16821.000000 12.448412 1.577393 0.124954
 16824.000000 12.363680 1.575301 0.125338
 16827.000000 12.317324 1.586188 0.106423
 16830.000000 12.276380 1.598814 0.102548
 16833.000000 12.315206 1.591814 0.102763
 16836.000000 12.316258 1.603978 0.117905
 16839.000000 12.345438 1.601465 0.136324
 16842.000000 12.389223 1.607546 0.130210
 16845.000000 12.385917 1.579253 0.144999
 16848.000000 12.325431 1.569966 0.171807
 16851.000000 12.327166 1.559399 0.149663
 16854.000000 12.332544 1.554862 0.143278
 16857.000000 12.299053 1.544787 0.168824
 16860.000000 12.352742 1.542645 0.151775
 16863.000000 12.418435 1.578433 0.124116
 16866.000000 12.365435 1.580940 0.145350
 16869.000000 12.412950 1.595230 0.103260
 16872.000000 12.390497 1.583808 0.107120
 16875.000000 12.375934 1.563321 0.121677
 16878.000000 12.426169 1.605445 0.078288
 16881.000000 12.340828 1.580910 0.135766
 16884.000000 12.369365 1.574342 0.121342
 16887.000000 12.305932 1.588023 0.111799
 16890.000000 12.293547 1.592742 0.096070
 16893.000000 12.417884 1.608095 0.084448
 16896.000000 12.363678 1.589303 0.084095
 16899.000000 12.261645 1.550909 0.126685
 16902.000000 12.208820 1.532199 0.118513
 16905.000000 12.238302 1.544202 0.108548
 16908.000000 12.320025 1.553452 0.134999
 16911.000000 12.362032 1.579031 0.132326
 16914.000000 12.362129 1.558092 0.141608
 16917.000000 12.437407 1.563689 0.118475
 16920.000000 12.332391 1.542237 0.119215
 16923.000000 12.404632 1.570154 0.122596
 16926.000000 12.351064 1.550842 0.147196
 16929.000000 12.383612 1.558967 0.140997
 16932.000000 12.334545 1.608073 0.119018
 16935.000000 12.409371 1.625055 0.119470
 16938.000000 12.536205 1.583017 0.134456
 16941.000000 12.536664 1.596248 0.145801
 16944.000000 12.608572 1.613211 0.125590
 16947.000000 12.524789 1.632243 0.149954
 16950.000000 12.536642 1.631340 0.128533
 16953.000000 12.576049 1.602240 0.124874
 16956.000000 12.661212 1.596634 0.169055
 16959.000000 12.529637 1.577901 0.158395
 16962.000000 12.614251 1.592731 0.116891
 16965.000000 12.625944 1.574391 0.168599
 16968.000000 12.612567 1.555612 0.156800
 16971.000000 12.589244 1.573108 0.124983
 16974.000000 12.505407 1.577166 0.163173
 16977.000000 12.583325 1.562264 0.163640
 16980.000000 12.587068 1.556998 0.117777
 16983.000000 12.620486 1.608091 0.120102
 16986.000000 12.554012 1.597561 0.123435
 16989.000000 12.520230 1.568731 0.146097
 16992.000000 12.530448 1.575937 0.097303
 16995.000000 12.481841 1.582102 0.119843
 16998.000000 12.404391 1.578619 0.117474
 17001.000000 12.456917 1.581675 0.170476
 17004.000000 12.499216 1.562979 0.178139
 17007.000000 12.482756 1.537398 0.233975
 17010.000000 12.502299 1.571400 0.160417
 17013.000000 12.533460 1.554956 0.154781
 17016.000000 12.494445 1.572198 0.157720
 17019.000000 12.451586 1.584050 0.166625
 17022.000000 12.459046 1.556065 0.166820
 17025.000000 12.464388 1.582261 0.077390
 17028.000000 12.389411 1.578484 0.098824
 17031.000000 12.544493 1.588565 0.141613
 17034.000000 12.476650 1.604563 0.126988
 17037.000000 12.512730 1.589431 0.144091
 17040.000000 12.514945 1.580479 0.144505
 17043.000000 12.454160 1.570432 0.148851
 17046.000000 12.523108 1.574642 0.100884
 17049.000000 12.568926 1.554784 0.119339
 17052.000000 12.497130 1.573619 0.099716
 17055.000000 12.470618 1.579048 0.127191
 17058.000000 12.468108 1.562487 0.135736
 17061.000000 12.423779 1.584804 0.141504
 17064.000000 12.531186 1.586480 0.143849
 17067.000000 12.514343 1.604262 0.152705
 17070.000000 12.460687 1.582146 0.153032
 17073.000000 12.403231 1.596799 0.149703
 17076.000000 12.399753 1.600163 0.138833
 17079.000000 12.406589 1.580352 0.146476
 17082.000000 12.458594 1.578418 0.160967
 17085.000000 12.446161 1.608585 0.152620
 17088.000000 12.445379 1.604680 0.170588
 17091.000000 12.455795 1.614859 0.142845
 17094.000000 12.386473 1.593424 0.155873
 17097.000000 12.352953 1.599676 0.158368
 17100.000000 12.280425 1.589114 0.172860
 17103.000000 12.272041 1.605288 0.171603
 17106.000000 12.257176 1.597019 0.176590
 17109.000000 12.310512 1.611758 0.162457
 17112.000000 12.289437 1.628669 0.162494
 17115.000000 12.375749 1.618966 0.131312
 17118.000000 12.342679 1.638986 0.081371
 17121.000000 12.324068 1.607222 0.073559
 17124.000000 12.407301 1.569147 0.104328
 17127.000000 12.391720 1.549444 0.143065
 17130.000000 12.375879 1.555007 0.148336
 17133.000000 12.328296 1.520988 0.181177
 17136.000000 12.379187 1.537330 0.175538
 17139.000000 12.445487 1.544597 0.134468
 17142.000000 12.460181 1.569801 0.123453
 17145.000000 12.406813 1.552131 0.125867
 17148.000000 12.440506 1.559859 0.103411
 17151.000000 12.393527 1.562764 0.131171
 17154.000000 12.410519 1.562846 0.165137
 17157.000000 12.361414 1.565543 0.161992
 17160.000000 12.278890 1.543118 0.183658
 17163.000000 12.286105 1.566570 0.154455
 17166.000000 12.270093 1.548629 0.136882
 17169.000000 12.259660 1.551066 0.148072
 17172.000000 12.270706 1.584529 0.151915
 17175.000000 12.242881 1.567920 0.111250
 17178.000000 12.332552 1.572994 0.087797
 17181.000000 12.362672 1.534196 0.133998
 17184.000000 12.332877 1.557464 0.128079
 17187.000000 12.367270 1.530466 0.180534
 17190.000000 12.371773 1.532259 0.159900
 17193.000000 12.356668 1.559121 0.124912
 17196.000000 12.430303 1.545271 0.144314
 17199.000000 12.372552 1.558956 0.100447
 17202.000000 12.522321 1.562041 0.127251
 17205.000000 12.446551 1.554409 0.133354
 17208.000000 12.457285 1.556878 0.130749
 17211.000000 12.474864 1.517432 0.164423
 17214.000000 12.454788 1.527391 0.133372
 17217.000000 12.409519 1.548666 0.159410
 17220.000000 12.377502 1.556554 0.177508
 17223.000000 12.459299 1.558353 0.195218
 17226.000000 12.439147 1.552230 0.162517
 17229.000000 12.415292 1.569596 0.168923
 17232.000000 12.415943 1.560987 0.163367
 17235.000000 12.462423 1.575712 0.183584
 17238.000000 12.427604 1.575806 0.170163
 17241.000000 12.445508 1.553693 0.173399
 17244.000000 12.403749 1.543208 0.194029
 17247.000000 12.458329 1.565297 0.144584
 17250.000000 12.477017 1.544508 0.141066
 17253.000000 12.424666 1.550986 0.110595
 17256.000000 12.330472 1.559023 0.127800
 17259.000000 12.335225 1.566933 0.135600
 17262.000000 12.361107 1.521385 0.187271
 17265.000000 12.361253 1.549868 0.154681
 17268.000000 12.315254 1.561723 0.139313
 17271.000000 12.305645 1.564497 0.162576
 17274.000000 12.242583 1.554319 0.184658
 17277.000000 12.403525 1.560781 0.141463
 17280.000000 12.368859 1.544660 0.134447
 17283.000000 12.349435 1.554025 0.122748
 17286.000000 12.371189 1.539509 0.165859
 17289.000000 12.419193 1.573139 0.138686
 17292.000000 12.459731 1.543072 0.197319
 17295.000000 12.503708 1.562727 0.171260
 17298.000000 12.486728 1.587939 0.143179
 17301.000000 12.460094 1.586834 0.147987
 17304.000000 12.492303 1.576625 0.147054
 17307.000000 12.475142 1.575699 0.151163
 17310.000000 12.464239 1.539018 0.197692
 17313.000000 12.408837 1.574317 0.152209
 17316.000000 12.338622 1.560465 0.142356
 17319.000000 12.374761 1.570151 0.110906
 17322.000000 12.398593 1.539222 0.143226
 17325.000000 12.401277 1.541358 0.157453
 17328.000000 12.398964 1.576535 0.106233
 17331.000000 12.317753 1.545180 0.159997
 17334.000000 12.286182 1.578280 0.116862
 17337.000000 12.184689 1.585220 0.094535
 17340.000000 12.286872 1.588679 0.139907
 17343.000000 12.241437 1.597178 0.115028
 17346.000000 12.163021 1.606025 0.092887
 17349.000000 12.291537 1.619163 0.109385
 17352.000000 12.274137 1.595759 0.139685
 17355.000000 12.311115 1.589303 0.164922
 17358.000000 12.327338 1.594607 0.134923
 17361.000000 12.317173 1.605203 0.116342
 17364.000000 12.291574 1.593700 0.104897
 17367.000000 12.290798 1.604378 0.115307
 17370.000000 12.217400 1.579254 0.135335
 17373.000000 12.315312 1.617186 0.107957
 17376.000000 12.266967 1.625313 0.106381
 17379.000000 12.317459 1.636240 0.106975
 17382.000000 12.440771 1.601721 0.109604
 17385.000000 12.387238 1.624019 0.100731
 17388.000000 12.374276 1.604308 0.138332
 17391.000000 12.484378 1.593402 0.141312
 17394.000000 12.527656 1.609900 0.100945
 17397.000000 12.469400 1.605929 0.097794
 17400.000000 12.425127 1.615507 0.108533
 17403.000000 12.416845 1.588778 0.110853
 17406.000000 12.463845 1.616951 0.099999
 17409.000000 12.540064 1.611789 0.104229
 17412.000000 12.568955 1.576599 0.155268
 17415.000000 12.512022 1.588921 0.151907
 17418.000000 12.430555 1.612561 0.127351
 17421.000000 12.362578 1.610261 0.123587
 17424.000000 12.387840 1.609576 0.149931
 17427.000000 12.403320 1.599073 0.149918
 17430.000000 12.459571 1.592626 0.173140
 17433.000000 12.461365 1.601563 0.163283
 17436.000000 12.506497 1.599369 0.117987
 17439.000000 12.525924 1.588721 0.141955
 17442.000000 12.493227 1.583705 0.139972
 17445.000000 12.435462 1.564265 0.154614
 17448.000000 12.480669 1.544624 0.165008
 17451.000000 12.463696 1.534825 0.172603
 17454.000000 12.496269 1.532412 0.175948
 17457.000000 12.486298 1.550860 0.164192
 17460.000000 12.486575 1.557057 0.161894
 17463.000000 12.471601 1.577945 0.132172
 17466.000000 12.597760 1.552049 0.192669
 17469.000000 12.542081 1.569777 0.149277
 17472.000000 12.506330 1.567320 0.136927
 17475.000000 12.548199 1.571390 0.131466
 17478.000000 12.528546 1.559066 0.173514
 17481.000000 12.556829 1.572940 0.136888
 17484.000000 12.489113 1.579859 0.144049
 17487.000000 12.468525 1.561855 0.195789
 17490.000000 12.518664 1.562465 0.190703
 17493.000000 12.563829 1.570320 0.156680
 17496.000000 12.654072 1.566159 0.171786
 17499.000000 12.573602 1.571351 0.155025
 17502.000000 12.535323 1.595221 0.123812
 17505.000000 12.525715 1.559300 0.156983
 17508.000000 12.487165 1.564659 0.150196
 17511.000000 12.377486 1.573857 0.133898
 17514.000000 12.363557 1.564635 0.137260
 17517.000000 12.468071 1.567070 0.128375
 17520.000000 12.460026 1.556815 0.091118
 17523.000000 12.475496 1.556723 0.126937
 17526.000000 12.561184 1.542708 0.138952
 17529.000000 12.495333 1.593213 0.039423
 17532.000000 12.505028 1.574666 0.099511
 17535.000000 12.531057 1.562201 0.128211
 17538.000000 12.475046 1.581076 0.097120
 17541.000000 12.573292 1.551387 0.147690
 17544.000000 12.551681 1.565915 0.115264
 17547.000000 12.558030 1.562702 0.149810
 17550.000000 12.551695 1.566689 0.173481
 17553.000000 12.538655 1.585840 0.128869
 17556.000000 12.593718 1.578807 0.128071
 17559.000000 12.558576 1.575302 0.153848
 17562.000000 12.510965 1.520329 0.187607
 17565.000000 12.590015 1.549538 0.179966
 17568.000000 12.513464 1.553992 0.180708
 17571.000000 12.489330 1.573450 0.160318
 17574.000000 12.421538 1.597779 0.138957
 17577.000000 12.528303 1.580257 0.120777
 17580.000000 12.515522 1.538416 0.101070
 17583.000000 12.424538 1.564031 0.050417
 17586.000000 12.390897 1.533513 0.088874
 17589.000000 12.329141 1.527929 0.117299
 17592.000000 12.355944 1.548232 0.078824
 17595.000000 12.435540 1.541710 0.092520
 17598.000000 12.445473 1.510869 0.114461
 17601.000000 12.570013 1.538965 0.090795
 17604.000000 12.519338 1.551591 0.092635
 17607.000000 12.539245 1.519485 0.104962
 17610.000000 12.584435 1.500201 0.138871
 17613.000000 12.523246 1.500371 0.134512
 17616.000000 12.424504 1.538305 0.110188
 17619.000000 12.371004 1.535969 0.140980
 17622.000000 12.402708 1.515795 0.143579
 17625.000000 12.421846 1.536155 0.122989
 17628.000000 12.468749 1.534493 0.137894
 17631.000000 12.458724 1.559568 0.143369
 17634.000000 12.465303 1.578384 0.128759
 17637.000000 12.406981 1.571350 0.132337
 17640.000000 12.455507 1.603576 0.104609
 17643.000000 12.498165 1.574637 0.101447
 17646.000000 12.470198 1.598159 0.143923
 17649.000000 12.420033 1.547590 0.132824
 17652.000000 12.543226 1.527786 0.147272
 17655.000000 12.409299 1.560175 0.127168
 17658.000000 12.478050 1.542859 0.112176
 17661.000000 12.471525 1.540166 0.119095
 17664.000000 12.459644 1.548695 0.129197
 17667.000000 12.491518 1.536783 0.150794
 17670.000000 12.505755 1.553464 0.149360
 17673.000000 12.483563 1.561934 0.142219
 17676.000000 12.478382 1.546641 0.168807
 17679.000000 12.611108 1.552268 0.151854
 17682.000000 12.680751 1.561328 0.155419
 17685.000000 12.676480 1.566597 0.149827
 17688.000000 12.625221 1.587619 0.111778
 17691.000000 12.616129 1.563379 0.095386
 17694.000000 12.566370 1.613878 0.093069
 17697.000000 12.536996 1.577955 0.101739
 17700.000000 12.515094 1.569616 0.144131
 17703.000000 12.457998 1.555666 0.142516
 17706.000000 12.529579 1.579482 0.128481
 17709.000000 12.518541 1.577278 0.178078
 17712.000000 12.545925 1.594353 0.136401
 17715.000000 12.503242 1.575873 0.166971
 17718.000000 12.400475 1.574895 0.166023
 17721.000000 12.375349 1.594938 0.144771
 17724.000000 12.382223 1.618213 0.116481
 17727.000000 12.406864 1.611915 0.122139
 17730.000000 12.460556 1.600394 0.157387
 17733.000000 12.600795 1.585839 0.135564
 17736.000000 12.584379 1.600904 0.129162
 17739.000000 12.617053 1.609063 0.143512
 17742.000000 12.631029 1.632287 0.154801
 17745.000000 12.688188 1.636542 0.155692
 17748.000000 12.689333 1.619722 0.135222
 17751.000000 12.645408 1.619630 0.150470
 17754.000000 12.649514 1.604674 0.136537
 17757.000000 12.587151 1.580482 0.110769
 17760.000000 12.528979 1.609154 0.116000
 17763.000000 12.570095 1.582834 0.133544
 17766.000000 12.608896 1.553128 0.159639
 17769.000000 12.641817 1.555720 0.157963
 17772.000000 12.571291 1.539863 0.129538
 17775.000000 12.545270 1.555739 0.144610
 17778.000000 12.492343 1.581082 0.110110
 17781.000000 12.516148 1.599119 0.068897
 17784.000000 12.506185 1.606173 0.078530
 17787.000000 12.507692 1.623846 0.128503
 17790.000000 12.493784 1.616507 0.144420
 17793.000000 12.436731 1.610089 0.123483
 17796.000000 12.536458 1.623120 0.181406
 17799.000000 12.470503 1.605353 0.171717
 17802.000000 12.452834 1.578050 0.152758
 17805.000000 12.430512 1.547435 0.157729
 17808.000000 12.439106 1.554947 0.182983
 17811.000000 12.489787 1.578748 0.169301
 17814.000000 12.411999 1.554016 0.154752
 17817.000000 12.420681 1.546484 0.167713
 17820.000000 12.428489 1.550451 0.136786
 17823.000000 12.455568 1.573415 0.160935
 17826.000000 12.429940 1.562419 0.167888
 17829.000000 12.382478 1.569552 0.145971
 17832.000000 12.389525 1.554231 0.136154
 17835.000000 12.325746 1.549690 0.091496
 17838.000000 12.331583 1.573557 0.093758
 17841.000000 12.378124 1.621946 0.090918
 17844.000000 12.294149 1.582833 0.083569
 17847.000000 12.370552 1.572999 0.092763
 17850.000000 12.456051 1.545777 0.112711
 17853.000000 12.460977 1.558348 0.103083
 17856.000000 12.537099 1.548708 0.124961
 17859.000000 12.549025 1.561883 0.079787
 17862.000000 12.533885 1.533062 0.126534
 17865.000000 12.513311 1.527910 0.100377
 17868.000000 12.513698 1.521072 0.096126
 17871.000000 12.508090 1.524609 0.074856
 17874.000000 12.454229 1.527533 0.079968
 17877.000000 12.509962 1.496551 0.155099
 17880.000000 12.472119 1.507199 0.146231
 17883.000000 12.456278 1.551688 0.164868
 17886.000000 12.469517 1.564026 0.149410
 17889.000000 12.510296 1.557943 0.122430
 17892.000000 12.414337 1.548038 0.112848
 17895.000000 12.409533 1.566238 0.088024
 17898.000000 12.446573 1.533441 0.110846
 17901.000000 12.536938 1.514601 0.121130
 17904.000000 12.440004 1.505066 0.102528
 17907.000000 12.425405 1.514626 0.083569
 17910.000000 12.490604 1.535923 0.046843
 17913.000000 12.502122 1.532586 0.072181
 17916.000000 12.494438 1.536102 0.071644
 17919.000000 12.375854 1.540458 0.067387
 17922.000000 12.401191 1.560798 0.044786
 17925.000000 12.457347 1.591876 0.075071
 17928.000000 12.403706 1.575236 0.085310
 17931.000000 12.361332 1.578614 0.112168
 17934.000000 12.438166 1.580959 0.104510
 17937.000000 12.376339 1.588551 0.085508
 17940.000000 12.396897 1.600519 0.116188
 17943.000000 12.363409 1.593511 0.112065
 17946.000000 12.414537 1.611203 0.089336
 17949.000000 12.406944 1.603902 0.069551
 17952.000000 12.403179 1.586236 0.077215
 17955.000000 12.419320 1.619819 0.066972
 17958.000000 12.365159 1.596968 0.069003
 17961.000000 12.365205 1.592343 0.102936
 17964.000000 12.420915 1.581947 0.054044
 17967.000000 12.427312 1.619514 0.084471
 17970.000000 12.378712 1.601558 0.058442
 17973.000000 12.430188 1.612678 0.060857
 17976.000000 12.461702 1.644026 0.099514
 17979.000000 12.424412 1.638949 0.045919
 17982.000000 12.415674 1.582432 0.087466
 17985.000000 12.393482 1.572045 0.077032
 17988.000000 12.384131 1.561693 0.109834
 17991.000000 12.431799 1.518733 0.145160
 17994.000000 12.403318 1.555371 0.142941
 17997.000000 12.457339 1.536843 0.135498
 18000.000000 12.411845 1.521446 0.136500
 18003.000000 12.331792 1.530472 0.128214
 18006.000000 12.334778 1.545034 0.147145
 18009.000000 12.399770 1.542994 0.105988
 18012.000000 12.381532 1.516887 0.095315
 18015.000000 12.302973 1.537814 0.134253
 18018.000000 12.345889 1.535131 0.152276
 18021.000000 12.384890 1.556109 0.125476
 18024.000000 12.396089 1.522520 0.156523
 18027.000000 12.330604 1.553118 0.166444
 18030.000000 12.256010 1.554149 0.161661
 18033.000000 12.343995 1.583900 0.145575
 18036.000000 12.303309 1.567409 0.156993
 18039.000000 12.382413 1.538919 0.150677
 18042.000000 12.330550 1.531453 0.171701
 18045.000000 12.358728 1.542979 0.134840
 18048.000000 12.313774 1.538693 0.154429
 18051.000000 12.460107 1.558613 0.147620
 18054.000000 12.424228 1.521905 0.196724
 18057.000000 12.373693 1.522829 0.188664
 18060.000000 12.370618 1.566275 0.164751
 18063.000000 12.397824 1.561001 0.157533
 18066.000000 12.391900 1.567613 0.142537
 18069.000000 12.373224 1.548083 0.138965
 18072.000000 12.476096 1.552119 0.132663
 18075.000000 12.384270 1.576241 0.111730
 18078.000000 12.406820 1.546106 0.149412
 18081.000000 12.371273 1.518369 0.160417
 18084.000000 12.430828 1.543389 0.145521
 18087.000000 12.431230 1.577891 0.150180
 18090.000000 12.445685 1.552865 0.174432
 18093.000000 12.505436 1.558601 0.130695
 18096.000000 12.463662 1.533408 0.128569
 18099.000000 12.408733 1.548644 0.116201
 18102.000000 12.405572 1.528890 0.138574
 18105.000000 12.434741 1.547831 0.114324
 18108.000000 12.380951 1.543495 0.120981
 18111.000000 12.417186 1.555332 0.123653
 18114.000000 12.481499 1.533198 0.160288
 18117.000000 12.527320 1.539416 0.173678
 18120.000000 12.503193 1.543433 0.145281
 18123.000000 12.517789 1.559092 0.151155
 18126.000000 12.554118 1.539463 0.168275
 18129.000000 12.639257 1.535517 0.130402
 18132.000000 12.605813 1.578162 0.104646
 18135.000000 12.549882 1.594102 0.106697
 18138.000000 12.493942 1.594257 0.139912
 18141.000000 12.517931 1.615502 0.111082
 18144.000000 12.522529 1.603240 0.119898
 18147.000000 12.463575 1.609349 0.097038
 18150.000000 12.410162 1.618911 0.133863
 18153.000000 12.410010 1.617208 0.158569
 18156.000000 12.431975 1.625933 0.105824
 18159.000000 12.483845 1.621881 0.142673
 18162.000000 12.555866 1.640570 0.126010
 18165.000000 12.521918 1.621134 0.149670
 18168.000000 12.547138 1.631898 0.125572
 18171.000000 12.547788 1.601101 0.131009
 18174.000000 12.532862 1.644936 0.149275
 18177.000000 12.516466 1.643121 0.165168
 18180.000000 12.526781 1.635956 0.119007
 18183.000000 12.554014 1.659650 0.104905
 18186.000000 12.508800 1.648756 0.161336
 18189.000000 12.469994 1.629187 0.136341
 18192.000000 12.487799 1.652398 0.145672
 18195.000000 12.474992 1.633059 0.162475
 18198.000000 12.409619 1.647900 0.155827
 18201.000000 12.406814 1.644495 0.187105
 18204.000000 12.496393 1.647177 0.199148
 18207.000000 12.369150 1.637670 0.192039
 18210.000000 12.478887 1.624760 0.187484
 18213.000000 12.519346 1.644008 0.135333
 18216.000000 12.501986 1.631963 0.140940
 18219.000000 12.463796 1.643956 0.138921
 18222.000000 12.514636 1.669350 0.169120
 18225.000000 12.473916 1.644282 0.183306
 18228.000000 12.504506 1.639885 0.183331
 18231.000000 12.545646 1.611019 0.195380
 18234.000000 12.433219 1.629426 0.197051
 18237.000000 12.473878 1.652529 0.174192
 18240.000000 12.570605 1.637518 0.182800
 18243.000000 12.493326 1.613172 0.195230
 18246.000000 12.443958 1.578203 0.169324
 18249.000000 12.512673 1.574378 0.144415
 18252.000000 12.478507 1.557227 0.151629
 18255.000000 12.494957 1.571875 0.143360
 18258.000000 12.413060 1.541740 0.163317
 18261.000000 12.482888 1.550431 0.156209
 18264.000000 12.418964 1.549341 0.169586
 18267.000000 12.408086 1.545423 0.145469
 18270.000000 12.270830 1.553749 0.145384
 18273.000000 12.328687 1.574130 0.152958
 18276.000000 12.353994 1.554990 0.114815
 18279.000000 12.387497 1.551612 0.126856
 18282.000000 12.405716 1.547667 0.143652
 18285.000000 12.391158 1.547143 0.162825
 18288.000000 12.422636 1.538469 0.163713
 18291.000000 12.453135 1.532597 0.147373
 18294.000000 12.455209 1.547056 0.118384
 18297.000000 12.357395 1.554112 0.103678
 18300.000000 12.329172 1.528499 0.101850
 18303.000000 12.383479 1.564961 0.121977
 18306.000000 12.402367 1.570747 0.156272
 18309.000000 12.389664 1.547670 0.126805
 18312.000000 12.363536 1.589648 0.148735
 18315.000000 12.319571 1.590965 0.110725
 18318.000000 12.275238 1.577764 0.124231
 18321.000000 12.358712 1.576851 0.100536
 18324.000000 12.390016 1.601026 0.141634
 18327.000000 12.377147 1.567563 0.088491
 18330.000000 12.416060 1.558961 0.076184
 18333.000000 12.413159 1.585643 0.096461
 18336.000000 12.398532 1.551151 0.047535
 18339.000000 12.311211 1.556695 0.107893
 18342.000000 12.429655 1.569012 0.076024
 18345.000000 12.428478 1.598909 0.128700
 18348.000000 12.377966 1.605104 0.139800
 18351.000000 12.424523 1.589014 0.154462
 18354.000000 12.388543 1.598027 0.173852
 18357.000000 12.372749 1.566717 0.118882
 18360.000000 12.432568 1.601519 0.172168
 18363.000000 12.486259 1.589785 0.179645
 18366.000000 12.441193 1.565487 0.159509
 18369.000000 12.496732 1.564793 0.128963
 18372.000000 12.514452 1.548642 0.126835
 18375.000000 12.523856 1.570148 0.145879
 18378.000000 12.472867 1.603272 0.180769
 18381.000000 12.476017 1.619113 0.145342
 18384.000000 12.378189 1.614112 0.154709
 18387.000000 12.376647 1.630710 0.155848
 18390.000000 12.383279 1.623287 0.159087
 18393.000000 12.432506 1.603942 0.150818
 18396.000000 12.433144 1.606432 0.131393
 18399.000000 12.390687 1.594580 0.154186
 18402.000000 12.371356 1.589892 0.127914
 18405.000000 12.416793 1.602235 0.133186
 18408.000000 12.360947 1.595730 0.146969
 18411.000000 12.379989 1.578303 0.150554
 18414.000000 12.464185 1.570151 0.163994
 18417.000000 12.402390 1.563694 0.121732
 18420.000000 12.395238 1.571187 0.131349
 18423.000000 12.436271 1.545318 0.139714
 18426.000000 12.324398 1.565392 0.134787
 18429.000000 12.276365 1.575163 0.134309
 18432.000000 12.358631 1.569889 0.189547
 18435.000000 12.313291 1.587845 0.188878
 18438.000000 12.344119 1.548288 0.163574
 18441.000000 12.371274 1.564527 0.176500
 18444.000000 12.438342 1.534566 0.164058
 18447.000000 12.400688 1.561193 0.164917
 18450.000000 12.375503 1.559481 0.181665
 18453.000000 12.401863 1.562407 0.162825
 18456.000000 12.429230 1.564054 0.166791
 18459.000000 12.433441 1.549926 0.172448
 18462.000000 12.415035 1.551414 0.143698
 18465.000000 12.294597 1.571081 0.134426
 18468.000000 12.306816 1.567437 0.122789
 18471.000000 12.394188 1.565367 0.142066
 18474.000000 12.361447 1.573858 0.143468
 18477.000000 12.442972 1.605773 0.176920
 18480.000000 12.417241 1.600063 0.201344
 18483.000000 12.398400 1.581330 0.183197
 18486.000000 12.506892 1.575165 0.193299
 18489.000000 12.441196 1.562233 0.178522
 18492.000000 12.486256 1.571149 0.163460
 18495.000000 12.543729 1.594521 0.180565
 18498.000000 12.488116 1.601121 0.191921
 18501.000000 12.381799 1.615320 0.230791
 18504.000000 12.427822 1.597424 0.193631
 18507.000000 12.471610 1.597959 0.196214
 18510.000000 12.445938 1.595596 0.154711
 18513.000000 12.489656 1.557284 0.162610
 18516.000000 12.451767 1.551343 0.129061
 18519.000000 12.475175 1.559960 0.116007
 18522.000000 12.462629 1.564779 0.129237
 18525.000000 12.514494 1.541668 0.098956
 18528.000000 12.442370 1.538665 0.129293
 18531.000000 12.473674 1.561123 0.112746
 18534.000000 12.358400 1.574016 0.133826
 18537.000000 12.356592 1.573479 0.165054
 18540.000000 12.376860 1.596395 0.159181
 18543.000000 12.422076 1.582676 0.168820
 18546.000000 12.489290 1.586440 0.142605
 18549.000000 12.435340 1.614971 0.130996
 18552.000000 12.559284 1.596496 0.124766
 18555.000000 12.594495 1.589445 0.197973
 18558.000000 12.541109 1.600120 0.181808
 18561.000000 12.486823 1.589144 0.187482
 18564.000000 12.608195 1.604032 0.176319
 18567.000000 12.499086 1.597851 0.214405
 18570.000000 12.507239 1.614614 0.189330
 18573.000000 12.469318 1.625591 0.229208
 18576.000000 12.420756 1.597572 0.217781
 18579.000000 12.343345 1.595909 0.201141
 18582.000000 12.377185 1.589917 0.171854
 18585.000000 12.400552 1.608856 0.183825
 18588.000000 12.465501 1.592724 0.192701
 18591.000000 12.307120 1.596839 0.192504
 18594.000000 12.379208 1.637331 0.182970
 18597.000000 12.391528 1.616569 0.189411
 18600.000000 12.487826 1.617305 0.111115
 18603.000000 12.523199 1.637022 0.126637
 18606.000000 12.476452 1.617517 0.102182
 18609.000000 12.384536 1.631989 0.111546
 18612.000000 12.524937 1.625856 0.078852
 18615.000000 12.358428 1.632735 0.108115
 18618.000000 12.406446 1.627836 0.128664
 18621.000000 12.419032 1.625573 0.143477
 18624.000000 12.529983 1.624099 0.111867
 18627.000000 12.557742 1.639369 0.112048
 18630.000000 12.568803 1.602084 0.112876
 18633.000000 12.633548 1.622572 0.113720
 18636.000000 12.563274 1.589634 0.114045
 18639.000000 12.525599 1.598867 0.144616
 18642.000000 12.542738 1.567952 0.145155
 18645.000000 12.561866 1.553958 0.113001
 18648.000000 12.594838 1.552289 0.114724
 18651.000000 12.579876 1.591272 0.124082
 18654.000000 12.558747 1.626214 0.123535
 18657.000000 12.505600 1.590700 0.140631
 18660.000000 12.476239 1.643535 0.190256
 18663.000000 12.477216 1.615022 0.177634
 18666.000000 12.556010 1.593535 0.164462
 18669.000000 12.579054 1.598908 0.186890
 18672.000000 12.579364 1.607680 0.184793
 18675.000000 12.568041 1.605212 0.153886
 18678.000000 12.472692 1.612141 0.136842
 18681.000000 12.453693 1.611407 0.127951
 18684.000000 12.494891 1.604331 0.111604
 18687.000000 12.515732 1.621084 0.122664
 18690.000000 12.482261 1.634046 0.118759
 18693.000000 12.537595 1.607192 0.095187
 18696.000000 12.473290 1.608846 0.091549
 18699.000000 12.428622 1.585346 0.129474
 18702.000000 12.447660 1.575901 0.145408
 18705.000000 12.458707 1.583613 0.146024
 18708.000000 12.451444 1.623529 0.189686
 18711.000000 12.365330 1.617174 0.196400
 18714.000000 12.371100 1.608848 0.157133
 18717.000000 12.349573 1.619621 0.183044
 18720.000000 12.346003 1.622430 0.165041
 18723.000000 12.385640 1.592564 0.112262
 18726.000000 12.342337 1.603339 0.089230
 18729.000000 12.310589 1.621962 0.107788
 18732.000000 12.403118 1.601592 0.134149
 18735.000000 12.353027 1.612550 0.126077
 18738.000000 12.250846 1.576852 0.091841
 18741.000000 12.214967 1.580707 0.081457
 18744.000000 12.272657 1.589966 0.147242
 18747.000000 12.313928 1.594239 0.151975
 18750.000000 12.331587 1.599282 0.134949
 18753.000000 12.383092 1.566741 0.091319
 18756.000000 12.461670 1.576277 0.088404
 18759.000000 12.518607 1.576773 0.110878
 18762.000000 12.463418 1.546563 0.085423
 18765.000000 12.415815 1.555222 0.077227
 18768.000000 12.432043 1.597747 0.131640
 18771.000000 12.370425 1.604751 0.132298
 18774.000000 12.369049 1.603142 0.141047
 18777.000000 12.428135 1.597581 0.105965
 18780.000000 12.472557 1.575020 0.154305
 18783.000000 12.514280 1.598009 0.162641
 18786.000000 12.452986 1.608757 0.171458
 18789.000000 12.476539 1.579003 0.140558
 18792.000000 12.400412 1.605886 0.181875
 18795.000000 12.507420 1.614325 0.180314
 18798.000000 12.420063 1.605875 0.160483
 18801.000000 12.441581 1.580009 0.153009
 18804.000000 12.347952 1.582641 0.156214
 18807.000000 12.292371 1.571763 0.158280
 18810.000000 12.351295 1.579701 0.149068
 18813.000000 12.365506 1.578640 0.149712
 18816.000000 12.466156 1.578631 0.160339
 18819.000000 12.572122 1.594803 0.156086
 18822.000000 12.546460 1.610158 0.122683
 18825.000000 12.509940 1.592503 0.108919
 18828.000000 12.430508 1.599449 0.144110
 18831.000000 12.365001 1.542965 0.149770
 18834.000000 12.412093 1.556513 0.119323
 18837.000000 12.326160 1.581640 0.097177
 18840.000000 12.493318 1.614587 0.098738
 18843.000000 12.506008 1.572503 0.115308
 18846.000000 12.517165 1.563076 0.137624
 18849.000000 12.519250 1.551784 0.140515
 18852.000000 12.574885 1.569442 0.171603
 18855.000000 12.587568 1.567594 0.156005
 18858.000000 12.570874 1.580480 0.210915
 18861.000000 12.581250 1.556952 0.143883
 18864.000000 12.594182 1.575666 0.162980
 18867.000000 12.559749 1.555183 0.171032
 18870.000000 12.498255 1.530014 0.137850
 18873.000000 12.479927 1.529079 0.167335
 18876.000000 12.373179 1.528224 0.187378
 18879.000000 12.441628 1.543038 0.141054
 18882.000000 12.512239 1.541884 0.154214
 18885.000000 12.528103 1.532453 0.119857
 18888.000000 12.497784 1.546947 0.153178
 18891.000000 12.568745 1.543329 0.191175
 18894.000000 12.543762 1.546816 0.183751
 18897.000000 12.555641 1.541954 0.190098
 18900.000000 12.620036 1.570797 0.155660
 18903.000000 12.552482 1.560464 0.128483
 18906.000000 12.594709 1.548446 0.133973
 18909.000000 12.519706 1.559048 0.091859
 18912.000000 12.462403 1.561524 0.136511
 18915.000000 12.506222 1.564569 0.101452
 18918.000000 12.494902 1.604400 0.073170
 18921.000000 12.473918 1.574251 0.085406
 18924.000000 12.473698 1.581633 0.087394
 18927.000000 12.489683 1.582319 0.093158
 18930.000000 12.529682 1.566491 0.074335
 18933.000000 12.462893 1.554386 0.109166
 18936.000000 12.452437 1.562185 0.076879
 18939.000000 12.537641 1.560977 0.111018
 18942.000000 12.544482 1.579192 0.089819
 18945.000000 12.516792 1.588203 0.076817
 18948.000000 12.462242 1.552192 0.090519
 18951.000000 12.541217 1.574499 0.149328
 18954.000000 12.450983 1.583124 0.123496
 18957.000000 12.491659 1.599229 0.130052
 18960.000000 12.462802 1.591508 0.120192
 18963.000000 12.551208 1.589203 0.096770
 18966.000000 12.566446 1.566932 0.088489
 18969.000000 12.590536 1.510791 0.107151
 18972.000000 12.516999 1.578825 0.106314
 18975.000000 12.458048 1.570437 0.094302
 18978.000000 12.600334 1.585804 0.094707
 18981.000000 12.532641 1.597014 0.133261
 18984.000000 12.556835 1.587268 0.143205
 18987.000000 12.546382 1.578858 0.161626
 18990.000000 12.489071 1.611725 0.175662
 18993.000000 12.468888 1.587570 0.136753
 18996.000000 12.494436 1.587928 0.147201
 18999.000000 12.534572 1.597191 0.136307
 19002.000000 12.547855 1.607130 0.127273
 19005.000000 12.601558 1.591737 0.142157
 19008.000000 12.596768 1.630312 0.142540
 19011.000000 12.531718 1.616957 0.127347
 19014.000000 12.612236 1.621142 0.126696
 19017.000000 12.667016 1.628982 0.130040
 19020.000000 12.630044 1.604981 0.152618
 19023.000000 12.648727 1.577720 0.096210
 19026.000000 12.644190 1.576728 0.141802
 19029.000000 12.602906 1.552864 0.162707
 19032.000000 12.567333 1.567085 0.208688
 19035.000000 12.611343 1.569544 0.178507
 19038.000000 12.642852 1.545864 0.123883
 19041.000000 12.610192 1.537146 0.136812
 19044.000000 12.603114 1.565163 0.131295
 19047.000000 12.524956 1.558130 0.136726
 19050.000000 12.535781 1.603251 0.162027
 19053.000000 12.558058 1.581331 0.153249
 19056.000000 12.520826 1.565278 0.150099
 19059.000000 12.646690 1.584428 0.176988
 19062.000000 12.609435 1.582318 0.179261
 19065.000000 12.570505 1.578828 0.148685
 19068.000000 12.510375 1.557560 0.143967
 19071.000000 12.552546 1.562225 0.145852
 19074.000000 12.667846 1.578585 0.149238
 19077.000000 12.641768 1.603145 0.173081
 19080.000000 12.663052 1.587176 0.159472
 19083.000000 12.606776 1.565603 0.126462
 19086.000000 12.587549 1.566743 0.133880
 19089.000000 12.568905 1.570073 0.149990
 19092.000000 12.526623 1.579995 0.156284
 19095.000000 12.592162 1.576970 0.158715
 19098.000000 12.613033 1.584064 0.145630
 19101.000000 12.576003 1.591164 0.166147
 19104.000000 12.524749 1.611138 0.188314
 19107.000000 12.536982 1.566459 0.144983
 19110.000000 12.496668 1.601328 0.164078
 19113.000000 12.491001 1.609948 0.168734
 19116.000000 12.471875 1.601857 0.166979
 19119.000000 12.488441 1.612538 0.187112
 19122.000000 12.464958 1.605927 0.166000
 19125.000000 12.464451 1.589176 0.149249
 19128.000000 12.498561 1.600149 0.152277
 19131.000000 12.390878 1.612512 0.160066
 19134.000000 12.449300 1.600293 0.180510
 19137.000000 12.503987 1.595935 0.131909
 19140.000000 12.433006 1.578565 0.155633
 19143.000000 12.417292 1.542272 0.137819
 19146.000000 12.414348 1.541115 0.135351
 19149.000000 12.450371 1.536375 0.096752
 19152.000000 12.400021 1.578565 0.133295
 19155.000000 12.341060 1.576541 0.092908
 19158.000000 12.335942 1.594504 0.122344
 19161.000000 12.351946 1.587009 0.131109
 19164.000000 12.350391 1.581832 0.122442
 19167.000000 12.399010 1.597088 0.112847
 19170.000000 12.420312 1.572876 0.094345
 19173.000000 12.484800 1.609341 0.107537
 19176.000000 12.470527 1.598617 0.101387
 19179.000000 12.465201 1.620769 0.142913
 19182.000000 12.427224 1.605085 0.117962
 19185.000000 12.338207 1.583131 0.093121
 19188.000000 12.334246 1.576888 0.064705
 19191.000000 12.308910 1.590918 0.087430
 19194.000000 12.322576 1.618958 0.099583
 19197.000000 12.355274 1.626080 0.116972
 19200.000000 12.318032 1.618890 0.139487
 19203.000000 12.348969 1.590738 0.097200
 19206.000000 12.424165 1.602954 0.117160
 19209.000000 12.363798 1.605277 0.145660
 19212.000000 12.398550 1.597696 0.135311
 19215.000000 12.408521 1.556003 0.139809
 19218.000000 12.406567 1.577650 0.155214
 19221.000000 12.410281 1.576283 0.138695
 19224.000000 12.487744 1.589098 0.178195
 19227.000000 12.550144 1.596767 0.191207
 19230.000000 12.533243 1.571846 0.139082
 19233.000000 12.586994 1.570156 0.158120
 19236.000000 12.547375 1.567069 0.147801
 19239.000000 12.507186 1.555334 0.135099
 19242.000000 12.382922 1.574117 0.159639
 19245.000000 12.435427 1.540989 0.157876
 19248.000000 12.513748 1.541770 0.161096
 19251.000000 12.297077 1.543736 0.150422
 19254.000000 12.393824 1.541106 0.180368
 19257.000000 12.384639 1.515900 0.176238
 19260.000000 12.401637 1.526660 0.159239
 19263.000000 12.469519 1.540526 0.157243
 19266.000000 12.466689 1.543642 0.157144
 19269.000000 12.498010 1.553190 0.169394
 19272.000000 12.504828 1.564412 0.141000
 19275.000000 12.456648 1.545317 0.120078
 19278.000000 12.543109 1.540757 0.125192
 19281.000000 12.544129 1.540565 0.133532
 19284.000000 12.523534 1.529821 0.110260
 19287.000000 12.546870 1.556230 0.103954
 19290.000000 12.469188 1.557481 0.124761
 19293.000000 12.462476 1.557890 0.108178
 19296.000000 12.507074 1.560153 0.126923
 19299.000000 12.400173 1.562269 0.114462
 19302.000000 12.395790 1.585331 0.111380
 19305.000000 12.392319 1.591076 0.133580
 19308.000000 12.359158 1.598987 0.139480
 19311.000000 12.438286 1.589009 0.138753
 19314.000000 12.428827 1.617034 0.159937
 19317.000000 12.377152 1.594724 0.109116
 19320.000000 12.387579 1.618082 0.141038
 19323.000000 12.365639 1.623362 0.163554
 19326.000000 12.415323 1.653199 0.159520
 19329.000000 12.402669 1.612253 0.132295
 19332.000000 12.397521 1.604780 0.138384
 19335.000000 12.438359 1.586921 0.127831
 19338.000000 12.427914 1.565638 0.115088
 19341.000000 12.450856 1.594754 0.148622
 19344.000000 12.498697 1.566404 0.155788
 19347.000000 12.379508 1.578539 0.156823
 19350.000000 12.421582 1.621489 0.183713
 19353.000000 12.517176 1.627584 0.189883
 19356.000000 12.536799 1.608900 0.204121
 19359.000000 12.527249 1.635955 0.219438
 19362.000000 12.480732 1.649906 0.197971
 19365.000000 12.541680 1.621205 0.183940
 19368.000000 12.491760 1.605495 0.161092
 19371.000000 12.625683 1.614484 0.190032
 19374.000000 12.643932 1.611964 0.197545
 19377.000000 12.571258 1.593450 0.187002
 19380.000000 12.632265 1.587946 0.125792
 19383.000000 12.574055 1.619208 0.140946
 19386.000000 12.486821 1.608449 0.149409
 19389.000000 12.494828 1.630923 0.150555
 19392.000000 12.563438 1.616213 0.144522
 19395.000000 12.646929 1.566065 0.143562
 19398.000000 12.687563 1.558636 0.154637
 19401.000000 12.606572 1.563068 0.151610
 19404.000000 12.571623 1.550899 0.177429
 19407.000000 12.558578 1.544817 0.153477
 19410.000000 12.440152 1.568888 0.164936
 19413.000000 12.531335 1.565270 0.161509
 19416.000000 12.515738 1.544255 0.122386
 19419.000000 12.491634 1.521999 0.115615
 19422.000000 12.496854 1.488337 0.120733
 19425.000000 12.464676 1.474929 0.136781
 19428.000000 12.364392 1.489671 0.135395
 19431.000000 12.388758 1.487924 0.109874
 19434.000000 12.409778 1.509938 0.137966
 19437.000000 12.462443 1.515148 0.131780
 19440.000000 12.464872 1.514875 0.140074
 19443.000000 12.374079 1.518036 0.174044
 19446.000000 12.309437 1.513685 0.141702
 19449.000000 12.342647 1.538058 0.164891
 19452.000000 12.332182 1.533041 0.190388
 19455.000000 12.434865 1.517303 0.175646
 19458.000000 12.361471 1.497141 0.142016
 19461.000000 12.357823 1.540162 0.177392
 19464.000000 12.408918 1.510367 0.163010
 19467.000000 12.373367 1.504135 0.158819
 19470.000000 12.378652 1.488412 0.148499
 19473.000000 12.347835 1.510155 0.155655
 19476.000000 12.373035 1.502129 0.126028
 19479.000000 12.315004 1.531144 0.100307
 19482.000000 12.370776 1.529379 0.145587
 19485.000000 12.392321 1.518548 0.150013
 19488.000000 12.376103 1.513550 0.152411
 19491.000000 12.386503 1.519989 0.174640
 19494.000000 12.396386 1.525476 0.137337
 19497.000000 12.366248 1.518926 0.150647
 19500.000000 12.322998 1.523979 0.193581
 19503.000000 12.282501 1.524511 0.162059
 19506.000000 12.374989 1.488815 0.130431
 19509.000000 12.458594 1.482522 0.130382
 19512.000000 12.454838 1.537901 0.171514
 19515.000000 12.428499 1.517567 0.145038
 19518.000000 12.453899 1.526673 0.151809
 19521.000000 12.520888 1.532425 0.165990
 19524.000000 12.463388 1.538869 0.160215
 19527.000000 12.524884 1.547869 0.186373
 19530.000000 12.470390 1.532954 0.163442
 19533.000000 12.551024 1.521587 0.166365
 19536.000000 12.539099 1.540450 0.174010
 19539.000000 12.512248 1.519304 0.173021
 19542.000000 12.410170 1.545312 0.162899
 19545.000000 12.462710 1.538060 0.149600
 19548.000000 12.519226 1.527383 0.161436
 19551.000000 12.438085 1.532758 0.161837
 19554.000000 12.494127 1.548465 0.150825
 19557.000000 12.517312 1.540764 0.143175
 19560.000000 12.556424 1.547020 0.143617
 19563.000000 12.578566 1.554328 0.136246
 19566.000000 12.503908 1.533150 0.128058
 19569.000000 12.450493 1.520762 0.123325
 19572.000000 12.510198 1.525855 0.122253
 19575.000000 12.528663 1.549434 0.174960
 19578.000000 12.539036 1.551777 0.163964
 19581.000000 12.480288 1.558945 0.165882
 19584.000000 12.507309 1.568494 0.176345
 19587.000000 12.480984 1.564705 0.165917
 19590.000000 12.420495 1.540406 0.127654
 19593.000000 12.430580 1.571492 0.175171
 19596.000000 12.394630 1.575534 0.166355
 19599.000000 12.412798 1.558476 0.128388
 19602.000000 12.549670 1.603018 0.170365
 19605.000000 12.524012 1.586940 0.126257
 19608.000000 12.569677 1.581996 0.153478
 19611.000000 12.502727 1.554970 0.116213
 19614.000000 12.505813 1.550857 0.146067
 19617.000000 12.508532 1.564494 0.159386
 19620.000000 12.601760 1.542240 0.144445
 19623.000000 12.521424 1.539984 0.119575
 19626.000000 12.597717 1.534034 0.143128
 19629.000000 12.587508 1.545302 0.151743
 19632.000000 12.660515 1.554920 0.148053
 19635.000000 12.621018 1.560163 0.157674
 19638.000000 12.606473 1.560017 0.128019
 19641.000000 12.580257 1.540037 0.112159
 19644.000000 12.582205 1.565374 0.131302
 19647.000000 12.487716 1.584255 0.143332
 19650.000000 12.593996 1.539526 0.106406
 19653.000000 12.535281 1.517723 0.120573
 19656.000000 12.448824 1.518052 0.130264
 19659.000000 12.454500 1.553780 0.151066
 19662.000000 12.399972 1.545009 0.148647
 19665.000000 12.420990 1.530060 0.167346
 19668.000000 12.427562 1.515262 0.174534
 19671.000000 12.410563 1.502206 0.169740
 19674.000000 12.377491 1.504206 0.185677
 19677.000000 12.329615 1.488904 0.156815
 19680.000000 12.380454 1.523315 0.175774
 19683.000000 12.375945 1.546059 0.189412
 19686.000000 12.404583 1.543339 0.114339
 19689.000000 12.455460 1.538776 0.117241
 19692.000000 12.494747 1.559201 0.177217
 19695.000000 12.492578 1.555826 0.150895
 19698.000000 12.480059 1.553473 0.138103
 19701.000000 12.482460 1.553629 0.128340
 19704.000000 12.545052 1.541007 0.144965
 19707.000000 12.539387 1.557401 0.146650
 19710.000000 12.568256 1.560370 0.157725
 19713.000000 12.475604 1.575442 0.177527
 19716.000000 12.432523 1.585008 0.159129
 19719.000000 12.466722 1.571863 0.152584
 19722.000000 12.466116 1.577107 0.165075
 19725.000000 12.484215 1.567134 0.174992
 19728.000000 12.477257 1.540841 0.183660
 19731.000000 12.443779 1.515250 0.142300
 19734.000000 12.406135 1.498395 0.145926
 19737.000000 12.386143 1.504976 0.166111
 19740.000000 12.452703 1.515963 0.188411
 19743.000000 12.345027 1.495650 0.158624
 19746.000000 12.348601 1.478747 0.160282
 19749.000000 12.397950 1.500859 0.179187
 19752.000000 12.492371 1.503603 0.159540
 19755.000000 12.465499 1.522339 0.154788
 19758.000000 12.351310 1.517684 0.151757
 19761.000000 12.402244 1.516490 0.122967
 19764.000000 12.394475 1.508229 0.107950
 19767.000000 12.475932 1.541648 0.163117
 19770.000000 12.498136 1.554176 0.181367
 19773.000000 12.381641 1.544796 0.155968
 19776.000000 12.424627 1.556732 0.160106
 19779.000000 12.418504 1.565103 0.152797
 19782.000000 12.463009 1.537748 0.116270
 19785.000000 12.430739 1.545947 0.133665
 19788.000000 12.493918 1.568767 0.124336
 19791.000000 12.535315 1.552258 0.103818
 19794.000000 12.474877 1.559805 0.133351
 19797.000000 12.444355 1.575559 0.137710
 19800.000000 12.470208 1.550425 0.124273
 19803.000000 12.397243 1.545327 0.112926
 19806.000000 12.452119 1.534931 0.107425
 19809.000000 12.495817 1.507821 0.099562
 19812.000000 12.533030 1.523106 0.145766
 19815.000000 12.509189 1.522449 0.134898
 19818.000000 12.602521 1.532138 0.145210
 19821.000000 12.534534 1.531280 0.118487
 19824.000000 12.649618 1.542702 0.129671
 19827.000000 12.623163 1.531917 0.140598
 19830.000000 12.554481 1.560103 0.182945
 19833.000000 12.604708 1.564548 0.160990
 19836.000000 12.544113 1.553315 0.156707
 19839.000000 12.533018 1.564207 0.174564
 19842.000000 12.558406 1.575759 0.168354
 19845.000000 12.576141 1.556151 0.122429
 19848.000000 12.697460 1.586982 0.139989
 19851.000000 12.639929 1.623625 0.161122
 19854.000000 12.613340 1.607670 0.126958
 19857.000000 12.648094 1.602752 0.135012
 19860.000000 12.674946 1.588608 0.116870
 19863.000000 12.666007 1.603167 0.142959
 19866.000000 12.665835 1.600488 0.128170
 19869.000000 12.652297 1.593273 0.140013
 19872.000000 12.642961 1.625466 0.151918
 19875.000000 12.599185 1.628471 0.179972
 19878.000000 12.525865 1.602679 0.170214
 19881.000000 12.565634 1.587404 0.126364
 19884.000000 12.579472 1.571103 0.107081
 19887.000000 12.575088 1.538984 0.084729
 19890.000000 12.580958 1.558146 0.097976
 19893.000000 12.615385 1.583215 0.154336
 19896.000000 12.697918 1.555092 0.129081
 19899.000000 12.651661 1.538297 0.122222
 19902.000000 12.586309 1.536740 0.132088
 19905.000000 12.583326 1.553069 0.126093
 19908.000000 12.563636 1.524022 0.126519
 19911.000000 12.610826 1.553490 0.119338
 19914.000000 12.590977 1.582412 0.171730
 19917.000000 12.569729 1.559559 0.160840
 19920.000000 12.582123 1.536105 0.132777
 19923.000000 12.580631 1.551207 0.154246
 19926.000000 12.499151 1.548516 0.148172
 19929.000000 12.549727 1.530229 0.117034
 19932.000000 12.521885 1.545425 0.111409
 19935.000000 12.624418 1.516803 0.119142
 19938.000000 12.554504 1.521506 0.138752
 19941.000000 12.554050 1.535456 0.132662
 19944.000000 12.571131 1.530769 0.125897
 19947.000000 12.565948 1.538289 0.099559
 19950.000000 12.564083 1.570242 0.152763
 19953.000000 12.481593 1.588337 0.174251
 19956.000000 12.494367 1.550026 0.133410
 19959.000000 12.611213 1.579317 0.176607
 19962.000000 12.604184 1.541900 0.154586
 19965.000000 12.531376 1.526349 0.208405
 19968.000000 12.616385 1.537161 0.127083
 19971.000000 12.491700 1.530587 0.146718
 19974.000000 12.465536 1.542723 0.144308
 19977.000000 12.446768 1.538606 0.124133
 19980.000000 12.443163 1.564628 0.171717
 19983.000000 12.417623 1.589080 0.183568
 19986.000000 12.467697 1.567285 0.175861
 19989.000000 12.449692 1.558481 0.158478
 19992.000000 12.521625 1.577031 0.192046
 19995.000000 12.551929 1.557168 0.171328
 19998.000000 12.674700 1.580488 0.168440
 20001.000000 12.622344 1.563713 0.137942
 20004.000000 12.683011 1.556530 0.137281
 20007.000000 12.684727 1.577697 0.169640
 20010.000000 12.619417 1.557337 0.126778
 20013.000000 12.580068 1.553821 0.138996
 20016.000000 12.497211 1.541021 0.172073
 20019.000000 12.415416 1.526053 0.146731
 20022.000000 12.548192 1.515038 0.162425
 20025.000000 12.509968 1.510013 0.130718
 20028.000000 12.568295 1.524024 0.134735
 20031.000000 12.560057 1.521851 0.125733
 20034.000000 12.580464 1.537308 0.176270
 20037.000000 12.545968 1.508091 0.167940
 20040.000000 12.528035 1.516467 0.183167
 20043.000000 12.388661 1.491967 0.171000
 20046.000000 12.360576 1.507828 0.176131
 20049.000000 12.451866 1.502923 0.146403
 20052.000000 12.528013 1.488047 0.126485
 20055.000000 12.557482 1.500199 0.125415
 20058.000000 12.654255 1.521412 0.122165
 20061.000000 12.660241 1.504147 0.108672
 20064.000000 12.635802 1.513375 0.124070
 20067.000000 12.548830 1.530903 0.136528
 20070.000000 12.486434 1.510807 0.121789
 20073.000000 12.464338 1.530827 0.107305
 20076.000000 12.488276 1.536888 0.122892
 20079.000000 12.375629 1.540666 0.145744
 20082.000000 12.498558 1.524712 0.126900
 20085.000000 12.379679 1.520073 0.134774
 20088.000000 12.406126 1.514310 0.153074
 20091.000000 12.409162 1.531780 0.180787
 20094.000000 12.445582 1.567502 0.204901
 20097.000000 12.499635 1.529778 0.171875
 20100.000000 12.442588 1.511077 0.150006
 20103.000000 12.544688 1.519552 0.138343
 20106.000000 12.390534 1.518980 0.137760
 20109.000000 12.441387 1.544400 0.159648
 20112.000000 12.417295 1.516669 0.147605
 20115.000000 12.479340 1.532762 0.145309
 20118.000000 12.418692 1.537249 0.150147
 20121.000000 12.359887 1.540324 0.168187
 20124.000000 12.422853 1.504019 0.146665
 20127.000000 12.469057 1.522008 0.157492
 20130.000000 12.450101 1.543921 0.174695
 20133.000000 12.427783 1.568144 0.192915
 20136.000000 12.470483 1.516636 0.146275
 20139.000000 12.345391 1.532116 0.210429
 20142.000000 12.350182 1.554417 0.196839
 20145.000000 12.384768 1.543478 0.166991
 20148.000000 12.414119 1.518048 0.163758
 20151.000000 12.392873 1.512810 0.132551
 20154.000000 12.292214 1.546661 0.179772
 20157.000000 12.339022 1.522197 0.154711
 20160.000000 12.369165 1.529283 0.148467
 20163.000000 12.373277 1.512775 0.148550
 20166.000000 12.408967 1.551530 0.171970
 20169.000000 12.416712 1.547394 0.193615
 20172.000000 12.528694 1.562084 0.193131
 20175.000000 12.467407 1.531363 0.170426
 20178.000000 12.478789 1.533915 0.153920
 20181.000000 12.487367 1.512846 0.107901
 20184.000000 12.545613 1.533564 0.124068
 20187.000000 12.511797 1.518211 0.110474
 20190.000000 12.500531 1.540533 0.118919
 20193.000000 12.490251 1.573643 0.154770
 20196.000000 12.405009 1.536659 0.130395
 20199.000000 12.272257 1.545315 0.111648
 20202.000000 12.275831 1.533064 0.132126
 20205.000000 12.348462 1.566868 0.150279
 20208.000000 12.390840 1.536487 0.148271
 20211.000000 12.378424 1.525624 0.164128
 20214.000000 12.409524 1.545929 0.157432
 20217.000000 12.407340 1.553299 0.165587
 20220.000000 12.392893 1.564220 0.177301
 20223.000000 12.384310 1.553657 0.159791
 20226.000000 12.402426 1.574218 0.161520
 20229.000000 12.401865 1.566431 0.152861
 20232.000000 12.399280 1.565940 0.146642
 20235.000000 12.487390 1.579351 0.149741
 20238.000000 12.475014 1.563909 0.109297
 20241.000000 12.415719 1.550344 0.113590
 20244.000000 12.437032 1.572237 0.124933
 20247.000000 12.524575 1.543341 0.106937
 20250.000000 12.480015 1.555291 0.126327
 20253.000000 12.559675 1.550582 0.144880
 20256.000000 12.547914 1.553419 0.126682
 20259.000000 12.541853 1.536641 0.155771
 20262.000000 12.536025 1.540853 0.181310
 20265.000000 12.474107 1.507552 0.169564
 20268.000000 12.545102 1.537288 0.173577
 20271.000000 12.530178 1.528168 0.160734
 20274.000000 12.549292 1.561530 0.174033
 20277.000000 12.625788 1.530583 0.197541
 20280.000000 12.593560 1.573253 0.231549
 20283.000000 12.548736 1.565643 0.155055
 20286.000000 12.376970 1.572808 0.131556
 20289.000000 12.358225 1.559368 0.087247
 20292.000000 12.413268 1.583814 0.128285
 20295.000000 12.417591 1.577740 0.177127
 20298.000000 12.460268 1.591444 0.147045
 20301.000000 12.367956 1.594364 0.097972
 20304.000000 12.402706 1.563500 0.106852
 20307.000000 12.431175 1.587176 0.132590
 20310.000000 12.411533 1.593821 0.133226
 20313.000000 12.467088 1.576597 0.116404
 20316.000000 12.440881 1.587163 0.140359
 20319.000000 12.378022 1.595352 0.165642
 20322.000000 12.455526 1.601010 0.172400
 20325.000000 12.422217 1.580330 0.167922
 20328.000000 12.408784 1.613717 0.181352
 20331.000000 12.460426 1.605829 0.130258
 20334.000000 12.438786 1.635118 0.124222
 20337.000000 12.457976 1.626508 0.091944
 20340.000000 12.530731 1.640064 0.098374
 20343.000000 12.464545 1.633625 0.127780
 20346.000000 12.554125 1.607771 0.103068
 20349.000000 12.645474 1.610786 0.104324
 20352.000000 12.577536 1.631338 0.160495
 20355.000000 12.479298 1.618859 0.130147
 20358.000000 12.429384 1.597487 0.084083
 20361.000000 12.416498 1.609187 0.111307
 20364.000000 12.455510 1.607006 0.122898
 20367.000000 12.430770 1.579903 0.117497
 20370.000000 12.467273 1.554566 0.135208
 20373.000000 12.422322 1.542278 0.070827
 20376.000000 12.422239 1.548965 0.086633
 20379.000000 12.430517 1.575509 0.100908
 20382.000000 12.549503 1.563112 0.086345
 20385.000000 12.483315 1.575265 0.148063
 20388.000000 12.525780 1.544585 0.177349
 20391.000000 12.630945 1.536525 0.172470
 20394.000000 12.642698 1.560042 0.187685
 20397.000000 12.538932 1.575686 0.174263
 20400.000000 12.461906 1.586911 0.153586
 20403.000000 12.377769 1.606820 0.164727
 20406.000000 12.402745 1.594522 0.157050
 20409.000000 12.368574 1.610658 0.149481
 20412.000000 12.413236 1.623499 0.155561
 20415.000000 12.392327 1.606601 0.106085
 20418.000000 12.364153 1.595445 0.110772
 20421.000000 12.282427 1.580948 0.155433
 20424.000000 12.373969 1.570673 0.170108
 20427.000000 12.395240 1.592260 0.166150
 20430.000000 12.388319 1.582185 0.178320
 20433.000000 12.410511 1.608988 0.170429
 20436.000000 12.466657 1.594390 0.138509
 20439.000000 12.468135 1.616183 0.154483
 20442.000000 12.498338 1.589570 0.130874
 20445.000000 12.504898 1.558674 0.136334
 20448.000000 12.551022 1.581454 0.109646
 20451.000000 12.520616 1.573372 0.100364
 20454.000000 12.507441 1.576310 0.196338
 20457.000000 12.548850 1.597460 0.144225
 20460.000000 12.477559 1.579919 0.127115
 20463.000000 12.574727 1.596203 0.136954
 20466.000000 12.521169 1.583685 0.151549
 20469.000000 12.578516 1.594101 0.119665
 20472.000000 12.594234 1.582723 0.128480
 20475.000000 12.626610 1.618123 0.105064
 20478.000000 12.616901 1.599166 0.126486
 20481.000000 12.665075 1.629745 0.135450
 20484.000000 12.719234 1.621752 0.150004
 20487.000000 12.711085 1.617817 0.142219
 20490.000000 12.660996 1.627865 0.143210
 20493.000000 12.610953 1.643970 0.149468
 20496.000000 12.526916 1.618280 0.129275
 20499.000000 12.594409 1.613929 0.149117
 20502.000000 12.538751 1.625497 0.124377
 20505.000000 12.570934 1.600853 0.130151
 20508.000000 12.607190 1.629516 0.111203
 20511.000000 12.581076 1.618956 0.093058
 20514.000000 12.547817 1.601701 0.085618
 20517.000000 12.528774 1.581414 0.106704
 20520.000000 12.443966 1.576896 0.109457
 20523.000000 12.424813 1.573896 0.099174
 20526.000000 12.505711 1.548046 0.107136
 20529.000000 12.488572 1.562760 0.121868
 20532.000000 12.466307 1.573237 0.085530
 20535.000000 12.481515 1.546190 0.092464
 20538.000000 12.491809 1.572963 0.099004
 20541.000000 12.490938 1.590106 0.099017
 20544.000000 12.499376 1.561052 0.109659
 20547.000000 12.426525 1.568261 0.128971
 20550.000000 12.495503 1.574486 0.115232
 20553.000000 12.546942 1.575884 0.117781
 20556.000000 12.516359 1.591114 0.103973
 20559.000000 12.425495 1.598072 0.139056
 20562.000000 12.455579 1.597546 0.103323
 20565.000000 12.513441 1.632608 0.121655
 20568.000000 12.400532 1.649176 0.119756
 20571.000000 12.440271 1.649368 0.129879
 20574.000000 12.377745 1.623056 0.135916
 20577.000000 12.436386 1.623056 0.137772
 20580.000000 12.383004 1.648165 0.164464
 20583.000000 12.467599 1.618529 0.149904
 20586.000000 12.560096 1.622507 0.130854
 20589.000000 12.535977 1.619571 0.097035
 20592.000000 12.556424 1.600058 0.100170
 20595.000000 12.520417 1.624031 0.132858
 20598.000000 12.465437 1.629452 0.136581
 20601.000000 12.555305 1.628617 0.118472
 20604.000000 12.481219 1.610482 0.134583
 20607.000000 12.527275 1.634126 0.109164
 20610.000000 12.553257 1.639961 0.072665
 20613.000000 12.530832 1.640479 0.105389
 20616.000000 12.524727 1.658657 0.114828
 20619.000000 12.518513 1.653662 0.095703
 20622.000000 12.549673 1.657158 0.074060
 20625.000000 12.605461 1.634517 0.064039
 20628.000000 12.528586 1.640639 0.093941
 20631.000000 12.526236 1.613686 0.103605
 20634.000000 12.489298 1.602018 0.103196
 20637.000000 12.441541 1.577994 0.092146
 20640.000000 12.394025 1.580179 0.124773
 20643.000000 12.311124 1.563591 0.170074
 20646.000000 12.437539 1.578060 0.124040
 20649.000000 12.352275 1.565474 0.134338
 20652.000000 12.390327 1.554081 0.170633
 20655.000000 12.425395 1.573429 0.155169
 20658.000000 12.414967 1.570682 0.158711
 20661.000000 12.462426 1.565624 0.171355
 20664.000000 12.439539 1.568997 0.138542
 20667.000000 12.412404 1.583671 0.147831
 20670.000000 12.487597 1.567395 0.130953
 20673.000000 12.534984 1.578876 0.146030
 20676.000000 12.454572 1.579856 0.133768
 20679.000000 12.477918 1.591100 0.149960
 20682.000000 12.506071 1.582976 0.129864
 20685.000000 12.513268 1.580252 0.112555
 20688.000000 12.485710 1.586085 0.112104
 20691.000000 12.435310 1.594607 0.118525
 20694.000000 12.452462 1.587201 0.112516
 20697.000000 12.466904 1.608671 0.138493
 20700.000000 12.534961 1.613554 0.131511
 20703.000000 12.447265 1.574795 0.115752
 20706.000000 12.458302 1.571524 0.081647
 20709.000000 12.463486 1.595960 0.114340
 20712.000000 12.484580 1.613531 0.131358
 20715.000000 12.423342 1.617929 0.114020
 20718.000000 12.457159 1.625554 0.112038
 20721.000000 12.507812 1.647515 0.130242
 20724.000000 12.507486 1.638908 0.151276
 20727.000000 12.432904 1.622569 0.145326
 20730.000000 12.479877 1.625572 0.146977
 20733.000000 12.446213 1.625208 0.136718
 20736.000000 12.515561 1.615701 0.141972
 20739.000000 12.471827 1.604462 0.133100
 20742.000000 12.515277 1.581494 0.097015
 20745.000000 12.422582 1.567672 0.058084
 20748.000000 12.468694 1.564443 0.076420
 20751.000000 12.457683 1.602829 0.097954
 20754.000000 12.487900 1.602427 0.104851
 20757.000000 12.505206 1.607992 0.142355
 20760.000000 12.465776 1.618142 0.143224
 20763.000000 12.565457 1.639891 0.141770
 20766.000000 12.536953 1.613665 0.123994
 20769.000000 12.495404 1.634959 0.139386
 20772.000000 12.434794 1.630176 0.113504
 20775.000000 12.438577 1.624102 0.092750
 20778.000000 12.429627 1.633682 0.127266
 20781.000000 12.309248 1.605346 0.094012
 20784.000000 12.367446 1.590376 0.098412
 20787.000000 12.280963 1.622752 0.128355
 20790.000000 12.345612 1.610921 0.101454
 20793.000000 12.356087 1.576681 0.059135
 20796.000000 12.397498 1.603698 0.095273
 20799.000000 12.398546 1.617460 0.122594
 20802.000000 12.535251 1.622892 0.106241
 20805.000000 12.506743 1.591028 0.099046
 20808.000000 12.494938 1.599384 0.149897
 20811.000000 12.433059 1.646461 0.185939
 20814.000000 12.412221 1.611606 0.133970
 20817.000000 12.455190 1.606722 0.122643
 20820.000000 12.469577 1.580620 0.129035
 20823.000000 12.510438 1.555392 0.120317
 20826.000000 12.455583 1.563885 0.090147
 20829.000000 12.525034 1.570940 0.072376
 20832.000000 12.551204 1.582544 0.062608
 20835.000000 12.566038 1.580849 0.110480
 20838.000000 12.488365 1.561063 0.101552
 20841.000000 12.549603 1.593050 0.120416
 20844.000000 12.603426 1.576595 0.106758
 20847.000000 12.569247 1.568905 0.110727
 20850.000000 12.557113 1.586638 0.126962
 20853.000000 12.488821 1.553923 0.115223
 20856.000000 12.430524 1.563041 0.065536
 20859.000000 12.425316 1.560158 0.139390
 20862.000000 12.480704 1.565118 0.145790
 20865.000000 12.563381 1.537765 0.105450
 20868.000000 12.647163 1.603689 0.179946
 20871.000000 12.560406 1.598633 0.159943
 20874.000000 12.631001 1.570047 0.132425
 20877.000000 12.530337 1.570208 0.126095
 20880.000000 12.548722 1.593625 0.163758
 20883.000000 12.653025 1.575028 0.148372
 20886.000000 12.572099 1.599187 0.149933
 20889.000000 12.456592 1.603341 0.172904
 20892.000000 12.472826 1.613335 0.192169
 20895.000000 12.430287 1.592637 0.152639
 20898.000000 12.474329 1.607446 0.160971
 20901.000000 12.524057 1.575404 0.136298
 20904.000000 12.541226 1.587656 0.123891
 20907.000000 12.600609 1.596291 0.127327
 20910.000000 12.541905 1.592020 0.121775
 20913.000000 12.531172 1.632574 0.162543
 20916.000000 12.551452 1.610515 0.155666
 20919.000000 12.452581 1.591714 0.153466
 20922.000000 12.415933 1.586499 0.156858
 20925.000000 12.442222 1.603986 0.156859
 20928.000000 12.420962 1.566893 0.148647
 20931.000000 12.554260 1.585018 0.162944
 20934.000000 12.519132 1.571887 0.163751
 20937.000000 12.514370 1.609271 0.179590
 20940.000000 12.520867 1.578755 0.098372
 20943.000000 12.430204 1.603493 0.100587
 20946.000000 12.483449 1.599880 0.145046
 20949.000000 12.498116 1.587033 0.138789
 20952.000000 12.480722 1.597566 0.157194
 20955.000000 12.557414 1.622295 0.171708
 20958.000000 12.604442 1.597213 0.148963
 20961.000000 12.591328 1.602897 0.124364
 20964.000000 12.588529 1.620142 0.133647
 20967.000000 12.615254 1.618940 0.143201
 20970.000000 12.666037 1.601685 0.147531
 20973.000000 12.678787 1.613749 0.127607
 20976.000000 12.655892 1.602510 0.139228
 20979.000000 12.698371 1.606148 0.148745
 20982.000000 12.564035 1.600349 0.132742
 20985.000000 12.558682 1.598720 0.153461
 20988.000000 12.561541 1.587893 0.149474
 20991.000000 12.578027 1.586074 0.142135
 20994.000000 12.485050 1.616710 0.160879
 20997.000000 12.502529 1.612082 0.162266
 21000.000000 12.509105 1.602191 0.132187
