#! FIELDS time dmid theta gamma
 0.000000 20.536930 1.514915 0.220229
 3.000000 20.197996 1.501429 0.250063
 6.000000 20.199436 1.522847 0.233420
 9.000000 20.650600 1.544273 0.236804
 12.000000 20.301661 1.567001 0.225112
 15.000000 20.454755 1.522324 0.211336
 18.000000 20.625265 1.519090 0.240228
 21.000000 20.332063 1.540806 0.222834
 24.000000 20.507653 1.558105 0.223462
 27.000000 20.441823 1.545840 0.211083
 30.000000 20.389128 1.557250 0.160658
 33.000000 20.476909 1.582780 0.175689
 36.000000 20.412315 1.569364 0.166333
 39.000000 20.465713 1.571396 0.147046
 42.000000 20.419914 1.579266 0.147632
 45.000000 20.423747 1.582211 0.116157
 48.000000 20.399372 1.583850 0.193132
 51.000000 20.432363 1.574747 0.190752
 54.000000 20.404338 1.584955 0.177827
 57.000000 20.496899 1.576545 0.144039
 60.000000 20.431632 1.568665 0.139418
 63.000000 20.381855 1.582453 0.152624
 66.000000 20.398938 1.574253 0.126542
 69.000000 20.398141 1.542163 0.139125
 72.000000 20.393821 1.529888 0.146371
 75.000000 20.342940 1.546723 0.166658
 78.000000 20.357596 1.556379 0.140950
 81.000000 20.367489 1.546196 0.146796
 84.000000 20.389130 1.532136 0.192044
 87.000000 20.412316 1.522042 0.162055
 90.000000 20.383258 1.529433 0.158071
 93.000000 20.396513 1.541062 0.133623
 96.000000 20.427416 1.521368 0.137305
 99.000000 20.411027 1.580948 0.157484
 102.000000 20.344173 1.593925 0.176030
 105.000000 20.351531 1.586816 0.172230
 108.000000 20.370982 1.601305 0.160738
 111.000000 20.427087 1.608808 0.152812
 114.000000 20.362163 1.624642 0.172028
 117.000000 20.453500 1.624714 0.155862
 120.000000 20.418691 1.591671 0.143637
 123.000000 20.456529 1.592894 0.158500
 126.000000 20.465871 1.598889 0.129651
 129.000000 20.476435 1.575322 0.139721
 132.000000 20.539926 1.582159 0.155840
 135.000000 20.478761 1.547162 0.116577
 138.000000 20.427139 1.555893 0.120594
 141.000000 20.509637 1.572479 0.124102
 144.000000 20.503284 1.579257 0.104660
 147.000000 20.381846 1.562732 0.078003
 150.000000 20.430229 1.575990 0.072302
 153.000000 20.429290 1.606902 0.117521
 156.000000 20.450421 1.621787 0.132132
 159.000000 20.373868 1.612932 0.156563
 162.000000 20.412340 1.651687 0.164020
 165.000000 20.441532 1.621173 0.118201
 168.000000 20.443961 1.610977 0.125588
 171.000000 20.437520 1.612374 0.124738
 174.000000 20.456793 1.602419 0.147811
 177.000000 20.462306 1.578513 0.118242
 180.000000 20.406911 1.606940 0.110568
 183.000000 20.387395 1.599742 0.119037
 186.000000 20.369387 1.592892 0.139119
 189.000000 20.296550 1.573529 0.108213
 192.000000 20.378998 1.590859 0.087374
 195.000000 20.342854 1.630578 0.107449
 198.000000 20.344181 1.618716 0.113497
 201.000000 20.341603 1.637429 0.116394
 204.000000 20.362401 1.630744 0.082724
 207.000000 20.403655 1.612147 0.108188
 210.000000 20.362067 1.630392 0.134146
 213.000000 20.427812 1.655038 0.140203
 216.000000 20.487330 1.640394 0.119726
 219.000000 20.449069 1.619633 0.111313
 222.000000 20.414199 1.625144 0.127066
 225.000000 20.467375 1.636123 0.100115
 228.000000 20.471765 1.658191 0.118106
 231.000000 20.388390 1.634059 0.108282
 234.000000 20.408871 1.634714 0.121797
 237.000000 20.461106 1.657527 0.127995
 240.000000 20.450802 1.643746 0.142847
 243.000000 20.581199 1.662567 0.120213
 246.000000 20.509279 1.644032 0.106351
 249.000000 20.542439 1.639463 0.137426
 252.000000 20.522826 1.632980 0.121866
 255.000000 20.462964 1.641425 0.153357
 258.000000 20.507801 1.644993 0.177803
 261.000000 20.583273 1.597806 0.172035
 264.000000 20.528976 1.615896 0.180787
 267.000000 20.570915 1.607353 0.154258
 270.000000 20.508269 1.602235 0.152856
 273.000000 20.537234 1.591333 0.146302
 276.000000 20.516747 1.568896 0.129912
 279.000000 20.566606 1.576774 0.105516
 282.000000 20.525237 1.585174 0.183569
 285.000000 20.504779 1.594193 0.179619
 288.000000 20.544953 1.582857 0.109223
 291.000000 20.602388 1.608402 0.152983
 294.000000 20.489865 1.602260 0.112306
 297.000000 20.505223 1.615744 0.119335
 300.000000 20.483345 1.602300 0.143603
 303.000000 20.439717 1.593248 0.108883
 306.000000 20.455803 1.593964 0.134858
 309.000000 20.493335 1.604696 0.166687
 312.000000 20.494476 1.601237 0.191859
 315.000000 20.546368 1.592829 0.194495
 318.000000 20.615313 1.578652 0.167782
 321.000000 20.584256 1.558186 0.160973
 324.000000 20.473201 1.551061 0.181621
 327.000000 20.538155 1.563636 0.163392
 330.000000 20.493567 1.573135 0.169106
 333.000000 20.573566 1.595485 0.155522
 336.000000 20.517018 1.592267 0.151973
 339.000000 20.519195 1.624979 0.167054
 342.000000 20.587002 1.599298 0.147709
 345.000000 20.529678 1.625449 0.174253
 348.000000 20.537216 1.628107 0.179900
 351.000000 20.478014 1.592367 0.151098
 354.000000 20.497696 1.616413 0.159470
 357.000000 20.470090 1.590856 0.150957
 360.000000 20.504031 1.580459 0.157693
 363.000000 20.511225 1.564963 0.169471
 366.000000 20.557265 1.565567 0.172737
 369.000000 20.553599 1.560913 0.219005
 372.000000 20.548216 1.548413 0.186181
 375.000000 20.496625 1.566599 0.168867
 378.000000 20.420206 1.564958 0.153007
 381.000000 20.417896 1.549769 0.142679
 384.000000 20.410113 1.582977 0.195905
 387.000000 20.400893 1.602884 0.187889
 390.000000 20.425462 1.584791 0.129222
 393.000000 20.348738 1.556041 0.128325
 396.000000 20.401297 1.562058 0.114096
 399.000000 20.438961 1.553326 0.092869
 402.000000 20.464188 1.558821 0.106022
 405.000000 20.449811 1.551659 0.152668
 408.000000 20.450337 1.555972 0.123786
 411.000000 20.357218 1.564486 0.113276
 414.000000 20.350073 1.564844 0.117570
 417.000000 20.410189 1.589713 0.133283
 420.000000 20.275829 1.544794 0.121533
 423.000000 20.383721 1.575480 0.117655
 426.000000 20.362096 1.553298 0.128055
 429.000000 20.364696 1.557366 0.137309
 432.000000 20.413065 1.575220 0.122785
 435.000000 20.396051 1.585340 0.117332
 438.000000 20.385995 1.591722 0.126841
 441.000000 20.443059 1.594871 0.137359
 444.000000 20.444761 1.590924 0.110935
 447.000000 20.496954 1.604332 0.091259
 450.000000 20.549800 1.595596 0.111634
 453.000000 20.421280 1.579290 0.118082
 456.000000 20.513058 1.594554 0.155355
 459.000000 20.561455 1.606348 0.157843
 462.000000 20.554738 1.602657 0.151228
 465.000000 20.567669 1.593941 0.146224
 468.000000 20.541887 1.579941 0.153242
 471.000000 20.470451 1.581674 0.161455
 474.000000 20.478166 1.557478 0.119778
 477.000000 20.519374 1.567293 0.103832
 480.000000 20.596485 1.588241 0.115960
 483.000000 20.523638 1.552335 0.108172
 486.000000 20.601509 1.561585 0.132681
 489.000000 20.579034 1.569112 0.166949
 492.000000 20.586975 1.551883 0.158139
 495.000000 20.583134 1.564402 0.165344
 498.000000 20.564136 1.550893 0.164000
 501.000000 20.521829 1.584265 0.177778
 504.000000 20.545425 1.588394 0.176247
 507.000000 20.527264 1.568072 0.138470
 510.000000 20.575761 1.592048 0.106582
 513.000000 20.535053 1.583442 0.120733
 516.000000 20.562919 1.594646 0.137743
 519.000000 20.505941 1.569408 0.089042
 522.000000 20.612647 1.566176 0.132831
 525.000000 20.634412 1.565362 0.125171
 528.000000 20.626500 1.566943 0.136213
 531.000000 20.564221 1.538071 0.143321
 534.000000 20.540862 1.572444 0.215671
 537.000000 20.488530 1.593294 0.170061
 540.000000 20.521281 1.587174 0.175809
 543.000000 20.498369 1.572206 0.115839
 546.000000 20.450014 1.588123 0.148396
 549.000000 20.438667 1.586009 0.157248
 552.000000 20.427096 1.598384 0.172517
 555.000000 20.498076 1.605627 0.152881
 558.000000 20.550481 1.608489 0.143497
 561.000000 20.442302 1.623426 0.190312
 564.000000 20.481906 1.601186 0.174416
 567.000000 20.513788 1.619778 0.156786
 570.000000 20.608677 1.633398 0.153458
 573.000000 20.605520 1.610323 0.138007
 576.000000 20.628147 1.624012 0.153824
 579.000000 20.618611 1.608674 0.171760
 582.000000 20.535184 1.630159 0.174612
 585.000000 20.525022 1.596264 0.150223
 588.000000 20.544710 1.576646 0.109880
 591.000000 20.457788 1.590379 0.156699
 594.000000 20.434815 1.598544 0.159007
 597.000000 20.412851 1.584786 0.146556
 600.000000 20.434355 1.589300 0.125580
 603.000000 20.472607 1.577926 0.093982
 606.000000 20.396481 1.580617 0.082903
 609.000000 20.446842 1.615528 0.111661
 612.000000 20.292137 1.594266 0.112573
 615.000000 20.376125 1.577248 0.087610
 618.000000 20.376222 1.588120 0.104621
 621.000000 20.352288 1.612936 0.101848
 624.000000 20.337881 1.588050 0.113961
 627.000000 20.369765 1.617850 0.146875
 630.000000 20.417197 1.610921 0.170944
 633.000000 20.442986 1.565075 0.135225
 636.000000 20.437420 1.563257 0.132673
 639.000000 20.436332 1.550992 0.097701
 642.000000 20.474657 1.543469 0.106313
 645.000000 20.494786 1.552204 0.142469
 648.000000 20.516900 1.574868 0.136717
 651.000000 20.487277 1.593114 0.131306
 654.000000 20.494919 1.584771 0.187613
 657.000000 20.450720 1.563144 0.165731
 660.000000 20.463365 1.577839 0.167714
 663.000000 20.511615 1.575012 0.181134
 666.000000 20.498788 1.558597 0.154186
 669.000000 20.494044 1.549067 0.170356
 672.000000 20.512805 1.557266 0.168116
 675.000000 20.425118 1.568715 0.127325
 678.000000 20.473230 1.555303 0.104738
 681.000000 20.430160 1.564657 0.128704
 684.000000 20.367269 1.577916 0.112894
 687.000000 20.347756 1.578656 0.141293
 690.000000 20.422636 1.558724 0.124085
 693.000000 20.405652 1.553492 0.105853
 696.000000 20.428414 1.592077 0.166877
 699.000000 20.390615 1.573544 0.113431
 702.000000 20.407527 1.566085 0.113456
 705.000000 20.445694 1.574436 0.132133
 708.000000 20.483695 1.586352 0.161170
 711.000000 20.445287 1.560747 0.117647
 714.000000 20.414762 1.594522 0.150144
 717.000000 20.429018 1.579615 0.114363
 720.000000 20.382447 1.580358 0.110185
 723.000000 20.360430 1.589298 0.155683
 726.000000 20.336791 1.613096 0.180550
 729.000000 20.464713 1.588200 0.148368
 732.000000 20.449031 1.600720 0.165984
 735.000000 20.504455 1.585376 0.148599
 738.000000 20.418940 1.580824 0.158381
 741.000000 20.503274 1.573687 0.174538
 744.000000 20.508071 1.590760 0.182575
 747.000000 20.513463 1.566016 0.138142
 750.000000 20.462894 1.577606 0.153608
 753.000000 20.427462 1.578646 0.132374
 756.000000 20.429987 1.598936 0.143892
 759.000000 20.497572 1.563915 0.103489
 762.000000 20.512443 1.583515 0.123789
 765.000000 20.484316 1.584312 0.127120
 768.000000 20.436625 1.613906 0.144584
 771.000000 20.470182 1.621249 0.158563
 774.000000 20.467773 1.617737 0.118595
 777.000000 20.439348 1.628339 0.112999
 780.000000 20.439014 1.606914 0.141686
 783.000000 20.375007 1.590327 0.099289
 786.000000 20.420357 1.621298 0.136942
 789.000000 20.405898 1.632923 0.141341
 792.000000 20.379125 1.600220 0.100354
 795.000000 20.433130 1.618527 0.134753
 798.000000 20.488872 1.605885 0.119336
 801.000000 20.555091 1.602288 0.133985
 804.000000 20.520018 1.630143 0.179802
 807.000000 20.535168 1.642649 0.180382
 810.000000 20.473696 1.647567 0.160392
 813.000000 20.480985 1.637067 0.174188
 816.000000 20.495158 1.641096 0.169823
 819.000000 20.516798 1.622668 0.148135
 822.000000 20.473909 1.610922 0.144617
 825.000000 20.474893 1.600972 0.150331
 828.000000 20.405230 1.604396 0.162501
 831.000000 20.388602 1.634886 0.198746
 834.000000 20.376893 1.616693 0.196587
 837.000000 20.410978 1.605091 0.198675
 840.000000 20.405650 1.631609 0.204006
 843.000000 20.442188 1.637870 0.183983
 846.000000 20.433127 1.629677 0.173577
 849.000000 20.447886 1.651067 0.177826
 852.000000 20.475132 1.576841 0.116525
 855.000000 20.451607 1.612577 0.157923
 858.000000 20.307682 1.609695 0.190442
 861.000000 20.391661 1.628706 0.190506
 864.000000 20.379414 1.625379 0.176333
 867.000000 20.326712 1.596663 0.144002
 870.000000 20.303945 1.607660 0.164095
 873.000000 20.409074 1.620566 0.171837
 876.000000 20.390749 1.602545 0.110658
 879.000000 20.385972 1.634814 0.145820
 882.000000 20.430551 1.647824 0.152175
 885.000000 20.403539 1.629035 0.142405
 888.000000 20.368522 1.600681 0.091780
 891.000000 20.380741 1.604329 0.132835
 894.000000 20.335315 1.601080 0.100739
 897.000000 20.347399 1.615952 0.098292
 900.000000 20.431577 1.621480 0.066061
 903.000000 20.389719 1.599414 0.104054
 906.000000 20.350200 1.588089 0.094771
 909.000000 20.369530 1.588493 0.090628
 912.000000 20.316458 1.602006 0.125971
 915.000000 20.373427 1.616011 0.131736
 918.000000 20.370260 1.606032 0.152177
 921.000000 20.313839 1.580745 0.121319
 924.000000 20.290732 1.594618 0.122897
 927.000000 20.299614 1.609091 0.117928
 930.000000 20.320837 1.613272 0.107406
 933.000000 20.252285 1.587137 0.116850
 936.000000 20.350627 1.615881 0.127996
 939.000000 20.296239 1.634535 0.130043
 942.000000 20.231855 1.601021 0.100943
 945.000000 20.179059 1.601651 0.105419
 948.000000 20.225665 1.571716 0.073179
 951.000000 20.268776 1.570739 0.073970
 954.000000 20.221806 1.607109 0.107926
 957.000000 20.370673 1.573323 0.063897
 960.000000 20.439546 1.616689 0.083938
 963.000000 20.326611 1.614191 0.106624
 966.000000 20.337468 1.597919 0.110222
 969.000000 20.383775 1.629681 0.112151
 972.000000 20.461178 1.591493 0.111526
 975.000000 20.467108 1.590655 0.067271
 978.000000 20.489309 1.619517 0.120399
 981.000000 20.429413 1.639609 0.129977
 984.000000 20.548377 1.615104 0.097051
 987.000000 20.483166 1.645815 0.117081
 990.000000 20.551728 1.624464 0.116944
 993.000000 20.469737 1.628980 0.120123
 996.000000 20.446338 1.612522 0.122992
 999.000000 20.424403 1.618473 0.106692
 1002.000000 20.429826 1.619387 0.116424
 1005.000000 20.300556 1.614547 0.132172
 1008.000000 20.393866 1.607494 0.151525
 1011.000000 20.438272 1.627609 0.163613
 1014.000000 20.469425 1.603518 0.183244
 1017.000000 20.467051 1.605067 0.145236
 1020.000000 20.421296 1.590271 0.126710
 1023.000000 20.407896 1.637762 0.163532
 1026.000000 20.406028 1.602636 0.128701
 1029.000000 20.426187 1.618985 0.163910
 1032.000000 20.467140 1.586812 0.115457
 1035.000000 20.489509 1.609947 0.145292
 1038.000000 20.406269 1.609007 0.124869
 1041.000000 20.339234 1.624543 0.133092
 1044.000000 20.359741 1.615148 0.137830
 1047.000000 20.330786 1.602710 0.126487
 1050.000000 20.371779 1.592867 0.098451
 1053.000000 20.422954 1.610639 0.129021
 1056.000000 20.402341 1.623330 0.156831
 1059.000000 20.384889 1.612874 0.154620
 1062.000000 20.390730 1.637054 0.148269
 1065.000000 20.418035 1.593446 0.129734
 1068.000000 20.424683 1.601457 0.175301
 1071.000000 20.433913 1.610483 0.216564
 1074.000000 20.357779 1.623116 0.202371
 1077.000000 20.408995 1.624263 0.169118
 1080.000000 20.454690 1.614472 0.158758
 1083.000000 20.426260 1.612121 0.136540
 1086.000000 20.426735 1.626223 0.199235
 1089.000000 20.353710 1.627986 0.163575
 1092.000000 20.400401 1.614250 0.174820
 1095.000000 20.414105 1.610024 0.123506
 1098.000000 20.466039 1.607570 0.115035
 1101.000000 20.463908 1.607193 0.119531
 1104.000000 20.517834 1.632612 0.148426
 1107.000000 20.498860 1.596432 0.105748
 1110.000000 20.505509 1.611831 0.139626
 1113.000000 20.492807 1.595737 0.130684
 1116.000000 20.554424 1.589882 0.132917
 1119.000000 20.540676 1.575987 0.129581
 1122.000000 20.569492 1.583132 0.112471
 1125.000000 20.639634 1.577556 0.156136
 1128.000000 20.684721 1.578634 0.119462
 1131.000000 20.582561 1.543260 0.127320
 1134.000000 20.551331 1.595347 0.129787
 1137.000000 20.598335 1.587770 0.122090
 1140.000000 20.584731 1.593425 0.138868
 1143.000000 20.488801 1.587800 0.142054
 1146.000000 20.461947 1.592651 0.181925
 1149.000000 20.431120 1.572051 0.135744
 1152.000000 20.443443 1.589100 0.112536
 1155.000000 20.441511 1.589472 0.146504
 1158.000000 20.371376 1.625551 0.144850
 1161.000000 20.385944 1.610982 0.127437
 1164.000000 20.410206 1.604603 0.119852
 1167.000000 20.329073 1.581142 0.164138
 1170.000000 20.270210 1.583758 0.166881
 1173.000000 20.346166 1.593120 0.160881
 1176.000000 20.310559 1.595661 0.167592
 1179.000000 20.308720 1.568683 0.177847
 1182.000000 20.362534 1.582207 0.128930
 1185.000000 20.357347 1.596808 0.137830
 1188.000000 20.377434 1.596418 0.152877
 1191.000000 20.356338 1.614145 0.163284
 1194.000000 20.298584 1.598303 0.135464
 1197.000000 20.360142 1.617524 0.136336
 1200.000000 20.388562 1.596602 0.133874
 1203.000000 20.405303 1.549466 0.110590
 1206.000000 20.485284 1.579551 0.084249
 1209.000000 20.431061 1.565817 0.128014
 1212.000000 20.408980 1.576779 0.118775
 1215.000000 20.411327 1.586242 0.108812
 1218.000000 20.452439 1.591620 0.131491
 1221.000000 20.429110 1.598185 0.127988
 1224.000000 20.455797 1.611721 0.157361
 1227.000000 20.502872 1.599440 0.140629
 1230.000000 20.421665 1.592410 0.141820
 1233.000000 20.464770 1.578559 0.118903
 1236.000000 20.511907 1.582826 0.118838
 1239.000000 20.508456 1.590465 0.102614
 1242.000000 20.550025 1.625396 0.131293
 1245.000000 20.486517 1.633703 0.138595
 1248.000000 20.497810 1.625640 0.126741
 1251.000000 20.491900 1.630044 0.120746
 1254.000000 20.491003 1.636866 0.114792
 1257.000000 20.529448 1.630126 0.131729
 1260.000000 20.492865 1.609716 0.157850
 1263.000000 20.458673 1.649628 0.185455
 1266.000000 20.473038 1.649460 0.133501
 1269.000000 20.553583 1.658697 0.150031
 1272.000000 20.478940 1.649493 0.125173
 1275.000000 20.483063 1.648345 0.113622
 1278.000000 20.408754 1.618771 0.086384
 1281.000000 20.403771 1.627987 0.127422
 1284.000000 20.375646 1.641679 0.117156
 1287.000000 20.402675 1.610738 0.116856
 1290.000000 20.360148 1.602192 0.133805
 1293.000000 20.293689 1.612229 0.136401
 1296.000000 20.332648 1.629254 0.139126
 1299.000000 20.358257 1.612004 0.075096
 1302.000000 20.384715 1.585286 0.108185
 1305.000000 20.286250 1.596496 0.098589
 1308.000000 20.359013 1.613484 0.094628
 1311.000000 20.354026 1.591880 0.078701
 1314.000000 20.429710 1.591489 0.091315
 1317.000000 20.427569 1.612585 0.088067
 1320.000000 20.455947 1.574784 0.131249
 1323.000000 20.383404 1.571477 0.123297
 1326.000000 20.372481 1.598860 0.138030
 1329.000000 20.344178 1.580595 0.125481
 1332.000000 20.360889 1.592370 0.131751
 1335.000000 20.404750 1.589743 0.162750
 1338.000000 20.409261 1.615474 0.161814
 1341.000000 20.338932 1.608006 0.189742
 1344.000000 20.361446 1.607107 0.162135
 1347.000000 20.453504 1.611120 0.134036
 1350.000000 20.493137 1.582066 0.121021
 1353.000000 20.382235 1.626823 0.146876
 1356.000000 20.381574 1.612271 0.217448
 1359.000000 20.417338 1.610389 0.180073
 1362.000000 20.374022 1.600086 0.153451
 1365.000000 20.331433 1.589235 0.136612
 1368.000000 20.438890 1.594419 0.155872
 1371.000000 20.557721 1.586776 0.138390
 1374.000000 20.559041 1.605275 0.145706
 1377.000000 20.508277 1.599007 0.173181
 1380.000000 20.510196 1.590815 0.190789
 1383.000000 20.432951 1.585877 0.190911
 1386.000000 20.445729 1.601958 0.133477
 1389.000000 20.472203 1.573152 0.150389
 1392.000000 20.447011 1.561142 0.140231
 1395.000000 20.383796 1.568944 0.126031
 1398.000000 20.441479 1.553729 0.139247
 1401.000000 20.445391 1.579767 0.148586
 1404.000000 20.464352 1.577184 0.169895
 1407.000000 20.467828 1.581172 0.143201
 1410.000000 20.404608 1.619448 0.103930
 1413.000000 20.432431 1.601000 0.132066
 1416.000000 20.459556 1.593203 0.144147
 1419.000000 20.499404 1.620060 0.181792
 1422.000000 20.475068 1.586160 0.149979
 1425.000000 20.489406 1.577267 0.212309
 1428.000000 20.400221 1.594116 0.170980
 1431.000000 20.468152 1.585983 0.205376
 1434.000000 20.521020 1.576196 0.195994
 1437.000000 20.471836 1.595830 0.144449
 1440.000000 20.498131 1.580597 0.144182
 1443.000000 20.516828 1.578591 0.141887
 1446.000000 20.506165 1.588561 0.156090
 1449.000000 20.600853 1.584406 0.173750
 1452.000000 20.608451 1.568800 0.130248
 1455.000000 20.390534 1.533359 0.161522
 1458.000000 20.430374 1.514467 0.158104
 1461.000000 20.442005 1.542933 0.165800
 1464.000000 20.458562 1.550410 0.198237
 1467.000000 20.413509 1.567093 0.146603
 1470.000000 20.440825 1.560999 0.136086
 1473.000000 20.428145 1.558450 0.106407
 1476.000000 20.399250 1.574085 0.109309
 1479.000000 20.421499 1.592398 0.124444
 1482.000000 20.428007 1.597252 0.127121
 1485.000000 20.470636 1.595975 0.087227
 1488.000000 20.407634 1.640514 0.100573
 1491.000000 20.425768 1.611971 0.118262
 1494.000000 20.435726 1.598998 0.118791
 1497.000000 20.394923 1.580931 0.152991
 1500.000000 20.470295 1.603929 0.177309
 1503.000000 20.576862 1.591960 0.124381
 1506.000000 20.510658 1.572797 0.165716
 1509.000000 20.512293 1.594995 0.118749
 1512.000000 20.538969 1.616568 0.116925
 1515.000000 20.556317 1.580260 0.155988
 1518.000000 20.517392 1.603107 0.150114
 1521.000000 20.534367 1.587481 0.165867
 1524.000000 20.557412 1.616136 0.170985
 1527.000000 20.494317 1.617236 0.202134
 1530.000000 20.525616 1.630427 0.195916
 1533.000000 20.474765 1.622891 0.189982
 1536.000000 20.431374 1.612256 0.194473
 1539.000000 20.469199 1.667470 0.195075
 1542.000000 20.429895 1.627073 0.208438
 1545.000000 20.395774 1.634601 0.152329
 1548.000000 20.414645 1.650839 0.163370
 1551.000000 20.387195 1.624722 0.158104
 1554.000000 20.465581 1.616618 0.163658
 1557.000000 20.446541 1.629688 0.144566
 1560.000000 20.482602 1.622740 0.167341
 1563.000000 20.399494 1.646237 0.139118
 1566.000000 20.423745 1.628294 0.160061
 1569.000000 20.462054 1.621753 0.142824
 1572.000000 20.482934 1.640132 0.159936
 1575.000000 20.515044 1.620087 0.170460
 1578.000000 20.453339 1.630324 0.202512
 1581.000000 20.448549 1.621159 0.163141
 1584.000000 20.375082 1.636214 0.172908
 1587.000000 20.361957 1.634890 0.160263
 1590.000000 20.339978 1.610127 0.120402
 1593.000000 20.303139 1.620662 0.161743
 1596.000000 20.335486 1.599954 0.193746
 1599.000000 20.349386 1.596616 0.158983
 1602.000000 20.326499 1.595533 0.131419
 1605.000000 20.359828 1.592329 0.131845
 1608.000000 20.362401 1.577668 0.129290
 1611.000000 20.298524 1.616179 0.172843
 1614.000000 20.334334 1.621142 0.166648
 1617.000000 20.319404 1.603232 0.161966
 1620.000000 20.350160 1.592373 0.172085
 1623.000000 20.309801 1.572626 0.161637
 1626.000000 20.291395 1.579472 0.179454
 1629.000000 20.335366 1.593878 0.164451
 1632.000000 20.393836 1.625216 0.208224
 1635.000000 20.377305 1.623100 0.181748
 1638.000000 20.394521 1.613535 0.191052
 1641.000000 20.337045 1.629707 0.216197
 1644.000000 20.325152 1.610851 0.175647
 1647.000000 20.274669 1.612624 0.166952
 1650.000000 20.332266 1.611893 0.153699
 1653.000000 20.296518 1.622818 0.148011
 1656.000000 20.333992 1.622542 0.111250
 1659.000000 20.392792 1.630520 0.110804
 1662.000000 20.361545 1.600380 0.082699
 1665.000000 20.319543 1.638056 0.102373
 1668.000000 20.290840 1.630084 0.105878
 1671.000000 20.325263 1.663631 0.114505
 1674.000000 20.297260 1.640679 0.109626
 1677.000000 20.315708 1.618424 0.112373
 1680.000000 20.343629 1.633081 0.106188
 1683.000000 20.307010 1.638475 0.151468
 1686.000000 20.368507 1.598206 0.107252
 1689.000000 20.264250 1.576964 0.106164
 1692.000000 20.293046 1.594893 0.084664
 1695.000000 20.233648 1.613176 0.146709
 1698.000000 20.269077 1.635634 0.113333
 1701.000000 20.234155 1.638059 0.114597
 1704.000000 20.313566 1.643222 0.089896
 1707.000000 20.363837 1.628922 0.077024
 1710.000000 20.424743 1.649349 0.110419
 1713.000000 20.369724 1.651476 0.134462
 1716.000000 20.357336 1.639213 0.122174
 1719.000000 20.392746 1.646679 0.140647
 1722.000000 20.341082 1.593429 0.067419
 1725.000000 20.346859 1.609657 0.075527
 1728.000000 20.353306 1.594074 0.088414
 1731.000000 20.448914 1.599392 0.053252
 1734.000000 20.397112 1.613465 0.071042
 1737.000000 20.384716 1.614528 0.095488
 1740.000000 20.443553 1.628324 0.091340
 1743.000000 20.464830 1.636841 0.098244
 1746.000000 20.416185 1.631642 0.115020
 1749.000000 20.556915 1.606523 0.084056
 1752.000000 20.584550 1.602898 0.058987
 1755.000000 20.578118 1.616705 0.110097
 1758.000000 20.620752 1.584094 0.110508
 1761.000000 20.607402 1.605823 0.115130
 1764.000000 20.629205 1.612227 0.117587
 1767.000000 20.578721 1.627025 0.134014
 1770.000000 20.521395 1.639291 0.124158
 1773.000000 20.563924 1.627844 0.109598
 1776.000000 20.542091 1.631030 0.133879
 1779.000000 20.600679 1.647461 0.144178
 1782.000000 20.514282 1.628773 0.095194
 1785.000000 20.517571 1.623507 0.119473
 1788.000000 20.428716 1.611435 0.096460
 1791.000000 20.384261 1.661593 0.135304
 1794.000000 20.335259 1.647090 0.108879
 1797.000000 20.411230 1.638290 0.094856
 1800.000000 20.385095 1.625196 0.090390
 1803.000000 20.491600 1.645692 0.117728
 1806.000000 20.529537 1.623425 0.082020
 1809.000000 20.582679 1.629068 0.133703
 1812.000000 20.575802 1.612367 0.077506
 1815.000000 20.581223 1.629827 0.114011
 1818.000000 20.629858 1.650387 0.150290
 1821.000000 20.583283 1.649947 0.170612
 1824.000000 20.581478 1.674190 0.172292
 1827.000000 20.523946 1.670893 0.153213
 1830.000000 20.514345 1.648843 0.119451
 1833.000000 20.521647 1.644127 0.129347
 1836.000000 20.446604 1.625332 0.091751
 1839.000000 20.577738 1.625579 0.091370
 1842.000000 20.519315 1.626918 0.074817
 1845.000000 20.518726 1.641314 0.125971
 1848.000000 20.502718 1.657656 0.114844
 1851.000000 20.493851 1.625088 0.057396
 1854.000000 20.552822 1.620555 0.075890
 1857.000000 20.492119 1.606454 0.079346
 1860.000000 20.540234 1.609319 0.076914
 1863.000000 20.565761 1.614521 0.097716
 1866.000000 20.532597 1.622313 0.096859
 1869.000000 20.671950 1.591271 0.095065
 1872.000000 20.679473 1.624033 0.120110
 1875.000000 20.661184 1.611573 0.126572
 1878.000000 20.654675 1.614428 0.114937
 1881.000000 20.628363 1.608157 0.146245
 1884.000000 20.637711 1.593695 0.146552
 1887.000000 20.578642 1.594700 0.136660
 1890.000000 20.658555 1.566896 0.119810
 1893.000000 20.634467 1.609481 0.117545
 1896.000000 20.695513 1.620088 0.117084
 1899.000000 20.629823 1.624123 0.118886
 1902.000000 20.544981 1.634061 0.143011
 1905.000000 20.460293 1.638677 0.134884
 1908.000000 20.463399 1.658503 0.118810
 1911.000000 20.525678 1.660608 0.139335
 1914.000000 20.417798 1.630218 0.119846
 1917.000000 20.485775 1.653302 0.157208
 1920.000000 20.539896 1.643583 0.177206
 1923.000000 20.515140 1.628545 0.158357
 1926.000000 20.546443 1.634552 0.140465
 1929.000000 20.511360 1.637605 0.161229
 1932.000000 20.569613 1.633728 0.169241
 1935.000000 20.602096 1.624390 0.160222
 1938.000000 20.672231 1.632046 0.167266
 1941.000000 20.593577 1.625574 0.155215
 1944.000000 20.621621 1.619922 0.159420
 1947.000000 20.579518 1.605593 0.137985
 1950.000000 20.585114 1.620259 0.143016
 1953.000000 20.499921 1.618586 0.147820
 1956.000000 20.547312 1.618733 0.148388
 1959.000000 20.513693 1.612543 0.112828
 1962.000000 20.597956 1.634092 0.152954
 1965.000000 20.522352 1.644228 0.158261
 1968.000000 20.604942 1.617384 0.124288
 1971.000000 20.569998 1.599424 0.113229
 1974.000000 20.524662 1.608664 0.122981
 1977.000000 20.452904 1.599036 0.114757
 1980.000000 20.456673 1.610084 0.106617
 1983.000000 20.484305 1.634863 0.146575
 1986.000000 20.439519 1.629613 0.088278
 1989.000000 20.326248 1.647839 0.116204
 1992.000000 20.442181 1.627102 0.101927
 1995.000000 20.461676 1.634720 0.108474
 1998.000000 20.339333 1.630851 0.089715
 2001.000000 20.433245 1.630032 0.123291
 2004.000000 20.451235 1.624438 0.135180
 2007.000000 20.455460 1.623379 0.098799
 2010.000000 20.442509 1.641797 0.119697
 2013.000000 20.441292 1.624150 0.129922
 2016.000000 20.406176 1.630905 0.160725
 2019.000000 20.485085 1.636713 0.137721
 2022.000000 20.515225 1.624084 0.140418
 2025.000000 20.585686 1.605448 0.124807
 2028.000000 20.590354 1.601568 0.120278
 2031.000000 20.512883 1.611135 0.098399
 2034.000000 20.602933 1.599677 0.093409
 2037.000000 20.665097 1.601857 0.084172
 2040.000000 20.710773 1.594480 0.071808
 2043.000000 20.649126 1.552759 0.121067
 2046.000000 20.513826 1.608064 0.099476
 2049.000000 20.505903 1.600493 0.112031
 2052.000000 20.530176 1.632751 0.117679
 2055.000000 20.505789 1.641080 0.143003
 2058.000000 20.522668 1.626208 0.111727
 2061.000000 20.612773 1.621476 0.147962
 2064.000000 20.479735 1.629947 0.132963
 2067.000000 20.571496 1.644669 0.151628
 2070.000000 20.511527 1.647395 0.149717
 2073.000000 20.510596 1.603593 0.111770
 2076.000000 20.447535 1.618493 0.124437
 2079.000000 20.465128 1.632192 0.099688
 2082.000000 20.478091 1.617601 0.135816
 2085.000000 20.449204 1.636850 0.129474
 2088.000000 20.473814 1.635057 0.146056
 2091.000000 20.468848 1.608808 0.160232
 2094.000000 20.480490 1.606825 0.128577
 2097.000000 20.499940 1.598078 0.112139
 2100.000000 20.398462 1.600797 0.111957
 2103.000000 20.536808 1.621524 0.067572
 2106.000000 20.513977 1.610060 0.112072
 2109.000000 20.513949 1.600325 0.132194
 2112.000000 20.480185 1.599860 0.121777
 2115.000000 20.473779 1.569415 0.115341
 2118.000000 20.452250 1.606592 0.147811
 2121.000000 20.459232 1.583305 0.109538
 2124.000000 20.447784 1.578413 0.150871
 2127.000000 20.450489 1.574503 0.178839
 2130.000000 20.465474 1.585840 0.191996
 2133.000000 20.396535 1.586418 0.157488
 2136.000000 20.410584 1.571569 0.159197
 2139.000000 20.377091 1.574381 0.145952
 2142.000000 20.444351 1.593996 0.117483
 2145.000000 20.486640 1.586743 0.107825
 2148.000000 20.487016 1.608257 0.097223
 2151.000000 20.500721 1.600850 0.078000
 2154.000000 20.464347 1.593204 0.125294
 2157.000000 20.508241 1.565898 0.157181
 2160.000000 20.563344 1.581743 0.138055
 2163.000000 20.522388 1.566672 0.127306
 2166.000000 20.561849 1.591303 0.141299
 2169.000000 20.583730 1.576616 0.159048
 2172.000000 20.540785 1.588610 0.182093
 2175.000000 20.565934 1.597373 0.157000
 2178.000000 20.614702 1.602980 0.160554
 2181.000000 20.633810 1.592259 0.208737
 2184.000000 20.707296 1.619214 0.186801
 2187.000000 20.651055 1.609120 0.141117
 2190.000000 20.581611 1.605073 0.153938
 2193.000000 20.541346 1.613282 0.159651
 2196.000000 20.519447 1.618328 0.135465
 2199.000000 20.479054 1.627688 0.133093
 2202.000000 20.570705 1.617467 0.124851
 2205.000000 20.661341 1.642628 0.163760
 2208.000000 20.637413 1.646054 0.112768
 2211.000000 20.623443 1.638786 0.128008
 2214.000000 20.629960 1.664455 0.134795
 2217.000000 20.542594 1.625843 0.120763
 2220.000000 20.602914 1.614090 0.125576
 2223.000000 20.586207 1.606014 0.132379
 2226.000000 20.565489 1.598494 0.129840
 2229.000000 20.551620 1.581023 0.122773
 2232.000000 20.475146 1.583609 0.071430
 2235.000000 20.481069 1.598341 0.115617
 2238.000000 20.461380 1.613028 0.103422
 2241.000000 20.433130 1.606024 0.070823
 2244.000000 20.551050 1.627583 0.039254
 2247.000000 20.488409 1.617734 0.049716
 2250.000000 20.557402 1.617548 0.073891
 2253.000000 20.477982 1.591533 0.056372
 2256.000000 20.473212 1.609258 0.088304
 2259.000000 20.496172 1.597592 0.076521
 2262.000000 20.481288 1.628711 0.094502
 2265.000000 20.503454 1.622901 0.077895
 2268.000000 20.479263 1.620659 0.084029
 2271.000000 20.479214 1.626108 0.129957
 2274.000000 20.403673 1.613127 0.116671
 2277.000000 20.521320 1.627152 0.125055
 2280.000000 20.529998 1.628412 0.144300
 2283.000000 20.512365 1.606945 0.154541
 2286.000000 20.535545 1.625590 0.128283
 2289.000000 20.509514 1.631057 0.158209
 2292.000000 20.485085 1.630990 0.173355
 2295.000000 20.496314 1.644200 0.185584
 2298.000000 20.554016 1.656806 0.140702
 2301.000000 20.507512 1.646877 0.134892
 2304.000000 20.438442 1.660948 0.141583
 2307.000000 20.466715 1.674581 0.162055
 2310.000000 20.506859 1.688937 0.170662
 2313.000000 20.518713 1.701758 0.165468
 2316.000000 20.609915 1.705078 0.198879
 2319.000000 20.534869 1.678029 0.123907
 2322.000000 20.531216 1.654732 0.097911
 2325.000000 20.538924 1.665060 0.143364
 2328.000000 20.545890 1.654835 0.101928
 2331.000000 20.572790 1.655642 0.112023
 2334.000000 20.479604 1.642409 0.144601
 2337.000000 20.532237 1.673525 0.127024
 2340.000000 20.516239 1.671850 0.133649
 2343.000000 20.494827 1.673823 0.099048
 2346.000000 20.540995 1.679240 0.166876
 2349.000000 20.546071 1.659032 0.174821
 2352.000000 20.557507 1.671401 0.108723
 2355.000000 20.524289 1.655170 0.097038
 2358.000000 20.493561 1.685426 0.116623
 2361.000000 20.503104 1.662286 0.113474
 2364.000000 20.409394 1.658160 0.098484
 2367.000000 20.566067 1.639639 0.140861
 2370.000000 20.611961 1.626563 0.110639
 2373.000000 20.605193 1.620970 0.133341
 2376.000000 20.601845 1.642611 0.158570
 2379.000000 20.524761 1.633346 0.130540
 2382.000000 20.485535 1.634460 0.149622
 2385.000000 20.495842 1.651105 0.136065
 2388.000000 20.491995 1.616960 0.160278
 2391.000000 20.435037 1.591606 0.138338
 2394.000000 20.378638 1.563477 0.149374
 2397.000000 20.463657 1.577750 0.142012
 2400.000000 20.476952 1.594527 0.132682
 2403.000000 20.475346 1.574426 0.137840
 2406.000000 20.512067 1.600141 0.154807
 2409.000000 20.567773 1.590631 0.138532
 2412.000000 20.511670 1.580000 0.140940
 2415.000000 20.574562 1.585192 0.147930
 2418.000000 20.531942 1.602235 0.111142
 2421.000000 20.572356 1.571367 0.111122
 2424.000000 20.566405 1.557709 0.111808
 2427.000000 20.560704 1.540998 0.103467
 2430.000000 20.560696 1.550858 0.111231
 2433.000000 20.593361 1.534508 0.112105
 2436.000000 20.583279 1.545719 0.098233
 2439.000000 20.528650 1.543607 0.164531
 2442.000000 20.464260 1.591116 0.116070
 2445.000000 20.435974 1.585461 0.123582
 2448.000000 20.444513 1.587266 0.133133
 2451.000000 20.456288 1.596766 0.174736
 2454.000000 20.326849 1.571031 0.181776
 2457.000000 20.356929 1.599417 0.134585
 2460.000000 20.324899 1.594019 0.174339
 2463.000000 20.323293 1.601532 0.174575
 2466.000000 20.260847 1.604576 0.202752
 2469.000000 20.246995 1.586950 0.170910
 2472.000000 20.252614 1.577812 0.138901
 2475.000000 20.246534 1.589637 0.116211
 2478.000000 20.297910 1.603444 0.125968
 2481.000000 20.294639 1.583525 0.149505
 2484.000000 20.343496 1.585659 0.140692
 2487.000000 20.391119 1.576182 0.146738
 2490.000000 20.463475 1.590073 0.130803
 2493.000000 20.416852 1.617650 0.145395
 2496.000000 20.470611 1.605408 0.138841
 2499.000000 20.451640 1.604207 0.118283
 2502.000000 20.465833 1.611024 0.138199
 2505.000000 20.501959 1.615782 0.144265
 2508.000000 20.435347 1.606992 0.163688
 2511.000000 20.510318 1.602829 0.150069
 2514.000000 20.496513 1.612463 0.128847
 2517.000000 20.391831 1.605368 0.087155
 2520.000000 20.437097 1.576209 0.109340
 2523.000000 20.448690 1.589165 0.105638
 2526.000000 20.457686 1.594660 0.108997
 2529.000000 20.429778 1.568549 0.133888
 2532.000000 20.466728 1.591499 0.104186
 2535.000000 20.371793 1.580148 0.127313
 2538.000000 20.417891 1.590003 0.133885
 2541.000000 20.390919 1.585770 0.159308
 2544.000000 20.343633 1.572951 0.124481
 2547.000000 20.348188 1.565707 0.126745
 2550.000000 20.362367 1.549858 0.178224
 2553.000000 20.325642 1.533087 0.182163
 2556.000000 20.347963 1.540845 0.113044
 2559.000000 20.301469 1.543610 0.174522
 2562.000000 20.347810 1.540008 0.140063
 2565.000000 20.456040 1.568453 0.097584
 2568.000000 20.465660 1.556455 0.092350
 2571.000000 20.488449 1.525103 0.147222
 2574.000000 20.537402 1.530341 0.122655
 2577.000000 20.493273 1.557197 0.115045
 2580.000000 20.378381 1.542211 0.114085
 2583.000000 20.312616 1.547055 0.134023
 2586.000000 20.380839 1.572161 0.110601
 2589.000000 20.452170 1.569200 0.153615
 2592.000000 20.432770 1.563775 0.139207
 2595.000000 20.472943 1.564642 0.123255
 2598.000000 20.443642 1.558167 0.119431
 2601.000000 20.397831 1.538606 0.125501
 2604.000000 20.463092 1.525221 0.166206
 2607.000000 20.528934 1.536392 0.135410
 2610.000000 20.516168 1.556665 0.157255
 2613.000000 20.508404 1.559870 0.158591
 2616.000000 20.509416 1.556783 0.156199
 2619.000000 20.526342 1.532762 0.166660
 2622.000000 20.592459 1.520735 0.188022
 2625.000000 20.533541 1.515377 0.196162
 2628.000000 20.555666 1.530342 0.196347
 2631.000000 20.563387 1.542288 0.168229
 2634.000000 20.622154 1.539588 0.176490
 2637.000000 20.550975 1.544902 0.190375
 2640.000000 20.561593 1.565824 0.139894
 2643.000000 20.579993 1.540706 0.169660
 2646.000000 20.544391 1.530436 0.182154
 2649.000000 20.595723 1.542066 0.138141
 2652.000000 20.533881 1.550517 0.129681
 2655.000000 20.515629 1.530792 0.151514
 2658.000000 20.547006 1.516805 0.164569
 2661.000000 20.563780 1.532543 0.171805
 2664.000000 20.633334 1.531243 0.174637
 2667.000000 20.582904 1.549081 0.147660
 2670.000000 20.527638 1.573965 0.119752
 2673.000000 20.469065 1.535640 0.118501
 2676.000000 20.503918 1.547649 0.113486
 2679.000000 20.564444 1.583144 0.070521
 2682.000000 20.602163 1.579474 0.062922
 2685.000000 20.548756 1.558870 0.101085
 2688.000000 20.491271 1.550970 0.063707
 2691.000000 20.506317 1.565824 0.073449
 2694.000000 20.544548 1.552360 0.102164
 2697.000000 20.522575 1.571359 0.097862
 2700.000000 20.456882 1.588543 0.129336
 2703.000000 20.538601 1.584758 0.145158
 2706.000000 20.540427 1.593469 0.151147
 2709.000000 20.598615 1.590744 0.172900
 2712.000000 20.641927 1.573266 0.178614
 2715.000000 20.595337 1.565314 0.166369
 2718.000000 20.549541 1.599308 0.140749
 2721.000000 20.621139 1.580244 0.188998
 2724.000000 20.640291 1.604518 0.113970
 2727.000000 20.533876 1.588794 0.156550
 2730.000000 20.462340 1.576166 0.119253
 2733.000000 20.543411 1.558777 0.162102
 2736.000000 20.606861 1.593012 0.157476
 2739.000000 20.502212 1.582201 0.159253
 2742.000000 20.616850 1.587303 0.166811
 2745.000000 20.585010 1.603890 0.133841
 2748.000000 20.552089 1.579477 0.148380
 2751.000000 20.592755 1.566222 0.148538
 2754.000000 20.590778 1.604639 0.144405
 2757.000000 20.607082 1.599443 0.139178
 2760.000000 20.610160 1.583892 0.137115
 2763.000000 20.578407 1.580880 0.147580
 2766.000000 20.579189 1.603018 0.123029
 2769.000000 20.601208 1.592278 0.116961
 2772.000000 20.564372 1.572822 0.168020
 2775.000000 20.570782 1.561887 0.173021
 2778.000000 20.632278 1.555093 0.145326
 2781.000000 20.657932 1.529430 0.198868
 2784.000000 20.655601 1.560913 0.135126
 2787.000000 20.610617 1.562840 0.158882
 2790.000000 20.547475 1.554016 0.182192
 2793.000000 20.548318 1.560796 0.172318
 2796.000000 20.530173 1.575905 0.160474
 2799.000000 20.540922 1.608258 0.114324
 2802.000000 20.551340 1.596787 0.118932
 2805.000000 20.511943 1.573028 0.122983
 2808.000000 20.504692 1.573281 0.145987
 2811.000000 20.507157 1.586186 0.111535
 2814.000000 20.489978 1.604410 0.085949
 2817.000000 20.499897 1.596862 0.104586
 2820.000000 20.479490 1.616996 0.140502
 2823.000000 20.557975 1.602114 0.121274
 2826.000000 20.552101 1.598945 0.087083
 2829.000000 20.564026 1.587144 0.123001
 2832.000000 20.536435 1.604603 0.106067
 2835.000000 20.595521 1.592852 0.110893
 2838.000000 20.569700 1.611910 0.112253
 2841.000000 20.609092 1.599372 0.109465
 2844.000000 20.622618 1.586226 0.118064
 2847.000000 20.642364 1.575832 0.145329
 2850.000000 20.681562 1.604836 0.090441
 2853.000000 20.634175 1.603024 0.071124
 2856.000000 20.616275 1.582230 0.143035
 2859.000000 20.616170 1.582964 0.156376
 2862.000000 20.635732 1.588339 0.157582
 2865.000000 20.596550 1.590710 0.131749
 2868.000000 20.616276 1.593849 0.124498
 2871.000000 20.656341 1.590575 0.096251
 2874.000000 20.629082 1.597756 0.123511
 2877.000000 20.597047 1.600745 0.141701
 2880.000000 20.633293 1.593969 0.148098
 2883.000000 20.554216 1.596345 0.182039
 2886.000000 20.487444 1.587097 0.176585
 2889.000000 20.466285 1.607202 0.178715
 2892.000000 20.534072 1.623547 0.142042
 2895.000000 20.561111 1.600845 0.146081
 2898.000000 20.525107 1.611410 0.160298
 2901.000000 20.566862 1.618596 0.162553
 2904.000000 20.539096 1.624440 0.145250
 2907.000000 20.528736 1.607257 0.159639
 2910.000000 20.527233 1.620915 0.122532
 2913.000000 20.440621 1.615647 0.116803
 2916.000000 20.415460 1.615960 0.136614
 2919.000000 20.503307 1.624513 0.121984
 2922.000000 20.502913 1.608536 0.168085
 2925.000000 20.468532 1.642977 0.142189
 2928.000000 20.352565 1.655214 0.114734
 2931.000000 20.428679 1.649370 0.101977
 2934.000000 20.326900 1.647950 0.136404
 2937.000000 20.237654 1.640609 0.184485
 2940.000000 20.218852 1.651346 0.193695
 2943.000000 20.205378 1.640208 0.231682
 2946.000000 20.253595 1.640289 0.211708
 2949.000000 20.121601 1.622103 0.222439
 2952.000000 20.204753 1.633532 0.217580
 2955.000000 20.169082 1.650208 0.175011
 2958.000000 20.147931 1.637286 0.167711
 2961.000000 20.177663 1.614174 0.186930
 2964.000000 20.112249 1.601976 0.198411
 2967.000000 20.222744 1.564656 0.210982
 2970.000000 20.220996 1.587401 0.217303
 2973.000000 20.336496 1.607161 0.192266
 2976.000000 20.306663 1.618194 0.178245
 2979.000000 20.328122 1.613839 0.159980
 2982.000000 20.329646 1.607819 0.144053
 2985.000000 20.340998 1.638801 0.155567
 2988.000000 20.443152 1.583635 0.134596
 2991.000000 20.386860 1.604482 0.153926
 2994.000000 20.374335 1.606390 0.152071
 2997.000000 20.352564 1.594136 0.108355
 3000.000000 20.331549 1.581206 0.111148
 3003.000000 20.340512 1.609833 0.143521
 3006.000000 20.367821 1.611606 0.134866
 3009.000000 20.365770 1.605957 0.119602
 3012.000000 20.453664 1.612927 0.148842
 3015.000000 20.451247 1.610307 0.147212
 3018.000000 20.460630 1.585740 0.150414
 3021.000000 20.382776 1.596233 0.159434
 3024.000000 20.472965 1.597501 0.167764
 3027.000000 20.513406 1.618524 0.193104
 3030.000000 20.574885 1.627941 0.217134
 3033.000000 20.530235 1.635522 0.199832
 3036.000000 20.486509 1.638485 0.172922
 3039.000000 20.446961 1.604673 0.141173
 3042.000000 20.478846 1.642473 0.176338
 3045.000000 20.481430 1.625502 0.150671
 3048.000000 20.518597 1.614399 0.139856
 3051.000000 20.528163 1.608961 0.169945
 3054.000000 20.562860 1.621113 0.174976
 3057.000000 20.557733 1.628567 0.190327
 3060.000000 20.527490 1.636722 0.168613
 3063.000000 20.484120 1.635934 0.154010
 3066.000000 20.491269 1.634758 0.125171
 3069.000000 20.442759 1.619461 0.097820
 3072.000000 20.483902 1.646881 0.116791
 3075.000000 20.600563 1.611292 0.132574
 3078.000000 20.570296 1.599269 0.114868
 3081.000000 20.563418 1.598298 0.124508
 3084.000000 20.566933 1.578812 0.132639
 3087.000000 20.612147 1.585098 0.143489
 3090.000000 20.646241 1.567484 0.122737
 3093.000000 20.643144 1.555024 0.126327
 3096.000000 20.645440 1.572735 0.136186
 3099.000000 20.596381 1.546128 0.209333
 3102.000000 20.699401 1.550150 0.177390
 3105.000000 20.695105 1.582646 0.158923
 3108.000000 20.611406 1.579060 0.162789
 3111.000000 20.602801 1.580696 0.172775
 3114.000000 20.561513 1.583130 0.122890
 3117.000000 20.600128 1.577350 0.109315
 3120.000000 20.599275 1.557644 0.093466
 3123.000000 20.594939 1.575696 0.110861
 3126.000000 20.565472 1.587721 0.099157
 3129.000000 20.540377 1.582033 0.095905
 3132.000000 20.539612 1.583703 0.082053
 3135.000000 20.559029 1.601112 0.117270
 3138.000000 20.520110 1.614377 0.159173
 3141.000000 20.500709 1.594631 0.121773
 3144.000000 20.507691 1.586356 0.072014
 3147.000000 20.528424 1.566523 0.125779
 3150.000000 20.459742 1.574837 0.151910
 3153.000000 20.527866 1.563161 0.168935
 3156.000000 20.485679 1.576871 0.186135
 3159.000000 20.506656 1.606458 0.134312
 3162.000000 20.586408 1.586721 0.115388
 3165.000000 20.491035 1.602682 0.165312
 3168.000000 20.496704 1.616154 0.166508
 3171.000000 20.543915 1.614992 0.133924
 3174.000000 20.505039 1.619116 0.161897
 3177.000000 20.498525 1.626355 0.165937
 3180.000000 20.502843 1.627326 0.166947
 3183.000000 20.513901 1.633731 0.107648
 3186.000000 20.514673 1.603308 0.134759
 3189.000000 20.487627 1.581867 0.120249
 3192.000000 20.466960 1.586988 0.132204
 3195.000000 20.421311 1.563028 0.155410
 3198.000000 20.471455 1.589507 0.170722
 3201.000000 20.491838 1.595618 0.182064
 3204.000000 20.418249 1.586516 0.182027
 3207.000000 20.469721 1.599616 0.157785
 3210.000000 20.444584 1.596698 0.176404
 3213.000000 20.429670 1.596482 0.153566
 3216.000000 20.477256 1.611189 0.168798
 3219.000000 20.505714 1.652052 0.177468
 3222.000000 20.560165 1.657799 0.144780
 3225.000000 20.561589 1.654711 0.141000
 3228.000000 20.591900 1.630841 0.101722
 3231.000000 20.560741 1.632766 0.110938
 3234.000000 20.525178 1.637739 0.147089
 3237.000000 20.506089 1.652463 0.133451
 3240.000000 20.537372 1.643582 0.146548
 3243.000000 20.473763 1.602549 0.125776
 3246.000000 20.429264 1.582364 0.158055
 3249.000000 20.472085 1.555601 0.200486
 3252.000000 20.441944 1.563997 0.195135
 3255.000000 20.433030 1.550345 0.160597
 3258.000000 20.430409 1.557808 0.185287
 3261.000000 20.405322 1.541315 0.191242
 3264.000000 20.444036 1.542605 0.180277
 3267.000000 20.458702 1.593066 0.162772
 3270.000000 20.497249 1.571914 0.153358
 3273.000000 20.617438 1.586004 0.163539
 3276.000000 20.581440 1.598896 0.155136
 3279.000000 20.485139 1.602656 0.150303
 3282.000000 20.468337 1.566390 0.141580
 3285.000000 20.473010 1.557560 0.090916
 3288.000000 20.428176 1.567592 0.094257
 3291.000000 20.394604 1.576348 0.088941
 3294.000000 20.457007 1.570718 0.121270
 3297.000000 20.341655 1.574621 0.137457
 3300.000000 20.444797 1.566283 0.132313
 3303.000000 20.415123 1.573535 0.118725
 3306.000000 20.303796 1.599017 0.133372
 3309.000000 20.249240 1.632133 0.173698
 3312.000000 20.274023 1.600673 0.168704
 3315.000000 20.292244 1.603358 0.136062
 3318.000000 20.380179 1.627504 0.159662
 3321.000000 20.465724 1.623795 0.148585
 3324.000000 20.418518 1.637992 0.138418
 3327.000000 20.420198 1.647888 0.169969
 3330.000000 20.422777 1.627592 0.116958
 3333.000000 20.491990 1.628949 0.151702
 3336.000000 20.502023 1.630671 0.197947
 3339.000000 20.425918 1.641336 0.182974
 3342.000000 20.500903 1.613233 0.145605
 3345.000000 20.569755 1.607043 0.187194
 3348.000000 20.535122 1.623914 0.171283
 3351.000000 20.542463 1.600482 0.223085
 3354.000000 20.540734 1.607400 0.248760
 3357.000000 20.550952 1.622737 0.187754
 3360.000000 20.452930 1.610082 0.193202
 3363.000000 20.431030 1.599142 0.158923
 3366.000000 20.479858 1.619721 0.187345
 3369.000000 20.455072 1.611269 0.174986
 3372.000000 20.441595 1.610379 0.175684
 3375.000000 20.460961 1.624238 0.219873
 3378.000000 20.504108 1.618895 0.215386
 3381.000000 20.563723 1.632225 0.173620
 3384.000000 20.574667 1.599302 0.171939
 3387.000000 20.548647 1.632020 0.159370
 3390.000000 20.581310 1.602407 0.163523
 3393.000000 20.583582 1.583248 0.126108
 3396.000000 20.483601 1.553446 0.108079
 3399.000000 20.475779 1.579407 0.168444
 3402.000000 20.562439 1.572041 0.174298
 3405.000000 20.486565 1.576286 0.191584
 3408.000000 20.554683 1.563426 0.141432
 3411.000000 20.572038 1.553112 0.124432
 3414.000000 20.568687 1.552668 0.181754
 3417.000000 20.486550 1.567338 0.141156
 3420.000000 20.507218 1.567166 0.159619
 3423.000000 20.507231 1.542399 0.189818
 3426.000000 20.570886 1.524346 0.220548
 3429.000000 20.529272 1.564560 0.165334
 3432.000000 20.526624 1.576672 0.188906
 3435.000000 20.588359 1.563815 0.173870
 3438.000000 20.587872 1.576588 0.169393
 3441.000000 20.521168 1.575919 0.133560
 3444.000000 20.528300 1.593690 0.174296
 3447.000000 20.544297 1.583099 0.129878
 3450.000000 20.503543 1.582017 0.144752
 3453.000000 20.443432 1.591730 0.165045
 3456.000000 20.429386 1.575573 0.126446
 3459.000000 20.427247 1.566119 0.156730
 3462.000000 20.478324 1.607589 0.171381
 3465.000000 20.406527 1.605497 0.170013
 3468.000000 20.426948 1.622351 0.148100
 3471.000000 20.383696 1.652821 0.185941
 3474.000000 20.478274 1.622177 0.134007
 3477.000000 20.441483 1.620790 0.155997
 3480.000000 20.438522 1.590953 0.156892
 3483.000000 20.424852 1.636022 0.132620
 3486.000000 20.443232 1.631473 0.148371
 3489.000000 20.442135 1.610909 0.142198
 3492.000000 20.423085 1.608267 0.158251
 3495.000000 20.432307 1.598487 0.135970
 3498.000000 20.496551 1.617548 0.199859
 3501.000000 20.458172 1.614606 0.172021
 3504.000000 20.507365 1.625201 0.116262
 3507.000000 20.530438 1.599201 0.109943
 3510.000000 20.499770 1.593162 0.140825
 3513.000000 20.447974 1.583228 0.133133
 3516.000000 20.454784 1.579841 0.102345
 3519.000000 20.490771 1.555916 0.101098
 3522.000000 20.563185 1.543410 0.118643
 3525.000000 20.458960 1.539512 0.087400
 3528.000000 20.556241 1.529071 0.097085
 3531.000000 20.564423 1.530241 0.103755
 3534.000000 20.453315 1.553975 0.145952
 3537.000000 20.441023 1.563690 0.096490
 3540.000000 20.492956 1.587494 0.103098
 3543.000000 20.522681 1.569008 0.113342
 3546.000000 20.569130 1.572058 0.100753
 3549.000000 20.553484 1.561953 0.098669
 3552.000000 20.571610 1.554284 0.091240
 3555.000000 20.536514 1.563617 0.067055
 3558.000000 20.426361 1.570609 0.111708
 3561.000000 20.552012 1.563760 0.125006
 3564.000000 20.470189 1.588506 0.150012
 3567.000000 20.526796 1.581752 0.141430
 3570.000000 20.574830 1.577210 0.109016
 3573.000000 20.459908 1.587362 0.141557
 3576.000000 20.530105 1.589784 0.143176
 3579.000000 20.541421 1.581329 0.156150
 3582.000000 20.466255 1.564606 0.118329
 3585.000000 20.383500 1.574409 0.119980
 3588.000000 20.416962 1.586063 0.165431
 3591.000000 20.375798 1.588913 0.144121
 3594.000000 20.358314 1.576661 0.147990
 3597.000000 20.403647 1.584548 0.155896
 3600.000000 20.453466 1.566757 0.159566
 3603.000000 20.474203 1.584099 0.173638
 3606.000000 20.438327 1.585542 0.161052
 3609.000000 20.461917 1.598978 0.180579
 3612.000000 20.441292 1.600362 0.179156
 3615.000000 20.462340 1.599128 0.193837
 3618.000000 20.406453 1.598395 0.169092
 3621.000000 20.470794 1.608504 0.191966
 3624.000000 20.399684 1.599243 0.193108
 3627.000000 20.378731 1.602433 0.175305
 3630.000000 20.400297 1.589472 0.133829
 3633.000000 20.369628 1.573980 0.148756
 3636.000000 20.438932 1.592220 0.165150
 3639.000000 20.477200 1.576779 0.153597
 3642.000000 20.423164 1.579707 0.105131
 3645.000000 20.446331 1.586055 0.120958
 3648.000000 20.446566 1.611609 0.126097
 3651.000000 20.443607 1.600521 0.114088
 3654.000000 20.435588 1.609532 0.110665
 3657.000000 20.422557 1.601743 0.124420
 3660.000000 20.366861 1.582206 0.140906
 3663.000000 20.397620 1.588576 0.113877
 3666.000000 20.394512 1.551243 0.145761
 3669.000000 20.358808 1.544396 0.174087
 3672.000000 20.383025 1.571544 0.154634
 3675.000000 20.377521 1.567662 0.156656
 3678.000000 20.423939 1.575100 0.155986
 3681.000000 20.387619 1.580209 0.147445
 3684.000000 20.414844 1.611126 0.146740
 3687.000000 20.381758 1.599168 0.132220
 3690.000000 20.365206 1.630980 0.150510
 3693.000000 20.416793 1.595449 0.144229
 3696.000000 20.373734 1.619557 0.181324
 3699.000000 20.409516 1.624433 0.170460
 3702.000000 20.324332 1.607194 0.117686
 3705.000000 20.318994 1.626738 0.159150
 3708.000000 20.400371 1.599735 0.153442
 3711.000000 20.352379 1.602126 0.124089
 3714.000000 20.378421 1.584508 0.122738
 3717.000000 20.407676 1.557158 0.101612
 3720.000000 20.385788 1.552299 0.099775
 3723.000000 20.318970 1.570824 0.121380
 3726.000000 20.269394 1.586408 0.127195
 3729.000000 20.318265 1.585117 0.156412
 3732.000000 20.260781 1.584724 0.147023
 3735.000000 20.334261 1.583246 0.110903
 3738.000000 20.353644 1.591502 0.085983
 3741.000000 20.393537 1.577618 0.098166
 3744.000000 20.417427 1.603628 0.104140
 3747.000000 20.387504 1.598057 0.111463
 3750.000000 20.415166 1.631055 0.112989
 3753.000000 20.478110 1.626217 0.103089
 3756.000000 20.458886 1.604109 0.094594
 3759.000000 20.378420 1.610853 0.137900
 3762.000000 20.353751 1.595524 0.120856
 3765.000000 20.390980 1.593059 0.119443
 3768.000000 20.411493 1.595249 0.137619
 3771.000000 20.412491 1.612971 0.181931
 3774.000000 20.418338 1.598388 0.158949
 3777.000000 20.510884 1.576971 0.139621
 3780.000000 20.547475 1.597324 0.165760
 3783.000000 20.563234 1.589065 0.156575
 3786.000000 20.548579 1.593115 0.166212
 3789.000000 20.548763 1.601897 0.184595
 3792.000000 20.495599 1.588056 0.160646
 3795.000000 20.551262 1.584054 0.153173
 3798.000000 20.544642 1.594497 0.164151
 3801.000000 20.505426 1.589187 0.141688
 3804.000000 20.438897 1.607416 0.171261
 3807.000000 20.379104 1.602444 0.169530
 3810.000000 20.471090 1.616283 0.133486
 3813.000000 20.555103 1.610587 0.113572
 3816.000000 20.535355 1.599212 0.127050
 3819.000000 20.488500 1.611364 0.130538
 3822.000000 20.500649 1.597668 0.112462
 3825.000000 20.493909 1.617448 0.144047
 3828.000000 20.512172 1.564277 0.135729
 3831.000000 20.488488 1.587128 0.143773
 3834.000000 20.503726 1.574928 0.138180
 3837.000000 20.663887 1.573377 0.110607
 3840.000000 20.560137 1.575374 0.098589
 3843.000000 20.504578 1.614320 0.123490
 3846.000000 20.452076 1.591401 0.109713
 3849.000000 20.507574 1.565334 0.073749
 3852.000000 20.480284 1.587805 0.102078
 3855.000000 20.477319 1.568073 0.105689
 3858.000000 20.536015 1.562612 0.111018
 3861.000000 20.534920 1.560067 0.111635
 3864.000000 20.480971 1.546582 0.113740
 3867.000000 20.530333 1.533241 0.092961
 3870.000000 20.482388 1.538587 0.092792
 3873.000000 20.429697 1.548963 0.090755
 3876.000000 20.497704 1.558756 0.124550
 3879.000000 20.476155 1.567940 0.132589
 3882.000000 20.532018 1.548595 0.135297
 3885.000000 20.455856 1.540088 0.114428
 3888.000000 20.408074 1.562530 0.177124
 3891.000000 20.402159 1.568901 0.164444
 3894.000000 20.440691 1.568055 0.146000
 3897.000000 20.497634 1.562123 0.147620
 3900.000000 20.527650 1.556307 0.096993
#! FIELDS time dmid theta gamma
 3690.000000 20.365121 1.630977 0.150512
 3693.000000 20.416437 1.595214 0.143943
 3696.000000 20.319436 1.617229 0.164154
 3699.000000 20.348604 1.604247 0.148159
 3702.000000 20.293455 1.588395 0.134412
 3705.000000 20.346505 1.595025 0.170016
 3708.000000 20.259055 1.556555 0.117880
 3711.000000 20.324187 1.560769 0.136451
 3714.000000 20.347732 1.589591 0.145839
 3717.000000 20.331662 1.580338 0.146114
 3720.000000 20.320406 1.562771 0.144849
 3723.000000 20.323096 1.552953 0.157722
 3726.000000 20.270727 1.529641 0.192438
 3729.000000 20.322719 1.552451 0.184406
 3732.000000 20.296981 1.574046 0.162301
 3735.000000 20.385282 1.587944 0.156316
 3738.000000 20.425900 1.610460 0.184683
 3741.000000 20.464277 1.588917 0.172757
 3744.000000 20.352480 1.601365 0.165329
 3747.000000 20.418982 1.585675 0.185037
 3750.000000 20.384007 1.592916 0.166120
 3753.000000 20.351282 1.600093 0.185064
 3756.000000 20.378114 1.608409 0.211432
 3759.000000 20.425004 1.594228 0.218704
 3762.000000 20.397364 1.590123 0.196742
 3765.000000 20.372840 1.565359 0.139404
 3768.000000 20.364994 1.569418 0.169375
 3771.000000 20.336820 1.576299 0.185437
 3774.000000 20.336328 1.553724 0.227379
 3777.000000 20.328772 1.546082 0.199656
 3780.000000 20.327725 1.578433 0.238536
 3783.000000 20.350770 1.558031 0.192565
 3786.000000 20.378370 1.542520 0.187285
 3789.000000 20.397594 1.570759 0.209784
 3792.000000 20.499577 1.582058 0.190881
 3795.000000 20.491492 1.609154 0.173208
 3798.000000 20.524063 1.578598 0.152761
 3801.000000 20.567985 1.558156 0.155579
 3804.000000 20.613868 1.557560 0.177781
 3807.000000 20.548101 1.564189 0.197927
 3810.000000 20.541874 1.534157 0.152826
 3813.000000 20.533081 1.517770 0.133387
 3816.000000 20.448188 1.526004 0.154406
 3819.000000 20.539038 1.536536 0.175619
 3822.000000 20.520597 1.524868 0.152716
 3825.000000 20.509258 1.521826 0.112548
 3828.000000 20.579984 1.535752 0.182116
 3831.000000 20.620102 1.508922 0.194060
 3834.000000 20.535992 1.512890 0.164224
 3837.000000 20.526768 1.532216 0.158848
 3840.000000 20.607678 1.543922 0.156478
 3843.000000 20.519785 1.552047 0.153646
 3846.000000 20.527444 1.550741 0.145349
 3849.000000 20.582276 1.551070 0.109208
 3852.000000 20.622294 1.575834 0.143916
 3855.000000 20.567001 1.578021 0.160264
 3858.000000 20.583465 1.559455 0.147648
 3861.000000 20.564783 1.585530 0.127131
 3864.000000 20.576713 1.561108 0.146543
 3867.000000 20.517593 1.610528 0.155775
 3870.000000 20.528463 1.582391 0.132684
 3873.000000 20.535011 1.578582 0.134548
 3876.000000 20.519891 1.560787 0.112585
 3879.000000 20.523440 1.571299 0.125706
 3882.000000 20.560094 1.576662 0.116239
 3885.000000 20.556840 1.588205 0.134280
 3888.000000 20.504207 1.564310 0.108077
 3891.000000 20.553410 1.569867 0.081417
 3894.000000 20.494065 1.560516 0.101281
 3897.000000 20.527573 1.584018 0.145845
 3900.000000 20.486514 1.573713 0.072382
 3903.000000 20.487192 1.589913 0.092554
 3906.000000 20.539840 1.577132 0.093854
 3909.000000 20.483858 1.562989 0.102535
 3912.000000 20.436776 1.546041 0.111380
 3915.000000 20.360652 1.568685 0.113467
 3918.000000 20.444816 1.575666 0.114266
 3921.000000 20.371698 1.572206 0.164793
 3924.000000 20.420917 1.546382 0.170366
 3927.000000 20.295284 1.531370 0.144387
 3930.000000 20.282301 1.567035 0.187422
 3933.000000 20.272702 1.604706 0.178313
 3936.000000 20.304765 1.607861 0.195639
 3939.000000 20.382794 1.615252 0.223665
 3942.000000 20.419485 1.629856 0.223594
 3945.000000 20.470649 1.600742 0.197979
 3948.000000 20.551782 1.598503 0.219998
 3951.000000 20.509550 1.566501 0.230659
 3954.000000 20.457403 1.567794 0.217865
 3957.000000 20.499129 1.556683 0.214260
 3960.000000 20.431663 1.540558 0.246767
 3963.000000 20.401865 1.530571 0.242996
 3966.000000 20.442512 1.547603 0.252099
 3969.000000 20.436332 1.537242 0.265321
 3972.000000 20.548538 1.555760 0.229851
 3975.000000 20.492677 1.544700 0.176644
 3978.000000 20.554457 1.570663 0.179715
 3981.000000 20.528511 1.609439 0.192620
 3984.000000 20.515487 1.584252 0.213288
 3987.000000 20.513370 1.606881 0.203177
 3990.000000 20.436495 1.597152 0.217555
 3993.000000 20.442610 1.576849 0.196089
 3996.000000 20.408695 1.584307 0.187216
 3999.000000 20.386155 1.587660 0.183627
 4002.000000 20.365416 1.607922 0.210906
 4005.000000 20.338018 1.613363 0.199268
 4008.000000 20.379431 1.575538 0.202937
 4011.000000 20.385774 1.598246 0.242768
 4014.000000 20.431578 1.599412 0.236710
 4017.000000 20.516830 1.573027 0.215405
 4020.000000 20.541638 1.595998 0.281803
 4023.000000 20.395552 1.603049 0.235775
 4026.000000 20.471828 1.590239 0.220447
 4029.000000 20.504165 1.593534 0.211391
 4032.000000 20.432718 1.608120 0.178947
 4035.000000 20.500279 1.588998 0.188617
 4038.000000 20.479669 1.554469 0.203072
 4041.000000 20.624822 1.581760 0.224380
 4044.000000 20.608350 1.558097 0.244108
 4047.000000 20.478178 1.555043 0.244028
 4050.000000 20.534177 1.511773 0.217314
 4053.000000 20.517739 1.522578 0.223111
 4056.000000 20.476033 1.553954 0.240797
 4059.000000 20.520045 1.562998 0.257608
 4062.000000 20.501714 1.573625 0.269103
 4065.000000 20.558854 1.558770 0.251791
 4068.000000 20.571408 1.560987 0.244764
 4071.000000 20.639393 1.538532 0.170915
 4074.000000 20.601439 1.558117 0.162766
 4077.000000 20.564566 1.569141 0.178153
 4080.000000 20.585525 1.549987 0.170850
 4083.000000 20.512785 1.563175 0.213436
 4086.000000 20.433411 1.548242 0.173190
 4089.000000 20.408097 1.569780 0.167554
 4092.000000 20.390281 1.572500 0.179896
 4095.000000 20.379071 1.558291 0.160017
 4098.000000 20.412697 1.548192 0.147147
 4101.000000 20.412841 1.548474 0.133848
 4104.000000 20.402744 1.571979 0.138890
 4107.000000 20.266924 1.591354 0.128653
 4110.000000 20.265256 1.567614 0.162665
 4113.000000 20.354215 1.582006 0.189268
 4116.000000 20.396610 1.549721 0.143118
 4119.000000 20.332724 1.551666 0.153654
 4122.000000 20.344266 1.545254 0.202017
 4125.000000 20.335494 1.578378 0.162635
 4128.000000 20.342378 1.581305 0.182727
 4131.000000 20.413362 1.588056 0.144672
 4134.000000 20.375323 1.566547 0.135517
 4137.000000 20.345939 1.554957 0.158555
 4140.000000 20.340559 1.537836 0.103474
 4143.000000 20.402901 1.542797 0.132645
 4146.000000 20.426879 1.560659 0.098268
 4149.000000 20.420896 1.537676 0.131373
 4152.000000 20.405535 1.567801 0.135214
 4155.000000 20.385729 1.550520 0.169668
 4158.000000 20.518379 1.553583 0.178346
 4161.000000 20.589392 1.535982 0.210437
 4164.000000 20.572337 1.516929 0.165935
 4167.000000 20.526178 1.555679 0.150610
 4170.000000 20.468219 1.526529 0.158130
 4173.000000 20.418392 1.583408 0.177757
 4176.000000 20.516581 1.597745 0.171470
 4179.000000 20.478333 1.560090 0.177499
 4182.000000 20.477486 1.560610 0.144091
 4185.000000 20.487849 1.579868 0.180360
 4188.000000 20.507188 1.576617 0.180180
 4191.000000 20.513096 1.570774 0.154150
 4194.000000 20.461019 1.560694 0.176236
 4197.000000 20.506829 1.577269 0.171790
 4200.000000 20.501894 1.595859 0.191223
 4203.000000 20.438339 1.609335 0.204783
 4206.000000 20.525918 1.614343 0.232103
 4209.000000 20.514635 1.607337 0.208519
 4212.000000 20.484948 1.579227 0.220916
 4215.000000 20.460905 1.579010 0.210788
 4218.000000 20.447362 1.573640 0.191898
 4221.000000 20.409564 1.583606 0.225522
 4224.000000 20.482924 1.587689 0.241862
 4227.000000 20.427367 1.546713 0.201127
 4230.000000 20.344968 1.561114 0.196580
 4233.000000 20.405970 1.579946 0.187318
 4236.000000 20.409537 1.572589 0.187966
 4239.000000 20.457856 1.571670 0.155029
 4242.000000 20.428838 1.584073 0.193988
 4245.000000 20.457076 1.564856 0.219487
 4248.000000 20.434973 1.542996 0.203855
 4251.000000 20.404632 1.569300 0.236099
 4254.000000 20.427881 1.557935 0.214272
 4257.000000 20.383494 1.559471 0.226457
 4260.000000 20.410213 1.554089 0.205735
 4263.000000 20.348630 1.572129 0.200939
 4266.000000 20.305652 1.580540 0.201197
 4269.000000 20.342928 1.566226 0.175293
 4272.000000 20.376496 1.575242 0.217490
 4275.000000 20.310262 1.586162 0.272238
 4278.000000 20.341663 1.573036 0.228902
 4281.000000 20.287806 1.614850 0.251914
 4284.000000 20.294525 1.596392 0.217395
 4287.000000 20.320116 1.601495 0.204766
 4290.000000 20.311901 1.579569 0.214442
 4293.000000 20.368439 1.572457 0.165050
 4296.000000 20.396844 1.552460 0.174419
 4299.000000 20.403594 1.545049 0.184021
 4302.000000 20.419471 1.545948 0.182256
 4305.000000 20.487914 1.558361 0.190634
 4308.000000 20.410307 1.578473 0.196695
 4311.000000 20.434168 1.574123 0.168566
 4314.000000 20.450413 1.576374 0.165944
 4317.000000 20.311197 1.570596 0.142875
 4320.000000 20.375219 1.586258 0.165206
 4323.000000 20.356498 1.588024 0.152300
 4326.000000 20.396330 1.608767 0.192665
 4329.000000 20.444476 1.563516 0.158043
 4332.000000 20.484763 1.554664 0.156058
 4335.000000 20.498246 1.560130 0.138629
 4338.000000 20.367505 1.540983 0.116464
 4341.000000 20.353759 1.562716 0.153898
 4344.000000 20.377293 1.581261 0.165182
 4347.000000 20.401349 1.592783 0.133235
 4350.000000 20.400442 1.594416 0.129286
 4353.000000 20.498419 1.573840 0.131234
 4356.000000 20.527986 1.571551 0.150789
 4359.000000 20.474648 1.553778 0.160974
 4362.000000 20.454743 1.528420 0.131333
 4365.000000 20.517712 1.546838 0.122023
 4368.000000 20.489951 1.549080 0.154815
 4371.000000 20.415500 1.583088 0.160998
 4374.000000 20.393203 1.578260 0.138393
 4377.000000 20.382097 1.585174 0.135211
 4380.000000 20.444340 1.571580 0.128770
 4383.000000 20.439035 1.572583 0.112330
 4386.000000 20.409249 1.588722 0.158078
 4389.000000 20.522681 1.577326 0.184356
 4392.000000 20.477151 1.541176 0.121029
 4395.000000 20.537882 1.548242 0.151855
 4398.000000 20.651735 1.546170 0.149518
 4401.000000 20.585838 1.583951 0.183494
 4404.000000 20.617246 1.544185 0.137884
 4407.000000 20.635513 1.544194 0.125352
 4410.000000 20.697837 1.558832 0.171801
 4413.000000 20.611205 1.573934 0.184065
 4416.000000 20.656855 1.582476 0.192970
 4419.000000 20.705725 1.567084 0.182878
 4422.000000 20.617421 1.601759 0.208186
 4425.000000 20.587768 1.587463 0.184155
 4428.000000 20.647630 1.565718 0.154468
 4431.000000 20.593189 1.590192 0.198453
 4434.000000 20.665392 1.571807 0.181186
 4437.000000 20.611113 1.547910 0.167326
 4440.000000 20.611148 1.561604 0.212696
 4443.000000 20.622338 1.546946 0.182852
 4446.000000 20.554107 1.558826 0.215959
 4449.000000 20.550073 1.539943 0.182337
 4452.000000 20.410189 1.536606 0.201470
 4455.000000 20.472156 1.546976 0.216445
 4458.000000 20.404101 1.550660 0.200808
 4461.000000 20.351399 1.552359 0.176371
 4464.000000 20.329475 1.555492 0.173120
 4467.000000 20.276667 1.553504 0.189341
 4470.000000 20.334037 1.567565 0.169801
 4473.000000 20.355647 1.562056 0.195152
 4476.000000 20.317584 1.564522 0.161689
 4479.000000 20.316617 1.572104 0.169865
 4482.000000 20.288194 1.562976 0.170953
 4485.000000 20.343667 1.548763 0.174831
 4488.000000 20.369858 1.511115 0.126728
 4491.000000 20.331332 1.513647 0.124572
 4494.000000 20.359215 1.545489 0.141691
 4497.000000 20.337100 1.534383 0.168144
 4500.000000 20.306523 1.544174 0.130561
 4503.000000 20.331367 1.565344 0.138243
 4506.000000 20.346641 1.577114 0.133951
 4509.000000 20.351905 1.555006 0.100684
 4512.000000 20.300707 1.548262 0.100025
 4515.000000 20.227822 1.592632 0.149440
 4518.000000 20.239452 1.576837 0.156698
 4521.000000 20.238659 1.562070 0.109682
 4524.000000 20.356628 1.559181 0.106819
 4527.000000 20.346570 1.554952 0.160405
 4530.000000 20.240264 1.557475 0.155249
 4533.000000 20.357922 1.570452 0.139085
 4536.000000 20.410578 1.580766 0.128346
 4539.000000 20.433443 1.582556 0.127487
 4542.000000 20.455477 1.570144 0.089819
 4545.000000 20.419927 1.577233 0.084744
 4548.000000 20.383384 1.602564 0.160742
 4551.000000 20.431926 1.598020 0.150606
 4554.000000 20.463591 1.593630 0.161943
 4557.000000 20.363769 1.602334 0.204276
 4560.000000 20.370579 1.579761 0.141230
 4563.000000 20.356475 1.569476 0.139745
 4566.000000 20.327806 1.578620 0.143246
 4569.000000 20.428243 1.578131 0.133485
 4572.000000 20.371193 1.581826 0.145462
 4575.000000 20.386818 1.595842 0.158715
 4578.000000 20.379486 1.590133 0.164032
 4581.000000 20.352056 1.607369 0.173116
 4584.000000 20.374201 1.601534 0.133445
 4587.000000 20.332797 1.593850 0.153178
 4590.000000 20.385682 1.580755 0.127610
 4593.000000 20.358630 1.583201 0.123598
 4596.000000 20.273890 1.579945 0.104986
 4599.000000 20.302539 1.592235 0.145472
 4602.000000 20.319857 1.628247 0.160187
 4605.000000 20.276040 1.620920 0.163702
 4608.000000 20.301753 1.597314 0.107806
 4611.000000 20.324277 1.593519 0.108056
 4614.000000 20.305428 1.619427 0.066915
 4617.000000 20.297930 1.626164 0.103475
 4620.000000 20.277757 1.612211 0.065009
 4623.000000 20.307710 1.631675 0.073419
 4626.000000 20.265978 1.630497 0.087980
 4629.000000 20.309150 1.641219 0.137924
 4632.000000 20.365590 1.625485 0.081495
 4635.000000 20.339977 1.569783 0.150847
 4638.000000 20.402708 1.579360 0.145053
 4641.000000 20.405891 1.578148 0.085194
 4644.000000 20.341234 1.564501 0.105591
 4647.000000 20.414755 1.569859 0.076434
 4650.000000 20.333432 1.587970 0.110547
 4653.000000 20.373835 1.580913 0.117832
 4656.000000 20.306515 1.623417 0.122241
 4659.000000 20.297602 1.619958 0.123841
 4662.000000 20.383499 1.624335 0.142711
 4665.000000 20.371880 1.609735 0.113266
 4668.000000 20.378625 1.596909 0.099223
 4671.000000 20.439420 1.590139 0.075759
 4674.000000 20.393103 1.599719 0.095517
 4677.000000 20.408536 1.616414 0.145487
 4680.000000 20.377045 1.587576 0.120152
 4683.000000 20.397795 1.567567 0.103612
 4686.000000 20.365146 1.558494 0.139775
 4689.000000 20.329841 1.587076 0.145099
 4692.000000 20.323744 1.533824 0.177867
 4695.000000 20.264583 1.551515 0.171273
 4698.000000 20.299085 1.583658 0.180865
 4701.000000 20.256936 1.556413 0.146589
 4704.000000 20.287027 1.577693 0.181725
 4707.000000 20.267343 1.552333 0.130549
 4710.000000 20.290265 1.575998 0.147550
 4713.000000 20.223978 1.592913 0.166242
 4716.000000 20.262851 1.592936 0.175677
 4719.000000 20.314287 1.579300 0.162903
 4722.000000 20.272430 1.585072 0.161119
 4725.000000 20.283272 1.570383 0.162147
 4728.000000 20.287309 1.602194 0.171461
 4731.000000 20.283827 1.586234 0.113558
 4734.000000 20.250281 1.582109 0.150733
 4737.000000 20.320680 1.580507 0.120480
 4740.000000 20.265419 1.584395 0.109215
 4743.000000 20.244669 1.566900 0.103564
 4746.000000 20.349261 1.577637 0.146309
 4749.000000 20.310541 1.556194 0.105297
 4752.000000 20.289512 1.562881 0.119529
 4755.000000 20.295252 1.559416 0.152882
 4758.000000 20.343138 1.567522 0.145872
 4761.000000 20.400974 1.574877 0.124361
 4764.000000 20.417984 1.554795 0.176289
 4767.000000 20.407964 1.565211 0.168127
 4770.000000 20.347432 1.561723 0.128252
 4773.000000 20.337596 1.552700 0.165644
 4776.000000 20.315684 1.524236 0.139847
 4779.000000 20.317304 1.533697 0.128429
 4782.000000 20.220873 1.568297 0.150153
 4785.000000 20.270029 1.536990 0.151296
 4788.000000 20.309972 1.587615 0.127955
 4791.000000 20.261737 1.601318 0.138849
 4794.000000 20.264268 1.597596 0.141043
 4797.000000 20.277943 1.590992 0.107051
 4800.000000 20.241232 1.595450 0.135673
 4803.000000 20.200261 1.595752 0.131971
 4806.000000 20.182080 1.595300 0.142165
 4809.000000 20.155195 1.575633 0.111297
 4812.000000 20.179018 1.585159 0.131517
 4815.000000 20.136249 1.585583 0.129140
 4818.000000 20.243804 1.574444 0.155953
 4821.000000 20.262710 1.555707 0.156396
 4824.000000 20.390665 1.557073 0.179865
 4827.000000 20.316159 1.576244 0.160363
 4830.000000 20.374831 1.547097 0.160737
 4833.000000 20.483790 1.574705 0.124786
 4836.000000 20.474097 1.549482 0.135898
 4839.000000 20.424113 1.583432 0.157200
 4842.000000 20.460332 1.546926 0.109717
 4845.000000 20.445190 1.576169 0.120074
 4848.000000 20.436390 1.586001 0.142125
 4851.000000 20.405778 1.600444 0.108169
 4854.000000 20.353672 1.609812 0.118918
 4857.000000 20.379239 1.592025 0.109276
 4860.000000 20.445485 1.578898 0.117371
 4863.000000 20.421978 1.571776 0.093706
 4866.000000 20.426939 1.580305 0.131265
 4869.000000 20.477358 1.582896 0.140102
 4872.000000 20.447969 1.611256 0.160757
 4875.000000 20.409053 1.599147 0.144221
 4878.000000 20.463811 1.572892 0.137568
 4881.000000 20.488136 1.584331 0.130161
 4884.000000 20.355133 1.607129 0.119151
 4887.000000 20.310991 1.590283 0.103472
 4890.000000 20.382503 1.587625 0.120947
 4893.000000 20.458532 1.548076 0.141237
 4896.000000 20.477974 1.559262 0.125462
 4899.000000 20.498690 1.547777 0.135128
 4902.000000 20.462418 1.545025 0.134291
 4905.000000 20.393001 1.543841 0.173511
 4908.000000 20.320279 1.534886 0.163910
 4911.000000 20.298243 1.548345 0.110202
 4914.000000 20.297323 1.544611 0.159216
 4917.000000 20.313299 1.568072 0.167787
 4920.000000 20.242525 1.546098 0.165671
 4923.000000 20.250327 1.534165 0.164953
 4926.000000 20.257421 1.520078 0.143171
 4929.000000 20.258064 1.556445 0.143606
 4932.000000 20.333628 1.526286 0.069670
 4935.000000 20.214965 1.544401 0.096936
 4938.000000 20.165519 1.525981 0.101104
 4941.000000 20.218054 1.562511 0.131361
 4944.000000 20.226588 1.558756 0.154477
 4947.000000 20.297697 1.515868 0.119725
 4950.000000 20.286977 1.557978 0.137690
 4953.000000 20.319552 1.535402 0.114155
 4956.000000 20.259304 1.545142 0.096908
 4959.000000 20.284340 1.531936 0.078350
 4962.000000 20.257547 1.527075 0.115429
 4965.000000 20.334246 1.529406 0.103123
 4968.000000 20.320841 1.526220 0.112005
 4971.000000 20.313155 1.527112 0.104765
 4974.000000 20.275026 1.498690 0.120968
 4977.000000 20.254005 1.502643 0.133193
 4980.000000 20.373155 1.521552 0.120456
 4983.000000 20.377360 1.508282 0.136910
 4986.000000 20.290645 1.519568 0.156041
 4989.000000 20.280331 1.495597 0.197004
 4992.000000 20.280370 1.523721 0.223132
 4995.000000 20.315571 1.513051 0.205082
 4998.000000 20.277746 1.517420 0.167438
 5001.000000 20.305326 1.499863 0.182955
 5004.000000 20.282211 1.535223 0.166995
 5007.000000 20.302560 1.540557 0.186572
 5010.000000 20.277698 1.544595 0.197237
 5013.000000 20.330409 1.501259 0.179076
 5016.000000 20.415549 1.534543 0.143417
 5019.000000 20.365383 1.532231 0.132728
 5022.000000 20.375633 1.530035 0.137885
 5025.000000 20.380911 1.540091 0.145770
 5028.000000 20.440287 1.546010 0.147982
 5031.000000 20.385514 1.600684 0.158004
 5034.000000 20.301392 1.545420 0.131256
 5037.000000 20.356344 1.524446 0.112807
 5040.000000 20.405396 1.539412 0.099363
 5043.000000 20.474668 1.537974 0.106313
 5046.000000 20.379467 1.562340 0.167392
 5049.000000 20.412753 1.539195 0.135261
 5052.000000 20.476593 1.517176 0.122899
 5055.000000 20.422233 1.529412 0.150912
 5058.000000 20.498182 1.515449 0.162389
 5061.000000 20.406491 1.536647 0.181453
 5064.000000 20.516790 1.549699 0.189693
 5067.000000 20.490045 1.532695 0.139212
 5070.000000 20.421957 1.507413 0.156452
 5073.000000 20.476918 1.512987 0.167353
 5076.000000 20.505735 1.525584 0.173578
 5079.000000 20.453366 1.551353 0.169144
 5082.000000 20.434609 1.557561 0.177727
 5085.000000 20.458319 1.543957 0.146265
 5088.000000 20.466722 1.531616 0.169302
 5091.000000 20.521527 1.553259 0.201499
 5094.000000 20.468505 1.555010 0.190505
 5097.000000 20.486609 1.534962 0.169589
 5100.000000 20.421995 1.535701 0.207480
 5103.000000 20.404837 1.509896 0.143353
 5106.000000 20.308636 1.537890 0.227703
 5109.000000 20.361874 1.547060 0.188586
 5112.000000 20.343367 1.541150 0.184972
 5115.000000 20.330052 1.558915 0.162460
 5118.000000 20.429387 1.573369 0.159585
 5121.000000 20.489405 1.577650 0.173543
 5124.000000 20.464598 1.568033 0.147266
 5127.000000 20.362138 1.569220 0.161961
 5130.000000 20.372317 1.550763 0.137880
 5133.000000 20.232231 1.551114 0.159953
 5136.000000 20.187943 1.540686 0.137353
 5139.000000 20.211237 1.527797 0.116278
 5142.000000 20.314081 1.529465 0.124913
 5145.000000 20.294870 1.545479 0.133860
 5148.000000 20.362666 1.491761 0.106811
 5151.000000 20.376797 1.519182 0.122381
 5154.000000 20.411048 1.532989 0.116962
 5157.000000 20.307110 1.534529 0.138536
 5160.000000 20.390086 1.563873 0.182870
 5163.000000 20.348515 1.547434 0.188211
 5166.000000 20.385246 1.579397 0.167476
 5169.000000 20.423119 1.541356 0.166290
 5172.000000 20.456774 1.591705 0.194424
 5175.000000 20.353434 1.578346 0.179503
 5178.000000 20.395027 1.585151 0.186622
 5181.000000 20.430467 1.575478 0.178233
 5184.000000 20.479318 1.544663 0.145856
 5187.000000 20.479579 1.570506 0.138800
 5190.000000 20.545597 1.549813 0.114706
 5193.000000 20.501942 1.566910 0.158544
 5196.000000 20.537942 1.530648 0.092076
 5199.000000 20.520403 1.556406 0.143464
 5202.000000 20.516355 1.550450 0.138569
 5205.000000 20.474247 1.589593 0.179322
 5208.000000 20.406234 1.575931 0.151116
 5211.000000 20.340703 1.581429 0.172926
 5214.000000 20.403079 1.598781 0.176242
 5217.000000 20.340182 1.586472 0.190229
 5220.000000 20.405820 1.600231 0.181152
 5223.000000 20.294886 1.613955 0.181590
 5226.000000 20.309927 1.573805 0.135766
 5229.000000 20.345936 1.587714 0.138948
 5232.000000 20.415680 1.569824 0.173020
 5235.000000 20.375661 1.553828 0.140480
 5238.000000 20.334833 1.546916 0.137257
 5241.000000 20.336598 1.548740 0.133707
 5244.000000 20.328711 1.519567 0.121723
 5247.000000 20.408289 1.543997 0.156260
 5250.000000 20.460295 1.566931 0.160905
 5253.000000 20.386754 1.557628 0.124094
 5256.000000 20.430235 1.546661 0.117349
 5259.000000 20.441622 1.527655 0.114975
 5262.000000 20.441387 1.556208 0.142477
 5265.000000 20.403430 1.582671 0.165641
 5268.000000 20.437624 1.598393 0.171642
 5271.000000 20.342975 1.596051 0.147463
 5274.000000 20.451787 1.594621 0.150708
 5277.000000 20.455410 1.571456 0.164630
 5280.000000 20.463217 1.565329 0.147614
 5283.000000 20.476799 1.540413 0.140660
 5286.000000 20.502586 1.545604 0.144219
 5289.000000 20.503832 1.536667 0.163828
 5292.000000 20.550744 1.529667 0.152023
 5295.000000 20.525710 1.553651 0.187826
 5298.000000 20.533204 1.519909 0.145786
 5301.000000 20.522658 1.517985 0.160875
 5304.000000 20.562488 1.500841 0.160600
 5307.000000 20.545266 1.531995 0.215555
 5310.000000 20.527108 1.533648 0.196926
 5313.000000 20.485974 1.541536 0.210318
 5316.000000 20.405739 1.564969 0.218201
 5319.000000 20.404120 1.548192 0.197148
 5322.000000 20.422414 1.508120 0.137611
 5325.000000 20.403184 1.517234 0.134478
 5328.000000 20.331655 1.531420 0.156644
 5331.000000 20.341843 1.525149 0.152995
 5334.000000 20.387487 1.510887 0.161328
 5337.000000 20.457453 1.510560 0.121400
 5340.000000 20.450487 1.526322 0.160148
 5343.000000 20.489277 1.514970 0.150154
 5346.000000 20.493808 1.523345 0.156730
 5349.000000 20.439436 1.539996 0.162021
 5352.000000 20.466837 1.553206 0.179501
 5355.000000 20.467072 1.563111 0.180511
 5358.000000 20.511579 1.578456 0.152866
 5361.000000 20.528333 1.576693 0.164193
 5364.000000 20.565700 1.571757 0.150977
 5367.000000 20.537613 1.568844 0.159917
 5370.000000 20.529580 1.583977 0.158892
 5373.000000 20.493075 1.572983 0.161862
 5376.000000 20.597026 1.568337 0.151226
 5379.000000 20.596382 1.578590 0.185530
 5382.000000 20.603035 1.556983 0.153588
 5385.000000 20.464464 1.579638 0.193949
 5388.000000 20.435872 1.563732 0.159832
 5391.000000 20.443540 1.583992 0.182962
 5394.000000 20.492305 1.551638 0.168616
 5397.000000 20.432606 1.549812 0.136387
 5400.000000 20.482293 1.560306 0.150375
 5403.000000 20.519666 1.559386 0.136209
 5406.000000 20.439287 1.564534 0.135459
 5409.000000 20.427137 1.587174 0.151389
 5412.000000 20.391759 1.563253 0.109515
 5415.000000 20.384695 1.556957 0.118170
 5418.000000 20.320594 1.559791 0.117324
 5421.000000 20.378785 1.572609 0.136106
 5424.000000 20.337482 1.583853 0.157055
 5427.000000 20.410566 1.529821 0.147350
 5430.000000 20.423058 1.591812 0.151727
 5433.000000 20.409991 1.575919 0.148746
 5436.000000 20.366249 1.578450 0.131652
 5439.000000 20.431721 1.567115 0.128568
 5442.000000 20.400256 1.572590 0.148956
 5445.000000 20.480156 1.572822 0.168866
 5448.000000 20.454266 1.571843 0.142294
 5451.000000 20.438506 1.563961 0.150259
 5454.000000 20.401100 1.559547 0.145428
 5457.000000 20.371235 1.565277 0.164288
 5460.000000 20.385034 1.543943 0.134711
 5463.000000 20.405801 1.523973 0.149549
 5466.000000 20.346022 1.527410 0.136659
 5469.000000 20.342957 1.522321 0.165461
 5472.000000 20.304071 1.544629 0.202705
 5475.000000 20.325050 1.517813 0.210492
 5478.000000 20.370272 1.527162 0.224922
 5481.000000 20.407251 1.503760 0.246636
 5484.000000 20.369665 1.512495 0.284560
 5487.000000 20.441565 1.541538 0.305934
 5490.000000 20.438856 1.517637 0.221413
 5493.000000 20.527139 1.531334 0.235270
 5496.000000 20.451275 1.545061 0.210618
 5499.000000 20.396050 1.541613 0.209517
 5502.000000 20.378047 1.552763 0.179682
 5505.000000 20.499277 1.577048 0.166191
 5508.000000 20.480524 1.560519 0.174162
 5511.000000 20.520648 1.557790 0.143549
 5514.000000 20.439534 1.552985 0.156233
 5517.000000 20.340904 1.538870 0.163867
 5520.000000 20.402345 1.549132 0.141407
 5523.000000 20.388405 1.531170 0.145831
 5526.000000 20.397025 1.565527 0.154225
 5529.000000 20.331315 1.585081 0.162907
 5532.000000 20.275256 1.565949 0.142029
 5535.000000 20.292668 1.630512 0.161932
 5538.000000 20.298166 1.595525 0.098984
 5541.000000 20.324440 1.592451 0.099832
 5544.000000 20.259458 1.590006 0.145522
 5547.000000 20.360986 1.583230 0.110272
 5550.000000 20.331427 1.588522 0.090702
 5553.000000 20.355943 1.597831 0.114102
 5556.000000 20.388958 1.582024 0.127002
 5559.000000 20.434320 1.574010 0.132747
 5562.000000 20.402078 1.578572 0.129283
 5565.000000 20.390890 1.598319 0.084851
 5568.000000 20.391449 1.588412 0.061333
 5571.000000 20.326305 1.606967 0.148970
 5574.000000 20.346291 1.588929 0.139059
 5577.000000 20.350123 1.605718 0.147095
 5580.000000 20.398985 1.609490 0.156022
 5583.000000 20.418788 1.608890 0.161431
 5586.000000 20.397553 1.614381 0.158526
 5589.000000 20.432933 1.600283 0.137457
 5592.000000 20.388450 1.587327 0.167087
 5595.000000 20.373590 1.592543 0.168450
 5598.000000 20.431241 1.592916 0.180832
 5601.000000 20.369382 1.601357 0.178339
 5604.000000 20.368551 1.580492 0.118511
 5607.000000 20.374421 1.568281 0.120649
 5610.000000 20.405119 1.570736 0.107874
 5613.000000 20.408488 1.553780 0.153060
 5616.000000 20.371031 1.564763 0.121778
 5619.000000 20.365549 1.557157 0.114319
 5622.000000 20.315976 1.528462 0.126570
 5625.000000 20.289110 1.553939 0.143514
 5628.000000 20.373206 1.532151 0.132268
 5631.000000 20.330000 1.538923 0.143551
 5634.000000 20.342417 1.552386 0.114620
 5637.000000 20.349195 1.594734 0.124787
 5640.000000 20.332579 1.587546 0.147059
 5643.000000 20.398470 1.572283 0.148884
 5646.000000 20.438057 1.567155 0.132097
 5649.000000 20.399876 1.551217 0.130933
 5652.000000 20.380950 1.581217 0.127430
 5655.000000 20.396823 1.569914 0.085032
 5658.000000 20.490021 1.556894 0.097173
 5661.000000 20.470065 1.536879 0.095376
 5664.000000 20.470618 1.548731 0.089406
 5667.000000 20.475870 1.567509 0.096499
 5670.000000 20.504453 1.585643 0.121585
 5673.000000 20.479598 1.579779 0.091181
 5676.000000 20.505532 1.595497 0.084144
 5679.000000 20.384842 1.606910 0.103721
 5682.000000 20.384763 1.609818 0.121192
 5685.000000 20.385912 1.600382 0.119548
 5688.000000 20.329184 1.589389 0.116988
 5691.000000 20.343004 1.625287 0.126498
 5694.000000 20.348857 1.607573 0.073331
 5697.000000 20.430278 1.581257 0.076013
 5700.000000 20.397778 1.604880 0.118111
 5703.000000 20.289717 1.576741 0.090352
 5706.000000 20.329378 1.575852 0.128892
 5709.000000 20.261778 1.552799 0.153790
 5712.000000 20.286724 1.571099 0.148637
 5715.000000 20.327705 1.587492 0.197690
 5718.000000 20.305848 1.588265 0.165044
 5721.000000 20.317183 1.607233 0.147145
 5724.000000 20.277878 1.572713 0.155477
 5727.000000 20.299799 1.566644 0.173027
 5730.000000 20.344526 1.589241 0.136990
 5733.000000 20.407023 1.571777 0.156499
 5736.000000 20.377480 1.569846 0.174996
 5739.000000 20.398414 1.596890 0.157330
 5742.000000 20.327588 1.586410 0.145870
 5745.000000 20.277915 1.567924 0.144139
 5748.000000 20.210873 1.550357 0.150867
 5751.000000 20.311000 1.560617 0.137241
 5754.000000 20.300393 1.540181 0.130336
 5757.000000 20.370144 1.552760 0.132865
 5760.000000 20.484392 1.567898 0.126775
 5763.000000 20.437087 1.541294 0.174073
 5766.000000 20.568962 1.555793 0.125298
 5769.000000 20.525733 1.583424 0.135679
 5772.000000 20.639475 1.593138 0.110556
 5775.000000 20.630720 1.601273 0.133999
 5778.000000 20.593583 1.579113 0.156930
 5781.000000 20.524930 1.586843 0.160595
 5784.000000 20.541051 1.600217 0.177209
 5787.000000 20.542579 1.618215 0.205162
 5790.000000 20.563655 1.599097 0.232121
 5793.000000 20.502098 1.594931 0.163377
 5796.000000 20.559825 1.585967 0.163917
 5799.000000 20.487104 1.612238 0.183648
 5802.000000 20.459493 1.613550 0.196151
 5805.000000 20.427851 1.606178 0.204370
 5808.000000 20.480147 1.594863 0.162457
 5811.000000 20.480919 1.613899 0.187230
 5814.000000 20.454292 1.615560 0.175321
 5817.000000 20.504974 1.613945 0.144934
 5820.000000 20.492884 1.591578 0.125285
 5823.000000 20.508634 1.607018 0.139121
 5826.000000 20.478693 1.602235 0.118665
 5829.000000 20.343452 1.623923 0.169169
 5832.000000 20.482106 1.613248 0.175285
 5835.000000 20.452573 1.612053 0.159147
 5838.000000 20.398589 1.603405 0.189760
 5841.000000 20.434675 1.620686 0.175361
 5844.000000 20.425401 1.628431 0.171221
 5847.000000 20.492014 1.638510 0.196685
 5850.000000 20.486806 1.612142 0.196675
 5853.000000 20.520602 1.596967 0.203910
 5856.000000 20.493133 1.620696 0.178570
 5859.000000 20.513124 1.587735 0.139841
 5862.000000 20.601047 1.606944 0.186508
 5865.000000 20.638655 1.618684 0.214138
 5868.000000 20.511415 1.607142 0.194643
 5871.000000 20.503581 1.636298 0.197557
 5874.000000 20.515314 1.622242 0.183042
 5877.000000 20.584200 1.628621 0.165442
 5880.000000 20.537612 1.606375 0.182454
 5883.000000 20.612225 1.591577 0.137013
 5886.000000 20.603866 1.584086 0.127273
 5889.000000 20.629707 1.598950 0.135198
 5892.000000 20.631540 1.588010 0.116923
 5895.000000 20.516113 1.617329 0.129839
 5898.000000 20.449721 1.633828 0.093702
 5901.000000 20.411290 1.623423 0.090980
 5904.000000 20.478494 1.605400 0.129844
 5907.000000 20.401450 1.623234 0.122156
 5910.000000 20.310186 1.597291 0.100782
 5913.000000 20.311459 1.576136 0.117946
 5916.000000 20.302565 1.597577 0.115736
 5919.000000 20.291464 1.620446 0.162717
 5922.000000 20.313413 1.628041 0.145370
 5925.000000 20.306961 1.645019 0.119230
 5928.000000 20.318676 1.630027 0.122155
 5931.000000 20.360991 1.651248 0.138239
 5934.000000 20.328033 1.625443 0.135724
 5937.000000 20.351376 1.607454 0.139049
 5940.000000 20.343522 1.606961 0.148191
 5943.000000 20.266578 1.614063 0.111414
 5946.000000 20.246690 1.615507 0.121940
 5949.000000 20.262405 1.631594 0.116672
 5952.000000 20.258054 1.597331 0.130020
 5955.000000 20.213609 1.611496 0.169163
 5958.000000 20.219533 1.621631 0.155393
 5961.000000 20.238071 1.603955 0.164259
 5964.000000 20.209212 1.603656 0.142169
 5967.000000 20.230236 1.624682 0.212052
 5970.000000 20.175048 1.597041 0.220401
 5973.000000 20.225946 1.595391 0.203878
 5976.000000 20.372757 1.613006 0.193080
 5979.000000 20.412473 1.608258 0.196916
 5982.000000 20.347146 1.625956 0.167675
 5985.000000 20.399473 1.639187 0.154338
 5988.000000 20.403457 1.629489 0.132572
 5991.000000 20.383860 1.644390 0.122546
 5994.000000 20.273787 1.615947 0.164915
 5997.000000 20.304941 1.598291 0.103146
 6000.000000 20.406092 1.608086 0.121630
 6003.000000 20.400187 1.554190 0.150572
 6006.000000 20.485919 1.571970 0.144135
 6009.000000 20.438585 1.546553 0.154640
 6012.000000 20.350555 1.541968 0.159465
 6015.000000 20.352152 1.556782 0.125927
 6018.000000 20.337708 1.594893 0.160725
 6021.000000 20.334383 1.599066 0.153065
 6024.000000 20.345616 1.599666 0.120335
 6027.000000 20.376094 1.589568 0.131404
 6030.000000 20.452850 1.582306 0.116922
 6033.000000 20.488163 1.586153 0.177779
 6036.000000 20.390595 1.602521 0.205980
 6039.000000 20.368620 1.592993 0.195567
 6042.000000 20.431014 1.603509 0.180097
 6045.000000 20.342037 1.581781 0.206854
 6048.000000 20.303791 1.595508 0.192199
 6051.000000 20.326674 1.610467 0.186176
 6054.000000 20.339961 1.606667 0.192395
 6057.000000 20.285175 1.596130 0.180239
 6060.000000 20.254553 1.603137 0.161292
 6063.000000 20.269316 1.604534 0.159125
 6066.000000 20.347185 1.590563 0.101746
 6069.000000 20.432742 1.589695 0.135803
 6072.000000 20.354799 1.565628 0.115071
 6075.000000 20.351400 1.580750 0.133991
 6078.000000 20.344001 1.572647 0.127725
 6081.000000 20.411553 1.552168 0.088493
 6084.000000 20.423275 1.563903 0.120843
 6087.000000 20.366491 1.586340 0.108127
 6090.000000 20.373027 1.583492 0.125228
 6093.000000 20.353085 1.599680 0.162274
 6096.000000 20.387078 1.629416 0.158574
 6099.000000 20.371834 1.615840 0.117169
 6102.000000 20.408045 1.597431 0.138340
 6105.000000 20.437623 1.592015 0.139805
 6108.000000 20.408196 1.606532 0.148381
 6111.000000 20.315224 1.581348 0.093229
 6114.000000 20.365185 1.597503 0.136247
 6117.000000 20.365090 1.604445 0.109036
 6120.000000 20.419191 1.608282 0.141833
 6123.000000 20.370778 1.651780 0.160188
 6126.000000 20.358185 1.629963 0.158732
 6129.000000 20.371140 1.637743 0.145314
 6132.000000 20.306535 1.624644 0.135393
 6135.000000 20.361716 1.621134 0.166780
 6138.000000 20.328759 1.618042 0.181249
 6141.000000 20.380594 1.609141 0.189209
 6144.000000 20.446294 1.595341 0.138756
 6147.000000 20.470945 1.562642 0.124642
 6150.000000 20.493468 1.567976 0.161392
 6153.000000 20.428132 1.549534 0.130665
 6156.000000 20.471867 1.557763 0.148583
 6159.000000 20.494383 1.584030 0.097906
 6162.000000 20.516962 1.583839 0.113611
 6165.000000 20.479766 1.586095 0.131357
 6168.000000 20.424479 1.569469 0.106334
 6171.000000 20.515994 1.548556 0.146104
 6174.000000 20.583220 1.571775 0.133104
 6177.000000 20.564056 1.570163 0.116635
 6180.000000 20.650366 1.559785 0.139829
 6183.000000 20.701448 1.546332 0.108035
 6186.000000 20.649523 1.524552 0.083187
 6189.000000 20.688007 1.515015 0.079923
 6192.000000 20.590708 1.541821 0.025069
 6195.000000 20.615404 1.531413 0.084158
 6198.000000 20.581056 1.562207 0.114454
 6201.000000 20.615929 1.523794 0.156028
 6204.000000 20.615065 1.543768 0.139054
 6207.000000 20.497191 1.566087 0.132977
 6210.000000 20.553490 1.568921 0.100695
 6213.000000 20.597912 1.554089 0.107119
 6216.000000 20.543173 1.558580 0.107117
 6219.000000 20.576773 1.581849 0.112323
 6222.000000 20.512843 1.578308 0.116532
 6225.000000 20.486436 1.575590 0.104733
 6228.000000 20.495079 1.573043 0.081623
 6231.000000 20.552062 1.587854 0.100632
 6234.000000 20.530312 1.583441 0.140130
 6237.000000 20.519929 1.613163 0.101107
 6240.000000 20.479977 1.619103 0.150461
 6243.000000 20.573702 1.557708 0.128128
 6246.000000 20.556981 1.589545 0.141565
 6249.000000 20.503274 1.550910 0.142361
 6252.000000 20.502331 1.559696 0.147836
 6255.000000 20.518341 1.579342 0.102148
 6258.000000 20.496238 1.580395 0.117473
 6261.000000 20.493664 1.572392 0.121082
 6264.000000 20.507648 1.553546 0.127133
 6267.000000 20.485820 1.570087 0.162547
 6270.000000 20.457735 1.549313 0.145227
 6273.000000 20.417211 1.582720 0.192180
 6276.000000 20.407882 1.566554 0.191618
 6279.000000 20.459340 1.580081 0.146765
 6282.000000 20.439211 1.563425 0.159853
 6285.000000 20.445193 1.607932 0.160423
 6288.000000 20.440686 1.595740 0.110153
 6291.000000 20.510539 1.571654 0.084860
 6294.000000 20.491756 1.594874 0.147839
 6297.000000 20.475985 1.593133 0.083977
 6300.000000 20.501834 1.597153 0.122274
 6303.000000 20.549774 1.565832 0.100087
 6306.000000 20.594700 1.593198 0.109127
 6309.000000 20.619076 1.586175 0.135454
 6312.000000 20.537527 1.573425 0.124935
 6315.000000 20.531156 1.598003 0.164120
 6318.000000 20.558422 1.612354 0.164665
 6321.000000 20.599727 1.606966 0.135857
 6324.000000 20.460161 1.576816 0.133670
 6327.000000 20.444760 1.548826 0.110404
 6330.000000 20.476069 1.546057 0.106100
 6333.000000 20.483898 1.545982 0.142421
 6336.000000 20.456656 1.561694 0.155570
 6339.000000 20.526315 1.572429 0.123117
 6342.000000 20.516608 1.589783 0.149469
 6345.000000 20.537843 1.571032 0.170448
 6348.000000 20.581377 1.562819 0.166719
 6351.000000 20.573530 1.575344 0.177638
 6354.000000 20.619502 1.563955 0.147722
 6357.000000 20.543127 1.566240 0.154717
 6360.000000 20.450407 1.550833 0.104993
 6363.000000 20.516140 1.538676 0.141857
 6366.000000 20.478572 1.530024 0.116513
 6369.000000 20.450875 1.532831 0.144397
 6372.000000 20.506197 1.537061 0.125094
 6375.000000 20.490418 1.538300 0.106979
 6378.000000 20.494634 1.558725 0.120588
 6381.000000 20.489507 1.553237 0.097035
 6384.000000 20.541852 1.547516 0.139370
 6387.000000 20.598834 1.557126 0.127497
 6390.000000 20.585384 1.528747 0.122724
 6393.000000 20.520555 1.496155 0.156996
 6396.000000 20.504741 1.530138 0.160199
 6399.000000 20.567499 1.536510 0.161640
 6402.000000 20.539760 1.537995 0.131193
 6405.000000 20.547475 1.528930 0.101485
 6408.000000 20.621180 1.519645 0.113281
 6411.000000 20.631387 1.527385 0.144266
 6414.000000 20.567672 1.518840 0.141431
 6417.000000 20.602776 1.533628 0.146469
 6420.000000 20.557589 1.540697 0.126055
 6423.000000 20.540345 1.573018 0.099028
 6426.000000 20.582498 1.571260 0.092504
 6429.000000 20.616237 1.578712 0.111958
 6432.000000 20.630145 1.602313 0.166411
 6435.000000 20.612646 1.591582 0.151409
 6438.000000 20.519501 1.584893 0.130869
 6441.000000 20.521121 1.600300 0.145805
 6444.000000 20.553297 1.574737 0.143783
 6447.000000 20.482921 1.584345 0.134510
 6450.000000 20.488779 1.578242 0.135948
 6453.000000 20.446183 1.601933 0.158502
 6456.000000 20.445166 1.601522 0.140146
 6459.000000 20.541200 1.596085 0.119704
 6462.000000 20.498747 1.593780 0.149123
 6465.000000 20.535844 1.591453 0.163007
 6468.000000 20.577403 1.606249 0.157002
 6471.000000 20.474419 1.609298 0.150108
 6474.000000 20.450984 1.629301 0.191488
 6477.000000 20.448194 1.599091 0.148562
 6480.000000 20.426261 1.609763 0.152891
 6483.000000 20.455159 1.592941 0.133436
 6486.000000 20.470933 1.623305 0.168548
 6489.000000 20.500735 1.607228 0.139611
 6492.000000 20.509688 1.613324 0.168301
 6495.000000 20.425345 1.620390 0.164139
 6498.000000 20.513506 1.611387 0.167671
 6501.000000 20.525868 1.626479 0.178108
 6504.000000 20.605031 1.638563 0.153349
 6507.000000 20.552459 1.624404 0.133447
 6510.000000 20.562712 1.602489 0.105346
 6513.000000 20.591386 1.609746 0.121570
 6516.000000 20.578709 1.587870 0.113686
 6519.000000 20.583368 1.579114 0.094741
 6522.000000 20.533752 1.602219 0.119861
 6525.000000 20.502299 1.613810 0.121770
 6528.000000 20.574515 1.600424 0.081195
 6531.000000 20.477523 1.581013 0.122034
 6534.000000 20.469375 1.600370 0.126963
 6537.000000 20.519467 1.577815 0.067118
 6540.000000 20.580567 1.599897 0.099893
 6543.000000 20.540702 1.618845 0.129210
 6546.000000 20.593752 1.605074 0.125158
 6549.000000 20.583346 1.593425 0.113387
 6552.000000 20.586615 1.621883 0.151427
 6555.000000 20.536113 1.635345 0.132947
 6558.000000 20.447065 1.598722 0.127535
 6561.000000 20.498071 1.601245 0.110594
 6564.000000 20.472520 1.597253 0.136265
 6567.000000 20.532751 1.610117 0.126857
 6570.000000 20.587024 1.632814 0.146513
 6573.000000 20.547224 1.612611 0.092514
 6576.000000 20.509444 1.603633 0.073523
 6579.000000 20.513657 1.603921 0.078727
 6582.000000 20.570619 1.608300 0.092745
 6585.000000 20.608831 1.565913 0.075985
 6588.000000 20.558202 1.596636 0.132869
 6591.000000 20.580964 1.587946 0.131184
 6594.000000 20.593804 1.596291 0.143692
 6597.000000 20.560249 1.614417 0.145704
 6600.000000 20.560677 1.622609 0.141308
 6603.000000 20.489119 1.613059 0.139800
 6606.000000 20.439589 1.600415 0.151780
 6609.000000 20.471956 1.613332 0.118653
 6612.000000 20.403136 1.618568 0.103863
 6615.000000 20.312515 1.599613 0.131669
 6618.000000 20.416917 1.597565 0.130518
 6621.000000 20.354572 1.589456 0.129316
 6624.000000 20.289022 1.577597 0.140870
 6627.000000 20.315683 1.581488 0.166630
 6630.000000 20.280294 1.590549 0.169107
 6633.000000 20.347626 1.600450 0.160220
 6636.000000 20.370398 1.568721 0.164457
 6639.000000 20.414584 1.563617 0.173593
 6642.000000 20.448875 1.559433 0.162549
 6645.000000 20.435942 1.587954 0.197977
 6648.000000 20.463090 1.558086 0.169936
 6651.000000 20.428757 1.583627 0.224069
 6654.000000 20.446278 1.567783 0.221419
 6657.000000 20.359973 1.575688 0.235046
 6660.000000 20.313957 1.566396 0.195513
 6663.000000 20.476928 1.574820 0.211603
 6666.000000 20.505601 1.552500 0.185687
 6669.000000 20.427246 1.568990 0.183911
 6672.000000 20.479043 1.537963 0.143897
 6675.000000 20.410888 1.562440 0.173942
 6678.000000 20.462222 1.545903 0.149126
 6681.000000 20.448500 1.551465 0.140535
 6684.000000 20.352296 1.535323 0.175140
 6687.000000 20.421372 1.540501 0.176146
 6690.000000 20.455951 1.550769 0.187686
 6693.000000 20.416051 1.553385 0.206059
 6696.000000 20.463753 1.527122 0.160509
 6699.000000 20.450665 1.514072 0.151316
 6702.000000 20.468975 1.585377 0.178258
 6705.000000 20.469078 1.572980 0.156977
 6708.000000 20.412023 1.603607 0.209200
 6711.000000 20.406789 1.576822 0.151232
 6714.000000 20.431020 1.588402 0.182233
 6717.000000 20.457339 1.557877 0.143959
 6720.000000 20.379371 1.583293 0.172423
 6723.000000 20.354674 1.592284 0.149377
 6726.000000 20.336937 1.577650 0.157738
 6729.000000 20.419097 1.581615 0.169747
 6732.000000 20.414342 1.588950 0.176460
 6735.000000 20.443354 1.574903 0.148471
 6738.000000 20.344236 1.566433 0.150824
 6741.000000 20.384860 1.590480 0.163115
 6744.000000 20.416068 1.565426 0.157134
 6747.000000 20.442245 1.571187 0.143658
 6750.000000 20.399269 1.578377 0.113470
 6753.000000 20.353858 1.573363 0.118021
 6756.000000 20.291869 1.553650 0.122521
 6759.000000 20.263027 1.574662 0.154623
 6762.000000 20.296444 1.572244 0.118139
 6765.000000 20.358832 1.538100 0.073909
 6768.000000 20.390021 1.539412 0.124638
 6771.000000 20.403546 1.574459 0.128536
 6774.000000 20.394313 1.550001 0.132792
 6777.000000 20.445846 1.553543 0.185386
 6780.000000 20.398700 1.547560 0.208019
 6783.000000 20.361134 1.563230 0.237563
 6786.000000 20.364770 1.566280 0.177718
 6789.000000 20.321692 1.550979 0.168337
 6792.000000 20.351941 1.575203 0.146077
 6795.000000 20.384333 1.597101 0.191236
 6798.000000 20.296427 1.608432 0.202753
 6801.000000 20.371917 1.582234 0.146435
 6804.000000 20.388816 1.602771 0.169399
 6807.000000 20.476941 1.606212 0.153916
 6810.000000 20.436292 1.588914 0.146171
 6813.000000 20.407973 1.608112 0.180111
 6816.000000 20.427610 1.603644 0.166017
 6819.000000 20.467411 1.609021 0.170516
 6822.000000 20.472566 1.618494 0.223734
 6825.000000 20.386608 1.595853 0.187610
 6828.000000 20.478451 1.599896 0.204654
 6831.000000 20.506579 1.601506 0.194520
 6834.000000 20.456461 1.608682 0.206286
 6837.000000 20.478768 1.603949 0.204837
 6840.000000 20.589132 1.555041 0.176290
 6843.000000 20.553682 1.567622 0.176790
 6846.000000 20.503401 1.575738 0.152145
 6849.000000 20.531905 1.583901 0.154858
 6852.000000 20.532820 1.602502 0.144038
 6855.000000 20.520457 1.597115 0.155504
 6858.000000 20.591711 1.591483 0.163098
 6861.000000 20.593561 1.593595 0.149148
 6864.000000 20.467307 1.581163 0.139776
 6867.000000 20.451075 1.591615 0.144203
 6870.000000 20.481858 1.610399 0.171832
 6873.000000 20.491002 1.593457 0.149826
 6876.000000 20.597411 1.594436 0.176770
 6879.000000 20.619457 1.596116 0.141100
 6882.000000 20.562696 1.633965 0.139870
 6885.000000 20.665075 1.602077 0.150721
 6888.000000 20.650537 1.601392 0.121658
 6891.000000 20.634347 1.603035 0.144393
 6894.000000 20.619784 1.633211 0.155616
 6897.000000 20.625419 1.668308 0.198179
 6900.000000 20.596809 1.644786 0.190523
 6903.000000 20.610101 1.631071 0.131749
 6906.000000 20.615890 1.613439 0.150456
 6909.000000 20.616311 1.632971 0.136207
 6912.000000 20.592870 1.632647 0.170951
 6915.000000 20.514713 1.629802 0.189047
 6918.000000 20.489463 1.637975 0.182972
 6921.000000 20.582081 1.646361 0.128075
 6924.000000 20.522569 1.653901 0.083834
 6927.000000 20.541678 1.632194 0.127688
 6930.000000 20.493640 1.652422 0.098897
 6933.000000 20.536842 1.620795 0.074826
 6936.000000 20.533156 1.627088 0.060992
 6939.000000 20.457906 1.633081 0.065680
 6942.000000 20.445053 1.632861 0.090767
 6945.000000 20.529339 1.668448 0.070610
 6948.000000 20.503609 1.694171 0.090045
 6951.000000 20.527778 1.723244 0.127497
 6954.000000 20.521408 1.699886 0.081206
 6957.000000 20.561281 1.695294 0.126859
 6960.000000 20.571078 1.639331 0.120829
 6963.000000 20.468197 1.662667 0.143588
 6966.000000 20.522334 1.680040 0.167192
 6969.000000 20.443060 1.661305 0.115585
 6972.000000 20.421053 1.660076 0.112241
 6975.000000 20.441139 1.643584 0.120525
 6978.000000 20.403349 1.639690 0.120774
 6981.000000 20.355588 1.643021 0.152681
 6984.000000 20.376850 1.624490 0.165230
 6987.000000 20.420858 1.625156 0.178416
 6990.000000 20.368390 1.646042 0.180279
 6993.000000 20.345548 1.606832 0.159402
 6996.000000 20.449965 1.617026 0.188080
 6999.000000 20.401084 1.627355 0.164627
 7002.000000 20.439085 1.611626 0.159829
 7005.000000 20.543075 1.604022 0.140131
 7008.000000 20.611711 1.609565 0.179349
 7011.000000 20.593040 1.598153 0.144404
 7014.000000 20.508906 1.588692 0.141327
 7017.000000 20.503116 1.569972 0.130116
 7020.000000 20.426379 1.577148 0.141188
 7023.000000 20.422579 1.579752 0.114592
 7026.000000 20.529027 1.569923 0.130018
 7029.000000 20.494350 1.598251 0.123099
 7032.000000 20.407302 1.572785 0.100568
 7035.000000 20.452628 1.613569 0.091982
 7038.000000 20.495225 1.586150 0.116849
 7041.000000 20.534731 1.601449 0.125134
 7044.000000 20.484514 1.631692 0.158898
 7047.000000 20.536800 1.635277 0.158463
 7050.000000 20.474010 1.644532 0.137506
 7053.000000 20.496610 1.650864 0.133517
 7056.000000 20.451345 1.617150 0.124237
 7059.000000 20.456657 1.602530 0.129583
 7062.000000 20.473408 1.623556 0.155858
 7065.000000 20.463559 1.593939 0.106869
 7068.000000 20.418800 1.602561 0.115902
 7071.000000 20.521069 1.637528 0.126601
 7074.000000 20.411342 1.615355 0.106777
 7077.000000 20.447205 1.625366 0.125155
 7080.000000 20.451962 1.619222 0.104572
 7083.000000 20.469102 1.616482 0.120569
 7086.000000 20.424995 1.618511 0.102939
 7089.000000 20.444800 1.581600 0.051748
 7092.000000 20.398249 1.580552 0.056308
 7095.000000 20.500855 1.615202 0.090635
 7098.000000 20.481721 1.620325 0.123741
 7101.000000 20.555035 1.624915 0.163254
 7104.000000 20.555141 1.650549 0.172261
 7107.000000 20.570767 1.655331 0.150782
 7110.000000 20.568072 1.640814 0.129657
 7113.000000 20.622642 1.637721 0.141253
 7116.000000 20.609986 1.635815 0.140077
 7119.000000 20.637406 1.656180 0.128290
 7122.000000 20.665397 1.654022 0.181272
 7125.000000 20.621142 1.644178 0.168078
 7128.000000 20.709263 1.652670 0.191435
 7131.000000 20.608367 1.631587 0.200680
 7134.000000 20.570060 1.621618 0.147009
 7137.000000 20.592836 1.616756 0.137437
 7140.000000 20.595510 1.599939 0.134005
 7143.000000 20.538652 1.616059 0.151923
 7146.000000 20.556021 1.600150 0.118246
 7149.000000 20.619032 1.611640 0.128840
 7152.000000 20.630677 1.611725 0.155818
 7155.000000 20.657274 1.595182 0.136318
 7158.000000 20.684742 1.592610 0.131780
 7161.000000 20.674266 1.595401 0.152665
 7164.000000 20.603703 1.598941 0.142875
 7167.000000 20.635022 1.594618 0.147778
 7170.000000 20.650519 1.594840 0.135618
 7173.000000 20.667649 1.573702 0.099806
 7176.000000 20.628564 1.580499 0.117953
 7179.000000 20.705372 1.609423 0.196066
 7182.000000 20.671828 1.616384 0.173636
 7185.000000 20.624020 1.597719 0.150225
 7188.000000 20.662436 1.611474 0.129776
 7191.000000 20.664146 1.582783 0.079347
 7194.000000 20.649066 1.581481 0.086580
 7197.000000 20.674606 1.596361 0.074844
 7200.000000 20.575606 1.580555 0.165256
 7203.000000 20.594742 1.579219 0.165559
 7206.000000 20.558766 1.592148 0.199014
 7209.000000 20.555188 1.591866 0.174645
 7212.000000 20.505260 1.597982 0.172079
 7215.000000 20.477831 1.598981 0.158543
 7218.000000 20.454976 1.610284 0.151424
 7221.000000 20.519038 1.627506 0.202413
 7224.000000 20.533782 1.601334 0.158894
 7227.000000 20.490816 1.647314 0.163971
 7230.000000 20.528479 1.622539 0.113997
 7233.000000 20.551415 1.626388 0.120974
 7236.000000 20.588736 1.645029 0.148567
 7239.000000 20.523204 1.640637 0.148866
 7242.000000 20.575394 1.600554 0.126965
 7245.000000 20.605685 1.595917 0.123001
 7248.000000 20.590883 1.573126 0.109702
 7251.000000 20.596656 1.611761 0.147331
 7254.000000 20.538956 1.599994 0.120613
 7257.000000 20.489008 1.585603 0.131049
 7260.000000 20.537912 1.598789 0.166926
 7263.000000 20.472883 1.579625 0.158395
 7266.000000 20.514044 1.580870 0.164109
 7269.000000 20.478255 1.572732 0.131796
 7272.000000 20.502799 1.569873 0.127794
 7275.000000 20.518991 1.584030 0.145793
 7278.000000 20.511635 1.597232 0.159987
 7281.000000 20.625154 1.615415 0.190226
 7284.000000 20.582678 1.608943 0.162069
 7287.000000 20.477508 1.573112 0.150486
 7290.000000 20.488661 1.559203 0.110671
 7293.000000 20.425076 1.563943 0.137351
 7296.000000 20.458515 1.548619 0.096146
 7299.000000 20.382202 1.566897 0.129131
 7302.000000 20.361132 1.578697 0.106584
 7305.000000 20.463761 1.577600 0.098451
 7308.000000 20.490503 1.559326 0.067682
 7311.000000 20.511857 1.560682 0.101852
 7314.000000 20.536761 1.552065 0.087075
 7317.000000 20.531151 1.535544 0.045980
 7320.000000 20.568816 1.536124 0.094426
 7323.000000 20.604961 1.567330 0.133898
 7326.000000 20.577361 1.554841 0.167301
 7329.000000 20.570753 1.553306 0.141023
 7332.000000 20.459639 1.548662 0.135283
 7335.000000 20.490778 1.539840 0.154644
 7338.000000 20.495948 1.526107 0.099235
 7341.000000 20.455839 1.539915 0.132772
 7344.000000 20.478996 1.556412 0.140192
 7347.000000 20.536179 1.563772 0.141596
 7350.000000 20.524949 1.554728 0.156908
 7353.000000 20.493844 1.528039 0.126685
 7356.000000 20.570239 1.510284 0.101770
 7359.000000 20.529613 1.541707 0.114927
 7362.000000 20.537435 1.541564 0.146253
 7365.000000 20.541553 1.571006 0.164262
 7368.000000 20.537077 1.563359 0.146630
 7371.000000 20.481636 1.575604 0.126415
 7374.000000 20.395332 1.578800 0.141571
 7377.000000 20.422395 1.581914 0.132200
 7380.000000 20.462789 1.560146 0.134704
 7383.000000 20.469237 1.542466 0.138552
 7386.000000 20.505702 1.567946 0.147912
 7389.000000 20.537632 1.553106 0.097939
 7392.000000 20.539615 1.549358 0.130290
 7395.000000 20.554802 1.543619 0.113096
 7398.000000 20.526776 1.549242 0.114259
 7401.000000 20.539512 1.531480 0.108310
 7404.000000 20.517514 1.555748 0.099931
 7407.000000 20.450061 1.577824 0.123822
 7410.000000 20.406856 1.582442 0.099714
 7413.000000 20.418515 1.595155 0.132169
 7416.000000 20.419070 1.592018 0.152115
 7419.000000 20.467121 1.581770 0.105928
 7422.000000 20.464331 1.579290 0.102244
 7425.000000 20.441746 1.573737 0.116476
 7428.000000 20.420974 1.580461 0.125497
 7431.000000 20.450112 1.582235 0.154252
 7434.000000 20.441421 1.564224 0.128360
 7437.000000 20.436437 1.550740 0.104645
 7440.000000 20.461481 1.542129 0.112814
 7443.000000 20.455913 1.560737 0.152213
 7446.000000 20.404594 1.520146 0.113031
 7449.000000 20.367314 1.535274 0.135058
 7452.000000 20.372427 1.523326 0.142901
 7455.000000 20.445193 1.527705 0.147879
 7458.000000 20.308995 1.520259 0.125369
 7461.000000 20.327888 1.534673 0.164022
 7464.000000 20.243168 1.531219 0.172487
 7467.000000 20.281615 1.533025 0.153043
 7470.000000 20.299555 1.523414 0.162745
 7473.000000 20.380017 1.530746 0.162797
 7476.000000 20.407244 1.555901 0.197568
 7479.000000 20.406403 1.552336 0.170479
 7482.000000 20.333314 1.574587 0.198164
 7485.000000 20.354946 1.555224 0.134251
 7488.000000 20.359162 1.571713 0.147919
 7491.000000 20.337613 1.574513 0.148307
 7494.000000 20.285826 1.556999 0.167385
 7497.000000 20.341385 1.532623 0.158851
 7500.000000 20.281095 1.519248 0.159810
 7503.000000 20.255295 1.559721 0.180861
 7506.000000 20.302864 1.565647 0.205471
 7509.000000 20.326648 1.521686 0.158800
 7512.000000 20.323243 1.529051 0.176462
 7515.000000 20.339830 1.527086 0.146799
 7518.000000 20.380793 1.526571 0.145705
 7521.000000 20.404675 1.516048 0.145139
 7524.000000 20.366942 1.515488 0.119013
 7527.000000 20.412223 1.518880 0.130395
 7530.000000 20.420425 1.535896 0.137633
 7533.000000 20.444727 1.537330 0.134557
 7536.000000 20.438168 1.552273 0.169490
 7539.000000 20.513811 1.568160 0.168052
 7542.000000 20.574789 1.564326 0.143318
 7545.000000 20.554534 1.549714 0.144288
 7548.000000 20.524481 1.522200 0.157930
 7551.000000 20.547936 1.531048 0.168742
 7554.000000 20.545676 1.536162 0.164565
 7557.000000 20.534916 1.524673 0.152637
 7560.000000 20.447860 1.547542 0.173695
 7563.000000 20.363008 1.535724 0.140020
 7566.000000 20.359251 1.530978 0.138476
 7569.000000 20.322901 1.520671 0.154117
 7572.000000 20.366227 1.536300 0.156126
 7575.000000 20.326704 1.525004 0.163947
 7578.000000 20.330137 1.510886 0.136905
 7581.000000 20.284875 1.565611 0.183568
 7584.000000 20.304640 1.553611 0.154423
 7587.000000 20.199227 1.564411 0.177249
 7590.000000 20.281534 1.590379 0.201882
 7593.000000 20.255713 1.565618 0.152612
 7596.000000 20.273318 1.570328 0.171250
 7599.000000 20.289788 1.556194 0.158462
 7602.000000 20.275628 1.586501 0.186134
 7605.000000 20.290494 1.579190 0.165757
 7608.000000 20.286479 1.578279 0.187940
 7611.000000 20.295784 1.581144 0.193870
 7614.000000 20.365692 1.551192 0.153443
 7617.000000 20.386567 1.571522 0.151440
 7620.000000 20.423025 1.595027 0.216169
 7623.000000 20.468532 1.590830 0.198772
 7626.000000 20.440361 1.553735 0.173122
 7629.000000 20.452252 1.588955 0.162177
 7632.000000 20.425181 1.556826 0.120115
 7635.000000 20.439427 1.582879 0.164034
 7638.000000 20.424941 1.604426 0.174122
 7641.000000 20.383728 1.597195 0.192148
 7644.000000 20.466290 1.588563 0.181592
 7647.000000 20.519612 1.576110 0.175396
 7650.000000 20.453540 1.589107 0.199421
 7653.000000 20.399315 1.586271 0.187468
 7656.000000 20.418124 1.559944 0.183883
 7659.000000 20.390504 1.561799 0.171705
 7662.000000 20.343980 1.552837 0.144096
 7665.000000 20.331255 1.582483 0.166452
 7668.000000 20.342018 1.543313 0.121468
 7671.000000 20.369981 1.562113 0.136374
 7674.000000 20.279542 1.562093 0.136821
 7677.000000 20.298094 1.569411 0.127584
 7680.000000 20.266520 1.543031 0.125040
 7683.000000 20.254440 1.555686 0.117308
 7686.000000 20.268024 1.524265 0.151603
 7689.000000 20.270923 1.505762 0.120381
 7692.000000 20.235208 1.521222 0.158019
 7695.000000 20.280997 1.528235 0.138145
 7698.000000 20.312806 1.542851 0.176502
 7701.000000 20.404911 1.552617 0.188741
 7704.000000 20.275760 1.556348 0.210667
 7707.000000 20.308080 1.528630 0.152169
 7710.000000 20.304510 1.528304 0.150207
 7713.000000 20.267240 1.544065 0.163283
 7716.000000 20.315525 1.507501 0.146088
 7719.000000 20.283273 1.512001 0.121952
 7722.000000 20.343069 1.524495 0.161082
 7725.000000 20.329873 1.533841 0.140924
 7728.000000 20.306123 1.533333 0.167756
 7731.000000 20.280826 1.543382 0.200145
 7734.000000 20.370678 1.517911 0.158343
 7737.000000 20.317127 1.519858 0.166163
 7740.000000 20.339013 1.504387 0.161193
 7743.000000 20.355954 1.522932 0.126002
 7746.000000 20.449549 1.489482 0.133046
 7749.000000 20.523122 1.494050 0.145890
 7752.000000 20.428143 1.493343 0.092000
 7755.000000 20.413546 1.501723 0.090360
 7758.000000 20.394406 1.518153 0.145062
 7761.000000 20.473533 1.507866 0.144397
 7764.000000 20.463658 1.537438 0.159997
 7767.000000 20.505731 1.540114 0.182487
 7770.000000 20.534020 1.536599 0.158747
 7773.000000 20.416745 1.544030 0.135665
 7776.000000 20.424184 1.550473 0.140656
 7779.000000 20.327889 1.558148 0.164922
 7782.000000 20.359578 1.549925 0.139158
 7785.000000 20.384100 1.558431 0.142867
 7788.000000 20.329787 1.556985 0.132132
 7791.000000 20.341087 1.550702 0.137131
 7794.000000 20.337483 1.541490 0.163764
 7797.000000 20.306134 1.570647 0.152664
 7800.000000 20.317305 1.524592 0.155218
 7803.000000 20.311062 1.550907 0.155729
 7806.000000 20.289807 1.537421 0.164309
 7809.000000 20.379334 1.526291 0.170659
 7812.000000 20.296531 1.530587 0.167364
 7815.000000 20.240275 1.548170 0.143639
 7818.000000 20.270115 1.540821 0.148612
 7821.000000 20.358752 1.514933 0.125348
 7824.000000 20.360936 1.491868 0.094442
 7827.000000 20.320727 1.501533 0.145656
 7830.000000 20.331337 1.498564 0.139678
 7833.000000 20.275212 1.543669 0.150363
 7836.000000 20.332744 1.532726 0.134857
 7839.000000 20.394815 1.503712 0.146714
 7842.000000 20.402394 1.513164 0.136264
 7845.000000 20.407351 1.529202 0.166438
 7848.000000 20.340732 1.521613 0.122405
 7851.000000 20.407003 1.522512 0.129830
 7854.000000 20.472103 1.513884 0.131046
 7857.000000 20.442109 1.495523 0.091722
 7860.000000 20.402677 1.515197 0.123003
 7863.000000 20.378359 1.522156 0.134184
 7866.000000 20.421005 1.532065 0.158984
 7869.000000 20.373623 1.542544 0.131762
 7872.000000 20.372261 1.538822 0.130385
 7875.000000 20.409310 1.524413 0.157821
 7878.000000 20.394981 1.547917 0.136928
 7881.000000 20.417949 1.550562 0.159781
 7884.000000 20.398161 1.549467 0.136941
 7887.000000 20.422017 1.554653 0.147927
 7890.000000 20.440605 1.575849 0.179919
 7893.000000 20.451361 1.559127 0.143485
 7896.000000 20.502768 1.558497 0.121970
 7899.000000 20.471528 1.551746 0.125086
 7902.000000 20.459116 1.556486 0.122809
 7905.000000 20.500378 1.561853 0.115876
 7908.000000 20.536699 1.560000 0.124440
 7911.000000 20.418089 1.528652 0.101600
 7914.000000 20.449444 1.559484 0.120630
 7917.000000 20.426820 1.552063 0.070800
 7920.000000 20.404500 1.569371 0.103398
 7923.000000 20.528107 1.559088 0.097417
 7926.000000 20.470446 1.568328 0.076664
 7929.000000 20.495160 1.595031 0.104841
 7932.000000 20.548954 1.562843 0.093169
 7935.000000 20.510083 1.556690 0.106761
 7938.000000 20.499624 1.556032 0.106178
 7941.000000 20.534059 1.537549 0.116626
 7944.000000 20.455970 1.538393 0.112191
 7947.000000 20.442338 1.564602 0.108418
 7950.000000 20.406964 1.560198 0.129031
 7953.000000 20.402860 1.551964 0.135475
 7956.000000 20.526076 1.531306 0.116808
 7959.000000 20.480244 1.565309 0.121722
 7962.000000 20.391954 1.575602 0.124491
 7965.000000 20.473424 1.600206 0.171770
 7968.000000 20.508804 1.618432 0.149391
 7971.000000 20.424644 1.607143 0.156972
 7974.000000 20.435927 1.576726 0.081329
 7977.000000 20.532841 1.565473 0.073866
 7980.000000 20.503802 1.573623 0.098516
 7983.000000 20.548635 1.548071 0.093759
 7986.000000 20.488394 1.585707 0.121484
 7989.000000 20.508134 1.566128 0.131001
 7992.000000 20.460302 1.546294 0.136203
 7995.000000 20.588553 1.568323 0.162687
 7998.000000 20.578652 1.552742 0.143731
 8001.000000 20.675013 1.582451 0.150667
 8004.000000 20.691907 1.561486 0.137478
 8007.000000 20.693402 1.565871 0.131906
 8010.000000 20.738777 1.583403 0.137322
 8013.000000 20.733909 1.564820 0.094851
 8016.000000 20.736436 1.558763 0.117509
 8019.000000 20.771646 1.565506 0.130486
 8022.000000 20.675499 1.585207 0.154856
 8025.000000 20.728209 1.572671 0.148970
 8028.000000 20.710676 1.561739 0.131277
 8031.000000 20.663472 1.555039 0.131913
 8034.000000 20.596356 1.544654 0.107038
 8037.000000 20.670014 1.562109 0.116059
 8040.000000 20.619452 1.539609 0.081568
 8043.000000 20.591339 1.555442 0.114182
 8046.000000 20.565145 1.570128 0.113808
 8049.000000 20.467153 1.577077 0.118699
 8052.000000 20.488740 1.583878 0.089080
 8055.000000 20.548287 1.590826 0.091047
 8058.000000 20.609305 1.573809 0.066501
 8061.000000 20.616631 1.564421 0.055361
 8064.000000 20.476902 1.582803 0.084937
 8067.000000 20.465406 1.578453 0.135745
 8070.000000 20.427840 1.587234 0.159546
 8073.000000 20.459903 1.551685 0.101034
 8076.000000 20.404924 1.558673 0.121878
 8079.000000 20.352235 1.550713 0.117774
 8082.000000 20.366304 1.552167 0.109210
 8085.000000 20.354950 1.549906 0.117264
 8088.000000 20.313001 1.554362 0.130134
 8091.000000 20.310299 1.545053 0.113978
 8094.000000 20.356446 1.559241 0.139279
 8097.000000 20.377237 1.569094 0.115749
 8100.000000 20.395335 1.550087 0.137498
 8103.000000 20.346796 1.569513 0.176407
 8106.000000 20.380485 1.563813 0.160732
 8109.000000 20.518421 1.564422 0.165711
 8112.000000 20.500520 1.575041 0.173560
 8115.000000 20.523297 1.571547 0.165084
 8118.000000 20.482539 1.579433 0.165288
 8121.000000 20.467895 1.583295 0.181577
 8124.000000 20.484799 1.594351 0.173979
 8127.000000 20.417062 1.591841 0.151138
 8130.000000 20.420070 1.582620 0.153965
 8133.000000 20.459192 1.583583 0.181665
 8136.000000 20.459114 1.586610 0.169200
 8139.000000 20.425661 1.584790 0.175616
 8142.000000 20.346341 1.577877 0.146141
 8145.000000 20.376605 1.548451 0.103730
 8148.000000 20.375853 1.579834 0.124764
 8151.000000 20.470573 1.608663 0.145497
 8154.000000 20.389271 1.581747 0.113931
 8157.000000 20.438870 1.572496 0.110160
 8160.000000 20.415447 1.564890 0.140526
 8163.000000 20.411211 1.564390 0.130305
 8166.000000 20.323506 1.573552 0.120248
 8169.000000 20.412022 1.555633 0.143959
 8172.000000 20.448505 1.569386 0.136757
 8175.000000 20.419012 1.590003 0.158879
 8178.000000 20.445492 1.591865 0.147888
 8181.000000 20.451831 1.575569 0.142460
 8184.000000 20.502823 1.582013 0.139549
 8187.000000 20.505940 1.585221 0.148761
 8190.000000 20.491418 1.583527 0.141019
 8193.000000 20.538014 1.599358 0.146584
 8196.000000 20.608960 1.599695 0.134554
 8199.000000 20.541579 1.584707 0.116699
 8202.000000 20.587465 1.568844 0.092471
 8205.000000 20.540582 1.573153 0.112130
 8208.000000 20.494700 1.570768 0.116760
 8211.000000 20.465874 1.554016 0.126008
 8214.000000 20.525613 1.562721 0.118531
 8217.000000 20.536225 1.549841 0.104887
 8220.000000 20.597645 1.564981 0.109421
 8223.000000 20.581614 1.551251 0.087575
 8226.000000 20.485507 1.535818 0.097103
 8229.000000 20.512094 1.586635 0.110957
 8232.000000 20.549240 1.560076 0.099368
 8235.000000 20.573069 1.567392 0.125154
 8238.000000 20.493499 1.586155 0.110728
 8241.000000 20.455484 1.582749 0.167001
 8244.000000 20.456926 1.596495 0.162400
 8247.000000 20.528030 1.600179 0.159461
 8250.000000 20.559325 1.614625 0.153790
 8253.000000 20.511236 1.615670 0.122134
 8256.000000 20.487016 1.613909 0.119476
 8259.000000 20.451419 1.620485 0.112962
 8262.000000 20.497702 1.604126 0.073906
 8265.000000 20.469597 1.639136 0.106440
 8268.000000 20.495873 1.610870 0.074688
 8271.000000 20.433513 1.613028 0.093883
 8274.000000 20.424246 1.596558 0.076417
 8277.000000 20.404178 1.620306 0.092177
 8280.000000 20.418779 1.641154 0.106212
 8283.000000 20.487466 1.612552 0.103302
 8286.000000 20.497615 1.596456 0.087557
 8289.000000 20.495664 1.616948 0.127252
 8292.000000 20.549703 1.615170 0.119834
 8295.000000 20.581734 1.610044 0.111760
 8298.000000 20.576374 1.605349 0.095909
 8301.000000 20.514309 1.622723 0.142678
 8304.000000 20.402422 1.602254 0.121027
 8307.000000 20.450723 1.588598 0.107755
 8310.000000 20.425569 1.590989 0.152900
 8313.000000 20.409695 1.569758 0.114759
 8316.000000 20.428986 1.583382 0.136387
 8319.000000 20.379964 1.568826 0.147746
 8322.000000 20.426354 1.603212 0.143561
 8325.000000 20.446834 1.601012 0.142955
 8328.000000 20.384778 1.585104 0.147557
 8331.000000 20.380478 1.589569 0.162867
 8334.000000 20.343200 1.612497 0.145120
 8337.000000 20.385084 1.626872 0.108406
 8340.000000 20.404052 1.625717 0.120054
 8343.000000 20.385882 1.590983 0.105979
 8346.000000 20.413568 1.621652 0.089949
 8349.000000 20.419767 1.634057 0.121136
 8352.000000 20.445175 1.622483 0.111360
 8355.000000 20.424070 1.645693 0.174468
 8358.000000 20.393324 1.624154 0.127564
 8361.000000 20.465159 1.639645 0.188696
 8364.000000 20.522406 1.616585 0.177500
 8367.000000 20.381764 1.601748 0.139385
 8370.000000 20.440364 1.603665 0.131011
 8373.000000 20.483679 1.594440 0.163328
 8376.000000 20.507987 1.594525 0.110613
 8379.000000 20.539578 1.574371 0.099864
 8382.000000 20.549650 1.582820 0.106298
 8385.000000 20.538044 1.610747 0.161344
 8388.000000 20.557957 1.611480 0.132270
 8391.000000 20.517410 1.582596 0.113493
 8394.000000 20.580024 1.609063 0.110673
 8397.000000 20.663072 1.618232 0.157725
 8400.000000 20.678911 1.619062 0.140899
 8403.000000 20.636243 1.583242 0.097620
 8406.000000 20.544556 1.583386 0.105558
 8409.000000 20.583309 1.588810 0.111298
 8412.000000 20.570751 1.607842 0.134190
 8415.000000 20.574707 1.613952 0.151518
 8418.000000 20.586942 1.627413 0.163613
 8421.000000 20.475804 1.616007 0.127640
 8424.000000 20.562070 1.611773 0.100475
 8427.000000 20.530112 1.605475 0.096867
 8430.000000 20.546695 1.580857 0.101948
 8433.000000 20.497889 1.601969 0.128368
 8436.000000 20.517927 1.594635 0.123881
 8439.000000 20.483357 1.598523 0.147490
 8442.000000 20.459932 1.603444 0.159733
 8445.000000 20.516243 1.600167 0.128730
 8448.000000 20.477589 1.592652 0.136871
 8451.000000 20.514898 1.584482 0.117920
 8454.000000 20.540331 1.586652 0.127697
 8457.000000 20.516848 1.609825 0.162723
 8460.000000 20.542821 1.585990 0.142737
 8463.000000 20.451615 1.580746 0.161709
 8466.000000 20.412135 1.611078 0.177850
 8469.000000 20.425759 1.607566 0.175957
 8472.000000 20.417438 1.603573 0.163448
 8475.000000 20.356817 1.600493 0.160540
 8478.000000 20.397266 1.594674 0.195042
 8481.000000 20.371134 1.604713 0.205238
 8484.000000 20.425685 1.596618 0.193152
 8487.000000 20.469770 1.607150 0.159612
 8490.000000 20.479317 1.620220 0.161074
 8493.000000 20.510441 1.620193 0.152157
 8496.000000 20.470966 1.623353 0.171322
 8499.000000 20.430710 1.576217 0.130696
 8502.000000 20.374457 1.594320 0.146177
 8505.000000 20.424998 1.611949 0.169229
 8508.000000 20.490414 1.610990 0.173882
 8511.000000 20.474123 1.606209 0.180110
 8514.000000 20.506076 1.572170 0.162494
 8517.000000 20.451785 1.560319 0.170881
 8520.000000 20.375140 1.557487 0.206745
 8523.000000 20.367444 1.578954 0.180819
 8526.000000 20.402652 1.560248 0.143499
 8529.000000 20.555613 1.572695 0.115225
 8532.000000 20.567100 1.565076 0.145136
 8535.000000 20.615729 1.554817 0.167475
 8538.000000 20.565232 1.577412 0.187335
 8541.000000 20.530259 1.593458 0.183593
 8544.000000 20.508175 1.604332 0.167310
 8547.000000 20.528156 1.587365 0.146898
 8550.000000 20.513929 1.589152 0.152908
 8553.000000 20.508191 1.547886 0.109750
 8556.000000 20.500545 1.546233 0.121725
 8559.000000 20.506394 1.561088 0.112602
 8562.000000 20.487518 1.577101 0.147160
 8565.000000 20.597221 1.553662 0.130216
 8568.000000 20.500488 1.557954 0.137625
 8571.000000 20.510644 1.574838 0.151511
 8574.000000 20.564151 1.559170 0.182362
 8577.000000 20.540154 1.567967 0.149551
 8580.000000 20.559159 1.552193 0.155990
 8583.000000 20.558847 1.556740 0.167341
 8586.000000 20.614383 1.557298 0.196845
 8589.000000 20.527008 1.540381 0.174640
 8592.000000 20.543732 1.543212 0.179611
 8595.000000 20.493669 1.553097 0.162763
 8598.000000 20.532498 1.536715 0.124715
 8601.000000 20.493740 1.544886 0.175997
 8604.000000 20.471735 1.548050 0.156229
 8607.000000 20.501275 1.530267 0.154849
 8610.000000 20.554697 1.526339 0.157971
 8613.000000 20.559822 1.488833 0.126580
 8616.000000 20.483006 1.516561 0.157932
 8619.000000 20.415551 1.539989 0.133568
 8622.000000 20.396744 1.553182 0.135447
 8625.000000 20.310486 1.555116 0.178543
 8628.000000 20.291256 1.530418 0.164234
 8631.000000 20.271429 1.532298 0.171910
 8634.000000 20.318200 1.540626 0.182326
 8637.000000 20.347967 1.551755 0.204756
 8640.000000 20.414482 1.557681 0.177313
 8643.000000 20.388032 1.556136 0.162725
 8646.000000 20.377041 1.562080 0.156366
 8649.000000 20.410588 1.556335 0.200005
 8652.000000 20.418106 1.557672 0.230263
 8655.000000 20.405647 1.552678 0.179384
 8658.000000 20.358202 1.549607 0.210283
 8661.000000 20.402077 1.566438 0.167099
 8664.000000 20.337866 1.559797 0.195678
 8667.000000 20.402800 1.569475 0.174020
 8670.000000 20.362801 1.546335 0.140217
 8673.000000 20.340046 1.539803 0.139646
 8676.000000 20.423825 1.535091 0.133517
 8679.000000 20.470760 1.539639 0.130793
 8682.000000 20.350451 1.526546 0.124142
 8685.000000 20.408675 1.538935 0.102718
 8688.000000 20.424572 1.545270 0.129366
 8691.000000 20.388541 1.543973 0.117368
 8694.000000 20.397702 1.537624 0.148736
 8697.000000 20.515515 1.542561 0.157169
 8700.000000 20.407167 1.579321 0.173524
 8703.000000 20.439041 1.542750 0.153515
 8706.000000 20.421173 1.551672 0.114526
 8709.000000 20.443957 1.555558 0.108379
 8712.000000 20.444348 1.536324 0.119743
 8715.000000 20.537620 1.530227 0.101132
 8718.000000 20.498683 1.545677 0.108397
 8721.000000 20.531529 1.531629 0.079651
 8724.000000 20.529913 1.522956 0.086879
 8727.000000 20.458836 1.538954 0.164991
 8730.000000 20.494521 1.540816 0.126339
 8733.000000 20.500771 1.557621 0.130387
 8736.000000 20.417211 1.543171 0.108292
 8739.000000 20.359940 1.557453 0.125056
 8742.000000 20.375550 1.575866 0.132687
 8745.000000 20.301825 1.581591 0.138547
 8748.000000 20.326074 1.562010 0.122036
 8751.000000 20.329416 1.551512 0.111129
 8754.000000 20.325791 1.558961 0.121028
 8757.000000 20.411409 1.570981 0.151873
 8760.000000 20.387307 1.558736 0.137993
 8763.000000 20.506742 1.554332 0.127995
 8766.000000 20.501136 1.532973 0.156424
 8769.000000 20.539513 1.551773 0.170316
 8772.000000 20.616834 1.539830 0.162233
 8775.000000 20.533192 1.531653 0.132839
 8778.000000 20.584904 1.519763 0.165532
 8781.000000 20.622421 1.533154 0.191927
 8784.000000 20.562911 1.541124 0.195516
 8787.000000 20.615054 1.554648 0.190305
 8790.000000 20.652934 1.538986 0.189316
 8793.000000 20.594457 1.551222 0.180280
 8796.000000 20.572567 1.561420 0.154304
 8799.000000 20.509792 1.547144 0.152401
 8802.000000 20.540406 1.566648 0.170134
 8805.000000 20.476480 1.551256 0.159524
 8808.000000 20.442959 1.536256 0.160529
 8811.000000 20.488399 1.549696 0.175061
 8814.000000 20.505593 1.541604 0.162083
 8817.000000 20.559476 1.541511 0.140086
 8820.000000 20.496083 1.558492 0.145714
 8823.000000 20.548507 1.555837 0.157934
 8826.000000 20.606665 1.567334 0.162542
 8829.000000 20.516526 1.554436 0.131080
 8832.000000 20.510820 1.548211 0.153726
 8835.000000 20.474088 1.559541 0.155376
 8838.000000 20.453843 1.539634 0.141996
 8841.000000 20.519590 1.536511 0.144837
 8844.000000 20.525315 1.527552 0.143892
 8847.000000 20.487079 1.541512 0.134485
 8850.000000 20.495997 1.526556 0.071484
 8853.000000 20.553006 1.531138 0.079335
 8856.000000 20.534780 1.533344 0.079773
 8859.000000 20.571297 1.522884 0.106905
 8862.000000 20.477406 1.554104 0.084621
 8865.000000 20.463064 1.535483 0.057238
 8868.000000 20.471411 1.571069 0.111158
 8871.000000 20.448622 1.582077 0.107147
 8874.000000 20.387492 1.585587 0.139022
 8877.000000 20.448141 1.574367 0.107171
 8880.000000 20.488085 1.578337 0.116118
 8883.000000 20.481843 1.592971 0.154311
 8886.000000 20.511296 1.563924 0.130223
 8889.000000 20.555993 1.555108 0.136271
 8892.000000 20.571581 1.592139 0.139560
 8895.000000 20.457520 1.569792 0.122747
 8898.000000 20.460112 1.591567 0.148868
 8901.000000 20.445153 1.579040 0.153586
 8904.000000 20.409619 1.596952 0.183741
 8907.000000 20.397086 1.615411 0.202134
 8910.000000 20.409301 1.588448 0.165696
 8913.000000 20.374584 1.587718 0.149499
 8916.000000 20.317498 1.580727 0.153759
 8919.000000 20.404566 1.615974 0.169906
 8922.000000 20.427575 1.597859 0.165957
 8925.000000 20.459932 1.559590 0.134853
 8928.000000 20.473444 1.577044 0.138110
 8931.000000 20.498911 1.562128 0.143000
 8934.000000 20.504186 1.581688 0.158002
 8937.000000 20.499047 1.569006 0.160238
 8940.000000 20.385960 1.565582 0.171196
 8943.000000 20.462085 1.587707 0.158157
 8946.000000 20.398690 1.577074 0.134879
 8949.000000 20.391228 1.582006 0.159067
 8952.000000 20.302826 1.578334 0.161603
 8955.000000 20.357723 1.566616 0.158396
 8958.000000 20.299670 1.574058 0.213326
 8961.000000 20.295488 1.583468 0.192058
 8964.000000 20.298315 1.587378 0.223482
 8967.000000 20.314976 1.603366 0.222354
 8970.000000 20.290653 1.578854 0.178339
 8973.000000 20.217591 1.580022 0.173072
 8976.000000 20.234848 1.554793 0.157832
 8979.000000 20.295821 1.564285 0.171067
 8982.000000 20.306060 1.547055 0.184991
 8985.000000 20.358236 1.563901 0.182141
 8988.000000 20.346523 1.580376 0.197566
 8991.000000 20.358037 1.584278 0.196602
 8994.000000 20.355846 1.591834 0.190268
 8997.000000 20.305560 1.578387 0.199564
 9000.000000 20.337787 1.585726 0.222790
 9003.000000 20.274448 1.551190 0.187706
 9006.000000 20.221194 1.557464 0.211729
 9009.000000 20.265231 1.522628 0.166011
 9012.000000 20.201206 1.545780 0.202266
 9015.000000 20.222549 1.546728 0.194256
 9018.000000 20.185454 1.513129 0.127797
 9021.000000 20.212809 1.513883 0.164761
 9024.000000 20.187237 1.546653 0.170469
 9027.000000 20.213406 1.521442 0.155185
 9030.000000 20.195463 1.556859 0.145174
 9033.000000 20.232141 1.557415 0.177627
 9036.000000 20.321124 1.535940 0.159903
 9039.000000 20.311203 1.540256 0.177496
 9042.000000 20.330866 1.547870 0.198581
 9045.000000 20.261700 1.561226 0.192302
 9048.000000 20.262496 1.537673 0.194087
 9051.000000 20.302793 1.512488 0.175838
 9054.000000 20.267721 1.523676 0.198782
 9057.000000 20.396388 1.522178 0.207576
 9060.000000 20.437474 1.541640 0.186171
 9063.000000 20.311992 1.517009 0.153447
 9066.000000 20.303769 1.528933 0.171560
 9069.000000 20.368838 1.516214 0.189635
 9072.000000 20.383610 1.505405 0.175869
 9075.000000 20.417263 1.501655 0.157949
 9078.000000 20.370427 1.495739 0.138504
 9081.000000 20.423968 1.504633 0.149861
 9084.000000 20.415278 1.515145 0.161353
 9087.000000 20.290102 1.547695 0.169057
 9090.000000 20.241413 1.524766 0.176729
 9093.000000 20.232792 1.547249 0.155990
 9096.000000 20.240682 1.544614 0.117193
 9099.000000 20.293801 1.569716 0.152415
 9102.000000 20.367132 1.560166 0.149563
 9105.000000 20.419983 1.531727 0.133543
 9108.000000 20.472320 1.545781 0.186005
 9111.000000 20.462569 1.562047 0.150178
 9114.000000 20.458616 1.568652 0.152043
 9117.000000 20.533497 1.547950 0.148737
 9120.000000 20.554223 1.548423 0.177257
 9123.000000 20.527689 1.571452 0.173518
 9126.000000 20.478073 1.545025 0.194713
 9129.000000 20.388440 1.530165 0.157714
 9132.000000 20.509221 1.493469 0.102304
 9135.000000 20.506232 1.489439 0.123126
 9138.000000 20.605201 1.481040 0.113229
 9141.000000 20.596218 1.469579 0.128601
 9144.000000 20.545163 1.479956 0.131219
 9147.000000 20.585571 1.496498 0.146763
 9150.000000 20.522769 1.471776 0.123667
 9153.000000 20.575952 1.490882 0.150500
 9156.000000 20.504549 1.477852 0.126686
 9159.000000 20.564956 1.505687 0.112137
 9162.000000 20.531988 1.491922 0.149847
 9165.000000 20.575836 1.522771 0.168946
 9168.000000 20.515372 1.518756 0.179613
 9171.000000 20.449612 1.507658 0.159338
 9174.000000 20.525096 1.513809 0.143477
 9177.000000 20.457920 1.484791 0.124547
 9180.000000 20.531551 1.493931 0.163534
 9183.000000 20.488542 1.496447 0.179922
 9186.000000 20.457254 1.505631 0.168100
 9189.000000 20.536480 1.517595 0.170512
 9192.000000 20.459297 1.492696 0.134478
 9195.000000 20.475169 1.492297 0.131310
 9198.000000 20.506912 1.492083 0.147373
 9201.000000 20.556758 1.496408 0.155279
 9204.000000 20.632198 1.494522 0.160791
 9207.000000 20.646796 1.476988 0.167820
 9210.000000 20.649993 1.487169 0.190357
 9213.000000 20.591195 1.499728 0.181442
 9216.000000 20.506436 1.499982 0.167135
 9219.000000 20.536176 1.525069 0.180634
 9222.000000 20.522443 1.500701 0.158477
 9225.000000 20.390326 1.528630 0.178166
 9228.000000 20.278819 1.514105 0.147310
 9231.000000 20.376664 1.527158 0.173894
 9234.000000 20.393280 1.530940 0.170163
 9237.000000 20.484405 1.528543 0.139745
 9240.000000 20.518036 1.518626 0.161396
 9243.000000 20.495850 1.533180 0.165292
 9246.000000 20.536641 1.549271 0.214328
 9249.000000 20.606178 1.564133 0.219215
 9252.000000 20.584378 1.583812 0.190088
 9255.000000 20.614578 1.564074 0.154460
 9258.000000 20.539668 1.586442 0.173151
 9261.000000 20.525139 1.568255 0.136562
 9264.000000 20.481584 1.562107 0.143650
 9267.000000 20.446694 1.561970 0.147283
 9270.000000 20.356485 1.573222 0.139136
 9273.000000 20.383334 1.603905 0.203878
 9276.000000 20.342981 1.582198 0.154801
 9279.000000 20.289447 1.576390 0.140832
 9282.000000 20.344413 1.574437 0.145433
 9285.000000 20.436059 1.597047 0.179827
 9288.000000 20.397704 1.604521 0.186804
 9291.000000 20.447320 1.601999 0.206641
 9294.000000 20.262311 1.582158 0.200315
 9297.000000 20.309775 1.574301 0.180955
 9300.000000 20.327925 1.594826 0.193724
 9303.000000 20.375971 1.603153 0.190376
 9306.000000 20.297117 1.603054 0.170579
 9309.000000 20.261916 1.608312 0.182541
 9312.000000 20.274796 1.609199 0.163726
 9315.000000 20.301267 1.589772 0.155537
 9318.000000 20.329960 1.577135 0.135397
 9321.000000 20.368651 1.604686 0.171916
 9324.000000 20.406414 1.600882 0.174800
 9327.000000 20.461204 1.606350 0.181578
 9330.000000 20.423407 1.599840 0.169300
 9333.000000 20.373649 1.581688 0.172902
 9336.000000 20.499507 1.582091 0.140477
 9339.000000 20.520058 1.592720 0.186188
 9342.000000 20.509998 1.548608 0.126085
 9345.000000 20.556260 1.570371 0.149897
 9348.000000 20.557805 1.549289 0.127807
 9351.000000 20.598654 1.548183 0.121120
 9354.000000 20.485586 1.550287 0.135462
 9357.000000 20.498773 1.561221 0.162419
 9360.000000 20.559238 1.516884 0.127273
 9363.000000 20.500655 1.542093 0.146105
 9366.000000 20.534080 1.562377 0.160078
 9369.000000 20.488239 1.541387 0.132568
 9372.000000 20.295201 1.527269 0.090351
 9375.000000 20.303986 1.528828 0.134099
 9378.000000 20.318039 1.518866 0.132121
 9381.000000 20.393507 1.492084 0.151774
 9384.000000 20.357358 1.502841 0.168320
 9387.000000 20.389935 1.524405 0.151338
 9390.000000 20.332116 1.527249 0.152275
 9393.000000 20.353930 1.522194 0.153199
 9396.000000 20.418106 1.559639 0.159023
 9399.000000 20.481316 1.558541 0.160947
 9402.000000 20.583159 1.552904 0.189993
 9405.000000 20.542278 1.569114 0.199933
 9408.000000 20.466418 1.577429 0.209798
 9411.000000 20.435931 1.601619 0.222198
 9414.000000 20.471987 1.577327 0.184512
 9417.000000 20.484237 1.596114 0.201101
 9420.000000 20.504863 1.575230 0.184216
 9423.000000 20.472859 1.569633 0.163383
 9426.000000 20.477866 1.551512 0.172130
 9429.000000 20.523651 1.542756 0.157683
 9432.000000 20.508968 1.562234 0.171756
 9435.000000 20.572725 1.575689 0.159205
 9438.000000 20.540662 1.584351 0.171257
 9441.000000 20.549115 1.588483 0.185565
 9444.000000 20.576565 1.556779 0.169494
 9447.000000 20.454094 1.551395 0.189379
 9450.000000 20.460024 1.550578 0.187009
 9453.000000 20.420380 1.555671 0.199097
 9456.000000 20.390212 1.588743 0.207564
 9459.000000 20.472583 1.574247 0.235661
 9462.000000 20.543378 1.575846 0.254713
 9465.000000 20.579049 1.565943 0.197139
 9468.000000 20.537323 1.569571 0.207937
 9471.000000 20.634644 1.578912 0.190180
 9474.000000 20.580063 1.563152 0.184325
 9477.000000 20.517726 1.567236 0.178437
 9480.000000 20.511192 1.577198 0.194939
 9483.000000 20.530407 1.569189 0.179037
 9486.000000 20.525707 1.560460 0.169051
 9489.000000 20.473131 1.526528 0.111345
 9492.000000 20.474312 1.513303 0.104844
 9495.000000 20.474339 1.549360 0.158691
 9498.000000 20.437512 1.558317 0.181930
 9501.000000 20.393632 1.514513 0.128838
 9504.000000 20.417391 1.539673 0.181896
 9507.000000 20.440495 1.528915 0.185081
 9510.000000 20.521329 1.562881 0.201082
 9513.000000 20.558509 1.535140 0.199016
 9516.000000 20.473224 1.515926 0.178244
 9519.000000 20.493863 1.524380 0.205356
 9522.000000 20.540357 1.539928 0.204385
 9525.000000 20.541899 1.516577 0.192677
 9528.000000 20.493846 1.528587 0.200043
 9531.000000 20.539817 1.538781 0.191338
 9534.000000 20.568124 1.544162 0.192446
 9537.000000 20.520384 1.540036 0.175840
 9540.000000 20.534697 1.525545 0.151741
 9543.000000 20.505959 1.534046 0.166169
 9546.000000 20.458201 1.547503 0.167206
 9549.000000 20.485432 1.514097 0.165725
 9552.000000 20.451740 1.535355 0.157122
 9555.000000 20.492762 1.525188 0.172779
 9558.000000 20.442549 1.513526 0.183635
 9561.000000 20.356872 1.534125 0.156753
 9564.000000 20.437800 1.524806 0.128456
 9567.000000 20.397969 1.535013 0.150019
 9570.000000 20.452242 1.538666 0.116573
 9573.000000 20.486818 1.538457 0.127710
 9576.000000 20.483022 1.527232 0.148372
 9579.000000 20.346109 1.539725 0.129596
 9582.000000 20.359617 1.560452 0.112262
 9585.000000 20.394078 1.580966 0.123825
 9588.000000 20.403735 1.547568 0.126212
 9591.000000 20.431785 1.540776 0.130769
 9594.000000 20.384575 1.547364 0.135914
 9597.000000 20.441101 1.539064 0.170821
 9600.000000 20.407170 1.572793 0.151505
 9603.000000 20.498123 1.571637 0.164415
 9606.000000 20.461532 1.578469 0.147434
 9609.000000 20.438905 1.558644 0.139295
 9612.000000 20.395477 1.569051 0.140917
 9615.000000 20.495251 1.566791 0.139345
 9618.000000 20.383936 1.602321 0.168916
 9621.000000 20.364400 1.594337 0.168589
 9624.000000 20.452613 1.595428 0.160036
 9627.000000 20.409524 1.581435 0.167661
 9630.000000 20.492152 1.594617 0.167804
 9633.000000 20.520110 1.577500 0.131571
 9636.000000 20.542471 1.575273 0.151800
 9639.000000 20.550778 1.593165 0.143005
 9642.000000 20.475750 1.601654 0.158178
 9645.000000 20.507710 1.618227 0.173088
 9648.000000 20.534329 1.605689 0.168413
 9651.000000 20.482393 1.585891 0.175874
 9654.000000 20.440186 1.583287 0.150913
 9657.000000 20.479534 1.596990 0.206234
 9660.000000 20.429286 1.606582 0.180027
 9663.000000 20.503788 1.583213 0.163048
 9666.000000 20.514374 1.574075 0.107645
 9669.000000 20.488725 1.610464 0.130897
 9672.000000 20.551737 1.619690 0.151452
 9675.000000 20.547315 1.633913 0.168259
 9678.000000 20.601290 1.630227 0.170297
 9681.000000 20.571189 1.621664 0.172987
 9684.000000 20.542651 1.612901 0.149762
 9687.000000 20.505200 1.612065 0.165645
 9690.000000 20.507964 1.608221 0.164267
 9693.000000 20.529342 1.627378 0.200695
 9696.000000 20.583568 1.601477 0.166689
 9699.000000 20.537035 1.591752 0.143436
 9702.000000 20.521766 1.626458 0.165256
 9705.000000 20.453966 1.606397 0.146609
 9708.000000 20.442959 1.571240 0.131855
 9711.000000 20.513621 1.589834 0.159974
 9714.000000 20.544866 1.563599 0.135206
 9717.000000 20.499600 1.576201 0.155757
 9720.000000 20.496973 1.545572 0.131112
 9723.000000 20.487492 1.546744 0.124158
 9726.000000 20.426699 1.555497 0.154790
 9729.000000 20.464906 1.565254 0.173254
 9732.000000 20.525581 1.550824 0.139715
 9735.000000 20.502393 1.549092 0.167522
 9738.000000 20.593982 1.520692 0.144173
 9741.000000 20.455372 1.552208 0.169403
 9744.000000 20.524595 1.557044 0.164154
 9747.000000 20.500833 1.517725 0.132600
 9750.000000 20.543024 1.530612 0.144773
 9753.000000 20.431514 1.526876 0.150027
 9756.000000 20.414847 1.533025 0.147571
 9759.000000 20.468132 1.561796 0.161860
 9762.000000 20.499567 1.552400 0.146841
 9765.000000 20.543890 1.547771 0.154075
 9768.000000 20.507658 1.565067 0.158738
 9771.000000 20.491498 1.541133 0.141349
 9774.000000 20.558864 1.544543 0.121283
 9777.000000 20.442721 1.547590 0.120755
 9780.000000 20.510427 1.544157 0.108948
 9783.000000 20.463632 1.542230 0.145465
 9786.000000 20.359363 1.565541 0.143671
 9789.000000 20.393115 1.580935 0.153295
 9792.000000 20.420836 1.598303 0.166834
 9795.000000 20.432185 1.557142 0.126350
 9798.000000 20.426772 1.551312 0.115192
 9801.000000 20.422176 1.587274 0.190546
 9804.000000 20.536937 1.563715 0.176424
 9807.000000 20.551607 1.583878 0.166640
 9810.000000 20.491766 1.594243 0.162716
 9813.000000 20.488298 1.595370 0.163327
 9816.000000 20.453753 1.578860 0.180562
 9819.000000 20.540654 1.587997 0.178986
 9822.000000 20.534029 1.567343 0.173997
 9825.000000 20.538984 1.557215 0.205367
 9828.000000 20.467595 1.572444 0.219843
 9831.000000 20.482322 1.538069 0.170533
 9834.000000 20.530460 1.521763 0.141282
 9837.000000 20.443551 1.527084 0.131367
 9840.000000 20.544053 1.540037 0.152116
 9843.000000 20.465459 1.545945 0.174942
 9846.000000 20.440069 1.537034 0.150681
 9849.000000 20.483329 1.524943 0.125877
 9852.000000 20.541194 1.523487 0.104761
 9855.000000 20.452481 1.524454 0.138427
 9858.000000 20.399979 1.515234 0.116087
 9861.000000 20.387678 1.503799 0.104798
 9864.000000 20.559501 1.509813 0.119149
 9867.000000 20.480069 1.543433 0.113869
 9870.000000 20.361285 1.531564 0.097195
 9873.000000 20.405652 1.528859 0.093763
 9876.000000 20.450863 1.541051 0.095630
 9879.000000 20.434130 1.529794 0.082057
 9882.000000 20.461109 1.549290 0.104766
 9885.000000 20.467287 1.544371 0.114443
 9888.000000 20.456761 1.546562 0.142573
 9891.000000 20.401769 1.561491 0.143748
 9894.000000 20.478824 1.552616 0.112946
 9897.000000 20.520390 1.550892 0.136636
 9900.000000 20.546625 1.538834 0.137407
 9903.000000 20.479066 1.533626 0.151031
 9906.000000 20.488098 1.536782 0.143967
 9909.000000 20.455005 1.545051 0.141143
 9912.000000 20.473783 1.525416 0.138008
 9915.000000 20.464411 1.555130 0.135212
 9918.000000 20.478451 1.555094 0.111011
 9921.000000 20.512062 1.552792 0.106799
 9924.000000 20.466439 1.555918 0.103562
 9927.000000 20.453829 1.537956 0.119123
 9930.000000 20.353023 1.544719 0.103601
 9933.000000 20.337394 1.549677 0.148129
 9936.000000 20.410676 1.587262 0.190957
 9939.000000 20.402563 1.543407 0.115197
 9942.000000 20.377703 1.549877 0.107595
 9945.000000 20.427409 1.526127 0.107740
 9948.000000 20.462391 1.535687 0.083376
 9951.000000 20.463855 1.556479 0.098838
 9954.000000 20.401663 1.546379 0.104477
 9957.000000 20.444651 1.577900 0.111559
 9960.000000 20.412426 1.584100 0.089658
 9963.000000 20.409928 1.585283 0.094671
 9966.000000 20.379663 1.613923 0.099982
 9969.000000 20.321307 1.617817 0.108936
 9972.000000 20.261529 1.623470 0.112433
 9975.000000 20.370768 1.644188 0.116607
 9978.000000 20.429631 1.620730 0.097836
 9981.000000 20.488038 1.618951 0.130817
 9984.000000 20.481659 1.570759 0.088170
 9987.000000 20.404248 1.588360 0.107747
 9990.000000 20.290931 1.598737 0.103146
 9993.000000 20.402482 1.623810 0.125186
 9996.000000 20.396645 1.611301 0.136824
 9999.000000 20.360487 1.586266 0.142705
 10002.000000 20.328098 1.592932 0.165726
 10005.000000 20.257418 1.584313 0.163500
 10008.000000 20.245894 1.577018 0.124836
 10011.000000 20.213165 1.545755 0.141005
 10014.000000 20.225302 1.549022 0.139951
 10017.000000 20.228331 1.543946 0.150181
 10020.000000 20.231072 1.547251 0.147597
 10023.000000 20.186487 1.542343 0.151100
 10026.000000 20.225291 1.556955 0.162675
 10029.000000 20.235401 1.532143 0.145531
 10032.000000 20.258650 1.534206 0.176892
 10035.000000 20.222790 1.536965 0.159568
 10038.000000 20.173499 1.546892 0.174513
 10041.000000 20.289365 1.544137 0.180242
 10044.000000 20.434192 1.576147 0.200910
 10047.000000 20.397412 1.533058 0.172329
 10050.000000 20.428863 1.578096 0.227493
 10053.000000 20.401043 1.574792 0.196574
 10056.000000 20.492122 1.565686 0.222728
 10059.000000 20.447794 1.572297 0.179881
 10062.000000 20.505165 1.568908 0.179559
 10065.000000 20.455182 1.505041 0.137942
 10068.000000 20.491106 1.518356 0.155674
 10071.000000 20.502122 1.522416 0.175418
 10074.000000 20.557972 1.525477 0.150210
 10077.000000 20.583030 1.546298 0.180926
 10080.000000 20.537116 1.525565 0.129722
 10083.000000 20.494530 1.527143 0.138509
 10086.000000 20.506812 1.559748 0.147407
 10089.000000 20.500152 1.561849 0.140728
 10092.000000 20.433628 1.579770 0.146826
 10095.000000 20.431437 1.586691 0.141555
 10098.000000 20.471757 1.590615 0.124915
 10101.000000 20.507066 1.562355 0.099097
 10104.000000 20.438763 1.554470 0.074977
 10107.000000 20.462322 1.601906 0.135423
 10110.000000 20.394553 1.612739 0.153846
 10113.000000 20.419088 1.609242 0.134717
 10116.000000 20.468739 1.628428 0.170080
 10119.000000 20.547539 1.617360 0.166240
 10122.000000 20.569211 1.616141 0.153477
 10125.000000 20.626870 1.623562 0.134182
 10128.000000 20.556609 1.615130 0.134676
 10131.000000 20.458431 1.604011 0.104812
 10134.000000 20.464860 1.596137 0.130155
 10137.000000 20.548432 1.602574 0.132888
 10140.000000 20.481235 1.570561 0.101879
 10143.000000 20.568850 1.602102 0.142309
 10146.000000 20.553959 1.590464 0.142806
 10149.000000 20.530809 1.608173 0.163318
 10152.000000 20.513975 1.609010 0.147874
 10155.000000 20.415412 1.606540 0.179252
 10158.000000 20.434918 1.599460 0.158274
 10161.000000 20.470673 1.601129 0.171766
 10164.000000 20.413077 1.595321 0.195820
 10167.000000 20.373349 1.575637 0.202181
 10170.000000 20.540615 1.560934 0.158613
 10173.000000 20.531030 1.569154 0.164546
 10176.000000 20.570075 1.563866 0.171943
 10179.000000 20.562985 1.568336 0.126812
 10182.000000 20.595092 1.550117 0.128821
 10185.000000 20.627133 1.545673 0.152284
 10188.000000 20.647842 1.574067 0.171500
 10191.000000 20.557693 1.571740 0.166373
 10194.000000 20.575554 1.561062 0.188606
 10197.000000 20.658607 1.564531 0.179699
 10200.000000 20.608398 1.561205 0.181488
 10203.000000 20.558872 1.584354 0.161547
 10206.000000 20.581316 1.598316 0.201595
 10209.000000 20.518310 1.583196 0.174848
 10212.000000 20.474679 1.592489 0.186607
 10215.000000 20.531998 1.582084 0.142806
 10218.000000 20.461122 1.605710 0.172165
 10221.000000 20.396034 1.597422 0.166323
 10224.000000 20.359523 1.589362 0.179760
 10227.000000 20.347463 1.584389 0.178592
 10230.000000 20.281539 1.577206 0.133131
 10233.000000 20.261151 1.553221 0.120593
 10236.000000 20.221568 1.556206 0.137080
 10239.000000 20.275999 1.526522 0.120928
 10242.000000 20.290940 1.545154 0.140339
 10245.000000 20.271589 1.540468 0.146384
 10248.000000 20.255185 1.554725 0.159345
 10251.000000 20.394276 1.559698 0.167966
 10254.000000 20.439313 1.545760 0.149543
 10257.000000 20.484418 1.541749 0.147342
 10260.000000 20.415352 1.551745 0.172334
 10263.000000 20.372915 1.541100 0.167725
 10266.000000 20.412155 1.549707 0.142494
 10269.000000 20.466990 1.554943 0.148219
 10272.000000 20.510075 1.577561 0.149618
 10275.000000 20.607524 1.562524 0.129638
 10278.000000 20.600383 1.547116 0.122587
 10281.000000 20.506249 1.515305 0.088768
 10284.000000 20.424078 1.501743 0.097158
 10287.000000 20.440078 1.511635 0.117483
 10290.000000 20.449084 1.531444 0.148352
 10293.000000 20.458681 1.538623 0.180444
 10296.000000 20.490790 1.526550 0.133988
 10299.000000 20.560645 1.534932 0.163262
 10302.000000 20.528460 1.541788 0.162267
 10305.000000 20.512310 1.534317 0.161000
 10308.000000 20.625157 1.523188 0.154624
 10311.000000 20.538432 1.525764 0.154604
 10314.000000 20.603450 1.554076 0.165718
 10317.000000 20.548758 1.554655 0.157486
 10320.000000 20.431474 1.510368 0.130796
 10323.000000 20.558911 1.537930 0.153604
 10326.000000 20.471496 1.527252 0.127977
 10329.000000 20.450398 1.521141 0.153062
 10332.000000 20.507743 1.504980 0.155926
 10335.000000 20.552994 1.532662 0.146383
 10338.000000 20.573276 1.511159 0.141861
 10341.000000 20.446201 1.535010 0.162587
 10344.000000 20.440748 1.553238 0.178866
 10347.000000 20.457611 1.552657 0.157500
 10350.000000 20.459576 1.560174 0.209946
 10353.000000 20.520834 1.584605 0.205129
 10356.000000 20.443656 1.571844 0.194037
 10359.000000 20.493588 1.547021 0.157035
 10362.000000 20.437176 1.575905 0.185541
 10365.000000 20.458809 1.576441 0.153554
 10368.000000 20.467513 1.579481 0.179254
 10371.000000 20.378167 1.557025 0.166855
 10374.000000 20.377594 1.558710 0.171998
 10377.000000 20.415072 1.547438 0.129386
 10380.000000 20.397093 1.573339 0.166010
 10383.000000 20.345912 1.570195 0.108316
 10386.000000 20.334041 1.558354 0.137848
 10389.000000 20.364512 1.570147 0.118467
 10392.000000 20.334479 1.546901 0.105999
 10395.000000 20.292546 1.548711 0.091088
 10398.000000 20.329294 1.585653 0.148159
 10401.000000 20.395391 1.547113 0.124082
 10404.000000 20.417585 1.556460 0.104016
 10407.000000 20.438463 1.542992 0.068363
 10410.000000 20.410960 1.539212 0.144456
 10413.000000 20.416938 1.548659 0.109217
 10416.000000 20.362766 1.540878 0.101628
 10419.000000 20.358567 1.546762 0.121738
 10422.000000 20.415268 1.538091 0.135775
 10425.000000 20.389985 1.569200 0.174740
 10428.000000 20.345871 1.549015 0.127709
 10431.000000 20.321286 1.536365 0.130704
 10434.000000 20.248901 1.543984 0.131599
 10437.000000 20.302516 1.543283 0.146128
 10440.000000 20.254639 1.530894 0.156364
 10443.000000 20.181139 1.523152 0.151735
 10446.000000 20.227173 1.519487 0.142185
 10449.000000 20.228920 1.531659 0.181097
 10452.000000 20.316519 1.532079 0.180094
 10455.000000 20.265081 1.532041 0.157409
 10458.000000 20.246003 1.559634 0.163947
 10461.000000 20.315312 1.516135 0.104358
 10464.000000 20.408332 1.548360 0.124395
 10467.000000 20.319184 1.564907 0.121018
 10470.000000 20.350274 1.538553 0.093492
 10473.000000 20.334457 1.541132 0.077767
 10476.000000 20.300319 1.522505 0.091421
 10479.000000 20.270787 1.530158 0.116923
 10482.000000 20.329967 1.528494 0.127976
 10485.000000 20.439066 1.516808 0.154786
 10488.000000 20.485053 1.518093 0.167976
 10491.000000 20.425894 1.531347 0.180126
 10494.000000 20.426632 1.529802 0.209629
 10497.000000 20.395871 1.525707 0.158556
 10500.000000 20.415830 1.529966 0.154542
 10503.000000 20.413812 1.539153 0.157458
 10506.000000 20.357312 1.519272 0.161261
 10509.000000 20.395691 1.519841 0.164783
 10512.000000 20.384262 1.530336 0.153779
 10515.000000 20.432227 1.525472 0.149536
 10518.000000 20.486676 1.548381 0.145460
 10521.000000 20.416616 1.535057 0.092784
 10524.000000 20.386695 1.537106 0.136773
 10527.000000 20.346903 1.535475 0.153146
 10530.000000 20.329122 1.533057 0.111919
 10533.000000 20.262383 1.535458 0.160438
 10536.000000 20.308672 1.544571 0.120436
 10539.000000 20.318843 1.561935 0.152256
 10542.000000 20.367770 1.519400 0.122073
 10545.000000 20.346438 1.544677 0.147431
 10548.000000 20.381356 1.521490 0.126769
 10551.000000 20.378040 1.547222 0.122857
 10554.000000 20.341156 1.516894 0.128363
 10557.000000 20.389950 1.530861 0.132344
 10560.000000 20.403667 1.521348 0.156473
 10563.000000 20.428405 1.503704 0.143283
 10566.000000 20.497845 1.515542 0.111412
 10569.000000 20.406099 1.523458 0.119053
 10572.000000 20.444930 1.478275 0.108341
 10575.000000 20.431657 1.489745 0.158187
 10578.000000 20.430945 1.501151 0.124067
 10581.000000 20.334018 1.532489 0.175273
 10584.000000 20.312001 1.536379 0.146003
 10587.000000 20.360581 1.560186 0.173436
 10590.000000 20.318130 1.534548 0.147430
 10593.000000 20.300178 1.552871 0.170906
 10596.000000 20.335485 1.527961 0.162530
 10599.000000 20.444614 1.531421 0.161184
 10602.000000 20.436346 1.564982 0.175503
 10605.000000 20.421904 1.567389 0.182289
 10608.000000 20.422108 1.587906 0.177147
 10611.000000 20.364859 1.572867 0.162164
 10614.000000 20.337152 1.556002 0.117823
 10617.000000 20.402396 1.538192 0.132227
 10620.000000 20.373422 1.564365 0.149564
 10623.000000 20.404448 1.595824 0.152351
 10626.000000 20.386367 1.566108 0.148006
 10629.000000 20.383483 1.571540 0.137314
 10632.000000 20.326894 1.616869 0.161278
 10635.000000 20.295709 1.599933 0.134009
 10638.000000 20.276271 1.630354 0.201236
 10641.000000 20.235997 1.621854 0.220057
 10644.000000 20.416337 1.583738 0.236851
 10647.000000 20.461473 1.544606 0.164464
 10650.000000 20.476791 1.563720 0.187984
 10653.000000 20.451981 1.587809 0.200664
 10656.000000 20.427719 1.574182 0.209870
 10659.000000 20.549322 1.566001 0.194703
 10662.000000 20.519742 1.547720 0.158500
 10665.000000 20.486154 1.547257 0.179659
 10668.000000 20.481805 1.540252 0.137533
 10671.000000 20.463021 1.548654 0.175403
 10674.000000 20.452850 1.573481 0.181240
 10677.000000 20.491936 1.567065 0.215890
 10680.000000 20.484000 1.521889 0.189556
 10683.000000 20.436286 1.527856 0.173855
 10686.000000 20.419584 1.523518 0.147403
 10689.000000 20.460213 1.543263 0.194608
 10692.000000 20.407083 1.546000 0.177194
 10695.000000 20.343535 1.556502 0.191720
 10698.000000 20.426486 1.554250 0.181086
 10701.000000 20.401101 1.558156 0.176634
 10704.000000 20.397729 1.574543 0.208938
 10707.000000 20.446000 1.553679 0.148009
 10710.000000 20.476561 1.573493 0.191804
 10713.000000 20.497825 1.566889 0.171547
 10716.000000 20.440120 1.581505 0.199829
 10719.000000 20.321744 1.577081 0.198089
 10722.000000 20.319374 1.569921 0.194271
 10725.000000 20.325251 1.561469 0.156866
 10728.000000 20.341549 1.572778 0.192079
 10731.000000 20.270917 1.569290 0.172573
 10734.000000 20.290232 1.557817 0.166765
 10737.000000 20.316892 1.564871 0.197665
 10740.000000 20.373656 1.569533 0.212580
 10743.000000 20.410938 1.540031 0.202375
 10746.000000 20.477509 1.534856 0.169698
 10749.000000 20.455273 1.521807 0.158072
 10752.000000 20.464050 1.516137 0.148381
 10755.000000 20.453584 1.540369 0.176244
 10758.000000 20.354583 1.539977 0.192719
 10761.000000 20.405640 1.537093 0.167594
 10764.000000 20.350191 1.505796 0.157601
 10767.000000 20.359938 1.511503 0.132851
 10770.000000 20.281897 1.533913 0.206173
 10773.000000 20.345147 1.529690 0.134781
 10776.000000 20.404187 1.533615 0.160687
 10779.000000 20.391677 1.532059 0.161566
 10782.000000 20.350968 1.507489 0.133147
 10785.000000 20.358475 1.528869 0.090781
 10788.000000 20.377105 1.521040 0.085809
 10791.000000 20.379915 1.556969 0.112231
 10794.000000 20.404549 1.543490 0.107462
 10797.000000 20.382637 1.540874 0.091151
 10800.000000 20.296650 1.542772 0.126560
 10803.000000 20.294590 1.519251 0.124884
 10806.000000 20.241804 1.545333 0.118842
 10809.000000 20.282593 1.552919 0.100963
 10812.000000 20.307190 1.565694 0.111287
 10815.000000 20.287924 1.533579 0.103113
 10818.000000 20.248080 1.545983 0.097997
 10821.000000 20.247356 1.533888 0.136045
 10824.000000 20.295036 1.561013 0.147670
 10827.000000 20.312856 1.529089 0.171738
 10830.000000 20.376749 1.558157 0.176439
 10833.000000 20.329614 1.559687 0.157155
 10836.000000 20.353502 1.557749 0.184236
 10839.000000 20.353157 1.545260 0.178157
 10842.000000 20.422657 1.559480 0.210741
 10845.000000 20.418029 1.511035 0.205293
 10848.000000 20.515325 1.528363 0.199723
 10851.000000 20.519226 1.532343 0.173735
 10854.000000 20.457354 1.555210 0.173307
 10857.000000 20.489228 1.552804 0.158846
 10860.000000 20.525836 1.567892 0.127008
 10863.000000 20.532481 1.527768 0.130616
 10866.000000 20.591552 1.546675 0.134834
 10869.000000 20.598772 1.550232 0.143010
 10872.000000 20.614754 1.585607 0.169147
 10875.000000 20.642554 1.538736 0.152489
 10878.000000 20.625557 1.522764 0.176419
 10881.000000 20.537287 1.547578 0.187982
 10884.000000 20.625749 1.547012 0.163499
 10887.000000 20.633219 1.532591 0.137153
 10890.000000 20.616330 1.549235 0.163640
 10893.000000 20.541000 1.539221 0.145406
 10896.000000 20.541296 1.567019 0.172849
 10899.000000 20.578303 1.532823 0.170380
 10902.000000 20.555364 1.531869 0.193829
 10905.000000 20.513247 1.539540 0.215722
 10908.000000 20.530236 1.538764 0.196979
 10911.000000 20.621245 1.525350 0.205542
 10914.000000 20.645230 1.497362 0.193321
 10917.000000 20.607940 1.501958 0.195638
 10920.000000 20.578294 1.495286 0.147419
 10923.000000 20.580167 1.513311 0.140875
 10926.000000 20.515559 1.518441 0.133167
 10929.000000 20.488863 1.531565 0.128331
 10932.000000 20.476166 1.522964 0.160031
 10935.000000 20.380367 1.505901 0.133341
 10938.000000 20.451457 1.509162 0.143391
 10941.000000 20.426009 1.510414 0.166593
 10944.000000 20.353451 1.527862 0.177457
 10947.000000 20.389648 1.547928 0.171727
 10950.000000 20.377422 1.525474 0.117523
 10953.000000 20.436592 1.504601 0.127214
 10956.000000 20.515452 1.522369 0.158230
 10959.000000 20.454943 1.514847 0.156773
 10962.000000 20.455844 1.529624 0.201358
 10965.000000 20.453136 1.527850 0.182258
 10968.000000 20.421331 1.536473 0.154753
 10971.000000 20.477111 1.530050 0.182991
 10974.000000 20.489563 1.519238 0.140249
 10977.000000 20.442563 1.518853 0.128702
 10980.000000 20.426534 1.518553 0.112842
 10983.000000 20.374548 1.521867 0.100545
 10986.000000 20.314034 1.542884 0.133213
 10989.000000 20.260779 1.559261 0.121765
 10992.000000 20.243082 1.559412 0.139496
 10995.000000 20.353771 1.559871 0.167350
 10998.000000 20.343508 1.537088 0.124746
 11001.000000 20.394879 1.552181 0.139809
 11004.000000 20.367509 1.526216 0.122376
 11007.000000 20.421583 1.523322 0.105752
 11010.000000 20.446347 1.522112 0.105292
 11013.000000 20.420422 1.533607 0.133579
 11016.000000 20.437317 1.497874 0.122945
 11019.000000 20.440017 1.483220 0.123860
 11022.000000 20.393293 1.509943 0.135164
 11025.000000 20.445901 1.519906 0.142576
 11028.000000 20.457202 1.544315 0.158225
 11031.000000 20.491912 1.504684 0.116374
 11034.000000 20.446686 1.501165 0.117557
 11037.000000 20.470641 1.484997 0.129213
 11040.000000 20.437117 1.477587 0.113198
 11043.000000 20.446685 1.506582 0.152988
 11046.000000 20.458789 1.481215 0.096099
 11049.000000 20.488548 1.505847 0.101411
 11052.000000 20.458015 1.507742 0.127054
 11055.000000 20.427659 1.508865 0.123824
 11058.000000 20.508193 1.502608 0.133848
 11061.000000 20.494059 1.523724 0.161296
 11064.000000 20.511101 1.515093 0.151658
 11067.000000 20.485820 1.536960 0.169445
 11070.000000 20.505287 1.534599 0.185665
 11073.000000 20.498498 1.539796 0.187538
 11076.000000 20.447651 1.537999 0.187730
 11079.000000 20.428774 1.559877 0.208671
 11082.000000 20.427722 1.538846 0.180727
 11085.000000 20.391541 1.556370 0.213674
 11088.000000 20.404792 1.527001 0.212436
 11091.000000 20.461557 1.527617 0.211619
 11094.000000 20.434972 1.543225 0.239332
 11097.000000 20.398889 1.522840 0.191805
 11100.000000 20.337510 1.558104 0.228425
 11103.000000 20.352753 1.527845 0.185248
 11106.000000 20.300967 1.517800 0.161891
 11109.000000 20.372644 1.532452 0.200005
 11112.000000 20.360377 1.510133 0.170472
 11115.000000 20.335931 1.524044 0.187861
 11118.000000 20.313106 1.536201 0.183354
 11121.000000 20.397793 1.541079 0.228989
 11124.000000 20.420405 1.532756 0.212954
 11127.000000 20.367819 1.513891 0.176454
 11130.000000 20.405581 1.520083 0.187012
 11133.000000 20.401823 1.483892 0.173674
 11136.000000 20.372803 1.521271 0.176365
 11139.000000 20.411783 1.519390 0.141276
 11142.000000 20.411053 1.530267 0.154893
 11145.000000 20.418417 1.536654 0.172705
 11148.000000 20.336894 1.549068 0.180047
 11151.000000 20.370582 1.568606 0.185536
 11154.000000 20.341512 1.545207 0.214802
 11157.000000 20.386974 1.560435 0.212434
 11160.000000 20.402198 1.534058 0.207222
 11163.000000 20.433930 1.511631 0.218914
 11166.000000 20.408864 1.539932 0.227878
 11169.000000 20.435576 1.521817 0.200219
 11172.000000 20.482603 1.499346 0.154978
 11175.000000 20.446480 1.522917 0.187777
 11178.000000 20.429482 1.530152 0.184635
 11181.000000 20.322129 1.524530 0.176694
 11184.000000 20.359815 1.530880 0.166471
 11187.000000 20.427262 1.518441 0.168522
 11190.000000 20.557532 1.538077 0.184437
 11193.000000 20.473972 1.536460 0.167459
 11196.000000 20.504268 1.561344 0.223433
 11199.000000 20.560497 1.574538 0.220048
 11202.000000 20.519733 1.569822 0.225250
 11205.000000 20.478168 1.538259 0.202105
 11208.000000 20.564261 1.533013 0.213418
 11211.000000 20.419535 1.536260 0.169119
 11214.000000 20.471748 1.552804 0.172120
 11217.000000 20.483497 1.529840 0.127973
 11220.000000 20.477948 1.529076 0.150641
 11223.000000 20.470691 1.520939 0.138919
 11226.000000 20.431675 1.530470 0.158286
 11229.000000 20.372509 1.538699 0.170186
 11232.000000 20.394416 1.551459 0.165124
 11235.000000 20.396258 1.573933 0.184284
 11238.000000 20.408974 1.552628 0.167025
 11241.000000 20.400530 1.548642 0.193377
 11244.000000 20.348014 1.547780 0.202705
 11247.000000 20.314779 1.562355 0.194260
 11250.000000 20.311303 1.573321 0.219649
 11253.000000 20.354197 1.548956 0.185016
 11256.000000 20.364539 1.582352 0.187406
 11259.000000 20.291883 1.545900 0.181427
 11262.000000 20.338254 1.546860 0.204809
 11265.000000 20.368047 1.540396 0.139571
 11268.000000 20.365993 1.529163 0.139635
 11271.000000 20.406860 1.556424 0.185704
 11274.000000 20.373112 1.555949 0.204520
 11277.000000 20.403078 1.527758 0.187260
 11280.000000 20.487686 1.558239 0.190901
 11283.000000 20.489140 1.535955 0.191924
 11286.000000 20.404858 1.541692 0.216981
 11289.000000 20.416992 1.536400 0.193800
 11292.000000 20.408237 1.553109 0.213854
 11295.000000 20.489997 1.539529 0.193817
 11298.000000 20.524256 1.532872 0.209733
 11301.000000 20.497725 1.525851 0.209066
 11304.000000 20.559915 1.515292 0.198393
 11307.000000 20.512961 1.538882 0.207428
 11310.000000 20.534198 1.541301 0.224076
 11313.000000 20.515405 1.511999 0.214629
 11316.000000 20.515083 1.494487 0.177416
 11319.000000 20.505539 1.510055 0.199822
 11322.000000 20.392923 1.527758 0.202033
 11325.000000 20.331701 1.515441 0.180932
 11328.000000 20.355468 1.545050 0.236220
 11331.000000 20.388955 1.564231 0.234834
 11334.000000 20.434915 1.553157 0.201756
 11337.000000 20.450225 1.557226 0.204182
 11340.000000 20.467736 1.556066 0.152842
 11343.000000 20.423343 1.548774 0.150749
 11346.000000 20.458584 1.533440 0.140991
 11349.000000 20.441300 1.546371 0.137226
 11352.000000 20.434654 1.522627 0.115637
 11355.000000 20.479318 1.532046 0.123901
 11358.000000 20.470915 1.549293 0.122035
 11361.000000 20.525129 1.554361 0.161966
 11364.000000 20.473411 1.557251 0.144352
 11367.000000 20.377847 1.548211 0.137416
 11370.000000 20.402747 1.583474 0.178346
 11373.000000 20.453898 1.542936 0.136620
 11376.000000 20.422947 1.544826 0.151857
 11379.000000 20.403811 1.548147 0.144279
 11382.000000 20.487245 1.567929 0.161447
 11385.000000 20.431782 1.566817 0.166764
 11388.000000 20.524654 1.576253 0.170333
 11391.000000 20.473322 1.570093 0.175234
 11394.000000 20.506025 1.582171 0.188130
 11397.000000 20.369787 1.569979 0.162832
 11400.000000 20.400535 1.565422 0.173826
 11403.000000 20.400133 1.565257 0.193594
 11406.000000 20.464783 1.539918 0.148746
 11409.000000 20.486657 1.544769 0.144455
 11412.000000 20.524233 1.574247 0.173375
 11415.000000 20.430143 1.571545 0.179691
 11418.000000 20.366594 1.548813 0.156956
 11421.000000 20.376478 1.546200 0.117822
 11424.000000 20.371961 1.538208 0.136118
 11427.000000 20.365697 1.543727 0.120833
 11430.000000 20.287928 1.538967 0.126195
 11433.000000 20.386673 1.550403 0.113550
 11436.000000 20.355749 1.547632 0.111532
 11439.000000 20.390674 1.567762 0.146809
 11442.000000 20.353665 1.548366 0.140008
 11445.000000 20.328748 1.569536 0.159710
 11448.000000 20.417783 1.576662 0.148497
 11451.000000 20.366585 1.577497 0.190710
 11454.000000 20.394338 1.561765 0.165605
 11457.000000 20.473154 1.592402 0.217883
 11460.000000 20.480090 1.571183 0.204088
 11463.000000 20.427959 1.565145 0.213929
 11466.000000 20.512351 1.548608 0.193533
 11469.000000 20.502740 1.557013 0.187903
 11472.000000 20.491063 1.568195 0.204872
 11475.000000 20.396267 1.550640 0.182766
 11478.000000 20.388980 1.567081 0.196304
 11481.000000 20.441757 1.549680 0.168413
 11484.000000 20.457754 1.572799 0.191737
 11487.000000 20.441403 1.572368 0.188536
 11490.000000 20.500933 1.579319 0.200180
 11493.000000 20.510641 1.545436 0.151336
 11496.000000 20.474429 1.556890 0.154100
 11499.000000 20.513164 1.574653 0.200972
 11502.000000 20.522545 1.575898 0.202565
 11505.000000 20.495764 1.575739 0.175215
 11508.000000 20.573612 1.577520 0.146748
 11511.000000 20.545444 1.584233 0.131598
 11514.000000 20.596273 1.557394 0.145191
 11517.000000 20.542871 1.554367 0.138937
 11520.000000 20.572304 1.568762 0.163225
 11523.000000 20.520610 1.557450 0.155456
 11526.000000 20.535562 1.551468 0.119942
 11529.000000 20.507857 1.570424 0.158581
 11532.000000 20.545672 1.560404 0.142091
 11535.000000 20.618664 1.559885 0.123279
 11538.000000 20.618185 1.540413 0.090463
 11541.000000 20.636060 1.532223 0.120254
 11544.000000 20.434358 1.582989 0.134136
 11547.000000 20.609161 1.573133 0.157449
 11550.000000 20.551157 1.577328 0.153403
 11553.000000 20.500159 1.586147 0.158823
 11556.000000 20.609235 1.570887 0.155839
 11559.000000 20.553138 1.556602 0.119989
 11562.000000 20.565364 1.569454 0.135412
 11565.000000 20.553433 1.542098 0.118599
 11568.000000 20.526392 1.551026 0.141256
 11571.000000 20.620066 1.546976 0.118952
 11574.000000 20.615316 1.551141 0.119378
 11577.000000 20.566247 1.558256 0.139244
 11580.000000 20.564749 1.572682 0.131886
 11583.000000 20.574865 1.553637 0.131451
 11586.000000 20.563113 1.547517 0.144165
 11589.000000 20.588649 1.546367 0.156816
 11592.000000 20.645338 1.545876 0.150131
 11595.000000 20.538835 1.553209 0.154015
 11598.000000 20.511131 1.548841 0.152698
 11601.000000 20.575225 1.556065 0.182489
 11604.000000 20.506819 1.556136 0.190501
 11607.000000 20.467663 1.575953 0.175349
 11610.000000 20.376645 1.553695 0.170535
 11613.000000 20.342230 1.547052 0.148543
 11616.000000 20.280582 1.544044 0.144611
 11619.000000 20.374134 1.526627 0.109419
 11622.000000 20.368364 1.538432 0.146065
 11625.000000 20.309812 1.561618 0.172741
 11628.000000 20.366733 1.573566 0.199659
 11631.000000 20.307840 1.564466 0.207714
 11634.000000 20.334712 1.567052 0.199445
 11637.000000 20.300594 1.589053 0.231848
 11640.000000 20.375929 1.534875 0.178717
 11643.000000 20.405882 1.560684 0.241452
 11646.000000 20.355695 1.555346 0.203817
 11649.000000 20.351379 1.550791 0.191986
 11652.000000 20.373087 1.537236 0.188799
 11655.000000 20.303501 1.529231 0.190457
 11658.000000 20.396111 1.554945 0.188374
 11661.000000 20.327769 1.543118 0.199353
 11664.000000 20.308901 1.533420 0.213041
 11667.000000 20.240842 1.556933 0.195155
 11670.000000 20.243843 1.581455 0.227576
 11673.000000 20.280070 1.561914 0.244270
 11676.000000 20.374642 1.558830 0.221410
 11679.000000 20.370719 1.519696 0.216951
 11682.000000 20.430907 1.507252 0.159995
 11685.000000 20.453799 1.533166 0.190058
 11688.000000 20.501414 1.539879 0.190704
 11691.000000 20.438202 1.495227 0.197501
 11694.000000 20.412183 1.509370 0.164323
 11697.000000 20.449060 1.527698 0.161065
 11700.000000 20.522232 1.538906 0.181053
 11703.000000 20.485806 1.544123 0.151434
 11706.000000 20.457530 1.564725 0.171570
 11709.000000 20.427855 1.581679 0.212466
 11712.000000 20.395615 1.559359 0.174846
 11715.000000 20.339364 1.570058 0.153591
 11718.000000 20.289615 1.574948 0.150749
 11721.000000 20.303524 1.605299 0.184611
 11724.000000 20.333817 1.579112 0.164212
 11727.000000 20.403106 1.559782 0.147882
 11730.000000 20.362765 1.603225 0.163795
 11733.000000 20.413696 1.585058 0.168036
 11736.000000 20.463751 1.598268 0.128994
 11739.000000 20.407818 1.608185 0.159508
 11742.000000 20.400633 1.614424 0.172419
 11745.000000 20.409385 1.596131 0.155235
 11748.000000 20.377552 1.609829 0.191940
 11751.000000 20.395386 1.588984 0.141366
 11754.000000 20.314439 1.577484 0.132136
 11757.000000 20.327074 1.574710 0.139825
 11760.000000 20.407354 1.557578 0.117739
 11763.000000 20.343933 1.561672 0.109770
 11766.000000 20.423038 1.576676 0.163044
 11769.000000 20.394138 1.567485 0.179732
 11772.000000 20.450445 1.562575 0.153805
 11775.000000 20.439865 1.566115 0.140837
 11778.000000 20.511449 1.558088 0.187096
 11781.000000 20.586964 1.560690 0.163208
 11784.000000 20.563668 1.556038 0.175597
 11787.000000 20.549341 1.556677 0.173535
 11790.000000 20.493245 1.547500 0.162915
 11793.000000 20.500415 1.532951 0.153720
 11796.000000 20.476596 1.555079 0.172213
 11799.000000 20.464065 1.531187 0.167059
 11802.000000 20.448183 1.528997 0.141171
 11805.000000 20.535101 1.531756 0.137062
 11808.000000 20.494144 1.548291 0.143291
 11811.000000 20.470574 1.550757 0.151387
 11814.000000 20.525050 1.555632 0.151865
 11817.000000 20.553827 1.558329 0.166646
 11820.000000 20.530873 1.546594 0.163416
 11823.000000 20.460063 1.541680 0.154721
 11826.000000 20.453927 1.551006 0.160606
 11829.000000 20.368283 1.553117 0.172089
 11832.000000 20.374532 1.557418 0.200066
 11835.000000 20.334026 1.555603 0.191300
 11838.000000 20.414891 1.570657 0.200754
 11841.000000 20.365559 1.558064 0.204818
 11844.000000 20.405450 1.533838 0.151271
 11847.000000 20.450782 1.547458 0.164824
 11850.000000 20.438813 1.564992 0.173804
 11853.000000 20.334970 1.557399 0.151739
 11856.000000 20.355705 1.540347 0.166090
 11859.000000 20.338890 1.543846 0.160058
 11862.000000 20.357312 1.558099 0.160123
 11865.000000 20.419993 1.517191 0.144519
 11868.000000 20.411193 1.541041 0.179669
 11871.000000 20.425518 1.537210 0.164698
 11874.000000 20.435526 1.558312 0.199523
 11877.000000 20.474407 1.540398 0.181191
 11880.000000 20.516729 1.542854 0.135088
 11883.000000 20.513183 1.542886 0.138107
 11886.000000 20.420382 1.559639 0.139416
 11889.000000 20.424463 1.532132 0.133846
 11892.000000 20.403704 1.548385 0.144423
 11895.000000 20.458128 1.532771 0.117616
 11898.000000 20.464296 1.573178 0.121727
 11901.000000 20.461961 1.576548 0.141465
 11904.000000 20.498050 1.546653 0.145591
 11907.000000 20.594582 1.559370 0.180592
 11910.000000 20.525069 1.567280 0.192818
 11913.000000 20.522429 1.596109 0.223387
 11916.000000 20.454504 1.617928 0.223566
 11919.000000 20.496270 1.602453 0.186490
 11922.000000 20.459706 1.591079 0.177988
 11925.000000 20.454199 1.607283 0.186804
 11928.000000 20.486877 1.593907 0.190400
 11931.000000 20.517572 1.572885 0.132845
 11934.000000 20.550020 1.584915 0.153925
 11937.000000 20.475550 1.599274 0.168505
 11940.000000 20.545304 1.592120 0.168644
 11943.000000 20.524033 1.577243 0.163095
 11946.000000 20.533484 1.550887 0.165669
 11949.000000 20.582497 1.589891 0.190940
 11952.000000 20.506975 1.566204 0.179323
 11955.000000 20.466733 1.568621 0.169617
 11958.000000 20.499270 1.584956 0.153234
 11961.000000 20.542178 1.566267 0.134312
 11964.000000 20.557447 1.565636 0.155194
 11967.000000 20.525117 1.568202 0.147709
 11970.000000 20.491083 1.551703 0.142122
 11973.000000 20.477147 1.577691 0.162503
 11976.000000 20.593519 1.580448 0.200298
 11979.000000 20.677828 1.599082 0.186435
 11982.000000 20.702762 1.565604 0.144685
 11985.000000 20.652926 1.571286 0.169170
 11988.000000 20.619862 1.579085 0.172586
 11991.000000 20.652114 1.588167 0.177874
 11994.000000 20.586627 1.596128 0.147042
 11997.000000 20.499683 1.580305 0.125336
 12000.000000 20.464199 1.580311 0.141321
 12003.000000 20.470336 1.570714 0.142708
 12006.000000 20.368468 1.539642 0.125842
 12009.000000 20.442126 1.539941 0.098408
 12012.000000 20.502327 1.534896 0.126137
 12015.000000 20.465279 1.549400 0.152871
 12018.000000 20.484856 1.559573 0.123428
 12021.000000 20.471255 1.568413 0.172865
 12024.000000 20.528063 1.543869 0.115682
 12027.000000 20.393781 1.544241 0.113168
 12030.000000 20.448541 1.560720 0.133200
 12033.000000 20.498056 1.527549 0.077464
 12036.000000 20.493637 1.538978 0.100712
 12039.000000 20.472654 1.559445 0.151038
 12042.000000 20.421499 1.536669 0.167429
 12045.000000 20.462898 1.518806 0.156990
 12048.000000 20.436122 1.555718 0.173847
 12051.000000 20.465506 1.563672 0.168901
 12054.000000 20.466248 1.559316 0.159879
 12057.000000 20.426153 1.552019 0.131762
 12060.000000 20.385844 1.532823 0.133042
 12063.000000 20.408037 1.518617 0.118307
 12066.000000 20.406332 1.536404 0.127747
 12069.000000 20.290421 1.529520 0.112667
 12072.000000 20.307012 1.535202 0.170223
 12075.000000 20.343879 1.512330 0.149730
 12078.000000 20.417934 1.503482 0.173987
 12081.000000 20.372792 1.497521 0.183166
 12084.000000 20.353916 1.519859 0.178182
 12087.000000 20.302447 1.531517 0.209467
 12090.000000 20.393750 1.536265 0.184221
 12093.000000 20.425982 1.513498 0.160246
 12096.000000 20.349721 1.503496 0.140810
 12099.000000 20.411945 1.490858 0.141852
 12102.000000 20.365996 1.469762 0.100273
 12105.000000 20.375614 1.488381 0.133577
 12108.000000 20.441177 1.510207 0.147166
 12111.000000 20.449306 1.503606 0.149813
 12114.000000 20.354170 1.494218 0.139735
 12117.000000 20.312231 1.488716 0.137188
 12120.000000 20.451076 1.491807 0.162476
 12123.000000 20.508369 1.475822 0.131022
 12126.000000 20.571214 1.493294 0.149481
 12129.000000 20.504161 1.504797 0.178766
 12132.000000 20.573973 1.473094 0.143536
 12135.000000 20.498482 1.493358 0.148449
 12138.000000 20.499633 1.463496 0.129588
 12141.000000 20.430118 1.493851 0.129508
 12144.000000 20.492564 1.502995 0.130509
 12147.000000 20.554518 1.523524 0.147162
 12150.000000 20.548727 1.506500 0.148606
 12153.000000 20.550695 1.492982 0.123302
 12156.000000 20.579740 1.510708 0.139481
 12159.000000 20.621645 1.523894 0.151150
 12162.000000 20.598634 1.489246 0.107323
 12165.000000 20.582128 1.512890 0.114323
 12168.000000 20.463634 1.502824 0.171706
 12171.000000 20.480341 1.501285 0.164155
 12174.000000 20.391811 1.515815 0.146864
 12177.000000 20.415688 1.524136 0.123508
 12180.000000 20.399333 1.536603 0.116549
 12183.000000 20.503968 1.541794 0.132382
 12186.000000 20.507940 1.547437 0.118472
 12189.000000 20.434324 1.567282 0.152974
 12192.000000 20.468034 1.533949 0.156502
 12195.000000 20.466732 1.531028 0.152813
 12198.000000 20.438063 1.577504 0.213145
 12201.000000 20.504606 1.578627 0.201621
 12204.000000 20.501183 1.551902 0.145677
 12207.000000 20.467835 1.564940 0.157600
 12210.000000 20.495353 1.586597 0.158124
 12213.000000 20.478534 1.578135 0.173839
 12216.000000 20.466443 1.581154 0.150029
 12219.000000 20.570664 1.547832 0.113090
 12222.000000 20.454831 1.544037 0.099249
 12225.000000 20.445799 1.559496 0.096545
 12228.000000 20.407984 1.565037 0.114040
 12231.000000 20.344030 1.565357 0.113017
 12234.000000 20.376450 1.573361 0.115909
 12237.000000 20.325183 1.562042 0.149339
 12240.000000 20.431756 1.561430 0.122427
 12243.000000 20.422773 1.534992 0.135483
 12246.000000 20.319043 1.539692 0.078827
 12249.000000 20.406980 1.535820 0.118611
 12252.000000 20.378036 1.533090 0.130713
 12255.000000 20.399837 1.545572 0.111560
 12258.000000 20.434042 1.513826 0.108495
 12261.000000 20.428835 1.533168 0.123567
 12264.000000 20.478635 1.545835 0.139065
 12267.000000 20.511170 1.538913 0.110878
 12270.000000 20.464792 1.532093 0.127856
 12273.000000 20.473149 1.582598 0.151742
 12276.000000 20.384518 1.576322 0.175039
 12279.000000 20.426555 1.548489 0.185295
 12282.000000 20.391944 1.549105 0.203950
 12285.000000 20.317808 1.537977 0.169613
 12288.000000 20.324819 1.521366 0.183029
 12291.000000 20.307767 1.522135 0.168392
 12294.000000 20.372696 1.507005 0.156298
 12297.000000 20.364761 1.506352 0.136691
 12300.000000 20.340925 1.490675 0.140337
 12303.000000 20.251849 1.480417 0.128381
 12306.000000 20.273922 1.511337 0.144132
 12309.000000 20.254899 1.510961 0.160109
 12312.000000 20.291535 1.507606 0.187894
 12315.000000 20.334596 1.521787 0.175328
 12318.000000 20.412139 1.541372 0.181944
 12321.000000 20.385647 1.536042 0.191576
 12324.000000 20.466631 1.535817 0.167337
 12327.000000 20.410152 1.522793 0.186693
 12330.000000 20.399341 1.548451 0.173086
 12333.000000 20.320969 1.552651 0.161834
 12336.000000 20.334445 1.575337 0.192836
 12339.000000 20.386040 1.568758 0.195322
 12342.000000 20.462570 1.573847 0.180551
 12345.000000 20.534147 1.526457 0.174991
 12348.000000 20.478662 1.563733 0.179519
 12351.000000 20.479208 1.535256 0.114926
 12354.000000 20.451283 1.539791 0.143683
 12357.000000 20.435903 1.535255 0.161052
 12360.000000 20.477757 1.573506 0.144275
 12363.000000 20.458253 1.557395 0.113696
 12366.000000 20.414052 1.568335 0.143953
 12369.000000 20.376393 1.558781 0.128381
 12372.000000 20.286739 1.586072 0.129687
 12375.000000 20.280892 1.543913 0.116465
 12378.000000 20.229324 1.570617 0.128142
 12381.000000 20.226040 1.569873 0.124813
 12384.000000 20.230470 1.594251 0.145429
 12387.000000 20.233397 1.600750 0.135123
 12390.000000 20.259371 1.576089 0.113538
 12393.000000 20.243051 1.559979 0.108935
 12396.000000 20.205403 1.567895 0.171310
 12399.000000 20.257601 1.542684 0.123116
 12402.000000 20.269852 1.564424 0.153004
 12405.000000 20.320867 1.583339 0.179673
 12408.000000 20.402968 1.574503 0.175773
 12411.000000 20.333867 1.567492 0.177186
 12414.000000 20.250650 1.561118 0.192581
 12417.000000 20.179646 1.538262 0.159868
 12420.000000 20.256178 1.538903 0.168542
 12423.000000 20.294984 1.551582 0.171777
 12426.000000 20.297074 1.560013 0.185743
 12429.000000 20.248381 1.551874 0.182528
 12432.000000 20.209714 1.570813 0.230224
 12435.000000 20.239175 1.567298 0.229405
 12438.000000 20.310300 1.539640 0.202854
 12441.000000 20.328424 1.568284 0.210262
 12444.000000 20.299703 1.570933 0.206645
 12447.000000 20.397924 1.575888 0.167139
 12450.000000 20.468931 1.540577 0.161813
 12453.000000 20.375133 1.543665 0.126674
 12456.000000 20.423370 1.539380 0.168879
 12459.000000 20.456497 1.556637 0.159779
 12462.000000 20.420044 1.542612 0.163138
 12465.000000 20.542358 1.559683 0.156800
 12468.000000 20.405041 1.556352 0.165623
 12471.000000 20.382078 1.562447 0.188215
 12474.000000 20.381458 1.556184 0.174393
 12477.000000 20.394618 1.566287 0.208244
 12480.000000 20.366924 1.543524 0.217294
 12483.000000 20.306172 1.563037 0.216089
 12486.000000 20.319569 1.546143 0.199618
 12489.000000 20.344653 1.543003 0.196892
 12492.000000 20.312088 1.543222 0.231709
 12495.000000 20.335444 1.551875 0.223977
 12498.000000 20.383630 1.540473 0.226010
 12501.000000 20.358801 1.552969 0.232441
 12504.000000 20.346758 1.547312 0.208277
 12507.000000 20.402453 1.566747 0.202202
 12510.000000 20.343289 1.549119 0.165860
 12513.000000 20.353498 1.571760 0.177015
 12516.000000 20.408309 1.549662 0.166086
 12519.000000 20.520054 1.542001 0.169534
 12522.000000 20.564724 1.552509 0.165299
 12525.000000 20.500802 1.567297 0.195965
 12528.000000 20.532184 1.522925 0.147712
 12531.000000 20.521560 1.528160 0.167432
 12534.000000 20.500753 1.532650 0.170866
 12537.000000 20.513475 1.528972 0.177169
 12540.000000 20.551388 1.525486 0.165902
 12543.000000 20.541457 1.527301 0.180058
 12546.000000 20.546065 1.547557 0.174685
 12549.000000 20.539554 1.557662 0.185906
 12552.000000 20.483482 1.548992 0.212196
 12555.000000 20.479504 1.580579 0.251348
 12558.000000 20.432739 1.548174 0.205304
 12561.000000 20.409344 1.548339 0.209856
 12564.000000 20.392183 1.547175 0.185312
 12567.000000 20.390687 1.530266 0.190622
 12570.000000 20.385076 1.517154 0.194151
 12573.000000 20.389645 1.503182 0.209469
 12576.000000 20.473501 1.514711 0.193829
 12579.000000 20.474190 1.517045 0.215750
 12582.000000 20.483536 1.528595 0.186336
 12585.000000 20.434920 1.517707 0.192734
 12588.000000 20.395568 1.551871 0.184176
 12591.000000 20.471762 1.554493 0.182410
 12594.000000 20.393350 1.554632 0.166412
 12597.000000 20.442246 1.531169 0.144928
 12600.000000 20.468914 1.558880 0.161039
 12603.000000 20.368701 1.568422 0.188800
 12606.000000 20.390694 1.580163 0.205954
 12609.000000 20.383476 1.580184 0.226231
 12612.000000 20.315337 1.600678 0.229673
 12615.000000 20.339048 1.600234 0.261126
 12618.000000 20.396528 1.584368 0.206890
 12621.000000 20.458084 1.562298 0.211186
 12624.000000 20.582844 1.575542 0.206173
 12627.000000 20.610871 1.570550 0.205104
 12630.000000 20.574627 1.555083 0.202227
 12633.000000 20.639885 1.584505 0.177553
 12636.000000 20.567422 1.578188 0.153791
 12639.000000 20.574486 1.585815 0.174276
 12642.000000 20.613470 1.593358 0.199772
 12645.000000 20.535843 1.591972 0.183267
 12648.000000 20.616478 1.599063 0.161706
 12651.000000 20.630888 1.612764 0.198692
 12654.000000 20.640986 1.586810 0.120846
 12657.000000 20.605244 1.587377 0.138937
 12660.000000 20.577740 1.578966 0.165842
 12663.000000 20.578033 1.562352 0.173591
 12666.000000 20.548787 1.520064 0.192032
 12669.000000 20.580868 1.559778 0.170352
 12672.000000 20.477333 1.570360 0.195133
 12675.000000 20.491161 1.559543 0.115923
 12678.000000 20.436356 1.540574 0.143993
 12681.000000 20.439227 1.553908 0.179239
 12684.000000 20.474059 1.559787 0.155471
 12687.000000 20.454870 1.545565 0.151663
 12690.000000 20.504177 1.552784 0.142409
 12693.000000 20.520366 1.561868 0.160582
 12696.000000 20.592142 1.564419 0.176867
 12699.000000 20.530021 1.550395 0.187668
 12702.000000 20.658407 1.545276 0.211237
 12705.000000 20.649335 1.559835 0.237889
 12708.000000 20.570700 1.557240 0.215943
 12711.000000 20.604357 1.569205 0.204074
 12714.000000 20.613239 1.575595 0.237133
 12717.000000 20.646278 1.558489 0.234855
 12720.000000 20.585451 1.593838 0.198236
 12723.000000 20.581997 1.593354 0.201236
 12726.000000 20.635907 1.586006 0.176481
 12729.000000 20.575823 1.556214 0.165470
 12732.000000 20.539529 1.536118 0.129384
 12735.000000 20.524608 1.549970 0.144071
 12738.000000 20.533789 1.549433 0.166418
 12741.000000 20.450027 1.572997 0.113046
 12744.000000 20.406672 1.586574 0.146605
 12747.000000 20.507787 1.554848 0.125554
 12750.000000 20.488703 1.525877 0.120479
 12753.000000 20.515320 1.543365 0.136039
 12756.000000 20.497738 1.540004 0.148691
 12759.000000 20.448744 1.529184 0.143964
 12762.000000 20.456109 1.529736 0.146290
 12765.000000 20.409635 1.574048 0.147043
 12768.000000 20.324287 1.550425 0.172153
 12771.000000 20.325137 1.564000 0.148496
 12774.000000 20.345480 1.571284 0.162643
 12777.000000 20.445362 1.555751 0.206919
 12780.000000 20.496573 1.574512 0.226464
 12783.000000 20.460775 1.568706 0.184528
 12786.000000 20.531739 1.585525 0.164164
 12789.000000 20.500528 1.602926 0.151982
 12792.000000 20.355246 1.586063 0.131564
 12795.000000 20.387282 1.578390 0.109514
 12798.000000 20.376846 1.567596 0.107107
 12801.000000 20.424848 1.557712 0.128045
 12804.000000 20.442938 1.569403 0.091153
 12807.000000 20.473017 1.575879 0.101756
 12810.000000 20.482396 1.595394 0.128051
 12813.000000 20.460090 1.580247 0.130668
 12816.000000 20.466504 1.605135 0.149297
 12819.000000 20.556345 1.589815 0.169382
 12822.000000 20.600569 1.612249 0.173655
 12825.000000 20.587369 1.605217 0.208326
 12828.000000 20.615743 1.577278 0.214034
 12831.000000 20.557428 1.599731 0.199467
 12834.000000 20.536872 1.580250 0.169397
 12837.000000 20.523674 1.589186 0.187222
 12840.000000 20.473060 1.577720 0.164484
 12843.000000 20.490475 1.615682 0.159019
 12846.000000 20.470191 1.598316 0.168198
 12849.000000 20.520711 1.595304 0.194551
 12852.000000 20.456323 1.572442 0.210722
 12855.000000 20.501048 1.558035 0.240376
 12858.000000 20.575496 1.566050 0.175161
 12861.000000 20.517288 1.563166 0.173972
 12864.000000 20.503856 1.562986 0.141427
 12867.000000 20.461770 1.593999 0.158725
 12870.000000 20.462526 1.583430 0.134104
 12873.000000 20.514853 1.574384 0.185549
 12876.000000 20.416916 1.572762 0.183357
 12879.000000 20.404181 1.551724 0.227057
 12882.000000 20.365696 1.562786 0.176622
 12885.000000 20.349814 1.582337 0.152713
 12888.000000 20.261454 1.563741 0.143981
 12891.000000 20.271261 1.562464 0.180588
 12894.000000 20.242911 1.578459 0.191098
 12897.000000 20.331982 1.568469 0.170043
 12900.000000 20.370016 1.560106 0.202516
 12903.000000 20.299034 1.592184 0.188569
 12906.000000 20.294685 1.588488 0.168123
 12909.000000 20.305900 1.585692 0.176007
 12912.000000 20.328582 1.544042 0.188188
 12915.000000 20.325191 1.565435 0.210203
 12918.000000 20.356537 1.598816 0.189784
 12921.000000 20.380025 1.622954 0.181011
 12924.000000 20.396421 1.590951 0.194002
 12927.000000 20.487331 1.592624 0.194312
 12930.000000 20.521552 1.622587 0.160412
 12933.000000 20.522770 1.620521 0.155951
 12936.000000 20.500338 1.611427 0.137817
 12939.000000 20.434118 1.620844 0.171040
 12942.000000 20.401736 1.647907 0.169959
 12945.000000 20.380887 1.658576 0.197284
 12948.000000 20.426310 1.649996 0.202428
 12951.000000 20.491589 1.641947 0.177990
 12954.000000 20.498120 1.618271 0.200910
 12957.000000 20.593775 1.606767 0.179228
 12960.000000 20.626716 1.598774 0.201166
 12963.000000 20.720789 1.578930 0.192071
 12966.000000 20.741721 1.604621 0.150890
 12969.000000 20.730929 1.586671 0.171175
 12972.000000 20.678111 1.586272 0.149786
 12975.000000 20.662144 1.599955 0.153395
 12978.000000 20.694523 1.590350 0.149763
 12981.000000 20.715403 1.571787 0.122550
 12984.000000 20.688579 1.569577 0.117895
 12987.000000 20.702640 1.592748 0.154256
 12990.000000 20.700815 1.558690 0.128525
 12993.000000 20.706859 1.570682 0.126643
 12996.000000 20.645530 1.587136 0.128887
 12999.000000 20.655681 1.597407 0.106207
 13002.000000 20.621233 1.569934 0.088039
 13005.000000 20.655512 1.595685 0.128761
 13008.000000 20.634118 1.565316 0.101059
 13011.000000 20.640844 1.597958 0.150410
 13014.000000 20.641677 1.596356 0.164606
 13017.000000 20.632367 1.586722 0.196138
 13020.000000 20.683216 1.604953 0.193614
 13023.000000 20.637227 1.617984 0.205644
 13026.000000 20.658374 1.595186 0.161888
 13029.000000 20.682833 1.593931 0.157871
 13032.000000 20.685957 1.581622 0.132472
 13035.000000 20.663209 1.598406 0.175544
 13038.000000 20.696037 1.598085 0.223217
 13041.000000 20.704754 1.607878 0.202193
 13044.000000 20.751995 1.590717 0.185411
 13047.000000 20.769909 1.565308 0.153726
 13050.000000 20.704913 1.558670 0.153102
 13053.000000 20.671063 1.554120 0.134217
 13056.000000 20.683190 1.537533 0.095161
 13059.000000 20.646232 1.554131 0.086811
 13062.000000 20.630551 1.543626 0.110768
 13065.000000 20.594160 1.563382 0.111340
 13068.000000 20.546625 1.573181 0.125324
 13071.000000 20.524520 1.575723 0.113601
 13074.000000 20.474768 1.588284 0.090942
 13077.000000 20.499244 1.591154 0.111676
 13080.000000 20.508487 1.614950 0.147889
 13083.000000 20.486335 1.608512 0.156579
 13086.000000 20.455465 1.600155 0.124685
 13089.000000 20.539591 1.592263 0.125091
 13092.000000 20.623573 1.555720 0.128390
 13095.000000 20.564430 1.580777 0.171067
 13098.000000 20.507047 1.584045 0.169910
 13101.000000 20.474285 1.589779 0.171430
 13104.000000 20.473158 1.569296 0.150093
 13107.000000 20.491964 1.568204 0.151428
 13110.000000 20.526750 1.549433 0.147166
 13113.000000 20.509040 1.565696 0.183060
 13116.000000 20.583331 1.559231 0.166476
 13119.000000 20.553306 1.558637 0.130821
 13122.000000 20.536885 1.550646 0.146211
 13125.000000 20.575137 1.534345 0.140607
 13128.000000 20.586236 1.563389 0.154083
 13131.000000 20.538306 1.593244 0.159726
 13134.000000 20.467814 1.582641 0.120902
 13137.000000 20.500269 1.563139 0.149009
 13140.000000 20.463502 1.572995 0.175844
 13143.000000 20.445344 1.568655 0.165021
 13146.000000 20.454525 1.560149 0.176391
 13149.000000 20.550186 1.541975 0.125334
 13152.000000 20.623865 1.547200 0.131285
 13155.000000 20.598356 1.555247 0.127260
 13158.000000 20.561556 1.536584 0.087634
 13161.000000 20.635263 1.512866 0.098784
 13164.000000 20.679885 1.548007 0.136437
 13167.000000 20.727924 1.578924 0.130275
 13170.000000 20.747444 1.557818 0.097498
 13173.000000 20.753914 1.576674 0.109396
 13176.000000 20.718960 1.559290 0.130172
 13179.000000 20.794652 1.570429 0.144926
 13182.000000 20.781637 1.557926 0.110129
 13185.000000 20.790365 1.584141 0.160911
 13188.000000 20.816089 1.599828 0.188762
 13191.000000 20.767358 1.598516 0.196687
 13194.000000 20.777671 1.620626 0.221392
 13197.000000 20.773188 1.581251 0.179557
 13200.000000 20.666281 1.558805 0.161687
 13203.000000 20.736280 1.558778 0.175947
 13206.000000 20.763733 1.562440 0.198441
 13209.000000 20.692177 1.554671 0.200411
 13212.000000 20.745603 1.567856 0.217586
 13215.000000 20.675402 1.561712 0.202397
 13218.000000 20.608794 1.529480 0.180529
 13221.000000 20.675414 1.539308 0.180781
 13224.000000 20.646505 1.537124 0.181642
 13227.000000 20.537410 1.537382 0.204526
 13230.000000 20.535608 1.538537 0.176315
 13233.000000 20.465594 1.543275 0.193616
 13236.000000 20.516744 1.536665 0.208352
 13239.000000 20.566455 1.534236 0.182920
 13242.000000 20.563081 1.522178 0.172178
 13245.000000 20.578439 1.529045 0.171431
 13248.000000 20.581486 1.524113 0.146207
 13251.000000 20.582656 1.541569 0.178314
 13254.000000 20.639961 1.521421 0.147275
 13257.000000 20.587130 1.565201 0.178968
 13260.000000 20.595195 1.535320 0.140950
 13263.000000 20.611674 1.550984 0.155000
 13266.000000 20.652826 1.523739 0.124182
 13269.000000 20.673546 1.544567 0.142532
 13272.000000 20.626659 1.540710 0.158167
 13275.000000 20.529222 1.545657 0.164151
 13278.000000 20.590374 1.536886 0.153171
 13281.000000 20.523641 1.562237 0.158569
 13284.000000 20.477231 1.535067 0.132126
 13287.000000 20.578612 1.563392 0.160627
 13290.000000 20.528498 1.557533 0.208686
 13293.000000 20.531378 1.555957 0.222199
 13296.000000 20.478887 1.546178 0.183958
 13299.000000 20.511193 1.560060 0.173803
 13302.000000 20.465530 1.558878 0.226105
 13305.000000 20.429567 1.536543 0.211671
 13308.000000 20.520692 1.574982 0.254756
 13311.000000 20.495495 1.558579 0.259466
 13314.000000 20.382009 1.553523 0.262567
 13317.000000 20.341650 1.564090 0.277233
 13320.000000 20.238732 1.562456 0.253147
 13323.000000 20.321717 1.549985 0.201549
 13326.000000 20.350339 1.551425 0.221106
 13329.000000 20.248612 1.538734 0.206896
 13332.000000 20.305654 1.523188 0.200026
 13335.000000 20.276417 1.531758 0.206023
 13338.000000 20.317687 1.554587 0.192126
 13341.000000 20.314661 1.552721 0.216583
 13344.000000 20.328132 1.538828 0.157566
 13347.000000 20.307348 1.515112 0.136100
 13350.000000 20.369982 1.513605 0.101286
 13353.000000 20.356109 1.524345 0.129592
 13356.000000 20.427720 1.538066 0.175130
 13359.000000 20.410875 1.546994 0.156907
 13362.000000 20.417105 1.515595 0.141642
 13365.000000 20.446239 1.522983 0.162221
 13368.000000 20.451943 1.515114 0.152942
 13371.000000 20.387782 1.564652 0.186743
 13374.000000 20.438809 1.527505 0.154586
 13377.000000 20.446581 1.502217 0.143953
 13380.000000 20.504662 1.522249 0.195267
 13383.000000 20.508460 1.524297 0.162147
 13386.000000 20.509090 1.540113 0.162046
 13389.000000 20.441545 1.534182 0.148163
 13392.000000 20.426864 1.514763 0.125155
 13395.000000 20.413835 1.540415 0.147142
 13398.000000 20.427519 1.533228 0.142729
 13401.000000 20.439333 1.541145 0.174819
 13404.000000 20.514835 1.539470 0.145071
 13407.000000 20.523667 1.542447 0.151234
 13410.000000 20.501437 1.576300 0.186777
 13413.000000 20.574047 1.569612 0.185369
 13416.000000 20.539568 1.549168 0.187325
 13419.000000 20.412738 1.552944 0.180997
 13422.000000 20.356099 1.536045 0.165744
 13425.000000 20.300344 1.540894 0.156688
 13428.000000 20.293428 1.555188 0.178390
 13431.000000 20.215360 1.541609 0.174371
 13434.000000 20.370399 1.524206 0.165937
 13437.000000 20.303393 1.545687 0.165206
 13440.000000 20.304522 1.555098 0.176635
 13443.000000 20.328952 1.544926 0.161635
 13446.000000 20.315118 1.539004 0.141120
 13449.000000 20.350667 1.543116 0.161849
 13452.000000 20.446390 1.546230 0.181946
 13455.000000 20.421179 1.558533 0.188396
 13458.000000 20.502513 1.556553 0.169131
 13461.000000 20.570142 1.565706 0.163510
 13464.000000 20.586235 1.572732 0.180527
 13467.000000 20.403725 1.568090 0.168422
 13470.000000 20.504137 1.557210 0.126877
 13473.000000 20.508443 1.582222 0.147905
 13476.000000 20.556895 1.575770 0.158071
 13479.000000 20.451979 1.574873 0.136847
 13482.000000 20.410245 1.566090 0.131256
 13485.000000 20.463493 1.549927 0.134407
 13488.000000 20.536858 1.556329 0.125890
 13491.000000 20.453111 1.547131 0.155249
 13494.000000 20.483772 1.566971 0.172374
 13497.000000 20.469880 1.535005 0.155864
 13500.000000 20.455002 1.525674 0.146651
 13503.000000 20.489030 1.523591 0.158395
 13506.000000 20.601995 1.545431 0.147862
 13509.000000 20.597655 1.556709 0.145391
 13512.000000 20.485436 1.570081 0.163450
 13515.000000 20.552737 1.559115 0.125774
 13518.000000 20.455679 1.546546 0.100945
 13521.000000 20.441034 1.561031 0.114748
 13524.000000 20.447598 1.543724 0.099777
 13527.000000 20.478991 1.544590 0.124407
 13530.000000 20.454432 1.542616 0.121392
 13533.000000 20.446708 1.552236 0.076583
 13536.000000 20.378824 1.552586 0.110797
 13539.000000 20.251835 1.561211 0.127325
 13542.000000 20.240912 1.571583 0.146157
 13545.000000 20.336455 1.552276 0.134147
 13548.000000 20.351908 1.569518 0.134763
 13551.000000 20.326621 1.574944 0.148431
 13554.000000 20.363993 1.581426 0.200008
 13557.000000 20.300250 1.562656 0.177808
 13560.000000 20.297852 1.555352 0.174472
 13563.000000 20.304966 1.572148 0.176250
 13566.000000 20.318303 1.596711 0.185278
 13569.000000 20.349750 1.588233 0.169722
 13572.000000 20.360025 1.591591 0.154823
 13575.000000 20.358380 1.600685 0.187970
 13578.000000 20.395585 1.580398 0.175372
 13581.000000 20.312618 1.586978 0.156812
 13584.000000 20.453875 1.569476 0.157081
 13587.000000 20.446910 1.561332 0.131366
 13590.000000 20.465170 1.552403 0.155578
 13593.000000 20.468287 1.561847 0.147390
 13596.000000 20.517949 1.563822 0.160131
 13599.000000 20.449627 1.560282 0.152804
 13602.000000 20.492324 1.586412 0.175541
 13605.000000 20.523834 1.573382 0.155159
 13608.000000 20.458778 1.587293 0.205316
 13611.000000 20.377994 1.572428 0.174820
 13614.000000 20.396008 1.591354 0.200950
 13617.000000 20.391811 1.582301 0.151400
 13620.000000 20.352573 1.551201 0.147395
 13623.000000 20.387601 1.542611 0.138712
 13626.000000 20.459698 1.553097 0.140691
 13629.000000 20.536242 1.565268 0.124871
 13632.000000 20.486673 1.555955 0.155732
 13635.000000 20.472386 1.544880 0.153865
 13638.000000 20.521967 1.555917 0.177548
 13641.000000 20.465622 1.539899 0.158468
 13644.000000 20.515463 1.564946 0.184485
 13647.000000 20.459070 1.564450 0.177760
 13650.000000 20.460271 1.562416 0.233429
 13653.000000 20.381952 1.538990 0.165848
 13656.000000 20.476249 1.542657 0.202195
 13659.000000 20.524860 1.504523 0.158820
 13662.000000 20.510681 1.512873 0.161122
 13665.000000 20.410544 1.536992 0.161713
 13668.000000 20.376285 1.549893 0.188295
 13671.000000 20.406511 1.526497 0.142534
 13674.000000 20.417134 1.541795 0.170209
 13677.000000 20.407262 1.545997 0.203737
 13680.000000 20.491192 1.546120 0.208151
 13683.000000 20.462599 1.543525 0.203125
 13686.000000 20.439638 1.564293 0.208652
 13689.000000 20.370759 1.536072 0.174744
 13692.000000 20.366370 1.519694 0.136768
 13695.000000 20.235749 1.513824 0.121280
 13698.000000 20.338340 1.529848 0.140455
 13701.000000 20.259689 1.528521 0.116125
 13704.000000 20.329745 1.525657 0.132528
 13707.000000 20.363839 1.505264 0.139460
 13710.000000 20.335444 1.550045 0.188469
 13713.000000 20.362023 1.531749 0.155035
 13716.000000 20.379565 1.526034 0.117562
 13719.000000 20.375443 1.528246 0.158774
 13722.000000 20.381896 1.539584 0.153073
 13725.000000 20.453475 1.538079 0.119566
 13728.000000 20.488205 1.538029 0.136883
 13731.000000 20.510080 1.564019 0.152835
 13734.000000 20.473521 1.537684 0.142769
 13737.000000 20.410680 1.528804 0.157524
 13740.000000 20.384504 1.508583 0.122498
 13743.000000 20.472897 1.520196 0.125014
 13746.000000 20.399648 1.519230 0.142897
 13749.000000 20.343357 1.537012 0.166730
 13752.000000 20.296657 1.529064 0.178626
 13755.000000 20.351584 1.520855 0.170859
 13758.000000 20.309186 1.518402 0.162047
 13761.000000 20.432306 1.530824 0.203345
 13764.000000 20.374176 1.519820 0.202922
 13767.000000 20.443515 1.530997 0.224049
 13770.000000 20.382283 1.503248 0.155063
 13773.000000 20.400213 1.515418 0.107008
 13776.000000 20.505774 1.529452 0.130040
 13779.000000 20.451561 1.516414 0.114278
 13782.000000 20.398314 1.552887 0.147299
 13785.000000 20.386180 1.548855 0.110468
 13788.000000 20.393030 1.598411 0.125446
 13791.000000 20.426492 1.562947 0.079794
 13794.000000 20.476906 1.572088 0.147124
 13797.000000 20.529198 1.575848 0.128417
 13800.000000 20.616786 1.563364 0.124901
 13803.000000 20.623898 1.583200 0.139242
 13806.000000 20.583074 1.609550 0.175768
 13809.000000 20.511650 1.582837 0.124529
 13812.000000 20.626029 1.583209 0.133028
 13815.000000 20.634680 1.566282 0.098767
 13818.000000 20.598337 1.559070 0.111024
 13821.000000 20.590446 1.549798 0.112010
 13824.000000 20.576564 1.560798 0.098826
 13827.000000 20.536887 1.556398 0.130517
 13830.000000 20.512977 1.573083 0.130359
 13833.000000 20.645726 1.591738 0.161629
 13836.000000 20.614491 1.597448 0.151313
 13839.000000 20.652080 1.593125 0.144693
 13842.000000 20.679018 1.592684 0.130386
 13845.000000 20.642972 1.582630 0.143675
 13848.000000 20.770212 1.609457 0.155095
 13851.000000 20.652495 1.585557 0.189407
 13854.000000 20.686689 1.591192 0.192123
 13857.000000 20.660292 1.617992 0.214160
 13860.000000 20.668895 1.564810 0.173257
 13863.000000 20.665070 1.566881 0.172908
 13866.000000 20.708654 1.586763 0.203698
 13869.000000 20.674217 1.596736 0.157973
 13872.000000 20.714221 1.609773 0.109018
 13875.000000 20.650544 1.591143 0.103394
 13878.000000 20.606752 1.602709 0.145246
 13881.000000 20.626493 1.621994 0.148399
 13884.000000 20.566840 1.608803 0.111283
 13887.000000 20.515170 1.623976 0.141614
 13890.000000 20.529868 1.588419 0.109336
 13893.000000 20.506747 1.586931 0.120410
 13896.000000 20.516812 1.591175 0.111922
 13899.000000 20.558451 1.576399 0.122697
 13902.000000 20.633715 1.560246 0.152398
 13905.000000 20.585389 1.554506 0.147701
 13908.000000 20.593170 1.572368 0.157143
 13911.000000 20.618907 1.540138 0.127430
 13914.000000 20.668573 1.562395 0.147589
 13917.000000 20.586853 1.518444 0.140008
 13920.000000 20.641868 1.509376 0.171653
 13923.000000 20.616028 1.522426 0.176929
 13926.000000 20.615107 1.540836 0.162794
 13929.000000 20.534334 1.533353 0.163178
 13932.000000 20.560675 1.545024 0.194306
 13935.000000 20.484913 1.575569 0.185849
 13938.000000 20.530779 1.550200 0.153595
 13941.000000 20.457292 1.567050 0.142977
 13944.000000 20.473469 1.562333 0.153638
 13947.000000 20.476902 1.551980 0.142830
 13950.000000 20.468583 1.546507 0.148083
 13953.000000 20.462636 1.551681 0.167316
 13956.000000 20.513545 1.575079 0.172652
 13959.000000 20.484803 1.550470 0.154637
 13962.000000 20.356539 1.551587 0.112534
 13965.000000 20.402518 1.535439 0.094603
 13968.000000 20.410532 1.544562 0.088237
 13971.000000 20.411018 1.538999 0.074877
 13974.000000 20.467405 1.566780 0.122943
 13977.000000 20.419651 1.559720 0.157102
 13980.000000 20.413125 1.538560 0.127362
 13983.000000 20.414887 1.513737 0.089394
 13986.000000 20.419575 1.550532 0.125860
 13989.000000 20.363734 1.522108 0.130517
 13992.000000 20.356358 1.549178 0.185151
 13995.000000 20.345759 1.520077 0.158910
 13998.000000 20.377476 1.498361 0.171253
 14001.000000 20.466851 1.496382 0.172328
 14004.000000 20.467627 1.487314 0.138504
 14007.000000 20.411674 1.517934 0.176496
 14010.000000 20.470045 1.479787 0.087675
 14013.000000 20.418431 1.487313 0.106301
 14016.000000 20.297664 1.536033 0.162278
 14019.000000 20.358750 1.540038 0.109899
 14022.000000 20.400495 1.533599 0.120033
 14025.000000 20.410851 1.511150 0.111462
 14028.000000 20.337578 1.535846 0.136751
 14031.000000 20.314063 1.536217 0.119087
 14034.000000 20.399616 1.531575 0.132045
 14037.000000 20.381001 1.518330 0.110139
 14040.000000 20.334756 1.539368 0.111399
 14043.000000 20.409295 1.534601 0.141885
 14046.000000 20.516958 1.544920 0.140687
 14049.000000 20.578279 1.570386 0.154030
 14052.000000 20.552358 1.546739 0.176590
 14055.000000 20.608023 1.522578 0.159876
 14058.000000 20.582138 1.523274 0.166092
 14061.000000 20.567626 1.512493 0.154684
 14064.000000 20.554754 1.512437 0.123520
 14067.000000 20.567345 1.528579 0.092240
 14070.000000 20.639074 1.534912 0.100638
 14073.000000 20.587519 1.519185 0.080978
 14076.000000 20.618917 1.546804 0.150708
 14079.000000 20.697765 1.535543 0.157797
 14082.000000 20.624299 1.546204 0.176518
 14085.000000 20.688443 1.550626 0.164759
 14088.000000 20.611845 1.561963 0.156686
 14091.000000 20.578853 1.564421 0.133745
 14094.000000 20.594604 1.582458 0.177837
 14097.000000 20.643910 1.566106 0.176980
 14100.000000 20.591868 1.584164 0.161368
 14103.000000 20.641722 1.549639 0.130035
 14106.000000 20.616377 1.570779 0.142629
 14109.000000 20.663900 1.544572 0.155006
 14112.000000 20.638713 1.551670 0.180180
 14115.000000 20.668396 1.534586 0.184265
 14118.000000 20.524732 1.544235 0.192339
 14121.000000 20.518506 1.531625 0.183849
 14124.000000 20.436137 1.504382 0.153200
 14127.000000 20.496998 1.507378 0.172121
 14130.000000 20.603583 1.487438 0.170521
 14133.000000 20.609998 1.527315 0.157652
 14136.000000 20.480017 1.536378 0.120174
 14139.000000 20.500416 1.533641 0.140123
 14142.000000 20.532545 1.512915 0.107984
 14145.000000 20.575795 1.514584 0.095778
 14148.000000 20.600902 1.512754 0.082373
 14151.000000 20.566798 1.499944 0.118837
 14154.000000 20.537489 1.522246 0.081942
 14157.000000 20.520048 1.527549 0.053422
 14160.000000 20.499997 1.527699 0.066704
 14163.000000 20.425299 1.497527 0.112391
 14166.000000 20.444615 1.507675 0.066042
 14169.000000 20.508470 1.540862 0.086679
 14172.000000 20.482295 1.546408 0.074520
 14175.000000 20.482306 1.586928 0.128295
 14178.000000 20.527138 1.584808 0.100887
 14181.000000 20.461429 1.572853 0.089827
 14184.000000 20.507417 1.572755 0.126899
 14187.000000 20.481004 1.571059 0.096344
 14190.000000 20.542282 1.579554 0.115358
 14193.000000 20.555172 1.602148 0.147524
 14196.000000 20.558099 1.583374 0.133078
 14199.000000 20.600512 1.585375 0.143811
 14202.000000 20.680333 1.596924 0.126393
 14205.000000 20.651715 1.630198 0.154765
 14208.000000 20.575087 1.630682 0.129741
 14211.000000 20.572723 1.620173 0.134873
 14214.000000 20.588582 1.635590 0.147113
 14217.000000 20.618657 1.616471 0.133307
 14220.000000 20.619352 1.620493 0.154079
 14223.000000 20.567049 1.600390 0.159125
 14226.000000 20.481328 1.606333 0.160190
 14229.000000 20.459272 1.586407 0.134875
 14232.000000 20.450976 1.577976 0.156677
 14235.000000 20.486829 1.601893 0.207750
 14238.000000 20.483860 1.587752 0.145698
 14241.000000 20.367634 1.583097 0.125845
 14244.000000 20.361951 1.595553 0.152317
 14247.000000 20.420057 1.583476 0.157188
 14250.000000 20.546554 1.605005 0.149577
 14253.000000 20.583405 1.573537 0.126883
 14256.000000 20.607157 1.567070 0.125638
 14259.000000 20.613448 1.562496 0.113947
 14262.000000 20.700998 1.565883 0.104698
 14265.000000 20.691311 1.548400 0.073191
 14268.000000 20.542496 1.574711 0.109527
 14271.000000 20.631073 1.556302 0.070806
 14274.000000 20.569824 1.554186 0.116472
 14277.000000 20.558846 1.547809 0.096444
 14280.000000 20.569882 1.573124 0.115033
 14283.000000 20.576781 1.578277 0.102564
 14286.000000 20.557739 1.571009 0.138032
 14289.000000 20.626365 1.597307 0.154442
 14292.000000 20.612979 1.600241 0.163904
 14295.000000 20.505111 1.592450 0.139185
 14298.000000 20.487746 1.624062 0.156906
 14301.000000 20.478557 1.596399 0.140087
 14304.000000 20.486880 1.608126 0.124750
 14307.000000 20.507847 1.579863 0.106840
 14310.000000 20.522169 1.597144 0.106723
 14313.000000 20.540857 1.621935 0.141488
 14316.000000 20.525046 1.601468 0.114934
 14319.000000 20.501800 1.574334 0.114849
 14322.000000 20.437051 1.581994 0.129585
 14325.000000 20.465824 1.599322 0.137270
 14328.000000 20.514883 1.592604 0.132794
 14331.000000 20.490364 1.593587 0.140551
 14334.000000 20.448195 1.552746 0.107403
 14337.000000 20.326226 1.555933 0.117752
 14340.000000 20.452462 1.545883 0.113287
 14343.000000 20.504549 1.586141 0.155564
 14346.000000 20.503532 1.588351 0.126303
 14349.000000 20.475172 1.596387 0.146371
 14352.000000 20.433880 1.608718 0.178362
 14355.000000 20.574148 1.587883 0.175634
 14358.000000 20.543013 1.571185 0.155040
 14361.000000 20.423497 1.561827 0.151323
 14364.000000 20.489959 1.558825 0.191939
 14367.000000 20.394553 1.560021 0.188692
 14370.000000 20.396834 1.544646 0.156413
 14373.000000 20.386303 1.561464 0.187365
 14376.000000 20.412727 1.551929 0.158230
 14379.000000 20.439945 1.547969 0.148231
 14382.000000 20.352454 1.557408 0.180446
 14385.000000 20.347519 1.541791 0.166307
 14388.000000 20.394312 1.549481 0.158866
 14391.000000 20.492165 1.540892 0.157568
 14394.000000 20.456445 1.563510 0.186658
 14397.000000 20.392549 1.533625 0.152036
 14400.000000 20.381058 1.545038 0.133765
 14403.000000 20.307798 1.538266 0.132937
 14406.000000 20.301647 1.531268 0.117937
 14409.000000 20.327159 1.557836 0.142665
 14412.000000 20.323166 1.555289 0.166846
 14415.000000 20.307518 1.561735 0.172710
 14418.000000 20.286715 1.584003 0.198341
 14421.000000 20.331202 1.542822 0.151266
 14424.000000 20.296642 1.562480 0.140586
 14427.000000 20.281641 1.589592 0.173463
 14430.000000 20.387894 1.573562 0.140700
 14433.000000 20.307581 1.572589 0.167592
 14436.000000 20.314130 1.578523 0.104805
 14439.000000 20.336190 1.562844 0.108711
 14442.000000 20.312984 1.588524 0.150176
 14445.000000 20.317310 1.557344 0.088476
 14448.000000 20.496094 1.573957 0.130153
 14451.000000 20.524974 1.595740 0.140628
 14454.000000 20.414327 1.613146 0.157835
 14457.000000 20.509598 1.585143 0.126554
 14460.000000 20.464735 1.575370 0.102093
 14463.000000 20.462353 1.575125 0.091356
 14466.000000 20.500451 1.580153 0.093982
 14469.000000 20.507985 1.576245 0.135996
 14472.000000 20.408822 1.575936 0.146542
 14475.000000 20.482066 1.604560 0.140096
 14478.000000 20.406933 1.612610 0.163308
 14481.000000 20.461556 1.597828 0.145167
 14484.000000 20.513049 1.592761 0.120226
 14487.000000 20.517137 1.592754 0.099012
 14490.000000 20.494957 1.612886 0.122996
 14493.000000 20.450673 1.591631 0.116079
 14496.000000 20.493706 1.577076 0.092512
 14499.000000 20.473431 1.574314 0.072173
 14502.000000 20.428950 1.576851 0.068922
 14505.000000 20.450370 1.578058 0.085332
 14508.000000 20.520102 1.573360 0.074713
 14511.000000 20.563383 1.583829 0.109919
 14514.000000 20.551106 1.578223 0.128429
 14517.000000 20.443590 1.581083 0.099272
 14520.000000 20.487072 1.568109 0.095191
 14523.000000 20.413993 1.578373 0.132385
 14526.000000 20.316009 1.590437 0.141944
 14529.000000 20.374790 1.572463 0.145217
 14532.000000 20.465637 1.564613 0.113634
 14535.000000 20.508465 1.581039 0.107732
 14538.000000 20.468184 1.583395 0.134447
 14541.000000 20.385967 1.555255 0.136617
 14544.000000 20.446673 1.568459 0.173899
 14547.000000 20.435863 1.552921 0.146500
 14550.000000 20.461386 1.548583 0.152194
 14553.000000 20.421992 1.551398 0.105197
 14556.000000 20.505806 1.564975 0.141047
 14559.000000 20.539077 1.550548 0.119008
 14562.000000 20.494521 1.553983 0.105561
 14565.000000 20.487880 1.558097 0.120357
 14568.000000 20.490413 1.533529 0.093855
 14571.000000 20.529797 1.554931 0.153193
 14574.000000 20.518890 1.559723 0.134994
 14577.000000 20.575377 1.577466 0.152777
 14580.000000 20.608527 1.575661 0.150231
 14583.000000 20.564245 1.583220 0.180340
 14586.000000 20.468878 1.583235 0.163435
 14589.000000 20.533200 1.577557 0.147301
 14592.000000 20.541294 1.592363 0.170489
 14595.000000 20.521270 1.559188 0.149572
 14598.000000 20.426692 1.588350 0.178137
 14601.000000 20.466677 1.609464 0.163824
 14604.000000 20.474717 1.585185 0.161927
 14607.000000 20.543591 1.568742 0.166063
 14610.000000 20.506396 1.567874 0.173874
 14613.000000 20.531379 1.568820 0.161104
 14616.000000 20.488802 1.549064 0.142377
 14619.000000 20.511475 1.554077 0.160806
 14622.000000 20.560498 1.550912 0.172884
 14625.000000 20.476599 1.545433 0.197496
 14628.000000 20.480485 1.536591 0.166888
 14631.000000 20.497737 1.545282 0.152190
 14634.000000 20.447689 1.558321 0.168674
 14637.000000 20.450967 1.561032 0.172081
 14640.000000 20.530848 1.541447 0.154512
 14643.000000 20.545126 1.543738 0.163283
 14646.000000 20.541201 1.538450 0.169896
 14649.000000 20.548357 1.548585 0.157256
 14652.000000 20.518055 1.534250 0.136460
 14655.000000 20.545560 1.522039 0.097849
 14658.000000 20.533171 1.542881 0.122991
 14661.000000 20.563473 1.566980 0.174216
 14664.000000 20.511306 1.565580 0.127756
 14667.000000 20.493169 1.528912 0.104045
 14670.000000 20.467362 1.549376 0.106133
 14673.000000 20.565338 1.527004 0.097570
 14676.000000 20.633699 1.540392 0.138896
 14679.000000 20.512909 1.585120 0.171949
 14682.000000 20.495832 1.576889 0.138468
 14685.000000 20.455380 1.587326 0.119665
 14688.000000 20.408417 1.560163 0.118281
 14691.000000 20.349548 1.582011 0.124809
 14694.000000 20.386402 1.563161 0.079624
 14697.000000 20.456718 1.608993 0.120984
 14700.000000 20.469317 1.611461 0.118109
 14703.000000 20.526474 1.585322 0.103631
 14706.000000 20.559349 1.586878 0.096891
 14709.000000 20.537949 1.580707 0.114726
 14712.000000 20.405048 1.562627 0.075940
 14715.000000 20.541244 1.572331 0.111302
 14718.000000 20.498970 1.615891 0.115101
 14721.000000 20.515071 1.599091 0.105006
 14724.000000 20.470552 1.556674 0.096166
 14727.000000 20.433907 1.592140 0.117402
 14730.000000 20.468894 1.574652 0.112798
 14733.000000 20.505442 1.593820 0.161291
 14736.000000 20.535955 1.597430 0.187650
 14739.000000 20.540271 1.589867 0.179301
 14742.000000 20.573343 1.565791 0.141206
 14745.000000 20.497592 1.600765 0.142557
 14748.000000 20.617604 1.608999 0.125719
 14751.000000 20.569467 1.591194 0.102784
 14754.000000 20.614574 1.573850 0.101492
 14757.000000 20.602134 1.580964 0.151892
 14760.000000 20.618160 1.570173 0.147790
 14763.000000 20.583486 1.567017 0.159913
 14766.000000 20.582988 1.572307 0.132770
 14769.000000 20.554814 1.560833 0.127573
 14772.000000 20.623691 1.569222 0.130899
 14775.000000 20.573523 1.571970 0.112444
 14778.000000 20.534965 1.578372 0.107614
 14781.000000 20.468327 1.610741 0.123099
 14784.000000 20.485261 1.620920 0.125872
 14787.000000 20.611512 1.602592 0.149453
 14790.000000 20.541605 1.609071 0.123781
 14793.000000 20.505889 1.591287 0.094716
 14796.000000 20.425879 1.630330 0.152163
 14799.000000 20.457768 1.593589 0.162791
 14802.000000 20.466843 1.605569 0.149675
 14805.000000 20.409415 1.599035 0.154603
 14808.000000 20.497567 1.601314 0.174529
 14811.000000 20.510380 1.605500 0.164668
 14814.000000 20.474693 1.612858 0.177178
 14817.000000 20.497219 1.610440 0.203901
 14820.000000 20.442829 1.607080 0.191372
 14823.000000 20.493794 1.612051 0.195952
 14826.000000 20.449228 1.624960 0.194470
 14829.000000 20.505082 1.610279 0.190002
 14832.000000 20.463302 1.597276 0.166601
 14835.000000 20.578594 1.627301 0.197213
 14838.000000 20.495558 1.607632 0.172219
 14841.000000 20.530653 1.595932 0.137508
 14844.000000 20.488549 1.620030 0.136077
 14847.000000 20.491703 1.600332 0.180207
 14850.000000 20.410890 1.606290 0.181250
 14853.000000 20.485238 1.618443 0.194032
 14856.000000 20.443999 1.621985 0.169978
 14859.000000 20.410548 1.665406 0.206940
 14862.000000 20.444911 1.643826 0.183480
 14865.000000 20.420138 1.621451 0.158085
 14868.000000 20.533599 1.618076 0.157448
 14871.000000 20.465521 1.601043 0.161631
 14874.000000 20.454153 1.628652 0.148494
 14877.000000 20.466474 1.594913 0.141983
 14880.000000 20.464304 1.587628 0.151954
 14883.000000 20.434834 1.601057 0.168227
 14886.000000 20.451276 1.591999 0.151748
 14889.000000 20.470165 1.602755 0.179780
 14892.000000 20.464729 1.594476 0.176090
 14895.000000 20.429790 1.589460 0.166556
 14898.000000 20.466938 1.623778 0.212071
 14901.000000 20.421903 1.610438 0.188949
 14904.000000 20.510443 1.580693 0.182428
 14907.000000 20.531615 1.584512 0.180402
 14910.000000 20.474628 1.577386 0.161183
 14913.000000 20.580904 1.562239 0.141960
 14916.000000 20.542695 1.583890 0.170891
 14919.000000 20.532446 1.549267 0.129626
 14922.000000 20.529743 1.558139 0.139715
 14925.000000 20.532999 1.560196 0.132261
 14928.000000 20.565480 1.559581 0.130923
 14931.000000 20.538019 1.517072 0.145209
 14934.000000 20.583724 1.538824 0.131430
 14937.000000 20.611485 1.535110 0.157071
 14940.000000 20.596794 1.554206 0.143713
 14943.000000 20.512745 1.545270 0.138737
 14946.000000 20.557665 1.543887 0.146396
 14949.000000 20.516095 1.521614 0.129680
 14952.000000 20.561854 1.535791 0.149946
 14955.000000 20.605945 1.548322 0.156565
 14958.000000 20.600885 1.534614 0.147345
 14961.000000 20.516384 1.537133 0.139656
 14964.000000 20.471786 1.534946 0.146774
 14967.000000 20.509873 1.549137 0.162587
 14970.000000 20.570447 1.539909 0.132807
 14973.000000 20.548844 1.538053 0.144367
 14976.000000 20.542467 1.553406 0.168317
 14979.000000 20.527180 1.559503 0.158720
 14982.000000 20.464315 1.553551 0.170859
 14985.000000 20.438174 1.548126 0.120177
 14988.000000 20.402906 1.549189 0.146440
 14991.000000 20.379478 1.548280 0.149354
 14994.000000 20.395170 1.583982 0.181078
 14997.000000 20.333401 1.560377 0.156456
 15000.000000 20.353766 1.559739 0.148879
 15003.000000 20.354608 1.549035 0.113728
 15006.000000 20.360539 1.574987 0.153624
 15009.000000 20.455032 1.581629 0.145787
 15012.000000 20.397125 1.568623 0.110025
 15015.000000 20.277785 1.569031 0.109689
 15018.000000 20.442188 1.549558 0.101364
 15021.000000 20.413057 1.526543 0.079572
 15024.000000 20.374680 1.545313 0.100934
 15027.000000 20.364652 1.558403 0.123298
 15030.000000 20.359119 1.575898 0.132437
 15033.000000 20.292475 1.533481 0.108287
 15036.000000 20.344095 1.577929 0.179271
 15039.000000 20.326940 1.549024 0.149787
 15042.000000 20.303668 1.571105 0.190755
 15045.000000 20.281769 1.566313 0.176881
 15048.000000 20.247021 1.555092 0.174452
 15051.000000 20.246412 1.527913 0.124648
 15054.000000 20.317456 1.549426 0.149202
 15057.000000 20.311676 1.525531 0.138994
 15060.000000 20.337037 1.544318 0.146605
 15063.000000 20.349863 1.578677 0.141836
 15066.000000 20.369977 1.585442 0.148283
 15069.000000 20.390808 1.567413 0.123305
 15072.000000 20.378095 1.585981 0.147633
 15075.000000 20.312276 1.590197 0.110094
 15078.000000 20.279728 1.582362 0.094213
 15081.000000 20.385125 1.581640 0.103709
 15084.000000 20.252266 1.580325 0.126612
 15087.000000 20.314757 1.574847 0.123182
 15090.000000 20.350596 1.573916 0.104624
 15093.000000 20.338374 1.568602 0.096408
 15096.000000 20.334746 1.588229 0.115011
 15099.000000 20.325375 1.592253 0.148127
 15102.000000 20.310146 1.577815 0.117193
 15105.000000 20.370364 1.592862 0.120509
 15108.000000 20.424605 1.573589 0.098628
 15111.000000 20.443661 1.566280 0.107313
 15114.000000 20.344706 1.569331 0.112124
 15117.000000 20.278590 1.587317 0.117904
 15120.000000 20.205033 1.593785 0.128017
 15123.000000 20.233104 1.594923 0.118691
 15126.000000 20.288246 1.585071 0.081148
 15129.000000 20.296507 1.588298 0.093545
 15132.000000 20.293089 1.572560 0.075671
 15135.000000 20.244976 1.587541 0.119832
 15138.000000 20.218832 1.560550 0.146344
 15141.000000 20.326595 1.586062 0.118994
 15144.000000 20.339405 1.573323 0.128040
 15147.000000 20.344096 1.579616 0.078340
 15150.000000 20.347613 1.549223 0.098929
 15153.000000 20.360483 1.551612 0.111241
 15156.000000 20.428033 1.555973 0.123844
 15159.000000 20.415560 1.556046 0.111016
 15162.000000 20.464408 1.551353 0.165802
 15165.000000 20.435936 1.554275 0.151710
 15168.000000 20.521672 1.553803 0.167258
 15171.000000 20.490086 1.542844 0.158553
 15174.000000 20.457548 1.546030 0.132519
 15177.000000 20.449330 1.532372 0.151225
 15180.000000 20.448353 1.518049 0.174837
 15183.000000 20.461434 1.530231 0.180737
 15186.000000 20.482489 1.551593 0.189369
 15189.000000 20.495686 1.548001 0.156549
 15192.000000 20.588189 1.548272 0.155769
 15195.000000 20.597915 1.570705 0.178911
 15198.000000 20.587995 1.587256 0.225664
 15201.000000 20.638354 1.603658 0.226544
 15204.000000 20.587334 1.577683 0.192747
 15207.000000 20.517844 1.574410 0.171877
 15210.000000 20.542958 1.603222 0.190479
 15213.000000 20.442107 1.617734 0.185760
 15216.000000 20.458134 1.621891 0.173297
 15219.000000 20.492369 1.619715 0.175501
 15222.000000 20.484863 1.596311 0.129260
 15225.000000 20.515739 1.603611 0.128597
 15228.000000 20.587439 1.632264 0.203978
 15231.000000 20.605005 1.597517 0.181321
 15234.000000 20.571563 1.594963 0.182700
 15237.000000 20.559775 1.604916 0.197144
 15240.000000 20.639323 1.587153 0.181823
 15243.000000 20.518805 1.563300 0.166317
 15246.000000 20.498160 1.573562 0.168417
 15249.000000 20.460449 1.587397 0.145813
 15252.000000 20.543442 1.581764 0.149960
 15255.000000 20.482402 1.573707 0.131195
 15258.000000 20.489052 1.570266 0.112209
 15261.000000 20.502788 1.572175 0.108667
 15264.000000 20.564427 1.584484 0.133484
 15267.000000 20.625747 1.584367 0.129866
 15270.000000 20.643093 1.578606 0.097193
 15273.000000 20.565225 1.590713 0.113295
 15276.000000 20.575403 1.588844 0.141031
 15279.000000 20.664708 1.562834 0.100273
 15282.000000 20.624704 1.578276 0.097690
 15285.000000 20.585801 1.601921 0.098369
 15288.000000 20.583988 1.609206 0.136141
 15291.000000 20.541796 1.606923 0.174927
 15294.000000 20.622757 1.604496 0.147642
 15297.000000 20.600432 1.587388 0.142264
 15300.000000 20.489793 1.574829 0.098031
 15303.000000 20.520791 1.609692 0.121993
 15306.000000 20.461481 1.631356 0.143528
 15309.000000 20.465850 1.589552 0.135331
 15312.000000 20.408796 1.591480 0.148766
 15315.000000 20.420919 1.581934 0.153833
 15318.000000 20.453371 1.551639 0.144677
 15321.000000 20.546205 1.560693 0.165366
 15324.000000 20.586173 1.566652 0.168535
 15327.000000 20.533909 1.551435 0.177967
 15330.000000 20.566685 1.548055 0.160976
 15333.000000 20.481431 1.540400 0.163038
 15336.000000 20.460883 1.559794 0.172496
 15339.000000 20.455315 1.549241 0.186709
 15342.000000 20.498468 1.553582 0.202049
 15345.000000 20.556965 1.552746 0.191493
 15348.000000 20.556869 1.556007 0.199543
 15351.000000 20.584769 1.570228 0.202663
 15354.000000 20.495838 1.563483 0.134727
 15357.000000 20.479930 1.548851 0.147113
 15360.000000 20.460780 1.544966 0.150637
 15363.000000 20.516707 1.560981 0.152462
 15366.000000 20.440189 1.564425 0.174299
 15369.000000 20.514943 1.568043 0.183380
 15372.000000 20.462309 1.570470 0.179559
 15375.000000 20.468025 1.569629 0.174963
 15378.000000 20.413505 1.585243 0.206112
 15381.000000 20.468792 1.576509 0.199697
 15384.000000 20.523751 1.584385 0.191363
 15387.000000 20.482688 1.573562 0.193614
 15390.000000 20.500615 1.571819 0.168909
 15393.000000 20.522826 1.577558 0.172293
 15396.000000 20.580537 1.549593 0.143404
 15399.000000 20.557567 1.535809 0.147860
 15402.000000 20.623925 1.546471 0.169433
 15405.000000 20.623787 1.558693 0.137812
 15408.000000 20.582362 1.565432 0.170769
 15411.000000 20.533580 1.559770 0.147540
 15414.000000 20.642212 1.550388 0.132914
 15417.000000 20.579542 1.565686 0.154684
 15420.000000 20.617750 1.542613 0.091358
 15423.000000 20.588344 1.560623 0.136683
 15426.000000 20.583884 1.589059 0.163373
 15429.000000 20.588806 1.575124 0.181508
 15432.000000 20.522973 1.576324 0.171341
 15435.000000 20.506309 1.584215 0.198608
 15438.000000 20.480707 1.553091 0.201024
 15441.000000 20.524848 1.566672 0.205126
 15444.000000 20.547178 1.597464 0.206843
 15447.000000 20.630738 1.578429 0.162367
 15450.000000 20.561626 1.572611 0.200079
 15453.000000 20.465462 1.571845 0.203239
 15456.000000 20.454940 1.564691 0.181561
 15459.000000 20.357176 1.559974 0.200107
 15462.000000 20.415007 1.560796 0.202966
 15465.000000 20.402802 1.536148 0.147380
 15468.000000 20.396003 1.545446 0.174048
 15471.000000 20.412359 1.539432 0.166904
 15474.000000 20.337851 1.546494 0.172314
 15477.000000 20.368578 1.526428 0.174108
 15480.000000 20.370711 1.556614 0.171164
 15483.000000 20.311137 1.536559 0.153203
 15486.000000 20.399343 1.537542 0.150419
 15489.000000 20.432696 1.543153 0.133838
 15492.000000 20.496930 1.541067 0.134219
 15495.000000 20.440889 1.533846 0.130680
 15498.000000 20.547968 1.537757 0.118264
 15501.000000 20.553158 1.518411 0.092931
 15504.000000 20.540211 1.555541 0.118616
 15507.000000 20.508799 1.575517 0.135382
 15510.000000 20.563244 1.540256 0.122896
 15513.000000 20.586757 1.544580 0.118878
 15516.000000 20.555186 1.544726 0.117880
 15519.000000 20.535361 1.544672 0.104265
 15522.000000 20.631225 1.512853 0.097735
 15525.000000 20.530011 1.505149 0.124728
 15528.000000 20.545464 1.550623 0.143142
 15531.000000 20.499836 1.541946 0.154699
 15534.000000 20.482478 1.565640 0.167340
 15537.000000 20.446811 1.577050 0.198347
 15540.000000 20.471641 1.572354 0.155292
 15543.000000 20.555709 1.571857 0.165735
 15546.000000 20.440425 1.555109 0.128434
 15549.000000 20.596265 1.533466 0.138559
 15552.000000 20.630098 1.542105 0.155389
 15555.000000 20.621653 1.556328 0.145180
 15558.000000 20.576805 1.571307 0.173501
 15561.000000 20.625820 1.536523 0.164931
 15564.000000 20.668167 1.525469 0.149686
 15567.000000 20.674060 1.530574 0.144309
 15570.000000 20.607335 1.530344 0.138281
 15573.000000 20.656694 1.545974 0.182245
 15576.000000 20.682369 1.545930 0.168152
 15579.000000 20.668831 1.523272 0.151240
 15582.000000 20.750710 1.507569 0.148010
 15585.000000 20.594130 1.499282 0.121539
 15588.000000 20.651738 1.510673 0.115458
 15591.000000 20.652569 1.527167 0.162337
 15594.000000 20.561730 1.506859 0.138091
 15597.000000 20.629925 1.544193 0.155054
 15600.000000 20.604859 1.564149 0.166620
 15603.000000 20.573428 1.573159 0.139075
 15606.000000 20.609513 1.572732 0.149849
 15609.000000 20.643283 1.537589 0.125773
 15612.000000 20.623854 1.555486 0.124086
 15615.000000 20.512406 1.520440 0.090094
 15618.000000 20.588516 1.575037 0.136455
 15621.000000 20.695573 1.564266 0.115926
 15624.000000 20.672393 1.572385 0.118698
 15627.000000 20.582034 1.569659 0.082972
 15630.000000 20.616935 1.602431 0.113289
 15633.000000 20.641284 1.596351 0.116476
 15636.000000 20.622960 1.613089 0.162580
 15639.000000 20.565983 1.601899 0.179226
 15642.000000 20.535936 1.573465 0.142309
 15645.000000 20.450418 1.570393 0.167625
 15648.000000 20.448789 1.561010 0.141219
 15651.000000 20.305471 1.574569 0.137804
 15654.000000 20.354044 1.576950 0.156332
 15657.000000 20.349679 1.603916 0.174669
 15660.000000 20.380688 1.622428 0.195789
 15663.000000 20.420888 1.623401 0.165705
 15666.000000 20.395228 1.617303 0.177642
 15669.000000 20.439198 1.605275 0.154462
 15672.000000 20.430285 1.596166 0.146515
 15675.000000 20.428488 1.630235 0.183797
 15678.000000 20.467444 1.606028 0.108072
 15681.000000 20.429739 1.609736 0.113509
 15684.000000 20.489400 1.602938 0.085431
 15687.000000 20.441072 1.607453 0.111707
 15690.000000 20.400701 1.619547 0.148283
 15693.000000 20.472856 1.618571 0.162217
 15696.000000 20.471910 1.621048 0.138443
 15699.000000 20.475077 1.615076 0.162333
 15702.000000 20.510631 1.623043 0.172118
 15705.000000 20.528616 1.625987 0.186613
 15708.000000 20.530332 1.640523 0.205605
 15711.000000 20.451925 1.634084 0.232611
 15714.000000 20.421248 1.608053 0.215349
 15717.000000 20.467849 1.597963 0.199022
 15720.000000 20.451070 1.606078 0.222148
 15723.000000 20.427523 1.602240 0.175130
 15726.000000 20.418563 1.567892 0.138022
 15729.000000 20.410809 1.597099 0.194938
 15732.000000 20.513661 1.607349 0.180604
 15735.000000 20.448038 1.616529 0.175696
 15738.000000 20.361414 1.608515 0.188632
 15741.000000 20.428610 1.588599 0.160477
 15744.000000 20.432368 1.596622 0.158824
 15747.000000 20.324740 1.607651 0.159169
 15750.000000 20.306679 1.590318 0.181541
 15753.000000 20.343034 1.576697 0.134992
 15756.000000 20.420982 1.550224 0.160138
 15759.000000 20.447938 1.544615 0.184862
 15762.000000 20.492656 1.548748 0.136797
 15765.000000 20.452013 1.570862 0.125629
 15768.000000 20.479883 1.558525 0.085680
 15771.000000 20.360638 1.547357 0.078167
 15774.000000 20.337798 1.540864 0.127800
 15777.000000 20.425679 1.554946 0.164920
 15780.000000 20.501681 1.563825 0.176134
 15783.000000 20.383875 1.565721 0.158308
 15786.000000 20.441234 1.565977 0.184191
 15789.000000 20.394952 1.563973 0.209404
 15792.000000 20.343524 1.544877 0.176016
 15795.000000 20.352510 1.527397 0.147075
 15798.000000 20.386588 1.538416 0.145838
 15801.000000 20.431753 1.538980 0.182619
 15804.000000 20.378855 1.536970 0.162055
 15807.000000 20.347760 1.583038 0.201547
 15810.000000 20.304228 1.564764 0.189779
 15813.000000 20.307894 1.559225 0.190367
 15816.000000 20.418993 1.565488 0.187516
 15819.000000 20.367674 1.561705 0.160138
 15822.000000 20.340090 1.569687 0.154119
 15825.000000 20.322335 1.556946 0.120651
 15828.000000 20.319717 1.570440 0.086714
 15831.000000 20.371108 1.578588 0.121407
 15834.000000 20.366008 1.580924 0.119928
 15837.000000 20.432709 1.589582 0.094075
 15840.000000 20.413970 1.583472 0.125923
 15843.000000 20.473448 1.561214 0.134236
 15846.000000 20.502323 1.583681 0.180711
 15849.000000 20.527950 1.560949 0.157948
 15852.000000 20.449828 1.574027 0.164044
 15855.000000 20.567155 1.568357 0.168751
 15858.000000 20.518638 1.556949 0.145263
 15861.000000 20.471038 1.609810 0.203463
 15864.000000 20.558882 1.610393 0.176197
 15867.000000 20.617534 1.575868 0.143287
 15870.000000 20.624794 1.551262 0.131988
 15873.000000 20.631373 1.582024 0.151649
 15876.000000 20.663929 1.573868 0.142436
 15879.000000 20.664804 1.555009 0.127217
 15882.000000 20.652356 1.556943 0.109896
 15885.000000 20.607494 1.575065 0.139771
 15888.000000 20.548309 1.560400 0.145994
 15891.000000 20.562493 1.598974 0.191088
 15894.000000 20.518887 1.577884 0.146765
 15897.000000 20.488788 1.616680 0.159774
 15900.000000 20.454784 1.598643 0.151489
 15903.000000 20.480185 1.613879 0.156701
 15906.000000 20.385918 1.632844 0.148667
 15909.000000 20.443750 1.614796 0.123076
 15912.000000 20.356908 1.637005 0.158159
 15915.000000 20.400041 1.637329 0.173118
 15918.000000 20.411700 1.624596 0.176477
 15921.000000 20.476356 1.639977 0.186681
 15924.000000 20.450853 1.640989 0.157062
 15927.000000 20.472501 1.647737 0.175656
 15930.000000 20.498908 1.662045 0.207578
 15933.000000 20.468350 1.637887 0.179405
 15936.000000 20.449787 1.644131 0.192695
 15939.000000 20.444403 1.629383 0.168373
 15942.000000 20.460267 1.662189 0.203366
 15945.000000 20.424484 1.654783 0.203426
 15948.000000 20.444904 1.656437 0.175331
 15951.000000 20.421120 1.645384 0.171790
 15954.000000 20.410044 1.612417 0.132612
 15957.000000 20.370184 1.615175 0.142996
 15960.000000 20.376301 1.630428 0.177403
 15963.000000 20.394009 1.624745 0.177132
 15966.000000 20.364911 1.622013 0.179729
 15969.000000 20.415536 1.609368 0.135023
 15972.000000 20.455826 1.613485 0.130401
 15975.000000 20.441540 1.600113 0.122415
 15978.000000 20.508234 1.596682 0.156035
 15981.000000 20.493913 1.630556 0.181780
 15984.000000 20.556092 1.631834 0.158294
 15987.000000 20.643269 1.618356 0.143062
 15990.000000 20.650593 1.621154 0.167721
 15993.000000 20.678360 1.621920 0.122194
 15996.000000 20.655843 1.614195 0.102431
 15999.000000 20.617214 1.647552 0.145745
 16002.000000 20.662143 1.643717 0.132617
 16005.000000 20.648472 1.635422 0.118182
 16008.000000 20.653003 1.636242 0.123623
 16011.000000 20.674039 1.641908 0.134800
 16014.000000 20.635884 1.638379 0.135192
 16017.000000 20.622572 1.628759 0.149516
 16020.000000 20.592853 1.636069 0.129472
 16023.000000 20.561524 1.596122 0.088647
 16026.000000 20.531607 1.597786 0.090381
 16029.000000 20.491181 1.594215 0.062099
 16032.000000 20.545209 1.583462 0.092309
 16035.000000 20.575806 1.608233 0.133861
 16038.000000 20.491884 1.609067 0.134835
 16041.000000 20.525491 1.589121 0.109437
 16044.000000 20.425335 1.606211 0.133347
 16047.000000 20.508894 1.587784 0.094996
 16050.000000 20.500056 1.592971 0.115161
 16053.000000 20.545620 1.608117 0.138380
 16056.000000 20.552370 1.600726 0.131556
 16059.000000 20.517626 1.572615 0.141296
 16062.000000 20.536253 1.597604 0.163737
 16065.000000 20.555550 1.576352 0.142351
 16068.000000 20.569677 1.591778 0.157375
 16071.000000 20.637218 1.589371 0.170653
 16074.000000 20.543832 1.584533 0.145177
 16077.000000 20.539946 1.589694 0.168428
 16080.000000 20.555410 1.597035 0.165953
 16083.000000 20.615887 1.593625 0.137377
 16086.000000 20.648674 1.558816 0.127877
 16089.000000 20.638942 1.577088 0.116332
 16092.000000 20.648813 1.593338 0.158681
 16095.000000 20.636940 1.567918 0.157980
 16098.000000 20.629725 1.546726 0.191761
 16101.000000 20.563800 1.550032 0.208853
 16104.000000 20.533484 1.545152 0.210268
 16107.000000 20.565917 1.553309 0.185146
 16110.000000 20.552128 1.543623 0.214908
 16113.000000 20.470056 1.559672 0.186125
 16116.000000 20.467898 1.560855 0.182943
 16119.000000 20.526404 1.581862 0.135240
 16122.000000 20.450520 1.610288 0.159456
 16125.000000 20.440075 1.594639 0.123362
 16128.000000 20.520553 1.597682 0.143151
 16131.000000 20.563215 1.592584 0.118636
 16134.000000 20.498223 1.591707 0.137390
 16137.000000 20.494733 1.577144 0.134047
 16140.000000 20.470343 1.573989 0.091366
 16143.000000 20.432603 1.574898 0.122128
 16146.000000 20.434798 1.558787 0.115821
 16149.000000 20.411342 1.557119 0.109206
 16152.000000 20.441643 1.562646 0.105538
 16155.000000 20.421005 1.562095 0.077675
 16158.000000 20.363682 1.558240 0.075401
 16161.000000 20.305904 1.548198 0.086884
 16164.000000 20.352252 1.528013 0.097587
 16167.000000 20.415990 1.553405 0.110380
 16170.000000 20.302216 1.567292 0.071341
 16173.000000 20.283643 1.556581 0.078034
 16176.000000 20.308905 1.551798 0.088390
 16179.000000 20.371915 1.553177 0.072632
 16182.000000 20.359958 1.596500 0.096717
 16185.000000 20.330540 1.599029 0.113917
 16188.000000 20.257219 1.593610 0.099012
 16191.000000 20.226465 1.572055 0.076495
 16194.000000 20.195532 1.586229 0.032353
 16197.000000 20.239006 1.619741 0.072730
 16200.000000 20.171821 1.603190 0.096042
 16203.000000 20.219755 1.580345 0.071990
 16206.000000 20.204724 1.578278 0.140280
 16209.000000 20.214048 1.589440 0.118419
 16212.000000 20.256152 1.568357 0.094336
 16215.000000 20.289055 1.596506 0.108984
 16218.000000 20.254567 1.586936 0.114560
 16221.000000 20.377099 1.591479 0.123235
 16224.000000 20.350324 1.574417 0.113418
 16227.000000 20.408205 1.567558 0.059300
 16230.000000 20.305414 1.594293 0.085903
 16233.000000 20.257641 1.609556 0.145344
 16236.000000 20.346266 1.610553 0.154169
 16239.000000 20.383347 1.615999 0.139729
 16242.000000 20.354297 1.617417 0.125010
 16245.000000 20.376503 1.636431 0.146089
 16248.000000 20.378427 1.614694 0.162717
 16251.000000 20.501827 1.625893 0.139970
 16254.000000 20.391774 1.628960 0.135819
 16257.000000 20.415152 1.650119 0.136580
 16260.000000 20.370921 1.634574 0.150916
 16263.000000 20.461498 1.636659 0.132842
 16266.000000 20.440094 1.633096 0.166547
 16269.000000 20.392534 1.619389 0.170040
 16272.000000 20.418849 1.615442 0.148301
 16275.000000 20.428701 1.625157 0.179413
 16278.000000 20.426377 1.608353 0.136700
 16281.000000 20.418467 1.622955 0.140553
 16284.000000 20.489102 1.635868 0.119377
 16287.000000 20.516273 1.633680 0.120804
 16290.000000 20.597617 1.617640 0.136764
 16293.000000 20.469144 1.603836 0.116625
 16296.000000 20.446041 1.607341 0.155072
 16299.000000 20.436888 1.599147 0.188584
 16302.000000 20.411354 1.600498 0.129218
 16305.000000 20.486989 1.593997 0.107669
 16308.000000 20.433855 1.620402 0.119023
 16311.000000 20.479653 1.606273 0.108187
 16314.000000 20.489030 1.586764 0.078195
 16317.000000 20.583373 1.588548 0.078054
 16320.000000 20.521432 1.607388 0.119216
 16323.000000 20.475879 1.621643 0.081771
 16326.000000 20.425383 1.609832 0.082944
 16329.000000 20.462928 1.613557 0.085586
 16332.000000 20.450624 1.624585 0.126811
 16335.000000 20.485797 1.615140 0.110563
 16338.000000 20.533875 1.618132 0.149975
 16341.000000 20.489850 1.586288 0.145280
 16344.000000 20.502674 1.612232 0.153874
 16347.000000 20.391469 1.600354 0.160510
 16350.000000 20.394414 1.592196 0.177674
 16353.000000 20.379184 1.592504 0.188573
 16356.000000 20.358905 1.579773 0.181432
 16359.000000 20.337058 1.576780 0.147867
 16362.000000 20.351680 1.578883 0.133482
 16365.000000 20.231455 1.576097 0.144062
 16368.000000 20.332283 1.594539 0.098137
 16371.000000 20.292238 1.594270 0.139571
 16374.000000 20.380973 1.575275 0.108591
 16377.000000 20.441865 1.577996 0.116541
 16380.000000 20.515609 1.558677 0.135484
 16383.000000 20.480588 1.556333 0.143442
 16386.000000 20.393060 1.562830 0.165480
 16389.000000 20.520605 1.579401 0.164672
 16392.000000 20.641868 1.619437 0.163792
 16395.000000 20.543204 1.622002 0.162309
 16398.000000 20.553098 1.610290 0.146802
 16401.000000 20.517813 1.582353 0.131355
 16404.000000 20.498806 1.591517 0.147404
 16407.000000 20.383684 1.615649 0.195311
 16410.000000 20.473498 1.632288 0.168009
 16413.000000 20.489318 1.614248 0.166389
 16416.000000 20.490096 1.586030 0.147875
 16419.000000 20.607918 1.595541 0.114133
 16422.000000 20.619867 1.634816 0.171091
 16425.000000 20.616785 1.607271 0.122487
 16428.000000 20.642112 1.593235 0.179441
 16431.000000 20.599420 1.593220 0.194400
 16434.000000 20.518781 1.606744 0.183059
 16437.000000 20.570344 1.607988 0.162898
 16440.000000 20.592040 1.584267 0.147605
 16443.000000 20.617974 1.581761 0.156510
 16446.000000 20.695931 1.602483 0.205064
 16449.000000 20.696493 1.583275 0.158427
 16452.000000 20.622229 1.577988 0.175415
 16455.000000 20.564755 1.569964 0.147991
 16458.000000 20.585024 1.595547 0.195214
 16461.000000 20.677599 1.594704 0.185024
 16464.000000 20.598391 1.577357 0.213542
 16467.000000 20.616755 1.570584 0.205538
 16470.000000 20.611276 1.585373 0.179820
 16473.000000 20.686547 1.560679 0.153146
 16476.000000 20.654450 1.562911 0.136392
 16479.000000 20.669851 1.558956 0.123291
 16482.000000 20.609966 1.567566 0.139631
 16485.000000 20.629213 1.571852 0.161376
 16488.000000 20.708721 1.571613 0.144694
 16491.000000 20.674639 1.596919 0.146153
 16494.000000 20.752269 1.569550 0.114000
 16497.000000 20.741535 1.579659 0.109759
 16500.000000 20.681858 1.589310 0.079242
 16503.000000 20.666633 1.581326 0.105677
 16506.000000 20.567854 1.579789 0.108853
 16509.000000 20.577066 1.606441 0.145966
 16512.000000 20.562154 1.578788 0.114836
 16515.000000 20.595858 1.581727 0.120402
 16518.000000 20.627757 1.576558 0.119140
 16521.000000 20.595078 1.587937 0.107841
 16524.000000 20.528299 1.581547 0.098486
 16527.000000 20.423701 1.597005 0.141674
 16530.000000 20.373905 1.570936 0.097506
 16533.000000 20.278768 1.569382 0.137197
 16536.000000 20.314583 1.563701 0.143380
 16539.000000 20.360786 1.587640 0.159733
 16542.000000 20.214882 1.584766 0.161369
 16545.000000 20.345722 1.567690 0.130485
 16548.000000 20.377024 1.551832 0.109642
 16551.000000 20.438439 1.562205 0.117881
 16554.000000 20.495283 1.532901 0.081052
 16557.000000 20.461258 1.527774 0.126462
 16560.000000 20.445951 1.545857 0.123085
 16563.000000 20.456842 1.511750 0.108023
 16566.000000 20.485127 1.529330 0.135942
 16569.000000 20.470938 1.529511 0.123436
 16572.000000 20.446269 1.521344 0.127466
 16575.000000 20.340242 1.557838 0.165061
 16578.000000 20.317780 1.548941 0.133909
 16581.000000 20.295944 1.568527 0.151433
 16584.000000 20.363480 1.548406 0.156057
 16587.000000 20.350015 1.542418 0.153883
 16590.000000 20.349943 1.556739 0.160901
 16593.000000 20.357248 1.560100 0.160153
 16596.000000 20.382680 1.551615 0.181451
 16599.000000 20.274335 1.550888 0.155684
 16602.000000 20.278058 1.583830 0.150094
 16605.000000 20.277108 1.578275 0.129928
 16608.000000 20.222803 1.552130 0.140284
 16611.000000 20.225964 1.551700 0.136841
 16614.000000 20.203168 1.562765 0.126411
 16617.000000 20.250832 1.539949 0.092468
 16620.000000 20.280158 1.566124 0.104308
 16623.000000 20.279988 1.572859 0.140949
 16626.000000 20.277210 1.583100 0.179429
 16629.000000 20.340005 1.576530 0.128782
 16632.000000 20.252607 1.578371 0.147775
 16635.000000 20.202272 1.580552 0.124230
 16638.000000 20.269553 1.577058 0.146196
 16641.000000 20.321987 1.596138 0.157352
 16644.000000 20.330963 1.576330 0.168356
 16647.000000 20.331288 1.572019 0.138857
 16650.000000 20.285270 1.558420 0.133230
 16653.000000 20.324765 1.568539 0.127631
 16656.000000 20.366318 1.571032 0.115283
 16659.000000 20.342125 1.582898 0.154172
 16662.000000 20.338089 1.583954 0.187385
 16665.000000 20.334714 1.584675 0.187675
 16668.000000 20.315818 1.580277 0.173788
 16671.000000 20.326829 1.573860 0.178158
 16674.000000 20.379765 1.560515 0.197142
 16677.000000 20.299877 1.564504 0.147363
 16680.000000 20.282578 1.549315 0.138880
 16683.000000 20.431148 1.535972 0.129151
 16686.000000 20.419161 1.560505 0.145015
 16689.000000 20.411119 1.553051 0.152403
 16692.000000 20.408573 1.559732 0.181976
 16695.000000 20.445139 1.535451 0.168205
 16698.000000 20.462369 1.540884 0.157029
 16701.000000 20.489388 1.528701 0.154806
 16704.000000 20.447151 1.534971 0.149904
 16707.000000 20.465841 1.517224 0.153621
 16710.000000 20.474685 1.529946 0.178984
 16713.000000 20.578222 1.548651 0.223740
 16716.000000 20.563827 1.567627 0.231320
 16719.000000 20.546645 1.572109 0.212961
 16722.000000 20.459099 1.570749 0.200155
 16725.000000 20.378704 1.560892 0.192479
 16728.000000 20.441883 1.540161 0.153311
 16731.000000 20.384753 1.538285 0.152030
 16734.000000 20.510752 1.520333 0.121552
 16737.000000 20.455650 1.527474 0.111172
 16740.000000 20.556276 1.554767 0.144203
 16743.000000 20.558053 1.540113 0.119824
 16746.000000 20.600050 1.563937 0.128363
 16749.000000 20.603455 1.559104 0.117856
 16752.000000 20.707717 1.550124 0.108895
 16755.000000 20.704205 1.555677 0.079028
 16758.000000 20.622961 1.522349 0.092028
 16761.000000 20.702390 1.543414 0.109579
 16764.000000 20.671584 1.550397 0.113956
 16767.000000 20.627103 1.545583 0.076029
 16770.000000 20.619905 1.576863 0.120089
 16773.000000 20.590245 1.570632 0.115369
 16776.000000 20.572879 1.583121 0.146948
 16779.000000 20.553179 1.594586 0.139446
 16782.000000 20.611381 1.561330 0.138797
 16785.000000 20.607398 1.573770 0.168041
 16788.000000 20.584726 1.559055 0.142811
 16791.000000 20.526643 1.553247 0.128682
 16794.000000 20.653307 1.575757 0.113475
 16797.000000 20.621449 1.568613 0.127294
 16800.000000 20.523529 1.570252 0.125551
 16803.000000 20.542559 1.573964 0.149141
 16806.000000 20.534595 1.555811 0.106586
 16809.000000 20.501436 1.563384 0.118766
 16812.000000 20.518999 1.571626 0.143653
 16815.000000 20.458188 1.570446 0.122991
 16818.000000 20.389098 1.515124 0.155889
 16821.000000 20.383676 1.539227 0.152698
 16824.000000 20.351298 1.530563 0.164001
 16827.000000 20.481187 1.534159 0.165732
 16830.000000 20.474302 1.503063 0.135540
 16833.000000 20.506395 1.530131 0.126532
 16836.000000 20.456073 1.551972 0.173283
 16839.000000 20.500934 1.565599 0.150708
 16842.000000 20.467611 1.549956 0.155067
 16845.000000 20.459506 1.565833 0.172352
 16848.000000 20.500689 1.568902 0.182768
 16851.000000 20.560103 1.532105 0.203030
 16854.000000 20.511965 1.548187 0.180491
 16857.000000 20.593348 1.568522 0.162766
 16860.000000 20.569824 1.559484 0.155012
 16863.000000 20.553836 1.555156 0.181635
 16866.000000 20.561708 1.566314 0.140277
 16869.000000 20.582396 1.561138 0.158024
 16872.000000 20.555579 1.547636 0.123868
 16875.000000 20.535410 1.531416 0.137094
 16878.000000 20.501868 1.567072 0.160070
 16881.000000 20.562929 1.535323 0.142063
 16884.000000 20.600223 1.558160 0.141397
 16887.000000 20.627483 1.577864 0.168740
 16890.000000 20.683152 1.591956 0.181854
 16893.000000 20.616956 1.609327 0.157730
 16896.000000 20.595772 1.590349 0.146224
 16899.000000 20.481035 1.599500 0.158340
 16902.000000 20.496022 1.571867 0.090122
 16905.000000 20.452672 1.586372 0.151934
 16908.000000 20.526658 1.554470 0.196493
 16911.000000 20.529279 1.537731 0.173858
 16914.000000 20.450360 1.566241 0.207312
 16917.000000 20.492433 1.560582 0.234455
 16920.000000 20.423806 1.545099 0.221445
 16923.000000 20.463639 1.532550 0.184024
 16926.000000 20.424557 1.532746 0.218023
 16929.000000 20.470497 1.530380 0.198930
 16932.000000 20.420567 1.516996 0.172146
 16935.000000 20.350439 1.544097 0.194953
 16938.000000 20.401722 1.566070 0.238592
 16941.000000 20.415807 1.571794 0.196930
 16944.000000 20.439223 1.592834 0.207998
 16947.000000 20.465260 1.589832 0.210821
 16950.000000 20.418189 1.586345 0.201574
 16953.000000 20.478308 1.587031 0.184284
 16956.000000 20.561969 1.585264 0.182340
 16959.000000 20.549136 1.579560 0.164289
 16962.000000 20.545583 1.576285 0.172798
 16965.000000 20.538421 1.587973 0.135235
 16968.000000 20.481642 1.611441 0.158675
 16971.000000 20.556622 1.583370 0.127859
 16974.000000 20.530908 1.560548 0.146282
 16977.000000 20.549538 1.562579 0.138401
 16980.000000 20.557998 1.580885 0.150269
 16983.000000 20.529828 1.556655 0.115870
 16986.000000 20.579755 1.584644 0.116675
 16989.000000 20.525520 1.578411 0.127753
 16992.000000 20.566113 1.588219 0.125057
 16995.000000 20.516175 1.590840 0.122864
 16998.000000 20.567733 1.581952 0.135286
 17001.000000 20.624830 1.570205 0.104837
 17004.000000 20.501048 1.566940 0.172423
 17007.000000 20.496638 1.580422 0.165250
 17010.000000 20.480086 1.589991 0.140344
 17013.000000 20.548757 1.583422 0.157568
 17016.000000 20.626778 1.616402 0.192150
 17019.000000 20.611068 1.589509 0.179287
 17022.000000 20.625137 1.575791 0.162206
 17025.000000 20.662763 1.574637 0.187527
 17028.000000 20.663892 1.558975 0.208403
 17031.000000 20.674082 1.575722 0.150434
 17034.000000 20.658398 1.592586 0.157699
 17037.000000 20.599135 1.597163 0.106076
 17040.000000 20.534405 1.566681 0.115708
 17043.000000 20.496657 1.573203 0.099898
 17046.000000 20.584738 1.555134 0.153024
 17049.000000 20.653228 1.565439 0.182475
 17052.000000 20.599819 1.551826 0.164082
 17055.000000 20.573271 1.558442 0.180597
 17058.000000 20.521399 1.521301 0.138381
 17061.000000 20.658314 1.563763 0.150930
 17064.000000 20.659559 1.546151 0.154649
 17067.000000 20.571428 1.548060 0.175901
 17070.000000 20.582681 1.535177 0.145314
 17073.000000 20.554133 1.549642 0.175357
 17076.000000 20.633039 1.529389 0.183899
 17079.000000 20.574408 1.541031 0.170529
 17082.000000 20.632609 1.563980 0.176888
 17085.000000 20.660973 1.566159 0.181481
 17088.000000 20.624318 1.549912 0.180626
 17091.000000 20.709619 1.562183 0.201378
 17094.000000 20.759034 1.573194 0.254622
 17097.000000 20.740735 1.587484 0.255250
 17100.000000 20.673099 1.556222 0.234056
 17103.000000 20.687764 1.574502 0.236229
 17106.000000 20.787350 1.557826 0.231314
 17109.000000 20.802139 1.565333 0.225794
 17112.000000 20.879163 1.557679 0.225101
 17115.000000 20.866250 1.542387 0.208231
 17118.000000 20.840759 1.560721 0.205076
 17121.000000 20.841925 1.556469 0.208706
 17124.000000 20.929522 1.549347 0.179276
 17127.000000 20.889761 1.570444 0.216445
 17130.000000 20.877776 1.555244 0.219215
 17133.000000 20.885424 1.584093 0.206858
 17136.000000 20.857846 1.554608 0.214771
 17139.000000 20.929188 1.555778 0.185284
 17142.000000 20.936408 1.543618 0.163878
 17145.000000 20.875108 1.541636 0.171481
 17148.000000 20.842314 1.571248 0.184562
 17151.000000 20.725126 1.559662 0.131667
 17154.000000 20.701258 1.573551 0.154173
 17157.000000 20.721059 1.594225 0.191524
 17160.000000 20.617248 1.587471 0.163354
 17163.000000 20.644613 1.579640 0.161251
 17166.000000 20.574758 1.590137 0.120166
 17169.000000 20.573156 1.601181 0.171195
 17172.000000 20.595867 1.569975 0.146670
 17175.000000 20.615971 1.589114 0.139627
 17178.000000 20.573671 1.619299 0.188201
 17181.000000 20.597806 1.608304 0.187236
 17184.000000 20.574652 1.610586 0.194351
 17187.000000 20.582151 1.604602 0.189911
 17190.000000 20.549093 1.589287 0.182867
 17193.000000 20.527005 1.596263 0.211382
 17196.000000 20.411027 1.592248 0.210003
 17199.000000 20.452542 1.599488 0.173663
 17202.000000 20.434169 1.589266 0.165319
 17205.000000 20.399347 1.608459 0.157490
 17208.000000 20.423419 1.612115 0.164817
 17211.000000 20.381891 1.626427 0.135802
 17214.000000 20.357244 1.631622 0.147066
 17217.000000 20.366481 1.627626 0.163845
 17220.000000 20.318119 1.600176 0.138207
 17223.000000 20.370210 1.609075 0.147531
 17226.000000 20.395048 1.610490 0.171837
 17229.000000 20.376664 1.610876 0.178718
 17232.000000 20.242988 1.614076 0.215663
 17235.000000 20.293748 1.605539 0.207549
 17238.000000 20.259736 1.615451 0.149288
 17241.000000 20.289532 1.628129 0.157802
 17244.000000 20.217211 1.596143 0.135797
 17247.000000 20.326734 1.624439 0.137426
 17250.000000 20.265118 1.645688 0.178426
 17253.000000 20.252974 1.613341 0.174645
 17256.000000 20.293763 1.615465 0.168493
 17259.000000 20.242055 1.616133 0.148372
 17262.000000 20.284679 1.598475 0.163226
 17265.000000 20.369826 1.573744 0.121314
 17268.000000 20.450607 1.607202 0.159435
 17271.000000 20.386492 1.615271 0.169741
 17274.000000 20.371586 1.605302 0.180808
 17277.000000 20.401323 1.605407 0.158054
 17280.000000 20.425702 1.615367 0.191123
 17283.000000 20.393787 1.631996 0.202075
 17286.000000 20.330823 1.632228 0.203021
 17289.000000 20.293058 1.629651 0.181949
 17292.000000 20.421026 1.606670 0.182545
 17295.000000 20.346104 1.587331 0.141189
 17298.000000 20.354236 1.591944 0.151139
 17301.000000 20.447087 1.595292 0.136492
 17304.000000 20.288215 1.579167 0.156538
 17307.000000 20.353173 1.589231 0.174387
 17310.000000 20.345422 1.592080 0.182750
 17313.000000 20.399514 1.604863 0.195018
 17316.000000 20.322264 1.576633 0.216729
 17319.000000 20.396563 1.546936 0.217402
 17322.000000 20.414064 1.562443 0.193884
 17325.000000 20.395011 1.524891 0.154145
 17328.000000 20.303987 1.552251 0.207805
 17331.000000 20.282546 1.565646 0.196334
 17334.000000 20.454131 1.574802 0.204711
 17337.000000 20.491495 1.575319 0.191001
 17340.000000 20.471851 1.568048 0.147993
 17343.000000 20.526098 1.567037 0.190649
 17346.000000 20.529837 1.541205 0.175966
 17349.000000 20.514841 1.563841 0.215060
 17352.000000 20.609612 1.567615 0.194534
 17355.000000 20.540150 1.549910 0.138111
 17358.000000 20.540530 1.586612 0.171139
 17361.000000 20.491289 1.582464 0.160630
 17364.000000 20.526536 1.575951 0.154724
 17367.000000 20.521616 1.565971 0.162542
 17370.000000 20.508078 1.575896 0.167751
 17373.000000 20.403156 1.567146 0.153661
 17376.000000 20.443133 1.590584 0.169506
 17379.000000 20.498630 1.585374 0.189936
 17382.000000 20.509157 1.575010 0.199277
 17385.000000 20.533189 1.554257 0.205915
 17388.000000 20.564030 1.566306 0.178381
 17391.000000 20.650034 1.577024 0.206384
 17394.000000 20.663817 1.533524 0.196493
 17397.000000 20.626556 1.567796 0.196338
 17400.000000 20.601462 1.553922 0.175736
 17403.000000 20.585066 1.573088 0.202831
 17406.000000 20.602985 1.561353 0.165702
 17409.000000 20.628744 1.579204 0.173416
 17412.000000 20.552830 1.563415 0.135693
 17415.000000 20.514487 1.589328 0.156374
 17418.000000 20.384209 1.572681 0.136777
 17421.000000 20.476380 1.585460 0.150707
 17424.000000 20.404125 1.584810 0.153537
 17427.000000 20.353710 1.601831 0.150587
 17430.000000 20.360880 1.603779 0.107485
 17433.000000 20.342446 1.625392 0.097399
 17436.000000 20.434328 1.623252 0.093045
 17439.000000 20.468452 1.593895 0.096579
 17442.000000 20.429974 1.626330 0.116437
 17445.000000 20.430117 1.614441 0.104462
 17448.000000 20.486697 1.607103 0.110890
 17451.000000 20.511309 1.599165 0.131917
 17454.000000 20.612530 1.604841 0.124849
 17457.000000 20.620610 1.589151 0.114196
 17460.000000 20.589383 1.583900 0.087220
 17463.000000 20.627047 1.604261 0.131379
 17466.000000 20.630412 1.603733 0.135428
 17469.000000 20.657112 1.589396 0.125070
 17472.000000 20.657685 1.556905 0.115140
 17475.000000 20.496669 1.556763 0.095278
 17478.000000 20.513400 1.580918 0.092335
 17481.000000 20.542168 1.587911 0.130700
 17484.000000 20.530514 1.585920 0.104152
 17487.000000 20.497210 1.596717 0.129576
 17490.000000 20.499630 1.605978 0.108511
 17493.000000 20.466885 1.572711 0.079630
 17496.000000 20.438063 1.564496 0.092206
 17499.000000 20.579921 1.568449 0.121300
 17502.000000 20.539181 1.555993 0.119207
 17505.000000 20.520415 1.556736 0.097331
 17508.000000 20.622227 1.579591 0.084051
 17511.000000 20.633508 1.565825 0.082042
 17514.000000 20.647953 1.561739 0.098006
 17517.000000 20.567644 1.572124 0.114763
 17520.000000 20.498877 1.570657 0.081395
 17523.000000 20.492893 1.554601 0.070861
 17526.000000 20.418527 1.549360 0.075891
 17529.000000 20.380432 1.553241 0.047071
 17532.000000 20.418101 1.550084 0.068231
 17535.000000 20.424843 1.559610 0.136388
 17538.000000 20.490578 1.539411 0.096721
 17541.000000 20.545113 1.548331 0.087402
 17544.000000 20.449533 1.538228 0.112227
 17547.000000 20.507238 1.548413 0.131041
 17550.000000 20.563853 1.547458 0.126829
 17553.000000 20.581900 1.546331 0.133597
 17556.000000 20.498984 1.550873 0.113662
 17559.000000 20.539184 1.575876 0.153769
 17562.000000 20.482400 1.548640 0.140889
 17565.000000 20.456507 1.569342 0.159165
 17568.000000 20.430347 1.568918 0.146391
 17571.000000 20.458346 1.572139 0.146313
 17574.000000 20.504666 1.593700 0.151754
 17577.000000 20.526250 1.620290 0.168614
 17580.000000 20.437563 1.582017 0.133116
 17583.000000 20.351252 1.603996 0.160341
 17586.000000 20.425962 1.571388 0.133235
 17589.000000 20.494098 1.545916 0.104916
 17592.000000 20.562033 1.588089 0.107177
 17595.000000 20.522895 1.597598 0.118041
 17598.000000 20.467524 1.555800 0.079737
 17601.000000 20.456971 1.547764 0.089017
 17604.000000 20.468238 1.586735 0.118640
 17607.000000 20.422410 1.580315 0.106883
 17610.000000 20.443133 1.574231 0.135051
 17613.000000 20.492563 1.570054 0.113107
 17616.000000 20.529929 1.587497 0.131268
 17619.000000 20.534254 1.571241 0.143862
 17622.000000 20.495897 1.580626 0.153845
 17625.000000 20.418385 1.579658 0.159502
 17628.000000 20.426814 1.578654 0.159356
 17631.000000 20.348557 1.554054 0.140145
 17634.000000 20.362840 1.529013 0.098476
 17637.000000 20.341400 1.525571 0.128570
 17640.000000 20.328587 1.548750 0.172082
 17643.000000 20.308307 1.531325 0.152989
 17646.000000 20.303602 1.541128 0.124606
 17649.000000 20.378855 1.542244 0.109131
 17652.000000 20.393446 1.542194 0.093486
 17655.000000 20.498419 1.546724 0.119799
 17658.000000 20.548075 1.527552 0.112336
 17661.000000 20.609678 1.555399 0.104500
 17664.000000 20.634458 1.551879 0.102907
 17667.000000 20.598624 1.551411 0.108475
 17670.000000 20.616504 1.559906 0.117666
 17673.000000 20.637969 1.524021 0.097060
 17676.000000 20.629054 1.533439 0.078614
 17679.000000 20.611571 1.532283 0.087372
 17682.000000 20.547931 1.520965 0.091982
 17685.000000 20.599032 1.512449 0.094525
 17688.000000 20.672294 1.544295 0.088534
 17691.000000 20.677818 1.534147 0.095220
 17694.000000 20.600319 1.543947 0.088097
 17697.000000 20.678191 1.571116 0.108467
 17700.000000 20.604876 1.539671 0.090949
 17703.000000 20.612423 1.550277 0.113391
 17706.000000 20.671640 1.558000 0.142572
 17709.000000 20.616351 1.547905 0.116936
 17712.000000 20.605379 1.559366 0.119655
 17715.000000 20.591648 1.544006 0.068277
 17718.000000 20.641646 1.541718 0.089540
 17721.000000 20.593894 1.535108 0.077839
 17724.000000 20.592263 1.541932 0.080465
 17727.000000 20.565494 1.549729 0.100939
 17730.000000 20.567018 1.584340 0.138651
 17733.000000 20.571979 1.559658 0.090466
 17736.000000 20.561698 1.557200 0.090572
 17739.000000 20.493494 1.539345 0.041256
 17742.000000 20.558412 1.552546 0.154489
 17745.000000 20.583263 1.532882 0.117087
 17748.000000 20.612698 1.531942 0.142431
 17751.000000 20.590297 1.540955 0.130864
 17754.000000 20.585273 1.538909 0.138982
 17757.000000 20.494087 1.527557 0.146122
 17760.000000 20.454870 1.531143 0.145104
 17763.000000 20.470388 1.534151 0.131642
 17766.000000 20.457478 1.523772 0.124997
 17769.000000 20.492842 1.527963 0.128418
 17772.000000 20.567402 1.523202 0.131198
 17775.000000 20.513425 1.550151 0.183291
 17778.000000 20.535356 1.526581 0.156797
 17781.000000 20.606237 1.540095 0.156082
 17784.000000 20.682072 1.521632 0.136352
 17787.000000 20.642389 1.535857 0.153428
 17790.000000 20.581663 1.559351 0.180814
 17793.000000 20.550169 1.542827 0.154563
 17796.000000 20.490195 1.552067 0.172165
 17799.000000 20.604081 1.538401 0.149222
 17802.000000 20.582770 1.555763 0.162486
 17805.000000 20.568130 1.545030 0.143592
 17808.000000 20.604105 1.539602 0.127346
 17811.000000 20.648496 1.577626 0.124282
 17814.000000 20.623215 1.588489 0.160647
 17817.000000 20.672856 1.579522 0.165884
 17820.000000 20.569088 1.573340 0.149465
 17823.000000 20.559214 1.575544 0.176036
 17826.000000 20.621516 1.594464 0.163630
 17829.000000 20.650183 1.596287 0.169041
 17832.000000 20.521331 1.577406 0.133670
 17835.000000 20.490911 1.580409 0.138975
 17838.000000 20.462411 1.555366 0.163221
 17841.000000 20.453239 1.577232 0.139860
 17844.000000 20.485910 1.553344 0.092633
 17847.000000 20.505231 1.563431 0.127287
 17850.000000 20.583382 1.581895 0.132886
 17853.000000 20.567095 1.603500 0.109165
 17856.000000 20.536476 1.606768 0.119873
 17859.000000 20.557504 1.595553 0.100022
 17862.000000 20.595093 1.585977 0.063710
 17865.000000 20.584586 1.604012 0.125805
 17868.000000 20.518104 1.602975 0.085289
 17871.000000 20.569491 1.595098 0.075345
 17874.000000 20.453758 1.620462 0.134109
 17877.000000 20.430367 1.624446 0.141581
 17880.000000 20.463596 1.631841 0.136212
 17883.000000 20.484227 1.640621 0.142660
 17886.000000 20.505181 1.604184 0.121806
 17889.000000 20.505411 1.580838 0.126657
 17892.000000 20.529945 1.569575 0.119513
 17895.000000 20.512819 1.586309 0.116743
 17898.000000 20.581503 1.596840 0.125799
 17901.000000 20.579649 1.598410 0.127544
 17904.000000 20.578157 1.571356 0.168435
 17907.000000 20.544242 1.574032 0.177400
 17910.000000 20.545630 1.608421 0.166016
 17913.000000 20.646559 1.583095 0.096129
 17916.000000 20.657593 1.583774 0.090585
 17919.000000 20.606272 1.572774 0.131507
 17922.000000 20.582380 1.585467 0.077480
 17925.000000 20.451782 1.579966 0.098331
 17928.000000 20.489942 1.564875 0.100979
 17931.000000 20.407253 1.587289 0.118946
 17934.000000 20.566112 1.559744 0.114434
 17937.000000 20.574011 1.585104 0.132271
 17940.000000 20.615892 1.576924 0.129386
 17943.000000 20.566830 1.570578 0.119085
 17946.000000 20.540817 1.563995 0.126068
 17949.000000 20.502499 1.586113 0.151647
 17952.000000 20.551296 1.591510 0.162020
 17955.000000 20.525813 1.544390 0.178904
 17958.000000 20.516462 1.550011 0.139759
 17961.000000 20.446597 1.547227 0.163612
 17964.000000 20.489849 1.530561 0.156167
 17967.000000 20.411418 1.528030 0.114984
 17970.000000 20.520662 1.531103 0.112705
 17973.000000 20.442127 1.559396 0.126225
 17976.000000 20.456180 1.571005 0.106425
 17979.000000 20.407162 1.563925 0.140948
 17982.000000 20.475635 1.595813 0.146690
 17985.000000 20.532573 1.612247 0.174267
 17988.000000 20.534299 1.616012 0.146618
 17991.000000 20.514606 1.610484 0.151485
 17994.000000 20.610908 1.597993 0.117951
 17997.000000 20.572206 1.589902 0.138850
 18000.000000 20.532497 1.581722 0.176477
 18003.000000 20.612030 1.569076 0.192045
 18006.000000 20.670057 1.584083 0.205265
 18009.000000 20.660610 1.569713 0.181615
 18012.000000 20.563599 1.572561 0.208500
 18015.000000 20.540172 1.587262 0.167579
 18018.000000 20.573750 1.586174 0.193317
 18021.000000 20.439608 1.577986 0.160442
 18024.000000 20.484195 1.561215 0.136934
 18027.000000 20.458502 1.539701 0.143123
 18030.000000 20.529759 1.539246 0.151765
 18033.000000 20.491583 1.545175 0.166222
 18036.000000 20.564811 1.549591 0.127026
 18039.000000 20.448714 1.518465 0.126993
 18042.000000 20.414658 1.533593 0.117130
 18045.000000 20.386151 1.503189 0.147100
 18048.000000 20.294404 1.505044 0.135203
 18051.000000 20.329660 1.546944 0.117981
 18054.000000 20.397716 1.527268 0.118947
 18057.000000 20.385198 1.549500 0.118043
 18060.000000 20.457658 1.545746 0.125809
 18063.000000 20.553904 1.535443 0.145830
 18066.000000 20.590781 1.534915 0.125910
 18069.000000 20.489034 1.559623 0.117774
 18072.000000 20.511790 1.570107 0.072249
 18075.000000 20.542999 1.558119 0.047934
 18078.000000 20.511063 1.585761 0.094199
 18081.000000 20.550052 1.582233 0.127348
 18084.000000 20.519123 1.589817 0.098083
 18087.000000 20.496531 1.582368 0.113133
 18090.000000 20.480243 1.576135 0.114879
 18093.000000 20.468535 1.581370 0.119197
 18096.000000 20.476170 1.556391 0.125963
 18099.000000 20.429723 1.596825 0.076875
 18102.000000 20.406822 1.550038 0.127778
 18105.000000 20.372296 1.555597 0.121012
 18108.000000 20.412455 1.552506 0.116439
 18111.000000 20.354316 1.568544 0.159116
 18114.000000 20.399937 1.562860 0.179110
 18117.000000 20.451814 1.579431 0.154887
 18120.000000 20.403465 1.573702 0.188081
 18123.000000 20.358550 1.585515 0.175879
 18126.000000 20.438629 1.566147 0.166840
 18129.000000 20.449549 1.539834 0.155687
 18132.000000 20.428018 1.537561 0.156737
 18135.000000 20.396821 1.527881 0.161323
 18138.000000 20.355136 1.548533 0.153895
 18141.000000 20.292006 1.573757 0.140869
 18144.000000 20.406245 1.574771 0.115538
 18147.000000 20.390445 1.571792 0.108320
 18150.000000 20.431800 1.608757 0.108982
 18153.000000 20.378968 1.564942 0.136261
 18156.000000 20.354986 1.583381 0.145941
 18159.000000 20.345608 1.565449 0.142938
 18162.000000 20.361487 1.575115 0.110089
 18165.000000 20.432663 1.599271 0.128750
 18168.000000 20.376661 1.614038 0.139278
 18171.000000 20.418442 1.601576 0.133796
 18174.000000 20.442182 1.593849 0.134347
 18177.000000 20.394210 1.594299 0.156618
 18180.000000 20.329728 1.592105 0.129806
 18183.000000 20.362345 1.585843 0.122051
 18186.000000 20.476679 1.586624 0.125612
 18189.000000 20.491214 1.576547 0.082753
 18192.000000 20.478517 1.586728 0.126477
 18195.000000 20.483521 1.580245 0.084089
 18198.000000 20.508506 1.580373 0.101173
 18201.000000 20.486484 1.562910 0.111630
 18204.000000 20.563524 1.548747 0.076501
 18207.000000 20.524436 1.552762 0.088381
 18210.000000 20.620187 1.566132 0.072997
 18213.000000 20.526021 1.577844 0.089622
 18216.000000 20.422638 1.594142 0.124416
 18219.000000 20.366612 1.582845 0.099163
 18222.000000 20.332486 1.577363 0.074748
 18225.000000 20.371317 1.580078 0.082912
 18228.000000 20.352375 1.580221 0.100085
 18231.000000 20.415756 1.579245 0.105260
 18234.000000 20.437914 1.577869 0.142024
 18237.000000 20.482144 1.592439 0.152307
 18240.000000 20.499901 1.596993 0.133725
 18243.000000 20.491953 1.605062 0.149064
 18246.000000 20.522098 1.575882 0.120633
 18249.000000 20.523737 1.574975 0.134989
 18252.000000 20.385851 1.569181 0.112370
 18255.000000 20.458771 1.557110 0.097092
 18258.000000 20.398926 1.546226 0.118830
 18261.000000 20.375724 1.551778 0.119158
 18264.000000 20.365045 1.545109 0.121078
 18267.000000 20.340612 1.528012 0.105714
 18270.000000 20.368281 1.524811 0.126742
 18273.000000 20.441329 1.527646 0.128261
 18276.000000 20.440093 1.525493 0.120068
 18279.000000 20.455296 1.539531 0.142603
 18282.000000 20.526540 1.543485 0.130799
 18285.000000 20.450049 1.542199 0.164656
 18288.000000 20.445292 1.538873 0.172087
 18291.000000 20.482459 1.558158 0.207325
 18294.000000 20.437998 1.539008 0.183291
 18297.000000 20.422966 1.541661 0.158173
 18300.000000 20.462997 1.555317 0.135393
 18303.000000 20.493325 1.558958 0.177411
 18306.000000 20.439003 1.582435 0.153529
 18309.000000 20.553372 1.584967 0.177021
 18312.000000 20.487474 1.560652 0.122072
 18315.000000 20.492912 1.573493 0.157513
 18318.000000 20.495973 1.574463 0.154424
 18321.000000 20.531730 1.582388 0.157423
 18324.000000 20.594567 1.587912 0.150194
 18327.000000 20.590664 1.601338 0.200865
 18330.000000 20.586963 1.590474 0.171600
 18333.000000 20.544509 1.588881 0.160139
 18336.000000 20.562686 1.583510 0.158914
 18339.000000 20.638979 1.568053 0.133279
 18342.000000 20.595739 1.578956 0.148820
 18345.000000 20.581851 1.607228 0.201859
 18348.000000 20.533031 1.588707 0.178256
 18351.000000 20.443114 1.570536 0.160020
 18354.000000 20.432946 1.561419 0.138237
 18357.000000 20.348747 1.563299 0.147557
 18360.000000 20.420365 1.568166 0.137936
 18363.000000 20.435313 1.550959 0.138800
 18366.000000 20.440040 1.552144 0.134811
 18369.000000 20.459751 1.544757 0.153346
 18372.000000 20.424668 1.529549 0.130134
 18375.000000 20.453205 1.537538 0.146173
 18378.000000 20.435357 1.533453 0.163671
 18381.000000 20.407848 1.557693 0.148811
 18384.000000 20.479172 1.559981 0.150425
 18387.000000 20.516216 1.553631 0.150532
 18390.000000 20.504683 1.560700 0.164797
 18393.000000 20.524953 1.600369 0.170687
 18396.000000 20.574134 1.585474 0.153254
 18399.000000 20.473973 1.605747 0.185422
 18402.000000 20.496349 1.602328 0.197354
 18405.000000 20.621343 1.583839 0.151018
 18408.000000 20.572561 1.574852 0.136625
 18411.000000 20.592360 1.564908 0.138852
 18414.000000 20.605470 1.553193 0.137504
 18417.000000 20.564025 1.568824 0.188768
 18420.000000 20.490660 1.566628 0.170249
 18423.000000 20.513835 1.574737 0.162090
 18426.000000 20.527043 1.581840 0.169696
 18429.000000 20.641182 1.569340 0.185852
 18432.000000 20.626016 1.568720 0.158638
 18435.000000 20.590189 1.566836 0.148030
 18438.000000 20.587899 1.561238 0.166690
 18441.000000 20.662789 1.526120 0.203441
 18444.000000 20.641884 1.534548 0.212526
 18447.000000 20.591059 1.528457 0.188557
 18450.000000 20.730595 1.553200 0.178703
 18453.000000 20.743477 1.565236 0.170844
 18456.000000 20.670217 1.552574 0.171984
 18459.000000 20.710828 1.547707 0.113174
 18462.000000 20.668204 1.575802 0.165542
 18465.000000 20.633869 1.545951 0.158794
 18468.000000 20.626237 1.565809 0.169056
 18471.000000 20.541664 1.568190 0.133576
 18474.000000 20.489003 1.567316 0.105333
 18477.000000 20.589809 1.569445 0.088959
 18480.000000 20.532323 1.572346 0.127323
 18483.000000 20.422484 1.559598 0.131864
 18486.000000 20.462946 1.566043 0.113349
 18489.000000 20.483057 1.553207 0.136136
 18492.000000 20.386050 1.563818 0.127322
 18495.000000 20.527611 1.553808 0.133821
 18498.000000 20.520285 1.569339 0.146449
 18501.000000 20.567642 1.548903 0.155053
 18504.000000 20.527164 1.565908 0.157268
 18507.000000 20.521179 1.580891 0.162390
 18510.000000 20.600893 1.564999 0.136667
 18513.000000 20.494962 1.576902 0.129539
 18516.000000 20.469554 1.558421 0.108540
 18519.000000 20.478218 1.569305 0.121090
 18522.000000 20.567456 1.591408 0.156947
 18525.000000 20.595934 1.614463 0.169319
 18528.000000 20.620687 1.607607 0.161285
 18531.000000 20.494034 1.619979 0.151512
 18534.000000 20.527586 1.590378 0.132741
 18537.000000 20.546434 1.558897 0.130875
 18540.000000 20.547556 1.578021 0.139241
 18543.000000 20.538335 1.570406 0.104469
 18546.000000 20.545373 1.597010 0.101646
 18549.000000 20.465490 1.607478 0.131581
 18552.000000 20.442647 1.602141 0.096198
 18555.000000 20.390204 1.574830 0.094804
 18558.000000 20.426362 1.578634 0.091333
 18561.000000 20.375271 1.572995 0.110672
 18564.000000 20.394904 1.562771 0.114748
 18567.000000 20.343442 1.590883 0.144755
 18570.000000 20.312048 1.583935 0.130864
 18573.000000 20.387330 1.579071 0.103323
 18576.000000 20.460055 1.551748 0.075125
 18579.000000 20.367504 1.545260 0.090944
 18582.000000 20.396114 1.551399 0.122305
 18585.000000 20.375858 1.558499 0.135863
 18588.000000 20.343096 1.564591 0.134719
 18591.000000 20.433454 1.576448 0.125010
 18594.000000 20.421369 1.552299 0.137574
 18597.000000 20.447464 1.554595 0.140033
 18600.000000 20.433823 1.550867 0.140955
 18603.000000 20.399541 1.554168 0.123576
 18606.000000 20.399394 1.552397 0.106687
 18609.000000 20.465156 1.548360 0.116960
 18612.000000 20.481095 1.546508 0.100210
 18615.000000 20.428213 1.557869 0.156094
 18618.000000 20.430343 1.541232 0.164869
 18621.000000 20.477071 1.549730 0.156684
 18624.000000 20.544866 1.544355 0.158142
 18627.000000 20.597272 1.537496 0.149750
 18630.000000 20.643220 1.553402 0.156528
 18633.000000 20.604808 1.556015 0.103580
 18636.000000 20.567844 1.535358 0.105811
 18639.000000 20.634708 1.551353 0.144471
 18642.000000 20.600808 1.554088 0.167290
 18645.000000 20.597518 1.547367 0.210044
 18648.000000 20.564591 1.532693 0.202759
 18651.000000 20.509594 1.533423 0.156727
 18654.000000 20.677318 1.546731 0.195343
 18657.000000 20.676670 1.534087 0.175152
 18660.000000 20.632788 1.511174 0.213511
 18663.000000 20.569903 1.511466 0.233285
 18666.000000 20.556326 1.528439 0.202562
 18669.000000 20.527031 1.495576 0.188371
 18672.000000 20.500126 1.478469 0.181715
 18675.000000 20.486880 1.464542 0.170286
 18678.000000 20.586416 1.480032 0.182931
 18681.000000 20.648419 1.505637 0.158448
 18684.000000 20.718063 1.504754 0.166835
 18687.000000 20.629341 1.538000 0.183108
 18690.000000 20.673819 1.500564 0.152725
 18693.000000 20.607404 1.488613 0.133125
 18696.000000 20.541596 1.530563 0.169777
 18699.000000 20.523260 1.527630 0.128706
 18702.000000 20.550309 1.515838 0.120042
 18705.000000 20.573606 1.516395 0.140210
 18708.000000 20.547308 1.520700 0.129565
 18711.000000 20.523452 1.520213 0.172400
 18714.000000 20.492416 1.515474 0.143665
 18717.000000 20.536729 1.500421 0.095588
 18720.000000 20.483193 1.509764 0.133949
 18723.000000 20.522602 1.515783 0.133763
 18726.000000 20.427909 1.540010 0.160112
 18729.000000 20.411800 1.513660 0.194710
 18732.000000 20.471685 1.537309 0.202187
 18735.000000 20.596568 1.520514 0.174312
 18738.000000 20.538366 1.528336 0.180437
 18741.000000 20.496345 1.556372 0.188313
 18744.000000 20.499133 1.524229 0.189348
 18747.000000 20.543325 1.501918 0.151700
 18750.000000 20.427210 1.529354 0.183900
 18753.000000 20.494797 1.549785 0.202448
 18756.000000 20.428136 1.526342 0.193389
 18759.000000 20.480731 1.538395 0.173253
 18762.000000 20.391307 1.546747 0.173858
 18765.000000 20.424164 1.522605 0.147329
 18768.000000 20.350802 1.546795 0.214045
 18771.000000 20.379775 1.532208 0.188809
 18774.000000 20.295023 1.547842 0.220554
 18777.000000 20.357108 1.547460 0.220585
 18780.000000 20.357818 1.548353 0.184373
 18783.000000 20.345843 1.577710 0.200575
 18786.000000 20.310542 1.558533 0.188613
 18789.000000 20.351706 1.566997 0.196806
 18792.000000 20.359900 1.585895 0.204032
 18795.000000 20.327268 1.588452 0.181254
 18798.000000 20.289225 1.593667 0.191019
 18801.000000 20.298661 1.575598 0.187874
 18804.000000 20.285552 1.575169 0.197926
 18807.000000 20.345309 1.575134 0.168244
 18810.000000 20.314061 1.553553 0.166912
 18813.000000 20.478070 1.572247 0.170723
 18816.000000 20.328022 1.593168 0.181038
 18819.000000 20.332546 1.581697 0.170406
 18822.000000 20.385927 1.578700 0.189921
 18825.000000 20.408463 1.576741 0.200956
 18828.000000 20.464534 1.572095 0.157504
 18831.000000 20.393667 1.572685 0.175983
 18834.000000 20.350780 1.562585 0.169635
 18837.000000 20.295308 1.542822 0.173816
 18840.000000 20.480653 1.574073 0.219235
 18843.000000 20.496517 1.548667 0.202447
 18846.000000 20.506164 1.537919 0.181747
 18849.000000 20.437295 1.550475 0.202491
 18852.000000 20.396753 1.524150 0.186741
 18855.000000 20.407232 1.536241 0.180608
 18858.000000 20.300518 1.511976 0.174361
 18861.000000 20.306416 1.498056 0.129474
 18864.000000 20.404864 1.488814 0.149711
 18867.000000 20.460021 1.510592 0.145765
 18870.000000 20.417200 1.512865 0.162950
 18873.000000 20.438187 1.499376 0.151850
 18876.000000 20.506559 1.512200 0.155052
 18879.000000 20.490857 1.527813 0.171500
 18882.000000 20.469093 1.523205 0.185942
 18885.000000 20.529537 1.532323 0.208020
 18888.000000 20.508327 1.517652 0.188897
 18891.000000 20.641583 1.514378 0.173234
 18894.000000 20.609161 1.530154 0.180846
 18897.000000 20.573967 1.513361 0.175396
 18900.000000 20.512823 1.485586 0.131994
 18903.000000 20.487766 1.509149 0.181204
 18906.000000 20.449724 1.514018 0.178067
 18909.000000 20.460667 1.510003 0.159203
 18912.000000 20.520090 1.522397 0.173967
 18915.000000 20.489741 1.488516 0.157409
 18918.000000 20.519150 1.513292 0.178966
 18921.000000 20.619704 1.500833 0.130267
 18924.000000 20.621845 1.494319 0.171109
 18927.000000 20.612917 1.512407 0.170899
 18930.000000 20.566543 1.506168 0.170491
 18933.000000 20.553896 1.513496 0.144867
 18936.000000 20.492683 1.526840 0.143502
 18939.000000 20.488511 1.527904 0.148046
 18942.000000 20.449771 1.535516 0.131816
 18945.000000 20.481222 1.532096 0.146717
 18948.000000 20.490265 1.546164 0.164859
 18951.000000 20.698429 1.565835 0.203319
 18954.000000 20.586366 1.541158 0.132008
 18957.000000 20.655034 1.547228 0.185040
 18960.000000 20.599111 1.529322 0.167626
 18963.000000 20.675439 1.533658 0.179073
 18966.000000 20.677834 1.529654 0.185215
 18969.000000 20.647109 1.555786 0.212962
 18972.000000 20.552454 1.556690 0.183321
 18975.000000 20.460208 1.575068 0.184968
 18978.000000 20.503704 1.542909 0.178589
 18981.000000 20.552340 1.539709 0.195729
 18984.000000 20.560627 1.540166 0.178537
 18987.000000 20.591518 1.557320 0.187375
 18990.000000 20.612961 1.547593 0.186779
 18993.000000 20.514505 1.565156 0.237128
 18996.000000 20.487271 1.553534 0.231841
 18999.000000 20.350658 1.550369 0.225430
 19002.000000 20.356504 1.560595 0.228018
 19005.000000 20.323541 1.544103 0.226485
 19008.000000 20.413223 1.560831 0.221088
 19011.000000 20.403924 1.554394 0.210329
 19014.000000 20.415941 1.535711 0.202218
 19017.000000 20.408440 1.527706 0.226426
 19020.000000 20.385284 1.544367 0.232760
 19023.000000 20.320742 1.500331 0.192821
 19026.000000 20.390640 1.512897 0.214813
 19029.000000 20.409786 1.515677 0.208242
 19032.000000 20.391268 1.509410 0.249106
 19035.000000 20.471010 1.511492 0.252761
 19038.000000 20.497965 1.492046 0.237425
 19041.000000 20.368047 1.515421 0.269226
 19044.000000 20.343451 1.507031 0.227261
 19047.000000 20.433697 1.488772 0.237563
 19050.000000 20.395560 1.487386 0.217896
 19053.000000 20.458154 1.499982 0.224108
 19056.000000 20.470909 1.483441 0.226314
 19059.000000 20.524520 1.468610 0.201207
 19062.000000 20.477027 1.460032 0.191756
 19065.000000 20.550173 1.449619 0.150634
 19068.000000 20.553923 1.474443 0.212928
 19071.000000 20.599760 1.479589 0.236580
 19074.000000 20.550974 1.499160 0.260141
 19077.000000 20.600017 1.485062 0.213825
 19080.000000 20.554672 1.507647 0.237450
 19083.000000 20.545986 1.500171 0.176990
 19086.000000 20.620407 1.515425 0.190710
 19089.000000 20.611543 1.500692 0.206745
 19092.000000 20.603850 1.493922 0.191846
 19095.000000 20.539689 1.492008 0.165810
 19098.000000 20.490997 1.504412 0.206695
 19101.000000 20.442257 1.516525 0.183073
 19104.000000 20.461050 1.517542 0.200202
 19107.000000 20.502391 1.500322 0.199956
 19110.000000 20.528415 1.477556 0.196365
 19113.000000 20.531770 1.484385 0.170036
 19116.000000 20.452153 1.496892 0.188318
 19119.000000 20.495282 1.504935 0.192031
 19122.000000 20.436160 1.485180 0.162946
 19125.000000 20.518137 1.484530 0.193887
 19128.000000 20.465257 1.501565 0.203800
 19131.000000 20.420904 1.492651 0.174316
 19134.000000 20.476514 1.486887 0.177474
 19137.000000 20.460844 1.505599 0.181623
 19140.000000 20.515295 1.523055 0.215543
 19143.000000 20.595616 1.495796 0.179062
 19146.000000 20.546677 1.505084 0.233465
 19149.000000 20.569049 1.488639 0.183642
 19152.000000 20.578989 1.499852 0.173969
 19155.000000 20.467934 1.533607 0.216661
 19158.000000 20.470044 1.512707 0.184247
 19161.000000 20.443951 1.513630 0.193610
 19164.000000 20.447020 1.518204 0.197329
 19167.000000 20.489403 1.505335 0.146581
 19170.000000 20.489465 1.480507 0.102693
 19173.000000 20.584437 1.498441 0.149750
 19176.000000 20.638620 1.539275 0.157783
 19179.000000 20.575828 1.543620 0.174916
 19182.000000 20.497156 1.536925 0.158718
 19185.000000 20.511514 1.537772 0.162087
 19188.000000 20.419088 1.556014 0.158797
 19191.000000 20.432967 1.571178 0.161608
 19194.000000 20.497227 1.566219 0.146659
 19197.000000 20.502735 1.572781 0.178846
 19200.000000 20.450253 1.565258 0.165226
 19203.000000 20.454390 1.589113 0.147298
 19206.000000 20.516515 1.565893 0.156893
 19209.000000 20.555003 1.588665 0.182283
 19212.000000 20.513873 1.568890 0.192660
 19215.000000 20.593790 1.571923 0.207050
 19218.000000 20.599651 1.575267 0.244539
 19221.000000 20.585346 1.557922 0.255946
 19224.000000 20.549182 1.564536 0.240300
 19227.000000 20.594711 1.587515 0.249290
 19230.000000 20.547167 1.570315 0.235826
 19233.000000 20.614651 1.578516 0.224348
 19236.000000 20.538991 1.597836 0.236580
 19239.000000 20.542590 1.598646 0.232967
 19242.000000 20.501027 1.594783 0.229827
 19245.000000 20.513296 1.575455 0.206152
 19248.000000 20.392140 1.577046 0.255585
 19251.000000 20.416241 1.564556 0.223563
 19254.000000 20.412884 1.576739 0.224895
 19257.000000 20.471300 1.578197 0.222199
 19260.000000 20.477408 1.553833 0.197113
 19263.000000 20.459386 1.574212 0.209660
 19266.000000 20.458242 1.546778 0.186450
 19269.000000 20.350009 1.554676 0.162905
 19272.000000 20.324172 1.578901 0.171464
 19275.000000 20.321728 1.564571 0.158557
 19278.000000 20.353481 1.563373 0.167288
 19281.000000 20.358380 1.553062 0.155377
 19284.000000 20.373565 1.589260 0.202419
 19287.000000 20.361869 1.570205 0.166879
 19290.000000 20.434419 1.560222 0.134160
 19293.000000 20.343656 1.566379 0.142144
 19296.000000 20.413638 1.576486 0.150311
 19299.000000 20.442420 1.575218 0.158181
 19302.000000 20.396352 1.554251 0.149166
 19305.000000 20.441819 1.570734 0.161304
 19308.000000 20.494272 1.583569 0.189952
 19311.000000 20.443321 1.567116 0.160585
 19314.000000 20.489827 1.546952 0.151666
 19317.000000 20.484717 1.563120 0.182042
 19320.000000 20.378286 1.566851 0.198232
 19323.000000 20.469717 1.562004 0.180455
 19326.000000 20.455438 1.549284 0.167964
 19329.000000 20.432653 1.564573 0.201512
 19332.000000 20.445463 1.556826 0.210607
 19335.000000 20.514178 1.544379 0.203071
 19338.000000 20.515189 1.540687 0.165931
 19341.000000 20.420994 1.551692 0.185320
 19344.000000 20.453160 1.563130 0.137730
 19347.000000 20.487561 1.557915 0.147118
 19350.000000 20.479694 1.552381 0.155793
 19353.000000 20.511615 1.539696 0.150402
 19356.000000 20.469851 1.528615 0.134252
 19359.000000 20.459911 1.534350 0.122276
 19362.000000 20.536491 1.544554 0.131501
 19365.000000 20.506045 1.567717 0.179108
 19368.000000 20.527891 1.566744 0.173471
 19371.000000 20.561798 1.538990 0.162955
 19374.000000 20.453740 1.528267 0.147601
 19377.000000 20.494473 1.526702 0.145669
 19380.000000 20.575751 1.545758 0.178628
 19383.000000 20.570974 1.532397 0.166919
 19386.000000 20.559525 1.557542 0.186191
 19389.000000 20.488083 1.535833 0.154767
 19392.000000 20.512977 1.545512 0.137563
 19395.000000 20.454112 1.547991 0.125472
 19398.000000 20.431546 1.569923 0.145870
 19401.000000 20.501303 1.566473 0.147913
 19404.000000 20.464163 1.561705 0.176922
 19407.000000 20.524258 1.542341 0.172582
 19410.000000 20.599317 1.548345 0.148509
 19413.000000 20.574115 1.537773 0.154098
 19416.000000 20.647198 1.540326 0.158495
 19419.000000 20.682350 1.539982 0.158658
 19422.000000 20.664245 1.539552 0.168673
 19425.000000 20.656267 1.509854 0.115228
 19428.000000 20.666273 1.527183 0.143223
 19431.000000 20.656773 1.536315 0.166193
 19434.000000 20.713152 1.537183 0.203151
 19437.000000 20.708484 1.506905 0.154095
 19440.000000 20.662792 1.497047 0.147865
 19443.000000 20.658418 1.499941 0.147608
 19446.000000 20.586847 1.511591 0.165691
 19449.000000 20.676821 1.508197 0.163577
 19452.000000 20.688014 1.519145 0.177550
 19455.000000 20.596705 1.501287 0.167193
 19458.000000 20.606359 1.484590 0.173681
 19461.000000 20.595638 1.480583 0.143775
 19464.000000 20.587113 1.511590 0.175278
 19467.000000 20.669959 1.520000 0.168317
 19470.000000 20.686871 1.557481 0.216067
 19473.000000 20.669377 1.524760 0.183262
 19476.000000 20.571103 1.541821 0.205080
 19479.000000 20.593005 1.559028 0.213954
 19482.000000 20.555216 1.563001 0.219157
 19485.000000 20.582301 1.565634 0.221335
 19488.000000 20.658463 1.565919 0.213798
 19491.000000 20.597434 1.558246 0.176752
 19494.000000 20.629194 1.596288 0.187432
 19497.000000 20.515475 1.585418 0.186988
 19500.000000 20.485350 1.572922 0.171530
 19503.000000 20.536152 1.575241 0.167565
 19506.000000 20.570556 1.555054 0.157286
 19509.000000 20.627135 1.554516 0.162293
 19512.000000 20.719147 1.569039 0.176613
 19515.000000 20.657140 1.559682 0.196266
 19518.000000 20.637084 1.571042 0.165975
 19521.000000 20.633215 1.564112 0.179741
 19524.000000 20.665455 1.553065 0.177453
 19527.000000 20.678359 1.539498 0.177805
 19530.000000 20.630049 1.544048 0.145724
 19533.000000 20.616479 1.539094 0.155755
 19536.000000 20.627029 1.515598 0.153122
 19539.000000 20.625680 1.506827 0.139071
 19542.000000 20.631814 1.532396 0.149346
 19545.000000 20.672011 1.523898 0.150719
 19548.000000 20.642541 1.527514 0.170329
 19551.000000 20.622076 1.548714 0.159705
 19554.000000 20.485478 1.528300 0.147800
 19557.000000 20.451745 1.530979 0.163152
 19560.000000 20.359059 1.546443 0.142014
 19563.000000 20.315159 1.553320 0.162867
 19566.000000 20.355727 1.527903 0.120113
 19569.000000 20.439856 1.537884 0.144554
 19572.000000 20.404892 1.532487 0.170660
 19575.000000 20.458845 1.504211 0.153582
 19578.000000 20.516434 1.531531 0.155816
 19581.000000 20.449595 1.532953 0.136117
 19584.000000 20.421538 1.539917 0.106103
 19587.000000 20.479659 1.527947 0.133905
 19590.000000 20.417924 1.526358 0.121850
 19593.000000 20.419443 1.526748 0.158107
 19596.000000 20.350917 1.550930 0.168652
 19599.000000 20.410956 1.533250 0.143585
 19602.000000 20.380774 1.532839 0.133289
 19605.000000 20.302845 1.526841 0.142451
 19608.000000 20.320526 1.511819 0.131834
 19611.000000 20.297618 1.504180 0.140888
 19614.000000 20.296600 1.520247 0.134056
 19617.000000 20.293487 1.536146 0.167559
 19620.000000 20.268384 1.543986 0.162377
 19623.000000 20.229893 1.553166 0.174689
 19626.000000 20.223763 1.557402 0.145809
 19629.000000 20.297283 1.577818 0.186175
 19632.000000 20.235302 1.568663 0.141162
 19635.000000 20.232371 1.539570 0.128934
 19638.000000 20.290974 1.534838 0.149080
 19641.000000 20.303274 1.555526 0.146320
 19644.000000 20.387851 1.545172 0.147698
 19647.000000 20.482797 1.521346 0.131387
 19650.000000 20.494068 1.531681 0.140149
 19653.000000 20.539631 1.522026 0.157881
 19656.000000 20.444503 1.528939 0.154255
 19659.000000 20.481895 1.541869 0.140363
 19662.000000 20.561944 1.516414 0.095765
 19665.000000 20.448139 1.516476 0.093180
 19668.000000 20.518126 1.527618 0.106165
 19671.000000 20.495664 1.518967 0.107986
 19674.000000 20.463448 1.525183 0.094566
 19677.000000 20.467677 1.501808 0.084370
 19680.000000 20.465426 1.502765 0.097429
 19683.000000 20.425435 1.515663 0.106993
 19686.000000 20.465932 1.526742 0.147952
 19689.000000 20.533528 1.558103 0.167528
 19692.000000 20.520236 1.543364 0.145924
 19695.000000 20.598909 1.562946 0.191536
 19698.000000 20.558850 1.571927 0.201054
 19701.000000 20.546832 1.550477 0.188457
 19704.000000 20.536038 1.547299 0.155772
 19707.000000 20.473579 1.534929 0.113729
 19710.000000 20.524011 1.547400 0.123911
 19713.000000 20.490420 1.526544 0.087066
 19716.000000 20.513172 1.544973 0.107341
 19719.000000 20.500350 1.548736 0.106493
 19722.000000 20.617683 1.552365 0.108942
 19725.000000 20.603925 1.557288 0.106982
 19728.000000 20.595910 1.559595 0.122181
 19731.000000 20.527422 1.533466 0.132025
 19734.000000 20.579276 1.549622 0.124380
 19737.000000 20.488497 1.563406 0.151287
 19740.000000 20.486824 1.553358 0.160799
 19743.000000 20.369727 1.544039 0.153347
 19746.000000 20.352712 1.553838 0.154974
 19749.000000 20.397300 1.569088 0.151307
 19752.000000 20.392518 1.538056 0.126042
 19755.000000 20.474778 1.554092 0.154545
 19758.000000 20.498740 1.544694 0.149010
 19761.000000 20.517811 1.557167 0.174597
 19764.000000 20.535286 1.573323 0.167133
 19767.000000 20.512971 1.576210 0.173870
 19770.000000 20.572793 1.555925 0.141191
 19773.000000 20.534044 1.574624 0.152459
 19776.000000 20.526655 1.559174 0.161704
 19779.000000 20.506541 1.576224 0.164286
 19782.000000 20.575832 1.576264 0.160675
 19785.000000 20.631248 1.566709 0.142964
 19788.000000 20.687269 1.553879 0.122834
 19791.000000 20.686750 1.581959 0.114812
 19794.000000 20.674946 1.568380 0.124598
 19797.000000 20.611036 1.570073 0.111824
 19800.000000 20.614922 1.552125 0.101043
 19803.000000 20.632158 1.551607 0.121617
 19806.000000 20.678377 1.534060 0.109504
 19809.000000 20.615545 1.511367 0.068658
 19812.000000 20.586648 1.525001 0.116149
 19815.000000 20.664307 1.577332 0.163338
 19818.000000 20.762676 1.556615 0.148332
 19821.000000 20.678730 1.564723 0.149198
 19824.000000 20.699992 1.572098 0.145579
 19827.000000 20.653068 1.568244 0.130029
 19830.000000 20.668948 1.585982 0.150593
 19833.000000 20.616226 1.581033 0.137678
 19836.000000 20.622729 1.576993 0.140336
 19839.000000 20.588100 1.580864 0.135867
 19842.000000 20.464073 1.609383 0.184173
 19845.000000 20.508780 1.587546 0.153006
 19848.000000 20.566308 1.586702 0.149779
 19851.000000 20.574631 1.581353 0.156801
 19854.000000 20.587280 1.589605 0.148815
 19857.000000 20.597531 1.568936 0.118439
 19860.000000 20.659466 1.574409 0.113530
 19863.000000 20.694354 1.557077 0.084400
 19866.000000 20.679142 1.571772 0.096902
 19869.000000 20.659952 1.584047 0.101586
 19872.000000 20.721111 1.562062 0.052154
 19875.000000 20.680897 1.556169 0.086605
 19878.000000 20.570753 1.536449 0.083634
 19881.000000 20.566569 1.541373 0.070405
 19884.000000 20.544997 1.543142 0.110530
 19887.000000 20.596394 1.563131 0.127436
 19890.000000 20.646201 1.540240 0.128353
 19893.000000 20.639055 1.580305 0.164570
 19896.000000 20.574285 1.569842 0.148749
 19899.000000 20.595280 1.576536 0.176034
 19902.000000 20.642265 1.596018 0.161399
 19905.000000 20.576241 1.568179 0.122713
 19908.000000 20.618688 1.585750 0.144474
 19911.000000 20.561122 1.555217 0.124683
 19914.000000 20.584184 1.582842 0.159083
 19917.000000 20.563168 1.571984 0.166289
 19920.000000 20.560908 1.591600 0.163447
 19923.000000 20.613066 1.589602 0.161347
 19926.000000 20.599878 1.598482 0.150691
 19929.000000 20.601745 1.607814 0.159782
 19932.000000 20.565884 1.601220 0.149389
 19935.000000 20.551409 1.596466 0.162473
 19938.000000 20.513876 1.572147 0.136623
 19941.000000 20.547833 1.560276 0.153288
 19944.000000 20.646405 1.598048 0.164296
 19947.000000 20.586988 1.578893 0.121987
 19950.000000 20.592522 1.590070 0.126890
 19953.000000 20.637018 1.601450 0.147037
 19956.000000 20.622174 1.607130 0.142843
 19959.000000 20.651797 1.613721 0.148222
 19962.000000 20.617107 1.587966 0.118575
 19965.000000 20.630985 1.597358 0.118727
 19968.000000 20.560789 1.596157 0.109975
 19971.000000 20.530435 1.595256 0.082019
 19974.000000 20.519183 1.598246 0.089579
 19977.000000 20.407452 1.616698 0.124836
 19980.000000 20.472161 1.615593 0.125092
 19983.000000 20.471402 1.600795 0.124432
 19986.000000 20.499505 1.605394 0.145816
 19989.000000 20.425834 1.607502 0.128081
 19992.000000 20.357710 1.620081 0.140108
 19995.000000 20.423899 1.610282 0.111266
 19998.000000 20.461654 1.626662 0.141006
 20001.000000 20.434743 1.602574 0.122290
 20004.000000 20.409654 1.594604 0.100001
 20007.000000 20.371726 1.600560 0.106107
 20010.000000 20.404223 1.622535 0.136398
 20013.000000 20.361686 1.571299 0.109126
 20016.000000 20.385541 1.597472 0.129660
 20019.000000 20.444783 1.589614 0.110931
 20022.000000 20.413349 1.549864 0.087301
 20025.000000 20.342761 1.532436 0.102053
 20028.000000 20.398601 1.534510 0.120490
 20031.000000 20.462562 1.534894 0.130765
 20034.000000 20.417711 1.560264 0.110925
 20037.000000 20.452842 1.594420 0.085889
 20040.000000 20.486810 1.596238 0.094519
 20043.000000 20.453159 1.601507 0.093941
 20046.000000 20.495204 1.568885 0.122634
 20049.000000 20.486698 1.574646 0.119556
 20052.000000 20.450548 1.596047 0.121073
 20055.000000 20.410280 1.584645 0.109923
 20058.000000 20.360110 1.615230 0.127706
 20061.000000 20.305482 1.590408 0.080737
 20064.000000 20.377513 1.576922 0.101430
 20067.000000 20.382837 1.602022 0.120150
 20070.000000 20.405657 1.574451 0.101597
 20073.000000 20.446831 1.548349 0.074630
 20076.000000 20.307364 1.588379 0.096289
 20079.000000 20.351858 1.572205 0.099147
 20082.000000 20.459237 1.572369 0.109550
 20085.000000 20.375142 1.583939 0.093008
 20088.000000 20.497000 1.598940 0.108493
 20091.000000 20.443348 1.592639 0.066079
 20094.000000 20.505232 1.600667 0.099903
 20097.000000 20.525341 1.594939 0.094651
 20100.000000 20.649967 1.553965 0.062918
 20103.000000 20.655186 1.561770 0.045721
 20106.000000 20.610430 1.576539 0.048988
 20109.000000 20.577100 1.576014 0.038919
 20112.000000 20.544121 1.594091 0.098676
 20115.000000 20.668324 1.568804 0.091339
 20118.000000 20.699139 1.572334 0.099032
 20121.000000 20.727097 1.603440 0.127662
 20124.000000 20.695956 1.605598 0.126248
 20127.000000 20.710876 1.612289 0.124417
 20130.000000 20.771385 1.645224 0.148954
 20133.000000 20.746961 1.657715 0.182294
 20136.000000 20.746696 1.645392 0.141011
 20139.000000 20.795049 1.639517 0.157988
 20142.000000 20.826901 1.665106 0.197010
 20145.000000 20.796067 1.641889 0.176840
 20148.000000 20.754650 1.646124 0.179698
 20151.000000 20.804330 1.636503 0.172571
 20154.000000 20.766867 1.610667 0.147235
 20157.000000 20.806611 1.625726 0.200624
 20160.000000 20.796135 1.607951 0.186104
 20163.000000 20.807721 1.616243 0.217630
 20166.000000 20.787636 1.613444 0.177194
 20169.000000 20.807196 1.615799 0.184830
 20172.000000 20.726146 1.598667 0.169236
 20175.000000 20.770165 1.599570 0.187615
 20178.000000 20.709889 1.614043 0.173429
 20181.000000 20.702027 1.620313 0.173677
 20184.000000 20.560974 1.615250 0.152515
 20187.000000 20.589925 1.609830 0.151249
 20190.000000 20.640184 1.618997 0.168212
 20193.000000 20.578633 1.601573 0.155137
 20196.000000 20.586256 1.568233 0.145691
 20199.000000 20.548035 1.568351 0.129558
 20202.000000 20.450887 1.581784 0.145561
 20205.000000 20.441557 1.560254 0.119316
 20208.000000 20.475519 1.584379 0.111322
 20211.000000 20.554419 1.584481 0.118026
 20214.000000 20.538489 1.543836 0.126609
 20217.000000 20.539404 1.532205 0.099896
 20220.000000 20.533711 1.538703 0.108306
 20223.000000 20.526634 1.570064 0.121322
 20226.000000 20.558893 1.589988 0.146671
 20229.000000 20.527994 1.576491 0.120533
 20232.000000 20.568248 1.579483 0.125167
 20235.000000 20.534452 1.572283 0.133285
 20238.000000 20.543072 1.576334 0.143921
 20241.000000 20.532577 1.596768 0.145203
 20244.000000 20.624071 1.598639 0.112458
 20247.000000 20.638026 1.598665 0.104894
 20250.000000 20.667570 1.588200 0.077491
 20253.000000 20.700071 1.550441 0.055204
 20256.000000 20.713951 1.557020 0.028515
 20259.000000 20.687189 1.564814 0.061704
 20262.000000 20.651787 1.531334 0.093019
 20265.000000 20.554302 1.543065 0.080043
 20268.000000 20.608846 1.556307 0.067066
 20271.000000 20.643882 1.551376 0.066009
 20274.000000 20.627329 1.535446 0.052010
 20277.000000 20.603568 1.530724 0.076687
 20280.000000 20.598173 1.523887 0.073576
 20283.000000 20.520330 1.503131 0.061374
 20286.000000 20.522720 1.501936 0.103345
 20289.000000 20.601360 1.563846 0.095813
 20292.000000 20.632468 1.539225 0.129191
 20295.000000 20.601217 1.569521 0.077784
 20298.000000 20.537544 1.569431 0.116659
 20301.000000 20.619160 1.554960 0.086712
 20304.000000 20.598244 1.558906 0.072121
 20307.000000 20.569764 1.568234 0.084226
 20310.000000 20.557733 1.541318 0.092034
 20313.000000 20.516131 1.556502 0.109281
 20316.000000 20.601902 1.573436 0.077406
 20319.000000 20.552923 1.580657 0.116746
 20322.000000 20.554942 1.577302 0.092409
 20325.000000 20.601848 1.572369 0.123972
 20328.000000 20.597869 1.568683 0.119148
 20331.000000 20.501213 1.570646 0.121905
 20334.000000 20.435469 1.550881 0.139733
 20337.000000 20.359056 1.544754 0.138543
 20340.000000 20.322389 1.570757 0.109152
 20343.000000 20.376644 1.603500 0.118082
 20346.000000 20.439783 1.606994 0.121225
 20349.000000 20.399347 1.643637 0.109352
 20352.000000 20.403456 1.623082 0.069959
 20355.000000 20.420138 1.632062 0.106681
 20358.000000 20.439855 1.599297 0.112177
 20361.000000 20.444668 1.606119 0.114165
 20364.000000 20.401145 1.594198 0.091857
 20367.000000 20.444953 1.622400 0.127764
 20370.000000 20.402692 1.614900 0.140652
 20373.000000 20.463492 1.625617 0.143669
 20376.000000 20.451357 1.595883 0.171988
 20379.000000 20.408885 1.582405 0.139297
 20382.000000 20.481755 1.581503 0.089884
 20385.000000 20.491091 1.599553 0.108019
 20388.000000 20.521456 1.569806 0.088070
 20391.000000 20.548060 1.599087 0.137694
 20394.000000 20.499655 1.569505 0.087674
 20397.000000 20.538885 1.582202 0.117022
 20400.000000 20.462977 1.564040 0.105018
 20403.000000 20.422301 1.556627 0.116922
 20406.000000 20.437100 1.576841 0.123540
 20409.000000 20.442220 1.579656 0.163010
 20412.000000 20.424789 1.608914 0.150552
 20415.000000 20.417101 1.591575 0.168769
 20418.000000 20.422204 1.599365 0.162294
 20421.000000 20.443711 1.582435 0.151796
 20424.000000 20.510508 1.599216 0.160184
 20427.000000 20.510423 1.567944 0.146994
 20430.000000 20.544119 1.589085 0.138359
 20433.000000 20.565430 1.585393 0.151060
 20436.000000 20.609925 1.595255 0.141748
 20439.000000 20.579396 1.586025 0.127397
 20442.000000 20.659785 1.596527 0.115200
 20445.000000 20.586337 1.618559 0.136672
 20448.000000 20.561674 1.622774 0.130097
 20451.000000 20.610498 1.646375 0.152309
 20454.000000 20.666099 1.629250 0.130878
 20457.000000 20.570452 1.632187 0.159942
 20460.000000 20.602784 1.586420 0.089139
 20463.000000 20.549252 1.623004 0.108740
 20466.000000 20.547719 1.612447 0.089677
 20469.000000 20.498259 1.631180 0.071958
 20472.000000 20.535895 1.630386 0.090687
 20475.000000 20.510841 1.648180 0.099883
 20478.000000 20.495119 1.639873 0.122081
 20481.000000 20.536905 1.602978 0.132219
 20484.000000 20.514341 1.616088 0.099164
 20487.000000 20.484049 1.615623 0.163188
 20490.000000 20.503117 1.562210 0.118365
 20493.000000 20.489039 1.551658 0.099461
 20496.000000 20.494843 1.544779 0.121003
 20499.000000 20.550449 1.565829 0.117588
 20502.000000 20.499904 1.578124 0.100253
 20505.000000 20.543360 1.576123 0.110246
 20508.000000 20.439740 1.586864 0.141109
 20511.000000 20.523977 1.570350 0.119444
 20514.000000 20.551610 1.592193 0.096092
 20517.000000 20.593387 1.588562 0.150972
 20520.000000 20.540343 1.577408 0.168826
 20523.000000 20.498623 1.555932 0.186545
 20526.000000 20.460796 1.553436 0.138437
 20529.000000 20.381330 1.601392 0.135208
 20532.000000 20.420132 1.554486 0.103457
 20535.000000 20.372968 1.563864 0.125215
 20538.000000 20.532059 1.577626 0.134649
 20541.000000 20.562737 1.597949 0.132167
 20544.000000 20.625918 1.565195 0.159037
 20547.000000 20.615572 1.583835 0.152053
 20550.000000 20.588488 1.555929 0.173772
 20553.000000 20.607156 1.553221 0.123506
 20556.000000 20.582766 1.561392 0.138000
 20559.000000 20.541581 1.589105 0.172460
 20562.000000 20.541968 1.571477 0.152590
 20565.000000 20.592209 1.628305 0.206853
 20568.000000 20.528994 1.602782 0.174894
 20571.000000 20.403175 1.598052 0.152729
 20574.000000 20.477470 1.644226 0.136810
 20577.000000 20.484856 1.623904 0.160233
 20580.000000 20.424159 1.625011 0.141101
 20583.000000 20.417709 1.615665 0.156837
 20586.000000 20.360001 1.643084 0.146488
 20589.000000 20.348675 1.623647 0.154452
 20592.000000 20.443842 1.630662 0.143098
 20595.000000 20.400511 1.634202 0.167268
 20598.000000 20.399314 1.632666 0.131975
 20601.000000 20.420668 1.645756 0.149126
 20604.000000 20.464337 1.614899 0.116943
 20607.000000 20.471033 1.596888 0.128403
 20610.000000 20.507006 1.569703 0.135395
 20613.000000 20.484682 1.597753 0.108429
 20616.000000 20.415344 1.579554 0.083052
 20619.000000 20.506896 1.593177 0.069981
 20622.000000 20.529554 1.578722 0.115215
 20625.000000 20.471421 1.558606 0.108930
 20628.000000 20.400327 1.584988 0.128521
 20631.000000 20.394668 1.573545 0.107576
 20634.000000 20.410335 1.555652 0.109444
 20637.000000 20.468949 1.567371 0.120950
 20640.000000 20.411888 1.560629 0.105392
 20643.000000 20.437191 1.570394 0.101182
 20646.000000 20.451848 1.562160 0.107592
 20649.000000 20.447978 1.578736 0.086103
 20652.000000 20.370920 1.573756 0.095534
 20655.000000 20.378644 1.558850 0.098973
 20658.000000 20.506086 1.572867 0.094162
 20661.000000 20.501401 1.599171 0.106098
 20664.000000 20.597142 1.572278 0.095358
 20667.000000 20.535844 1.579866 0.056351
 20670.000000 20.520954 1.585126 0.114363
 20673.000000 20.553727 1.594652 0.103205
 20676.000000 20.578475 1.576988 0.115300
 20679.000000 20.585937 1.580754 0.131970
 20682.000000 20.429801 1.585674 0.146661
 20685.000000 20.431130 1.574069 0.158995
 20688.000000 20.446530 1.605808 0.155567
 20691.000000 20.455939 1.579315 0.152396
 20694.000000 20.487827 1.591009 0.140050
 20697.000000 20.560179 1.621372 0.133841
 20700.000000 20.591888 1.635270 0.168880
 20703.000000 20.562024 1.621345 0.172605
 20706.000000 20.549776 1.622284 0.144382
 20709.000000 20.514636 1.650358 0.197613
 20712.000000 20.474612 1.640473 0.168337
 20715.000000 20.521177 1.605362 0.175517
 20718.000000 20.513821 1.647198 0.146108
 20721.000000 20.400165 1.640591 0.151146
 20724.000000 20.544381 1.621556 0.144875
 20727.000000 20.525586 1.622112 0.132900
 20730.000000 20.477094 1.614509 0.123441
 20733.000000 20.472876 1.644227 0.135237
 20736.000000 20.523801 1.640539 0.157347
 20739.000000 20.539584 1.589117 0.145692
 20742.000000 20.550080 1.602699 0.088143
 20745.000000 20.532748 1.606990 0.074525
 20748.000000 20.586566 1.594714 0.066788
 20751.000000 20.610378 1.593965 0.097955
 20754.000000 20.604050 1.620678 0.134491
 20757.000000 20.615875 1.636698 0.142140
 20760.000000 20.541205 1.637352 0.176979
 20763.000000 20.550357 1.631634 0.196501
 20766.000000 20.543168 1.612946 0.164328
 20769.000000 20.503473 1.595339 0.164198
 20772.000000 20.498773 1.615527 0.167700
 20775.000000 20.486747 1.590471 0.144635
 20778.000000 20.431078 1.588306 0.137007
 20781.000000 20.485614 1.567603 0.103527
 20784.000000 20.456537 1.598097 0.165049
 20787.000000 20.476234 1.586095 0.093872
 20790.000000 20.399803 1.579364 0.105929
 20793.000000 20.471183 1.598466 0.126831
 20796.000000 20.422059 1.623923 0.148972
 20799.000000 20.348525 1.624016 0.154276
 20802.000000 20.436841 1.653185 0.156631
 20805.000000 20.471185 1.636866 0.106461
 20808.000000 20.447000 1.625305 0.122749
 20811.000000 20.451909 1.625826 0.089328
 20814.000000 20.283765 1.611694 0.098844
 20817.000000 20.404455 1.621888 0.091803
 20820.000000 20.439256 1.618755 0.101121
 20823.000000 20.477549 1.603875 0.074966
 20826.000000 20.440346 1.613672 0.095697
 20829.000000 20.382694 1.629868 0.101045
 20832.000000 20.478863 1.629900 0.092912
 20835.000000 20.554308 1.617190 0.101459
 20838.000000 20.513297 1.562378 0.163020
 20841.000000 20.535135 1.599475 0.143967
 20844.000000 20.575382 1.585063 0.153392
 20847.000000 20.568326 1.580675 0.148810
 20850.000000 20.623353 1.583836 0.154048
 20853.000000 20.584850 1.573471 0.163552
 20856.000000 20.604619 1.546639 0.142683
 20859.000000 20.616388 1.528495 0.146667
 20862.000000 20.568774 1.556392 0.113681
 20865.000000 20.602020 1.564744 0.079848
 20868.000000 20.574808 1.539138 0.092481
 20871.000000 20.529526 1.567303 0.102464
 20874.000000 20.519122 1.593961 0.059439
 20877.000000 20.492618 1.594570 0.076727
 20880.000000 20.499359 1.621583 0.094731
 20883.000000 20.445805 1.583540 0.108073
 20886.000000 20.502950 1.616674 0.145446
 20889.000000 20.563054 1.586018 0.085137
 20892.000000 20.455117 1.598073 0.138263
 20895.000000 20.438026 1.573311 0.139238
 20898.000000 20.457392 1.568693 0.161982
 20901.000000 20.397653 1.545045 0.195566
 20904.000000 20.431800 1.567843 0.141045
 20907.000000 20.483574 1.568642 0.129462
 20910.000000 20.405553 1.551950 0.153073
 20913.000000 20.445602 1.565448 0.131908
 20916.000000 20.361706 1.583511 0.146460
 20919.000000 20.398477 1.590642 0.158988
 20922.000000 20.417085 1.573894 0.139478
 20925.000000 20.462716 1.575112 0.133373
 20928.000000 20.458267 1.598516 0.128801
 20931.000000 20.484921 1.600721 0.129490
 20934.000000 20.462890 1.610165 0.126525
 20937.000000 20.476920 1.582057 0.119836
 20940.000000 20.414306 1.579330 0.113169
 20943.000000 20.363923 1.569384 0.099990
 20946.000000 20.489585 1.550258 0.133327
 20949.000000 20.569962 1.572783 0.051718
 20952.000000 20.581276 1.545527 0.077598
 20955.000000 20.645051 1.553562 0.082677
 20958.000000 20.607993 1.589901 0.079420
 20961.000000 20.545380 1.573674 0.091932
 20964.000000 20.541362 1.583299 0.085663
 20967.000000 20.651167 1.593660 0.111105
 20970.000000 20.634149 1.605481 0.099104
 20973.000000 20.658578 1.596967 0.086975
 20976.000000 20.572619 1.609340 0.073612
 20979.000000 20.609307 1.620072 0.091227
 20982.000000 20.588249 1.624302 0.071470
 20985.000000 20.573379 1.626931 0.094126
 20988.000000 20.554435 1.618216 0.087054
 20991.000000 20.526305 1.622553 0.114284
 20994.000000 20.550199 1.636685 0.108966
 20997.000000 20.516457 1.641554 0.108158
 21000.000000 20.571693 1.634882 0.122441
