#! FIELDS time dmid theta gamma
 0.000000 19.480132 1.569711 2.958927
 3.000000 19.251608 1.538132 2.957499
 6.000000 19.285952 1.564576 2.970138
 9.000000 19.793125 1.562857 2.976151
 12.000000 19.455249 1.563892 2.963899
 15.000000 19.485394 1.559120 2.987100
 18.000000 19.695176 1.575315 3.006368
 21.000000 19.358543 1.554213 3.007176
 24.000000 19.439984 1.529871 3.012633
 27.000000 19.432838 1.546403 2.965509
 30.000000 19.365421 1.550109 2.980812
 33.000000 19.449405 1.534935 3.021627
 36.000000 19.404566 1.543779 3.020935
 39.000000 19.409957 1.536711 3.009485
 42.000000 19.365108 1.566116 3.003991
 45.000000 19.293923 1.574901 2.985600
 48.000000 19.238973 1.544503 3.019875
 51.000000 19.346370 1.546731 3.009280
 54.000000 19.326908 1.535402 3.017204
 57.000000 19.351263 1.551117 2.988676
 60.000000 19.304855 1.557342 2.987404
 63.000000 19.365913 1.562526 2.995570
 66.000000 19.380582 1.555576 2.993581
 69.000000 19.395913 1.564221 2.977398
 72.000000 19.412673 1.550538 2.964129
 75.000000 19.414141 1.553484 2.999183
 78.000000 19.470516 1.576425 2.989070
 81.000000 19.494701 1.574614 3.001501
 84.000000 19.439977 1.539774 3.020914
 87.000000 19.464209 1.570849 2.985116
 90.000000 19.521018 1.574634 2.990508
 93.000000 19.465276 1.571592 2.994602
 96.000000 19.541971 1.567503 2.990704
 99.000000 19.561656 1.553060 3.006774
 102.000000 19.540911 1.532977 2.977234
 105.000000 19.564656 1.541563 2.993734
 108.000000 19.577238 1.552452 2.998303
 111.000000 19.456850 1.543775 3.013323
 114.000000 19.462692 1.544651 2.998451
 117.000000 19.428148 1.564039 3.001084
 120.000000 19.417409 1.549954 3.016823
 123.000000 19.456834 1.558549 2.991069
 126.000000 19.429996 1.557863 2.995435
 129.000000 19.480325 1.525058 3.023169
 132.000000 19.485438 1.552756 3.051368
 135.000000 19.464339 1.553252 3.017056
 138.000000 19.311281 1.547323 3.025189
 141.000000 19.334234 1.544566 2.999827
 144.000000 19.379431 1.539269 3.022166
 147.000000 19.334728 1.537482 3.032172
 150.000000 19.367662 1.524225 3.020359
 153.000000 19.404858 1.536552 3.021809
 156.000000 19.542957 1.534643 2.995797
 159.000000 19.439264 1.546117 3.008792
 162.000000 19.398449 1.567705 3.021886
 165.000000 19.475541 1.553762 2.991431
 168.000000 19.552792 1.543258 3.002004
 171.000000 19.623173 1.559372 2.987021
 174.000000 19.543205 1.579412 2.983441
 177.000000 19.602753 1.578562 2.958196
 180.000000 19.556003 1.569456 3.009008
 183.000000 19.547825 1.568591 3.019492
 186.000000 19.601138 1.587317 3.008595
 189.000000 19.524956 1.572489 2.953034
 192.000000 19.470543 1.567901 2.971854
 195.000000 19.556978 1.582669 2.943749
 198.000000 19.538977 1.586817 2.921788
 201.000000 19.589723 1.555507 2.985379
 204.000000 19.673940 1.547392 2.975248
 207.000000 19.598916 1.542894 3.013454
 210.000000 19.637434 1.576691 2.965996
 213.000000 19.561549 1.580626 2.952956
 216.000000 19.587961 1.560416 2.984742
 219.000000 19.630127 1.560645 2.974736
 222.000000 19.545543 1.582825 2.961954
 225.000000 19.605295 1.577791 2.938269
 228.000000 19.651447 1.574907 2.909529
 231.000000 19.566519 1.523314 2.931586
 234.000000 19.522049 1.547846 2.911493
 237.000000 19.505354 1.560054 2.938758
 240.000000 19.548173 1.560458 2.928869
 243.000000 19.470067 1.565384 2.924236
 246.000000 19.532061 1.544723 2.953806
 249.000000 19.476326 1.541417 2.944195
 252.000000 19.450616 1.562703 2.949854
 255.000000 19.479841 1.548029 2.963930
 258.000000 19.464450 1.549169 2.957231
 261.000000 19.490326 1.548468 2.977731
 264.000000 19.527225 1.572473 2.942950
 267.000000 19.571078 1.547291 2.973250
 270.000000 19.646928 1.532920 2.960679
 273.000000 19.548868 1.534458 2.957649
 276.000000 19.602932 1.508647 2.988557
 279.000000 19.542466 1.543992 2.958497
 282.000000 19.422873 1.543320 2.978974
 285.000000 19.380592 1.550445 2.953743
 288.000000 19.385904 1.510352 3.000041
 291.000000 19.451532 1.521849 2.972642
 294.000000 19.370867 1.514857 2.975924
 297.000000 19.426610 1.498850 3.014501
 300.000000 19.425590 1.494200 3.032078
 303.000000 19.368316 1.498538 3.003815
 306.000000 19.363366 1.508941 3.008813
 309.000000 19.364168 1.497589 3.020357
 312.000000 19.328125 1.493967 2.991933
 315.000000 19.464040 1.511952 2.972989
 318.000000 19.420545 1.506914 2.967983
 321.000000 19.414445 1.491263 2.975142
 324.000000 19.332477 1.491072 2.986238
 327.000000 19.358872 1.519140 2.966759
 330.000000 19.394687 1.535268 2.929264
 333.000000 19.501874 1.562092 2.944176
 336.000000 19.551779 1.553391 2.937861
 339.000000 19.539176 1.545453 2.955235
 342.000000 19.542579 1.536708 2.964102
 345.000000 19.431575 1.531484 2.938334
 348.000000 19.399404 1.526900 2.925113
 351.000000 19.406164 1.533999 2.968154
 354.000000 19.378357 1.538144 2.991888
 357.000000 19.418188 1.550734 2.993093
 360.000000 19.355589 1.552555 2.988076
 363.000000 19.446297 1.551723 2.955651
 366.000000 19.488854 1.543499 2.956566
 369.000000 19.532707 1.558209 2.959229
 372.000000 19.526036 1.566949 2.998233
 375.000000 19.414072 1.561318 2.987559
 378.000000 19.372304 1.567208 3.004273
 381.000000 19.358892 1.588265 2.983974
 384.000000 19.394442 1.556764 2.969555
 387.000000 19.351990 1.568770 2.928918
 390.000000 19.320666 1.578038 2.929941
 393.000000 19.299768 1.596084 2.898579
 396.000000 19.365880 1.556714 2.949783
 399.000000 19.484944 1.569246 2.992360
 402.000000 19.457028 1.560939 3.014182
 405.000000 19.397407 1.557460 2.996117
 408.000000 19.458327 1.559031 2.974719
 411.000000 19.473001 1.563860 2.997699
 414.000000 19.452441 1.558800 2.973581
 417.000000 19.508346 1.573531 2.968490
 420.000000 19.457289 1.604497 2.940518
 423.000000 19.412189 1.596200 2.937924
 426.000000 19.431562 1.570659 2.895682
 429.000000 19.467186 1.543767 2.934154
 432.000000 19.477830 1.547190 2.933063
 435.000000 19.449416 1.547177 2.946794
 438.000000 19.447389 1.540665 2.968272
 441.000000 19.458884 1.551476 2.995067
 444.000000 19.451261 1.545473 3.007744
 447.000000 19.463063 1.564023 2.996370
 450.000000 19.478511 1.560412 3.037561
 453.000000 19.390008 1.616445 2.973266
 456.000000 19.352419 1.599674 2.995534
 459.000000 19.365436 1.601586 2.986673
 462.000000 19.330999 1.571335 3.023804
 465.000000 19.318110 1.582867 3.028353
 468.000000 19.368226 1.591728 3.020596
 471.000000 19.347977 1.579639 2.986285
 474.000000 19.316194 1.577762 2.987298
 477.000000 19.353816 1.564075 2.991806
 480.000000 19.368688 1.564834 2.977720
 483.000000 19.325981 1.552633 2.948481
 486.000000 19.288029 1.569962 2.957762
 489.000000 19.315006 1.562120 3.005920
 492.000000 19.276369 1.542819 2.993308
 495.000000 19.278575 1.570757 2.982429
 498.000000 19.216861 1.581800 2.979161
 501.000000 19.338936 1.545883 3.027421
 504.000000 19.299746 1.569507 2.998845
 507.000000 19.332864 1.561241 2.990694
 510.000000 19.393550 1.559504 3.006615
 513.000000 19.345736 1.552466 2.999776
 516.000000 19.346746 1.559586 2.996712
 519.000000 19.400826 1.567213 3.016368
 522.000000 19.385216 1.604716 2.981623
 525.000000 19.378768 1.565745 3.044149
 528.000000 19.429401 1.564150 3.013884
 531.000000 19.371093 1.557612 3.010137
 534.000000 19.367706 1.547844 2.980184
 537.000000 19.429401 1.565331 2.962117
 540.000000 19.376963 1.541441 2.956352
 543.000000 19.354371 1.500971 2.964281
 546.000000 19.369516 1.511034 2.936708
 549.000000 19.460829 1.478774 2.929682
 552.000000 19.481458 1.501609 2.963597
 555.000000 19.476410 1.540121 2.931644
 558.000000 19.426768 1.541518 2.912085
 561.000000 19.453388 1.531200 2.969465
 564.000000 19.448744 1.505910 2.962573
 567.000000 19.454308 1.521630 2.949653
 570.000000 19.418725 1.536303 2.963811
 573.000000 19.355060 1.529599 2.967287
 576.000000 19.423789 1.544856 2.953268
 579.000000 19.273893 1.554271 2.974673
 582.000000 19.331191 1.556592 2.962610
 585.000000 19.270770 1.550622 2.956488
 588.000000 19.296786 1.551660 2.929119
 591.000000 19.385382 1.563247 2.966798
 594.000000 19.208996 1.548326 3.039953
 597.000000 19.226648 1.552932 3.056577
 600.000000 19.326974 1.552923 3.048922
 603.000000 19.319657 1.559188 3.023171
 606.000000 19.349783 1.548301 3.046083
 609.000000 19.344265 1.546288 2.994778
 612.000000 19.294505 1.549941 3.006637
 615.000000 19.195191 1.566124 3.018075
 618.000000 19.318266 1.567890 3.021306
 621.000000 19.313238 1.557804 3.000392
 624.000000 19.298542 1.555393 2.974070
 627.000000 19.330919 1.539897 3.014848
 630.000000 19.376952 1.539046 2.993615
 633.000000 19.360031 1.586948 2.967555
 636.000000 19.338145 1.597479 2.969862
 639.000000 19.414292 1.589737 2.953063
 642.000000 19.458791 1.592960 2.976229
 645.000000 19.483640 1.577570 2.983751
 648.000000 19.455556 1.587078 3.010054
 651.000000 19.440949 1.569618 2.991420
 654.000000 19.510990 1.568901 2.985147
 657.000000 19.480536 1.575417 2.965551
 660.000000 19.402218 1.558375 2.985596
 663.000000 19.386311 1.531401 3.014908
 666.000000 19.371014 1.554224 2.963567
 669.000000 19.320681 1.559376 2.973476
 672.000000 19.335575 1.560198 2.931627
 675.000000 19.321279 1.532699 2.951520
 678.000000 19.257545 1.517182 2.991851
 681.000000 19.251153 1.534059 2.993495
 684.000000 19.335194 1.544460 2.999491
 687.000000 19.295530 1.554853 2.985273
 690.000000 19.365522 1.537835 3.020207
 693.000000 19.423916 1.564237 2.995615
 696.000000 19.370042 1.585259 2.959952
 699.000000 19.309286 1.562686 3.000270
 702.000000 19.328849 1.561601 2.977346
 705.000000 19.431586 1.576002 2.968961
 708.000000 19.391605 1.537232 2.971316
 711.000000 19.316647 1.565586 2.945604
 714.000000 19.408069 1.547091 2.950882
 717.000000 19.425018 1.540487 2.944835
 720.000000 19.389312 1.554799 2.963267
 723.000000 19.358085 1.553228 2.939671
 726.000000 19.430710 1.532444 2.956496
 729.000000 19.442635 1.531646 2.945460
 732.000000 19.454174 1.540682 2.970705
 735.000000 19.514517 1.560585 2.935992
 738.000000 19.465387 1.576155 2.922847
 741.000000 19.436120 1.553921 2.956916
 744.000000 19.401251 1.543832 3.015025
 747.000000 19.516494 1.530960 2.972384
 750.000000 19.560561 1.510003 2.979663
 753.000000 19.486801 1.505488 2.990226
 756.000000 19.460610 1.522687 2.980683
 759.000000 19.492946 1.515129 3.008450
 762.000000 19.488191 1.530249 2.965639
 765.000000 19.509344 1.522118 2.973187
 768.000000 19.480901 1.521696 2.960213
 771.000000 19.372015 1.519412 2.979967
 774.000000 19.407264 1.538596 2.971005
 777.000000 19.413883 1.565717 2.952957
 780.000000 19.517085 1.573674 2.906422
 783.000000 19.520302 1.553523 2.949057
 786.000000 19.515525 1.531728 2.964727
 789.000000 19.452271 1.517069 2.980768
 792.000000 19.438595 1.499210 2.972486
 795.000000 19.346745 1.515253 2.962241
 798.000000 19.379508 1.541916 2.950351
 801.000000 19.397526 1.548951 2.931305
 804.000000 19.429891 1.528319 2.955290
 807.000000 19.395648 1.514087 2.964895
 810.000000 19.406981 1.525764 2.939795
 813.000000 19.470243 1.531192 2.917749
 816.000000 19.338349 1.540978 2.920719
 819.000000 19.353234 1.533060 2.965685
 822.000000 19.414099 1.549863 2.914027
 825.000000 19.470801 1.553474 2.913246
 828.000000 19.462969 1.548842 2.921685
 831.000000 19.413223 1.557304 2.951060
 834.000000 19.480026 1.548083 2.934425
 837.000000 19.464684 1.537152 2.940191
 840.000000 19.504984 1.532215 2.899088
 843.000000 19.505146 1.510522 2.925804
 846.000000 19.513039 1.526292 2.910926
 849.000000 19.481263 1.531701 2.936240
 852.000000 19.409939 1.549305 2.920825
 855.000000 19.334449 1.557226 2.898840
 858.000000 19.329011 1.550685 2.930165
 861.000000 19.314433 1.561579 2.920574
 864.000000 19.198992 1.548017 2.925467
 867.000000 19.281930 1.566143 2.924708
 870.000000 19.290260 1.570807 2.915295
 873.000000 19.321541 1.570793 2.928694
 876.000000 19.254424 1.564517 2.952207
 879.000000 19.300900 1.559744 2.941449
 882.000000 19.349666 1.529763 2.968465
 885.000000 19.319555 1.529331 2.963828
 888.000000 19.321492 1.544554 2.959755
 891.000000 19.257462 1.540157 2.963934
 894.000000 19.288537 1.528509 2.988922
 897.000000 19.309226 1.557429 2.944238
 900.000000 19.343940 1.551491 2.944975
 903.000000 19.391920 1.569259 2.940771
 906.000000 19.306027 1.547930 2.959573
 909.000000 19.345750 1.535172 2.957279
 912.000000 19.318520 1.544829 2.976287
 915.000000 19.243700 1.528920 2.984292
 918.000000 19.253641 1.549938 2.959849
 921.000000 19.355330 1.538892 2.997622
 924.000000 19.373631 1.512725 3.015688
 927.000000 19.357340 1.528746 2.990562
 930.000000 19.373566 1.544551 2.971644
 933.000000 19.447337 1.541855 2.961890
 936.000000 19.404792 1.531461 2.996846
 939.000000 19.441633 1.515184 3.011633
 942.000000 19.385760 1.522558 2.961746
 945.000000 19.461433 1.505408 2.951066
 948.000000 19.505256 1.509558 2.945693
 951.000000 19.542599 1.537734 2.962059
 954.000000 19.520999 1.504603 2.960193
 957.000000 19.495518 1.528017 2.970585
 960.000000 19.520967 1.554025 2.968951
 963.000000 19.516684 1.566129 2.967272
 966.000000 19.516153 1.569535 2.979431
 969.000000 19.523952 1.565222 2.958673
 972.000000 19.503754 1.555182 2.971712
 975.000000 19.503818 1.544885 2.968165
 978.000000 19.508940 1.539747 2.975530
 981.000000 19.562349 1.570207 2.967256
 984.000000 19.436381 1.546524 2.974375
 987.000000 19.441703 1.564080 2.951777
 990.000000 19.396954 1.555324 2.967807
 993.000000 19.508634 1.537669 2.948847
 996.000000 19.498198 1.543940 2.945850
 999.000000 19.507034 1.535109 2.967300
 1002.000000 19.534856 1.542854 2.958301
 1005.000000 19.503556 1.540565 2.983188
 1008.000000 19.526852 1.542833 2.968143
 1011.000000 19.498587 1.552697 2.939222
 1014.000000 19.491257 1.545586 2.937434
 1017.000000 19.505726 1.570819 2.927011
 1020.000000 19.508478 1.556235 2.930628
 1023.000000 19.499158 1.583036 2.951445
 1026.000000 19.459666 1.553502 2.960825
 1029.000000 19.525175 1.559538 2.952255
 1032.000000 19.423701 1.562163 2.973774
 1035.000000 19.449479 1.574570 2.978415
 1038.000000 19.407258 1.570482 2.970232
 1041.000000 19.416714 1.569152 3.005186
 1044.000000 19.395141 1.585546 2.991083
 1047.000000 19.312516 1.581564 2.996636
 1050.000000 19.282935 1.567893 3.012661
 1053.000000 19.232293 1.569926 2.995834
 1056.000000 19.270751 1.571694 2.989249
 1059.000000 19.274011 1.532313 3.028635
 1062.000000 19.243804 1.533320 3.004231
 1065.000000 19.276543 1.541555 3.009505
 1068.000000 19.278066 1.567375 2.993073
 1071.000000 19.217621 1.533095 3.039568
 1074.000000 19.232395 1.528712 3.065035
 1077.000000 19.282836 1.560108 3.027736
 1080.000000 19.188141 1.554684 3.017698
 1083.000000 19.252391 1.544471 3.022693
 1086.000000 19.300716 1.552496 3.017801
 1089.000000 19.253611 1.546419 3.013351
 1092.000000 19.286640 1.560367 3.024613
 1095.000000 19.207796 1.560432 3.027998
 1098.000000 19.290115 1.560340 3.010234
 1101.000000 19.311115 1.558850 3.004359
 1104.000000 19.405467 1.551830 3.009768
 1107.000000 19.398384 1.581295 3.031494
 1110.000000 19.401231 1.589994 2.988603
 1113.000000 19.319233 1.574791 3.005947
 1116.000000 19.282268 1.583865 2.989618
 1119.000000 19.207890 1.567973 3.040355
 1122.000000 19.218358 1.563641 3.039206
 1125.000000 19.238613 1.558127 3.030816
 1128.000000 19.230413 1.561107 2.994414
 1131.000000 19.237182 1.544267 2.999266
 1134.000000 19.209668 1.565457 2.990207
 1137.000000 19.231354 1.578304 2.991748
 1140.000000 19.216419 1.579380 3.014487
 1143.000000 19.287694 1.567309 3.021811
 1146.000000 19.227535 1.518665 3.063023
 1149.000000 19.202206 1.547030 3.031373
 1152.000000 19.191453 1.535581 3.034750
 1155.000000 19.190661 1.539142 3.003511
 1158.000000 19.214934 1.568558 2.987611
 1161.000000 19.251380 1.559499 2.974309
 1164.000000 19.198069 1.556437 3.001908
 1167.000000 19.217836 1.580679 2.982030
 1170.000000 19.165742 1.544070 2.977175
 1173.000000 19.200963 1.556619 2.990369
 1176.000000 19.166661 1.547057 2.997692
 1179.000000 19.207416 1.573348 2.978215
 1182.000000 19.231970 1.547915 2.993934
 1185.000000 19.162029 1.546594 2.971818
 1188.000000 19.104859 1.555631 3.010682
 1191.000000 19.126731 1.561106 2.992343
 1194.000000 19.209967 1.553202 2.985207
 1197.000000 19.231019 1.559368 2.994120
 1200.000000 19.206890 1.561374 2.963576
 1203.000000 19.232084 1.553909 2.992761
 1206.000000 19.301715 1.532475 3.031982
 1209.000000 19.285242 1.551766 2.999139
 1212.000000 19.307602 1.533049 3.011303
 1215.000000 19.355977 1.560376 2.976570
 1218.000000 19.313941 1.527400 2.956830
 1221.000000 19.234934 1.560051 2.951510
 1224.000000 19.202612 1.564920 2.953895
 1227.000000 19.193386 1.577298 2.968347
 1230.000000 19.214227 1.573820 2.964981
 1233.000000 19.204343 1.580360 3.035497
 1236.000000 19.174224 1.560974 3.033361
 1239.000000 19.169053 1.567773 3.022781
 1242.000000 19.213856 1.585126 3.010377
 1245.000000 19.183312 1.566010 3.034718
 1248.000000 19.160647 1.570067 3.016763
 1251.000000 19.184233 1.577680 2.992380
 1254.000000 19.135198 1.562934 2.992232
 1257.000000 19.195687 1.557880 3.004013
 1260.000000 19.108297 1.545795 2.998864
 1263.000000 19.101558 1.551241 3.012633
 1266.000000 19.170118 1.562567 3.020694
 1269.000000 19.274618 1.549351 2.992311
 1272.000000 19.250827 1.558984 3.004675
 1275.000000 19.329050 1.574222 2.978537
 1278.000000 19.346243 1.548156 2.971459
 1281.000000 19.369551 1.548437 2.976807
 1284.000000 19.256429 1.531921 2.956328
 1287.000000 19.275941 1.553592 2.999642
 1290.000000 19.304030 1.568827 2.984236
 1293.000000 19.264722 1.565866 2.984833
 1296.000000 19.263696 1.577841 2.996022
 1299.000000 19.307231 1.532519 3.001354
 1302.000000 19.286776 1.548341 3.000619
 1305.000000 19.329425 1.546468 3.003155
 1308.000000 19.322242 1.575136 3.007209
 1311.000000 19.288687 1.519916 3.069349
 1314.000000 19.399550 1.541503 3.067167
 1317.000000 19.284311 1.564683 3.037625
 1320.000000 19.341468 1.561998 3.030706
 1323.000000 19.331073 1.554198 3.040306
 1326.000000 19.343421 1.552660 3.032555
 1329.000000 19.320978 1.569742 3.036367
 1332.000000 19.370860 1.571366 3.005626
 1335.000000 19.342622 1.548341 3.041130
 1338.000000 19.359658 1.555237 3.059556
 1341.000000 19.408959 1.579055 3.012066
 1344.000000 19.363062 1.599403 2.987167
 1347.000000 19.392089 1.584035 3.032709
 1350.000000 19.427395 1.595773 3.025871
 1353.000000 19.325535 1.580294 3.029209
 1356.000000 19.354332 1.586309 3.010909
 1359.000000 19.335355 1.585992 3.010489
 1362.000000 19.397490 1.611240 2.973021
 1365.000000 19.373382 1.574724 3.024561
 1368.000000 19.431486 1.572012 2.973613
 1371.000000 19.429623 1.579037 2.986515
 1374.000000 19.402783 1.564744 2.987765
 1377.000000 19.458978 1.568540 2.998436
 1380.000000 19.440127 1.581319 2.990299
 1383.000000 19.435052 1.596406 2.959761
 1386.000000 19.435312 1.586737 2.996174
 1389.000000 19.454536 1.606328 2.987500
 1392.000000 19.436753 1.595885 2.981212
 1395.000000 19.356850 1.600265 2.981062
 1398.000000 19.360698 1.617297 2.972467
 1401.000000 19.397364 1.620537 3.004339
 1404.000000 19.389370 1.598117 3.041510
 1407.000000 19.306057 1.599283 3.026656
 1410.000000 19.341005 1.597601 3.035073
 1413.000000 19.392678 1.613951 3.020894
 1416.000000 19.486593 1.588488 3.068998
 1419.000000 19.439273 1.591864 3.035185
 1422.000000 19.371293 1.600251 3.030014
 1425.000000 19.379205 1.601087 3.026822
 1428.000000 19.378711 1.594016 3.043813
 1431.000000 19.332811 1.600659 3.030760
 1434.000000 19.267082 1.627432 3.000685
 1437.000000 19.197104 1.608591 3.019613
 1440.000000 19.219260 1.607736 2.978631
 1443.000000 19.279693 1.588432 2.977885
 1446.000000 19.368626 1.601761 2.975305
 1449.000000 19.314194 1.574913 2.962434
 1452.000000 19.274743 1.597044 2.942864
 1455.000000 19.247660 1.597961 2.960093
 1458.000000 19.207417 1.571008 2.988718
 1461.000000 19.211694 1.549147 2.975168
 1464.000000 19.205160 1.568559 2.970220
 1467.000000 19.161825 1.548021 2.982664
 1470.000000 19.243625 1.521242 2.953438
 1473.000000 19.306951 1.536287 2.945127
 1476.000000 19.244652 1.526758 2.975014
 1479.000000 19.246495 1.529592 2.965226
 1482.000000 19.237230 1.542496 2.968473
 1485.000000 19.322971 1.516036 2.997142
 1488.000000 19.356585 1.531419 2.970639
 1491.000000 19.369208 1.552987 2.950881
 1494.000000 19.320316 1.526243 2.993644
 1497.000000 19.261588 1.544069 3.001781
 1500.000000 19.301964 1.559122 3.000358
 1503.000000 19.341989 1.556534 3.012056
 1506.000000 19.315287 1.566578 2.988235
 1509.000000 19.287007 1.562621 2.971639
 1512.000000 19.324089 1.555300 3.002517
 1515.000000 19.394605 1.553337 2.989683
 1518.000000 19.390006 1.549798 3.004595
 1521.000000 19.339847 1.567035 2.949729
 1524.000000 19.360612 1.539431 2.980904
 1527.000000 19.274577 1.555420 2.955437
 1530.000000 19.358952 1.533445 2.979636
 1533.000000 19.360964 1.532648 2.992712
 1536.000000 19.405365 1.526443 3.008443
 1539.000000 19.325837 1.530273 2.984208
 1542.000000 19.401571 1.546161 2.985003
 1545.000000 19.384503 1.547987 3.025225
 1548.000000 19.394020 1.562177 2.991710
 1551.000000 19.494200 1.568544 2.981954
 1554.000000 19.473575 1.577478 2.967310
 1557.000000 19.426089 1.555139 2.984563
 1560.000000 19.419155 1.580438 2.965313
 1563.000000 19.380904 1.571880 3.000104
 1566.000000 19.377492 1.554452 2.952033
 1569.000000 19.434605 1.542146 2.967055
 1572.000000 19.494590 1.539357 2.972978
 1575.000000 19.455532 1.553079 2.974021
 1578.000000 19.441686 1.559445 2.990974
 1581.000000 19.478532 1.558685 3.002253
 1584.000000 19.456355 1.564616 2.987745
 1587.000000 19.435142 1.534904 3.013607
 1590.000000 19.446524 1.534471 3.003612
 1593.000000 19.402360 1.518189 3.033609
 1596.000000 19.348733 1.540481 2.994622
 1599.000000 19.344089 1.542591 2.965640
 1602.000000 19.411359 1.540608 2.997063
 1605.000000 19.366033 1.528676 3.005477
 1608.000000 19.387891 1.515643 2.996569
 1611.000000 19.363335 1.535846 3.000366
 1614.000000 19.323383 1.546444 3.009975
 1617.000000 19.380173 1.550210 2.995357
 1620.000000 19.391028 1.543566 2.983732
 1623.000000 19.441312 1.537688 2.990705
 1626.000000 19.328428 1.546454 2.986940
 1629.000000 19.282312 1.565506 2.964867
 1632.000000 19.305764 1.562661 2.939050
 1635.000000 19.320721 1.556230 2.962905
 1638.000000 19.219219 1.558943 2.961319
 1641.000000 19.092532 1.549079 2.967080
 1644.000000 19.182361 1.563272 2.924606
 1647.000000 19.210622 1.562887 2.942364
 1650.000000 19.208318 1.564187 2.969412
 1653.000000 19.250020 1.564176 2.956945
 1656.000000 19.309943 1.561776 2.926789
 1659.000000 19.269520 1.553707 2.924811
 1662.000000 19.269952 1.548671 2.962127
 1665.000000 19.369623 1.557665 2.930638
 1668.000000 19.255794 1.568362 2.903717
 1671.000000 19.392484 1.568422 2.927624
 1674.000000 19.316381 1.518011 2.959213
 1677.000000 19.332813 1.526102 2.977386
 1680.000000 19.278878 1.546638 2.972935
 1683.000000 19.261688 1.543240 2.963611
 1686.000000 19.364264 1.547148 2.983108
 1689.000000 19.350610 1.556551 2.938579
 1692.000000 19.332141 1.570883 2.931991
 1695.000000 19.293339 1.582998 2.899887
 1698.000000 19.297514 1.586910 2.901811
 1701.000000 19.353551 1.574952 2.924313
 1704.000000 19.302724 1.592879 2.941891
 1707.000000 19.259415 1.600969 2.899343
 1710.000000 19.324805 1.582174 2.938138
 1713.000000 19.287875 1.569629 2.949917
 1716.000000 19.268183 1.611040 2.906861
 1719.000000 19.327193 1.582921 2.940017
 1722.000000 19.315633 1.606088 2.939654
 1725.000000 19.278217 1.611745 2.923080
 1728.000000 19.299482 1.571148 2.954152
 1731.000000 19.257487 1.579210 2.943855
 1734.000000 19.340380 1.569000 2.952545
 1737.000000 19.375290 1.556013 2.980136
 1740.000000 19.320194 1.543958 2.995318
 1743.000000 19.373484 1.543510 2.986777
 1746.000000 19.393162 1.561418 2.970806
 1749.000000 19.361282 1.552775 2.988302
 1752.000000 19.417420 1.558525 3.008525
 1755.000000 19.385107 1.563690 2.991956
 1758.000000 19.287430 1.548421 3.005253
 1761.000000 19.398622 1.537064 2.990468
 1764.000000 19.346213 1.540937 2.986396
 1767.000000 19.313131 1.564276 2.958860
 1770.000000 19.385944 1.571306 2.932953
 1773.000000 19.353626 1.576947 2.944182
 1776.000000 19.453480 1.590314 2.949106
 1779.000000 19.448977 1.576541 2.955210
 1782.000000 19.458151 1.589503 2.981552
 1785.000000 19.388438 1.563651 3.001214
 1788.000000 19.449136 1.563880 2.964720
 1791.000000 19.375698 1.570837 2.979812
 1794.000000 19.457717 1.593733 2.951550
 1797.000000 19.449201 1.562066 2.949167
 1800.000000 19.434482 1.574725 2.966040
 1803.000000 19.400132 1.572960 2.978060
 1806.000000 19.367716 1.570811 2.959331
 1809.000000 19.411081 1.552093 2.998776
 1812.000000 19.348831 1.569339 3.013470
 1815.000000 19.268624 1.594807 2.972314
 1818.000000 19.308695 1.609933 2.965940
 1821.000000 19.279943 1.579198 2.991061
 1824.000000 19.271591 1.577203 3.011114
 1827.000000 19.227518 1.585319 3.012532
 1830.000000 19.292611 1.580533 3.012467
 1833.000000 19.344738 1.560375 3.021068
 1836.000000 19.345656 1.562478 3.016184
 1839.000000 19.355947 1.550874 2.990825
 1842.000000 19.279305 1.557641 3.013005
 1845.000000 19.313625 1.547359 2.982694
 1848.000000 19.306664 1.552150 2.964934
 1851.000000 19.319288 1.525019 3.014463
 1854.000000 19.355698 1.537568 2.995072
 1857.000000 19.245460 1.530578 2.978475
 1860.000000 19.294461 1.523843 2.988435
 1863.000000 19.279350 1.530840 2.998489
 1866.000000 19.286461 1.537639 2.987205
 1869.000000 19.320231 1.522546 3.001497
 1872.000000 19.249540 1.508294 3.041052
 1875.000000 19.265859 1.530333 3.039969
 1878.000000 19.296775 1.525336 3.020741
 1881.000000 19.346095 1.531759 3.006785
 1884.000000 19.309432 1.561906 2.997366
 1887.000000 19.324431 1.565173 2.995512
 1890.000000 19.321097 1.555084 2.999140
 1893.000000 19.264879 1.568840 2.958672
 1896.000000 19.212313 1.553312 2.993884
 1899.000000 19.206833 1.546502 2.996971
 1902.000000 19.181141 1.562941 2.994839
 1905.000000 19.231793 1.550221 2.979643
 1908.000000 19.239738 1.552624 3.041292
 1911.000000 19.292187 1.541192 3.028918
 1914.000000 19.218006 1.582404 2.989277
 1917.000000 19.258311 1.570859 3.004492
 1920.000000 19.231140 1.584256 3.007884
 1923.000000 19.288948 1.548880 3.005624
 1926.000000 19.382494 1.550752 3.015828
 1929.000000 19.317500 1.552826 2.981515
 1932.000000 19.337022 1.545764 2.956074
 1935.000000 19.283781 1.580000 2.959314
 1938.000000 19.326802 1.568959 2.993154
 1941.000000 19.396316 1.562082 3.000751
 1944.000000 19.334893 1.566121 3.031108
 1947.000000 19.401653 1.565612 3.025372
 1950.000000 19.308998 1.578875 2.983184
 1953.000000 19.320328 1.549871 2.998889
 1956.000000 19.338615 1.556721 2.973378
 1959.000000 19.364595 1.547153 2.972282
 1962.000000 19.290469 1.577219 2.992352
 1965.000000 19.291359 1.582444 2.988615
 1968.000000 19.254282 1.588152 3.015216
 1971.000000 19.308759 1.581748 2.999943
 1974.000000 19.331832 1.581528 2.994261
 1977.000000 19.363472 1.588016 3.003260
 1980.000000 19.346306 1.563017 3.002541
 1983.000000 19.414599 1.549082 3.005805
 1986.000000 19.408868 1.572078 2.955829
 1989.000000 19.345840 1.569969 2.961613
 1992.000000 19.307223 1.548527 2.951327
 1995.000000 19.285143 1.566266 2.920296
 1998.000000 19.237887 1.560023 2.938689
 2001.000000 19.232784 1.549425 2.960415
 2004.000000 19.258320 1.546759 2.967352
 2007.000000 19.276720 1.562812 2.945049
 2010.000000 19.243425 1.555278 2.972470
 2013.000000 19.264580 1.556242 2.997258
 2016.000000 19.179146 1.562462 2.973695
 2019.000000 19.260153 1.574980 2.994892
 2022.000000 19.231095 1.561904 2.998914
 2025.000000 19.397788 1.602431 2.986985
 2028.000000 19.442052 1.592817 3.014098
 2031.000000 19.364350 1.587799 3.013770
 2034.000000 19.333027 1.564639 3.022176
 2037.000000 19.378640 1.558655 3.013252
 2040.000000 19.347217 1.599282 2.997284
 2043.000000 19.374674 1.598453 2.985968
 2046.000000 19.370601 1.587519 3.003182
 2049.000000 19.384535 1.560713 2.999789
 2052.000000 19.396737 1.533304 3.043023
 2055.000000 19.340266 1.574676 2.981250
 2058.000000 19.433982 1.567249 3.015856
 2061.000000 19.393463 1.555145 3.003374
 2064.000000 19.471015 1.571749 2.972552
 2067.000000 19.491396 1.559532 3.003627
 2070.000000 19.459003 1.551717 2.988903
 2073.000000 19.507496 1.576111 2.958349
 2076.000000 19.442765 1.562738 2.969286
 2079.000000 19.362435 1.568994 2.961426
 2082.000000 19.399259 1.553268 3.003574
 2085.000000 19.379403 1.579969 2.977911
 2088.000000 19.461952 1.575289 2.977183
 2091.000000 19.428108 1.551292 2.967060
 2094.000000 19.531179 1.532374 2.960886
 2097.000000 19.546526 1.556477 2.926464
 2100.000000 19.474118 1.519723 2.956713
 2103.000000 19.601627 1.530555 2.968338
 2106.000000 19.598401 1.516851 2.990134
 2109.000000 19.591151 1.503801 3.033850
 2112.000000 19.557916 1.496718 3.053478
 2115.000000 19.525742 1.513232 3.015450
 2118.000000 19.515056 1.492914 3.043204
 2121.000000 19.489063 1.522894 2.993287
 2124.000000 19.454987 1.498533 2.999780
 2127.000000 19.442689 1.473608 2.989534
 2130.000000 19.466332 1.505219 2.944815
 2133.000000 19.438396 1.475666 2.980264
 2136.000000 19.338442 1.504289 2.952407
 2139.000000 19.362218 1.490970 2.966745
 2142.000000 19.338284 1.492983 2.989854
 2145.000000 19.357330 1.479190 3.011048
 2148.000000 19.389252 1.510536 2.976088
 2151.000000 19.352785 1.520652 2.961243
 2154.000000 19.387279 1.504135 3.020662
 2157.000000 19.409241 1.526815 2.960116
 2160.000000 19.387662 1.521788 2.972467
 2163.000000 19.503527 1.509448 2.973399
 2166.000000 19.601131 1.529034 2.958968
 2169.000000 19.539048 1.528328 2.936520
 2172.000000 19.593202 1.550725 2.915699
 2175.000000 19.552304 1.537547 2.963658
 2178.000000 19.500388 1.548663 2.950160
 2181.000000 19.503956 1.543683 2.960353
 2184.000000 19.487922 1.566976 2.969213
 2187.000000 19.418065 1.564411 2.972104
 2190.000000 19.334948 1.555993 2.992435
 2193.000000 19.399923 1.553691 2.974690
 2196.000000 19.393043 1.559636 2.981592
 2199.000000 19.368857 1.573352 2.951110
 2202.000000 19.386025 1.544538 2.927685
 2205.000000 19.303475 1.559512 2.910170
 2208.000000 19.243948 1.533255 2.966519
 2211.000000 19.242488 1.524512 2.935685
 2214.000000 19.273149 1.538565 2.940673
 2217.000000 19.297689 1.551101 2.931054
 2220.000000 19.283699 1.534116 2.939551
 2223.000000 19.223942 1.531692 2.958832
 2226.000000 19.260031 1.529644 2.968309
 2229.000000 19.251195 1.524187 2.983100
 2232.000000 19.209798 1.523704 2.953245
 2235.000000 19.215893 1.520362 2.957479
 2238.000000 19.177864 1.518803 2.972056
 2241.000000 19.277813 1.521679 3.006848
 2244.000000 19.350336 1.533434 2.955840
 2247.000000 19.306712 1.517016 2.987896
 2250.000000 19.239919 1.521284 2.984621
 2253.000000 19.292844 1.542858 2.968578
 2256.000000 19.292487 1.533703 3.015155
 2259.000000 19.258587 1.544699 2.996205
 2262.000000 19.322510 1.543760 2.978494
 2265.000000 19.385596 1.545740 3.003081
 2268.000000 19.448496 1.557547 2.965617
 2271.000000 19.413631 1.561492 2.949976
 2274.000000 19.329799 1.540407 2.975305
 2277.000000 19.366304 1.533681 2.984743
 2280.000000 19.337149 1.551434 2.955663
 2283.000000 19.315993 1.553913 2.959793
 2286.000000 19.269792 1.534413 2.958893
 2289.000000 19.273700 1.543506 2.927231
 2292.000000 19.218982 1.529127 2.942787
 2295.000000 19.258636 1.545529 2.929482
 2298.000000 19.201249 1.560839 2.929871
 2301.000000 19.249013 1.554386 2.957193
 2304.000000 19.243643 1.551457 2.944377
 2307.000000 19.196905 1.557939 2.944326
 2310.000000 19.163486 1.546250 2.985484
 2313.000000 19.214662 1.531086 2.972822
 2316.000000 19.227462 1.561323 2.953851
 2319.000000 19.302648 1.572356 2.942599
 2322.000000 19.343833 1.574725 2.937832
 2325.000000 19.407529 1.571937 2.908959
 2328.000000 19.405369 1.586734 2.905481
 2331.000000 19.308707 1.578743 2.919466
 2334.000000 19.285433 1.552639 2.928076
 2337.000000 19.252707 1.548975 2.960092
 2340.000000 19.312218 1.540148 2.964777
 2343.000000 19.145829 1.536124 2.974916
 2346.000000 19.284024 1.559083 2.969875
 2349.000000 19.246162 1.564535 2.978292
 2352.000000 19.317552 1.547844 2.967210
 2355.000000 19.239374 1.549868 2.968742
 2358.000000 19.338474 1.562483 2.975646
 2361.000000 19.226497 1.565678 2.954736
 2364.000000 19.247228 1.584758 2.962371
 2367.000000 19.265754 1.583006 2.947629
 2370.000000 19.311393 1.568978 2.966205
 2373.000000 19.306445 1.583493 2.918463
 2376.000000 19.262819 1.566907 2.959896
 2379.000000 19.287884 1.587393 2.931684
 2382.000000 19.265205 1.590717 2.966400
 2385.000000 19.324379 1.579781 2.959730
 2388.000000 19.388831 1.590077 2.957991
 2391.000000 19.327121 1.564334 2.983010
 2394.000000 19.325544 1.584138 2.976916
 2397.000000 19.240338 1.562525 2.993465
 2400.000000 19.182789 1.547539 3.007653
 2403.000000 19.226053 1.553189 3.039494
 2406.000000 19.250910 1.574349 3.037992
 2409.000000 19.294113 1.570225 3.010146
 2412.000000 19.312083 1.553129 2.994964
 2415.000000 19.281114 1.545008 3.014339
 2418.000000 19.233217 1.586757 2.996725
 2421.000000 19.304453 1.571506 3.001334
 2424.000000 19.393961 1.550425 3.022659
 2427.000000 19.354110 1.565636 3.003310
 2430.000000 19.321480 1.570316 3.018554
 2433.000000 19.343039 1.584320 2.977323
 2436.000000 19.369747 1.595206 2.963284
 2439.000000 19.392632 1.591571 2.965736
 2442.000000 19.348111 1.584816 2.989225
 2445.000000 19.367988 1.575777 2.983748
 2448.000000 19.341312 1.573457 2.995267
 2451.000000 19.368707 1.601266 2.969970
 2454.000000 19.302692 1.581174 2.973916
 2457.000000 19.412219 1.592274 2.955701
 2460.000000 19.357496 1.568657 2.978482
 2463.000000 19.318382 1.571220 2.934083
 2466.000000 19.240351 1.563388 2.981019
 2469.000000 19.289357 1.605469 2.943727
 2472.000000 19.283949 1.574277 2.956713
 2475.000000 19.267222 1.582222 2.969456
 2478.000000 19.273247 1.568113 2.989030
 2481.000000 19.297365 1.563393 2.981649
 2484.000000 19.243886 1.545846 2.988011
 2487.000000 19.224588 1.529415 3.019023
 2490.000000 19.200588 1.526567 3.007972
 2493.000000 19.277344 1.556643 3.010673
 2496.000000 19.243866 1.573955 2.981172
 2499.000000 19.251041 1.581616 3.005068
 2502.000000 19.235416 1.581304 3.003590
 2505.000000 19.284733 1.581718 3.000557
 2508.000000 19.267082 1.597441 2.956934
 2511.000000 19.358153 1.564290 2.992035
 2514.000000 19.414890 1.559811 2.956682
 2517.000000 19.330839 1.570870 2.962249
 2520.000000 19.389344 1.546241 2.985264
 2523.000000 19.412213 1.553142 2.976678
 2526.000000 19.452969 1.545376 2.979043
 2529.000000 19.458280 1.588231 2.937229
 2532.000000 19.421882 1.564207 2.977071
 2535.000000 19.540701 1.573756 2.970628
 2538.000000 19.440379 1.562364 3.005785
 2541.000000 19.528113 1.564025 3.026059
 2544.000000 19.504237 1.576556 3.034594
 2547.000000 19.460375 1.576475 2.991244
 2550.000000 19.473011 1.585420 2.992545
 2553.000000 19.485903 1.573001 2.993555
 2556.000000 19.417486 1.556851 3.025868
 2559.000000 19.411098 1.574276 2.993744
 2562.000000 19.410772 1.586300 2.991902
 2565.000000 19.403270 1.572597 2.992522
 2568.000000 19.436353 1.561558 3.008270
 2571.000000 19.376051 1.575112 2.980787
 2574.000000 19.384967 1.571262 2.991243
 2577.000000 19.357666 1.576693 2.995566
 2580.000000 19.342712 1.552934 3.026789
 2583.000000 19.330594 1.556605 2.999942
 2586.000000 19.363224 1.562678 2.979510
 2589.000000 19.396451 1.589308 2.956463
 2592.000000 19.479737 1.563460 2.962666
 2595.000000 19.389702 1.549239 2.994544
 2598.000000 19.366060 1.564872 2.974012
 2601.000000 19.290754 1.591425 2.983973
 2604.000000 19.309558 1.610217 3.002478
 2607.000000 19.379774 1.617979 2.961840
 2610.000000 19.306045 1.589867 2.984206
 2613.000000 19.284510 1.605261 2.990046
 2616.000000 19.307008 1.570094 3.016143
 2619.000000 19.350360 1.586069 2.995528
 2622.000000 19.263091 1.595735 2.975422
 2625.000000 19.295235 1.597254 3.002287
 2628.000000 19.327587 1.580849 3.007338
 2631.000000 19.293005 1.582541 2.985910
 2634.000000 19.277870 1.590836 2.994601
 2637.000000 19.380336 1.566763 2.996822
 2640.000000 19.259493 1.554138 3.023148
 2643.000000 19.299677 1.595697 3.003400
 2646.000000 19.250972 1.587475 2.993539
 2649.000000 19.225750 1.627455 2.954456
 2652.000000 19.260139 1.605199 2.934641
 2655.000000 19.191277 1.608502 2.954243
 2658.000000 19.241756 1.598188 2.979299
 2661.000000 19.348907 1.606502 2.963444
 2664.000000 19.317982 1.592702 2.987882
 2667.000000 19.370805 1.621329 2.960681
 2670.000000 19.415203 1.593926 2.999687
 2673.000000 19.414841 1.598104 2.995514
 2676.000000 19.344200 1.605921 2.968479
 2679.000000 19.313675 1.580867 3.026329
 2682.000000 19.369049 1.594280 3.010055
 2685.000000 19.370194 1.615113 2.970661
 2688.000000 19.315105 1.621531 2.930363
 2691.000000 19.351630 1.594280 2.978372
 2694.000000 19.306176 1.586732 3.004327
 2697.000000 19.276882 1.609683 2.971790
 2700.000000 19.227799 1.600963 2.981940
 2703.000000 19.226202 1.586247 2.992139
 2706.000000 19.206080 1.573173 3.001667
 2709.000000 19.292840 1.560962 2.994813
 2712.000000 19.243646 1.583901 2.969150
 2715.000000 19.300155 1.588549 2.961993
 2718.000000 19.267597 1.596428 2.983613
 2721.000000 19.310427 1.582397 3.017720
 2724.000000 19.321893 1.589837 3.002123
 2727.000000 19.383318 1.588467 3.014419
 2730.000000 19.381767 1.556907 3.005863
 2733.000000 19.447193 1.562403 2.996984
 2736.000000 19.517231 1.568267 3.014258
 2739.000000 19.444885 1.602626 3.007315
 2742.000000 19.489185 1.601455 2.989283
 2745.000000 19.474782 1.600976 2.982236
 2748.000000 19.500844 1.603039 2.980803
 2751.000000 19.516150 1.573490 3.015289
 2754.000000 19.543495 1.564273 3.019945
 2757.000000 19.517991 1.579317 3.001289
 2760.000000 19.469274 1.567029 3.024507
 2763.000000 19.361939 1.572950 3.007222
 2766.000000 19.270453 1.574807 3.003312
 2769.000000 19.334082 1.572159 2.977863
 2772.000000 19.306156 1.576567 2.956763
 2775.000000 19.267682 1.559252 2.990770
 2778.000000 19.250024 1.599065 2.985695
 2781.000000 19.280967 1.591023 3.015390
 2784.000000 19.287416 1.619818 2.981082
 2787.000000 19.264797 1.594007 2.990448
 2790.000000 19.353846 1.606177 2.971300
 2793.000000 19.273697 1.564844 2.983483
 2796.000000 19.313724 1.598610 3.008287
 2799.000000 19.301966 1.578755 3.031219
 2802.000000 19.368911 1.597924 3.013530
 2805.000000 19.380774 1.594254 2.978270
 2808.000000 19.391874 1.603623 2.967601
 2811.000000 19.434592 1.580686 2.954497
 2814.000000 19.449879 1.565229 2.993278
 2817.000000 19.342780 1.576223 2.994335
 2820.000000 19.396837 1.550109 3.005890
 2823.000000 19.427925 1.552648 2.990376
 2826.000000 19.450080 1.537931 2.966749
 2829.000000 19.444080 1.523944 2.963743
 2832.000000 19.481657 1.541017 2.929176
 2835.000000 19.457589 1.559945 2.942593
 2838.000000 19.421416 1.546699 2.949359
 2841.000000 19.336788 1.547279 2.956831
 2844.000000 19.382213 1.556562 2.974008
 2847.000000 19.345686 1.537095 2.962873
 2850.000000 19.336874 1.533456 2.947641
 2853.000000 19.321164 1.502445 2.984115
 2856.000000 19.360738 1.541195 2.958774
 2859.000000 19.370139 1.533582 2.972420
 2862.000000 19.340600 1.542770 2.973915
 2865.000000 19.324077 1.566418 2.949475
 2868.000000 19.304902 1.535041 3.000197
 2871.000000 19.284342 1.557195 2.977549
 2874.000000 19.289659 1.550727 2.998211
 2877.000000 19.431525 1.532089 2.986196
 2880.000000 19.383678 1.535452 2.967610
 2883.000000 19.384215 1.543221 2.980814
 2886.000000 19.353748 1.547858 2.942835
 2889.000000 19.378874 1.496344 2.999425
 2892.000000 19.369482 1.490208 3.007635
 2895.000000 19.446992 1.510879 2.975584
 2898.000000 19.408834 1.504384 2.975143
 2901.000000 19.452664 1.506460 2.995875
 2904.000000 19.400635 1.500959 2.971027
 2907.000000 19.444641 1.518928 2.953163
 2910.000000 19.421631 1.522375 2.990661
 2913.000000 19.445511 1.521791 2.969113
 2916.000000 19.455279 1.538773 2.973061
 2919.000000 19.549196 1.527787 2.994937
 2922.000000 19.518865 1.539554 2.954942
 2925.000000 19.446062 1.524796 2.974270
 2928.000000 19.425136 1.525595 2.969090
 2931.000000 19.494749 1.511172 2.952368
 2934.000000 19.506780 1.512929 2.953700
 2937.000000 19.522622 1.521706 2.930736
 2940.000000 19.461122 1.514496 2.919854
 2943.000000 19.524473 1.530397 2.927559
 2946.000000 19.564723 1.543518 2.924669
 2949.000000 19.533393 1.532223 2.929428
 2952.000000 19.501489 1.508200 2.967885
 2955.000000 19.450763 1.524331 2.934150
 2958.000000 19.399302 1.534039 2.932412
 2961.000000 19.445337 1.508159 2.956734
 2964.000000 19.521870 1.516325 2.954050
 2967.000000 19.395347 1.511185 2.975800
 2970.000000 19.332657 1.508024 2.963440
 2973.000000 19.360213 1.513978 2.959683
 2976.000000 19.374266 1.512674 2.976515
 2979.000000 19.322958 1.525251 2.983900
 2982.000000 19.267186 1.512461 3.003389
 2985.000000 19.279899 1.537982 2.971353
 2988.000000 19.283231 1.525577 2.949975
 2991.000000 19.343492 1.563138 2.959758
 2994.000000 19.400246 1.538418 2.981267
 2997.000000 19.468097 1.563416 2.955655
 3000.000000 19.433360 1.558064 2.980315
 3003.000000 19.458642 1.564615 2.956284
 3006.000000 19.447156 1.567271 2.944535
 3009.000000 19.362506 1.555708 2.977622
 3012.000000 19.297688 1.570631 2.991557
 3015.000000 19.271731 1.562790 3.026914
 3018.000000 19.276792 1.569037 2.994747
 3021.000000 19.301359 1.584814 2.995875
 3024.000000 19.306535 1.564814 2.977679
 3027.000000 19.293939 1.609436 2.946352
 3030.000000 19.299201 1.605705 2.947423
 3033.000000 19.246495 1.584817 2.973663
 3036.000000 19.192894 1.604428 2.961448
 3039.000000 19.176085 1.564559 2.982590
 3042.000000 19.272780 1.546093 2.995770
 3045.000000 19.201231 1.556538 2.974648
 3048.000000 19.231982 1.568794 2.970594
 3051.000000 19.245503 1.570424 2.989729
 3054.000000 19.337964 1.595249 2.974505
 3057.000000 19.292731 1.584564 2.985997
 3060.000000 19.326750 1.570003 2.975888
 3063.000000 19.362185 1.564071 2.973955
 3066.000000 19.450240 1.587671 2.927919
 3069.000000 19.425288 1.570016 2.977723
 3072.000000 19.442899 1.563467 2.984828
 3075.000000 19.473869 1.564337 3.009970
 3078.000000 19.389871 1.547716 3.026427
 3081.000000 19.388407 1.579958 2.977759
 3084.000000 19.392686 1.594641 2.971246
 3087.000000 19.411716 1.577331 2.979174
 3090.000000 19.434420 1.586938 2.977017
 3093.000000 19.425926 1.595276 2.972983
 3096.000000 19.382038 1.633288 2.949530
 3099.000000 19.389819 1.591441 2.973731
 3102.000000 19.343126 1.633640 2.913937
 3105.000000 19.346724 1.608294 2.974425
 3108.000000 19.360187 1.585595 2.946871
 3111.000000 19.385160 1.594432 2.966734
 3114.000000 19.321249 1.615463 2.931161
 3117.000000 19.424065 1.619728 2.920624
 3120.000000 19.366792 1.588861 2.956949
 3123.000000 19.456922 1.628823 2.908255
 3126.000000 19.442404 1.591862 2.957136
 3129.000000 19.462682 1.609411 2.937131
 3132.000000 19.435604 1.581573 2.933446
 3135.000000 19.474865 1.592332 2.927695
 3138.000000 19.548341 1.557388 2.956423
 3141.000000 19.474817 1.553503 2.964607
 3144.000000 19.471095 1.564159 2.963978
 3147.000000 19.445637 1.558219 2.996304
 3150.000000 19.528893 1.561022 2.961560
 3153.000000 19.489874 1.560644 3.017873
 3156.000000 19.502133 1.545531 2.996261
 3159.000000 19.491463 1.544715 3.007930
 3162.000000 19.469131 1.571454 2.986221
 3165.000000 19.454164 1.553136 3.024787
 3168.000000 19.482056 1.546973 3.041678
 3171.000000 19.469651 1.552174 3.021648
 3174.000000 19.488513 1.547682 3.044983
 3177.000000 19.553064 1.555663 3.046001
 3180.000000 19.484802 1.552273 3.034907
 3183.000000 19.499426 1.552469 3.018067
 3186.000000 19.502962 1.549104 3.034973
 3189.000000 19.568325 1.549143 3.014473
 3192.000000 19.472233 1.555129 2.983368
 3195.000000 19.518021 1.572710 2.950440
 3198.000000 19.511535 1.548459 2.996525
 3201.000000 19.538926 1.548209 3.004354
 3204.000000 19.470199 1.543840 3.013029
 3207.000000 19.463142 1.545104 2.999773
 3210.000000 19.404754 1.571137 2.967343
 3213.000000 19.402320 1.543959 3.015295
 3216.000000 19.320630 1.542747 3.003879
 3219.000000 19.302624 1.541943 3.038501
 3222.000000 19.326479 1.563686 2.998780
 3225.000000 19.287485 1.575899 2.980875
 3228.000000 19.380469 1.592882 2.994996
 3231.000000 19.388190 1.595546 2.995417
 3234.000000 19.345643 1.599376 2.973261
 3237.000000 19.310960 1.560998 3.012967
 3240.000000 19.364749 1.566146 2.972376
 3243.000000 19.258079 1.569589 2.980224
 3246.000000 19.336602 1.574073 3.025900
 3249.000000 19.318909 1.565289 3.022709
 3252.000000 19.310538 1.560073 3.028021
 3255.000000 19.377992 1.581936 2.999191
 3258.000000 19.347220 1.596249 2.957282
 3261.000000 19.387723 1.589216 2.988649
 3264.000000 19.459043 1.617185 2.970786
 3267.000000 19.457087 1.608126 2.953292
 3270.000000 19.397153 1.608522 2.979606
 3273.000000 19.419135 1.606776 2.961118
 3276.000000 19.442725 1.580379 2.966668
 3279.000000 19.390172 1.591077 2.965943
 3282.000000 19.493830 1.586091 2.983202
 3285.000000 19.460032 1.598839 2.927708
 3288.000000 19.485537 1.599658 2.930803
 3291.000000 19.396525 1.588412 2.923532
 3294.000000 19.341326 1.592880 2.958265
 3297.000000 19.414367 1.565567 2.977187
 3300.000000 19.396134 1.591950 2.959095
 3303.000000 19.406827 1.566201 2.983328
 3306.000000 19.364704 1.565651 2.973049
 3309.000000 19.424680 1.559143 2.963476
 3312.000000 19.485516 1.552368 2.971593
 3315.000000 19.487168 1.561152 2.981825
 3318.000000 19.468924 1.585071 2.946985
 3321.000000 19.512228 1.563604 2.962247
 3324.000000 19.489593 1.542769 2.981458
 3327.000000 19.477372 1.554686 2.949910
 3330.000000 19.459305 1.552599 2.941129
 3333.000000 19.493450 1.539570 2.940006
 3336.000000 19.474802 1.514184 2.979024
 3339.000000 19.412737 1.531797 2.978131
 3342.000000 19.495807 1.520044 2.944210
 3345.000000 19.583964 1.527579 2.924005
 3348.000000 19.527905 1.551502 2.917013
 3351.000000 19.564736 1.521663 2.960735
 3354.000000 19.550029 1.525682 2.934626
 3357.000000 19.618103 1.509752 2.960964
 3360.000000 19.529121 1.515417 2.983340
 3363.000000 19.584781 1.486116 2.988407
 3366.000000 19.585905 1.502120 2.953018
 3369.000000 19.506523 1.484407 2.979320
 3372.000000 19.526398 1.492196 2.966365
 3375.000000 19.642090 1.490915 2.978457
 3378.000000 19.692014 1.491632 2.992567
 3381.000000 19.639953 1.476881 2.968335
 3384.000000 19.743109 1.465607 2.988827
 3387.000000 19.621291 1.480999 2.946208
 3390.000000 19.648453 1.483183 3.004239
 3393.000000 19.615635 1.485325 3.006037
 3396.000000 19.533601 1.485403 2.985974
 3399.000000 19.569789 1.478355 3.031051
 3402.000000 19.571575 1.493903 2.989560
 3405.000000 19.567030 1.487687 2.991861
 3408.000000 19.546246 1.498540 2.983676
 3411.000000 19.549323 1.518488 2.944866
 3414.000000 19.584896 1.522249 2.957770
 3417.000000 19.539235 1.519998 2.955345
 3420.000000 19.548961 1.529057 2.952511
 3423.000000 19.464084 1.511544 2.953447
 3426.000000 19.490333 1.508395 2.995447
 3429.000000 19.491269 1.506063 2.972868
 3432.000000 19.434988 1.500177 2.946869
 3435.000000 19.404836 1.487837 2.983283
 3438.000000 19.325313 1.490284 2.977565
 3441.000000 19.378225 1.520815 2.948019
 3444.000000 19.339435 1.515810 2.929304
 3447.000000 19.312070 1.523457 2.946748
 3450.000000 19.295237 1.497926 2.969936
 3453.000000 19.187315 1.517860 2.942135
 3456.000000 19.294592 1.495425 2.925595
 3459.000000 19.308244 1.507404 2.914492
 3462.000000 19.296058 1.496621 2.957662
 3465.000000 19.368263 1.505941 2.933526
 3468.000000 19.319419 1.513564 2.911885
 3471.000000 19.423236 1.510151 2.920454
 3474.000000 19.466965 1.511057 2.922575
 3477.000000 19.508830 1.536327 2.934734
 3480.000000 19.505743 1.527579 2.954098
 3483.000000 19.471382 1.514764 2.980058
 3486.000000 19.462022 1.532041 2.949788
 3489.000000 19.516239 1.505701 2.973703
 3492.000000 19.470155 1.499696 2.950607
 3495.000000 19.528828 1.522716 2.923341
 3498.000000 19.531568 1.534731 2.921384
 3501.000000 19.545693 1.524359 2.926905
 3504.000000 19.504834 1.515348 2.931225
 3507.000000 19.538881 1.509210 2.941274
 3510.000000 19.538409 1.536661 2.921844
 3513.000000 19.587219 1.498241 2.933541
 3516.000000 19.589174 1.484597 2.971451
 3519.000000 19.533958 1.507218 2.946366
 3522.000000 19.613776 1.497646 2.975929
 3525.000000 19.564686 1.511835 2.972002
 3528.000000 19.581792 1.516399 2.959709
 3531.000000 19.584593 1.519778 2.967620
 3534.000000 19.569093 1.549900 2.938752
 3537.000000 19.492953 1.542818 2.971906
 3540.000000 19.530841 1.530252 2.992262
 3543.000000 19.597114 1.534275 2.966271
 3546.000000 19.561823 1.551619 2.930181
 3549.000000 19.541916 1.548144 2.918957
 3552.000000 19.514308 1.554476 2.929356
 3555.000000 19.484756 1.554186 2.923057
 3558.000000 19.552862 1.554731 2.900439
 3561.000000 19.485457 1.566690 2.946012
 3564.000000 19.444673 1.547783 2.964104
 3567.000000 19.440135 1.543344 2.930284
 3570.000000 19.470519 1.540582 2.963333
 3573.000000 19.427773 1.522025 2.975512
 3576.000000 19.369103 1.512890 2.970412
 3579.000000 19.316784 1.537524 2.946459
 3582.000000 19.298956 1.505510 2.978824
 3585.000000 19.303793 1.529151 2.931233
 3588.000000 19.348391 1.518387 2.969348
 3591.000000 19.287170 1.521736 2.978035
 3594.000000 19.332444 1.520329 3.003243
 3597.000000 19.307624 1.519460 3.006024
 3600.000000 19.331828 1.504448 3.016889
 3603.000000 19.337110 1.513003 2.980985
 3606.000000 19.325824 1.526805 2.979700
 3609.000000 19.260157 1.511517 2.980663
 3612.000000 19.334694 1.494150 2.965513
 3615.000000 19.343150 1.511703 2.938037
 3618.000000 19.360921 1.532770 2.905324
 3621.000000 19.386915 1.501422 2.933748
 3624.000000 19.316988 1.486938 2.973606
 3627.000000 19.359360 1.484462 2.956390
 3630.000000 19.353812 1.476414 2.990935
 3633.000000 19.391403 1.495600 2.969485
 3636.000000 19.364759 1.499417 2.960985
 3639.000000 19.408064 1.513627 2.951396
 3642.000000 19.378724 1.518641 2.984946
 3645.000000 19.415129 1.539898 2.981600
 3648.000000 19.372095 1.547822 2.952692
 3651.000000 19.345434 1.522574 2.947284
 3654.000000 19.274428 1.539589 2.970895
 3657.000000 19.353400 1.532202 2.958251
 3660.000000 19.386773 1.535952 2.906606
 3663.000000 19.383423 1.529858 2.944408
 3666.000000 19.406578 1.536425 2.957043
 3669.000000 19.442282 1.542680 2.951260
 3672.000000 19.465804 1.537258 2.932646
 3675.000000 19.482552 1.508577 2.927367
 3678.000000 19.530364 1.535667 2.922306
 3681.000000 19.475659 1.534662 2.937024
 3684.000000 19.517432 1.491094 2.987365
 3687.000000 19.516819 1.526493 2.937299
 3690.000000 19.615720 1.515622 2.947427
 3693.000000 19.593228 1.497262 2.983421
 3696.000000 19.629021 1.512969 2.968369
 3699.000000 19.618351 1.520455 2.978727
 3702.000000 19.592801 1.529899 2.987394
 3705.000000 19.550173 1.535806 2.975455
 3708.000000 19.435066 1.529009 2.978718
 3711.000000 19.423020 1.516336 3.014208
 3714.000000 19.386889 1.509370 3.011047
 3717.000000 19.399844 1.513516 3.004724
 3720.000000 19.326842 1.515362 3.001873
 3723.000000 19.345351 1.514164 2.990514
 3726.000000 19.345119 1.532589 3.006462
 3729.000000 19.431147 1.530807 2.987279
 3732.000000 19.414453 1.548488 2.979191
 3735.000000 19.359191 1.574550 2.929593
 3738.000000 19.432656 1.552424 2.965237
 3741.000000 19.455306 1.546847 2.958576
 3744.000000 19.451438 1.567071 2.942828
 3747.000000 19.434413 1.557697 2.923947
 3750.000000 19.424415 1.594773 2.916526
 3753.000000 19.344097 1.586519 2.891620
 3756.000000 19.401105 1.560298 2.975810
 3759.000000 19.381526 1.584016 2.926289
 3762.000000 19.386076 1.607355 2.898237
 3765.000000 19.397917 1.589967 2.930352
 3768.000000 19.414025 1.578188 2.963578
 3771.000000 19.369687 1.549549 2.983319
 3774.000000 19.422896 1.547229 2.984462
 3777.000000 19.394811 1.528170 2.985485
 3780.000000 19.417197 1.502487 2.999437
 3783.000000 19.421678 1.518999 2.983351
 3786.000000 19.381636 1.533630 2.974737
 3789.000000 19.372984 1.541177 2.962331
 3792.000000 19.335775 1.527844 2.981045
 3795.000000 19.340513 1.512829 2.961597
 3798.000000 19.381163 1.514403 2.963075
 3801.000000 19.364698 1.517804 2.983277
 3804.000000 19.301133 1.527039 2.929643
 3807.000000 19.379595 1.516028 2.974692
 3810.000000 19.310462 1.528977 2.884509
 3813.000000 19.334358 1.525908 2.928839
 3816.000000 19.269041 1.548913 2.897391
 3819.000000 19.340944 1.563741 2.881958
 3822.000000 19.300718 1.563472 2.900186
 3825.000000 19.328317 1.559008 2.951812
 3828.000000 19.327686 1.539655 2.954855
 3831.000000 19.247085 1.567242 2.910278
 3834.000000 19.202862 1.582917 2.886311
 3837.000000 19.206828 1.574450 2.901592
 3840.000000 19.247339 1.560949 2.923903
 3843.000000 19.236542 1.552951 2.946867
 3846.000000 19.266425 1.557953 2.945681
 3849.000000 19.281668 1.539396 2.960144
 3852.000000 19.268349 1.527849 3.009894
 3855.000000 19.241440 1.524585 2.981892
 3858.000000 19.222091 1.521172 2.985382
 3861.000000 19.223916 1.537744 2.982524
 3864.000000 19.283609 1.531307 3.011021
 3867.000000 19.352930 1.553430 2.987570
 3870.000000 19.313423 1.574569 2.976350
 3873.000000 19.381562 1.552884 2.965686
 3876.000000 19.321318 1.529348 2.970536
 3879.000000 19.326845 1.529102 2.946799
 3882.000000 19.369268 1.509573 2.954760
 3885.000000 19.363069 1.498902 2.964092
 3888.000000 19.340684 1.534099 2.949270
 3891.000000 19.321309 1.524173 2.966092
 3894.000000 19.269086 1.519186 2.975011
 3897.000000 19.304339 1.490953 2.986767
 3900.000000 19.366462 1.492105 3.020492
 3903.000000 19.474822 1.490993 2.996047
 3906.000000 19.419536 1.487852 2.982270
 3909.000000 19.486860 1.495552 3.009596
 3912.000000 19.464237 1.495837 3.006189
 3915.000000 19.452124 1.477729 3.000501
 3918.000000 19.390974 1.471805 2.978281
 3921.000000 19.382889 1.502547 2.922496
 3924.000000 19.396232 1.493864 2.934126
 3927.000000 19.336591 1.493123 2.976323
 3930.000000 19.336464 1.492420 2.954128
 3933.000000 19.376139 1.487101 2.957256
 3936.000000 19.361630 1.495750 2.961436
 3939.000000 19.310582 1.471721 2.969930
 3942.000000 19.378732 1.481342 2.948497
 3945.000000 19.362072 1.481678 2.956908
 3948.000000 19.452078 1.498031 2.977263
 3951.000000 19.274553 1.514140 2.975511
 3954.000000 19.357235 1.498345 2.970058
 3957.000000 19.301102 1.512180 2.957146
 3960.000000 19.328006 1.502814 2.958006
 3963.000000 19.322330 1.513384 2.911163
 3966.000000 19.309203 1.502934 2.917143
 3969.000000 19.281557 1.522309 2.931028
 3972.000000 19.258783 1.508448 2.936965
 3975.000000 19.243724 1.537379 2.925455
 3978.000000 19.291145 1.525510 2.976824
 3981.000000 19.313030 1.499864 2.915468
 3984.000000 19.391493 1.500454 2.939163
 3987.000000 19.290849 1.527641 2.898329
 3990.000000 19.363593 1.511920 2.920891
 3993.000000 19.305980 1.518610 2.911836
 3996.000000 19.413895 1.529912 2.943140
 3999.000000 19.386776 1.528366 2.911542
 4002.000000 19.347105 1.509647 2.947204
 4005.000000 19.404376 1.477152 2.979069
 4008.000000 19.449805 1.501027 2.931928
 4011.000000 19.518251 1.500641 2.935283
 4014.000000 19.479539 1.503479 2.948034
 4017.000000 19.448493 1.522513 2.918590
 4020.000000 19.511812 1.513621 2.918797
 4023.000000 19.559636 1.505945 2.961977
 4026.000000 19.542219 1.508438 2.939267
 4029.000000 19.494681 1.523721 2.954667
 4032.000000 19.447185 1.524337 2.928704
 4035.000000 19.406077 1.534704 2.926344
 4038.000000 19.470311 1.513676 2.948626
 4041.000000 19.539127 1.499893 2.960099
 4044.000000 19.528773 1.504005 2.956062
 4047.000000 19.482842 1.508857 2.930275
 4050.000000 19.461526 1.494807 2.955395
 4053.000000 19.401277 1.515930 2.915851
 4056.000000 19.338191 1.505162 2.872220
 4059.000000 19.341915 1.502560 2.920105
 4062.000000 19.362988 1.528705 2.892998
 4065.000000 19.325622 1.540535 2.898078
 4068.000000 19.377608 1.557103 2.894755
 4071.000000 19.326696 1.566012 2.878979
 4074.000000 19.402949 1.539746 2.915382
 4077.000000 19.341738 1.529135 2.936971
 4080.000000 19.331609 1.529407 2.915864
 4083.000000 19.349424 1.521406 2.906045
 4086.000000 19.369863 1.492877 2.912869
 4089.000000 19.369605 1.493970 2.919141
 4092.000000 19.432162 1.468958 2.935554
 4095.000000 19.390063 1.485407 2.930940
 4098.000000 19.374610 1.474508 2.924011
 4101.000000 19.345651 1.486852 2.922717
 4104.000000 19.369362 1.493192 2.939838
 4107.000000 19.430251 1.512651 2.922110
 4110.000000 19.354203 1.509903 2.934179
 4113.000000 19.391092 1.531813 2.924973
 4116.000000 19.346172 1.526865 2.926149
 4119.000000 19.465444 1.538714 2.886522
 4122.000000 19.520288 1.537700 2.907307
 4125.000000 19.546092 1.534314 2.891309
 4128.000000 19.492723 1.535796 2.908270
 4131.000000 19.502366 1.520567 2.905091
 4134.000000 19.491279 1.513344 2.925288
 4137.000000 19.440317 1.502719 2.941535
 4140.000000 19.458486 1.517688 2.933184
 4143.000000 19.368248 1.503823 2.978162
 4146.000000 19.387472 1.521093 2.947622
 4149.000000 19.300650 1.509685 2.978078
 4152.000000 19.270994 1.514138 2.941444
 4155.000000 19.346237 1.483716 2.979559
 4158.000000 19.374321 1.493200 2.982214
 4161.000000 19.322416 1.507524 2.991549
 4164.000000 19.343022 1.498260 2.999345
 4167.000000 19.281152 1.506481 3.004931
 4170.000000 19.342118 1.519039 3.005191
 4173.000000 19.325660 1.538679 2.951104
 4176.000000 19.311996 1.544234 2.953041
 4179.000000 19.334473 1.544791 2.948079
 4182.000000 19.272710 1.537254 2.957573
 4185.000000 19.252902 1.526202 2.942361
 4188.000000 19.238740 1.528417 2.960681
 4191.000000 19.275728 1.524418 2.941130
 4194.000000 19.216398 1.505690 2.955788
 4197.000000 19.216875 1.520683 2.953201
 4200.000000 19.188704 1.538798 2.926871
 4203.000000 19.269706 1.523035 2.971563
 4206.000000 19.192071 1.493681 2.978663
 4209.000000 19.214252 1.464205 2.973482
 4212.000000 19.243765 1.482437 2.990070
 4215.000000 19.246987 1.495666 2.992461
 4218.000000 19.291251 1.519004 2.960736
 4221.000000 19.298538 1.517314 2.968232
 4224.000000 19.435578 1.511318 2.983414
 4227.000000 19.405911 1.516952 2.977221
 4230.000000 19.426275 1.514456 2.961830
 4233.000000 19.347826 1.516726 2.966604
 4236.000000 19.341527 1.483508 2.992139
 4239.000000 19.348162 1.471887 2.962952
 4242.000000 19.381675 1.493059 2.950973
 4245.000000 19.438387 1.516276 2.956449
 4248.000000 19.337709 1.513443 2.960068
 4251.000000 19.389091 1.511288 2.979037
 4254.000000 19.353384 1.479277 2.993702
 4257.000000 19.311857 1.490371 2.940757
 4260.000000 19.298064 1.480130 2.981159
 4263.000000 19.305401 1.491571 2.949545
 4266.000000 19.270159 1.523032 2.963395
 4269.000000 19.254500 1.521202 2.948634
 4272.000000 19.263551 1.496268 2.952100
 4275.000000 19.274319 1.521054 2.934193
 4278.000000 19.304022 1.529552 2.933984
 4281.000000 19.270425 1.524016 2.930440
 4284.000000 19.305359 1.534258 2.958259
 4287.000000 19.329586 1.524483 2.989740
 4290.000000 19.327278 1.544028 2.967976
 4293.000000 19.332161 1.517554 2.985178
 4296.000000 19.344828 1.499455 2.991128
 4299.000000 19.324045 1.501758 2.976258
 4302.000000 19.289108 1.512164 2.963113
 4305.000000 19.359919 1.504855 2.933985
 4308.000000 19.359951 1.517032 2.923100
 4311.000000 19.313155 1.505201 2.945649
 4314.000000 19.340715 1.490739 2.939906
 4317.000000 19.439455 1.489061 2.942295
 4320.000000 19.440590 1.475618 2.947290
 4323.000000 19.390025 1.465199 2.973293
 4326.000000 19.442183 1.476812 2.949096
 4329.000000 19.387337 1.481427 2.932127
 4332.000000 19.360051 1.489617 2.919709
 4335.000000 19.311171 1.476488 2.941126
 4338.000000 19.374150 1.481800 2.963132
 4341.000000 19.370370 1.489692 2.942449
 4344.000000 19.399599 1.516867 2.892795
 4347.000000 19.310408 1.499528 2.946951
 4350.000000 19.365661 1.499926 2.959739
 4353.000000 19.323392 1.512571 2.958078
 4356.000000 19.376085 1.526051 2.935626
 4359.000000 19.383195 1.538458 2.906656
 4362.000000 19.365414 1.528298 2.953757
 4365.000000 19.384931 1.527011 2.965840
 4368.000000 19.375015 1.505143 2.953666
 4371.000000 19.395279 1.507045 2.963918
 4374.000000 19.357286 1.481986 2.938964
 4377.000000 19.342893 1.490161 2.942629
 4380.000000 19.379645 1.477278 2.977848
 4383.000000 19.328985 1.495559 2.975319
 4386.000000 19.342986 1.522071 2.973756
 4389.000000 19.384468 1.547385 2.930199
 4392.000000 19.345029 1.540327 2.932046
 4395.000000 19.342405 1.553629 2.886796
 4398.000000 19.381339 1.505725 2.972174
 4401.000000 19.279097 1.530026 2.907312
 4404.000000 19.327630 1.520898 2.893436
 4407.000000 19.291183 1.513611 2.944055
 4410.000000 19.302848 1.500531 2.914417
 4413.000000 19.250015 1.497167 2.952738
 4416.000000 19.288879 1.505182 2.928320
 4419.000000 19.243585 1.477700 2.926580
 4422.000000 19.260887 1.480277 2.929691
 4425.000000 19.281714 1.496075 2.923868
 4428.000000 19.246383 1.492940 2.923897
 4431.000000 19.312055 1.515273 2.908885
 4434.000000 19.276977 1.491533 2.931895
 4437.000000 19.298790 1.525916 2.870680
 4440.000000 19.204997 1.501875 2.916394
 4443.000000 19.213396 1.508328 2.912721
 4446.000000 19.158145 1.511026 2.906976
 4449.000000 19.165319 1.503834 2.914454
 4452.000000 19.175469 1.507344 2.946067
 4455.000000 19.194305 1.490787 2.956940
 4458.000000 19.322754 1.494386 2.931219
 4461.000000 19.415135 1.501189 2.926796
 4464.000000 19.350571 1.484841 2.940184
 4467.000000 19.472212 1.493521 2.918319
 4470.000000 19.455976 1.485967 2.941278
 4473.000000 19.423026 1.493843 2.929918
 4476.000000 19.398889 1.491641 2.959399
 4479.000000 19.421993 1.481315 2.974745
 4482.000000 19.405935 1.466304 2.999844
 4485.000000 19.412275 1.500211 2.956380
 4488.000000 19.397054 1.492612 2.994508
 4491.000000 19.460996 1.486252 2.965087
 4494.000000 19.433419 1.509300 2.947088
 4497.000000 19.436329 1.526493 2.952418
 4500.000000 19.471411 1.529377 2.961084
 4503.000000 19.426969 1.541167 2.986633
 4506.000000 19.371063 1.500735 3.045592
 4509.000000 19.400105 1.539649 3.022374
 4512.000000 19.311874 1.548420 3.040296
 4515.000000 19.278264 1.536081 3.051742
 4518.000000 19.395569 1.532343 3.040391
 4521.000000 19.408883 1.508134 3.027066
 4524.000000 19.455658 1.524741 3.009438
 4527.000000 19.433343 1.523315 2.985903
 4530.000000 19.455981 1.520184 2.991001
 4533.000000 19.493269 1.537704 2.974781
 4536.000000 19.517996 1.554361 2.905223
 4539.000000 19.493071 1.548016 2.922742
 4542.000000 19.491045 1.547455 2.905703
 4545.000000 19.406860 1.532935 2.922375
 4548.000000 19.461176 1.533694 2.944728
 4551.000000 19.470273 1.556068 2.948867
 4554.000000 19.459040 1.555830 2.942271
 4557.000000 19.487550 1.589988 2.898760
 4560.000000 19.460999 1.565481 2.915499
 4563.000000 19.473102 1.594140 2.902992
 4566.000000 19.438284 1.568044 2.918361
 4569.000000 19.455844 1.552350 2.916683
 4572.000000 19.398300 1.554904 2.932444
 4575.000000 19.421945 1.560010 2.932769
 4578.000000 19.393685 1.578687 2.940404
 4581.000000 19.385076 1.547474 2.996418
 4584.000000 19.365563 1.548253 3.011978
 4587.000000 19.329428 1.536119 3.003937
 4590.000000 19.240280 1.549511 2.971733
 4593.000000 19.223691 1.547515 2.983285
 4596.000000 19.273356 1.555406 2.972422
 4599.000000 19.251040 1.567168 2.964574
 4602.000000 19.307530 1.566632 2.997671
 4605.000000 19.345282 1.551344 3.007750
 4608.000000 19.367008 1.559173 3.010188
 4611.000000 19.417265 1.563518 2.996279
 4614.000000 19.455623 1.537771 3.014137
 4617.000000 19.489518 1.549771 3.010012
 4620.000000 19.495164 1.564982 2.973732
 4623.000000 19.424895 1.576600 2.961660
 4626.000000 19.418433 1.590762 2.957046
 4629.000000 19.528751 1.593809 2.967045
 4632.000000 19.490965 1.601759 2.993921
 4635.000000 19.489444 1.610651 2.996857
 4638.000000 19.475022 1.621933 2.964969
 4641.000000 19.482649 1.621477 2.972189
 4644.000000 19.429522 1.596983 2.954347
 4647.000000 19.459029 1.610447 2.956723
 4650.000000 19.427759 1.597814 2.959655
 4653.000000 19.479137 1.616722 2.954765
 4656.000000 19.432339 1.600348 2.992893
 4659.000000 19.425226 1.607678 2.976426
 4662.000000 19.431468 1.600793 2.964368
 4665.000000 19.393204 1.592344 2.963084
 4668.000000 19.443960 1.583457 2.959129
 4671.000000 19.345508 1.570223 2.986433
 4674.000000 19.322078 1.563056 3.003728
 4677.000000 19.422126 1.573111 2.973650
 4680.000000 19.395377 1.570997 2.932508
 4683.000000 19.353867 1.565312 2.946428
 4686.000000 19.369478 1.559814 2.979152
 4689.000000 19.330370 1.575546 2.993733
 4692.000000 19.243736 1.576763 3.016976
 4695.000000 19.279690 1.584884 2.995723
 4698.000000 19.257636 1.558959 3.005730
 4701.000000 19.224536 1.519699 3.051129
 4704.000000 19.224194 1.536589 3.036760
 4707.000000 19.205484 1.555383 3.032808
 4710.000000 19.190241 1.590105 3.006460
 4713.000000 19.256142 1.578111 2.994563
 4716.000000 19.232088 1.547631 3.002111
 4719.000000 19.241165 1.564988 3.003882
 4722.000000 19.228540 1.543136 2.984155
 4725.000000 19.203228 1.540475 3.010064
 4728.000000 19.258555 1.557229 2.947719
 4731.000000 19.246072 1.562775 2.983437
 4734.000000 19.196628 1.568682 3.017831
 4737.000000 19.182147 1.576606 2.988293
 4740.000000 19.206777 1.550360 3.021719
 4743.000000 19.212738 1.542925 3.021591
 4746.000000 19.212843 1.568404 2.998047
 4749.000000 19.198417 1.545883 3.034294
 4752.000000 19.233595 1.563566 3.002079
 4755.000000 19.234841 1.566685 2.989392
 4758.000000 19.229368 1.541361 3.012844
 4761.000000 19.240127 1.544074 3.008741
 4764.000000 19.202089 1.558684 2.996410
 4767.000000 19.336444 1.549984 2.977010
 4770.000000 19.321424 1.526208 2.993902
 4773.000000 19.287867 1.533446 2.985830
 4776.000000 19.279292 1.528716 2.985565
 4779.000000 19.283094 1.544251 2.971210
 4782.000000 19.286255 1.539921 2.980082
 4785.000000 19.326550 1.559249 2.965502
 4788.000000 19.365623 1.563569 3.011322
 4791.000000 19.341097 1.553225 3.002349
 4794.000000 19.377809 1.548532 2.993333
 4797.000000 19.379461 1.543735 2.979827
 4800.000000 19.335091 1.534719 2.986781
 4803.000000 19.345519 1.559977 2.985824
 4806.000000 19.305235 1.561862 2.954038
 4809.000000 19.325596 1.566483 2.958973
 4812.000000 19.310106 1.574259 2.946250
 4815.000000 19.324209 1.578812 2.933553
 4818.000000 19.331953 1.559021 2.972560
 4821.000000 19.385244 1.546622 2.986180
 4824.000000 19.314100 1.526238 3.023133
 4827.000000 19.333120 1.529225 2.982739
 4830.000000 19.390834 1.557023 2.926585
 4833.000000 19.375868 1.560608 2.914634
 4836.000000 19.344777 1.523819 2.957348
 4839.000000 19.366565 1.523898 2.932629
 4842.000000 19.429842 1.514976 2.900853
 4845.000000 19.422169 1.516524 2.928879
 4848.000000 19.440905 1.517916 2.927390
 4851.000000 19.418185 1.533104 2.910707
 4854.000000 19.468644 1.552105 2.933977
 4857.000000 19.374489 1.518068 2.944049
 4860.000000 19.269903 1.505524 2.979213
 4863.000000 19.196308 1.536506 2.969851
 4866.000000 19.181714 1.526305 2.984073
 4869.000000 19.307229 1.507052 2.984851
 4872.000000 19.357377 1.524948 2.965909
 4875.000000 19.381344 1.517161 2.977659
 4878.000000 19.393024 1.539153 2.954957
 4881.000000 19.405599 1.511856 3.011577
 4884.000000 19.280791 1.538945 2.981205
 4887.000000 19.284813 1.531856 3.013377
 4890.000000 19.315262 1.528250 2.998865
 4893.000000 19.256435 1.510182 2.999801
 4896.000000 19.359433 1.509973 3.007981
 4899.000000 19.352912 1.512607 3.001091
 4902.000000 19.342495 1.508789 3.020512
 4905.000000 19.349070 1.516867 2.992582
 4908.000000 19.380370 1.505876 2.993027
 4911.000000 19.343779 1.502085 3.013791
 4914.000000 19.273125 1.529239 2.969760
 4917.000000 19.351294 1.511095 2.974036
 4920.000000 19.374917 1.511201 2.957214
 4923.000000 19.432034 1.519917 2.944612
 4926.000000 19.328180 1.527085 2.925300
 4929.000000 19.320277 1.519629 2.972237
 4932.000000 19.286557 1.533355 2.983518
 4935.000000 19.351371 1.558326 2.977405
 4938.000000 19.290759 1.551458 2.943799
 4941.000000 19.253402 1.577159 2.943673
 4944.000000 19.319357 1.586261 2.912288
 4947.000000 19.232331 1.570436 2.925807
 4950.000000 19.286914 1.576444 2.936802
 4953.000000 19.253631 1.554860 2.977790
 4956.000000 19.181621 1.547861 2.970012
 4959.000000 19.185596 1.566276 2.955352
 4962.000000 19.266445 1.563545 2.986927
 4965.000000 19.320175 1.572386 2.973693
 4968.000000 19.249405 1.598768 2.950408
 4971.000000 19.299960 1.560159 2.968154
 4974.000000 19.307671 1.568155 2.960860
 4977.000000 19.394350 1.558149 2.996602
 4980.000000 19.405185 1.563850 2.976444
 4983.000000 19.442369 1.576192 2.998105
 4986.000000 19.462561 1.582581 2.945570
 4989.000000 19.400658 1.592896 2.950287
 4992.000000 19.446213 1.581937 2.927390
 4995.000000 19.454957 1.544858 2.961410
 4998.000000 19.398564 1.538699 2.969286
 5001.000000 19.391440 1.543710 2.975955
 5004.000000 19.282203 1.543126 2.975665
 5007.000000 19.274954 1.565344 2.979097
 5010.000000 19.314199 1.543308 2.987398
 5013.000000 19.297884 1.545842 2.979738
 5016.000000 19.362640 1.553983 2.970623
 5019.000000 19.301747 1.561147 2.959648
 5022.000000 19.336952 1.534275 2.974246
 5025.000000 19.449250 1.532484 2.965877
 5028.000000 19.571233 1.539120 2.966964
 5031.000000 19.482825 1.550037 2.962672
 5034.000000 19.516610 1.542208 2.963963
 5037.000000 19.574871 1.525592 2.994358
 5040.000000 19.476769 1.518758 3.010071
 5043.000000 19.501229 1.518459 3.047261
 5046.000000 19.455426 1.539917 3.016669
 5049.000000 19.343733 1.518812 3.019613
 5052.000000 19.445773 1.490272 3.005153
 5055.000000 19.428492 1.513964 2.959558
 5058.000000 19.430781 1.501785 2.988302
 5061.000000 19.383498 1.496566 2.962743
 5064.000000 19.559507 1.514577 2.955514
 5067.000000 19.540489 1.507502 2.984991
 5070.000000 19.515076 1.521643 2.925087
 5073.000000 19.437340 1.529596 2.921969
 5076.000000 19.405611 1.511879 2.975330
 5079.000000 19.406012 1.498927 2.968013
 5082.000000 19.451958 1.503933 2.967551
 5085.000000 19.439341 1.531281 2.971181
 5088.000000 19.414504 1.527422 2.973834
 5091.000000 19.446888 1.542812 2.963808
 5094.000000 19.451357 1.553690 2.953424
 5097.000000 19.449953 1.545718 2.970166
 5100.000000 19.334337 1.544010 2.968896
 5103.000000 19.376718 1.567151 2.981844
 5106.000000 19.308321 1.559482 2.959843
 5109.000000 19.363282 1.585803 2.929884
 5112.000000 19.325162 1.555164 2.974689
 5115.000000 19.372051 1.573054 2.956170
 5118.000000 19.370763 1.551922 2.971363
 5121.000000 19.341843 1.530401 2.968971
 5124.000000 19.376399 1.536708 2.961339
 5127.000000 19.381003 1.520488 2.960405
 5130.000000 19.386659 1.568514 2.922313
 5133.000000 19.399557 1.561748 2.932617
 5136.000000 19.455096 1.556610 2.928492
 5139.000000 19.429197 1.548981 2.926101
 5142.000000 19.400948 1.557137 2.931339
 5145.000000 19.300968 1.551764 2.964798
 5148.000000 19.349287 1.540844 2.971464
 5151.000000 19.302272 1.539651 2.965784
 5154.000000 19.325129 1.497190 3.005346
 5157.000000 19.357818 1.532471 2.965420
 5160.000000 19.327757 1.521954 3.006803
 5163.000000 19.357849 1.495920 3.013028
 5166.000000 19.333347 1.491504 3.009647
 5169.000000 19.358238 1.506511 2.974297
 5172.000000 19.397788 1.524892 2.945442
 5175.000000 19.371209 1.527518 2.929439
 5178.000000 19.469425 1.530056 2.941425
 5181.000000 19.509927 1.547673 2.961061
 5184.000000 19.467458 1.554772 2.952013
 5187.000000 19.436781 1.545873 2.962625
 5190.000000 19.438726 1.539581 2.977351
 5193.000000 19.379814 1.527488 2.991202
 5196.000000 19.401235 1.584958 2.908762
 5199.000000 19.491029 1.582706 2.937555
 5202.000000 19.395582 1.596570 2.963733
 5205.000000 19.410080 1.586535 2.961885
 5208.000000 19.486584 1.588591 2.968216
 5211.000000 19.468209 1.574571 2.970455
 5214.000000 19.515098 1.581090 2.955460
 5217.000000 19.407352 1.543423 2.991275
 5220.000000 19.417332 1.549388 3.017192
 5223.000000 19.463113 1.556006 2.998774
 5226.000000 19.477343 1.551721 2.978598
 5229.000000 19.551210 1.574742 2.984574
 5232.000000 19.496065 1.540899 2.977421
 5235.000000 19.431379 1.534852 3.001886
 5238.000000 19.424421 1.555191 2.984397
 5241.000000 19.396090 1.534062 2.999996
 5244.000000 19.303550 1.539527 2.986129
 5247.000000 19.285671 1.532657 3.006159
 5250.000000 19.256291 1.526809 2.994107
 5253.000000 19.299715 1.537571 2.975695
 5256.000000 19.279187 1.555065 2.966121
 5259.000000 19.275023 1.575423 2.941676
 5262.000000 19.336350 1.540845 2.973376
 5265.000000 19.311490 1.551453 2.932610
 5268.000000 19.287997 1.545612 2.906032
 5271.000000 19.302006 1.512378 2.931767
 5274.000000 19.322201 1.530695 2.906989
 5277.000000 19.272107 1.540744 2.912355
 5280.000000 19.293388 1.541376 2.926249
 5283.000000 19.299765 1.512967 2.943646
 5286.000000 19.284566 1.523304 2.936098
 5289.000000 19.296015 1.529033 2.931083
 5292.000000 19.378604 1.520990 2.937923
 5295.000000 19.388610 1.535415 2.944447
 5298.000000 19.410532 1.526155 2.949160
 5301.000000 19.414992 1.509859 3.012034
 5304.000000 19.437028 1.539412 2.991734
 5307.000000 19.436778 1.532858 2.995205
 5310.000000 19.391491 1.533708 3.003867
 5313.000000 19.436651 1.540151 2.995840
 5316.000000 19.433943 1.531903 2.978266
 5319.000000 19.451013 1.548710 2.959017
 5322.000000 19.412746 1.549100 2.953335
 5325.000000 19.414564 1.527662 3.005628
 5328.000000 19.404423 1.542381 2.988583
 5331.000000 19.239101 1.547458 2.999972
 5334.000000 19.275224 1.541962 3.009330
 5337.000000 19.327767 1.547606 2.990931
 5340.000000 19.354507 1.555850 3.019177
 5343.000000 19.329175 1.542581 2.971457
 5346.000000 19.303175 1.537165 2.987964
 5349.000000 19.293920 1.560571 2.943260
 5352.000000 19.345486 1.571774 2.970111
 5355.000000 19.237066 1.551394 2.992169
 5358.000000 19.190769 1.552282 3.004689
 5361.000000 19.275731 1.552621 2.966565
 5364.000000 19.325394 1.569112 2.955427
 5367.000000 19.338264 1.552857 3.005106
 5370.000000 19.293189 1.576973 3.046396
 5373.000000 19.322850 1.570385 3.045310
 5376.000000 19.259900 1.571565 3.036840
 5379.000000 19.241713 1.561705 3.040037
 5382.000000 19.226905 1.561897 3.001588
 5385.000000 19.220656 1.568234 3.008008
 5388.000000 19.247463 1.550334 3.009063
 5391.000000 19.281085 1.548391 3.016723
 5394.000000 19.252219 1.556210 3.015290
 5397.000000 19.218724 1.526756 3.027428
 5400.000000 19.265418 1.542901 3.049059
 5403.000000 19.307626 1.537189 3.027677
 5406.000000 19.294818 1.530008 3.034749
 5409.000000 19.282915 1.536328 3.034708
 5412.000000 19.302972 1.539858 2.990075
 5415.000000 19.288250 1.517442 3.023481
 5418.000000 19.388862 1.560801 2.977883
 5421.000000 19.365519 1.550399 3.005606
 5424.000000 19.499923 1.548086 3.001959
 5427.000000 19.427248 1.537126 3.012405
 5430.000000 19.419524 1.533537 2.994442
 5433.000000 19.362537 1.517278 3.005354
 5436.000000 19.352743 1.519239 2.987603
 5439.000000 19.344444 1.518322 3.002920
 5442.000000 19.378220 1.539224 2.952257
 5445.000000 19.363050 1.532306 2.973378
 5448.000000 19.396846 1.562245 2.967106
 5451.000000 19.329151 1.551215 2.986679
 5454.000000 19.368432 1.583917 2.938836
 5457.000000 19.414079 1.577033 2.970689
 5460.000000 19.396298 1.564089 3.003026
 5463.000000 19.359602 1.553568 2.983799
 5466.000000 19.239228 1.577239 2.997918
 5469.000000 19.274710 1.599225 2.942839
 5472.000000 19.195973 1.581237 2.954161
 5475.000000 19.198666 1.566440 2.990443
 5478.000000 19.124899 1.598205 2.947531
 5481.000000 19.201687 1.576637 2.945703
 5484.000000 19.198447 1.557374 2.938936
 5487.000000 19.218418 1.553423 2.990002
 5490.000000 19.241761 1.537080 2.990389
 5493.000000 19.182864 1.531757 2.996145
 5496.000000 19.238864 1.525139 3.005869
 5499.000000 19.266486 1.544189 2.983441
 5502.000000 19.214930 1.577040 2.978693
 5505.000000 19.177962 1.587810 2.980431
 5508.000000 19.171441 1.564769 3.015810
 5511.000000 19.221249 1.575200 2.983420
 5514.000000 19.253678 1.569646 3.024149
 5517.000000 19.380829 1.577940 3.015990
 5520.000000 19.412478 1.564605 3.031864
 5523.000000 19.419806 1.553083 3.056958
 5526.000000 19.474559 1.582465 3.035069
 5529.000000 19.487131 1.580786 3.023958
 5532.000000 19.425692 1.577254 3.012655
 5535.000000 19.417810 1.589241 3.009854
 5538.000000 19.442570 1.584392 3.015121
 5541.000000 19.459343 1.574752 3.022835
 5544.000000 19.478289 1.564300 2.951288
 5547.000000 19.493039 1.536689 3.013121
 5550.000000 19.451125 1.534652 3.002865
 5553.000000 19.479319 1.518738 3.015327
 5556.000000 19.449586 1.531534 2.967786
 5559.000000 19.424735 1.536174 2.963930
 5562.000000 19.437163 1.530318 2.973890
 5565.000000 19.479433 1.528150 2.977215
 5568.000000 19.505465 1.519764 2.963310
 5571.000000 19.458856 1.522744 2.945217
 5574.000000 19.461111 1.514962 2.942506
 5577.000000 19.456395 1.544977 2.967759
 5580.000000 19.430249 1.538466 2.971356
 5583.000000 19.393146 1.523602 2.977283
 5586.000000 19.285444 1.531874 2.972320
 5589.000000 19.323867 1.555840 2.945463
 5592.000000 19.201484 1.552481 2.980842
 5595.000000 19.181934 1.513231 2.965980
 5598.000000 19.250784 1.543115 2.971295
 5601.000000 19.301101 1.547496 2.986354
 5604.000000 19.341134 1.558102 2.968404
 5607.000000 19.295404 1.540932 3.000748
 5610.000000 19.333640 1.554458 3.018851
 5613.000000 19.356033 1.542615 3.060328
 5616.000000 19.286499 1.560483 3.036046
 5619.000000 19.284920 1.568938 2.998509
 5622.000000 19.276784 1.560237 3.003123
 5625.000000 19.248912 1.563511 3.000124
 5628.000000 19.346951 1.565237 3.014265
 5631.000000 19.262466 1.562003 2.997888
 5634.000000 19.254374 1.580284 2.964377
 5637.000000 19.229116 1.574002 2.991937
 5640.000000 19.250887 1.580512 2.976691
 5643.000000 19.220857 1.573542 2.983683
 5646.000000 19.261307 1.588357 2.991708
 5649.000000 19.209624 1.577526 2.962807
 5652.000000 19.149487 1.572026 2.998177
 5655.000000 19.181841 1.562504 3.015925
 5658.000000 19.232403 1.578019 3.017128
 5661.000000 19.180798 1.571411 3.048702
 5664.000000 19.230323 1.560092 3.015445
 5667.000000 19.221251 1.549082 3.006442
 5670.000000 19.294182 1.547590 3.037873
 5673.000000 19.181265 1.574362 3.033538
 5676.000000 19.119846 1.542097 3.039797
 5679.000000 19.211977 1.553299 3.009611
 5682.000000 19.173759 1.542977 2.999538
 5685.000000 19.254159 1.542813 3.012191
 5688.000000 19.225161 1.543470 2.964123
 5691.000000 19.160669 1.560377 2.977669
 5694.000000 19.213199 1.546621 2.974113
 5697.000000 19.269019 1.537174 3.010089
 5700.000000 19.261843 1.564241 3.011007
 5703.000000 19.259245 1.546803 3.011382
 5706.000000 19.241523 1.551002 2.995348
 5709.000000 19.232338 1.567954 3.011047
 5712.000000 19.296714 1.547494 3.022699
 5715.000000 19.289321 1.537950 3.002501
 5718.000000 19.314000 1.545801 2.976154
 5721.000000 19.339711 1.553026 3.042970
 5724.000000 19.363341 1.550300 3.032043
 5727.000000 19.359437 1.589805 2.992892
 5730.000000 19.389055 1.590362 2.992893
 5733.000000 19.353061 1.564005 3.039813
 5736.000000 19.346757 1.584739 3.015241
 5739.000000 19.396847 1.603357 3.002785
 5742.000000 19.452134 1.585724 3.054106
 5745.000000 19.386806 1.587694 3.057145
 5748.000000 19.388613 1.569169 3.052194
 5751.000000 19.406523 1.539151 3.018742
 5754.000000 19.371940 1.556875 3.067018
 5757.000000 19.444751 1.530380 3.054650
 5760.000000 19.425414 1.534526 3.092679
 5763.000000 19.389134 1.511841 3.042965
 5766.000000 19.370168 1.543970 3.091986
 5769.000000 19.358260 1.542582 3.032005
 5772.000000 19.418701 1.563820 3.076054
 5775.000000 19.379464 1.550492 3.056192
 5778.000000 19.416383 1.525150 3.046946
 5781.000000 19.532465 1.543963 3.044658
 5784.000000 19.430189 1.532756 3.041161
 5787.000000 19.453748 1.529007 3.021382
 5790.000000 19.467542 1.533711 3.037730
 5793.000000 19.512092 1.538648 2.980629
 5796.000000 19.401918 1.523898 2.983850
 5799.000000 19.509438 1.516270 2.996133
 5802.000000 19.494856 1.522448 3.020482
 5805.000000 19.483207 1.526496 3.036698
 5808.000000 19.474300 1.521225 3.038498
 5811.000000 19.471793 1.517658 3.022609
 5814.000000 19.473675 1.511777 3.014288
 5817.000000 19.442794 1.504582 3.003137
 5820.000000 19.368185 1.498190 2.955627
 5823.000000 19.430610 1.514150 2.965477
 5826.000000 19.371502 1.495812 2.950700
 5829.000000 19.410692 1.530082 2.973132
 5832.000000 19.516274 1.521992 3.003029
 5835.000000 19.508843 1.524574 3.014921
 5838.000000 19.509922 1.541341 3.041042
 5841.000000 19.424942 1.529891 3.046531
 5844.000000 19.441511 1.515321 3.049017
 5847.000000 19.409505 1.534067 3.037292
 5850.000000 19.431793 1.545547 3.038023
 5853.000000 19.419494 1.561533 2.996893
 5856.000000 19.384041 1.549095 3.016845
 5859.000000 19.388478 1.531587 3.033119
 5862.000000 19.433988 1.545836 3.033849
 5865.000000 19.510480 1.542054 3.009222
 5868.000000 19.498518 1.554712 3.027384
 5871.000000 19.393110 1.569364 2.986563
 5874.000000 19.459279 1.559423 3.006943
 5877.000000 19.510111 1.555078 2.998534
 5880.000000 19.431824 1.580673 3.034405
 5883.000000 19.429456 1.570578 2.997474
 5886.000000 19.493223 1.558609 3.036022
 5889.000000 19.390187 1.564379 3.025227
 5892.000000 19.430211 1.559233 3.008467
 5895.000000 19.420068 1.532234 3.007937
 5898.000000 19.357220 1.559325 3.019993
 5901.000000 19.377949 1.574229 3.014296
 5904.000000 19.334986 1.583398 2.985987
 5907.000000 19.295708 1.590665 3.002492
 5910.000000 19.270249 1.570535 3.036360
 5913.000000 19.245934 1.579899 3.053596
 5916.000000 19.198757 1.574589 3.032058
 5919.000000 19.244070 1.598255 3.015118
 5922.000000 19.292797 1.576976 3.026595
 5925.000000 19.316242 1.593618 3.014392
 5928.000000 19.349945 1.604616 3.014595
 5931.000000 19.312854 1.630333 2.988758
 5934.000000 19.321926 1.621870 2.990291
 5937.000000 19.327603 1.618140 2.970876
 5940.000000 19.336340 1.603593 2.971923
 5943.000000 19.375505 1.580359 2.991100
 5946.000000 19.354272 1.618781 2.964240
 5949.000000 19.353365 1.610852 2.980472
 5952.000000 19.392060 1.631382 2.957118
 5955.000000 19.358083 1.639556 2.935281
 5958.000000 19.280557 1.620143 2.984215
 5961.000000 19.161581 1.624140 2.988243
 5964.000000 19.172806 1.618439 2.981082
 5967.000000 19.220234 1.632943 2.948442
 5970.000000 19.163293 1.637456 2.969670
 5973.000000 19.205399 1.608595 2.995530
 5976.000000 19.264168 1.627596 2.997333
 5979.000000 19.224360 1.611840 2.985883
 5982.000000 19.179408 1.627510 2.972995
 5985.000000 19.225859 1.650864 2.943142
 5988.000000 19.283685 1.629536 2.968521
 5991.000000 19.331443 1.621555 2.947231
 5994.000000 19.218290 1.603258 2.933528
 5997.000000 19.283490 1.613875 2.947830
 6000.000000 19.202300 1.638323 2.945293
 6003.000000 19.170668 1.625004 2.968589
 6006.000000 19.202544 1.641536 2.960335
 6009.000000 19.195501 1.635875 2.978404
 6012.000000 19.151730 1.623976 2.959280
 6015.000000 19.265903 1.596311 2.980395
 6018.000000 19.341425 1.606807 2.983185
 6021.000000 19.387200 1.565431 3.014033
 6024.000000 19.371169 1.584577 3.011045
 6027.000000 19.475717 1.604490 3.005822
 6030.000000 19.420595 1.592355 2.989964
 6033.000000 19.378691 1.612810 2.972355
 6036.000000 19.350741 1.610210 2.990548
 6039.000000 19.254640 1.613699 2.982607
 6042.000000 19.309151 1.602877 2.977810
 6045.000000 19.411248 1.606733 2.964965
 6048.000000 19.416825 1.591560 3.011070
 6051.000000 19.357431 1.590804 3.012552
 6054.000000 19.383510 1.595269 2.965306
 6057.000000 19.413066 1.598021 2.948846
 6060.000000 19.397055 1.599943 2.978727
 6063.000000 19.372919 1.590920 3.001813
 6066.000000 19.364295 1.595374 3.012330
 6069.000000 19.337376 1.583552 3.013807
 6072.000000 19.331536 1.583692 3.006346
 6075.000000 19.401982 1.582847 3.009445
 6078.000000 19.333418 1.572976 2.993422
 6081.000000 19.340736 1.556427 2.996676
 6084.000000 19.419646 1.553781 2.976005
 6087.000000 19.430746 1.545000 2.961576
 6090.000000 19.497610 1.569217 2.970884
 6093.000000 19.400322 1.574942 2.987169
 6096.000000 19.396814 1.578324 2.985037
 6099.000000 19.426749 1.576637 2.980457
 6102.000000 19.440311 1.571359 2.994602
 6105.000000 19.429238 1.614804 2.968845
 6108.000000 19.396450 1.578330 3.010592
 6111.000000 19.420382 1.563308 2.950647
 6114.000000 19.314083 1.585745 2.976990
 6117.000000 19.285205 1.599505 2.987506
 6120.000000 19.200909 1.609380 2.987286
 6123.000000 19.267674 1.594500 2.993727
 6126.000000 19.253928 1.590674 2.995640
 6129.000000 19.252862 1.593011 2.994448
 6132.000000 19.351325 1.608066 3.011509
 6135.000000 19.359901 1.581219 2.973153
 6138.000000 19.361813 1.618381 2.948130
 6141.000000 19.324079 1.588490 2.943803
 6144.000000 19.401904 1.573384 2.982476
 6147.000000 19.341792 1.592188 2.934921
 6150.000000 19.394371 1.585649 2.959192
 6153.000000 19.469006 1.557554 2.998960
 6156.000000 19.427071 1.572521 2.992978
 6159.000000 19.418645 1.577953 2.982987
 6162.000000 19.448405 1.596951 3.006547
 6165.000000 19.443364 1.595804 2.989161
 6168.000000 19.418806 1.574608 2.998451
 6171.000000 19.357297 1.585233 2.952169
 6174.000000 19.504678 1.577613 3.007853
 6177.000000 19.501479 1.575615 2.995649
 6180.000000 19.473336 1.596390 3.029047
 6183.000000 19.442906 1.618927 2.994061
 6186.000000 19.432412 1.630101 2.963551
 6189.000000 19.477838 1.597520 2.996292
 6192.000000 19.480100 1.605512 3.003731
 6195.000000 19.509691 1.590533 3.020013
 6198.000000 19.501094 1.601326 2.980711
 6201.000000 19.516435 1.628879 2.954995
 6204.000000 19.498222 1.610806 2.976313
 6207.000000 19.472078 1.603042 2.996165
 6210.000000 19.449778 1.623589 2.953142
 6213.000000 19.359834 1.613086 3.004299
 6216.000000 19.391771 1.608935 2.993130
 6219.000000 19.390098 1.579718 3.026281
 6222.000000 19.424422 1.575571 3.051425
 6225.000000 19.460659 1.596419 2.994240
 6228.000000 19.416903 1.607662 2.987636
 6231.000000 19.390827 1.617495 2.974612
 6234.000000 19.475496 1.597598 2.984203
 6237.000000 19.557522 1.596934 2.966194
 6240.000000 19.531196 1.597911 2.964214
 6243.000000 19.446974 1.597741 2.974101
 6246.000000 19.426591 1.594356 2.967190
 6249.000000 19.353838 1.589720 2.959397
 6252.000000 19.445840 1.602949 2.985172
 6255.000000 19.422990 1.595844 2.978244
 6258.000000 19.455106 1.617254 2.935768
 6261.000000 19.415499 1.611739 2.945195
 6264.000000 19.400969 1.573337 2.987890
 6267.000000 19.397293 1.588372 2.991453
 6270.000000 19.422441 1.612136 2.961046
 6273.000000 19.440218 1.586505 2.964661
 6276.000000 19.341297 1.579796 2.998876
 6279.000000 19.356951 1.573281 3.002250
 6282.000000 19.258045 1.570123 3.011438
 6285.000000 19.228077 1.590918 2.966453
 6288.000000 19.250341 1.570184 2.990618
 6291.000000 19.212022 1.577404 3.006575
 6294.000000 19.195553 1.588761 2.984206
 6297.000000 19.262834 1.608509 2.979654
 6300.000000 19.266876 1.584850 2.973612
 6303.000000 19.299043 1.582723 2.969506
 6306.000000 19.289740 1.577434 2.981432
 6309.000000 19.253425 1.538633 2.994851
 6312.000000 19.398424 1.560601 2.991484
 6315.000000 19.399565 1.558925 2.998100
 6318.000000 19.426181 1.572978 2.993849
 6321.000000 19.371732 1.559193 2.973767
 6324.000000 19.374730 1.534737 2.996168
 6327.000000 19.392118 1.543428 3.014736
 6330.000000 19.446083 1.554221 3.009160
 6333.000000 19.417221 1.557795 3.011162
 6336.000000 19.394551 1.571640 2.987821
 6339.000000 19.445580 1.556946 3.025186
 6342.000000 19.439036 1.580080 2.985440
 6345.000000 19.346484 1.551726 3.003201
 6348.000000 19.382100 1.549327 3.003017
 6351.000000 19.381620 1.558172 2.970922
 6354.000000 19.338673 1.545131 2.987715
 6357.000000 19.355640 1.565650 2.979842
 6360.000000 19.353730 1.539397 3.007707
 6363.000000 19.339944 1.538060 3.033194
 6366.000000 19.346937 1.527466 3.036696
 6369.000000 19.447503 1.518027 3.024411
 6372.000000 19.423494 1.523204 3.005961
 6375.000000 19.400649 1.510904 3.059328
 6378.000000 19.419577 1.530816 3.021149
 6381.000000 19.486236 1.528990 3.017162
 6384.000000 19.477415 1.504445 3.022676
 6387.000000 19.502838 1.503090 3.001711
 6390.000000 19.468828 1.507703 3.000155
 6393.000000 19.512757 1.505636 2.973680
 6396.000000 19.489089 1.489284 2.962718
 6399.000000 19.431297 1.483894 2.952342
 6402.000000 19.380750 1.491203 2.956545
 6405.000000 19.382042 1.499118 2.998465
 6408.000000 19.402366 1.506898 2.993793
 6411.000000 19.431696 1.484919 3.014733
 6414.000000 19.550204 1.476696 3.021491
 6417.000000 19.387635 1.518513 3.007137
 6420.000000 19.337349 1.503240 3.045148
 6423.000000 19.366899 1.480998 3.040985
 6426.000000 19.508664 1.500689 3.035915
 6429.000000 19.404597 1.525988 3.032092
 6432.000000 19.476507 1.538489 3.006831
 6435.000000 19.526469 1.545104 2.995767
 6438.000000 19.515747 1.554741 2.989595
 6441.000000 19.573687 1.568487 3.001543
 6444.000000 19.561934 1.568059 3.034780
 6447.000000 19.538980 1.571980 3.006680
 6450.000000 19.513613 1.550748 3.008998
 6453.000000 19.443419 1.560418 2.999328
 6456.000000 19.500635 1.546174 3.010346
 6459.000000 19.488528 1.548279 2.987741
 6462.000000 19.456996 1.560326 2.991921
 6465.000000 19.465283 1.576093 2.966942
 6468.000000 19.508221 1.546757 3.002995
 6471.000000 19.456003 1.563646 2.934885
 6474.000000 19.386292 1.558468 2.954629
 6477.000000 19.369314 1.560760 2.944378
 6480.000000 19.355692 1.567290 2.939927
 6483.000000 19.320311 1.567176 2.947837
 6486.000000 19.391746 1.565334 2.964158
 6489.000000 19.370100 1.570369 2.950747
 6492.000000 19.397805 1.580879 2.962253
 6495.000000 19.346877 1.574351 2.956866
 6498.000000 19.314246 1.594642 2.923787
 6501.000000 19.343452 1.566113 2.934582
 6504.000000 19.368087 1.563798 2.953026
 6507.000000 19.373483 1.592266 2.947560
 6510.000000 19.340411 1.575234 2.957687
 6513.000000 19.290718 1.586109 2.970577
 6516.000000 19.384843 1.607194 2.968457
 6519.000000 19.363486 1.589595 3.002813
 6522.000000 19.410679 1.600211 2.982878
 6525.000000 19.397458 1.580641 3.028378
 6528.000000 19.375986 1.637254 2.958449
 6531.000000 19.368416 1.588960 2.978291
 6534.000000 19.432515 1.586628 2.971766
 6537.000000 19.379717 1.598207 2.963792
 6540.000000 19.290793 1.581261 2.983062
 6543.000000 19.276534 1.581503 3.001197
 6546.000000 19.308704 1.560341 3.010335
 6549.000000 19.266320 1.593372 2.982011
 6552.000000 19.281707 1.568977 3.002794
 6555.000000 19.338100 1.561015 3.065736
 6558.000000 19.342190 1.551563 3.065840
 6561.000000 19.389031 1.555850 3.010961
 6564.000000 19.355360 1.548203 3.050497
 6567.000000 19.354097 1.564673 3.055429
 6570.000000 19.325084 1.562646 3.047637
 6573.000000 19.401472 1.579158 3.018408
 6576.000000 19.396900 1.555820 3.031210
 6579.000000 19.326917 1.555369 3.047176
 6582.000000 19.320401 1.569479 3.025166
 6585.000000 19.371942 1.554261 3.063607
 6588.000000 19.375392 1.560209 3.036595
 6591.000000 19.391702 1.578937 3.010633
 6594.000000 19.392016 1.578379 2.992453
 6597.000000 19.357199 1.544070 3.050634
 6600.000000 19.326123 1.550445 3.030595
 6603.000000 19.372943 1.559768 3.038102
 6606.000000 19.410113 1.552662 3.022972
 6609.000000 19.355801 1.549440 3.032363
 6612.000000 19.344977 1.535434 3.031294
 6615.000000 19.323314 1.561428 3.009533
 6618.000000 19.264789 1.576736 2.998023
 6621.000000 19.275820 1.596844 2.967459
 6624.000000 19.256236 1.563836 2.974781
 6627.000000 19.223858 1.563131 3.012409
 6630.000000 19.231418 1.569367 2.988675
 6633.000000 19.175820 1.556896 2.995803
 6636.000000 19.182098 1.543853 3.028735
 6639.000000 19.151427 1.557217 2.986019
 6642.000000 19.150196 1.581847 2.958598
 6645.000000 19.118606 1.585575 2.962182
 6648.000000 19.174554 1.583551 2.987661
 6651.000000 19.194679 1.590721 2.973151
 6654.000000 19.195326 1.590583 2.993241
 6657.000000 19.274658 1.587540 2.972836
 6660.000000 19.246453 1.563534 2.996349
 6663.000000 19.283090 1.548939 2.992071
 6666.000000 19.312007 1.553484 3.015249
 6669.000000 19.283088 1.538068 3.028415
 6672.000000 19.296974 1.539037 3.012592
 6675.000000 19.403349 1.549870 3.045938
 6678.000000 19.335386 1.554910 3.035328
 6681.000000 19.371379 1.573215 3.034747
 6684.000000 19.412976 1.574164 3.038954
 6687.000000 19.368867 1.553150 3.080818
 6690.000000 19.407536 1.551089 3.066108
 6693.000000 19.428089 1.535870 3.058271
 6696.000000 19.449098 1.538787 3.091463
 6699.000000 19.422237 1.525455 3.084462
 6702.000000 19.452881 1.551345 3.023272
 6705.000000 19.472196 1.537343 3.036938
 6708.000000 19.369961 1.554608 3.035453
 6711.000000 19.365646 1.574871 3.008676
 6714.000000 19.341230 1.558835 3.023694
 6717.000000 19.287519 1.573498 2.987819
 6720.000000 19.243086 1.571988 2.969065
 6723.000000 19.249667 1.566912 3.007271
 6726.000000 19.265047 1.548467 3.003592
 6729.000000 19.335549 1.539584 2.992539
 6732.000000 19.268636 1.562149 2.977821
 6735.000000 19.219404 1.572813 3.010178
 6738.000000 19.267272 1.562713 2.987409
 6741.000000 19.211708 1.583602 2.965451
 6744.000000 19.282588 1.558208 3.014166
 6747.000000 19.327163 1.572335 3.015518
 6750.000000 19.382641 1.551293 3.035022
 6753.000000 19.349777 1.559464 3.038354
 6756.000000 19.443157 1.545956 3.031118
 6759.000000 19.407468 1.547498 3.036055
 6762.000000 19.388978 1.568852 3.018334
 6765.000000 19.332740 1.590043 2.970328
 6768.000000 19.305779 1.583694 2.996113
 6771.000000 19.348579 1.568893 3.016839
 6774.000000 19.383414 1.552502 3.008750
 6777.000000 19.410932 1.543473 3.009715
 6780.000000 19.458087 1.573838 3.011201
 6783.000000 19.468260 1.589685 3.026303
 6786.000000 19.504831 1.597160 3.002073
 6789.000000 19.494088 1.593094 2.993273
 6792.000000 19.526047 1.570653 3.020227
 6795.000000 19.498038 1.565431 3.019064
 6798.000000 19.574955 1.582371 3.002115
 6801.000000 19.576643 1.577926 3.045347
 6804.000000 19.493099 1.549156 3.048783
 6807.000000 19.512634 1.596881 3.039958
 6810.000000 19.397732 1.575580 3.054499
 6813.000000 19.491647 1.586780 3.042334
 6816.000000 19.525803 1.595525 3.030376
 6819.000000 19.516538 1.606487 3.015338
 6822.000000 19.468191 1.593232 3.036421
 6825.000000 19.487767 1.593036 3.017117
 6828.000000 19.491551 1.577286 3.046326
 6831.000000 19.520334 1.562189 3.038731
 6834.000000 19.459717 1.570057 3.021207
 6837.000000 19.553215 1.582725 3.001723
 6840.000000 19.436033 1.587123 2.923812
 6843.000000 19.452210 1.557408 2.953589
 6846.000000 19.493628 1.577182 2.977951
 6849.000000 19.567441 1.569512 2.961882
 6852.000000 19.544990 1.578676 2.974160
 6855.000000 19.514169 1.566120 2.994300
 6858.000000 19.557529 1.557471 3.011321
 6861.000000 19.496228 1.544758 2.999065
 6864.000000 19.484904 1.539690 3.003557
 6867.000000 19.520049 1.537803 3.014065
 6870.000000 19.444863 1.536808 3.002379
 6873.000000 19.402700 1.551573 2.966404
 6876.000000 19.366968 1.566552 2.939917
 6879.000000 19.370387 1.521721 2.981250
 6882.000000 19.430934 1.554070 2.967878
 6885.000000 19.353105 1.566954 2.970647
 6888.000000 19.365800 1.557406 2.978790
 6891.000000 19.383217 1.539124 2.968917
 6894.000000 19.383971 1.539869 2.966526
 6897.000000 19.349204 1.559425 2.959264
 6900.000000 19.351879 1.560050 2.940982
 6903.000000 19.263024 1.584354 2.964276
 6906.000000 19.324147 1.549797 2.996204
 6909.000000 19.369718 1.564929 2.990624
 6912.000000 19.405627 1.572777 2.984235
 6915.000000 19.390191 1.576242 2.953201
 6918.000000 19.330050 1.568260 2.983548
 6921.000000 19.282402 1.571755 2.980785
 6924.000000 19.363361 1.573150 2.997348
 6927.000000 19.360866 1.571426 2.991899
 6930.000000 19.394587 1.559720 3.001876
 6933.000000 19.431180 1.593703 2.973124
 6936.000000 19.339917 1.571363 3.019612
 6939.000000 19.364640 1.578736 3.014323
 6942.000000 19.387513 1.572289 3.019663
 6945.000000 19.429371 1.579402 2.988350
 6948.000000 19.444820 1.573550 2.989209
 6951.000000 19.503850 1.567524 3.026578
 6954.000000 19.487904 1.548964 3.047789
 6957.000000 19.382799 1.577442 3.038797
 6960.000000 19.369460 1.587596 3.047013
 6963.000000 19.380109 1.579097 3.012782
 6966.000000 19.338371 1.563840 3.051725
 6969.000000 19.380838 1.569838 3.054579
 6972.000000 19.375112 1.580091 3.060890
 6975.000000 19.302089 1.562080 3.078142
 6978.000000 19.362111 1.584592 3.044353
 6981.000000 19.405024 1.594577 3.029812
 6984.000000 19.408532 1.602442 3.032399
 6987.000000 19.364747 1.601422 3.037143
 6990.000000 19.402208 1.587441 3.058573
 6993.000000 19.367646 1.576420 3.054290
 6996.000000 19.504666 1.580041 3.055024
 6999.000000 19.405484 1.562698 3.056597
 7002.000000 19.309997 1.583346 3.007634
 7005.000000 19.415776 1.559934 3.013212
 7008.000000 19.499322 1.576599 3.014556
 7011.000000 19.488877 1.541723 3.016168
 7014.000000 19.506797 1.573275 2.968854
 7017.000000 19.477182 1.546822 2.954866
 7020.000000 19.384952 1.554401 2.991402
 7023.000000 19.419231 1.573304 2.992373
 7026.000000 19.354997 1.578162 3.000454
 7029.000000 19.316111 1.562210 3.026114
 7032.000000 19.398267 1.556397 3.017459
 7035.000000 19.332454 1.556977 3.003702
 7038.000000 19.248531 1.547541 3.001873
 7041.000000 19.279423 1.584359 2.978515
 7044.000000 19.311386 1.566832 2.966550
 7047.000000 19.187403 1.554575 3.005156
 7050.000000 19.210637 1.544719 2.986372
 7053.000000 19.283015 1.575168 2.962548
 7056.000000 19.266361 1.587831 2.982473
 7059.000000 19.329647 1.561991 2.977241
 7062.000000 19.352054 1.553336 2.992203
 7065.000000 19.354838 1.551598 2.996970
 7068.000000 19.320939 1.528336 3.010361
 7071.000000 19.289937 1.540477 2.998381
 7074.000000 19.332260 1.524607 2.995967
 7077.000000 19.409712 1.521483 3.018131
 7080.000000 19.390111 1.563710 2.953710
 7083.000000 19.319011 1.544883 2.989851
 7086.000000 19.391037 1.543562 2.991379
 7089.000000 19.418337 1.527898 3.040834
 7092.000000 19.395946 1.522006 3.048725
 7095.000000 19.412841 1.513726 3.050353
 7098.000000 19.363087 1.528217 3.038267
 7101.000000 19.357492 1.539968 3.024472
 7104.000000 19.434273 1.554331 3.038575
 7107.000000 19.399358 1.589754 3.003895
 7110.000000 19.377926 1.583694 3.007375
 7113.000000 19.315527 1.562210 3.027258
 7116.000000 19.283852 1.581198 2.983464
 7119.000000 19.285284 1.559554 3.014046
 7122.000000 19.285615 1.557214 3.044764
 7125.000000 19.298365 1.554382 3.042559
 7128.000000 19.323504 1.539620 3.035166
 7131.000000 19.258211 1.536913 3.027078
 7134.000000 19.229788 1.537670 3.018087
 7137.000000 19.281939 1.588027 2.975403
 7140.000000 19.274491 1.576259 2.979356
 7143.000000 19.267276 1.568423 2.982798
 7146.000000 19.269965 1.581724 2.970476
 7149.000000 19.279642 1.598546 2.968499
 7152.000000 19.183124 1.574152 3.008785
 7155.000000 19.181884 1.592477 2.967350
 7158.000000 19.161240 1.593500 3.000504
 7161.000000 19.169596 1.593312 2.977856
 7164.000000 19.180705 1.587763 2.988924
 7167.000000 19.177103 1.610963 2.976713
 7170.000000 19.230979 1.603500 3.001425
 7173.000000 19.227784 1.560688 2.975715
 7176.000000 19.228158 1.572131 2.994132
 7179.000000 19.242549 1.566715 3.005345
 7182.000000 19.278343 1.567124 3.022333
 7185.000000 19.334804 1.572329 3.023982
 7188.000000 19.371381 1.545759 3.071960
 7191.000000 19.275244 1.545895 3.013236
 7194.000000 19.256187 1.523744 3.020176
 7197.000000 19.263405 1.536700 3.027073
 7200.000000 19.270249 1.539609 3.028439
 7203.000000 19.181184 1.555886 3.045687
 7206.000000 19.217539 1.517066 3.064187
 7209.000000 19.328895 1.543217 3.046441
 7212.000000 19.283873 1.511946 3.022103
 7215.000000 19.312702 1.542102 3.038316
 7218.000000 19.245585 1.542460 2.994520
 7221.000000 19.218399 1.554828 2.984087
 7224.000000 19.322360 1.540245 2.980508
 7227.000000 19.381927 1.549989 3.023319
 7230.000000 19.343858 1.561374 3.004162
 7233.000000 19.462300 1.550345 3.027412
 7236.000000 19.432219 1.527698 3.053675
 7239.000000 19.494459 1.562342 3.025288
 7242.000000 19.386509 1.564596 3.032667
 7245.000000 19.409999 1.574322 3.027161
 7248.000000 19.465814 1.545803 2.992563
 7251.000000 19.466830 1.564892 2.965960
 7254.000000 19.433478 1.582157 2.977120
 7257.000000 19.477841 1.554293 2.947792
 7260.000000 19.365243 1.589052 2.955685
 7263.000000 19.434567 1.610013 2.928319
 7266.000000 19.430267 1.602781 2.902422
 7269.000000 19.511477 1.603035 2.893687
 7272.000000 19.522886 1.608138 2.950006
 7275.000000 19.505399 1.585608 2.941232
 7278.000000 19.527384 1.588383 2.957724
 7281.000000 19.514932 1.584487 2.985879
 7284.000000 19.524682 1.580664 2.991322
 7287.000000 19.445552 1.571811 3.022925
 7290.000000 19.424530 1.587048 2.978612
 7293.000000 19.421900 1.586377 2.957449
 7296.000000 19.451977 1.567686 2.960546
 7299.000000 19.445411 1.581081 2.962572
 7302.000000 19.428808 1.576289 2.907008
 7305.000000 19.454462 1.597085 2.897618
 7308.000000 19.419120 1.579071 2.933734
 7311.000000 19.467834 1.566344 2.941087
 7314.000000 19.415046 1.556169 2.972111
 7317.000000 19.457837 1.559213 2.976156
 7320.000000 19.469670 1.548769 2.932355
 7323.000000 19.407733 1.552011 2.972561
 7326.000000 19.445512 1.559977 2.985052
 7329.000000 19.411757 1.581285 2.968975
 7332.000000 19.376729 1.558546 2.968519
 7335.000000 19.383300 1.573474 2.960900
 7338.000000 19.373272 1.597672 2.938962
 7341.000000 19.473896 1.584188 2.951670
 7344.000000 19.454284 1.580083 2.983173
 7347.000000 19.515846 1.587112 2.995670
 7350.000000 19.453177 1.602863 3.047295
 7353.000000 19.437271 1.625542 2.998953
 7356.000000 19.456167 1.622468 2.967388
 7359.000000 19.431765 1.606194 3.005082
 7362.000000 19.468374 1.618090 2.996878
 7365.000000 19.443988 1.640072 2.987958
 7368.000000 19.364068 1.625539 3.016248
 7371.000000 19.397210 1.624821 3.008573
 7374.000000 19.414296 1.603586 3.009601
 7377.000000 19.398312 1.614287 2.997692
 7380.000000 19.395245 1.605569 3.013418
 7383.000000 19.371479 1.601044 3.004377
 7386.000000 19.389260 1.578789 3.027308
 7389.000000 19.386545 1.591783 3.022739
 7392.000000 19.370465 1.583609 2.995654
 7395.000000 19.291600 1.574222 3.018714
 7398.000000 19.269524 1.591488 3.006756
 7401.000000 19.218275 1.592653 3.000920
 7404.000000 19.206627 1.585207 2.980103
 7407.000000 19.161087 1.609857 2.977637
 7410.000000 19.154280 1.572571 3.032514
 7413.000000 19.167231 1.570240 3.021407
 7416.000000 19.178079 1.579347 3.053727
 7419.000000 19.188348 1.551128 3.048709
 7422.000000 19.237026 1.561931 3.064822
 7425.000000 19.219412 1.556128 3.048347
 7428.000000 19.206405 1.593367 3.028186
 7431.000000 19.196048 1.578845 3.044733
 7434.000000 19.204747 1.565134 3.060118
 7437.000000 19.268623 1.571610 3.076908
 7440.000000 19.319387 1.612141 3.023523
 7443.000000 19.281442 1.608694 3.058785
 7446.000000 19.326532 1.587840 3.039622
 7449.000000 19.324567 1.570177 3.033665
 7452.000000 19.354186 1.560145 3.037545
 7455.000000 19.324647 1.581305 3.010095
 7458.000000 19.367594 1.548404 3.007409
 7461.000000 19.305379 1.559017 2.996779
 7464.000000 19.295972 1.548914 3.009553
 7467.000000 19.247388 1.558625 3.010363
 7470.000000 19.285181 1.550926 3.025901
 7473.000000 19.271967 1.544094 3.021212
 7476.000000 19.336914 1.565938 3.011719
 7479.000000 19.295347 1.535390 3.020045
 7482.000000 19.352610 1.533408 3.026267
 7485.000000 19.405313 1.528335 3.026928
 7488.000000 19.371224 1.526906 3.015618
 7491.000000 19.430518 1.553988 2.992515
 7494.000000 19.427083 1.572543 2.975377
 7497.000000 19.452859 1.552918 2.936827
 7500.000000 19.459102 1.540583 2.966100
 7503.000000 19.437821 1.545739 2.977871
 7506.000000 19.435456 1.560100 2.980015
 7509.000000 19.448473 1.543278 2.979920
 7512.000000 19.444364 1.562004 2.937713
 7515.000000 19.508246 1.563386 2.955773
 7518.000000 19.457031 1.536368 2.976329
 7521.000000 19.428412 1.563096 2.998335
 7524.000000 19.418019 1.546521 2.986844
 7527.000000 19.393198 1.565408 2.953722
 7530.000000 19.394150 1.579078 2.934089
 7533.000000 19.365159 1.566891 2.963921
 7536.000000 19.389798 1.558351 2.987639
 7539.000000 19.383440 1.567091 2.988333
 7542.000000 19.367341 1.555450 2.970098
 7545.000000 19.331783 1.563192 2.967880
 7548.000000 19.385616 1.562677 2.980513
 7551.000000 19.375412 1.576645 2.998188
 7554.000000 19.415869 1.543994 3.002438
 7557.000000 19.509588 1.538839 3.010695
 7560.000000 19.394996 1.558603 2.982169
 7563.000000 19.392753 1.550257 2.978232
 7566.000000 19.402338 1.545214 2.953374
 7569.000000 19.400086 1.529607 2.999742
 7572.000000 19.447111 1.510412 2.992026
 7575.000000 19.367019 1.537850 3.027688
 7578.000000 19.398799 1.541346 3.004827
 7581.000000 19.345207 1.528972 3.018057
 7584.000000 19.459927 1.536561 2.968649
 7587.000000 19.345603 1.521540 3.021723
 7590.000000 19.429219 1.524600 2.995666
 7593.000000 19.490303 1.550987 2.970644
 7596.000000 19.549789 1.533773 2.970351
 7599.000000 19.507313 1.535847 2.984853
 7602.000000 19.586285 1.512612 3.007820
 7605.000000 19.612325 1.530593 2.951378
 7608.000000 19.590121 1.530456 2.931360
 7611.000000 19.543345 1.526098 2.962082
 7614.000000 19.472395 1.531497 2.963264
 7617.000000 19.495241 1.537592 2.948621
 7620.000000 19.453608 1.515867 2.935011
 7623.000000 19.487279 1.514310 2.962250
 7626.000000 19.438032 1.506625 2.967687
 7629.000000 19.514770 1.506075 2.949656
 7632.000000 19.427940 1.500012 2.973215
 7635.000000 19.496150 1.542761 2.945986
 7638.000000 19.504756 1.525951 2.934342
 7641.000000 19.485516 1.501236 2.951453
 7644.000000 19.483952 1.511125 2.956418
 7647.000000 19.408997 1.504775 2.979481
 7650.000000 19.393111 1.528502 2.952180
 7653.000000 19.351544 1.507606 2.976678
 7656.000000 19.454489 1.535017 3.000249
 7659.000000 19.490811 1.531060 2.980477
 7662.000000 19.400987 1.516717 3.002689
 7665.000000 19.452008 1.495340 3.017512
 7668.000000 19.427657 1.531948 2.941216
 7671.000000 19.369595 1.528290 2.966142
 7674.000000 19.350789 1.540171 2.935321
 7677.000000 19.395066 1.513232 2.971887
 7680.000000 19.409494 1.531584 2.941956
 7683.000000 19.417069 1.517099 2.952708
 7686.000000 19.499223 1.527036 2.925626
 7689.000000 19.441693 1.517370 2.955163
 7692.000000 19.384412 1.518361 2.966036
 7695.000000 19.414215 1.523496 2.986756
 7698.000000 19.378053 1.542070 2.971494
 7701.000000 19.388734 1.541066 2.950709
 7704.000000 19.429811 1.517300 2.975284
 7707.000000 19.389955 1.515226 2.973808
 7710.000000 19.379505 1.499425 2.995250
 7713.000000 19.397324 1.497570 2.953945
 7716.000000 19.401344 1.510836 2.951350
 7719.000000 19.334913 1.498147 2.918935
 7722.000000 19.331737 1.485592 2.976121
 7725.000000 19.295928 1.473349 2.994634
 7728.000000 19.279598 1.491800 2.980285
 7731.000000 19.174094 1.512374 2.967946
 7734.000000 19.201001 1.535492 2.942534
 7737.000000 19.139446 1.545435 2.954246
 7740.000000 19.251893 1.533060 2.962968
 7743.000000 19.349766 1.538111 2.956708
 7746.000000 19.201381 1.524269 2.990019
 7749.000000 19.194729 1.516182 2.972358
 7752.000000 19.189586 1.528929 2.929087
 7755.000000 19.179091 1.521645 2.960210
 7758.000000 19.228901 1.538067 2.961035
 7761.000000 19.261697 1.527318 2.957216
 7764.000000 19.294096 1.521188 2.994360
 7767.000000 19.278133 1.521577 3.012563
 7770.000000 19.356183 1.532841 2.984753
 7773.000000 19.323707 1.544317 3.003060
 7776.000000 19.382298 1.549965 2.986447
 7779.000000 19.350812 1.533396 3.033841
 7782.000000 19.423799 1.520030 3.022639
 7785.000000 19.469266 1.546833 3.010465
 7788.000000 19.453687 1.540594 3.024579
 7791.000000 19.441667 1.563125 3.014368
 7794.000000 19.361729 1.558465 3.020407
 7797.000000 19.382916 1.534229 3.036455
 7800.000000 19.373562 1.544850 3.037525
 7803.000000 19.418518 1.563895 3.007171
 7806.000000 19.462843 1.565761 3.001711
 7809.000000 19.347425 1.584345 3.024888
 7812.000000 19.391104 1.586600 3.038628
 7815.000000 19.474985 1.589520 3.046257
 7818.000000 19.453718 1.524171 3.057924
 7821.000000 19.514453 1.534093 3.013739
 7824.000000 19.442287 1.537981 2.954036
 7827.000000 19.484749 1.568944 2.961182
 7830.000000 19.458424 1.558765 2.954942
 7833.000000 19.430191 1.520775 2.997001
 7836.000000 19.367705 1.536499 2.963237
 7839.000000 19.403114 1.528046 2.961643
 7842.000000 19.380412 1.508834 2.969109
 7845.000000 19.363807 1.475886 2.962986
 7848.000000 19.459191 1.481378 2.959548
 7851.000000 19.399965 1.486369 2.967758
 7854.000000 19.440891 1.482422 2.993234
 7857.000000 19.387669 1.484878 3.011518
 7860.000000 19.449638 1.490044 3.001452
 7863.000000 19.543132 1.477835 3.000473
 7866.000000 19.513384 1.452381 2.948568
 7869.000000 19.549591 1.477104 2.961374
 7872.000000 19.496048 1.468915 2.988892
 7875.000000 19.564640 1.455249 2.982228
 7878.000000 19.455616 1.470003 3.003445
 7881.000000 19.454266 1.477101 2.996932
 7884.000000 19.477481 1.493748 2.968192
 7887.000000 19.442540 1.507239 2.934069
 7890.000000 19.442464 1.514282 2.969229
 7893.000000 19.446395 1.503251 2.998199
 7896.000000 19.452695 1.503006 3.004492
 7899.000000 19.433429 1.494696 3.011700
 7902.000000 19.413733 1.511888 2.980227
 7905.000000 19.383252 1.506657 2.956636
 7908.000000 19.373321 1.524946 2.937341
 7911.000000 19.416442 1.527116 2.951664
 7914.000000 19.434433 1.541664 2.942141
 7917.000000 19.404373 1.530056 2.950911
 7920.000000 19.462908 1.524818 2.930622
 7923.000000 19.374109 1.514614 2.959526
 7926.000000 19.422674 1.495736 2.968487
 7929.000000 19.363028 1.499520 2.938206
 7932.000000 19.380079 1.512919 2.952697
 7935.000000 19.318644 1.518710 2.955011
 7938.000000 19.439166 1.529210 2.948038
 7941.000000 19.422004 1.484266 2.951220
 7944.000000 19.400196 1.480005 2.981303
 7947.000000 19.367653 1.486833 2.977453
 7950.000000 19.427340 1.502279 2.970303
 7953.000000 19.503427 1.495041 2.982084
 7956.000000 19.459985 1.477386 2.989322
 7959.000000 19.489193 1.480443 2.979587
 7962.000000 19.446961 1.478401 3.015695
 7965.000000 19.488916 1.476651 3.005121
 7968.000000 19.515951 1.477878 3.046690
 7971.000000 19.603527 1.503640 3.020669
 7974.000000 19.561903 1.508921 3.026766
 7977.000000 19.548438 1.551824 3.027108
 7980.000000 19.602910 1.535211 2.968552
 7983.000000 19.586502 1.550635 2.997564
 7986.000000 19.576110 1.552999 2.986966
 7989.000000 19.562607 1.537552 3.051464
 7992.000000 19.513551 1.564775 3.018865
 7995.000000 19.524908 1.565539 2.993598
 7998.000000 19.461860 1.564895 3.041923
 8001.000000 19.545333 1.572531 3.043141
 8004.000000 19.540490 1.542347 3.038485
 8007.000000 19.526577 1.567195 3.012149
 8010.000000 19.449993 1.561696 3.028796
 8013.000000 19.402189 1.567332 3.022017
 8016.000000 19.413908 1.549465 3.063312
 8019.000000 19.389998 1.569953 3.006085
 8022.000000 19.359694 1.603450 2.980501
 8025.000000 19.367196 1.607746 2.957535
 8028.000000 19.403175 1.591987 2.970935
 8031.000000 19.378517 1.585240 2.974411
 8034.000000 19.293665 1.606022 2.939739
 8037.000000 19.324226 1.602176 2.943912
 8040.000000 19.295808 1.579013 2.959653
 8043.000000 19.250760 1.574593 2.972951
 8046.000000 19.297892 1.576047 2.962756
 8049.000000 19.274480 1.563700 2.962014
 8052.000000 19.403581 1.555219 2.997658
 8055.000000 19.366816 1.565553 2.971496
 8058.000000 19.429170 1.582126 2.972455
 8061.000000 19.422225 1.549238 2.996226
 8064.000000 19.386034 1.548491 2.990984
 8067.000000 19.398824 1.571491 3.000246
 8070.000000 19.343412 1.558776 3.019803
 8073.000000 19.358537 1.587844 2.983784
 8076.000000 19.318951 1.570306 2.984891
 8079.000000 19.345078 1.566920 2.975791
 8082.000000 19.301841 1.539577 2.986458
 8085.000000 19.306652 1.562749 2.953792
 8088.000000 19.345667 1.552590 2.938376
 8091.000000 19.397838 1.533598 2.950647
 8094.000000 19.427457 1.518510 2.982024
 8097.000000 19.498716 1.525555 2.959568
 8100.000000 19.511014 1.534042 2.963892
 8103.000000 19.497660 1.538939 2.963384
 8106.000000 19.476983 1.536991 2.967470
 8109.000000 19.410438 1.548354 2.932707
 8112.000000 19.470509 1.541689 2.929039
 8115.000000 19.472105 1.548240 2.971003
 8118.000000 19.434355 1.556102 2.959552
 8121.000000 19.373535 1.552303 2.959695
 8124.000000 19.365168 1.587870 2.916790
 8127.000000 19.357743 1.553594 2.953897
 8130.000000 19.378428 1.564590 2.961945
 8133.000000 19.395709 1.534925 2.964441
 8136.000000 19.399759 1.533402 2.965686
 8139.000000 19.392446 1.552931 2.919083
 8142.000000 19.347776 1.536145 2.983322
 8145.000000 19.433678 1.553157 2.976655
 8148.000000 19.384720 1.522746 3.015470
 8151.000000 19.451617 1.529994 3.008402
 8154.000000 19.482476 1.518153 3.014283
 8157.000000 19.484103 1.531803 2.981040
 8160.000000 19.419740 1.527262 2.956718
 8163.000000 19.464456 1.546550 2.953836
 8166.000000 19.454932 1.529014 2.949970
 8169.000000 19.518641 1.526130 2.965813
 8172.000000 19.515097 1.541615 2.958190
 8175.000000 19.480329 1.531548 2.965586
 8178.000000 19.523396 1.563059 2.944136
 8181.000000 19.543130 1.570325 2.960078
 8184.000000 19.501414 1.570871 2.971099
 8187.000000 19.471148 1.566538 2.947338
 8190.000000 19.407431 1.532476 2.961345
 8193.000000 19.388650 1.542967 2.933050
 8196.000000 19.401492 1.537244 2.953088
 8199.000000 19.331580 1.546826 2.956597
 8202.000000 19.324255 1.556226 2.943077
 8205.000000 19.364418 1.555221 2.954639
 8208.000000 19.323393 1.553031 2.993223
 8211.000000 19.379787 1.539958 2.962953
 8214.000000 19.367282 1.543968 2.978925
 8217.000000 19.379795 1.556017 2.960894
 8220.000000 19.455471 1.607285 2.974753
 8223.000000 19.436043 1.569208 3.002295
 8226.000000 19.371329 1.556196 2.993364
 8229.000000 19.345889 1.571030 2.992499
 8232.000000 19.395091 1.547375 3.014958
 8235.000000 19.438486 1.537753 3.004119
 8238.000000 19.479982 1.563606 2.969016
 8241.000000 19.470742 1.540184 2.990841
 8244.000000 19.510657 1.532062 3.000455
 8247.000000 19.432793 1.511321 2.986050
 8250.000000 19.476071 1.538556 2.992631
 8253.000000 19.485162 1.526916 2.966030
 8256.000000 19.499997 1.539457 2.993779
 8259.000000 19.480949 1.547566 2.973293
 8262.000000 19.432178 1.557054 2.975872
 8265.000000 19.488554 1.576113 2.984773
 8268.000000 19.498262 1.568671 3.006239
 8271.000000 19.421522 1.571303 3.006848
 8274.000000 19.392350 1.589097 2.958208
 8277.000000 19.394564 1.574440 2.960217
 8280.000000 19.320035 1.567391 2.991500
 8283.000000 19.201142 1.562590 2.948540
 8286.000000 19.189209 1.561916 2.949897
 8289.000000 19.215142 1.561735 2.970062
 8292.000000 19.220408 1.574878 2.962620
 8295.000000 19.196839 1.586639 2.960245
 8298.000000 19.337707 1.553631 2.983437
 8301.000000 19.315533 1.562532 2.991074
 8304.000000 19.303050 1.559045 2.995206
 8307.000000 19.343161 1.538876 3.014452
 8310.000000 19.350076 1.556138 2.979061
 8313.000000 19.317716 1.557148 2.987991
 8316.000000 19.322374 1.552208 2.968736
 8319.000000 19.409430 1.561524 2.946817
 8322.000000 19.392893 1.539107 2.991304
 8325.000000 19.347257 1.569527 2.985558
 8328.000000 19.446315 1.574488 2.994063
 8331.000000 19.391282 1.567533 2.974277
 8334.000000 19.366089 1.568908 2.985683
 8337.000000 19.427016 1.551616 3.007647
 8340.000000 19.426415 1.567030 3.018237
 8343.000000 19.506576 1.598372 2.998256
 8346.000000 19.462882 1.615696 2.984495
 8349.000000 19.435052 1.608488 2.995625
 8352.000000 19.368071 1.589617 3.021535
 8355.000000 19.348786 1.572415 3.025468
 8358.000000 19.410792 1.577023 3.010016
 8361.000000 19.436915 1.580921 3.018862
 8364.000000 19.484680 1.572467 3.049381
 8367.000000 19.414485 1.549915 3.053239
 8370.000000 19.456213 1.549733 3.046571
 8373.000000 19.405936 1.506095 3.053330
 8376.000000 19.446815 1.531347 3.046930
 8379.000000 19.553468 1.538279 3.034598
 8382.000000 19.553064 1.534870 3.044893
 8385.000000 19.544587 1.520251 3.031587
 8388.000000 19.579207 1.520727 3.014660
 8391.000000 19.575874 1.529482 3.060259
 8394.000000 19.679970 1.538918 3.039973
 8397.000000 19.600486 1.539490 3.004742
 8400.000000 19.604988 1.538564 3.011327
 8403.000000 19.610209 1.536057 3.036670
 8406.000000 19.597358 1.532256 3.026056
 8409.000000 19.606432 1.537601 2.997983
 8412.000000 19.621246 1.493595 2.992221
 8415.000000 19.556631 1.479945 3.010287
 8418.000000 19.594268 1.472705 3.025169
 8421.000000 19.580325 1.513525 2.955615
 8424.000000 19.557657 1.527112 2.983251
 8427.000000 19.502220 1.529354 2.992028
 8430.000000 19.446961 1.529322 2.986171
 8433.000000 19.472755 1.507213 2.986468
 8436.000000 19.464255 1.517363 3.024585
 8439.000000 19.464396 1.496580 2.991259
 8442.000000 19.444351 1.525178 3.014791
 8445.000000 19.458703 1.516982 2.987717
 8448.000000 19.459693 1.529960 2.995456
 8451.000000 19.463886 1.530869 3.013323
 8454.000000 19.514827 1.508587 3.026665
 8457.000000 19.422344 1.495702 3.024764
 8460.000000 19.426487 1.483168 3.030673
 8463.000000 19.439691 1.469949 2.971270
 8466.000000 19.410997 1.495822 2.952441
 8469.000000 19.375374 1.528634 2.969652
 8472.000000 19.479710 1.522534 2.960841
 8475.000000 19.433553 1.573768 2.960344
 8478.000000 19.419421 1.561003 3.008308
 8481.000000 19.381945 1.550207 3.012057
 8484.000000 19.344700 1.553910 2.968939
 8487.000000 19.367960 1.545674 2.975446
 8490.000000 19.432841 1.582978 2.982791
 8493.000000 19.409326 1.569861 2.934455
 8496.000000 19.389026 1.574606 2.963112
 8499.000000 19.421266 1.550242 2.952367
 8502.000000 19.375794 1.549769 2.943995
 8505.000000 19.342401 1.537173 2.983573
 8508.000000 19.297853 1.544278 2.947491
 8511.000000 19.370667 1.551566 2.935047
 8514.000000 19.435396 1.533803 2.907767
 8517.000000 19.475832 1.535706 2.929937
 8520.000000 19.475482 1.552600 2.945044
 8523.000000 19.521824 1.547013 2.954313
 8526.000000 19.554533 1.570743 2.941971
 8529.000000 19.553772 1.537516 2.909195
 8532.000000 19.484035 1.560204 2.898326
 8535.000000 19.421004 1.543217 2.925168
 8538.000000 19.495363 1.559835 2.956325
 8541.000000 19.510563 1.575087 2.962132
 8544.000000 19.469470 1.570144 2.919762
 8547.000000 19.428680 1.563241 2.952469
 8550.000000 19.423427 1.566498 2.972622
 8553.000000 19.485665 1.582190 2.943858
 8556.000000 19.438256 1.565700 2.936041
 8559.000000 19.455144 1.553731 2.957375
 8562.000000 19.437231 1.561005 2.961309
 8565.000000 19.420967 1.533305 2.974439
 8568.000000 19.411372 1.545734 3.002403
 8571.000000 19.427097 1.536846 2.949505
 8574.000000 19.440139 1.542570 2.950566
 8577.000000 19.442154 1.540487 2.951811
 8580.000000 19.379214 1.537258 2.936398
 8583.000000 19.386359 1.569097 2.952375
 8586.000000 19.426621 1.552488 2.974924
 8589.000000 19.382081 1.544000 2.979041
 8592.000000 19.407293 1.541739 2.955941
 8595.000000 19.398631 1.533548 2.947409
 8598.000000 19.386458 1.531510 2.976556
 8601.000000 19.402700 1.555220 2.950593
 8604.000000 19.399430 1.540541 2.922344
 8607.000000 19.379999 1.523071 2.937677
 8610.000000 19.391162 1.547753 2.961647
 8613.000000 19.457651 1.542475 2.963813
 8616.000000 19.446236 1.564901 2.957517
 8619.000000 19.373258 1.552788 2.963958
 8622.000000 19.425249 1.543866 2.969395
 8625.000000 19.397896 1.584402 2.979167
 8628.000000 19.390553 1.555474 2.978009
 8631.000000 19.350655 1.548304 2.975821
 8634.000000 19.416414 1.568615 2.934521
 8637.000000 19.342635 1.573055 2.960739
 8640.000000 19.357345 1.562168 2.963341
 8643.000000 19.378397 1.566929 2.956181
 8646.000000 19.352003 1.592876 2.925763
 8649.000000 19.317871 1.544607 2.944613
 8652.000000 19.327136 1.564040 2.961344
 8655.000000 19.323791 1.562472 2.968987
 8658.000000 19.335196 1.564839 2.976892
 8661.000000 19.353447 1.555883 3.022740
 8664.000000 19.397535 1.546542 2.989211
 8667.000000 19.387689 1.540614 3.007048
 8670.000000 19.390481 1.542421 3.017139
 8673.000000 19.327853 1.539557 3.030729
 8676.000000 19.372144 1.533784 3.021268
 8679.000000 19.362623 1.520899 3.001661
 8682.000000 19.384343 1.517062 3.015640
 8685.000000 19.420512 1.521748 3.016935
 8688.000000 19.405763 1.526448 2.969182
 8691.000000 19.380674 1.528542 2.989024
 8694.000000 19.337726 1.522060 2.986575
 8697.000000 19.368169 1.571094 2.956077
 8700.000000 19.337581 1.561427 2.946469
 8703.000000 19.297766 1.559444 2.967471
 8706.000000 19.396590 1.564020 2.988665
 8709.000000 19.388898 1.540247 2.993347
 8712.000000 19.353686 1.539787 2.988185
 8715.000000 19.407486 1.571962 3.030256
 8718.000000 19.391467 1.559172 2.981431
 8721.000000 19.294471 1.559034 2.964822
 8724.000000 19.223294 1.546293 2.969032
 8727.000000 19.224202 1.565734 2.979476
 8730.000000 19.253833 1.568258 2.921138
 8733.000000 19.245720 1.562446 2.951046
 8736.000000 19.214397 1.558188 2.908193
 8739.000000 19.213511 1.542865 2.965674
 8742.000000 19.347874 1.557678 2.986192
 8745.000000 19.381302 1.553878 2.931874
 8748.000000 19.363640 1.553747 2.936142
 8751.000000 19.373702 1.540271 2.910284
 8754.000000 19.339298 1.557401 2.915093
 8757.000000 19.392358 1.563085 2.936546
 8760.000000 19.368917 1.565773 2.940451
 8763.000000 19.388814 1.567660 2.935402
 8766.000000 19.437133 1.571090 2.961218
 8769.000000 19.499458 1.569142 2.931992
 8772.000000 19.404686 1.586311 2.934150
 8775.000000 19.447694 1.562222 2.991899
 8778.000000 19.442827 1.556595 2.983983
 8781.000000 19.381180 1.578876 3.026958
 8784.000000 19.447067 1.577350 2.982751
 8787.000000 19.386800 1.583196 2.972823
 8790.000000 19.367614 1.594896 2.976015
 8793.000000 19.384072 1.593286 2.987400
 8796.000000 19.427119 1.610938 2.984147
 8799.000000 19.381617 1.600310 3.029272
 8802.000000 19.370454 1.589210 3.008496
 8805.000000 19.383014 1.581885 2.996339
 8808.000000 19.423622 1.582466 2.991741
 8811.000000 19.406622 1.559674 2.998231
 8814.000000 19.411602 1.556461 3.014124
 8817.000000 19.375088 1.528204 3.020913
 8820.000000 19.410299 1.533144 3.013512
 8823.000000 19.389420 1.527346 3.001463
 8826.000000 19.321320 1.551635 2.999481
 8829.000000 19.327522 1.572238 2.953475
 8832.000000 19.356562 1.557584 2.985201
 8835.000000 19.370106 1.522688 3.030423
 8838.000000 19.387299 1.564532 2.969173
 8841.000000 19.301724 1.549875 3.002313
 8844.000000 19.284242 1.556048 3.048468
 8847.000000 19.266567 1.556116 3.057459
 8850.000000 19.215536 1.555651 3.026336
 8853.000000 19.331887 1.558345 3.007566
 8856.000000 19.361986 1.559492 3.001835
 8859.000000 19.337833 1.546164 2.987233
 8862.000000 19.331955 1.544852 2.969554
 8865.000000 19.355100 1.560180 2.953803
 8868.000000 19.380738 1.583499 2.956815
 8871.000000 19.378169 1.577726 2.967151
 8874.000000 19.361263 1.577711 2.970833
 8877.000000 19.393165 1.572957 2.961872
 8880.000000 19.369665 1.583669 2.970920
 8883.000000 19.395751 1.574290 2.993552
 8886.000000 19.487534 1.555196 3.027589
 8889.000000 19.493282 1.568258 2.951421
 8892.000000 19.520080 1.563531 2.991165
 8895.000000 19.457832 1.563114 2.964911
 8898.000000 19.438927 1.561799 2.963286
 8901.000000 19.502416 1.548697 2.948364
 8904.000000 19.412850 1.535222 2.973179
 8907.000000 19.383183 1.512730 2.992056
 8910.000000 19.480475 1.540706 2.947016
 8913.000000 19.455846 1.528345 2.948056
 8916.000000 19.470400 1.518876 2.978382
 8919.000000 19.487470 1.536685 2.943821
 8922.000000 19.498601 1.521581 2.947676
 8925.000000 19.547537 1.517255 2.954304
 8928.000000 19.563735 1.515108 2.973497
 8931.000000 19.583204 1.494244 2.998369
 8934.000000 19.492574 1.511203 2.975844
 8937.000000 19.484647 1.491519 2.979187
 8940.000000 19.447899 1.495374 2.947551
 8943.000000 19.453500 1.500087 2.983810
 8946.000000 19.495469 1.483282 3.007483
 8949.000000 19.426157 1.473796 2.973927
 8952.000000 19.474569 1.506237 2.967515
 8955.000000 19.475241 1.496357 3.020023
 8958.000000 19.420409 1.497446 2.994692
 8961.000000 19.452309 1.478376 3.041021
 8964.000000 19.386856 1.486637 3.030495
 8967.000000 19.353234 1.486011 3.010654
 8970.000000 19.405526 1.482723 3.009352
 8973.000000 19.374898 1.467922 3.008118
 8976.000000 19.402956 1.476140 3.017239
 8979.000000 19.471038 1.495937 2.964798
 8982.000000 19.502069 1.507138 2.965665
 8985.000000 19.434067 1.504565 2.979594
 8988.000000 19.495788 1.489971 2.989951
 8991.000000 19.452143 1.482787 2.972432
 8994.000000 19.481707 1.473795 2.966340
 8997.000000 19.506456 1.486455 2.983044
 9000.000000 19.555531 1.500306 2.981470
 9003.000000 19.631109 1.514885 2.959537
 9006.000000 19.562261 1.535930 2.952120
 9009.000000 19.549592 1.523243 2.941735
 9012.000000 19.561449 1.517775 2.989077
 9015.000000 19.566634 1.499427 2.997248
 9018.000000 19.500958 1.521691 2.987746
 9021.000000 19.486499 1.552936 2.948588
 9024.000000 19.457650 1.556690 2.966199
 9027.000000 19.512402 1.576364 2.952099
 9030.000000 19.461206 1.560968 2.974689
 9033.000000 19.418601 1.560828 2.938847
 9036.000000 19.454662 1.564399 2.946484
 9039.000000 19.478729 1.571658 2.973782
 9042.000000 19.490646 1.565135 2.958513
 9045.000000 19.441058 1.575171 2.954197
 9048.000000 19.437121 1.581985 2.980129
 9051.000000 19.463384 1.579846 2.994874
 9054.000000 19.475349 1.591141 2.931615
 9057.000000 19.504693 1.605944 2.924381
 9060.000000 19.490629 1.584913 2.940275
 9063.000000 19.526167 1.624355 2.931887
 9066.000000 19.522721 1.594273 2.889346
 9069.000000 19.455315 1.578135 2.921761
 9072.000000 19.480244 1.582351 2.919487
 9075.000000 19.493936 1.583884 2.939520
 9078.000000 19.527366 1.588952 2.915007
 9081.000000 19.503287 1.567246 2.967194
 9084.000000 19.508830 1.578439 2.935362
 9087.000000 19.418840 1.564095 2.961668
 9090.000000 19.415368 1.560030 2.953557
 9093.000000 19.468255 1.540112 2.951634
 9096.000000 19.568058 1.563148 2.948839
 9099.000000 19.548936 1.576146 2.945997
 9102.000000 19.537909 1.573726 2.956009
 9105.000000 19.612800 1.563897 2.930128
 9108.000000 19.641620 1.539307 2.991772
 9111.000000 19.625816 1.550295 2.987793
 9114.000000 19.502738 1.558335 2.954103
 9117.000000 19.543378 1.574471 2.954016
 9120.000000 19.493851 1.578213 2.955345
 9123.000000 19.503510 1.586836 2.963090
 9126.000000 19.575182 1.593200 2.961200
 9129.000000 19.531284 1.592288 2.923578
 9132.000000 19.547364 1.560552 2.949086
 9135.000000 19.533740 1.571949 2.971248
 9138.000000 19.526241 1.588688 2.969533
 9141.000000 19.512650 1.582124 2.958744
 9144.000000 19.426013 1.594704 2.944193
 9147.000000 19.408620 1.583503 2.930032
 9150.000000 19.428613 1.538466 2.986962
 9153.000000 19.318052 1.563198 3.002203
 9156.000000 19.298123 1.550605 3.004335
 9159.000000 19.285532 1.541835 3.005346
 9162.000000 19.216101 1.545889 2.953674
 9165.000000 19.302616 1.547910 2.965205
 9168.000000 19.291960 1.563670 2.934675
 9171.000000 19.336060 1.579403 2.935646
 9174.000000 19.295217 1.570300 2.911122
 9177.000000 19.406564 1.546555 2.921723
 9180.000000 19.424038 1.581327 2.885633
 9183.000000 19.343826 1.576472 2.871021
 9186.000000 19.362820 1.575027 2.877531
 9189.000000 19.300807 1.565757 2.889581
 9192.000000 19.388037 1.576259 2.921714
 9195.000000 19.454542 1.587269 2.909621
 9198.000000 19.416091 1.598510 2.918854
 9201.000000 19.485025 1.605324 2.873670
 9204.000000 19.472784 1.585719 2.915060
 9207.000000 19.519571 1.596986 2.900042
 9210.000000 19.428663 1.575614 2.879550
 9213.000000 19.534914 1.543351 2.918655
 9216.000000 19.566297 1.538964 2.926091
 9219.000000 19.603872 1.546626 2.900510
 9222.000000 19.567663 1.548516 2.922489
 9225.000000 19.566351 1.565057 2.912257
 9228.000000 19.565573 1.590150 2.896426
 9231.000000 19.583222 1.569316 2.963627
 9234.000000 19.653761 1.574187 2.953135
 9237.000000 19.624224 1.556043 2.933668
 9240.000000 19.591274 1.579136 2.941280
 9243.000000 19.550573 1.577668 2.932005
 9246.000000 19.561615 1.575544 2.944667
 9249.000000 19.525091 1.559510 2.963672
 9252.000000 19.555113 1.591633 2.899201
 9255.000000 19.560232 1.585507 2.909060
 9258.000000 19.565749 1.579533 2.920223
 9261.000000 19.581385 1.586523 2.883264
 9264.000000 19.688392 1.557582 2.917130
 9267.000000 19.618148 1.557388 2.911737
 9270.000000 19.587162 1.552766 2.922851
 9273.000000 19.563900 1.556553 2.913178
 9276.000000 19.519635 1.559039 2.897753
 9279.000000 19.598127 1.542340 2.918494
 9282.000000 19.589039 1.527538 2.939493
 9285.000000 19.563170 1.535208 2.898889
 9288.000000 19.600162 1.540155 2.903448
 9291.000000 19.636677 1.515331 2.917042
 9294.000000 19.560418 1.515431 2.925199
 9297.000000 19.479358 1.522120 2.931876
 9300.000000 19.544426 1.502405 2.939926
 9303.000000 19.493466 1.512363 2.939231
 9306.000000 19.568526 1.485493 2.961111
 9309.000000 19.574444 1.482158 2.963221
 9312.000000 19.475624 1.470237 2.965685
 9315.000000 19.585537 1.479715 2.968046
 9318.000000 19.573382 1.503719 2.927384
 9321.000000 19.534191 1.495124 2.971502
 9324.000000 19.504003 1.511824 2.973748
 9327.000000 19.481936 1.503899 2.943839
 9330.000000 19.500066 1.507220 2.908883
 9333.000000 19.440863 1.503828 2.910110
 9336.000000 19.474077 1.515543 2.883999
 9339.000000 19.518879 1.499685 2.908283
 9342.000000 19.488302 1.472704 2.936728
 9345.000000 19.541994 1.516513 2.915206
 9348.000000 19.527918 1.510506 2.953923
 9351.000000 19.440456 1.537444 2.927799
 9354.000000 19.441811 1.532279 2.923540
 9357.000000 19.365160 1.523887 2.920250
 9360.000000 19.391618 1.520440 2.926625
 9363.000000 19.361192 1.532311 2.922835
 9366.000000 19.347723 1.524411 2.943157
 9369.000000 19.306609 1.570598 2.898527
 9372.000000 19.353209 1.558160 2.950412
 9375.000000 19.367348 1.545956 2.936685
 9378.000000 19.442412 1.556223 2.921499
 9381.000000 19.401989 1.566266 2.915930
 9384.000000 19.383968 1.587683 2.907612
 9387.000000 19.397119 1.565005 2.928988
 9390.000000 19.441139 1.587269 2.914447
 9393.000000 19.478084 1.526025 2.980527
 9396.000000 19.464124 1.563554 2.970479
 9399.000000 19.389599 1.576122 2.961670
 9402.000000 19.392685 1.548020 2.947301
 9405.000000 19.400947 1.517728 2.985878
 9408.000000 19.437345 1.521436 2.948029
 9411.000000 19.444230 1.526382 2.934445
 9414.000000 19.442090 1.513672 2.947977
 9417.000000 19.409249 1.517471 2.969948
 9420.000000 19.474669 1.533391 2.950923
 9423.000000 19.459217 1.534577 2.973185
 9426.000000 19.424454 1.544042 2.972988
 9429.000000 19.468994 1.564388 2.968173
 9432.000000 19.449547 1.531678 2.964440
 9435.000000 19.503231 1.558087 2.951114
 9438.000000 19.581314 1.556832 2.957653
 9441.000000 19.492870 1.562418 2.953329
 9444.000000 19.502859 1.568757 2.958952
 9447.000000 19.490570 1.580259 2.980272
 9450.000000 19.490768 1.585482 2.970490
 9453.000000 19.521406 1.584227 2.956343
 9456.000000 19.450701 1.584495 2.930139
 9459.000000 19.454314 1.592658 2.937990
 9462.000000 19.519697 1.572730 2.957205
 9465.000000 19.425901 1.569556 2.976766
 9468.000000 19.457719 1.561041 2.972343
 9471.000000 19.585189 1.558699 2.959295
 9474.000000 19.568380 1.551779 2.986579
 9477.000000 19.594322 1.536812 3.002403
 9480.000000 19.539045 1.540463 2.981733
 9483.000000 19.624488 1.533175 2.998232
 9486.000000 19.673586 1.513701 3.025324
 9489.000000 19.584809 1.528621 3.000528
 9492.000000 19.566571 1.530037 2.983235
 9495.000000 19.585824 1.523743 3.000720
 9498.000000 19.569202 1.523976 2.999888
 9501.000000 19.585602 1.527023 3.000655
 9504.000000 19.625504 1.552664 2.981022
 9507.000000 19.599884 1.549966 2.977134
 9510.000000 19.550234 1.557615 2.964916
 9513.000000 19.473184 1.562916 2.967254
 9516.000000 19.516510 1.575673 2.985478
 9519.000000 19.389998 1.574013 2.968281
 9522.000000 19.370050 1.553831 2.968732
 9525.000000 19.392016 1.558508 2.977567
 9528.000000 19.390969 1.575616 2.956144
 9531.000000 19.398642 1.555105 2.952589
 9534.000000 19.378958 1.544523 2.957492
 9537.000000 19.429645 1.567330 2.987858
 9540.000000 19.383256 1.568055 2.978092
 9543.000000 19.435760 1.575660 2.945046
 9546.000000 19.430607 1.560608 2.963678
 9549.000000 19.431775 1.563844 2.943331
 9552.000000 19.396950 1.574193 2.946653
 9555.000000 19.399936 1.565577 2.941586
 9558.000000 19.448004 1.572640 2.940480
 9561.000000 19.397771 1.566853 2.949175
 9564.000000 19.378692 1.553568 2.974490
 9567.000000 19.328281 1.547699 2.923664
 9570.000000 19.317624 1.550247 2.935858
 9573.000000 19.261436 1.562064 2.916571
 9576.000000 19.290174 1.560460 2.934735
 9579.000000 19.279228 1.571386 2.933333
 9582.000000 19.261515 1.559519 2.958141
 9585.000000 19.321147 1.572305 2.943844
 9588.000000 19.317849 1.567147 2.957378
 9591.000000 19.354647 1.556222 2.995047
 9594.000000 19.309407 1.563926 3.003701
 9597.000000 19.258612 1.571604 2.966123
 9600.000000 19.293324 1.570080 2.958714
 9603.000000 19.409169 1.567210 2.953629
 9606.000000 19.408298 1.578906 2.942956
 9609.000000 19.358002 1.562544 2.951952
 9612.000000 19.380652 1.575182 2.933928
 9615.000000 19.317113 1.563110 2.954212
 9618.000000 19.276822 1.556362 2.953294
 9621.000000 19.266636 1.561323 2.930265
 9624.000000 19.407218 1.578772 2.956091
 9627.000000 19.384524 1.554963 2.980159
 9630.000000 19.386823 1.529946 3.036544
 9633.000000 19.383462 1.529911 3.069230
 9636.000000 19.352457 1.510561 3.044227
 9639.000000 19.433206 1.538926 3.022362
 9642.000000 19.383674 1.527647 3.014067
 9645.000000 19.319053 1.524794 3.027931
 9648.000000 19.292785 1.538054 3.021101
 9651.000000 19.352290 1.555929 2.984302
 9654.000000 19.356769 1.559331 2.973460
 9657.000000 19.382540 1.563555 2.975371
 9660.000000 19.468665 1.585678 2.973720
 9663.000000 19.432458 1.560823 3.005679
 9666.000000 19.376019 1.571659 3.018197
 9669.000000 19.361370 1.549754 3.023733
 9672.000000 19.368983 1.528000 3.017836
 9675.000000 19.348538 1.547245 2.993183
 9678.000000 19.450850 1.510540 3.036729
 9681.000000 19.491980 1.539916 3.017836
 9684.000000 19.397710 1.526214 3.007731
 9687.000000 19.445852 1.547901 2.969833
 9690.000000 19.437097 1.542623 2.994219
 9693.000000 19.403337 1.520009 3.043078
 9696.000000 19.349637 1.537379 3.009637
 9699.000000 19.365093 1.542190 3.001017
 9702.000000 19.341606 1.552708 2.996392
 9705.000000 19.379635 1.546993 2.999720
 9708.000000 19.379715 1.526538 3.015819
 9711.000000 19.342003 1.524904 3.005892
 9714.000000 19.294425 1.519318 3.034793
 9717.000000 19.281336 1.515130 3.007748
 9720.000000 19.303706 1.544652 2.977523
 9723.000000 19.296576 1.522950 3.017918
 9726.000000 19.425600 1.547375 2.979700
 9729.000000 19.353139 1.519045 2.943298
 9732.000000 19.389870 1.526769 2.927379
 9735.000000 19.371678 1.500436 2.970567
 9738.000000 19.324247 1.506299 2.987815
 9741.000000 19.322007 1.489973 2.974847
 9744.000000 19.335650 1.487144 2.978240
 9747.000000 19.318012 1.501280 2.990012
 9750.000000 19.273003 1.508207 2.995889
 9753.000000 19.237072 1.489332 3.021367
 9756.000000 19.139000 1.495148 2.985212
 9759.000000 19.230242 1.501602 2.958595
 9762.000000 19.170929 1.496220 2.981486
 9765.000000 19.187179 1.515852 2.965240
 9768.000000 19.185454 1.520600 2.941106
 9771.000000 19.256949 1.516501 2.906619
 9774.000000 19.195074 1.517106 2.914661
 9777.000000 19.336575 1.537322 2.933025
 9780.000000 19.250148 1.536424 2.956481
 9783.000000 19.112404 1.527794 2.955537
 9786.000000 19.092922 1.492834 2.989829
 9789.000000 19.076998 1.536680 2.959141
 9792.000000 19.115789 1.540235 2.978284
 9795.000000 19.173775 1.531606 2.971338
 9798.000000 19.194783 1.566611 2.944359
 9801.000000 19.229439 1.541654 2.945580
 9804.000000 19.297916 1.545912 2.958761
 9807.000000 19.206162 1.538110 2.949167
 9810.000000 19.294165 1.519523 2.956137
 9813.000000 19.303536 1.525413 2.946598
 9816.000000 19.352651 1.506252 2.991764
 9819.000000 19.393099 1.519588 2.990453
 9822.000000 19.453437 1.522666 2.974313
 9825.000000 19.456966 1.534629 2.980368
 9828.000000 19.412018 1.543190 2.984717
 9831.000000 19.420141 1.565299 2.951712
 9834.000000 19.466537 1.540985 2.969563
 9837.000000 19.437430 1.564532 2.923516
 9840.000000 19.466393 1.573504 2.902057
 9843.000000 19.426861 1.579737 2.938588
 9846.000000 19.440291 1.537829 2.951999
 9849.000000 19.423811 1.516971 3.009588
 9852.000000 19.488099 1.511631 3.005329
 9855.000000 19.491280 1.533134 2.979320
 9858.000000 19.460285 1.519010 2.969846
 9861.000000 19.379085 1.545597 2.958457
 9864.000000 19.395576 1.541042 2.971892
 9867.000000 19.433406 1.531647 3.000644
 9870.000000 19.382951 1.528048 2.990833
 9873.000000 19.402836 1.518925 3.024241
 9876.000000 19.418318 1.508157 3.000633
 9879.000000 19.364171 1.505299 2.986705
 9882.000000 19.290343 1.511162 2.960610
 9885.000000 19.305367 1.528092 2.952321
 9888.000000 19.259710 1.505140 2.979443
 9891.000000 19.345960 1.536569 2.933628
 9894.000000 19.362578 1.508743 3.000428
 9897.000000 19.385648 1.531533 2.984183
 9900.000000 19.419865 1.498340 2.981455
 9903.000000 19.446308 1.503700 2.986350
 9906.000000 19.485960 1.501119 2.997015
 9909.000000 19.375761 1.499484 2.983657
 9912.000000 19.410560 1.509741 2.983963
 9915.000000 19.442634 1.534070 2.976763
 9918.000000 19.480590 1.517123 2.994258
 9921.000000 19.483481 1.547690 2.973076
 9924.000000 19.526842 1.542476 2.956615
 9927.000000 19.557963 1.549645 2.945171
 9930.000000 19.532148 1.555129 2.964729
 9933.000000 19.520728 1.570732 2.957024
 9936.000000 19.516116 1.584197 2.916162
 9939.000000 19.590178 1.591848 2.939135
 9942.000000 19.612632 1.570027 2.954607
 9945.000000 19.418893 1.563705 2.950376
 9948.000000 19.448278 1.592673 2.905204
 9951.000000 19.438987 1.569857 2.907766
 9954.000000 19.471282 1.588195 2.881076
 9957.000000 19.454335 1.573178 2.891054
 9960.000000 19.544093 1.558799 2.930697
 9963.000000 19.509459 1.535176 2.952248
 9966.000000 19.573799 1.526247 2.989729
 9969.000000 19.502409 1.563934 2.975698
 9972.000000 19.510290 1.591178 2.925025
 9975.000000 19.559016 1.563280 2.926422
 9978.000000 19.607618 1.568118 2.927793
 9981.000000 19.586930 1.542170 2.927208
 9984.000000 19.488884 1.541423 2.955898
 9987.000000 19.482798 1.542648 2.980401
 9990.000000 19.470730 1.539278 2.994797
 9993.000000 19.402332 1.530591 2.990927
 9996.000000 19.388672 1.554245 2.970425
 9999.000000 19.324905 1.525171 2.977151
 10002.000000 19.400752 1.523372 2.976005
 10005.000000 19.400205 1.557745 2.933773
 10008.000000 19.409939 1.545123 2.978554
 10011.000000 19.381036 1.534005 2.965904
 10014.000000 19.354422 1.538329 2.961207
 10017.000000 19.363360 1.549726 2.952615
 10020.000000 19.337738 1.515214 2.969168
 10023.000000 19.453418 1.485298 2.966670
 10026.000000 19.469427 1.511133 2.965322
 10029.000000 19.477003 1.490279 2.973646
 10032.000000 19.527449 1.504538 2.959331
 10035.000000 19.514839 1.514601 2.945024
 10038.000000 19.503244 1.521539 2.914785
 10041.000000 19.509836 1.532147 2.885278
 10044.000000 19.468842 1.557380 2.883445
 10047.000000 19.456704 1.522263 2.904691
 10050.000000 19.460514 1.530753 2.905986
 10053.000000 19.458896 1.498506 2.919878
 10056.000000 19.442867 1.518552 2.920041
 10059.000000 19.319171 1.505010 2.936582
 10062.000000 19.295626 1.511275 2.947319
 10065.000000 19.382596 1.513565 2.936104
 10068.000000 19.414620 1.533581 2.928952
 10071.000000 19.354050 1.510673 2.927792
 10074.000000 19.420289 1.521390 2.924090
 10077.000000 19.337491 1.535523 2.901228
 10080.000000 19.345988 1.523712 2.922290
 10083.000000 19.441172 1.537057 2.927737
 10086.000000 19.417477 1.540028 2.917998
 10089.000000 19.392947 1.521758 2.927066
 10092.000000 19.393625 1.527601 2.941279
 10095.000000 19.385866 1.508897 2.947713
 10098.000000 19.412928 1.518996 2.930873
 10101.000000 19.398488 1.509465 2.917199
 10104.000000 19.390168 1.502904 2.921646
 10107.000000 19.331296 1.482515 2.969377
 10110.000000 19.375943 1.500613 2.905088
 10113.000000 19.298646 1.504591 2.916483
 10116.000000 19.266617 1.491883 2.976775
 10119.000000 19.243211 1.490000 2.996744
 10122.000000 19.155690 1.492507 2.957956
 10125.000000 19.090611 1.535033 2.919535
 10128.000000 19.183130 1.521459 2.918139
 10131.000000 19.163318 1.546498 2.903253
 10134.000000 19.195969 1.553544 2.905561
 10137.000000 19.287238 1.511549 2.934960
 10140.000000 19.278040 1.524960 2.929017
 10143.000000 19.290642 1.518461 2.910353
 10146.000000 19.259708 1.558949 2.879521
 10149.000000 19.268832 1.552702 2.866859
 10152.000000 19.248839 1.543883 2.878751
 10155.000000 19.301363 1.520224 2.907266
 10158.000000 19.378498 1.526796 2.880929
 10161.000000 19.338113 1.507869 2.925251
 10164.000000 19.367467 1.523833 2.917636
 10167.000000 19.314457 1.527235 2.913611
 10170.000000 19.289582 1.512720 2.948980
 10173.000000 19.318211 1.534348 2.919907
 10176.000000 19.313665 1.527124 2.939086
 10179.000000 19.372071 1.544692 2.892106
 10182.000000 19.314054 1.542535 2.944846
 10185.000000 19.318946 1.542192 2.930616
 10188.000000 19.366551 1.564141 2.955570
 10191.000000 19.418117 1.570567 2.918525
 10194.000000 19.254370 1.600632 2.870908
 10197.000000 19.290048 1.561458 2.922273
 10200.000000 19.299660 1.561194 2.916428
 10203.000000 19.307991 1.545874 2.899076
 10206.000000 19.284611 1.512315 2.928261
 10209.000000 19.309697 1.520337 2.932841
 10212.000000 19.260045 1.510924 2.936593
 10215.000000 19.214770 1.493115 2.949333
 10218.000000 19.205645 1.482560 2.962987
 10221.000000 19.216140 1.504225 2.926223
 10224.000000 19.224932 1.505169 2.952791
 10227.000000 19.308081 1.486836 2.972369
 10230.000000 19.398235 1.509038 2.956822
 10233.000000 19.312022 1.512295 2.969519
 10236.000000 19.355312 1.507315 2.993333
 10239.000000 19.369569 1.546821 2.955489
 10242.000000 19.406901 1.533274 2.979443
 10245.000000 19.404009 1.518138 2.971089
 10248.000000 19.398568 1.525322 2.964101
 10251.000000 19.347723 1.509839 2.999054
 10254.000000 19.325046 1.538454 2.955941
 10257.000000 19.329257 1.520013 3.025062
 10260.000000 19.397826 1.526642 2.978668
 10263.000000 19.441124 1.554614 2.977477
 10266.000000 19.486717 1.549847 3.000665
 10269.000000 19.513921 1.541832 3.032461
 10272.000000 19.464096 1.539881 3.023900
 10275.000000 19.496759 1.555981 2.976466
 10278.000000 19.447440 1.541312 2.991492
 10281.000000 19.486187 1.554020 2.959887
 10284.000000 19.462077 1.548904 2.953836
 10287.000000 19.478717 1.567689 2.925882
 10290.000000 19.410689 1.579502 2.915882
 10293.000000 19.409074 1.579696 2.913870
 10296.000000 19.384612 1.541831 2.921917
 10299.000000 19.413461 1.522021 2.935100
 10302.000000 19.403535 1.521247 2.937875
 10305.000000 19.413230 1.520792 2.895514
 10308.000000 19.418257 1.520461 2.893494
 10311.000000 19.394955 1.511873 2.919425
 10314.000000 19.418633 1.513794 2.932186
 10317.000000 19.384253 1.514378 2.943095
 10320.000000 19.369072 1.490656 2.967174
 10323.000000 19.325402 1.510392 2.958939
 10326.000000 19.299220 1.513103 2.961094
 10329.000000 19.404150 1.503787 2.942002
 10332.000000 19.323795 1.515037 2.950647
 10335.000000 19.338768 1.512502 2.958985
 10338.000000 19.406972 1.502448 2.986776
 10341.000000 19.348326 1.509121 2.952264
 10344.000000 19.386718 1.527600 2.977984
 10347.000000 19.401701 1.531632 2.994050
 10350.000000 19.492852 1.546701 2.966458
 10353.000000 19.420207 1.538129 2.996609
 10356.000000 19.451541 1.546486 3.013963
 10359.000000 19.412104 1.558640 2.983015
 10362.000000 19.356178 1.556810 2.970383
 10365.000000 19.407679 1.560380 2.961478
 10368.000000 19.347434 1.569423 2.964398
 10371.000000 19.384753 1.571163 2.965647
 10374.000000 19.392585 1.559846 2.953162
 10377.000000 19.475377 1.518761 3.009252
 10380.000000 19.467175 1.531513 3.006419
 10383.000000 19.479914 1.534692 2.993403
 10386.000000 19.535255 1.554667 2.993182
 10389.000000 19.580535 1.543512 3.028950
 10392.000000 19.572007 1.547067 3.012956
 10395.000000 19.480394 1.531342 3.012929
 10398.000000 19.511021 1.531960 2.999371
 10401.000000 19.552570 1.528952 3.022394
 10404.000000 19.587050 1.535844 3.021754
 10407.000000 19.611587 1.546057 3.025085
 10410.000000 19.627609 1.560566 3.011332
 10413.000000 19.606260 1.552264 3.017174
 10416.000000 19.607587 1.553809 3.013707
 10419.000000 19.577418 1.540857 3.040369
 10422.000000 19.591664 1.532710 3.017703
 10425.000000 19.545122 1.535856 2.976452
 10428.000000 19.579370 1.569475 2.950597
 10431.000000 19.604395 1.560678 2.958012
 10434.000000 19.588142 1.546059 3.002116
 10437.000000 19.582417 1.558005 3.006666
 10440.000000 19.501763 1.545886 3.018954
 10443.000000 19.539687 1.540069 3.040746
 10446.000000 19.634990 1.545704 3.006471
 10449.000000 19.512992 1.530709 3.004149
 10452.000000 19.591855 1.546709 3.006785
 10455.000000 19.523746 1.560734 3.020904
 10458.000000 19.555183 1.580201 2.996452
 10461.000000 19.557492 1.562784 2.997767
 10464.000000 19.615585 1.540142 2.975848
 10467.000000 19.490306 1.563327 2.963706
 10470.000000 19.474832 1.551544 2.971705
 10473.000000 19.508529 1.563862 2.967085
 10476.000000 19.603436 1.559776 3.021782
 10479.000000 19.513674 1.584759 2.991630
 10482.000000 19.529027 1.595439 2.990311
 10485.000000 19.450463 1.609631 2.962116
 10488.000000 19.522882 1.604363 2.971954
 10491.000000 19.508376 1.590168 3.009429
 10494.000000 19.525083 1.594881 2.975417
 10497.000000 19.494548 1.601145 2.967056
 10500.000000 19.424052 1.591225 2.985753
 10503.000000 19.426360 1.612661 2.988670
 10506.000000 19.392836 1.576976 2.974495
 10509.000000 19.399138 1.603265 2.954244
 10512.000000 19.398384 1.596713 2.972877
 10515.000000 19.375516 1.589449 2.974871
 10518.000000 19.289741 1.587574 2.961996
 10521.000000 19.275495 1.562650 2.988536
 10524.000000 19.396308 1.601559 2.971004
 10527.000000 19.443207 1.598161 2.980050
 10530.000000 19.360785 1.594393 2.980590
 10533.000000 19.437307 1.588876 2.953435
 10536.000000 19.441190 1.598326 2.954176
 10539.000000 19.390925 1.597134 2.960932
 10542.000000 19.385121 1.589700 2.935084
 10545.000000 19.345580 1.618744 2.903792
 10548.000000 19.394556 1.583633 2.943138
 10551.000000 19.371664 1.592243 2.951589
 10554.000000 19.397105 1.594299 2.931985
 10557.000000 19.419668 1.607335 2.950070
 10560.000000 19.407151 1.601220 2.977272
 10563.000000 19.286414 1.574904 2.989600
 10566.000000 19.397152 1.582116 2.991961
 10569.000000 19.351138 1.574983 3.024936
 10572.000000 19.365906 1.552094 3.035060
 10575.000000 19.441568 1.538757 3.019818
 10578.000000 19.403975 1.561128 2.988818
 10581.000000 19.337299 1.553089 3.007195
 10584.000000 19.371997 1.544414 2.985034
 10587.000000 19.446528 1.541397 2.993651
 10590.000000 19.409921 1.506815 3.045069
 10593.000000 19.463919 1.521676 3.043047
 10596.000000 19.444953 1.549261 2.972173
 10599.000000 19.433058 1.508047 3.028038
 10602.000000 19.415194 1.541554 2.950352
 10605.000000 19.430680 1.518210 2.984836
 10608.000000 19.501388 1.523869 2.992167
 10611.000000 19.467882 1.520889 3.004555
 10614.000000 19.448866 1.525655 2.986929
 10617.000000 19.431607 1.533854 2.986635
 10620.000000 19.441182 1.560839 2.967001
 10623.000000 19.379602 1.555942 2.953128
 10626.000000 19.331300 1.540079 2.974201
 10629.000000 19.275125 1.565122 2.965640
 10632.000000 19.275860 1.551622 2.961032
 10635.000000 19.311986 1.549608 2.965831
 10638.000000 19.337617 1.551049 2.963011
 10641.000000 19.393538 1.565336 2.961546
 10644.000000 19.339800 1.557979 2.964004
 10647.000000 19.297257 1.555069 2.991992
 10650.000000 19.304317 1.550342 2.998337
 10653.000000 19.271191 1.543363 2.985108
 10656.000000 19.283819 1.546484 3.013825
 10659.000000 19.273188 1.536532 3.006352
 10662.000000 19.285939 1.538954 2.990132
 10665.000000 19.263154 1.543401 2.954865
 10668.000000 19.269689 1.557408 2.945528
 10671.000000 19.270076 1.558344 2.998281
 10674.000000 19.209193 1.559626 2.998612
 10677.000000 19.164309 1.573032 2.971259
 10680.000000 19.159902 1.584175 2.954726
 10683.000000 19.174818 1.563803 2.956620
 10686.000000 19.176526 1.552695 3.009748
 10689.000000 19.214117 1.556170 2.999008
 10692.000000 19.180349 1.551496 2.999660
 10695.000000 19.236172 1.554932 3.004069
 10698.000000 19.256638 1.571372 2.968238
 10701.000000 19.253998 1.579998 2.964499
 10704.000000 19.164720 1.595550 2.973172
 10707.000000 19.190564 1.582865 2.945162
 10710.000000 19.209370 1.581996 2.977300
 10713.000000 19.229330 1.569261 2.989017
 10716.000000 19.252300 1.557535 2.984264
 10719.000000 19.257556 1.558686 2.988968
 10722.000000 19.271285 1.608059 2.927543
 10725.000000 19.254172 1.577239 2.930048
 10728.000000 19.235863 1.553380 2.975445
 10731.000000 19.403434 1.547931 2.965407
 10734.000000 19.319961 1.577969 2.954656
 10737.000000 19.320902 1.542119 2.983855
 10740.000000 19.266910 1.539630 2.992612
 10743.000000 19.215014 1.551212 2.996247
 10746.000000 19.312689 1.565324 3.008411
 10749.000000 19.363094 1.551193 3.002324
 10752.000000 19.437683 1.567466 3.011457
 10755.000000 19.444076 1.569874 3.002758
 10758.000000 19.429736 1.600178 2.988498
 10761.000000 19.449762 1.575649 3.002508
 10764.000000 19.477975 1.590994 3.028212
 10767.000000 19.580215 1.605769 3.005837
 10770.000000 19.475185 1.595075 2.998910
 10773.000000 19.485502 1.600221 2.977466
 10776.000000 19.422276 1.614226 2.947303
 10779.000000 19.477458 1.604097 2.971424
 10782.000000 19.512204 1.583357 2.992584
 10785.000000 19.550900 1.596543 2.947686
 10788.000000 19.518647 1.558996 2.993680
 10791.000000 19.541377 1.569069 2.956786
 10794.000000 19.587845 1.575779 2.984736
 10797.000000 19.496084 1.550827 2.980931
 10800.000000 19.516549 1.565898 2.996065
 10803.000000 19.539133 1.541786 2.978042
 10806.000000 19.554365 1.539297 2.967570
 10809.000000 19.530866 1.538628 2.953249
 10812.000000 19.513563 1.501543 2.993413
 10815.000000 19.465553 1.511591 2.937865
 10818.000000 19.395006 1.533503 2.925430
 10821.000000 19.498435 1.525546 2.942872
 10824.000000 19.448026 1.522801 2.963046
 10827.000000 19.364135 1.529109 2.963478
 10830.000000 19.355338 1.526113 2.984546
 10833.000000 19.367705 1.537283 2.932682
 10836.000000 19.498256 1.554232 2.923433
 10839.000000 19.599821 1.553403 2.932987
 10842.000000 19.560510 1.539882 2.960638
 10845.000000 19.519278 1.527705 2.982521
 10848.000000 19.408179 1.537942 2.950974
 10851.000000 19.481674 1.547293 2.951765
 10854.000000 19.495496 1.575562 2.920072
 10857.000000 19.514875 1.571799 2.942161
 10860.000000 19.519377 1.570714 2.926638
 10863.000000 19.553122 1.563378 2.939137
 10866.000000 19.536057 1.551861 2.940135
 10869.000000 19.423024 1.545505 2.981881
 10872.000000 19.358627 1.566214 2.976427
 10875.000000 19.352368 1.552946 2.994998
 10878.000000 19.413241 1.569602 2.981039
 10881.000000 19.433813 1.555803 3.010692
 10884.000000 19.397428 1.549728 3.038727
 10887.000000 19.414994 1.555599 3.019303
 10890.000000 19.439022 1.547162 3.028526
 10893.000000 19.305873 1.541176 3.014789
 10896.000000 19.335982 1.566957 3.007304
 10899.000000 19.342671 1.544701 2.991076
 10902.000000 19.338518 1.565041 2.964943
 10905.000000 19.294365 1.528635 2.943292
 10908.000000 19.333717 1.528397 2.989024
 10911.000000 19.323388 1.534827 2.992477
 10914.000000 19.398109 1.540298 2.982844
 10917.000000 19.353588 1.561126 3.020688
 10920.000000 19.293055 1.548525 3.048957
 10923.000000 19.324270 1.559616 3.039740
 10926.000000 19.363174 1.544789 3.005008
 10929.000000 19.283392 1.551061 2.997487
 10932.000000 19.251438 1.569782 2.958726
 10935.000000 19.285405 1.539616 2.992729
 10938.000000 19.283057 1.551909 2.989882
 10941.000000 19.338503 1.579742 2.988217
 10944.000000 19.396809 1.541384 3.002913
 10947.000000 19.396703 1.547330 3.006134
 10950.000000 19.437862 1.554723 3.000917
 10953.000000 19.386040 1.580224 3.005843
 10956.000000 19.387796 1.581104 2.984451
 10959.000000 19.334754 1.566994 3.025984
 10962.000000 19.367358 1.568556 3.014510
 10965.000000 19.424917 1.561111 3.019619
 10968.000000 19.298153 1.540683 3.044423
 10971.000000 19.316400 1.545230 3.031056
 10974.000000 19.348528 1.547893 3.051757
 10977.000000 19.436113 1.583444 2.987321
 10980.000000 19.387014 1.574638 3.014827
 10983.000000 19.312691 1.565016 3.040681
 10986.000000 19.396641 1.550157 3.040964
 10989.000000 19.434937 1.562926 2.974057
 10992.000000 19.410788 1.555723 2.976099
 10995.000000 19.388971 1.555749 2.983241
 10998.000000 19.388753 1.540626 3.011285
 11001.000000 19.449893 1.557453 2.989277
 11004.000000 19.567517 1.552817 2.975371
 11007.000000 19.497893 1.512322 3.026172
 11010.000000 19.548020 1.519007 3.007222
 11013.000000 19.539808 1.529576 3.004674
 11016.000000 19.539738 1.546662 2.986055
 11019.000000 19.509252 1.537506 2.985699
 11022.000000 19.509107 1.555557 2.972777
 11025.000000 19.500328 1.542090 2.975182
 11028.000000 19.489520 1.519503 2.964767
 11031.000000 19.446593 1.552522 2.996940
 11034.000000 19.529771 1.537400 3.008852
 11037.000000 19.463136 1.524406 3.008887
 11040.000000 19.423395 1.558894 3.016670
 11043.000000 19.389008 1.542878 2.995084
 11046.000000 19.430150 1.532923 3.000731
 11049.000000 19.405822 1.547493 2.986597
 11052.000000 19.423234 1.561630 2.966767
 11055.000000 19.436789 1.529766 3.011413
 11058.000000 19.323383 1.564696 2.968109
 11061.000000 19.357791 1.561364 2.977332
 11064.000000 19.444765 1.547844 2.990340
 11067.000000 19.388295 1.551813 2.916310
 11070.000000 19.406833 1.568135 2.937012
 11073.000000 19.389298 1.571288 2.927236
 11076.000000 19.396345 1.590697 2.922478
 11079.000000 19.335616 1.550867 2.953112
 11082.000000 19.381907 1.558288 2.960841
 11085.000000 19.320503 1.558855 2.944032
 11088.000000 19.304714 1.546783 2.942066
 11091.000000 19.306215 1.559519 2.941644
 11094.000000 19.290140 1.559247 2.934021
 11097.000000 19.303460 1.565491 2.935192
 11100.000000 19.355170 1.554796 2.916795
 11103.000000 19.330604 1.536543 2.940701
 11106.000000 19.312524 1.533382 2.945200
 11109.000000 19.323767 1.512696 2.982969
 11112.000000 19.395009 1.526355 2.992860
 11115.000000 19.373468 1.532620 2.935926
 11118.000000 19.277228 1.520061 2.971013
 11121.000000 19.254993 1.515467 2.976552
 11124.000000 19.231296 1.522522 2.972018
 11127.000000 19.191719 1.531470 2.985273
 11130.000000 19.225445 1.508159 2.999159
 11133.000000 19.223329 1.530509 2.968035
 11136.000000 19.282879 1.520561 3.000466
 11139.000000 19.301287 1.557299 2.956669
 11142.000000 19.320246 1.537524 2.949446
 11145.000000 19.332469 1.528957 2.942229
 11148.000000 19.340249 1.564870 2.928023
 11151.000000 19.248205 1.570791 2.929824
 11154.000000 19.216433 1.569925 2.938639
 11157.000000 19.227533 1.550470 2.961165
 11160.000000 19.166094 1.542158 2.974439
 11163.000000 19.201448 1.529026 2.957415
 11166.000000 19.258184 1.539342 2.986575
 11169.000000 19.282628 1.510448 3.019214
 11172.000000 19.310826 1.537681 3.001691
 11175.000000 19.328368 1.551849 2.967483
 11178.000000 19.266119 1.580722 2.940493
 11181.000000 19.310551 1.565233 2.944777
 11184.000000 19.325376 1.557317 2.957719
 11187.000000 19.260325 1.548221 2.957528
 11190.000000 19.317758 1.547530 2.947556
 11193.000000 19.436896 1.537906 2.978006
 11196.000000 19.395998 1.537551 2.977607
 11199.000000 19.498072 1.561512 2.959764
 11202.000000 19.412966 1.548952 3.009892
 11205.000000 19.434878 1.542144 3.021735
 11208.000000 19.413807 1.556986 3.005406
 11211.000000 19.389275 1.565220 2.964720
 11214.000000 19.386080 1.559794 2.995368
 11217.000000 19.395420 1.552311 3.001273
 11220.000000 19.332714 1.565274 2.951755
 11223.000000 19.340060 1.575910 2.969863
 11226.000000 19.300349 1.564330 2.975700
 11229.000000 19.349710 1.546813 2.972387
 11232.000000 19.349057 1.539301 2.985231
 11235.000000 19.341231 1.545552 2.990337
 11238.000000 19.415368 1.554281 2.964247
 11241.000000 19.412763 1.554277 2.953407
 11244.000000 19.432275 1.549451 2.928647
 11247.000000 19.456785 1.517682 2.981882
 11250.000000 19.458985 1.553615 2.950841
 11253.000000 19.460386 1.554559 2.982155
 11256.000000 19.456077 1.559071 2.990290
 11259.000000 19.434229 1.580397 2.946249
 11262.000000 19.421008 1.563759 2.949290
 11265.000000 19.459846 1.602660 2.916709
 11268.000000 19.507146 1.612272 2.938954
 11271.000000 19.502583 1.588403 2.948107
 11274.000000 19.589329 1.570387 2.931903
 11277.000000 19.536922 1.584901 2.951576
 11280.000000 19.563554 1.579507 2.965822
 11283.000000 19.553894 1.565613 2.934425
 11286.000000 19.512587 1.566539 2.910807
 11289.000000 19.461454 1.548541 2.928588
 11292.000000 19.447297 1.545515 2.914750
 11295.000000 19.498203 1.549991 2.944843
 11298.000000 19.457223 1.527651 2.952658
 11301.000000 19.418481 1.560666 2.930608
 11304.000000 19.384950 1.539569 2.966026
 11307.000000 19.489155 1.560504 2.953726
 11310.000000 19.444579 1.559643 2.918189
 11313.000000 19.410065 1.567106 2.881069
 11316.000000 19.451868 1.540882 2.895435
 11319.000000 19.443739 1.535869 2.903529
 11322.000000 19.378297 1.525728 2.921894
 11325.000000 19.467542 1.534329 2.925370
 11328.000000 19.556517 1.546451 2.892498
 11331.000000 19.544464 1.523758 2.915560
 11334.000000 19.485349 1.552399 2.913843
 11337.000000 19.471216 1.550058 2.930971
 11340.000000 19.487180 1.556567 2.946351
 11343.000000 19.470486 1.548385 2.973157
 11346.000000 19.494402 1.556159 2.973728
 11349.000000 19.444022 1.559266 2.943504
 11352.000000 19.425850 1.545054 2.961123
 11355.000000 19.416111 1.529150 2.974573
 11358.000000 19.398204 1.557852 2.965239
 11361.000000 19.386790 1.541889 2.975424
 11364.000000 19.403563 1.524899 3.000352
 11367.000000 19.377105 1.545492 2.957220
 11370.000000 19.321846 1.553495 2.951091
 11373.000000 19.438978 1.543985 2.984775
 11376.000000 19.515499 1.523938 2.987072
 11379.000000 19.510471 1.535052 2.970306
 11382.000000 19.423866 1.501911 2.966419
 11385.000000 19.412817 1.517521 2.939110
 11388.000000 19.486313 1.531705 2.913079
 11391.000000 19.435377 1.497611 2.956140
 11394.000000 19.432241 1.517906 2.915320
 11397.000000 19.446216 1.506630 2.941595
 11400.000000 19.464519 1.518932 2.949988
 11403.000000 19.432074 1.512794 2.943868
 11406.000000 19.400471 1.530177 2.907419
 11409.000000 19.462118 1.530739 2.939361
 11412.000000 19.429398 1.553267 2.936898
 11415.000000 19.423445 1.531566 2.994129
 11418.000000 19.407608 1.533635 2.999499
 11421.000000 19.301382 1.532302 2.980253
 11424.000000 19.350107 1.489073 2.979105
 11427.000000 19.362216 1.494626 2.983563
 11430.000000 19.278783 1.493587 2.982515
 11433.000000 19.312955 1.501799 2.975066
 11436.000000 19.273681 1.493546 2.955378
 11439.000000 19.260903 1.494623 2.955590
 11442.000000 19.286341 1.516938 2.928663
 11445.000000 19.238417 1.474229 2.965002
 11448.000000 19.345464 1.483441 2.941404
 11451.000000 19.374490 1.503351 2.923895
 11454.000000 19.395099 1.516929 2.934245
 11457.000000 19.429180 1.508116 2.961976
 11460.000000 19.431797 1.497975 2.946000
 11463.000000 19.403482 1.508020 2.932020
 11466.000000 19.338725 1.508487 2.946376
 11469.000000 19.467777 1.511488 2.944121
 11472.000000 19.390595 1.503565 2.977460
 11475.000000 19.465619 1.479496 2.998669
 11478.000000 19.451168 1.523522 2.949541
 11481.000000 19.381543 1.529063 2.908426
 11484.000000 19.419985 1.501502 2.954077
 11487.000000 19.423490 1.536140 2.937917
 11490.000000 19.486504 1.535040 2.967099
 11493.000000 19.556215 1.518715 2.953789
 11496.000000 19.508702 1.485837 2.983833
 11499.000000 19.524560 1.513097 2.962671
 11502.000000 19.463232 1.511484 2.978309
 11505.000000 19.474618 1.540506 2.949215
 11508.000000 19.446618 1.547953 2.942589
 11511.000000 19.498686 1.528519 2.952989
 11514.000000 19.457316 1.522025 2.951121
 11517.000000 19.412951 1.561745 2.909829
 11520.000000 19.318231 1.556752 2.935207
 11523.000000 19.360824 1.530970 2.955011
 11526.000000 19.395495 1.565968 2.924913
 11529.000000 19.346864 1.523295 2.944110
 11532.000000 19.354797 1.540344 2.956721
 11535.000000 19.355763 1.535460 2.958558
 11538.000000 19.310383 1.532129 2.959046
 11541.000000 19.337488 1.527507 2.999673
 11544.000000 19.349439 1.518728 3.004070
 11547.000000 19.413688 1.535950 2.974020
 11550.000000 19.366643 1.501160 3.018686
 11553.000000 19.288131 1.516575 3.013069
 11556.000000 19.298893 1.538505 2.979046
 11559.000000 19.298772 1.554817 2.980116
 11562.000000 19.319669 1.571617 2.987526
 11565.000000 19.344776 1.574788 2.988864
 11568.000000 19.375238 1.582612 2.979461
 11571.000000 19.424819 1.591172 2.978705
 11574.000000 19.470906 1.583445 2.998964
 11577.000000 19.384353 1.602492 2.972034
 11580.000000 19.423780 1.611466 2.970023
 11583.000000 19.379744 1.600754 2.994482
 11586.000000 19.491248 1.598665 3.007741
 11589.000000 19.366536 1.546613 3.018042
 11592.000000 19.362818 1.526220 2.993597
 11595.000000 19.362251 1.519461 3.015077
 11598.000000 19.313576 1.504265 3.003991
 11601.000000 19.239903 1.515579 2.986363
 11604.000000 19.281174 1.535390 3.004586
 11607.000000 19.268339 1.575126 2.966883
 11610.000000 19.175778 1.555312 2.982948
 11613.000000 19.125413 1.537918 2.968385
 11616.000000 19.165242 1.553331 2.985732
 11619.000000 19.251382 1.563087 2.966731
 11622.000000 19.246525 1.569615 2.952594
 11625.000000 19.341160 1.549638 2.979506
 11628.000000 19.366087 1.565355 2.973490
 11631.000000 19.416727 1.532569 3.026051
 11634.000000 19.336612 1.535356 2.981140
 11637.000000 19.378593 1.548668 2.984121
 11640.000000 19.392106 1.549065 2.965564
 11643.000000 19.384021 1.560791 2.925683
 11646.000000 19.312299 1.566746 2.922135
 11649.000000 19.377552 1.554057 2.987540
 11652.000000 19.322502 1.516593 2.994878
 11655.000000 19.264992 1.520261 2.968580
 11658.000000 19.301175 1.508440 2.992252
 11661.000000 19.218523 1.512595 3.001426
 11664.000000 19.281127 1.488784 3.022644
 11667.000000 19.308059 1.479826 2.990731
 11670.000000 19.315161 1.461954 3.008378
 11673.000000 19.369269 1.487588 2.961766
 11676.000000 19.357346 1.472513 3.001929
 11679.000000 19.326014 1.464633 3.006093
 11682.000000 19.313233 1.455046 3.007855
 11685.000000 19.338581 1.441485 3.016384
 11688.000000 19.289972 1.468671 2.976442
 11691.000000 19.301877 1.488039 2.983638
 11694.000000 19.305614 1.475812 3.015796
 11697.000000 19.344722 1.493660 2.991706
 11700.000000 19.339760 1.490302 2.973695
 11703.000000 19.395687 1.495633 2.972388
 11706.000000 19.300981 1.483335 3.012753
 11709.000000 19.284933 1.502835 2.974848
 11712.000000 19.338540 1.521095 2.958071
 11715.000000 19.402826 1.499560 3.020414
 11718.000000 19.378071 1.492488 2.990442
 11721.000000 19.347925 1.502142 2.975292
 11724.000000 19.350543 1.520724 2.952871
 11727.000000 19.360388 1.523850 3.019249
 11730.000000 19.357919 1.514813 3.012358
 11733.000000 19.378294 1.520802 3.005896
 11736.000000 19.407929 1.516432 2.974953
 11739.000000 19.483264 1.516860 2.980875
 11742.000000 19.483148 1.515994 2.968647
 11745.000000 19.448562 1.502498 2.941115
 11748.000000 19.421182 1.500525 2.957682
 11751.000000 19.467168 1.495395 2.942515
 11754.000000 19.427866 1.510128 2.906144
 11757.000000 19.363086 1.491143 2.916594
 11760.000000 19.435539 1.489096 2.965831
 11763.000000 19.438328 1.466081 2.935262
 11766.000000 19.390004 1.499440 2.941040
 11769.000000 19.422823 1.485008 2.971100
 11772.000000 19.423849 1.477098 2.997337
 11775.000000 19.418341 1.497870 3.027230
 11778.000000 19.370675 1.528104 2.988422
 11781.000000 19.401689 1.530473 2.984363
 11784.000000 19.374611 1.568664 2.943214
 11787.000000 19.350149 1.555686 2.960446
 11790.000000 19.349437 1.542669 2.957181
 11793.000000 19.310768 1.541729 2.960081
 11796.000000 19.334718 1.522029 3.005530
 11799.000000 19.355834 1.525250 3.025035
 11802.000000 19.390283 1.552443 3.022496
 11805.000000 19.329741 1.540657 3.012810
 11808.000000 19.297253 1.579181 2.957359
 11811.000000 19.350922 1.579467 2.965112
 11814.000000 19.393987 1.574759 2.927003
 11817.000000 19.404262 1.573626 2.909204
 11820.000000 19.378755 1.560504 2.948398
 11823.000000 19.394055 1.571061 2.964299
 11826.000000 19.483476 1.551644 2.946584
 11829.000000 19.489830 1.541667 2.941882
 11832.000000 19.492841 1.531638 2.957906
 11835.000000 19.557920 1.574508 2.891478
 11838.000000 19.513594 1.541028 2.885501
 11841.000000 19.477789 1.537150 2.897583
 11844.000000 19.365963 1.537082 2.886530
 11847.000000 19.413690 1.542333 2.873762
 11850.000000 19.374636 1.519852 2.886504
 11853.000000 19.338020 1.512563 2.911575
 11856.000000 19.289628 1.535079 2.929891
 11859.000000 19.279085 1.549608 2.939279
 11862.000000 19.314821 1.545145 2.937988
 11865.000000 19.374779 1.526344 2.910024
 11868.000000 19.417204 1.526230 2.925101
 11871.000000 19.436156 1.544169 2.946884
 11874.000000 19.413296 1.535510 2.939575
 11877.000000 19.393653 1.548300 2.955401
 11880.000000 19.376353 1.541281 2.927696
 11883.000000 19.445374 1.558046 2.945871
 11886.000000 19.408125 1.511315 2.942036
 11889.000000 19.388747 1.520299 2.961581
 11892.000000 19.388676 1.520774 2.980687
 11895.000000 19.401736 1.502130 2.970955
 11898.000000 19.411760 1.511622 2.928077
 11901.000000 19.456097 1.519799 2.968303
 11904.000000 19.492649 1.544302 2.933314
 11907.000000 19.414581 1.540773 2.972016
 11910.000000 19.331971 1.573641 2.922918
 11913.000000 19.379891 1.590707 2.922004
 11916.000000 19.411664 1.574703 2.926717
 11919.000000 19.505484 1.571855 2.933167
 11922.000000 19.380619 1.548720 2.921493
 11925.000000 19.360321 1.541966 2.969578
 11928.000000 19.343343 1.564053 2.901723
 11931.000000 19.252332 1.549916 2.951963
 11934.000000 19.305145 1.564645 2.920472
 11937.000000 19.231976 1.590365 2.967804
 11940.000000 19.295746 1.594859 2.972786
 11943.000000 19.273504 1.582233 2.981059
 11946.000000 19.236828 1.568828 2.945255
 11949.000000 19.215918 1.549977 2.986975
 11952.000000 19.233848 1.574553 2.966379
 11955.000000 19.237228 1.577565 3.000627
 11958.000000 19.280708 1.559402 2.990188
 11961.000000 19.318020 1.562893 3.001920
 11964.000000 19.234629 1.572548 2.998008
 11967.000000 19.276817 1.591597 2.973789
 11970.000000 19.290540 1.612852 2.948497
 11973.000000 19.383532 1.558103 2.995255
 11976.000000 19.302548 1.557426 2.997946
 11979.000000 19.361570 1.554286 3.039086
 11982.000000 19.395034 1.565275 3.004462
 11985.000000 19.413395 1.556384 3.014930
 11988.000000 19.354381 1.566877 2.968374
 11991.000000 19.379534 1.538792 2.960509
 11994.000000 19.423475 1.564488 2.948440
 11997.000000 19.380272 1.573122 2.923257
 12000.000000 19.427131 1.611834 2.906147
 12003.000000 19.412007 1.601041 2.940761
 12006.000000 19.396020 1.613550 2.949040
 12009.000000 19.409176 1.597238 2.956669
 12012.000000 19.413335 1.569039 2.956577
 12015.000000 19.426054 1.563665 2.936885
 12018.000000 19.458970 1.586722 2.950278
 12021.000000 19.449902 1.556201 2.967872
 12024.000000 19.409846 1.584542 2.959245
 12027.000000 19.359711 1.570739 2.960899
 12030.000000 19.423466 1.568918 2.982491
 12033.000000 19.431802 1.562055 3.015274
 12036.000000 19.446298 1.582491 2.963155
 12039.000000 19.444163 1.564414 2.997783
 12042.000000 19.406227 1.550176 2.969580
 12045.000000 19.332015 1.576389 2.936515
 12048.000000 19.311335 1.563200 2.927588
 12051.000000 19.342791 1.544463 2.924957
 12054.000000 19.416172 1.523058 2.960637
 12057.000000 19.361303 1.524342 2.907546
 12060.000000 19.408598 1.532264 2.945023
 12063.000000 19.410753 1.512533 2.933888
 12066.000000 19.450538 1.536063 2.946145
 12069.000000 19.433498 1.520656 2.951268
 12072.000000 19.411159 1.513874 2.943824
 12075.000000 19.415339 1.524917 2.926322
 12078.000000 19.431578 1.518990 2.954447
 12081.000000 19.408139 1.522847 2.943983
 12084.000000 19.471810 1.516730 2.942373
 12087.000000 19.414329 1.510058 2.944161
 12090.000000 19.470818 1.510510 2.981882
 12093.000000 19.498763 1.518058 2.968902
 12096.000000 19.425944 1.502817 2.981698
 12099.000000 19.463069 1.486299 2.978985
 12102.000000 19.558914 1.496537 2.999183
 12105.000000 19.511908 1.487652 3.039236
 12108.000000 19.539347 1.486807 3.012461
 12111.000000 19.620917 1.480755 3.044898
 12114.000000 19.635056 1.521529 3.014870
 12117.000000 19.556751 1.513912 2.990699
 12120.000000 19.589932 1.517101 3.001918
 12123.000000 19.612487 1.512937 3.006924
 12126.000000 19.560928 1.507590 3.012783
 12129.000000 19.589859 1.525824 2.977504
 12132.000000 19.576632 1.520780 2.972100
 12135.000000 19.624673 1.511212 2.980859
 12138.000000 19.626098 1.496162 2.980425
 12141.000000 19.621198 1.537999 2.962140
 12144.000000 19.575899 1.546980 2.956979
 12147.000000 19.553747 1.564137 2.974291
 12150.000000 19.612606 1.555859 2.950118
 12153.000000 19.639760 1.564742 2.942517
 12156.000000 19.697630 1.584279 2.938820
 12159.000000 19.599098 1.588409 2.975578
 12162.000000 19.584048 1.572818 2.975066
 12165.000000 19.576294 1.558127 2.973724
 12168.000000 19.490896 1.579927 3.005914
 12171.000000 19.354492 1.562979 3.069413
 12174.000000 19.422717 1.572853 3.050699
 12177.000000 19.429691 1.556555 3.022979
 12180.000000 19.413615 1.558734 3.002400
 12183.000000 19.323599 1.550100 2.990636
 12186.000000 19.287482 1.564703 2.998410
 12189.000000 19.215448 1.585967 2.960846
 12192.000000 19.228178 1.576681 2.991741
 12195.000000 19.293457 1.544047 3.010731
 12198.000000 19.354794 1.548550 2.984964
 12201.000000 19.272466 1.558282 3.018579
 12204.000000 19.378437 1.563121 3.078009
 12207.000000 19.344504 1.588828 3.028892
 12210.000000 19.423676 1.603199 3.015062
 12213.000000 19.410549 1.578976 3.015111
 12216.000000 19.408057 1.605243 2.991656
 12219.000000 19.435750 1.572619 2.994745
 12222.000000 19.495003 1.575147 3.013769
 12225.000000 19.473901 1.592115 2.952857
 12228.000000 19.492986 1.556242 2.964970
 12231.000000 19.494086 1.551368 2.945474
 12234.000000 19.500570 1.546305 2.972657
 12237.000000 19.543982 1.562369 2.962097
 12240.000000 19.499836 1.559577 2.983751
 12243.000000 19.562003 1.555504 2.959014
 12246.000000 19.499736 1.546935 2.970056
 12249.000000 19.420388 1.564385 2.972410
 12252.000000 19.416487 1.564741 2.946140
 12255.000000 19.477879 1.536571 2.984019
 12258.000000 19.369817 1.542461 2.960097
 12261.000000 19.441106 1.537715 2.975007
 12264.000000 19.437994 1.549029 3.005785
 12267.000000 19.468915 1.539360 3.032848
 12270.000000 19.510677 1.556525 2.981755
 12273.000000 19.456599 1.527920 3.010610
 12276.000000 19.472841 1.540156 3.025754
 12279.000000 19.514481 1.556398 2.971437
 12282.000000 19.460395 1.542851 2.962247
 12285.000000 19.471404 1.544044 2.979255
 12288.000000 19.468564 1.555247 2.953197
 12291.000000 19.462588 1.567033 2.954573
 12294.000000 19.456318 1.584659 2.952190
 12297.000000 19.448017 1.570733 2.920189
 12300.000000 19.454452 1.552935 2.944285
 12303.000000 19.524526 1.567990 2.925379
 12306.000000 19.550146 1.580629 2.887926
 12309.000000 19.534827 1.572543 2.924581
 12312.000000 19.552735 1.557184 2.923056
 12315.000000 19.472827 1.538049 2.916029
 12318.000000 19.528715 1.536674 2.951824
 12321.000000 19.547160 1.540711 2.944631
 12324.000000 19.540166 1.531254 2.922779
 12327.000000 19.551475 1.563502 2.906552
 12330.000000 19.506393 1.573816 2.896801
 12333.000000 19.507876 1.561424 2.902585
 12336.000000 19.618945 1.540826 2.961977
 12339.000000 19.561305 1.537227 2.959745
 12342.000000 19.586950 1.557068 2.922347
 12345.000000 19.552880 1.559658 2.929561
 12348.000000 19.584599 1.547422 2.917542
 12351.000000 19.588844 1.566628 2.894404
 12354.000000 19.541557 1.537892 2.927378
 12357.000000 19.577225 1.542755 2.924852
 12360.000000 19.510037 1.527468 2.950967
 12363.000000 19.480292 1.504620 2.969400
 12366.000000 19.469123 1.477857 3.007782
 12369.000000 19.503063 1.521768 2.935886
 12372.000000 19.509978 1.527931 2.927794
 12375.000000 19.514950 1.535241 2.915267
 12378.000000 19.472093 1.532475 2.923529
 12381.000000 19.489232 1.512127 2.940348
 12384.000000 19.527641 1.509287 2.972488
 12387.000000 19.550969 1.510920 2.931812
 12390.000000 19.548202 1.521242 2.922912
 12393.000000 19.493313 1.509761 2.935012
 12396.000000 19.484875 1.513718 2.927152
 12399.000000 19.473068 1.518509 2.927825
 12402.000000 19.460064 1.504251 2.917381
 12405.000000 19.426883 1.533488 2.903303
 12408.000000 19.414574 1.539170 2.917624
 12411.000000 19.436345 1.533101 2.921134
 12414.000000 19.347374 1.547616 2.953275
 12417.000000 19.409738 1.555531 2.962550
 12420.000000 19.441802 1.538587 2.967483
 12423.000000 19.487463 1.543556 2.955697
 12426.000000 19.450937 1.533451 2.987079
 12429.000000 19.427380 1.530351 2.968849
 12432.000000 19.400478 1.531796 2.991357
 12435.000000 19.375017 1.553038 2.947328
 12438.000000 19.332830 1.542407 2.938490
 12441.000000 19.374550 1.541184 2.959360
 12444.000000 19.431081 1.536234 2.974512
 12447.000000 19.441011 1.545439 2.982751
 12450.000000 19.479727 1.540797 3.010147
 12453.000000 19.451599 1.558661 2.957358
 12456.000000 19.374157 1.576044 2.922677
 12459.000000 19.407362 1.555464 2.934748
 12462.000000 19.408254 1.548964 2.940566
 12465.000000 19.437611 1.552614 2.952376
 12468.000000 19.437753 1.541633 2.957273
 12471.000000 19.419449 1.558323 2.943612
 12474.000000 19.348065 1.526099 2.964429
 12477.000000 19.421745 1.530260 2.931208
 12480.000000 19.453439 1.552366 2.925768
 12483.000000 19.405847 1.556058 2.920309
 12486.000000 19.395233 1.567697 2.940446
 12489.000000 19.469268 1.562091 2.961461
 12492.000000 19.398438 1.550971 3.008169
 12495.000000 19.453265 1.565315 3.001567
 12498.000000 19.386445 1.557701 2.974248
 12501.000000 19.392369 1.582864 2.978894
 12504.000000 19.410945 1.576465 2.948628
 12507.000000 19.387689 1.554966 2.952022
 12510.000000 19.446264 1.561338 2.912141
 12513.000000 19.451633 1.583401 2.967985
 12516.000000 19.396526 1.582391 2.976216
 12519.000000 19.309612 1.586108 3.001470
 12522.000000 19.412587 1.584488 2.968506
 12525.000000 19.422153 1.586990 2.973880
 12528.000000 19.449476 1.595320 2.971920
 12531.000000 19.437012 1.566671 2.965720
 12534.000000 19.475296 1.559175 2.985014
 12537.000000 19.424497 1.579231 2.980385
 12540.000000 19.487256 1.560712 2.973076
 12543.000000 19.508730 1.556217 3.016319
 12546.000000 19.584166 1.563351 3.003142
 12549.000000 19.554494 1.571402 2.986003
 12552.000000 19.575441 1.571860 2.990661
 12555.000000 19.509908 1.565314 2.965008
 12558.000000 19.507494 1.568760 2.963586
 12561.000000 19.471055 1.559531 2.965681
 12564.000000 19.479363 1.570668 2.967018
 12567.000000 19.477595 1.556355 2.936819
 12570.000000 19.428864 1.558483 2.918801
 12573.000000 19.402683 1.528613 2.981511
 12576.000000 19.450226 1.528355 2.923693
 12579.000000 19.412988 1.522519 2.945611
 12582.000000 19.481577 1.520823 2.983956
 12585.000000 19.512727 1.520474 2.982563
 12588.000000 19.425167 1.533017 2.979077
 12591.000000 19.491405 1.525694 2.984753
 12594.000000 19.430862 1.525919 2.967500
 12597.000000 19.416781 1.514659 2.983402
 12600.000000 19.446052 1.507023 2.980299
 12603.000000 19.375300 1.527271 2.953631
 12606.000000 19.325845 1.516366 2.959950
 12609.000000 19.347437 1.510279 2.990266
 12612.000000 19.346038 1.545505 2.982110
 12615.000000 19.378608 1.524559 3.011299
 12618.000000 19.350640 1.521733 3.035336
 12621.000000 19.440832 1.500645 3.055139
 12624.000000 19.380927 1.490335 3.068978
 12627.000000 19.429102 1.525055 3.034189
 12630.000000 19.258180 1.531352 2.992775
 12633.000000 19.356406 1.532648 3.026194
 12636.000000 19.369864 1.541443 2.968249
 12639.000000 19.345480 1.547109 2.993840
 12642.000000 19.378345 1.535643 3.012792
 12645.000000 19.452969 1.558049 3.027637
 12648.000000 19.434986 1.544310 3.052125
 12651.000000 19.492082 1.559874 3.036288
 12654.000000 19.528262 1.573831 3.009533
 12657.000000 19.570647 1.547841 3.005257
 12660.000000 19.571199 1.559682 2.997308
 12663.000000 19.518654 1.577899 2.974121
 12666.000000 19.501570 1.568661 3.029144
 12669.000000 19.513677 1.581198 2.972925
 12672.000000 19.520449 1.570489 2.977431
 12675.000000 19.515914 1.566376 2.981257
 12678.000000 19.505858 1.570216 2.966773
 12681.000000 19.518391 1.560157 2.978053
 12684.000000 19.516997 1.560304 2.973995
 12687.000000 19.463794 1.584604 2.982316
 12690.000000 19.365074 1.581458 2.979273
 12693.000000 19.382372 1.548559 2.996817
 12696.000000 19.372466 1.570642 2.986310
 12699.000000 19.400134 1.557902 2.987510
 12702.000000 19.450028 1.560103 2.988739
 12705.000000 19.406937 1.536854 2.993864
 12708.000000 19.357051 1.555391 2.971804
 12711.000000 19.462649 1.559087 2.957066
 12714.000000 19.387260 1.542862 2.966445
 12717.000000 19.401581 1.552484 2.962157
 12720.000000 19.353799 1.553293 2.943497
 12723.000000 19.365349 1.556972 2.948670
 12726.000000 19.375526 1.550145 2.998354
 12729.000000 19.410095 1.520130 2.975860
 12732.000000 19.413968 1.555323 2.953951
 12735.000000 19.433428 1.556815 2.941924
 12738.000000 19.359549 1.561275 2.922892
 12741.000000 19.366020 1.555965 2.950129
 12744.000000 19.357364 1.564864 2.954773
 12747.000000 19.473787 1.547077 2.945766
 12750.000000 19.396526 1.550912 2.973295
 12753.000000 19.337963 1.589912 2.939605
 12756.000000 19.484886 1.568480 2.953352
 12759.000000 19.498500 1.581318 2.965607
 12762.000000 19.458035 1.601272 2.943543
 12765.000000 19.465679 1.578105 2.958806
 12768.000000 19.498347 1.605332 2.951431
 12771.000000 19.527435 1.581317 2.978065
 12774.000000 19.506891 1.559111 2.981040
 12777.000000 19.447090 1.558643 2.999061
 12780.000000 19.447678 1.571505 2.976921
 12783.000000 19.470855 1.580751 2.970122
 12786.000000 19.474706 1.570019 2.964496
 12789.000000 19.491034 1.561141 2.989421
 12792.000000 19.567267 1.585521 2.955241
 12795.000000 19.589603 1.584110 2.968603
 12798.000000 19.548162 1.568288 3.030740
 12801.000000 19.535865 1.566676 2.999931
 12804.000000 19.614076 1.574454 3.000166
 12807.000000 19.695079 1.565544 3.018106
 12810.000000 19.640294 1.567510 3.024066
 12813.000000 19.577161 1.573455 3.005214
 12816.000000 19.620166 1.580653 2.998007
 12819.000000 19.498507 1.578161 2.986585
 12822.000000 19.559131 1.559307 3.028595
 12825.000000 19.544055 1.582111 2.970660
 12828.000000 19.544617 1.584031 3.003479
 12831.000000 19.459123 1.593566 2.969367
 12834.000000 19.438447 1.606085 2.980117
 12837.000000 19.452758 1.580524 2.984927
 12840.000000 19.403519 1.578733 2.963860
 12843.000000 19.439188 1.559465 2.987086
 12846.000000 19.392387 1.543327 3.021112
 12849.000000 19.398984 1.538978 3.000089
 12852.000000 19.414310 1.537722 3.013214
 12855.000000 19.337401 1.551508 2.995962
 12858.000000 19.362704 1.567934 3.007023
 12861.000000 19.409496 1.562837 3.018454
 12864.000000 19.379221 1.562194 3.018841
 12867.000000 19.261510 1.561009 3.005339
 12870.000000 19.360756 1.575038 3.008121
 12873.000000 19.327854 1.562852 2.945111
 12876.000000 19.320080 1.529884 2.978484
 12879.000000 19.324389 1.534639 2.997094
 12882.000000 19.308310 1.544270 2.964367
 12885.000000 19.356423 1.522720 3.000621
 12888.000000 19.384696 1.538646 2.980247
 12891.000000 19.314280 1.526812 2.970063
 12894.000000 19.330139 1.528591 2.989918
 12897.000000 19.366266 1.540080 3.001318
 12900.000000 19.368179 1.563893 3.005463
 12903.000000 19.307685 1.578888 2.967234
 12906.000000 19.436057 1.575824 2.983994
 12909.000000 19.414426 1.566471 2.963197
 12912.000000 19.426003 1.528124 2.982881
 12915.000000 19.406729 1.512763 2.989800
 12918.000000 19.469457 1.534917 2.987759
 12921.000000 19.476713 1.545793 3.022434
 12924.000000 19.485279 1.552497 3.005965
 12927.000000 19.499073 1.573547 3.032235
 12930.000000 19.521181 1.543442 3.056534
 12933.000000 19.403707 1.535602 3.041134
 12936.000000 19.347088 1.532222 3.061681
 12939.000000 19.377185 1.550024 3.013911
 12942.000000 19.358357 1.532641 3.035203
 12945.000000 19.390819 1.536955 3.000703
 12948.000000 19.353103 1.544769 2.993190
 12951.000000 19.286636 1.521988 2.979860
 12954.000000 19.348030 1.537080 2.965838
 12957.000000 19.368036 1.530784 2.997330
 12960.000000 19.325779 1.531213 3.001817
 12963.000000 19.283799 1.557859 3.027084
 12966.000000 19.326769 1.548869 2.994108
 12969.000000 19.301282 1.536738 3.016971
 12972.000000 19.374025 1.499761 2.996896
 12975.000000 19.325664 1.510977 3.025167
 12978.000000 19.296596 1.492960 3.032076
 12981.000000 19.310563 1.493552 3.008426
 12984.000000 19.339628 1.516694 3.008192
 12987.000000 19.369063 1.509725 2.997087
 12990.000000 19.381138 1.529829 3.030752
 12993.000000 19.365757 1.564376 3.014623
 12996.000000 19.395539 1.577242 2.986576
 12999.000000 19.469243 1.592169 2.959751
 13002.000000 19.364622 1.582551 2.999872
 13005.000000 19.416969 1.584941 2.994194
 13008.000000 19.298053 1.598687 2.974591
 13011.000000 19.254449 1.589630 2.954865
 13014.000000 19.134688 1.604750 2.934511
 13017.000000 19.208446 1.601631 2.930025
 13020.000000 19.193054 1.629443 2.962106
 13023.000000 19.210164 1.621427 2.943774
 13026.000000 19.236839 1.598057 2.946084
 13029.000000 19.224132 1.582455 2.980685
 13032.000000 19.240503 1.576916 2.957708
 13035.000000 19.211689 1.608929 2.968191
 13038.000000 19.262195 1.591409 2.971822
 13041.000000 19.230282 1.592783 2.985081
 13044.000000 19.314345 1.593085 2.969789
 13047.000000 19.229398 1.581025 2.992899
 13050.000000 19.328267 1.595103 2.996474
 13053.000000 19.331689 1.584260 3.018553
 13056.000000 19.345049 1.600595 2.978507
 13059.000000 19.396290 1.593278 2.960880
 13062.000000 19.426033 1.588178 2.942474
 13065.000000 19.464862 1.539775 2.948574
 13068.000000 19.526689 1.541952 2.988604
 13071.000000 19.596005 1.532341 2.971095
 13074.000000 19.585467 1.552261 2.952877
 13077.000000 19.517164 1.552485 2.994983
 13080.000000 19.550561 1.552481 2.991719
 13083.000000 19.499484 1.549907 2.986126
 13086.000000 19.484588 1.557345 2.984986
 13089.000000 19.476944 1.560922 2.982351
 13092.000000 19.458614 1.556976 3.001862
 13095.000000 19.490363 1.565044 2.988514
 13098.000000 19.369471 1.554535 2.977725
 13101.000000 19.344432 1.525442 2.996579
 13104.000000 19.343867 1.539766 2.996583
 13107.000000 19.344108 1.510801 3.020969
 13110.000000 19.418755 1.541472 2.954653
 13113.000000 19.356931 1.548121 2.960956
 13116.000000 19.367725 1.542113 2.996992
 13119.000000 19.391767 1.534463 3.021630
 13122.000000 19.405398 1.529322 3.025252
 13125.000000 19.455616 1.531917 2.994701
 13128.000000 19.442189 1.517574 2.978901
 13131.000000 19.469318 1.553443 2.943983
 13134.000000 19.399263 1.523273 2.952246
 13137.000000 19.443283 1.540869 2.935984
 13140.000000 19.508126 1.513964 2.976275
 13143.000000 19.535387 1.537787 2.972950
 13146.000000 19.571573 1.538959 2.998532
 13149.000000 19.514711 1.537548 2.996601
 13152.000000 19.558597 1.544382 2.982721
 13155.000000 19.571277 1.555203 2.991580
 13158.000000 19.645596 1.547803 3.010220
 13161.000000 19.649043 1.572828 3.038900
 13164.000000 19.649305 1.569473 3.032062
 13167.000000 19.598744 1.556630 3.021703
 13170.000000 19.569923 1.575184 3.014006
 13173.000000 19.547354 1.569084 3.012336
 13176.000000 19.514589 1.568131 2.984914
 13179.000000 19.488896 1.574814 2.980203
 13182.000000 19.464173 1.560951 2.987646
 13185.000000 19.467263 1.572544 2.968224
 13188.000000 19.533880 1.569675 2.967383
 13191.000000 19.549689 1.561742 2.980447
 13194.000000 19.379033 1.554622 3.019296
 13197.000000 19.390331 1.558991 3.011616
 13200.000000 19.425183 1.564875 2.996000
 13203.000000 19.411025 1.583906 3.022381
 13206.000000 19.453633 1.574841 2.970556
 13209.000000 19.490181 1.573008 2.966883
 13212.000000 19.400666 1.577054 2.966896
 13215.000000 19.399321 1.552890 2.977138
 13218.000000 19.292817 1.540942 2.969110
 13221.000000 19.367840 1.525402 2.945056
 13224.000000 19.351965 1.528365 2.942555
 13227.000000 19.356564 1.544185 2.911912
 13230.000000 19.358672 1.532997 2.900174
 13233.000000 19.410205 1.526972 2.944519
 13236.000000 19.417784 1.530812 2.904776
 13239.000000 19.452194 1.534606 2.929462
 13242.000000 19.365051 1.531369 2.960410
 13245.000000 19.364116 1.575786 2.958709
 13248.000000 19.362488 1.562701 3.009371
 13251.000000 19.385447 1.604728 3.002608
 13254.000000 19.445524 1.573250 2.999735
 13257.000000 19.413162 1.569096 3.009358
 13260.000000 19.384946 1.584926 2.993345
 13263.000000 19.407963 1.600520 2.982786
 13266.000000 19.381756 1.561249 3.017296
 13269.000000 19.393381 1.541734 3.006347
 13272.000000 19.372744 1.563489 2.990481
 13275.000000 19.487466 1.547031 2.969206
 13278.000000 19.508220 1.572467 2.945001
 13281.000000 19.542410 1.579017 2.956222
 13284.000000 19.453930 1.587006 2.973230
 13287.000000 19.410454 1.569665 2.956672
 13290.000000 19.390606 1.584168 2.951400
 13293.000000 19.472953 1.576528 2.948824
 13296.000000 19.517187 1.584708 2.940977
 13299.000000 19.437780 1.577100 2.961373
 13302.000000 19.444372 1.583897 2.920963
 13305.000000 19.447880 1.577098 2.879963
 13308.000000 19.369215 1.582394 2.906492
 13311.000000 19.385878 1.606976 2.930157
 13314.000000 19.393972 1.616443 2.935636
 13317.000000 19.370692 1.599296 2.943252
 13320.000000 19.393286 1.595232 2.939864
 13323.000000 19.310506 1.606249 2.934705
 13326.000000 19.335346 1.609242 2.937656
 13329.000000 19.382301 1.621511 2.936272
 13332.000000 19.455045 1.605190 2.927322
 13335.000000 19.466250 1.587684 2.979584
 13338.000000 19.491361 1.587199 2.937905
 13341.000000 19.395947 1.592199 2.951832
 13344.000000 19.378734 1.576688 2.956414
 13347.000000 19.394878 1.555636 2.941598
 13350.000000 19.480199 1.583224 2.923946
 13353.000000 19.490967 1.568841 2.945480
 13356.000000 19.474368 1.570154 2.970069
 13359.000000 19.504643 1.581562 2.953081
 13362.000000 19.501366 1.552279 2.962870
 13365.000000 19.504559 1.581289 2.940040
 13368.000000 19.530402 1.544115 2.949148
 13371.000000 19.440664 1.554035 2.971131
 13374.000000 19.484500 1.566886 2.963166
 13377.000000 19.506657 1.573989 2.957292
 13380.000000 19.504717 1.552986 2.970206
 13383.000000 19.515077 1.557953 3.007759
 13386.000000 19.506770 1.557746 3.017353
 13389.000000 19.512268 1.535730 3.048749
 13392.000000 19.493265 1.528285 3.039126
 13395.000000 19.531549 1.528002 3.014774
 13398.000000 19.481656 1.524048 2.989372
 13401.000000 19.485980 1.546810 2.967405
 13404.000000 19.400525 1.525323 3.001057
 13407.000000 19.482055 1.534325 3.004898
 13410.000000 19.529259 1.530719 2.972992
 13413.000000 19.482041 1.522653 3.002114
 13416.000000 19.526442 1.523095 2.980761
 13419.000000 19.583072 1.515156 2.982428
 13422.000000 19.601806 1.516013 2.982471
 13425.000000 19.571171 1.507274 2.987442
 13428.000000 19.589744 1.520845 2.957128
 13431.000000 19.577433 1.529115 2.941207
 13434.000000 19.594806 1.492274 2.953087
 13437.000000 19.592116 1.486609 2.954205
 13440.000000 19.499303 1.504530 2.919128
 13443.000000 19.498805 1.503700 2.949170
 13446.000000 19.626516 1.518379 2.941683
 13449.000000 19.605234 1.531735 2.944349
 13452.000000 19.571228 1.491131 2.996439
 13455.000000 19.595583 1.500041 3.015958
 13458.000000 19.595507 1.489292 3.040073
 13461.000000 19.540121 1.504090 3.049169
 13464.000000 19.555168 1.533537 3.032821
 13467.000000 19.528148 1.559627 3.009287
 13470.000000 19.553661 1.554914 3.021120
 13473.000000 19.551051 1.534945 3.006265
 13476.000000 19.433307 1.537263 3.028900
 13479.000000 19.469937 1.546668 3.017902
 13482.000000 19.437406 1.522792 3.025591
 13485.000000 19.424213 1.518815 2.982454
 13488.000000 19.418713 1.544101 2.954353
 13491.000000 19.332491 1.566687 2.948685
 13494.000000 19.321835 1.571003 2.955399
 13497.000000 19.425241 1.578869 2.968865
 13500.000000 19.347132 1.560086 2.975722
 13503.000000 19.446622 1.591171 2.982099
 13506.000000 19.468343 1.575996 3.014899
 13509.000000 19.473037 1.561726 3.000199
 13512.000000 19.432347 1.555678 3.043068
 13515.000000 19.520165 1.562076 2.958309
 13518.000000 19.482405 1.558256 3.015404
 13521.000000 19.446335 1.549994 3.017768
 13524.000000 19.480410 1.569018 3.005564
 13527.000000 19.465886 1.588913 2.968251
 13530.000000 19.493210 1.588110 2.961221
 13533.000000 19.404221 1.590325 2.938197
 13536.000000 19.415123 1.585639 2.960568
 13539.000000 19.386902 1.584234 2.966236
 13542.000000 19.355221 1.553692 3.002145
 13545.000000 19.354530 1.562421 2.998695
 13548.000000 19.319496 1.555724 3.001213
 13551.000000 19.313354 1.596293 2.960647
 13554.000000 19.310722 1.551519 2.989052
 13557.000000 19.269081 1.562874 2.996634
 13560.000000 19.287328 1.518273 3.006451
 13563.000000 19.304322 1.540256 3.003012
 13566.000000 19.359429 1.518253 3.040476
 13569.000000 19.409044 1.553598 3.033895
 13572.000000 19.327384 1.540405 3.052166
 13575.000000 19.301820 1.553505 3.056751
 13578.000000 19.405950 1.568656 3.048535
 13581.000000 19.304523 1.597537 3.058738
 13584.000000 19.348344 1.582338 3.057105
 13587.000000 19.304091 1.595463 3.039907
 13590.000000 19.287148 1.610855 3.022115
 13593.000000 19.350422 1.609700 3.024673
 13596.000000 19.405685 1.623768 3.008283
 13599.000000 19.468998 1.604556 3.019263
 13602.000000 19.412284 1.613656 3.007907
 13605.000000 19.337759 1.625701 3.016721
 13608.000000 19.331892 1.603824 2.997662
 13611.000000 19.341440 1.570324 3.013520
 13614.000000 19.385192 1.588010 3.015496
 13617.000000 19.377859 1.605007 3.044279
 13620.000000 19.363670 1.603153 3.010960
 13623.000000 19.388637 1.587318 3.011734
 13626.000000 19.344448 1.607188 2.957668
 13629.000000 19.272839 1.578516 2.969254
 13632.000000 19.260633 1.579558 2.952369
 13635.000000 19.299837 1.586392 2.958875
 13638.000000 19.361837 1.556262 3.004357
 13641.000000 19.349384 1.549482 2.985060
 13644.000000 19.307733 1.548316 2.970676
 13647.000000 19.238485 1.573466 2.974928
 13650.000000 19.261326 1.584205 2.979727
 13653.000000 19.331341 1.536681 3.037908
 13656.000000 19.435773 1.547882 3.028752
 13659.000000 19.387884 1.539957 3.011259
 13662.000000 19.420802 1.517019 3.053105
 13665.000000 19.410249 1.533097 3.022131
 13668.000000 19.381726 1.551345 3.026411
 13671.000000 19.459174 1.565778 2.984994
 13674.000000 19.470218 1.573542 2.975336
 13677.000000 19.418011 1.578967 2.970957
 13680.000000 19.404897 1.586713 2.955002
 13683.000000 19.476250 1.574804 2.956805
 13686.000000 19.472389 1.576615 2.958549
 13689.000000 19.451029 1.572865 2.976360
 13692.000000 19.447689 1.588652 2.962326
 13695.000000 19.449087 1.588181 2.977235
 13698.000000 19.495062 1.583540 2.982700
 13701.000000 19.478528 1.583527 2.973543
 13704.000000 19.430048 1.565708 2.978195
 13707.000000 19.462774 1.551083 2.994479
 13710.000000 19.498593 1.545054 2.985594
 13713.000000 19.542502 1.562052 2.982344
 13716.000000 19.478410 1.557957 2.939727
 13719.000000 19.563395 1.555641 2.958743
 13722.000000 19.524796 1.544711 2.989518
 13725.000000 19.504204 1.555700 3.021695
 13728.000000 19.467530 1.554314 3.001459
 13731.000000 19.378007 1.532381 3.035621
 13734.000000 19.306180 1.545694 2.997634
 13737.000000 19.391936 1.557302 2.988847
 13740.000000 19.446182 1.577987 2.979463
 13743.000000 19.362002 1.582402 2.981431
 13746.000000 19.268453 1.606009 2.962750
 13749.000000 19.325059 1.570014 3.004111
 13752.000000 19.287345 1.581058 2.983215
 13755.000000 19.290356 1.592598 2.966126
 13758.000000 19.363120 1.563382 3.030019
 13761.000000 19.366791 1.579701 2.983864
 13764.000000 19.397511 1.604410 2.969206
 13767.000000 19.382979 1.578571 2.980251
 13770.000000 19.406629 1.567278 2.965253
 13773.000000 19.341725 1.594129 2.978895
 13776.000000 19.315683 1.599489 2.968221
 13779.000000 19.390122 1.607679 2.936668
 13782.000000 19.389556 1.612036 2.951320
 13785.000000 19.393286 1.610834 2.945018
 13788.000000 19.409772 1.601958 2.936028
 13791.000000 19.452808 1.574662 2.984015
 13794.000000 19.381707 1.561890 2.961127
 13797.000000 19.378640 1.563519 2.967610
 13800.000000 19.409801 1.576879 2.956292
 13803.000000 19.411150 1.568220 2.956385
 13806.000000 19.415447 1.560746 2.953858
 13809.000000 19.545885 1.532900 2.995916
 13812.000000 19.573913 1.537058 3.006061
 13815.000000 19.540182 1.563326 2.950296
 13818.000000 19.494020 1.576924 2.931959
 13821.000000 19.514741 1.568087 2.952292
 13824.000000 19.508565 1.589957 2.931338
 13827.000000 19.484408 1.585840 2.951975
 13830.000000 19.523297 1.576525 2.966398
 13833.000000 19.467378 1.571357 2.997924
 13836.000000 19.500053 1.588616 2.999164
 13839.000000 19.534477 1.609552 2.969661
 13842.000000 19.553383 1.606347 2.959922
 13845.000000 19.462435 1.601031 2.979950
 13848.000000 19.416333 1.567261 2.993337
 13851.000000 19.375694 1.568824 2.982306
 13854.000000 19.269187 1.533743 3.011317
 13857.000000 19.218591 1.566136 2.992565
 13860.000000 19.300422 1.596197 2.964481
 13863.000000 19.227601 1.549745 3.020317
 13866.000000 19.276004 1.568781 3.007454
 13869.000000 19.294527 1.563197 2.994441
 13872.000000 19.226674 1.570401 2.983818
 13875.000000 19.173940 1.559912 2.985505
 13878.000000 19.221013 1.557847 2.955933
 13881.000000 19.191389 1.579650 2.954469
 13884.000000 19.228156 1.574521 2.926749
 13887.000000 19.236461 1.568604 2.936794
 13890.000000 19.249061 1.551502 2.963250
 13893.000000 19.253214 1.569804 2.957827
 13896.000000 19.262934 1.558878 2.963810
 13899.000000 19.307368 1.583565 2.909645
 13902.000000 19.369619 1.559114 2.939789
 13905.000000 19.476970 1.555830 2.930047
 13908.000000 19.416515 1.573499 2.940768
 13911.000000 19.463737 1.565318 2.961955
 13914.000000 19.391461 1.555152 2.976855
 13917.000000 19.376234 1.540748 3.008240
 13920.000000 19.358797 1.556884 3.009167
 13923.000000 19.313161 1.552504 3.048947
 13926.000000 19.324557 1.560317 3.041524
 13929.000000 19.362617 1.539162 3.045631
 13932.000000 19.467502 1.557402 3.035035
 13935.000000 19.482954 1.572596 2.993886
 13938.000000 19.399091 1.580898 3.006077
 13941.000000 19.418957 1.592025 2.978828
 13944.000000 19.424456 1.580933 3.013693
 13947.000000 19.356830 1.570103 2.966370
 13950.000000 19.368433 1.522828 2.979644
 13953.000000 19.371384 1.535415 2.957809
 13956.000000 19.411920 1.549851 2.963690
 13959.000000 19.431903 1.553308 2.994782
 13962.000000 19.493522 1.579150 2.984225
 13965.000000 19.518071 1.567245 2.986958
 13968.000000 19.524938 1.566066 2.956541
 13971.000000 19.523355 1.534120 2.989390
 13974.000000 19.519743 1.542074 2.990542
 13977.000000 19.552904 1.543675 3.014120
 13980.000000 19.499719 1.539126 3.009413
 13983.000000 19.581983 1.534640 2.961227
 13986.000000 19.481295 1.517166 3.025268
 13989.000000 19.402732 1.554873 3.009065
 13992.000000 19.362902 1.530607 2.993489
 13995.000000 19.347181 1.543805 3.021178
 13998.000000 19.406478 1.546442 2.998062
 14001.000000 19.437245 1.544759 3.030722
 14004.000000 19.449342 1.524332 3.038976
 14007.000000 19.466434 1.535673 3.027646
 14010.000000 19.437488 1.557555 3.014422
 14013.000000 19.416455 1.540458 3.030962
 14016.000000 19.446511 1.544640 3.031776
 14019.000000 19.434958 1.512415 3.056508
 14022.000000 19.437534 1.496936 3.056562
 14025.000000 19.438315 1.499832 3.019510
 14028.000000 19.426830 1.515568 3.037089
 14031.000000 19.473525 1.515210 2.979221
 14034.000000 19.494655 1.534805 2.998164
 14037.000000 19.451217 1.532091 3.008610
 14040.000000 19.435024 1.547930 2.983943
 14043.000000 19.542007 1.563913 2.958217
 14046.000000 19.649894 1.562913 2.954657
 14049.000000 19.660873 1.539798 2.975289
 14052.000000 19.595794 1.540164 2.989630
 14055.000000 19.592829 1.554065 3.004116
 14058.000000 19.548111 1.542042 3.025259
 14061.000000 19.614405 1.535844 3.019750
 14064.000000 19.665037 1.536316 3.017435
 14067.000000 19.626392 1.546474 3.000573
 14070.000000 19.528988 1.576195 2.955017
 14073.000000 19.541407 1.537595 2.994834
 14076.000000 19.505693 1.546354 2.980966
 14079.000000 19.461917 1.553694 2.968132
 14082.000000 19.417099 1.562076 2.938763
 14085.000000 19.594716 1.550320 2.949486
 14088.000000 19.536044 1.568979 2.936810
 14091.000000 19.559144 1.566618 2.944702
 14094.000000 19.493165 1.568166 2.936374
 14097.000000 19.500184 1.551919 2.957170
 14100.000000 19.486697 1.559179 2.963248
 14103.000000 19.527600 1.548802 2.989239
 14106.000000 19.528843 1.555196 2.947695
 14109.000000 19.537554 1.560364 2.951800
 14112.000000 19.529785 1.547145 2.959454
 14115.000000 19.466796 1.571935 2.930285
 14118.000000 19.517917 1.595415 2.909346
 14121.000000 19.504624 1.605484 2.894516
 14124.000000 19.475909 1.615844 2.878168
 14127.000000 19.455585 1.616167 2.924418
 14130.000000 19.515220 1.612871 2.905993
 14133.000000 19.406904 1.607232 2.935141
 14136.000000 19.406830 1.576367 2.957633
 14139.000000 19.516858 1.590710 2.920589
 14142.000000 19.488912 1.600468 2.919928
 14145.000000 19.420697 1.584663 2.906575
 14148.000000 19.494042 1.593948 2.919049
 14151.000000 19.516595 1.571912 2.911582
 14154.000000 19.563723 1.562478 2.922204
 14157.000000 19.504936 1.558573 2.885959
 14160.000000 19.522793 1.547646 2.906004
 14163.000000 19.468641 1.581986 2.870401
 14166.000000 19.530616 1.577517 2.904764
 14169.000000 19.509533 1.568635 2.906865
 14172.000000 19.469923 1.543885 2.956744
 14175.000000 19.438008 1.554801 2.966676
 14178.000000 19.395003 1.546233 2.954883
 14181.000000 19.366847 1.563103 2.924886
 14184.000000 19.445396 1.562868 2.936437
 14187.000000 19.422958 1.563512 2.916257
 14190.000000 19.374617 1.568188 2.924392
 14193.000000 19.316002 1.570794 2.934893
 14196.000000 19.249518 1.554605 2.968459
 14199.000000 19.330738 1.561620 2.951759
 14202.000000 19.254394 1.571778 2.945771
 14205.000000 19.203579 1.548671 2.972239
 14208.000000 19.285202 1.558439 2.979791
 14211.000000 19.275478 1.557136 2.951627
 14214.000000 19.293674 1.544503 2.952826
 14217.000000 19.297577 1.546800 2.961107
 14220.000000 19.325099 1.561937 2.972324
 14223.000000 19.356703 1.570156 2.953935
 14226.000000 19.340223 1.559977 2.972376
 14229.000000 19.387883 1.564752 2.970154
 14232.000000 19.400561 1.578145 2.954980
 14235.000000 19.336049 1.569199 2.951579
 14238.000000 19.416789 1.587374 2.932263
 14241.000000 19.411583 1.578727 2.922492
 14244.000000 19.429409 1.590692 2.928942
 14247.000000 19.405154 1.570310 2.930966
 14250.000000 19.469411 1.576165 2.930837
 14253.000000 19.424380 1.585438 2.949085
 14256.000000 19.412884 1.593407 2.926004
 14259.000000 19.424923 1.606014 2.908173
 14262.000000 19.416659 1.612971 2.923320
 14265.000000 19.335327 1.593167 2.991270
 14268.000000 19.406711 1.610949 2.955063
 14271.000000 19.289870 1.590925 2.955952
 14274.000000 19.291768 1.589341 2.961242
 14277.000000 19.316778 1.600553 2.960607
 14280.000000 19.255158 1.593183 2.988303
 14283.000000 19.313558 1.576339 2.994452
 14286.000000 19.328425 1.557994 2.977712
 14289.000000 19.323683 1.556264 2.964427
 14292.000000 19.333401 1.578385 2.976466
 14295.000000 19.282202 1.575146 2.960771
 14298.000000 19.227379 1.606487 2.979413
 14301.000000 19.325881 1.563132 3.025536
 14304.000000 19.324962 1.565368 3.013517
 14307.000000 19.300200 1.569577 2.999880
 14310.000000 19.347927 1.567333 3.006112
 14313.000000 19.392117 1.583411 2.960051
 14316.000000 19.429999 1.570300 2.951559
 14319.000000 19.459387 1.556285 2.952269
 14322.000000 19.371434 1.526773 2.973970
 14325.000000 19.384687 1.533595 2.952253
 14328.000000 19.373670 1.547120 2.951123
 14331.000000 19.379000 1.558250 2.958717
 14334.000000 19.475302 1.558696 2.982047
 14337.000000 19.526974 1.549366 3.017971
 14340.000000 19.520135 1.536291 3.024725
 14343.000000 19.436877 1.567103 2.985582
 14346.000000 19.457070 1.571661 2.967331
 14349.000000 19.510609 1.575450 2.951322
 14352.000000 19.569621 1.564305 2.952830
 14355.000000 19.511311 1.595603 2.933023
 14358.000000 19.444340 1.582239 2.931743
 14361.000000 19.454292 1.570707 2.910047
 14364.000000 19.464851 1.551010 2.948449
 14367.000000 19.454548 1.565073 2.933703
 14370.000000 19.369615 1.557774 2.967448
 14373.000000 19.357758 1.556606 2.967127
 14376.000000 19.295324 1.564593 2.957322
 14379.000000 19.388179 1.566699 2.956674
 14382.000000 19.372906 1.555254 2.953423
 14385.000000 19.375813 1.566930 2.948771
 14388.000000 19.427808 1.562877 2.953023
 14391.000000 19.346066 1.565819 2.936508
 14394.000000 19.402540 1.554336 2.958641
 14397.000000 19.394375 1.552161 2.943433
 14400.000000 19.379055 1.555381 2.951174
 14403.000000 19.376561 1.559347 2.938681
 14406.000000 19.351279 1.533732 2.957354
 14409.000000 19.324749 1.523635 2.989860
 14412.000000 19.240219 1.534773 2.969879
 14415.000000 19.256346 1.527545 2.969620
 14418.000000 19.298992 1.527263 2.942872
 14421.000000 19.329974 1.530151 2.955208
 14424.000000 19.350256 1.525701 2.947990
 14427.000000 19.347703 1.525846 2.987341
 14430.000000 19.321724 1.521089 3.018509
 14433.000000 19.360112 1.548949 2.953756
 14436.000000 19.295268 1.543972 2.962324
 14439.000000 19.388462 1.547026 2.969039
 14442.000000 19.398911 1.550909 2.973601
 14445.000000 19.388214 1.540938 2.990172
 14448.000000 19.311410 1.535596 2.971883
 14451.000000 19.332951 1.528167 2.967135
 14454.000000 19.332603 1.527948 2.964768
 14457.000000 19.315959 1.562412 2.911319
 14460.000000 19.347591 1.527044 2.958329
 14463.000000 19.390293 1.525221 2.975926
 14466.000000 19.475956 1.519497 2.997281
 14469.000000 19.492755 1.555459 2.963125
 14472.000000 19.460806 1.545734 2.997526
 14475.000000 19.428014 1.568557 2.975020
 14478.000000 19.320129 1.559753 2.971741
 14481.000000 19.416182 1.558391 2.969991
 14484.000000 19.464053 1.579248 2.969989
 14487.000000 19.468448 1.570720 2.966955
 14490.000000 19.438199 1.575986 2.951574
 14493.000000 19.423813 1.579632 2.979761
 14496.000000 19.410052 1.552159 2.999955
 14499.000000 19.474239 1.565464 3.001738
 14502.000000 19.485996 1.551441 3.003058
 14505.000000 19.519031 1.550185 3.062807
 14508.000000 19.479410 1.547925 3.045295
 14511.000000 19.499839 1.578947 3.028286
 14514.000000 19.437026 1.578771 3.039779
 14517.000000 19.447156 1.576982 3.005853
 14520.000000 19.465698 1.589802 2.992788
 14523.000000 19.505364 1.594544 3.014601
 14526.000000 19.464098 1.616286 2.998484
 14529.000000 19.477606 1.610342 3.011139
 14532.000000 19.467182 1.600421 3.015648
 14535.000000 19.487929 1.583389 3.025557
 14538.000000 19.542083 1.576706 3.059422
 14541.000000 19.518368 1.602385 3.008086
 14544.000000 19.463651 1.593263 3.019261
 14547.000000 19.408768 1.568062 3.037212
 14550.000000 19.376140 1.569309 3.074547
 14553.000000 19.435080 1.590729 3.057318
 14556.000000 19.461247 1.578192 3.052331
 14559.000000 19.429776 1.603079 3.008746
 14562.000000 19.383909 1.590659 3.034618
 14565.000000 19.418896 1.575585 3.024134
 14568.000000 19.355838 1.584808 3.016066
 14571.000000 19.501562 1.566073 3.032749
 14574.000000 19.540167 1.571748 3.006036
 14577.000000 19.481056 1.580208 3.022646
 14580.000000 19.468965 1.590297 3.011211
 14583.000000 19.389669 1.595930 3.001230
 14586.000000 19.414904 1.554095 3.031266
 14589.000000 19.433581 1.544805 3.026886
 14592.000000 19.413221 1.548716 3.023816
 14595.000000 19.348042 1.539705 3.019112
 14598.000000 19.356533 1.550261 2.989263
 14601.000000 19.437243 1.549582 3.023328
 14604.000000 19.390694 1.551199 3.025128
 14607.000000 19.342613 1.545483 3.043963
 14610.000000 19.422931 1.546971 3.036441
 14613.000000 19.384753 1.563799 3.001040
 14616.000000 19.451676 1.583445 2.993913
 14619.000000 19.471620 1.568213 3.010849
 14622.000000 19.388599 1.570638 3.036066
 14625.000000 19.368442 1.596784 2.959775
 14628.000000 19.330535 1.577150 2.993637
 14631.000000 19.342814 1.584240 3.009883
 14634.000000 19.411314 1.567044 3.041753
 14637.000000 19.481599 1.599645 3.000242
 14640.000000 19.416609 1.584285 3.012935
 14643.000000 19.399894 1.579505 3.015188
 14646.000000 19.429221 1.593912 2.995025
 14649.000000 19.342731 1.600635 2.980646
 14652.000000 19.344738 1.592148 2.997382
 14655.000000 19.333291 1.577466 3.045785
 14658.000000 19.373715 1.599487 3.009566
 14661.000000 19.361229 1.620529 2.991502
 14664.000000 19.343767 1.633215 2.956978
 14667.000000 19.291946 1.614419 2.966641
 14670.000000 19.195103 1.627518 2.971083
 14673.000000 19.243364 1.612969 2.981248
 14676.000000 19.279018 1.630827 2.959389
 14679.000000 19.218245 1.602148 2.979053
 14682.000000 19.249055 1.589148 3.021896
 14685.000000 19.232300 1.607035 3.028668
 14688.000000 19.309412 1.607853 3.025004
 14691.000000 19.227738 1.605942 3.014710
 14694.000000 19.221195 1.613823 3.033741
 14697.000000 19.236105 1.621248 2.975918
 14700.000000 19.208071 1.624231 2.970290
 14703.000000 19.179955 1.626455 2.989079
 14706.000000 19.275502 1.623514 2.983896
 14709.000000 19.280159 1.624294 2.972593
 14712.000000 19.267460 1.625634 2.978959
 14715.000000 19.293401 1.604849 3.019546
 14718.000000 19.303318 1.597055 3.004545
 14721.000000 19.258506 1.590243 2.995842
 14724.000000 19.320599 1.601491 2.978111
 14727.000000 19.354290 1.575391 3.003694
 14730.000000 19.318961 1.529421 3.050943
 14733.000000 19.343344 1.539265 3.034581
 14736.000000 19.306495 1.566887 3.017247
 14739.000000 19.263949 1.583504 2.985347
 14742.000000 19.308721 1.582895 2.995418
 14745.000000 19.236861 1.572299 2.992451
 14748.000000 19.292305 1.609995 2.978417
 14751.000000 19.289727 1.605429 2.991442
 14754.000000 19.246274 1.565182 3.006652
 14757.000000 19.222588 1.568533 3.009838
 14760.000000 19.190446 1.548506 3.042091
 14763.000000 19.312254 1.549649 3.049166
 14766.000000 19.354323 1.531276 3.047833
 14769.000000 19.413051 1.555661 2.999927
 14772.000000 19.360781 1.559190 3.006337
 14775.000000 19.364510 1.572962 3.011886
 14778.000000 19.289258 1.591700 3.006745
 14781.000000 19.397669 1.589126 3.009497
 14784.000000 19.331227 1.588930 3.004085
 14787.000000 19.343172 1.606129 2.982056
 14790.000000 19.306320 1.588140 3.030177
 14793.000000 19.268187 1.606778 2.976936
 14796.000000 19.282241 1.582739 3.033311
 14799.000000 19.227250 1.572787 3.023100
 14802.000000 19.241547 1.606641 3.000037
 14805.000000 19.263195 1.625256 3.017585
 14808.000000 19.272384 1.652023 2.982582
 14811.000000 19.237448 1.636330 3.018078
 14814.000000 19.321507 1.635880 3.004284
 14817.000000 19.318703 1.603438 3.022390
 14820.000000 19.313092 1.633680 2.972204
 14823.000000 19.339097 1.627058 2.987357
 14826.000000 19.368071 1.593972 2.987445
 14829.000000 19.416254 1.604137 3.009706
 14832.000000 19.440718 1.606681 2.979968
 14835.000000 19.330318 1.606009 2.973876
 14838.000000 19.258301 1.591985 2.983708
 14841.000000 19.310980 1.593837 2.956060
 14844.000000 19.253217 1.585380 2.988895
 14847.000000 19.318971 1.577841 2.966939
 14850.000000 19.314739 1.610783 2.979822
 14853.000000 19.282061 1.608460 3.012698
 14856.000000 19.272196 1.615985 2.959825
 14859.000000 19.290816 1.617815 2.949542
 14862.000000 19.304989 1.619856 2.989971
 14865.000000 19.290953 1.604129 2.986409
 14868.000000 19.314639 1.607109 2.967694
 14871.000000 19.319984 1.576708 3.008569
 14874.000000 19.327779 1.589398 3.004927
 14877.000000 19.292004 1.585046 2.992273
 14880.000000 19.250616 1.592899 2.996675
 14883.000000 19.176163 1.602152 2.973865
 14886.000000 19.283565 1.614907 2.955465
 14889.000000 19.216135 1.609578 2.983916
 14892.000000 19.211005 1.604827 2.972718
 14895.000000 19.234336 1.585602 3.011723
 14898.000000 19.302522 1.586849 3.037374
 14901.000000 19.271684 1.621570 2.987920
 14904.000000 19.353967 1.623800 2.982156
 14907.000000 19.302553 1.581030 3.021419
 14910.000000 19.337634 1.592220 3.029179
 14913.000000 19.339896 1.578979 3.014611
 14916.000000 19.353731 1.591469 3.020475
 14919.000000 19.337155 1.581143 3.022997
 14922.000000 19.365680 1.576285 3.013001
 14925.000000 19.351226 1.585450 3.030664
 14928.000000 19.349588 1.572950 3.016904
 14931.000000 19.414443 1.588530 2.970807
 14934.000000 19.366955 1.570358 2.947637
 14937.000000 19.350382 1.558463 2.992207
 14940.000000 19.398487 1.559386 3.013677
 14943.000000 19.347695 1.558484 3.014429
 14946.000000 19.319348 1.560488 3.007147
 14949.000000 19.293653 1.561459 3.024601
 14952.000000 19.307771 1.555209 2.998829
 14955.000000 19.384697 1.559124 2.988950
 14958.000000 19.364638 1.573186 2.980691
 14961.000000 19.388223 1.563359 2.962088
 14964.000000 19.389727 1.563608 3.002559
 14967.000000 19.345723 1.557691 3.015188
 14970.000000 19.405556 1.561589 3.018254
 14973.000000 19.391084 1.562575 2.982353
 14976.000000 19.393342 1.572443 2.970789
 14979.000000 19.427643 1.591087 2.953194
 14982.000000 19.387086 1.599780 2.953998
 14985.000000 19.452586 1.596319 2.980853
 14988.000000 19.338687 1.595937 2.954906
 14991.000000 19.296576 1.604717 2.960622
 14994.000000 19.309828 1.599219 2.925118
 14997.000000 19.389422 1.625349 2.944557
 15000.000000 19.374371 1.580542 2.998578
 15003.000000 19.312619 1.587882 3.023622
 15006.000000 19.292368 1.586335 3.006117
 15009.000000 19.304371 1.591479 3.014390
 15012.000000 19.328103 1.587218 2.997934
 15015.000000 19.282084 1.592101 2.983305
 15018.000000 19.233512 1.603245 2.969642
 15021.000000 19.241030 1.593521 2.955156
 15024.000000 19.322699 1.592177 2.968260
 15027.000000 19.315806 1.596224 2.962450
 15030.000000 19.337837 1.595435 2.965933
 15033.000000 19.320433 1.594790 2.989565
 15036.000000 19.303057 1.639042 2.969206
 15039.000000 19.342053 1.596859 3.021686
 15042.000000 19.389026 1.589970 3.033062
 15045.000000 19.367983 1.584109 3.005106
 15048.000000 19.313143 1.583951 3.018971
 15051.000000 19.239051 1.578572 3.007223
 15054.000000 19.195568 1.567928 3.040401
 15057.000000 19.171247 1.555131 3.000497
 15060.000000 19.326421 1.569379 2.967285
 15063.000000 19.344408 1.574351 2.985057
 15066.000000 19.329279 1.578052 2.972649
 15069.000000 19.395640 1.553156 2.989470
 15072.000000 19.393621 1.560612 2.992814
 15075.000000 19.402611 1.554748 2.983466
 15078.000000 19.443935 1.549440 2.984500
 15081.000000 19.368999 1.548671 2.911616
 15084.000000 19.401479 1.531769 2.951685
 15087.000000 19.459416 1.530374 2.930371
 15090.000000 19.402059 1.532419 2.968729
 15093.000000 19.435636 1.555640 2.971572
 15096.000000 19.432694 1.533022 2.978999
 15099.000000 19.479352 1.523190 2.958529
 15102.000000 19.452545 1.514788 2.954361
 15105.000000 19.433787 1.534506 2.948635
 15108.000000 19.453129 1.528487 2.989810
 15111.000000 19.435034 1.502391 2.997623
 15114.000000 19.473571 1.489546 3.014006
 15117.000000 19.446367 1.532933 2.986026
 15120.000000 19.373801 1.513209 2.981177
 15123.000000 19.460024 1.525969 2.977182
 15126.000000 19.380033 1.507051 2.968788
 15129.000000 19.435479 1.513608 3.012298
 15132.000000 19.450722 1.515740 3.009846
 15135.000000 19.398929 1.531385 3.000845
 15138.000000 19.470340 1.539466 2.971752
 15141.000000 19.516214 1.531056 2.999832
 15144.000000 19.454904 1.538835 2.966783
 15147.000000 19.409427 1.528226 2.968189
 15150.000000 19.415896 1.519863 3.001205
 15153.000000 19.434619 1.497293 3.000471
 15156.000000 19.463607 1.497369 2.987778
 15159.000000 19.432611 1.496918 2.954851
 15162.000000 19.459884 1.521960 2.966338
 15165.000000 19.390965 1.508791 2.978422
 15168.000000 19.333605 1.495816 2.975612
 15171.000000 19.360883 1.457353 3.033659
 15174.000000 19.364674 1.476708 3.003085
 15177.000000 19.371339 1.476746 2.971987
 15180.000000 19.328644 1.478366 2.976860
 15183.000000 19.286224 1.497286 2.948959
 15186.000000 19.395160 1.501194 2.958781
 15189.000000 19.414334 1.497504 2.989683
 15192.000000 19.431153 1.484365 3.014006
 15195.000000 19.433706 1.468615 3.006266
 15198.000000 19.480754 1.518675 2.967589
 15201.000000 19.546001 1.547415 2.973071
 15204.000000 19.502125 1.539880 2.972693
 15207.000000 19.471974 1.549225 2.977827
 15210.000000 19.465355 1.518122 3.009666
 15213.000000 19.497359 1.536652 2.978708
 15216.000000 19.414893 1.554903 2.954428
 15219.000000 19.432235 1.523127 3.020073
 15222.000000 19.338295 1.544311 2.993473
 15225.000000 19.354433 1.552303 2.981832
 15228.000000 19.391997 1.559982 2.983045
 15231.000000 19.463035 1.545411 2.997362
 15234.000000 19.447616 1.549426 3.021209
 15237.000000 19.342050 1.563798 3.001099
 15240.000000 19.401546 1.540961 3.006834
 15243.000000 19.389826 1.531631 3.001176
 15246.000000 19.332143 1.519846 3.025600
 15249.000000 19.415499 1.536895 3.014291
 15252.000000 19.575265 1.549669 2.997809
 15255.000000 19.560384 1.552539 2.986659
 15258.000000 19.565070 1.535168 3.012744
 15261.000000 19.568696 1.541588 3.001815
 15264.000000 19.614008 1.556627 3.007636
 15267.000000 19.570440 1.552965 2.991127
 15270.000000 19.503087 1.542822 2.986268
 15273.000000 19.563495 1.529761 2.985545
 15276.000000 19.530874 1.548549 2.981273
 15279.000000 19.609456 1.542171 2.996561
 15282.000000 19.551503 1.537437 2.975216
 15285.000000 19.553326 1.556338 2.934103
 15288.000000 19.502586 1.564870 2.929164
 15291.000000 19.501150 1.525179 2.984753
 15294.000000 19.510216 1.504730 3.008053
 15297.000000 19.552813 1.505864 2.998050
 15300.000000 19.514340 1.530271 2.962560
 15303.000000 19.460090 1.519898 2.959108
 15306.000000 19.484883 1.523119 2.964899
 15309.000000 19.490134 1.523198 2.967999
 15312.000000 19.513612 1.522768 2.971007
 15315.000000 19.455101 1.510951 2.997814
 15318.000000 19.495925 1.497017 3.011404
 15321.000000 19.466324 1.518339 3.007072
 15324.000000 19.480596 1.494704 3.015596
 15327.000000 19.509247 1.523910 2.989318
 15330.000000 19.434079 1.492313 3.018870
 15333.000000 19.449570 1.503464 2.987815
 15336.000000 19.509053 1.518557 2.970052
 15339.000000 19.524065 1.526900 2.985495
 15342.000000 19.468277 1.503667 2.988840
 15345.000000 19.380243 1.506966 3.035141
 15348.000000 19.354027 1.537311 2.953270
 15351.000000 19.333989 1.528035 3.016790
 15354.000000 19.419234 1.524240 3.023050
 15357.000000 19.377435 1.524757 3.006933
 15360.000000 19.393833 1.501674 2.987065
 15363.000000 19.407839 1.499094 3.015058
 15366.000000 19.470367 1.475920 3.025515
 15369.000000 19.480576 1.493628 3.005046
 15372.000000 19.522576 1.503667 3.010694
 15375.000000 19.548340 1.504782 3.014761
 15378.000000 19.420902 1.502936 3.051504
 15381.000000 19.539809 1.497912 3.046490
 15384.000000 19.469784 1.514947 3.022551
 15387.000000 19.474026 1.527628 3.027135
 15390.000000 19.473674 1.534211 3.016196
 15393.000000 19.489433 1.551198 2.974658
 15396.000000 19.522361 1.573170 2.953832
 15399.000000 19.502242 1.558914 2.959195
 15402.000000 19.540678 1.579175 2.945435
 15405.000000 19.560411 1.559451 2.952748
 15408.000000 19.582840 1.535455 2.983105
 15411.000000 19.555171 1.561288 2.952781
 15414.000000 19.530252 1.550078 2.987256
 15417.000000 19.562217 1.541558 3.022569
 15420.000000 19.530935 1.538039 3.000917
 15423.000000 19.436896 1.538964 3.016503
 15426.000000 19.377905 1.543216 3.008088
 15429.000000 19.319441 1.546254 2.987880
 15432.000000 19.256496 1.504217 3.049093
 15435.000000 19.332043 1.504587 3.039583
 15438.000000 19.273277 1.503541 2.997652
 15441.000000 19.271503 1.535278 3.008021
 15444.000000 19.277861 1.541473 2.977832
 15447.000000 19.258522 1.510359 3.008964
 15450.000000 19.224582 1.536348 2.980684
 15453.000000 19.266964 1.529721 3.013253
 15456.000000 19.363975 1.516732 3.049943
 15459.000000 19.326745 1.528901 3.009512
 15462.000000 19.424928 1.532685 2.991508
 15465.000000 19.419159 1.531280 2.988083
 15468.000000 19.504583 1.542331 2.971525
 15471.000000 19.512895 1.515977 2.979931
 15474.000000 19.498403 1.518598 2.994834
 15477.000000 19.491484 1.494143 3.022685
 15480.000000 19.475956 1.503582 2.982324
 15483.000000 19.469698 1.536313 2.951811
 15486.000000 19.440767 1.532927 2.966071
 15489.000000 19.490691 1.551126 2.972953
 15492.000000 19.424407 1.542659 2.990045
 15495.000000 19.379650 1.520367 3.004395
 15498.000000 19.432457 1.565069 2.969548
 15501.000000 19.399964 1.599998 2.928677
 15504.000000 19.476056 1.587723 2.941179
 15507.000000 19.319646 1.588362 2.946039
 15510.000000 19.339863 1.569191 2.974276
 15513.000000 19.302877 1.560348 2.971242
 15516.000000 19.263805 1.535060 2.983424
 15519.000000 19.270176 1.538454 2.976039
 15522.000000 19.315905 1.523047 2.989091
 15525.000000 19.225922 1.546790 2.944634
 15528.000000 19.195541 1.510932 2.995680
 15531.000000 19.238476 1.512460 3.001664
 15534.000000 19.259103 1.493158 3.014560
 15537.000000 19.217179 1.490215 3.002283
 15540.000000 19.279477 1.480750 3.015557
 15543.000000 19.279769 1.532004 2.957163
 15546.000000 19.266183 1.514240 2.978583
 15549.000000 19.215776 1.494726 2.961782
 15552.000000 19.276659 1.524289 2.934353
 15555.000000 19.264100 1.528691 2.928681
 15558.000000 19.283111 1.530868 2.964780
 15561.000000 19.259778 1.503515 3.022777
 15564.000000 19.281743 1.509818 3.025808
 15567.000000 19.239529 1.529831 3.023655
 15570.000000 19.197742 1.535392 3.020672
 15573.000000 19.239243 1.526907 2.995327
 15576.000000 19.229067 1.507298 3.021695
 15579.000000 19.232697 1.533065 3.028991
 15582.000000 19.264773 1.535629 3.026388
 15585.000000 19.294855 1.518976 3.044783
 15588.000000 19.248608 1.499253 3.037201
 15591.000000 19.366949 1.514749 3.005394
 15594.000000 19.432625 1.514314 2.993650
 15597.000000 19.409333 1.519173 3.001810
 15600.000000 19.368424 1.501330 3.050821
 15603.000000 19.421959 1.513435 3.039158
 15606.000000 19.469890 1.518511 3.016286
 15609.000000 19.501980 1.538049 3.016313
 15612.000000 19.503781 1.563018 3.006659
 15615.000000 19.560293 1.545588 3.046561
 15618.000000 19.444704 1.551147 3.059292
 15621.000000 19.514819 1.509878 3.066082
 15624.000000 19.383529 1.517238 3.065150
 15627.000000 19.467558 1.520684 3.040508
 15630.000000 19.475922 1.532070 3.013133
 15633.000000 19.505700 1.533139 3.013191
 15636.000000 19.469492 1.525378 3.014118
 15639.000000 19.421855 1.546740 3.004398
 15642.000000 19.511139 1.557747 2.983194
 15645.000000 19.487309 1.545817 2.969480
 15648.000000 19.432625 1.541569 2.949923
 15651.000000 19.470330 1.557656 2.967800
 15654.000000 19.464367 1.563900 2.965141
 15657.000000 19.433078 1.547465 2.968408
 15660.000000 19.475515 1.535793 2.981703
 15663.000000 19.448281 1.558023 2.946378
 15666.000000 19.508589 1.569919 2.976371
 15669.000000 19.493018 1.588185 2.959847
 15672.000000 19.473885 1.587659 2.997485
 15675.000000 19.480189 1.581775 2.977927
 15678.000000 19.476805 1.595911 2.968882
 15681.000000 19.471926 1.588000 2.994080
 15684.000000 19.476056 1.587841 2.970930
 15687.000000 19.535471 1.573067 2.991845
 15690.000000 19.407214 1.566756 2.997286
 15693.000000 19.486203 1.595583 2.984624
 15696.000000 19.393008 1.585520 3.025461
 15699.000000 19.410244 1.562501 3.036898
 15702.000000 19.393518 1.569604 3.022547
 15705.000000 19.341952 1.552401 3.008719
 15708.000000 19.364779 1.588960 2.978956
 15711.000000 19.335252 1.596422 2.992021
 15714.000000 19.290223 1.583900 2.977846
 15717.000000 19.404832 1.591998 2.964758
 15720.000000 19.387393 1.569936 2.960078
 15723.000000 19.325058 1.569907 2.940137
 15726.000000 19.286632 1.596422 2.943906
 15729.000000 19.346378 1.571519 2.982353
 15732.000000 19.371763 1.581777 2.967615
 15735.000000 19.366673 1.552013 2.990589
 15738.000000 19.314819 1.567069 2.960250
 15741.000000 19.357294 1.582817 2.984979
 15744.000000 19.335189 1.599820 3.002148
 15747.000000 19.329209 1.602456 2.968288
 15750.000000 19.265865 1.595247 2.975655
 15753.000000 19.240266 1.617815 2.963621
 15756.000000 19.301752 1.587718 3.015339
 15759.000000 19.357522 1.594386 2.985247
 15762.000000 19.378265 1.598002 2.931139
 15765.000000 19.342116 1.609255 2.931715
 15768.000000 19.367636 1.580882 2.950601
 15771.000000 19.373730 1.575675 2.996717
 15774.000000 19.471697 1.580334 2.997697
 15777.000000 19.474049 1.585746 2.969926
 15780.000000 19.509397 1.578485 3.007014
 15783.000000 19.536920 1.564273 3.018228
 15786.000000 19.539559 1.592117 2.967879
 15789.000000 19.620530 1.576874 2.964763
 15792.000000 19.548344 1.562485 2.984375
 15795.000000 19.600154 1.581969 2.977021
 15798.000000 19.538778 1.583715 2.949677
 15801.000000 19.485866 1.568173 2.957705
 15804.000000 19.488711 1.554452 2.992461
 15807.000000 19.456277 1.590202 2.990188
 15810.000000 19.477912 1.594594 2.926559
 15813.000000 19.350322 1.587311 2.912208
 15816.000000 19.386191 1.590097 2.920052
 15819.000000 19.312589 1.561568 2.954250
 15822.000000 19.410780 1.557309 2.957367
 15825.000000 19.337883 1.560729 2.956409
 15828.000000 19.323250 1.536938 2.967786
 15831.000000 19.326649 1.541648 2.979688
 15834.000000 19.353073 1.549035 2.997264
 15837.000000 19.332996 1.555345 2.970319
 15840.000000 19.440160 1.546043 2.974211
 15843.000000 19.465134 1.552794 2.950744
 15846.000000 19.442935 1.536537 2.974160
 15849.000000 19.405128 1.547128 2.938699
 15852.000000 19.537314 1.537942 2.929589
 15855.000000 19.560648 1.532855 2.956559
 15858.000000 19.507644 1.543264 2.949907
 15861.000000 19.402072 1.545244 2.974016
 15864.000000 19.370709 1.541639 2.976577
 15867.000000 19.410863 1.505798 3.010640
 15870.000000 19.361239 1.545958 3.021350
 15873.000000 19.397972 1.569072 2.973738
 15876.000000 19.374777 1.548349 2.964911
 15879.000000 19.416069 1.555653 2.979395
 15882.000000 19.473186 1.555867 2.960060
 15885.000000 19.505062 1.544727 2.982001
 15888.000000 19.416633 1.522524 3.012337
 15891.000000 19.375070 1.530159 2.982549
 15894.000000 19.385534 1.530303 2.984895
 15897.000000 19.367998 1.528551 2.968024
 15900.000000 19.357578 1.559547 2.955314
 15903.000000 19.406240 1.565664 2.971217
 15906.000000 19.399743 1.535163 3.022064
 15909.000000 19.345989 1.566617 3.001465
 15912.000000 19.397914 1.564459 2.999490
 15915.000000 19.398675 1.554546 2.983244
 15918.000000 19.377203 1.551686 2.992173
 15921.000000 19.388674 1.549726 2.972603
 15924.000000 19.419527 1.554105 2.982573
 15927.000000 19.489179 1.553829 2.974262
 15930.000000 19.466702 1.602596 2.942371
 15933.000000 19.414300 1.588761 2.970475
 15936.000000 19.369539 1.590959 2.900063
 15939.000000 19.474634 1.572554 2.901892
 15942.000000 19.430052 1.572835 2.896393
 15945.000000 19.401104 1.551314 2.898527
 15948.000000 19.376896 1.531398 2.920565
 15951.000000 19.361686 1.536298 2.928629
 15954.000000 19.430189 1.542489 2.907238
 15957.000000 19.447406 1.523448 2.940468
 15960.000000 19.407761 1.507869 2.946800
 15963.000000 19.470298 1.490206 2.934881
 15966.000000 19.430541 1.502748 2.970188
 15969.000000 19.450684 1.521142 2.925394
 15972.000000 19.477289 1.522462 2.928998
 15975.000000 19.496699 1.514900 2.947615
 15978.000000 19.550081 1.473458 2.964602
 15981.000000 19.551419 1.482192 2.977097
 15984.000000 19.574367 1.456915 2.993144
 15987.000000 19.552892 1.451987 2.980169
 15990.000000 19.546204 1.446243 2.978187
 15993.000000 19.509956 1.449525 2.986013
 15996.000000 19.522034 1.427921 3.002616
 15999.000000 19.472082 1.462200 2.988431
 16002.000000 19.565109 1.471150 2.973498
 16005.000000 19.586942 1.490801 2.953092
 16008.000000 19.589856 1.466654 2.986536
 16011.000000 19.537178 1.496084 2.943183
 16014.000000 19.501542 1.498251 2.945945
 16017.000000 19.508071 1.499331 2.946271
 16020.000000 19.517650 1.482783 2.979613
 16023.000000 19.545312 1.483377 2.977949
 16026.000000 19.565502 1.472470 2.999033
 16029.000000 19.539179 1.427385 3.029363
 16032.000000 19.512119 1.456101 2.992814
 16035.000000 19.491220 1.468609 2.964610
 16038.000000 19.493880 1.480207 2.970348
 16041.000000 19.526273 1.488965 2.979777
 16044.000000 19.502589 1.486599 2.930347
 16047.000000 19.559013 1.488329 2.947281
 16050.000000 19.563339 1.486192 2.967602
 16053.000000 19.525227 1.502320 2.917351
 16056.000000 19.524729 1.495657 2.879691
 16059.000000 19.520464 1.498752 2.869896
 16062.000000 19.495189 1.500058 2.884085
 16065.000000 19.511139 1.494529 2.912018
 16068.000000 19.469595 1.485041 2.917272
 16071.000000 19.519091 1.517912 2.910214
 16074.000000 19.486653 1.495524 2.940779
 16077.000000 19.500874 1.480749 2.960917
 16080.000000 19.443691 1.477700 3.017009
 16083.000000 19.417903 1.480499 3.012474
 16086.000000 19.397714 1.492771 2.998077
 16089.000000 19.458683 1.500372 3.038194
 16092.000000 19.506616 1.489772 3.025864
 16095.000000 19.465504 1.502909 2.998168
 16098.000000 19.477796 1.535163 3.005501
 16101.000000 19.411444 1.527335 2.970660
 16104.000000 19.417649 1.540436 2.962351
 16107.000000 19.382951 1.527432 2.949647
 16110.000000 19.385515 1.510034 2.948278
 16113.000000 19.453826 1.538335 2.949205
 16116.000000 19.468056 1.538641 2.961534
 16119.000000 19.450473 1.562922 2.957688
 16122.000000 19.506955 1.578946 2.928765
 16125.000000 19.530155 1.541953 2.963160
 16128.000000 19.534224 1.541885 2.956788
 16131.000000 19.602217 1.520909 2.975637
 16134.000000 19.540132 1.474585 3.031894
 16137.000000 19.497664 1.495042 2.986114
 16140.000000 19.468698 1.504406 2.988640
 16143.000000 19.557858 1.513210 2.948573
 16146.000000 19.614545 1.507564 3.004441
 16149.000000 19.636960 1.521125 3.011963
 16152.000000 19.614818 1.539083 2.972510
 16155.000000 19.496131 1.535034 2.940718
 16158.000000 19.564627 1.528409 2.942316
 16161.000000 19.459508 1.489500 3.013354
 16164.000000 19.457961 1.505533 2.981156
 16167.000000 19.464439 1.476727 3.021613
 16170.000000 19.482063 1.501787 2.992786
 16173.000000 19.479029 1.484918 3.013130
 16176.000000 19.509247 1.484709 2.993105
 16179.000000 19.456826 1.470772 3.010541
 16182.000000 19.447052 1.481940 3.014078
 16185.000000 19.405504 1.478706 3.023262
 16188.000000 19.472993 1.512773 3.015887
 16191.000000 19.495994 1.522208 2.968267
 16194.000000 19.509933 1.507286 2.971323
 16197.000000 19.409232 1.507013 2.975411
 16200.000000 19.430910 1.517105 2.967336
 16203.000000 19.510537 1.504728 2.958487
 16206.000000 19.409551 1.519400 2.920973
 16209.000000 19.456374 1.534103 2.916355
 16212.000000 19.459253 1.523140 2.919480
 16215.000000 19.471019 1.529624 2.881419
 16218.000000 19.487944 1.529408 2.871509
 16221.000000 19.533534 1.518186 2.874705
 16224.000000 19.502938 1.542887 2.855714
 16227.000000 19.537538 1.541261 2.843500
 16230.000000 19.531671 1.519663 2.892578
 16233.000000 19.502092 1.532822 2.910900
 16236.000000 19.474840 1.525268 2.927171
 16239.000000 19.397832 1.506565 2.938453
 16242.000000 19.443185 1.508151 2.958760
 16245.000000 19.485857 1.494872 2.953877
 16248.000000 19.494171 1.496813 2.975915
 16251.000000 19.528227 1.519465 2.918809
 16254.000000 19.543362 1.513934 2.943699
 16257.000000 19.524985 1.523094 2.924365
 16260.000000 19.581052 1.516922 2.933150
 16263.000000 19.581873 1.515883 2.936421
 16266.000000 19.559204 1.527661 2.912208
 16269.000000 19.552265 1.518599 2.927180
 16272.000000 19.510347 1.536474 2.894037
 16275.000000 19.567356 1.529968 2.902736
 16278.000000 19.566679 1.517017 2.922112
 16281.000000 19.591550 1.518326 2.955348
 16284.000000 19.589928 1.528842 2.957849
 16287.000000 19.623296 1.523305 2.978989
 16290.000000 19.613605 1.523872 2.946545
 16293.000000 19.581090 1.525414 2.934352
 16296.000000 19.526125 1.512191 2.933996
 16299.000000 19.479322 1.496444 2.951650
 16302.000000 19.578775 1.506892 2.969443
 16305.000000 19.496289 1.512829 2.964667
 16308.000000 19.532015 1.534676 2.937866
 16311.000000 19.496711 1.520292 2.904475
 16314.000000 19.484757 1.508101 2.908088
 16317.000000 19.451276 1.498343 2.920846
 16320.000000 19.421416 1.526616 2.899385
 16323.000000 19.417387 1.499550 2.897024
 16326.000000 19.469170 1.502440 2.915909
 16329.000000 19.442229 1.494639 2.912474
 16332.000000 19.408472 1.518181 2.921461
 16335.000000 19.412396 1.523232 2.870927
 16338.000000 19.390657 1.489990 2.894437
 16341.000000 19.368005 1.487989 2.877701
 16344.000000 19.318176 1.514293 2.842740
 16347.000000 19.284758 1.526486 2.857715
 16350.000000 19.333383 1.520564 2.909468
 16353.000000 19.396381 1.505899 2.923839
 16356.000000 19.392352 1.498498 2.968532
 16359.000000 19.432349 1.488997 2.959250
 16362.000000 19.383721 1.473842 2.998789
 16365.000000 19.449946 1.485242 2.961794
 16368.000000 19.443342 1.477471 2.936378
 16371.000000 19.478901 1.490281 2.925969
 16374.000000 19.458802 1.483402 2.918842
 16377.000000 19.533364 1.489818 2.952732
 16380.000000 19.553116 1.500214 2.951199
 16383.000000 19.494864 1.502349 2.943550
 16386.000000 19.542430 1.498420 2.946159
 16389.000000 19.572021 1.506864 2.945303
 16392.000000 19.514478 1.492396 2.951974
 16395.000000 19.522759 1.468817 2.976666
 16398.000000 19.514624 1.475070 2.947768
 16401.000000 19.494810 1.490840 2.970924
 16404.000000 19.545493 1.467550 2.998401
 16407.000000 19.634698 1.461815 3.020940
 16410.000000 19.590126 1.480700 2.981280
 16413.000000 19.591950 1.481765 2.971622
 16416.000000 19.604518 1.504668 2.941880
 16419.000000 19.554132 1.517049 2.920584
 16422.000000 19.461644 1.516951 2.915263
 16425.000000 19.456154 1.509157 2.925598
 16428.000000 19.454850 1.513140 2.910400
 16431.000000 19.378106 1.505275 2.921119
 16434.000000 19.447877 1.507665 2.912645
 16437.000000 19.452466 1.508800 2.948016
 16440.000000 19.428388 1.530654 2.934816
 16443.000000 19.457306 1.513075 2.955256
 16446.000000 19.446302 1.494046 2.975982
 16449.000000 19.540218 1.504080 2.977484
 16452.000000 19.457740 1.499898 2.979264
 16455.000000 19.374403 1.519386 2.947383
 16458.000000 19.365306 1.505494 2.955784
 16461.000000 19.418018 1.536349 2.923295
 16464.000000 19.417636 1.539462 2.932461
 16467.000000 19.474932 1.568792 2.906588
 16470.000000 19.469959 1.544610 2.923189
 16473.000000 19.522647 1.526207 2.993454
 16476.000000 19.526919 1.550246 2.960818
 16479.000000 19.622668 1.522360 2.939173
 16482.000000 19.569488 1.502211 2.992381
 16485.000000 19.511084 1.464078 3.000201
 16488.000000 19.502610 1.513745 2.940854
 16491.000000 19.512842 1.531280 2.935732
 16494.000000 19.424830 1.545016 2.949437
 16497.000000 19.436526 1.565142 2.940210
 16500.000000 19.471718 1.550678 2.959520
 16503.000000 19.454770 1.565210 2.943444
 16506.000000 19.470643 1.546275 2.953642
 16509.000000 19.475538 1.530383 2.995702
 16512.000000 19.533177 1.536908 2.976746
 16515.000000 19.584268 1.510409 3.011707
 16518.000000 19.636660 1.534223 2.993429
 16521.000000 19.583723 1.488470 3.020758
 16524.000000 19.565454 1.538460 2.969849
 16527.000000 19.650582 1.524677 2.991879
 16530.000000 19.593241 1.519638 2.985431
 16533.000000 19.595441 1.543839 2.974793
 16536.000000 19.606477 1.516332 3.012600
 16539.000000 19.483348 1.515377 3.005463
 16542.000000 19.508315 1.515464 2.987500
 16545.000000 19.404239 1.490993 2.996503
 16548.000000 19.390166 1.482537 2.984863
 16551.000000 19.363160 1.476116 2.991489
 16554.000000 19.397269 1.471683 3.007644
 16557.000000 19.326571 1.527543 2.933252
 16560.000000 19.328062 1.491993 2.981646
 16563.000000 19.322534 1.505956 2.991881
 16566.000000 19.407407 1.516360 2.999227
 16569.000000 19.460844 1.498019 2.996253
 16572.000000 19.454042 1.493241 2.958960
 16575.000000 19.511304 1.515244 2.975976
 16578.000000 19.431619 1.508297 2.903148
 16581.000000 19.404991 1.547306 2.899964
 16584.000000 19.493807 1.548870 2.943457
 16587.000000 19.469798 1.555159 2.938225
 16590.000000 19.457660 1.565172 2.897519
 16593.000000 19.534867 1.546510 2.923398
 16596.000000 19.513252 1.525345 2.977328
 16599.000000 19.535559 1.538984 2.976330
 16602.000000 19.453005 1.550654 2.976189
 16605.000000 19.385916 1.543185 2.942991
 16608.000000 19.427032 1.572526 2.945670
 16611.000000 19.389195 1.537208 2.958117
 16614.000000 19.423178 1.515836 2.970784
 16617.000000 19.481150 1.511825 2.977143
 16620.000000 19.510438 1.535437 3.002682
 16623.000000 19.541569 1.547669 2.983950
 16626.000000 19.408477 1.549821 2.975035
 16629.000000 19.354850 1.536008 3.006215
 16632.000000 19.402999 1.546682 2.985981
 16635.000000 19.382619 1.540524 2.947729
 16638.000000 19.351452 1.528594 2.937770
 16641.000000 19.387331 1.520908 2.973564
 16644.000000 19.427930 1.539402 2.953349
 16647.000000 19.324132 1.514856 2.991859
 16650.000000 19.372272 1.523447 2.957462
 16653.000000 19.386915 1.502617 2.990956
 16656.000000 19.384937 1.529478 2.963434
 16659.000000 19.349035 1.518698 2.951968
 16662.000000 19.451767 1.517553 2.946500
 16665.000000 19.400193 1.511572 2.945173
 16668.000000 19.438828 1.533968 2.952661
 16671.000000 19.422259 1.527905 2.914199
 16674.000000 19.421804 1.527464 2.940361
 16677.000000 19.536209 1.527511 2.941950
 16680.000000 19.488858 1.542144 2.937038
 16683.000000 19.439728 1.534075 2.969980
 16686.000000 19.517666 1.495285 2.991517
 16689.000000 19.517018 1.513561 2.948680
 16692.000000 19.582927 1.525521 2.937012
 16695.000000 19.566264 1.514808 2.968526
 16698.000000 19.557516 1.487606 2.989088
 16701.000000 19.474674 1.484085 2.996958
 16704.000000 19.448492 1.488376 2.976361
 16707.000000 19.530722 1.505571 2.949416
 16710.000000 19.516250 1.528006 2.924580
 16713.000000 19.486072 1.529814 2.932505
 16716.000000 19.517979 1.504010 2.961991
 16719.000000 19.624769 1.496370 2.960328
 16722.000000 19.671470 1.489584 2.973241
 16725.000000 19.616599 1.509098 2.962109
 16728.000000 19.610308 1.509962 2.987112
 16731.000000 19.502812 1.541819 2.942495
 16734.000000 19.521196 1.548045 2.962610
 16737.000000 19.539239 1.564797 2.964788
 16740.000000 19.536467 1.570905 2.958491
 16743.000000 19.613050 1.568867 2.941725
 16746.000000 19.555936 1.552536 2.943113
 16749.000000 19.574519 1.567800 2.955399
 16752.000000 19.658629 1.556527 2.967740
 16755.000000 19.547860 1.556452 2.983892
 16758.000000 19.596730 1.567005 2.999656
 16761.000000 19.574817 1.521457 3.047888
 16764.000000 19.635741 1.522924 3.040846
 16767.000000 19.594711 1.548718 3.040869
 16770.000000 19.717185 1.534638 3.006686
 16773.000000 19.701838 1.562148 3.006784
 16776.000000 19.651428 1.554110 3.015365
 16779.000000 19.651432 1.571671 3.025754
 16782.000000 19.581663 1.569783 3.015691
 16785.000000 19.553217 1.569246 2.993049
 16788.000000 19.550638 1.568010 2.984781
 16791.000000 19.468992 1.558825 2.989520
 16794.000000 19.504201 1.533838 3.000302
 16797.000000 19.481306 1.559635 2.994036
 16800.000000 19.494599 1.556541 2.988756
 16803.000000 19.467675 1.555938 2.959302
 16806.000000 19.496385 1.535568 2.950246
 16809.000000 19.508893 1.540671 2.976482
 16812.000000 19.491359 1.554698 2.954416
 16815.000000 19.481447 1.539303 2.967468
 16818.000000 19.441670 1.517071 2.987856
 16821.000000 19.460518 1.557171 2.943147
 16824.000000 19.446049 1.548236 2.935540
 16827.000000 19.443395 1.533255 2.947555
 16830.000000 19.480270 1.530425 2.959945
 16833.000000 19.399929 1.530271 2.947050
 16836.000000 19.455515 1.520780 2.983843
 16839.000000 19.441742 1.546168 2.942516
 16842.000000 19.475045 1.540513 2.947540
 16845.000000 19.514619 1.506134 2.982380
 16848.000000 19.541100 1.509152 2.971038
 16851.000000 19.525287 1.515765 2.966535
 16854.000000 19.489962 1.498974 2.980118
 16857.000000 19.483120 1.517236 2.959836
 16860.000000 19.528277 1.492326 2.993595
 16863.000000 19.572221 1.498849 2.991526
 16866.000000 19.462599 1.511490 2.964557
 16869.000000 19.487758 1.523161 2.950920
 16872.000000 19.511194 1.497637 2.994316
 16875.000000 19.521092 1.502678 2.961781
 16878.000000 19.523518 1.506236 2.971122
 16881.000000 19.531773 1.516547 2.982401
 16884.000000 19.582372 1.517698 2.959722
 16887.000000 19.540394 1.528350 2.988441
 16890.000000 19.389373 1.539154 3.015339
 16893.000000 19.447223 1.541579 2.979580
 16896.000000 19.529493 1.556107 2.952955
 16899.000000 19.579694 1.537353 2.979253
 16902.000000 19.511910 1.570576 2.931715
 16905.000000 19.610396 1.550397 2.959561
 16908.000000 19.516079 1.559820 2.955117
 16911.000000 19.456071 1.548455 2.992523
 16914.000000 19.463995 1.561811 2.976952
 16917.000000 19.499307 1.544830 2.979521
 16920.000000 19.457731 1.542808 2.968365
 16923.000000 19.477566 1.550300 2.951264
 16926.000000 19.457302 1.559440 2.961911
 16929.000000 19.449437 1.539951 2.954169
 16932.000000 19.363089 1.548729 2.927242
 16935.000000 19.391437 1.560198 2.912617
 16938.000000 19.463742 1.536908 2.917542
 16941.000000 19.444305 1.506824 2.954338
 16944.000000 19.492002 1.545767 2.948582
 16947.000000 19.474157 1.559093 2.945486
 16950.000000 19.497814 1.548726 2.968215
 16953.000000 19.431674 1.541423 3.008073
 16956.000000 19.449392 1.559940 3.004409
 16959.000000 19.476778 1.569615 2.966217
 16962.000000 19.535216 1.579766 2.960746
 16965.000000 19.525946 1.574363 3.012136
 16968.000000 19.476503 1.582930 2.979143
 16971.000000 19.441540 1.606208 2.993555
 16974.000000 19.534990 1.586584 2.968182
 16977.000000 19.461256 1.588501 2.963704
 16980.000000 19.403019 1.597319 2.947645
 16983.000000 19.356753 1.581596 2.923224
 16986.000000 19.320348 1.578762 2.909121
 16989.000000 19.302574 1.580100 2.919327
 16992.000000 19.370142 1.597420 2.932981
 16995.000000 19.416038 1.577787 2.944082
 16998.000000 19.464251 1.565300 2.986396
 17001.000000 19.412810 1.596599 2.940962
 17004.000000 19.363687 1.567261 2.979186
 17007.000000 19.372513 1.575239 2.948420
 17010.000000 19.317839 1.585909 2.954395
 17013.000000 19.322357 1.596284 2.946877
 17016.000000 19.386146 1.594346 2.963787
 17019.000000 19.359412 1.593047 2.978936
 17022.000000 19.319637 1.608676 2.980078
 17025.000000 19.341942 1.627440 2.995741
 17028.000000 19.370611 1.634264 2.988506
 17031.000000 19.485519 1.614557 2.986071
 17034.000000 19.450398 1.625083 2.981193
 17037.000000 19.376424 1.591427 3.020285
 17040.000000 19.362583 1.580279 3.030198
 17043.000000 19.382578 1.590309 3.009120
 17046.000000 19.412105 1.594892 3.013175
 17049.000000 19.416212 1.582423 3.001108
 17052.000000 19.398369 1.604092 3.003763
 17055.000000 19.448597 1.603656 2.984831
 17058.000000 19.407997 1.593652 2.964299
 17061.000000 19.435803 1.601582 2.992521
 17064.000000 19.415041 1.589270 3.004009
 17067.000000 19.446515 1.594954 3.022811
 17070.000000 19.473202 1.599008 3.030691
 17073.000000 19.427153 1.594123 3.028374
 17076.000000 19.369678 1.590031 2.989759
 17079.000000 19.323899 1.605823 2.983789
 17082.000000 19.411632 1.627752 2.978462
 17085.000000 19.386325 1.603662 2.998990
 17088.000000 19.372168 1.605026 3.013020
 17091.000000 19.365684 1.611647 2.993966
 17094.000000 19.316199 1.605942 2.992192
 17097.000000 19.319197 1.618140 3.000535
 17100.000000 19.283200 1.618306 3.016079
 17103.000000 19.309229 1.604481 2.989095
 17106.000000 19.341650 1.617752 2.958642
 17109.000000 19.373189 1.616787 3.001748
 17112.000000 19.360437 1.619305 2.975327
 17115.000000 19.465517 1.623394 2.985718
 17118.000000 19.466635 1.608059 3.024530
 17121.000000 19.445211 1.593698 3.023014
 17124.000000 19.475322 1.625979 3.005415
 17127.000000 19.497457 1.612083 3.004600
 17130.000000 19.474195 1.586086 3.067724
 17133.000000 19.466548 1.589173 3.038825
 17136.000000 19.472570 1.564630 3.084393
 17139.000000 19.479519 1.554707 3.088466
 17142.000000 19.390305 1.574952 3.008379
 17145.000000 19.403637 1.577228 3.016833
 17148.000000 19.370088 1.598818 2.980503
 17151.000000 19.350730 1.597093 3.012765
 17154.000000 19.389759 1.595111 3.005055
 17157.000000 19.401818 1.604288 2.973163
 17160.000000 19.384522 1.585026 3.023311
 17163.000000 19.452963 1.588774 3.029037
 17166.000000 19.355687 1.559134 3.061116
 17169.000000 19.402895 1.563817 3.041954
 17172.000000 19.455264 1.581004 3.029994
 17175.000000 19.408108 1.583097 3.009241
 17178.000000 19.386188 1.572589 3.030604
 17181.000000 19.308190 1.589610 3.028002
 17184.000000 19.300792 1.593996 3.046638
 17187.000000 19.201466 1.589854 3.024679
 17190.000000 19.283828 1.592376 3.002710
 17193.000000 19.245072 1.584931 2.999538
 17196.000000 19.185621 1.585640 2.966946
 17199.000000 19.148710 1.580662 2.972614
 17202.000000 19.259390 1.581949 2.960936
 17205.000000 19.311094 1.584695 2.923164
 17208.000000 19.304046 1.568559 2.952965
 17211.000000 19.317189 1.575948 2.946106
 17214.000000 19.324624 1.580255 2.947311
 17217.000000 19.307569 1.583529 2.937664
 17220.000000 19.264595 1.575574 2.958926
 17223.000000 19.274035 1.606402 2.973462
 17226.000000 19.331611 1.614700 2.954849
 17229.000000 19.363940 1.602872 2.937414
 17232.000000 19.280351 1.578463 2.981722
 17235.000000 19.248935 1.602032 2.982632
 17238.000000 19.305330 1.626135 2.961114
 17241.000000 19.246351 1.618190 2.956998
 17244.000000 19.254866 1.586486 2.977307
 17247.000000 19.273878 1.577830 2.981468
 17250.000000 19.247238 1.581636 2.972841
 17253.000000 19.295797 1.569749 2.982981
 17256.000000 19.292388 1.559327 2.975862
 17259.000000 19.304243 1.600301 2.931701
 17262.000000 19.326738 1.589612 2.986823
 17265.000000 19.271558 1.613343 2.937976
 17268.000000 19.381462 1.591531 2.948254
 17271.000000 19.453304 1.582746 2.966743
 17274.000000 19.429892 1.573258 2.952903
 17277.000000 19.426927 1.541723 2.991776
 17280.000000 19.471911 1.545045 2.988984
 17283.000000 19.458349 1.542068 2.964923
 17286.000000 19.499826 1.542300 2.968293
 17289.000000 19.500232 1.526939 2.977563
 17292.000000 19.453268 1.529813 2.943404
 17295.000000 19.432924 1.506855 2.968554
 17298.000000 19.393019 1.532917 2.934389
 17301.000000 19.398278 1.543675 2.944174
 17304.000000 19.444824 1.549694 2.963246
 17307.000000 19.415544 1.545130 2.964234
 17310.000000 19.485589 1.559739 2.964346
 17313.000000 19.455023 1.578297 2.975638
 17316.000000 19.448198 1.596362 2.964896
 17319.000000 19.441363 1.579279 2.989894
 17322.000000 19.454822 1.575593 2.959951
 17325.000000 19.399432 1.550463 2.982002
 17328.000000 19.436028 1.563913 2.983016
 17331.000000 19.372856 1.570527 2.993154
 17334.000000 19.348036 1.577592 2.999948
 17337.000000 19.398120 1.552159 2.996780
 17340.000000 19.382534 1.563165 2.992416
 17343.000000 19.315727 1.565391 2.980452
 17346.000000 19.296842 1.558497 2.997064
 17349.000000 19.314270 1.557029 2.994898
 17352.000000 19.272189 1.542375 3.003206
 17355.000000 19.307594 1.573513 2.961787
 17358.000000 19.347654 1.568028 2.962130
 17361.000000 19.423092 1.557502 2.945695
 17364.000000 19.399061 1.556071 2.981514
 17367.000000 19.322871 1.563399 3.000942
 17370.000000 19.287986 1.536412 3.006787
 17373.000000 19.222241 1.534211 3.016276
 17376.000000 19.264756 1.530408 3.044597
 17379.000000 19.253626 1.571118 2.968990
 17382.000000 19.221578 1.550417 3.002767
 17385.000000 19.256148 1.552447 2.985651
 17388.000000 19.282871 1.547693 3.030262
 17391.000000 19.288458 1.556924 2.981586
 17394.000000 19.283982 1.581629 2.977728
 17397.000000 19.303618 1.555074 2.986364
 17400.000000 19.327767 1.571543 2.993935
 17403.000000 19.351702 1.606109 2.990329
 17406.000000 19.406931 1.590003 3.004925
 17409.000000 19.540019 1.594592 3.038329
 17412.000000 19.589542 1.605606 2.988989
 17415.000000 19.557652 1.587338 3.002244
 17418.000000 19.505904 1.589522 2.988662
 17421.000000 19.563375 1.581193 2.992252
 17424.000000 19.493472 1.613040 2.982427
 17427.000000 19.431826 1.599290 3.004004
 17430.000000 19.380187 1.595757 3.053438
 17433.000000 19.394947 1.614471 3.010361
 17436.000000 19.435203 1.619706 3.047835
 17439.000000 19.455963 1.625062 3.026761
 17442.000000 19.469644 1.602926 3.030065
 17445.000000 19.435134 1.614236 3.034910
 17448.000000 19.464157 1.592292 3.057057
 17451.000000 19.444222 1.620452 3.054036
 17454.000000 19.461944 1.621461 3.051224
 17457.000000 19.409665 1.623430 3.060028
 17460.000000 19.459636 1.609433 3.059657
 17463.000000 19.421682 1.593603 3.008276
 17466.000000 19.425621 1.614695 2.955864
 17469.000000 19.496557 1.579745 3.011897
 17472.000000 19.449058 1.580531 2.998398
 17475.000000 19.503778 1.594563 3.019587
 17478.000000 19.487172 1.596267 3.033177
 17481.000000 19.454481 1.603165 3.024387
 17484.000000 19.372045 1.600485 3.053434
 17487.000000 19.366938 1.595811 3.038423
 17490.000000 19.390364 1.603406 3.034095
 17493.000000 19.401877 1.619752 3.027274
 17496.000000 19.426647 1.590720 3.042506
 17499.000000 19.468106 1.595444 3.002641
 17502.000000 19.424499 1.578214 2.991065
 17505.000000 19.348534 1.582995 2.981187
 17508.000000 19.363376 1.588979 2.985495
 17511.000000 19.402768 1.590756 2.992569
 17514.000000 19.427857 1.583668 3.004768
 17517.000000 19.397391 1.597773 2.992503
 17520.000000 19.367787 1.598627 2.986382
 17523.000000 19.426033 1.600203 2.996855
 17526.000000 19.432476 1.601768 2.974305
 17529.000000 19.466647 1.600734 2.977341
 17532.000000 19.419993 1.588450 3.001960
 17535.000000 19.438938 1.576812 2.998518
 17538.000000 19.466182 1.590701 3.005014
 17541.000000 19.464120 1.630962 2.962115
 17544.000000 19.407050 1.603656 2.994522
 17547.000000 19.436113 1.591854 3.015856
 17550.000000 19.364224 1.560534 3.012810
 17553.000000 19.448050 1.584764 3.049580
 17556.000000 19.393334 1.586306 3.042310
 17559.000000 19.428020 1.580707 3.038406
 17562.000000 19.393309 1.562698 2.972724
 17565.000000 19.382160 1.579750 2.993490
 17568.000000 19.486718 1.547190 3.016473
 17571.000000 19.436458 1.555259 3.017969
 17574.000000 19.442908 1.549118 3.000449
 17577.000000 19.404218 1.580410 3.012234
 17580.000000 19.396415 1.567145 2.972365
 17583.000000 19.431335 1.583693 2.968510
 17586.000000 19.378986 1.615546 3.002962
 17589.000000 19.463190 1.596686 3.025540
 17592.000000 19.478718 1.601978 3.045088
 17595.000000 19.499830 1.577162 3.029757
 17598.000000 19.504647 1.587575 3.050591
 17601.000000 19.539858 1.570825 3.031952
 17604.000000 19.509169 1.575816 3.042191
 17607.000000 19.436518 1.595474 3.017388
 17610.000000 19.463046 1.606012 3.002509
 17613.000000 19.490186 1.629646 2.992472
 17616.000000 19.502972 1.616285 3.007745
 17619.000000 19.517304 1.620046 3.003159
 17622.000000 19.487826 1.637560 3.025232
 17625.000000 19.591216 1.635068 3.038617
 17628.000000 19.537742 1.640761 3.014437
 17631.000000 19.473921 1.651103 2.989576
 17634.000000 19.393654 1.626753 3.000812
 17637.000000 19.478208 1.625433 2.991105
 17640.000000 19.498161 1.589406 2.994702
 17643.000000 19.515199 1.615062 2.970998
 17646.000000 19.493604 1.585441 2.995158
 17649.000000 19.597368 1.606790 3.006100
 17652.000000 19.520917 1.617621 3.010598
 17655.000000 19.478864 1.627960 3.020117
 17658.000000 19.499490 1.639989 3.034058
 17661.000000 19.434903 1.638500 3.013450
 17664.000000 19.434886 1.623170 3.039001
 17667.000000 19.463570 1.603369 3.032610
 17670.000000 19.446262 1.614646 3.062499
 17673.000000 19.405770 1.598311 3.062360
 17676.000000 19.357015 1.614239 3.044460
 17679.000000 19.416253 1.604075 3.054321
 17682.000000 19.454414 1.621225 3.019285
 17685.000000 19.407211 1.640796 2.996656
 17688.000000 19.436469 1.637745 3.015978
 17691.000000 19.416512 1.630996 3.004056
 17694.000000 19.467102 1.624270 2.965453
 17697.000000 19.491190 1.623444 2.967860
 17700.000000 19.393502 1.590013 2.995713
 17703.000000 19.467968 1.606973 2.946987
 17706.000000 19.489829 1.594685 2.958671
 17709.000000 19.499276 1.588274 2.934740
 17712.000000 19.589276 1.573819 2.922131
 17715.000000 19.549758 1.579785 2.963984
 17718.000000 19.517106 1.580291 2.960591
 17721.000000 19.429657 1.591603 2.950185
 17724.000000 19.401974 1.599638 2.915704
 17727.000000 19.367625 1.577122 2.958158
 17730.000000 19.451061 1.557684 2.957643
 17733.000000 19.495665 1.584255 2.908496
 17736.000000 19.494030 1.587585 2.935273
 17739.000000 19.437507 1.589928 2.919836
 17742.000000 19.417113 1.583820 2.919944
 17745.000000 19.346611 1.571987 2.967072
 17748.000000 19.450024 1.563854 2.981990
 17751.000000 19.479487 1.561007 3.000324
 17754.000000 19.394534 1.558738 2.988374
 17757.000000 19.300533 1.561349 3.001036
 17760.000000 19.403846 1.567980 2.974711
 17763.000000 19.446683 1.543712 2.977113
 17766.000000 19.415248 1.551238 2.975789
 17769.000000 19.397379 1.532774 3.014247
 17772.000000 19.445708 1.555261 2.980438
 17775.000000 19.412229 1.548422 3.013073
 17778.000000 19.451712 1.544046 2.995706
 17781.000000 19.522501 1.553560 2.969800
 17784.000000 19.495373 1.561943 2.945859
 17787.000000 19.458546 1.570448 2.996583
 17790.000000 19.492592 1.564550 2.994141
 17793.000000 19.514516 1.556387 2.963956
 17796.000000 19.505976 1.572783 2.938067
 17799.000000 19.417828 1.560410 2.977808
 17802.000000 19.437784 1.568461 2.965207
 17805.000000 19.473886 1.547847 3.005355
 17808.000000 19.461438 1.549839 3.037601
 17811.000000 19.467091 1.543136 3.028692
 17814.000000 19.488024 1.562593 3.025129
 17817.000000 19.580078 1.576493 2.988020
 17820.000000 19.492177 1.580586 3.013030
 17823.000000 19.507948 1.586752 2.978684
 17826.000000 19.497500 1.591587 2.980311
 17829.000000 19.530891 1.563023 3.006853
 17832.000000 19.554754 1.570522 2.998086
 17835.000000 19.581645 1.582149 2.987688
 17838.000000 19.614906 1.571057 2.989511
 17841.000000 19.705861 1.583371 2.982271
 17844.000000 19.600665 1.586765 2.977246
 17847.000000 19.557592 1.574177 2.969569
 17850.000000 19.600489 1.577607 2.972538
 17853.000000 19.757145 1.592775 2.987836
 17856.000000 19.681769 1.577869 3.004801
 17859.000000 19.651582 1.588545 2.994158
 17862.000000 19.648710 1.588297 3.018317
 17865.000000 19.674627 1.601546 2.974364
 17868.000000 19.711710 1.570610 3.018287
 17871.000000 19.668897 1.584508 2.975189
 17874.000000 19.640190 1.587548 2.972378
 17877.000000 19.580093 1.587916 2.979549
 17880.000000 19.557203 1.563756 2.989179
 17883.000000 19.525884 1.546407 2.983418
 17886.000000 19.455015 1.565843 2.962504
 17889.000000 19.460134 1.567994 2.992951
 17892.000000 19.449768 1.556310 2.983099
 17895.000000 19.419459 1.552180 2.973734
 17898.000000 19.554865 1.585742 2.948224
 17901.000000 19.431976 1.595781 2.988818
 17904.000000 19.474910 1.604234 2.973848
 17907.000000 19.385765 1.607658 2.967237
 17910.000000 19.474884 1.601438 2.966622
 17913.000000 19.458068 1.593906 2.966045
 17916.000000 19.498374 1.582880 2.972536
 17919.000000 19.375886 1.581137 2.979634
 17922.000000 19.463214 1.590862 2.968973
 17925.000000 19.530240 1.559647 2.992748
 17928.000000 19.505999 1.565722 2.965831
 17931.000000 19.502713 1.562893 2.980473
 17934.000000 19.442447 1.563970 2.969527
 17937.000000 19.430687 1.552034 3.005131
 17940.000000 19.470938 1.555085 3.013073
 17943.000000 19.397037 1.556589 3.011178
 17946.000000 19.438546 1.552396 3.020606
 17949.000000 19.414479 1.569681 3.005537
 17952.000000 19.441115 1.564034 3.003813
 17955.000000 19.396770 1.548280 3.004950
 17958.000000 19.401819 1.559749 2.946283
 17961.000000 19.316828 1.546866 2.984999
 17964.000000 19.416561 1.543182 2.964170
 17967.000000 19.444103 1.558255 2.992187
 17970.000000 19.469774 1.528865 2.989484
 17973.000000 19.448889 1.537057 2.973222
 17976.000000 19.457690 1.547534 2.937648
 17979.000000 19.507815 1.553764 2.962150
 17982.000000 19.559286 1.539857 2.972953
 17985.000000 19.498923 1.550388 2.957865
 17988.000000 19.457527 1.562225 2.946991
 17991.000000 19.435804 1.552596 2.974137
 17994.000000 19.480291 1.572499 2.961989
 17997.000000 19.406558 1.558030 2.949212
 18000.000000 19.416605 1.563760 2.930237
 18003.000000 19.390853 1.547405 2.971520
 18006.000000 19.411210 1.556561 2.962714
 18009.000000 19.409527 1.563496 2.957157
 18012.000000 19.456231 1.584374 2.934602
 18015.000000 19.431079 1.585005 2.911299
 18018.000000 19.334203 1.556070 2.953054
 18021.000000 19.316310 1.588489 2.909832
 18024.000000 19.436917 1.545889 2.918694
 18027.000000 19.408494 1.541343 2.895121
 18030.000000 19.480910 1.541403 2.934612
 18033.000000 19.512782 1.553287 2.952146
 18036.000000 19.491989 1.547756 2.956089
 18039.000000 19.491786 1.557438 2.922645
 18042.000000 19.571373 1.540883 2.952873
 18045.000000 19.463997 1.556523 2.969339
 18048.000000 19.427877 1.540198 2.988416
 18051.000000 19.433948 1.535272 3.015391
 18054.000000 19.431354 1.532643 3.020779
 18057.000000 19.476114 1.546619 3.005783
 18060.000000 19.436806 1.548948 3.005947
 18063.000000 19.435844 1.560935 2.995294
 18066.000000 19.541218 1.555316 3.016956
 18069.000000 19.511756 1.564694 3.034049
 18072.000000 19.476524 1.551447 3.033627
 18075.000000 19.436512 1.556027 3.027595
 18078.000000 19.468584 1.526560 3.047895
 18081.000000 19.451061 1.559662 3.032592
 18084.000000 19.466120 1.562013 3.008037
 18087.000000 19.499250 1.570453 2.980652
 18090.000000 19.488829 1.564854 2.989234
 18093.000000 19.504057 1.572768 2.992277
 18096.000000 19.489505 1.576126 2.998944
 18099.000000 19.399105 1.538647 3.011373
 18102.000000 19.450466 1.587434 2.968452
 18105.000000 19.449339 1.566104 2.976705
 18108.000000 19.513586 1.554334 3.007459
 18111.000000 19.488757 1.564665 2.988721
 18114.000000 19.502479 1.515483 2.997885
 18117.000000 19.490050 1.508554 3.016659
 18120.000000 19.474828 1.552027 2.973611
 18123.000000 19.491575 1.532327 3.027248
 18126.000000 19.487966 1.544915 3.012996
 18129.000000 19.510995 1.530596 3.012298
 18132.000000 19.529269 1.530999 3.025806
 18135.000000 19.521235 1.556945 2.963447
 18138.000000 19.480868 1.531832 2.977430
 18141.000000 19.638144 1.550621 2.907893
 18144.000000 19.462994 1.542621 2.937295
 18147.000000 19.491937 1.564026 2.944350
 18150.000000 19.489303 1.558932 2.933478
 18153.000000 19.390675 1.571232 2.927677
 18156.000000 19.414798 1.577534 2.929379
 18159.000000 19.423405 1.595469 2.912252
 18162.000000 19.452291 1.579438 2.929869
 18165.000000 19.446336 1.549943 2.947548
 18168.000000 19.497370 1.563218 2.963783
 18171.000000 19.616338 1.532753 2.977696
 18174.000000 19.524949 1.544083 2.993223
 18177.000000 19.494413 1.503472 2.997676
 18180.000000 19.458796 1.500729 3.004287
 18183.000000 19.503249 1.503464 2.981445
 18186.000000 19.472924 1.512772 2.976020
 18189.000000 19.443594 1.522290 3.016610
 18192.000000 19.347672 1.525141 2.963110
 18195.000000 19.408125 1.516046 2.983006
 18198.000000 19.457637 1.498492 2.995908
 18201.000000 19.493810 1.493386 3.013497
 18204.000000 19.510525 1.512503 3.034615
 18207.000000 19.458863 1.516607 3.024369
 18210.000000 19.547471 1.531744 3.002588
 18213.000000 19.528494 1.529384 3.010898
 18216.000000 19.507518 1.558110 2.953875
 18219.000000 19.596120 1.567820 2.939026
 18222.000000 19.567160 1.567677 2.972528
 18225.000000 19.568154 1.568107 2.970723
 18228.000000 19.553877 1.573341 2.947801
 18231.000000 19.513498 1.554479 2.955055
 18234.000000 19.557491 1.562643 2.903413
 18237.000000 19.595674 1.569082 2.923592
 18240.000000 19.609817 1.563077 2.914303
 18243.000000 19.521171 1.552594 2.952835
 18246.000000 19.504270 1.545149 3.006283
 18249.000000 19.509204 1.517748 3.046000
 18252.000000 19.530324 1.536358 3.005822
 18255.000000 19.595036 1.532223 3.010667
 18258.000000 19.544538 1.553358 3.016649
 18261.000000 19.538620 1.564870 2.975819
 18264.000000 19.412367 1.561172 2.985315
 18267.000000 19.436749 1.546939 2.976296
 18270.000000 19.540608 1.564820 2.952890
 18273.000000 19.551475 1.560174 2.957809
 18276.000000 19.484728 1.541338 2.977393
 18279.000000 19.473771 1.554564 2.991491
 18282.000000 19.484933 1.569700 2.971437
 18285.000000 19.446556 1.531255 2.972387
 18288.000000 19.421447 1.548869 2.975682
 18291.000000 19.448985 1.527976 3.020931
 18294.000000 19.485251 1.527736 3.022119
 18297.000000 19.509295 1.521841 3.039789
 18300.000000 19.592092 1.532654 3.016043
 18303.000000 19.549396 1.523606 3.011625
 18306.000000 19.518070 1.561721 3.002151
 18309.000000 19.430551 1.572670 2.983157
 18312.000000 19.398528 1.559805 2.992042
 18315.000000 19.427835 1.569097 2.983307
 18318.000000 19.458799 1.552927 2.993898
 18321.000000 19.607607 1.560053 3.007160
 18324.000000 19.521798 1.555069 3.038461
 18327.000000 19.496994 1.567333 3.009414
 18330.000000 19.453747 1.529769 3.020762
 18333.000000 19.573759 1.567945 3.016341
 18336.000000 19.566625 1.548983 3.028518
 18339.000000 19.606105 1.546298 3.004945
 18342.000000 19.643411 1.539944 3.009437
 18345.000000 19.562283 1.536599 3.012068
 18348.000000 19.606777 1.567791 2.968194
 18351.000000 19.533982 1.535450 2.989005
 18354.000000 19.529490 1.524806 2.983666
 18357.000000 19.576266 1.524665 2.991313
 18360.000000 19.497884 1.531978 2.976952
 18363.000000 19.538292 1.525729 2.948786
 18366.000000 19.543896 1.499998 3.002308
 18369.000000 19.457758 1.517564 2.981091
 18372.000000 19.451178 1.518953 3.022412
 18375.000000 19.473961 1.531197 3.034587
 18378.000000 19.421060 1.529911 2.989118
 18381.000000 19.441905 1.525404 2.993021
 18384.000000 19.371145 1.522412 3.027213
 18387.000000 19.381299 1.544063 3.011324
 18390.000000 19.415205 1.577162 2.974504
 18393.000000 19.318507 1.551859 3.018379
 18396.000000 19.317641 1.555669 2.982396
 18399.000000 19.398548 1.541640 3.009516
 18402.000000 19.348063 1.551613 3.029689
 18405.000000 19.345112 1.559118 3.009858
 18408.000000 19.318690 1.553364 3.018998
 18411.000000 19.320184 1.538834 3.053012
 18414.000000 19.377893 1.554743 3.035784
 18417.000000 19.320359 1.547005 3.022653
 18420.000000 19.302601 1.530915 3.038221
 18423.000000 19.329206 1.539142 2.999988
 18426.000000 19.389382 1.548093 3.037937
 18429.000000 19.394176 1.570444 3.011407
 18432.000000 19.322600 1.556346 3.027026
 18435.000000 19.300639 1.570171 3.033943
 18438.000000 19.414692 1.559699 3.060023
 18441.000000 19.377393 1.563200 3.017693
 18444.000000 19.432247 1.562709 2.989080
 18447.000000 19.333905 1.544142 2.966331
 18450.000000 19.362027 1.548499 2.974860
 18453.000000 19.344689 1.534867 3.005466
 18456.000000 19.348968 1.503651 3.021951
 18459.000000 19.358925 1.492377 3.040097
 18462.000000 19.315733 1.501286 3.040191
 18465.000000 19.337295 1.498755 3.052449
 18468.000000 19.335322 1.512743 3.053436
 18471.000000 19.266907 1.528771 3.043676
 18474.000000 19.343701 1.494558 3.049836
 18477.000000 19.306959 1.505246 3.032535
 18480.000000 19.495519 1.484630 3.029701
 18483.000000 19.420975 1.506740 3.025719
 18486.000000 19.419550 1.478956 3.021996
 18489.000000 19.470188 1.486894 3.030069
 18492.000000 19.402548 1.499553 3.063349
 18495.000000 19.388378 1.463028 3.061340
 18498.000000 19.382599 1.471867 3.057812
 18501.000000 19.383061 1.473483 3.056768
 18504.000000 19.429133 1.489597 3.085661
 18507.000000 19.433798 1.498190 3.030327
 18510.000000 19.386347 1.492441 2.998666
 18513.000000 19.425186 1.494731 3.054622
 18516.000000 19.423835 1.495126 3.057120
 18519.000000 19.414387 1.501040 3.049058
 18522.000000 19.373312 1.514427 3.047334
 18525.000000 19.337293 1.542653 3.011051
 18528.000000 19.375263 1.528189 2.983428
 18531.000000 19.442631 1.523148 2.996139
 18534.000000 19.417338 1.527696 3.033965
 18537.000000 19.433097 1.557404 3.049890
 18540.000000 19.378454 1.536691 3.057859
 18543.000000 19.308092 1.583676 3.032281
 18546.000000 19.419559 1.548638 3.043262
 18549.000000 19.439829 1.541287 3.054202
 18552.000000 19.482343 1.534268 3.052369
 18555.000000 19.581194 1.548928 3.098425
 18558.000000 19.499457 1.557874 3.058039
 18561.000000 19.513331 1.535817 3.073155
 18564.000000 19.477037 1.567564 3.062531
 18567.000000 19.455025 1.569477 3.030006
 18570.000000 19.448298 1.586647 3.023693
 18573.000000 19.408389 1.563972 3.018305
 18576.000000 19.347464 1.569511 3.020277
 18579.000000 19.358691 1.568332 2.991812
 18582.000000 19.250497 1.563353 2.999783
 18585.000000 19.322377 1.564686 2.968777
 18588.000000 19.337111 1.555421 3.011684
 18591.000000 19.376219 1.579404 2.986142
 18594.000000 19.371421 1.569538 2.950437
 18597.000000 19.467890 1.563218 2.982376
 18600.000000 19.387614 1.533117 2.974914
 18603.000000 19.413038 1.543846 2.958473
 18606.000000 19.245833 1.517108 3.027954
 18609.000000 19.234122 1.532989 3.010747
 18612.000000 19.265027 1.538781 3.002260
 18615.000000 19.272859 1.551979 2.963171
 18618.000000 19.254516 1.558808 2.979551
 18621.000000 19.331828 1.565148 2.982860
 18624.000000 19.385958 1.530463 3.055359
 18627.000000 19.393566 1.536863 3.050392
 18630.000000 19.364282 1.521594 3.039131
 18633.000000 19.437328 1.537836 3.023088
 18636.000000 19.381137 1.539333 3.035581
 18639.000000 19.314277 1.520842 3.044031
 18642.000000 19.334438 1.556208 3.033353
 18645.000000 19.388620 1.552055 3.042834
 18648.000000 19.395378 1.537416 3.046871
 18651.000000 19.412072 1.533482 3.031488
 18654.000000 19.424999 1.543567 3.007844
 18657.000000 19.389552 1.540665 3.007654
 18660.000000 19.361011 1.581307 2.970677
 18663.000000 19.361857 1.570164 3.003480
 18666.000000 19.381280 1.584232 2.936015
 18669.000000 19.355788 1.560796 2.943800
 18672.000000 19.336590 1.534108 2.957605
 18675.000000 19.349732 1.558906 2.960139
 18678.000000 19.404933 1.574493 2.936689
 18681.000000 19.314828 1.563114 2.945472
 18684.000000 19.362490 1.554709 2.958005
 18687.000000 19.423415 1.558614 2.952499
 18690.000000 19.313901 1.562299 2.960327
 18693.000000 19.399173 1.587975 2.928071
 18696.000000 19.464256 1.585674 2.922813
 18699.000000 19.394752 1.565136 2.975891
 18702.000000 19.406633 1.580238 2.936123
 18705.000000 19.491677 1.565120 2.979103
 18708.000000 19.589926 1.533258 3.021763
 18711.000000 19.663560 1.582860 2.969313
 18714.000000 19.611625 1.567337 3.010444
 18717.000000 19.580706 1.539051 3.016218
 18720.000000 19.583792 1.537767 2.993262
 18723.000000 19.551720 1.561509 2.995151
 18726.000000 19.548869 1.569412 3.000462
 18729.000000 19.509150 1.564719 2.985317
 18732.000000 19.508880 1.565055 2.978660
 18735.000000 19.619317 1.576792 2.967214
 18738.000000 19.588370 1.598293 2.955418
 18741.000000 19.547169 1.600707 2.996846
 18744.000000 19.516848 1.593228 2.997531
 18747.000000 19.529163 1.572845 2.980793
 18750.000000 19.501836 1.572855 2.980056
 18753.000000 19.477795 1.557739 3.008495
 18756.000000 19.537892 1.557068 2.996071
 18759.000000 19.500799 1.538177 3.000840
 18762.000000 19.518619 1.549203 2.998738
 18765.000000 19.542897 1.565097 3.011505
 18768.000000 19.541580 1.562523 3.010081
 18771.000000 19.559016 1.567124 3.020215
 18774.000000 19.555896 1.584079 2.995322
 18777.000000 19.528400 1.576941 3.013484
 18780.000000 19.609976 1.560274 3.005264
 18783.000000 19.554122 1.586215 3.030764
 18786.000000 19.491252 1.593775 3.021980
 18789.000000 19.434222 1.593974 2.997553
 18792.000000 19.425204 1.590582 2.992646
 18795.000000 19.451604 1.574988 2.996808
 18798.000000 19.508648 1.585469 2.978557
 18801.000000 19.510027 1.571119 2.951868
 18804.000000 19.511358 1.563461 2.962911
 18807.000000 19.481723 1.574547 2.958649
 18810.000000 19.490926 1.570527 2.959767
 18813.000000 19.413756 1.561485 2.957044
 18816.000000 19.378714 1.579748 2.938735
 18819.000000 19.427053 1.571734 2.981896
 18822.000000 19.443162 1.563716 2.981750
 18825.000000 19.439232 1.543817 2.999425
 18828.000000 19.370162 1.571202 2.996486
 18831.000000 19.410784 1.557361 3.028096
 18834.000000 19.352798 1.567545 2.981610
 18837.000000 19.406735 1.569858 3.001946
 18840.000000 19.405908 1.560773 3.007307
 18843.000000 19.465483 1.548774 2.954800
 18846.000000 19.390874 1.554788 2.952414
 18849.000000 19.350069 1.570860 2.945860
 18852.000000 19.328065 1.551594 2.980257
 18855.000000 19.339224 1.527201 3.004370
 18858.000000 19.346247 1.546889 2.967215
 18861.000000 19.317403 1.488288 2.979098
 18864.000000 19.372504 1.493349 2.957836
 18867.000000 19.296477 1.494441 2.942663
 18870.000000 19.242600 1.506313 2.971155
 18873.000000 19.294265 1.501257 2.977564
 18876.000000 19.250003 1.527340 2.973031
 18879.000000 19.310785 1.513826 2.973234
 18882.000000 19.241824 1.521553 2.972843
 18885.000000 19.185931 1.521334 2.977649
 18888.000000 19.242342 1.506102 2.990431
 18891.000000 19.241428 1.501293 2.964554
 18894.000000 19.226026 1.490282 3.001454
 18897.000000 19.248815 1.487917 2.971354
 18900.000000 19.223885 1.470194 2.995080
 18903.000000 19.258213 1.500800 2.953804
 18906.000000 19.279068 1.488059 2.961167
 18909.000000 19.337410 1.484825 2.933993
 18912.000000 19.363441 1.487154 2.974374
 18915.000000 19.412192 1.512792 2.957753
 18918.000000 19.430632 1.537390 3.005330
 18921.000000 19.469323 1.521299 2.973009
 18924.000000 19.465816 1.543932 2.932624
 18927.000000 19.444895 1.539841 2.958843
 18930.000000 19.366193 1.547484 2.975761
 18933.000000 19.318100 1.559467 2.976883
 18936.000000 19.389556 1.569235 2.994927
 18939.000000 19.379423 1.562377 2.973318
 18942.000000 19.421304 1.574165 2.935638
 18945.000000 19.322323 1.573584 2.941905
 18948.000000 19.336882 1.580911 2.948415
 18951.000000 19.352131 1.541261 3.003593
 18954.000000 19.386687 1.539405 2.987529
 18957.000000 19.382694 1.530211 2.977068
 18960.000000 19.477942 1.517139 3.010733
 18963.000000 19.444932 1.526218 2.986599
 18966.000000 19.388132 1.550745 2.975339
 18969.000000 19.413005 1.529080 2.963716
 18972.000000 19.349314 1.522278 2.967415
 18975.000000 19.391052 1.544234 2.980467
 18978.000000 19.437713 1.533290 3.005328
 18981.000000 19.423134 1.541340 3.002976
 18984.000000 19.462753 1.548738 2.965523
 18987.000000 19.438322 1.544079 2.957192
 18990.000000 19.375533 1.536849 2.953836
 18993.000000 19.401758 1.555356 2.925044
 18996.000000 19.368594 1.539007 2.933386
 18999.000000 19.374982 1.536519 2.932025
 19002.000000 19.354817 1.519746 2.963354
 19005.000000 19.423289 1.522317 2.955148
 19008.000000 19.390135 1.532357 2.950132
 19011.000000 19.403727 1.537633 2.968126
 19014.000000 19.429361 1.520551 3.021985
 19017.000000 19.398676 1.524604 2.988559
 19020.000000 19.402811 1.539097 2.970470
 19023.000000 19.366671 1.549764 2.981672
 19026.000000 19.476016 1.539120 2.990134
 19029.000000 19.493505 1.518085 2.997023
 19032.000000 19.445357 1.519377 3.014254
 19035.000000 19.407198 1.537238 2.989935
 19038.000000 19.450392 1.550092 2.975631
 19041.000000 19.418706 1.569729 2.990092
 19044.000000 19.444085 1.549888 3.013718
 19047.000000 19.354109 1.548326 2.995309
 19050.000000 19.360325 1.555708 2.971447
 19053.000000 19.330349 1.550241 2.947763
 19056.000000 19.308054 1.544405 2.955505
 19059.000000 19.421896 1.534221 2.961104
 19062.000000 19.433592 1.542829 2.968697
 19065.000000 19.420865 1.544353 2.980423
 19068.000000 19.339764 1.552450 2.979094
 19071.000000 19.340854 1.554379 2.958763
 19074.000000 19.385914 1.547436 2.965104
 19077.000000 19.366178 1.554803 2.945461
 19080.000000 19.322440 1.562519 2.956996
 19083.000000 19.324660 1.551489 2.952827
 19086.000000 19.303813 1.545015 2.994555
 19089.000000 19.346635 1.552710 2.967503
 19092.000000 19.412583 1.556204 2.979390
 19095.000000 19.353220 1.549720 2.978666
 19098.000000 19.437387 1.546062 2.931396
 19101.000000 19.436787 1.542660 2.949481
 19104.000000 19.336448 1.533943 2.910416
 19107.000000 19.405917 1.533881 2.910467
 19110.000000 19.369860 1.516845 2.954912
 19113.000000 19.343749 1.542831 2.916591
 19116.000000 19.401145 1.515573 2.961944
 19119.000000 19.500771 1.535389 2.957590
 19122.000000 19.506829 1.521560 2.965453
 19125.000000 19.518445 1.516299 2.946783
 19128.000000 19.531019 1.515175 2.941391
 19131.000000 19.516510 1.558387 2.908410
 19134.000000 19.465139 1.552619 2.914687
 19137.000000 19.479017 1.544012 2.908547
 19140.000000 19.494936 1.530909 2.933953
 19143.000000 19.492868 1.521066 2.937418
 19146.000000 19.542805 1.537336 2.906271
 19149.000000 19.580305 1.514785 2.922592
 19152.000000 19.560264 1.539566 2.946550
 19155.000000 19.558094 1.554478 2.946542
 19158.000000 19.509193 1.561313 2.954276
 19161.000000 19.483970 1.577083 2.953104
 19164.000000 19.509759 1.594105 2.892473
 19167.000000 19.482475 1.550815 2.929789
 19170.000000 19.496157 1.543949 2.950708
 19173.000000 19.537811 1.555193 2.956367
 19176.000000 19.568124 1.538642 2.956333
 19179.000000 19.530229 1.559288 2.990041
 19182.000000 19.612962 1.534361 2.991840
 19185.000000 19.524630 1.540273 2.938764
 19188.000000 19.488370 1.538083 2.972475
 19191.000000 19.509366 1.527533 3.009329
 19194.000000 19.488082 1.525383 3.004798
 19197.000000 19.494256 1.532808 3.026089
 19200.000000 19.498556 1.561506 3.006945
 19203.000000 19.376176 1.525709 3.021026
 19206.000000 19.428229 1.545565 2.986092
 19209.000000 19.397166 1.546453 2.993422
 19212.000000 19.369170 1.540685 3.013438
 19215.000000 19.440566 1.528118 2.994956
 19218.000000 19.509479 1.559774 2.991957
 19221.000000 19.475655 1.580503 3.009555
 19224.000000 19.529639 1.561769 2.982505
 19227.000000 19.523062 1.559594 3.001267
 19230.000000 19.596095 1.531296 2.982690
 19233.000000 19.497539 1.572136 2.946767
 19236.000000 19.447548 1.577405 2.922362
 19239.000000 19.382220 1.572805 2.937321
 19242.000000 19.413004 1.582971 2.943241
 19245.000000 19.450348 1.563707 2.989204
 19248.000000 19.407918 1.576018 2.965904
 19251.000000 19.427666 1.539924 2.994980
 19254.000000 19.399074 1.528115 2.991411
 19257.000000 19.359159 1.533586 2.961372
 19260.000000 19.304488 1.544389 2.948715
 19263.000000 19.288131 1.530971 2.966795
 19266.000000 19.399312 1.543393 2.945819
 19269.000000 19.411028 1.550581 2.931290
 19272.000000 19.452801 1.555091 2.944381
 19275.000000 19.425434 1.522655 3.014272
 19278.000000 19.436833 1.541955 2.982064
 19281.000000 19.542334 1.553340 2.962815
 19284.000000 19.568610 1.540846 2.966680
 19287.000000 19.524744 1.539004 2.946330
 19290.000000 19.502614 1.515342 2.966882
 19293.000000 19.497550 1.515032 2.947458
 19296.000000 19.538383 1.515254 2.948077
 19299.000000 19.478275 1.537011 2.953853
 19302.000000 19.529747 1.533155 2.953371
 19305.000000 19.421096 1.561366 2.959094
 19308.000000 19.514958 1.561847 2.945236
 19311.000000 19.561460 1.564614 2.948488
 19314.000000 19.643789 1.564101 2.949106
 19317.000000 19.687738 1.559302 2.940666
 19320.000000 19.649625 1.576568 2.930844
 19323.000000 19.650801 1.576056 2.899818
 19326.000000 19.635145 1.553823 2.901120
 19329.000000 19.656477 1.543255 2.911979
 19332.000000 19.640332 1.541008 2.947863
 19335.000000 19.574930 1.552477 2.936570
 19338.000000 19.598956 1.561478 2.913213
 19341.000000 19.596794 1.550791 2.912244
 19344.000000 19.587464 1.543054 2.931252
 19347.000000 19.484135 1.547696 2.934961
 19350.000000 19.453735 1.546829 2.961281
 19353.000000 19.443990 1.562574 2.945164
 19356.000000 19.417593 1.534734 2.976416
 19359.000000 19.424480 1.554745 2.952382
 19362.000000 19.474547 1.566923 2.969108
 19365.000000 19.573771 1.587497 2.967384
 19368.000000 19.546214 1.568911 2.994515
 19371.000000 19.508621 1.555924 2.998595
 19374.000000 19.511190 1.580266 2.985495
 19377.000000 19.468350 1.576577 2.973937
 19380.000000 19.548262 1.568731 2.981952
 19383.000000 19.529191 1.562606 2.984129
 19386.000000 19.450831 1.574137 2.979939
 19389.000000 19.526809 1.548327 2.967434
 19392.000000 19.542700 1.527077 3.011706
 19395.000000 19.427180 1.546538 3.042996
 19398.000000 19.513699 1.543805 3.020291
 19401.000000 19.449316 1.552500 2.979911
 19404.000000 19.486873 1.539448 2.981571
 19407.000000 19.431709 1.525055 3.012900
 19410.000000 19.419491 1.526368 3.003612
 19413.000000 19.398213 1.532572 3.017749
 19416.000000 19.454099 1.571896 3.007916
 19419.000000 19.514430 1.558535 2.996603
 19422.000000 19.571524 1.562176 3.007126
 19425.000000 19.566719 1.558100 3.017629
 19428.000000 19.495574 1.580179 3.035569
 19431.000000 19.460976 1.557344 3.018520
 19434.000000 19.433839 1.541172 2.998085
 19437.000000 19.459290 1.544862 3.040230
 19440.000000 19.471119 1.529149 3.043057
 19443.000000 19.518917 1.551849 3.017229
 19446.000000 19.486963 1.552989 3.036848
 19449.000000 19.492951 1.548536 3.011456
 19452.000000 19.558563 1.551148 3.026707
 19455.000000 19.590990 1.541568 3.029060
 19458.000000 19.530327 1.524578 3.033432
 19461.000000 19.570261 1.535163 3.017058
 19464.000000 19.556735 1.559163 2.992155
 19467.000000 19.622195 1.583366 2.967807
 19470.000000 19.726712 1.577245 2.959668
 19473.000000 19.651059 1.572667 2.980433
 19476.000000 19.705185 1.597910 2.953090
 19479.000000 19.662793 1.582302 2.974759
 19482.000000 19.558441 1.556304 2.966044
 19485.000000 19.456555 1.544424 3.001921
 19488.000000 19.408405 1.551822 2.996011
 19491.000000 19.380323 1.552685 3.015130
 19494.000000 19.390216 1.564104 2.974935
 19497.000000 19.416665 1.549806 2.993899
 19500.000000 19.415566 1.578711 2.985456
 19503.000000 19.435246 1.570303 2.966727
 19506.000000 19.425823 1.578665 2.921378
 19509.000000 19.430214 1.596221 2.933995
 19512.000000 19.408459 1.562189 2.989829
 19515.000000 19.398450 1.563033 2.977749
 19518.000000 19.441051 1.558992 2.952266
 19521.000000 19.416846 1.529575 2.984352
 19524.000000 19.416678 1.565693 2.987310
 19527.000000 19.441948 1.574749 3.021171
 19530.000000 19.420143 1.563847 3.008767
 19533.000000 19.429800 1.569822 3.016490
 19536.000000 19.491371 1.572258 3.015598
 19539.000000 19.470422 1.587837 3.007392
 19542.000000 19.447097 1.595894 3.003789
 19545.000000 19.497053 1.568455 3.039215
 19548.000000 19.459947 1.563414 3.030979
 19551.000000 19.362341 1.570594 3.013313
 19554.000000 19.456910 1.567459 3.022499
 19557.000000 19.436109 1.566308 2.978517
 19560.000000 19.446859 1.574121 2.967174
 19563.000000 19.459294 1.557635 3.001107
 19566.000000 19.498197 1.561576 2.998389
 19569.000000 19.510393 1.560981 3.016166
 19572.000000 19.563605 1.551901 3.028815
 19575.000000 19.546734 1.564799 2.981167
 19578.000000 19.591197 1.542252 2.986314
 19581.000000 19.592808 1.519713 3.034336
 19584.000000 19.529081 1.538961 2.996045
 19587.000000 19.567952 1.555376 2.994706
 19590.000000 19.628149 1.542964 2.985362
 19593.000000 19.650940 1.518106 3.027879
 19596.000000 19.640453 1.542283 3.002898
 19599.000000 19.560083 1.539554 2.984641
 19602.000000 19.604331 1.523337 2.982341
 19605.000000 19.575671 1.531326 2.981494
 19608.000000 19.558539 1.562425 2.983080
 19611.000000 19.540969 1.582055 2.982801
 19614.000000 19.556799 1.593562 2.974760
 19617.000000 19.491775 1.561343 2.987467
 19620.000000 19.654479 1.543576 2.985130
 19623.000000 19.592833 1.546339 2.993142
 19626.000000 19.632248 1.559272 2.996655
 19629.000000 19.610565 1.555889 3.012406
 19632.000000 19.630833 1.559182 2.987510
 19635.000000 19.624946 1.552938 2.945978
 19638.000000 19.588194 1.564065 2.930618
 19641.000000 19.566215 1.574859 2.948514
 19644.000000 19.497201 1.565297 2.942315
 19647.000000 19.505791 1.552069 2.983242
 19650.000000 19.503916 1.560583 3.013436
 19653.000000 19.493254 1.567024 2.993926
 19656.000000 19.481359 1.559322 2.989343
 19659.000000 19.526593 1.533192 2.993186
 19662.000000 19.459718 1.554820 2.995950
 19665.000000 19.523469 1.551369 3.002486
 19668.000000 19.474138 1.551931 2.991390
 19671.000000 19.430183 1.566854 2.977609
 19674.000000 19.498792 1.557852 3.005048
 19677.000000 19.539229 1.550560 3.001538
 19680.000000 19.513739 1.551527 3.010878
 19683.000000 19.513693 1.568757 3.008661
 19686.000000 19.494539 1.546788 3.028141
 19689.000000 19.451253 1.540933 2.980639
 19692.000000 19.514518 1.535297 3.021401
 19695.000000 19.588717 1.552069 2.999737
 19698.000000 19.529920 1.546946 3.011336
 19701.000000 19.536051 1.567509 2.974740
 19704.000000 19.489985 1.564787 2.983947
 19707.000000 19.519071 1.561108 3.006753
 19710.000000 19.571066 1.547072 2.989886
 19713.000000 19.551156 1.545634 3.029971
 19716.000000 19.565711 1.546633 3.005487
 19719.000000 19.525726 1.550929 2.980122
 19722.000000 19.500936 1.552454 2.989532
 19725.000000 19.573230 1.517726 2.957967
 19728.000000 19.563854 1.518645 2.965029
 19731.000000 19.562298 1.519274 2.968418
 19734.000000 19.481526 1.532797 2.955601
 19737.000000 19.521282 1.550890 2.952891
 19740.000000 19.467124 1.545718 2.982772
 19743.000000 19.457667 1.559615 2.950716
 19746.000000 19.462994 1.551581 2.968668
 19749.000000 19.500979 1.565822 2.946376
 19752.000000 19.527296 1.543171 2.988579
 19755.000000 19.511783 1.552612 2.990996
 19758.000000 19.396883 1.567847 2.989538
 19761.000000 19.346258 1.556719 2.984692
 19764.000000 19.453705 1.560960 2.995349
 19767.000000 19.450636 1.560260 3.045926
 19770.000000 19.483743 1.541602 3.023638
 19773.000000 19.429141 1.552614 2.978245
 19776.000000 19.403311 1.532642 2.996463
 19779.000000 19.436208 1.519553 3.003429
 19782.000000 19.401330 1.561958 2.984941
 19785.000000 19.388773 1.538487 2.987189
 19788.000000 19.449457 1.568290 2.933560
 19791.000000 19.415777 1.569607 2.930483
 19794.000000 19.492007 1.545678 2.954451
 19797.000000 19.476788 1.528463 2.998234
 19800.000000 19.507970 1.535881 3.009720
 19803.000000 19.392696 1.530581 3.018364
 19806.000000 19.427536 1.532446 3.025015
 19809.000000 19.449511 1.517585 2.979654
 19812.000000 19.490399 1.541891 2.987164
 19815.000000 19.519064 1.519211 3.003820
 19818.000000 19.559957 1.497315 2.977422
 19821.000000 19.522823 1.485882 2.990340
 19824.000000 19.433634 1.508663 2.982373
 19827.000000 19.478941 1.501158 2.986746
 19830.000000 19.503483 1.491424 3.009598
 19833.000000 19.522372 1.506903 3.013212
 19836.000000 19.577594 1.520469 3.002818
 19839.000000 19.525309 1.538956 2.988052
 19842.000000 19.518453 1.504553 3.011645
 19845.000000 19.533711 1.521084 2.989820
 19848.000000 19.469991 1.524156 2.986141
 19851.000000 19.513550 1.553194 2.957195
 19854.000000 19.471082 1.520695 2.999890
 19857.000000 19.504290 1.529639 3.006997
 19860.000000 19.554907 1.544899 2.980171
 19863.000000 19.596220 1.521280 3.011672
 19866.000000 19.525879 1.536749 2.987296
 19869.000000 19.507138 1.541956 2.997535
 19872.000000 19.528330 1.545732 2.988478
 19875.000000 19.486700 1.558988 2.963962
 19878.000000 19.475589 1.523528 2.980787
 19881.000000 19.484503 1.519537 2.976927
 19884.000000 19.435474 1.544733 2.979458
 19887.000000 19.428788 1.536379 2.963267
 19890.000000 19.446532 1.548317 2.931828
 19893.000000 19.496857 1.514256 2.980037
 19896.000000 19.490350 1.535450 2.938321
 19899.000000 19.439225 1.523550 2.983596
 19902.000000 19.515838 1.501326 3.013753
 19905.000000 19.472548 1.501500 3.020723
 19908.000000 19.445688 1.519352 2.997206
 19911.000000 19.427102 1.519679 2.979495
 19914.000000 19.407705 1.554933 2.949395
 19917.000000 19.469653 1.575467 2.936076
 19920.000000 19.417991 1.529864 2.953910
 19923.000000 19.384026 1.551040 2.955317
 19926.000000 19.431495 1.547831 2.965745
 19929.000000 19.411521 1.549186 2.971321
 19932.000000 19.517644 1.530303 2.990542
 19935.000000 19.452024 1.525144 2.971505
 19938.000000 19.492754 1.509964 2.978012
 19941.000000 19.481417 1.505831 2.958335
 19944.000000 19.545264 1.488893 3.001962
 19947.000000 19.496897 1.468180 2.991486
 19950.000000 19.588541 1.470412 2.995386
 19953.000000 19.593906 1.491642 2.978181
 19956.000000 19.565442 1.493853 3.020767
 19959.000000 19.471087 1.507226 3.002047
 19962.000000 19.448942 1.503808 3.010790
 19965.000000 19.527095 1.498073 3.016917
 19968.000000 19.553263 1.488676 3.003420
 19971.000000 19.490059 1.528995 2.972969
 19974.000000 19.459058 1.555228 2.913730
 19977.000000 19.510283 1.542154 2.906134
 19980.000000 19.468056 1.534112 2.929691
 19983.000000 19.417618 1.544726 2.951100
 19986.000000 19.449888 1.523189 2.971241
 19989.000000 19.482771 1.551564 2.978915
 19992.000000 19.452983 1.536830 2.989065
 19995.000000 19.466277 1.540460 2.980134
 19998.000000 19.420525 1.532546 2.972865
 20001.000000 19.446714 1.525024 2.976649
 20004.000000 19.408033 1.527305 2.998926
 20007.000000 19.397921 1.492418 3.060423
 20010.000000 19.408752 1.503230 3.024031
 20013.000000 19.345588 1.523757 2.981748
 20016.000000 19.388276 1.522126 2.958734
 20019.000000 19.387867 1.496424 2.998619
 20022.000000 19.414518 1.510642 2.982671
 20025.000000 19.411060 1.520113 2.952564
 20028.000000 19.354385 1.529234 2.970894
 20031.000000 19.335991 1.531898 2.963716
 20034.000000 19.404388 1.552439 2.941134
 20037.000000 19.397200 1.522379 2.961807
 20040.000000 19.453610 1.513915 2.973630
 20043.000000 19.425287 1.493262 3.007560
 20046.000000 19.462381 1.506396 3.019184
 20049.000000 19.445544 1.532105 2.990394
 20052.000000 19.464694 1.527937 2.978802
 20055.000000 19.455374 1.490013 3.038257
 20058.000000 19.514877 1.477781 3.037186
 20061.000000 19.412976 1.497564 3.030586
 20064.000000 19.372637 1.508952 3.006684
 20067.000000 19.432202 1.508155 3.011902
 20070.000000 19.518127 1.505059 3.011432
 20073.000000 19.453282 1.512098 2.991039
 20076.000000 19.371702 1.522836 2.982110
 20079.000000 19.372427 1.500862 2.991682
 20082.000000 19.397359 1.506003 3.013378
 20085.000000 19.374536 1.495058 3.040172
 20088.000000 19.344732 1.502236 3.059394
 20091.000000 19.317353 1.495118 3.062839
 20094.000000 19.343127 1.483299 3.040667
 20097.000000 19.344899 1.500611 3.044642
 20100.000000 19.304570 1.519990 3.011616
 20103.000000 19.366401 1.497464 2.999997
 20106.000000 19.351587 1.475449 3.033553
 20109.000000 19.325073 1.479971 3.043190
 20112.000000 19.295858 1.481136 3.033423
 20115.000000 19.310359 1.494727 2.999880
 20118.000000 19.325200 1.488412 2.992727
 20121.000000 19.357831 1.483462 2.978552
 20124.000000 19.340367 1.495224 2.975696
 20127.000000 19.340274 1.489474 3.005870
 20130.000000 19.373588 1.508148 3.016273
 20133.000000 19.339220 1.510962 3.022731
 20136.000000 19.395075 1.539722 3.007349
 20139.000000 19.530249 1.530119 3.025739
 20142.000000 19.437150 1.536168 3.013206
 20145.000000 19.429034 1.516703 3.044876
 20148.000000 19.354093 1.556292 2.991342
 20151.000000 19.326464 1.527356 3.018247
 20154.000000 19.248734 1.539591 3.007925
 20157.000000 19.267398 1.558703 3.000358
 20160.000000 19.328776 1.517137 3.042669
 20163.000000 19.352725 1.528431 3.031408
 20166.000000 19.377826 1.532659 3.013580
 20169.000000 19.320142 1.531929 3.010816
 20172.000000 19.276581 1.566238 2.996474
 20175.000000 19.329126 1.546520 3.053465
 20178.000000 19.286453 1.567599 3.015831
 20181.000000 19.345710 1.545458 3.050866
 20184.000000 19.368598 1.567144 2.999201
 20187.000000 19.465785 1.528084 3.028717
 20190.000000 19.486087 1.533869 3.033910
 20193.000000 19.453633 1.512856 3.076256
 20196.000000 19.505418 1.527870 3.031974
 20199.000000 19.512801 1.510251 3.034385
 20202.000000 19.551977 1.516887 3.034756
 20205.000000 19.567248 1.518537 3.017491
 20208.000000 19.568698 1.526031 3.005092
 20211.000000 19.574195 1.503368 3.004758
 20214.000000 19.540276 1.534801 2.993773
 20217.000000 19.556732 1.530289 2.989907
 20220.000000 19.550756 1.544643 2.976623
 20223.000000 19.511678 1.520513 3.004847
 20226.000000 19.500789 1.525030 3.026506
 20229.000000 19.509363 1.509632 3.026038
 20232.000000 19.489947 1.525223 2.996757
 20235.000000 19.486133 1.511429 3.036171
 20238.000000 19.544007 1.523976 2.997329
 20241.000000 19.605237 1.537880 3.023305
 20244.000000 19.517315 1.522275 3.025651
 20247.000000 19.500590 1.554242 2.971419
 20250.000000 19.537132 1.530458 2.975884
 20253.000000 19.535888 1.551735 2.981187
 20256.000000 19.507196 1.549133 3.006892
 20259.000000 19.403274 1.560419 2.965646
 20262.000000 19.332728 1.538167 3.024739
 20265.000000 19.368215 1.524569 3.021529
 20268.000000 19.404769 1.513557 3.005200
 20271.000000 19.374202 1.525471 3.013831
 20274.000000 19.500443 1.555414 3.015194
 20277.000000 19.519835 1.551458 2.964775
 20280.000000 19.621654 1.564445 2.960764
 20283.000000 19.589034 1.563387 2.965458
 20286.000000 19.502945 1.560769 2.947958
 20289.000000 19.499163 1.571700 2.948399
 20292.000000 19.483715 1.571329 2.948321
 20295.000000 19.406503 1.591419 2.930691
 20298.000000 19.379013 1.585368 2.967305
 20301.000000 19.441743 1.570293 2.975916
 20304.000000 19.515310 1.557723 2.979925
 20307.000000 19.430488 1.557000 2.966693
 20310.000000 19.440697 1.585301 2.913604
 20313.000000 19.488281 1.565337 2.951407
 20316.000000 19.471362 1.566732 2.938713
 20319.000000 19.501921 1.566475 2.937601
 20322.000000 19.604185 1.556977 2.930579
 20325.000000 19.641093 1.539413 2.994863
 20328.000000 19.549499 1.562708 2.982529
 20331.000000 19.578076 1.559814 3.001307
 20334.000000 19.606386 1.551542 3.010412
 20337.000000 19.571559 1.569410 2.985998
 20340.000000 19.415851 1.572811 2.985624
 20343.000000 19.430893 1.590166 2.970227
 20346.000000 19.444567 1.601987 2.965069
 20349.000000 19.416821 1.610100 2.919370
 20352.000000 19.430684 1.601138 2.936978
 20355.000000 19.388424 1.593784 2.976036
 20358.000000 19.403801 1.615947 2.959745
 20361.000000 19.459673 1.581235 2.986455
 20364.000000 19.411157 1.594701 2.959705
 20367.000000 19.452086 1.590061 2.967553
 20370.000000 19.462379 1.600433 2.982244
 20373.000000 19.328295 1.583947 3.003712
 20376.000000 19.345161 1.566023 3.016838
 20379.000000 19.394777 1.566421 2.994204
 20382.000000 19.388040 1.538050 2.982447
 20385.000000 19.456201 1.537561 2.998453
 20388.000000 19.428450 1.549225 2.997053
 20391.000000 19.406862 1.556057 3.004296
 20394.000000 19.382470 1.552196 2.987870
 20397.000000 19.404683 1.534293 2.974143
 20400.000000 19.390675 1.526045 3.030201
 20403.000000 19.330943 1.550645 3.010479
 20406.000000 19.351174 1.563706 2.992236
 20409.000000 19.358305 1.553044 2.972454
 20412.000000 19.338022 1.546015 2.952440
 20415.000000 19.386815 1.534700 2.974966
 20418.000000 19.408493 1.539546 2.977576
 20421.000000 19.327519 1.569350 2.954238
 20424.000000 19.307588 1.571861 2.964003
 20427.000000 19.343150 1.580058 2.973149
 20430.000000 19.283636 1.597546 2.953959
 20433.000000 19.188521 1.568040 2.985835
 20436.000000 19.258959 1.586420 2.973035
 20439.000000 19.249811 1.578607 2.973067
 20442.000000 19.318436 1.558192 2.980618
 20445.000000 19.370588 1.555334 3.009505
 20448.000000 19.294990 1.587900 2.974010
 20451.000000 19.298524 1.558279 2.983261
 20454.000000 19.360092 1.570294 2.971678
 20457.000000 19.383157 1.600311 2.931915
 20460.000000 19.424051 1.573758 2.947608
 20463.000000 19.397121 1.588412 2.949247
 20466.000000 19.460440 1.569755 2.976793
 20469.000000 19.382926 1.554719 2.998732
 20472.000000 19.343333 1.554448 2.993444
 20475.000000 19.349279 1.567081 2.998700
 20478.000000 19.318230 1.581250 2.980809
 20481.000000 19.327775 1.551293 3.020270
 20484.000000 19.335371 1.536663 3.003139
 20487.000000 19.365832 1.539459 2.993806
 20490.000000 19.303749 1.538446 3.017279
 20493.000000 19.369786 1.532339 3.009374
 20496.000000 19.362380 1.529741 2.983190
 20499.000000 19.421905 1.542856 2.978190
 20502.000000 19.428283 1.532145 3.006364
 20505.000000 19.439783 1.494250 3.036834
 20508.000000 19.489619 1.516644 3.009549
 20511.000000 19.465277 1.488735 3.030796
 20514.000000 19.491673 1.518214 2.985761
 20517.000000 19.402408 1.488130 2.980193
 20520.000000 19.377796 1.515673 2.961976
 20523.000000 19.411787 1.522101 2.952648
 20526.000000 19.278421 1.541568 2.958930
 20529.000000 19.285043 1.542306 3.002682
 20532.000000 19.311801 1.533604 3.004092
 20535.000000 19.389678 1.544785 2.978943
 20538.000000 19.315363 1.538709 2.960562
 20541.000000 19.371845 1.558698 2.951631
 20544.000000 19.274592 1.540498 2.975931
 20547.000000 19.341323 1.556852 2.976872
 20550.000000 19.326431 1.573585 2.969460
 20553.000000 19.234143 1.559908 2.965102
 20556.000000 19.303338 1.558977 2.948721
 20559.000000 19.337474 1.571318 2.978030
 20562.000000 19.283800 1.569084 2.982989
 20565.000000 19.354984 1.543326 3.001674
 20568.000000 19.350939 1.557492 3.004750
 20571.000000 19.342649 1.562650 2.973419
 20574.000000 19.345491 1.558513 2.933053
 20577.000000 19.393720 1.549828 2.949836
 20580.000000 19.369312 1.542353 2.925346
 20583.000000 19.417329 1.529394 2.948828
 20586.000000 19.493551 1.526266 2.974006
 20589.000000 19.500529 1.554779 2.952836
 20592.000000 19.526166 1.552715 2.951478
 20595.000000 19.512627 1.560137 2.934006
 20598.000000 19.553126 1.582887 2.919636
 20601.000000 19.477580 1.581289 2.884829
 20604.000000 19.427984 1.583604 2.941540
 20607.000000 19.465025 1.533905 2.946340
 20610.000000 19.462389 1.541406 2.932075
 20613.000000 19.477230 1.537160 2.933024
 20616.000000 19.437646 1.529185 2.916286
 20619.000000 19.451537 1.530904 2.934162
 20622.000000 19.404701 1.512335 2.930694
 20625.000000 19.466438 1.514821 2.944290
 20628.000000 19.466856 1.558494 2.921942
 20631.000000 19.456087 1.545506 2.940019
 20634.000000 19.501475 1.562268 2.939227
 20637.000000 19.502195 1.517609 2.978928
 20640.000000 19.498747 1.525078 2.973012
 20643.000000 19.440664 1.500142 2.984785
 20646.000000 19.454171 1.509813 2.952348
 20649.000000 19.454110 1.525840 2.973160
 20652.000000 19.463532 1.537185 2.957912
 20655.000000 19.447797 1.545285 2.996295
 20658.000000 19.356165 1.560792 2.979053
 20661.000000 19.394413 1.587091 2.941999
 20664.000000 19.349541 1.570413 2.955126
 20667.000000 19.366978 1.571917 2.999960
 20670.000000 19.362935 1.591532 2.960143
 20673.000000 19.368552 1.600871 2.955010
 20676.000000 19.342141 1.574299 2.979619
 20679.000000 19.370259 1.570889 2.970882
 20682.000000 19.399211 1.562980 2.970501
 20685.000000 19.502415 1.585693 2.954561
 20688.000000 19.480403 1.569711 2.945600
 20691.000000 19.476000 1.558397 2.959696
 20694.000000 19.443357 1.575133 2.936143
 20697.000000 19.394244 1.570766 2.937895
 20700.000000 19.390137 1.578674 2.948243
 20703.000000 19.363809 1.585222 2.902865
 20706.000000 19.335521 1.556515 2.927687
 20709.000000 19.361202 1.565209 2.956060
 20712.000000 19.306549 1.552671 2.932977
 20715.000000 19.340259 1.567030 2.932950
 20718.000000 19.320103 1.556845 2.957839
 20721.000000 19.315771 1.566123 2.973543
 20724.000000 19.350392 1.549116 2.967315
 20727.000000 19.375580 1.571774 2.948067
 20730.000000 19.427975 1.541855 2.942212
 20733.000000 19.432690 1.535916 2.968182
 20736.000000 19.452933 1.547941 2.965906
 20739.000000 19.524220 1.538659 2.995745
 20742.000000 19.492338 1.539225 2.997781
 20745.000000 19.460977 1.547832 2.984529
 20748.000000 19.528156 1.539133 3.001871
 20751.000000 19.516598 1.539293 3.010427
 20754.000000 19.444244 1.528801 3.017202
 20757.000000 19.554017 1.543496 2.997998
 20760.000000 19.558211 1.557685 2.994225
 20763.000000 19.484112 1.572083 2.960850
 20766.000000 19.494610 1.572513 2.946450
 20769.000000 19.503247 1.550409 2.940323
 20772.000000 19.511367 1.554252 2.964494
 20775.000000 19.480862 1.539041 2.963112
 20778.000000 19.445380 1.543024 2.943411
 20781.000000 19.464278 1.522801 2.948719
 20784.000000 19.469573 1.531485 2.922168
 20787.000000 19.479471 1.533867 2.947194
 20790.000000 19.493025 1.537115 2.946418
 20793.000000 19.490810 1.523510 2.950922
 20796.000000 19.514724 1.517967 2.971828
 20799.000000 19.470845 1.524914 2.933031
 20802.000000 19.441166 1.511804 2.964101
 20805.000000 19.409223 1.538741 2.927415
 20808.000000 19.433824 1.556520 2.921727
 20811.000000 19.376303 1.556812 2.937470
 20814.000000 19.409656 1.559714 2.942736
 20817.000000 19.396739 1.574159 2.928606
 20820.000000 19.340257 1.565770 2.925314
 20823.000000 19.275616 1.586950 2.935428
 20826.000000 19.267895 1.589782 2.945149
 20829.000000 19.289437 1.588054 2.914207
 20832.000000 19.217752 1.576505 2.907311
 20835.000000 19.215962 1.583606 2.928333
 20838.000000 19.280131 1.567450 2.955641
 20841.000000 19.311577 1.566542 2.970844
 20844.000000 19.357633 1.547884 2.975675
 20847.000000 19.321629 1.535145 2.979766
 20850.000000 19.398550 1.538457 2.971111
 20853.000000 19.409745 1.561812 2.947965
 20856.000000 19.323009 1.548740 2.950138
 20859.000000 19.428538 1.552996 2.964905
 20862.000000 19.449741 1.517904 3.010678
 20865.000000 19.480762 1.530550 2.970480
 20868.000000 19.549982 1.533807 2.976243
 20871.000000 19.509136 1.536999 2.967942
 20874.000000 19.491005 1.503896 2.972461
 20877.000000 19.496538 1.533805 2.937031
 20880.000000 19.420746 1.530568 2.948668
 20883.000000 19.358630 1.567364 2.957934
 20886.000000 19.397284 1.538359 2.943177
 20889.000000 19.321160 1.527328 2.934691
 20892.000000 19.328456 1.526146 2.927242
 20895.000000 19.316098 1.529541 2.952164
 20898.000000 19.356541 1.506954 2.978105
 20901.000000 19.382248 1.519957 2.943217
 20904.000000 19.346868 1.529538 2.960739
 20907.000000 19.297452 1.533077 2.941229
 20910.000000 19.378291 1.530885 2.954460
 20913.000000 19.329006 1.550503 2.941600
 20916.000000 19.314189 1.516588 2.981386
 20919.000000 19.342442 1.519979 2.974202
 20922.000000 19.360488 1.539617 2.976537
 20925.000000 19.438869 1.551191 2.958587
 20928.000000 19.514592 1.543329 2.951920
 20931.000000 19.487542 1.514577 2.981891
 20934.000000 19.554571 1.528701 2.986156
 20937.000000 19.492877 1.544761 2.950530
 20940.000000 19.496833 1.541481 2.972964
 20943.000000 19.454814 1.556119 2.945925
 20946.000000 19.450744 1.576216 2.948154
 20949.000000 19.495915 1.580617 2.916597
 20952.000000 19.419660 1.546572 2.919074
 20955.000000 19.476495 1.533453 2.930079
 20958.000000 19.468442 1.568703 2.923581
 20961.000000 19.460752 1.514638 2.976137
 20964.000000 19.333055 1.520415 2.991747
 20967.000000 19.360769 1.496687 2.978471
 20970.000000 19.398779 1.496357 2.986616
 20973.000000 19.322310 1.475908 3.005477
 20976.000000 19.235472 1.491270 2.993497
 20979.000000 19.277824 1.494213 2.987275
 20982.000000 19.288759 1.483114 2.975685
 20985.000000 19.304048 1.512478 2.953390
 20988.000000 19.310555 1.528970 2.920505
 20991.000000 19.343537 1.513068 2.947923
 20994.000000 19.290548 1.508284 2.979823
 20997.000000 19.298134 1.525035 2.973736
 21000.000000 19.320577 1.516586 2.960778
