#! FIELDS time dmid theta gamma
 0.000000 23.896439 1.491511 0.185657
 3.000000 23.734125 1.509429 0.189193
 6.000000 23.807441 1.512374 0.154441
 9.000000 24.431378 1.529527 0.194692
 12.000000 24.084425 1.541264 0.196885
 15.000000 24.277960 1.548153 0.200701
 18.000000 24.540817 1.577764 0.189922
 21.000000 24.354700 1.576993 0.222080
 24.000000 24.570381 1.576943 0.233414
 27.000000 24.517759 1.554314 0.222073
 30.000000 24.482985 1.553946 0.235822
 33.000000 24.680714 1.534085 0.205333
 36.000000 24.642522 1.574789 0.234966
 39.000000 24.695487 1.550132 0.210618
 42.000000 24.729867 1.519265 0.151919
 45.000000 24.772315 1.496669 0.185727
 48.000000 24.807771 1.512977 0.161464
 51.000000 24.844304 1.518877 0.149784
 54.000000 24.885375 1.518478 0.177134
 57.000000 24.953739 1.509788 0.160454
 60.000000 24.873958 1.512030 0.132895
 63.000000 24.850834 1.487336 0.111325
 66.000000 24.891926 1.490499 0.109258
 69.000000 24.875691 1.512943 0.159231
 72.000000 24.902480 1.530795 0.121271
 75.000000 24.883563 1.530528 0.144245
 78.000000 24.960736 1.513901 0.134778
 81.000000 24.910755 1.554211 0.197603
 84.000000 24.906136 1.547383 0.155947
 87.000000 24.916975 1.536108 0.129555
 90.000000 25.039959 1.537099 0.140907
 93.000000 25.050051 1.526047 0.121029
 96.000000 25.026381 1.520010 0.117257
 99.000000 25.068220 1.536709 0.132306
 102.000000 25.049998 1.531706 0.139230
 105.000000 25.106657 1.559145 0.126337
 108.000000 25.048974 1.564135 0.114948
 111.000000 25.150650 1.537788 0.091162
 114.000000 25.131835 1.562431 0.154945
 117.000000 25.157447 1.560469 0.134927
 120.000000 25.232536 1.581265 0.203693
 123.000000 25.244000 1.559214 0.185635
 126.000000 25.228990 1.559288 0.177827
 129.000000 25.226286 1.559201 0.139957
 132.000000 25.345852 1.525644 0.124376
 135.000000 25.303355 1.547708 0.140997
 138.000000 25.270435 1.556016 0.148432
 141.000000 25.267207 1.507577 0.111414
 144.000000 25.286733 1.571363 0.171778
 147.000000 25.318906 1.558524 0.198509
 150.000000 25.391261 1.564939 0.179196
 153.000000 25.368775 1.555279 0.204493
 156.000000 25.308602 1.538785 0.193435
 159.000000 25.317865 1.534869 0.175430
 162.000000 25.307066 1.540785 0.213971
 165.000000 25.236431 1.558604 0.189311
 168.000000 25.224590 1.584626 0.213617
 171.000000 25.324159 1.547228 0.183001
 174.000000 25.325025 1.531719 0.168653
 177.000000 25.358065 1.523710 0.147731
 180.000000 25.283660 1.573006 0.145865
 183.000000 25.437796 1.562576 0.155762
 186.000000 25.458630 1.547851 0.155692
 189.000000 25.377966 1.560081 0.150609
 192.000000 25.374343 1.530997 0.122477
 195.000000 25.443175 1.552002 0.161956
 198.000000 25.392624 1.583149 0.187605
 201.000000 25.385020 1.572726 0.176576
 204.000000 25.460482 1.552906 0.152942
 207.000000 25.455468 1.571469 0.176908
 210.000000 25.401912 1.567066 0.173692
 213.000000 25.262365 1.560879 0.176477
 216.000000 25.307458 1.552046 0.173954
 219.000000 25.357351 1.544050 0.150808
 222.000000 25.327693 1.536735 0.151140
 225.000000 25.334326 1.510039 0.146602
 228.000000 25.449733 1.514251 0.158322
 231.000000 25.425442 1.520510 0.167695
 234.000000 25.475361 1.571421 0.185937
 237.000000 25.379165 1.578822 0.181684
 240.000000 25.424200 1.579402 0.206516
 243.000000 25.426559 1.525086 0.149308
 246.000000 25.402756 1.546666 0.172600
 249.000000 25.486005 1.573111 0.212469
 252.000000 25.483200 1.577034 0.173328
 255.000000 25.452829 1.550119 0.152270
 258.000000 25.434453 1.582513 0.171300
 261.000000 25.440019 1.555456 0.192838
 264.000000 25.440365 1.570532 0.214645
 267.000000 25.429497 1.560396 0.169305
 270.000000 25.400596 1.578016 0.177449
 273.000000 25.426786 1.564680 0.183974
 276.000000 25.343844 1.565996 0.187419
 279.000000 25.318889 1.556520 0.214211
 282.000000 25.288482 1.551635 0.189398
 285.000000 25.338878 1.550174 0.196169
 288.000000 25.404399 1.540903 0.158208
 291.000000 25.288361 1.568678 0.161057
 294.000000 25.295068 1.575487 0.139974
 297.000000 25.338999 1.613709 0.217544
 300.000000 25.283522 1.577278 0.202126
 303.000000 25.288399 1.581769 0.190033
 306.000000 25.268448 1.597893 0.202349
 309.000000 25.377063 1.567876 0.153772
 312.000000 25.382234 1.586228 0.170038
 315.000000 25.324559 1.612652 0.173725
 318.000000 25.397848 1.584617 0.130425
 321.000000 25.326696 1.577936 0.133334
 324.000000 25.401581 1.601158 0.130381
 327.000000 25.344372 1.582350 0.107533
 330.000000 25.305917 1.596823 0.138319
 333.000000 25.381122 1.594469 0.139781
 336.000000 25.379065 1.581957 0.153964
 339.000000 25.335859 1.552597 0.145746
 342.000000 25.349154 1.552091 0.134678
 345.000000 25.316749 1.539316 0.137112
 348.000000 25.366668 1.559834 0.145339
 351.000000 25.324778 1.561202 0.168193
 354.000000 25.293202 1.564256 0.142914
 357.000000 25.304267 1.588274 0.168314
 360.000000 25.268944 1.609997 0.195792
 363.000000 25.256265 1.568107 0.148603
 366.000000 25.238495 1.573713 0.181085
 369.000000 25.239735 1.572729 0.182584
 372.000000 25.276715 1.577180 0.175030
 375.000000 25.311254 1.555942 0.127401
 378.000000 25.292736 1.585254 0.163754
 381.000000 25.299526 1.575688 0.167445
 384.000000 25.328594 1.587424 0.193506
 387.000000 25.213732 1.591192 0.148056
 390.000000 25.208175 1.582029 0.149365
 393.000000 25.312318 1.592542 0.141419
 396.000000 25.397687 1.617730 0.171381
 399.000000 25.375691 1.566707 0.168657
 402.000000 25.269729 1.563641 0.162302
 405.000000 25.330135 1.561489 0.172724
 408.000000 25.319280 1.590587 0.180667
 411.000000 25.422753 1.576538 0.173460
 414.000000 25.355542 1.588462 0.172083
 417.000000 25.391365 1.574214 0.175553
 420.000000 25.404223 1.570087 0.184521
 423.000000 25.359723 1.536667 0.133111
 426.000000 25.347598 1.553989 0.161288
 429.000000 25.289890 1.554842 0.161960
 432.000000 25.278861 1.561975 0.147080
 435.000000 25.296225 1.581019 0.174626
 438.000000 25.254891 1.602104 0.192185
 441.000000 25.330908 1.585355 0.183431
 444.000000 25.351215 1.595693 0.168381
 447.000000 25.402817 1.603585 0.176478
 450.000000 25.437394 1.581651 0.161697
 453.000000 25.346421 1.588409 0.157225
 456.000000 25.367680 1.597371 0.172166
 459.000000 25.418940 1.595970 0.143382
 462.000000 25.377160 1.613033 0.142519
 465.000000 25.481087 1.609794 0.153666
 468.000000 25.425614 1.598988 0.156639
 471.000000 25.458545 1.582480 0.115011
 474.000000 25.551730 1.610058 0.130642
 477.000000 25.607189 1.607165 0.158692
 480.000000 25.606152 1.598226 0.180232
 483.000000 25.567274 1.600437 0.173311
 486.000000 25.613239 1.615793 0.225805
 489.000000 25.594600 1.599357 0.209466
 492.000000 25.596589 1.574387 0.177590
 495.000000 25.574775 1.586643 0.223266
 498.000000 25.518409 1.592632 0.218232
 501.000000 25.567995 1.577261 0.196519
 504.000000 25.566670 1.604114 0.197307
 507.000000 25.557332 1.581833 0.208302
 510.000000 25.540137 1.583465 0.207821
 513.000000 25.463938 1.581763 0.166964
 516.000000 25.457190 1.578711 0.172892
 519.000000 25.540035 1.594901 0.172614
 522.000000 25.523736 1.595307 0.213253
 525.000000 25.498659 1.611638 0.222269
 528.000000 25.493488 1.605532 0.188172
 531.000000 25.462320 1.618999 0.189853
 534.000000 25.369743 1.604518 0.159340
 537.000000 25.331838 1.580489 0.131754
 540.000000 25.419131 1.622440 0.175903
 543.000000 25.480282 1.634302 0.194001
 546.000000 25.388155 1.622613 0.183423
 549.000000 25.414153 1.613668 0.177376
 552.000000 25.424406 1.605527 0.157888
 555.000000 25.368993 1.616419 0.159785
 558.000000 25.394625 1.612646 0.166218
 561.000000 25.422394 1.592034 0.181865
 564.000000 25.420293 1.579813 0.184054
 567.000000 25.353382 1.587317 0.187493
 570.000000 25.398390 1.623386 0.159597
 573.000000 25.391302 1.609592 0.155502
 576.000000 25.396085 1.596870 0.124517
 579.000000 25.389927 1.580697 0.109399
 582.000000 25.306121 1.579306 0.119544
 585.000000 25.318425 1.587720 0.132203
 588.000000 25.290825 1.587641 0.136362
 591.000000 25.289220 1.589220 0.134519
 594.000000 25.271443 1.575922 0.120072
 597.000000 25.302425 1.581551 0.111197
 600.000000 25.313654 1.580356 0.106680
 603.000000 25.418820 1.590568 0.163190
 606.000000 25.476681 1.579191 0.134455
 609.000000 25.470964 1.576610 0.145321
 612.000000 25.463811 1.563152 0.125724
 615.000000 25.417535 1.552138 0.115135
 618.000000 25.462687 1.560728 0.103847
 621.000000 25.520530 1.562830 0.106606
 624.000000 25.525952 1.610203 0.143240
 627.000000 25.527459 1.561278 0.112943
 630.000000 25.532062 1.572977 0.125135
 633.000000 25.564381 1.582607 0.161961
 636.000000 25.484542 1.584827 0.161278
 639.000000 25.559452 1.588543 0.175402
 642.000000 25.592796 1.573048 0.167602
 645.000000 25.599262 1.577445 0.160960
 648.000000 25.497077 1.597660 0.187433
 651.000000 25.482758 1.630957 0.236775
 654.000000 25.543863 1.608058 0.202823
 657.000000 25.596235 1.605201 0.209368
 660.000000 25.536295 1.600276 0.183673
 663.000000 25.613131 1.564814 0.132951
 666.000000 25.587622 1.600840 0.135414
 669.000000 25.575864 1.602204 0.121487
 672.000000 25.553806 1.614319 0.144897
 675.000000 25.461973 1.609586 0.144182
 678.000000 25.518453 1.630610 0.161245
 681.000000 25.488033 1.613731 0.154955
 684.000000 25.455329 1.612385 0.140199
 687.000000 25.448456 1.597633 0.153391
 690.000000 25.475212 1.602154 0.164670
 693.000000 25.497047 1.618491 0.157859
 696.000000 25.492511 1.623706 0.172338
 699.000000 25.511380 1.613566 0.193265
 702.000000 25.440419 1.604857 0.164032
 705.000000 25.486429 1.628326 0.174298
 708.000000 25.454565 1.616584 0.199448
 711.000000 25.454255 1.607845 0.204718
 714.000000 25.421573 1.599596 0.184346
 717.000000 25.453831 1.594041 0.155375
 720.000000 25.373456 1.591552 0.158705
 723.000000 25.457531 1.610366 0.188294
 726.000000 25.522956 1.610896 0.181658
 729.000000 25.470257 1.629180 0.156229
 732.000000 25.397353 1.621351 0.173027
 735.000000 25.387190 1.574433 0.118245
 738.000000 25.449666 1.593180 0.131778
 741.000000 25.357229 1.616165 0.209388
 744.000000 25.359813 1.598256 0.179613
 747.000000 25.392487 1.572195 0.151992
 750.000000 25.459794 1.591000 0.178284
 753.000000 25.421070 1.573607 0.145025
 756.000000 25.420751 1.581903 0.143835
 759.000000 25.367220 1.612579 0.182085
 762.000000 25.482756 1.604565 0.161150
 765.000000 25.490435 1.599398 0.128307
 768.000000 25.519280 1.611060 0.153448
 771.000000 25.528072 1.635960 0.177368
 774.000000 25.419137 1.616679 0.162523
 777.000000 25.384131 1.617933 0.133777
 780.000000 25.325916 1.611776 0.146822
 783.000000 25.417141 1.625630 0.161254
 786.000000 25.502591 1.600167 0.117260
 789.000000 25.498811 1.624369 0.158200
 792.000000 25.510668 1.622577 0.170463
 795.000000 25.510288 1.592249 0.163352
 798.000000 25.501583 1.599440 0.170473
 801.000000 25.452835 1.611017 0.189668
 804.000000 25.439729 1.575030 0.164183
 807.000000 25.518219 1.609312 0.191882
 810.000000 25.516329 1.594585 0.190076
 813.000000 25.499339 1.602014 0.219786
 816.000000 25.417374 1.598466 0.217030
 819.000000 25.392307 1.594091 0.203470
 822.000000 25.479360 1.620615 0.204070
 825.000000 25.535118 1.589399 0.179012
 828.000000 25.532718 1.593819 0.168962
 831.000000 25.431178 1.612487 0.171724
 834.000000 25.490631 1.595450 0.124536
 837.000000 25.518930 1.600645 0.149915
 840.000000 25.478136 1.609035 0.196223
 843.000000 25.420594 1.597980 0.170259
 846.000000 25.346898 1.586377 0.150927
 849.000000 25.259396 1.584426 0.148057
 852.000000 25.305245 1.566243 0.148304
 855.000000 25.335059 1.603182 0.169677
 858.000000 25.360819 1.604323 0.158242
 861.000000 25.436882 1.623485 0.196167
 864.000000 25.388066 1.606508 0.152268
 867.000000 25.361411 1.622436 0.149398
 870.000000 25.365356 1.651173 0.159531
 873.000000 25.432835 1.654805 0.168452
 876.000000 25.472261 1.653634 0.156132
 879.000000 25.474603 1.648188 0.176116
 882.000000 25.472478 1.620909 0.156591
 885.000000 25.536005 1.602537 0.145290
 888.000000 25.504966 1.609301 0.166103
 891.000000 25.510577 1.581484 0.118417
 894.000000 25.473925 1.619413 0.155101
 897.000000 25.499390 1.650783 0.172717
 900.000000 25.489576 1.657147 0.187137
 903.000000 25.501205 1.633169 0.178587
 906.000000 25.426644 1.639904 0.178871
 909.000000 25.372861 1.635787 0.197325
 912.000000 25.401809 1.651676 0.185204
 915.000000 25.400513 1.638468 0.176138
 918.000000 25.432807 1.595183 0.122388
 921.000000 25.474973 1.619671 0.155316
 924.000000 25.518828 1.635588 0.146356
 927.000000 25.445528 1.604564 0.125626
 930.000000 25.522251 1.599089 0.141131
 933.000000 25.491094 1.619183 0.134456
 936.000000 25.472027 1.611194 0.166269
 939.000000 25.429871 1.611975 0.193238
 942.000000 25.471276 1.600482 0.193929
 945.000000 25.366475 1.617242 0.168095
 948.000000 25.348646 1.641346 0.176028
 951.000000 25.353274 1.624121 0.109598
 954.000000 25.334712 1.628652 0.129393
 957.000000 25.373299 1.593897 0.137450
 960.000000 25.375958 1.593531 0.164788
 963.000000 25.400685 1.582330 0.145369
 966.000000 25.408169 1.612880 0.152649
 969.000000 25.480167 1.584741 0.156067
 972.000000 25.569455 1.604274 0.153241
 975.000000 25.524614 1.607929 0.133134
 978.000000 25.588842 1.607641 0.179001
 981.000000 25.625638 1.601668 0.140819
 984.000000 25.630212 1.620245 0.168243
 987.000000 25.560575 1.630484 0.138292
 990.000000 25.603263 1.620656 0.138764
 993.000000 25.578632 1.630042 0.165721
 996.000000 25.567779 1.623679 0.169943
 999.000000 25.570639 1.645608 0.187176
 1002.000000 25.451555 1.630057 0.186634
 1005.000000 25.441428 1.616717 0.187926
 1008.000000 25.508885 1.630855 0.214136
 1011.000000 25.567284 1.646979 0.223295
 1014.000000 25.535643 1.621075 0.215026
 1017.000000 25.561166 1.595678 0.218262
 1020.000000 25.544328 1.606951 0.188993
 1023.000000 25.549436 1.639169 0.219730
 1026.000000 25.455261 1.649926 0.209199
 1029.000000 25.417849 1.644559 0.202707
 1032.000000 25.415375 1.630237 0.151914
 1035.000000 25.407558 1.623976 0.160470
 1038.000000 25.417077 1.633974 0.166398
 1041.000000 25.438212 1.628003 0.133269
 1044.000000 25.387701 1.643774 0.157193
 1047.000000 25.538229 1.654212 0.169373
 1050.000000 25.497844 1.641006 0.161708
 1053.000000 25.553948 1.658464 0.154132
 1056.000000 25.586358 1.684550 0.147037
 1059.000000 25.563498 1.663795 0.128659
 1062.000000 25.639274 1.663729 0.117101
 1065.000000 25.621081 1.650165 0.115368
 1068.000000 25.570183 1.618906 0.136839
 1071.000000 25.563376 1.656839 0.196012
 1074.000000 25.509011 1.663029 0.216795
 1077.000000 25.579402 1.689947 0.196242
 1080.000000 25.558642 1.654876 0.169168
 1083.000000 25.590547 1.652908 0.133954
 1086.000000 25.553882 1.645915 0.138467
 1089.000000 25.474434 1.632489 0.148465
 1092.000000 25.552830 1.628222 0.167575
 1095.000000 25.533198 1.671066 0.182199
 1098.000000 25.552232 1.651812 0.187179
 1101.000000 25.529233 1.650902 0.173515
 1104.000000 25.458599 1.643743 0.141400
 1107.000000 25.533344 1.639515 0.147115
 1110.000000 25.556228 1.623222 0.130950
 1113.000000 25.600857 1.617910 0.140501
 1116.000000 25.613853 1.627869 0.135999
 1119.000000 25.597672 1.617194 0.141197
 1122.000000 25.601555 1.591422 0.130063
 1125.000000 25.584718 1.618699 0.131866
 1128.000000 25.599090 1.605267 0.163701
 1131.000000 25.607024 1.603682 0.201520
 1134.000000 25.636569 1.589902 0.180139
 1137.000000 25.661368 1.583447 0.170901
 1140.000000 25.690369 1.573651 0.133536
 1143.000000 25.748930 1.591388 0.163911
 1146.000000 25.572378 1.582626 0.148591
 1149.000000 25.565021 1.587256 0.165173
 1152.000000 25.580580 1.595019 0.189855
 1155.000000 25.589650 1.578850 0.173744
 1158.000000 25.559900 1.573611 0.180670
 1161.000000 25.600624 1.574616 0.177188
 1164.000000 25.592654 1.553599 0.146508
 1167.000000 25.580276 1.550457 0.135326
 1170.000000 25.564875 1.594438 0.187101
 1173.000000 25.570100 1.583977 0.137342
 1176.000000 25.568884 1.575118 0.144920
 1179.000000 25.508732 1.581168 0.158583
 1182.000000 25.560006 1.606437 0.179343
 1185.000000 25.518344 1.580946 0.160541
 1188.000000 25.547437 1.599362 0.189404
 1191.000000 25.402634 1.590216 0.163142
 1194.000000 25.406983 1.591741 0.181144
 1197.000000 25.390998 1.568849 0.131575
 1200.000000 25.350855 1.580621 0.138731
 1203.000000 25.415022 1.571118 0.110725
 1206.000000 25.393425 1.579836 0.146334
 1209.000000 25.388508 1.556136 0.118055
 1212.000000 25.319673 1.560641 0.130506
 1215.000000 25.350554 1.561616 0.139013
 1218.000000 25.356226 1.582075 0.135704
 1221.000000 25.306167 1.573966 0.145366
 1224.000000 25.363171 1.563285 0.112044
 1227.000000 25.423069 1.557613 0.113468
 1230.000000 25.433817 1.576783 0.130837
 1233.000000 25.371870 1.557819 0.110713
 1236.000000 25.369955 1.540921 0.117268
 1239.000000 25.431239 1.529715 0.108472
 1242.000000 25.451927 1.545168 0.133403
 1245.000000 25.484902 1.558896 0.125415
 1248.000000 25.453965 1.560335 0.126854
 1251.000000 25.419407 1.574392 0.167773
 1254.000000 25.441762 1.561824 0.177294
 1257.000000 25.416817 1.568836 0.152740
 1260.000000 25.421797 1.581395 0.180876
 1263.000000 25.456084 1.582641 0.191378
 1266.000000 25.482647 1.562032 0.161811
 1269.000000 25.484720 1.605425 0.200961
 1272.000000 25.514988 1.604494 0.182909
 1275.000000 25.420930 1.600107 0.187166
 1278.000000 25.383207 1.570585 0.187742
 1281.000000 25.409775 1.584777 0.208812
 1284.000000 25.408409 1.566981 0.163897
 1287.000000 25.433860 1.592665 0.178856
 1290.000000 25.433976 1.585816 0.159955
 1293.000000 25.452466 1.604273 0.211128
 1296.000000 25.388846 1.599616 0.200784
 1299.000000 25.395391 1.567048 0.179697
 1302.000000 25.399699 1.567952 0.182025
 1305.000000 25.497663 1.561210 0.165661
 1308.000000 25.405089 1.599275 0.203072
 1311.000000 25.491855 1.566679 0.159415
 1314.000000 25.494460 1.564763 0.134395
 1317.000000 25.501349 1.582804 0.161285
 1320.000000 25.532181 1.561651 0.138304
 1323.000000 25.443671 1.581520 0.149660
 1326.000000 25.423253 1.592934 0.178000
 1329.000000 25.527748 1.596771 0.166561
 1332.000000 25.452818 1.573434 0.149406
 1335.000000 25.350236 1.569649 0.204239
 1338.000000 25.415425 1.573659 0.174776
 1341.000000 25.440923 1.594678 0.191122
 1344.000000 25.487786 1.594250 0.184257
 1347.000000 25.477747 1.592891 0.158435
 1350.000000 25.479893 1.615216 0.204802
 1353.000000 25.433989 1.584613 0.156324
 1356.000000 25.510639 1.623772 0.193889
 1359.000000 25.551554 1.610397 0.208555
 1362.000000 25.523798 1.621117 0.211708
 1365.000000 25.451072 1.612172 0.136657
 1368.000000 25.393252 1.608769 0.136255
 1371.000000 25.421050 1.594330 0.124863
 1374.000000 25.476499 1.616391 0.130053
 1377.000000 25.422290 1.625057 0.138029
 1380.000000 25.412927 1.608478 0.127913
 1383.000000 25.425060 1.585555 0.120565
 1386.000000 25.348617 1.604345 0.144277
 1389.000000 25.422193 1.608512 0.125837
 1392.000000 25.347112 1.600081 0.150022
 1395.000000 25.411025 1.611171 0.145351
 1398.000000 25.449465 1.588833 0.141623
 1401.000000 25.444191 1.589402 0.158369
 1404.000000 25.390341 1.610321 0.173866
 1407.000000 25.445834 1.588065 0.127943
 1410.000000 25.419532 1.576023 0.108148
 1413.000000 25.427873 1.561869 0.126649
 1416.000000 25.474529 1.573017 0.134294
 1419.000000 25.510144 1.572562 0.150222
 1422.000000 25.568333 1.586793 0.167339
 1425.000000 25.489554 1.580229 0.190905
 1428.000000 25.527090 1.564477 0.172807
 1431.000000 25.607898 1.568962 0.208349
 1434.000000 25.582759 1.549028 0.163044
 1437.000000 25.546542 1.542139 0.141059
 1440.000000 25.568417 1.525322 0.123255
 1443.000000 25.477174 1.520155 0.114155
 1446.000000 25.483553 1.513028 0.108007
 1449.000000 25.502365 1.524755 0.107767
 1452.000000 25.485757 1.543712 0.109450
 1455.000000 25.416628 1.563760 0.110449
 1458.000000 25.432581 1.558583 0.123874
 1461.000000 25.525088 1.547488 0.135552
 1464.000000 25.481364 1.553999 0.146702
 1467.000000 25.488020 1.551314 0.131439
 1470.000000 25.512472 1.560066 0.119676
 1473.000000 25.547723 1.582097 0.141005
 1476.000000 25.526292 1.571073 0.123949
 1479.000000 25.551666 1.574521 0.135705
 1482.000000 25.457654 1.568382 0.127180
 1485.000000 25.560306 1.563465 0.134764
 1488.000000 25.543611 1.557453 0.153581
 1491.000000 25.561326 1.547128 0.114777
 1494.000000 25.598526 1.573536 0.141545
 1497.000000 25.659248 1.563862 0.154274
 1500.000000 25.674892 1.546676 0.152806
 1503.000000 25.654559 1.575772 0.150707
 1506.000000 25.612868 1.558575 0.138043
 1509.000000 25.655463 1.587224 0.202364
 1512.000000 25.604784 1.550192 0.143771
 1515.000000 25.533737 1.554545 0.156251
 1518.000000 25.513703 1.574978 0.208276
 1521.000000 25.477167 1.573544 0.188212
 1524.000000 25.441754 1.545791 0.146872
 1527.000000 25.310895 1.581690 0.139817
 1530.000000 25.377989 1.585097 0.161360
 1533.000000 25.415938 1.577862 0.151475
 1536.000000 25.441094 1.598134 0.169848
 1539.000000 25.417919 1.593254 0.165565
 1542.000000 25.396861 1.581636 0.149877
 1545.000000 25.293864 1.592178 0.144099
 1548.000000 25.315431 1.579853 0.136024
 1551.000000 25.282420 1.597061 0.162760
 1554.000000 25.270990 1.611759 0.182127
 1557.000000 25.251272 1.604600 0.160569
 1560.000000 25.325620 1.596278 0.147241
 1563.000000 25.389199 1.588671 0.124201
 1566.000000 25.359080 1.575032 0.117945
 1569.000000 25.429047 1.562650 0.097920
 1572.000000 25.350441 1.571211 0.117998
 1575.000000 25.435330 1.549497 0.096935
 1578.000000 25.451460 1.532842 0.136593
 1581.000000 25.539444 1.555523 0.108721
 1584.000000 25.528898 1.544450 0.089960
 1587.000000 25.607049 1.544903 0.128492
 1590.000000 25.476438 1.553106 0.155726
 1593.000000 25.415269 1.574755 0.185828
 1596.000000 25.380108 1.583532 0.150375
 1599.000000 25.422693 1.596334 0.161121
 1602.000000 25.442933 1.579184 0.126719
 1605.000000 25.446843 1.578748 0.157911
 1608.000000 25.386628 1.555670 0.123591
 1611.000000 25.432572 1.549595 0.143690
 1614.000000 25.487206 1.570520 0.151869
 1617.000000 25.464508 1.587293 0.174046
 1620.000000 25.449880 1.564877 0.170081
 1623.000000 25.499394 1.570298 0.174106
 1626.000000 25.494497 1.580552 0.162172
 1629.000000 25.464935 1.553831 0.194396
 1632.000000 25.363723 1.538146 0.210441
 1635.000000 25.306437 1.556747 0.207963
 1638.000000 25.413675 1.557134 0.169778
 1641.000000 25.399436 1.575380 0.178077
 1644.000000 25.442438 1.582763 0.207573
 1647.000000 25.424833 1.579983 0.174139
 1650.000000 25.495297 1.584569 0.192307
 1653.000000 25.485756 1.567040 0.208528
 1656.000000 25.458837 1.566233 0.181160
 1659.000000 25.460254 1.577526 0.159551
 1662.000000 25.490109 1.558983 0.116409
 1665.000000 25.548742 1.585630 0.119049
 1668.000000 25.535286 1.566817 0.142566
 1671.000000 25.565020 1.562918 0.109887
 1674.000000 25.544284 1.544535 0.120697
 1677.000000 25.650605 1.578557 0.133027
 1680.000000 25.554489 1.555999 0.082046
 1683.000000 25.577199 1.556419 0.079208
 1686.000000 25.522464 1.568863 0.111254
 1689.000000 25.487041 1.569178 0.124522
 1692.000000 25.495214 1.560888 0.134940
 1695.000000 25.472489 1.592824 0.139732
 1698.000000 25.499556 1.576237 0.134463
 1701.000000 25.418903 1.598034 0.133754
 1704.000000 25.381849 1.573822 0.105751
 1707.000000 25.468894 1.571962 0.115791
 1710.000000 25.552054 1.556825 0.114002
 1713.000000 25.603030 1.560473 0.116798
 1716.000000 25.619708 1.544919 0.150115
 1719.000000 25.566363 1.546899 0.139083
 1722.000000 25.514778 1.529713 0.076926
 1725.000000 25.542917 1.550722 0.093816
 1728.000000 25.635614 1.544757 0.089794
 1731.000000 25.558155 1.567788 0.097522
 1734.000000 25.534016 1.588090 0.114670
 1737.000000 25.555299 1.559811 0.143917
 1740.000000 25.441154 1.562885 0.153147
 1743.000000 25.425049 1.564939 0.172546
 1746.000000 25.472932 1.595192 0.194385
 1749.000000 25.432108 1.559656 0.179219
 1752.000000 25.515049 1.546907 0.155976
 1755.000000 25.542026 1.556643 0.132392
 1758.000000 25.515551 1.536846 0.137741
 1761.000000 25.486100 1.539525 0.141622
 1764.000000 25.449883 1.551950 0.141543
 1767.000000 25.446588 1.569060 0.161323
 1770.000000 25.473702 1.548801 0.147756
 1773.000000 25.466275 1.550975 0.146131
 1776.000000 25.509492 1.544406 0.149785
 1779.000000 25.498385 1.550929 0.133268
 1782.000000 25.426608 1.539487 0.111762
 1785.000000 25.287347 1.547899 0.128278
 1788.000000 25.365420 1.572398 0.150816
 1791.000000 25.353052 1.562104 0.117145
 1794.000000 25.399075 1.557654 0.122495
 1797.000000 25.364352 1.569968 0.163606
 1800.000000 25.380906 1.566841 0.146744
 1803.000000 25.417906 1.561287 0.127360
 1806.000000 25.387364 1.547656 0.114276
 1809.000000 25.435895 1.554951 0.114775
 1812.000000 25.489999 1.578392 0.147729
 1815.000000 25.498227 1.562697 0.111148
 1818.000000 25.587734 1.550696 0.125803
 1821.000000 25.497651 1.547885 0.148225
 1824.000000 25.435624 1.568609 0.164830
 1827.000000 25.387817 1.546329 0.124399
 1830.000000 25.302306 1.539910 0.129334
 1833.000000 25.302630 1.524305 0.121592
 1836.000000 25.285624 1.555133 0.169653
 1839.000000 25.355276 1.539089 0.129053
 1842.000000 25.350224 1.523031 0.116795
 1845.000000 25.347995 1.529911 0.140235
 1848.000000 25.305345 1.542781 0.131073
 1851.000000 25.260185 1.534656 0.149159
 1854.000000 25.348696 1.550210 0.147313
 1857.000000 25.297401 1.545035 0.151973
 1860.000000 25.267510 1.553341 0.175570
 1863.000000 25.254081 1.565820 0.145915
 1866.000000 25.288001 1.519673 0.136582
 1869.000000 25.344533 1.547052 0.147011
 1872.000000 25.336313 1.552813 0.157742
 1875.000000 25.329815 1.533757 0.114819
 1878.000000 25.350084 1.535950 0.147686
 1881.000000 25.296615 1.506641 0.125636
 1884.000000 25.357673 1.514535 0.106506
 1887.000000 25.411813 1.497793 0.092473
 1890.000000 25.362004 1.538621 0.161938
 1893.000000 25.361813 1.546859 0.166705
 1896.000000 25.384301 1.528930 0.109891
 1899.000000 25.418167 1.546055 0.140395
 1902.000000 25.322829 1.550367 0.097887
 1905.000000 25.388404 1.541341 0.110461
 1908.000000 25.318580 1.517349 0.113071
 1911.000000 25.334867 1.514282 0.090203
 1914.000000 25.437940 1.530744 0.090537
 1917.000000 25.352071 1.535469 0.119238
 1920.000000 25.451120 1.562460 0.112839
 1923.000000 25.463887 1.515019 0.091750
 1926.000000 25.510417 1.520580 0.114679
 1929.000000 25.377872 1.529576 0.152734
 1932.000000 25.410485 1.544845 0.160250
 1935.000000 25.340808 1.559180 0.197094
 1938.000000 25.372461 1.573250 0.203197
 1941.000000 25.443049 1.558425 0.172112
 1944.000000 25.401008 1.554397 0.172981
 1947.000000 25.421419 1.574819 0.183170
 1950.000000 25.401126 1.584379 0.185505
 1953.000000 25.363219 1.554199 0.152197
 1956.000000 25.392299 1.541520 0.149957
 1959.000000 25.309027 1.548009 0.168420
 1962.000000 25.388021 1.549137 0.197337
 1965.000000 25.357260 1.554103 0.187464
 1968.000000 25.335212 1.549912 0.160330
 1971.000000 25.344912 1.536186 0.151220
 1974.000000 25.360550 1.556790 0.154230
 1977.000000 25.330281 1.529825 0.135930
 1980.000000 25.322850 1.532239 0.135572
 1983.000000 25.416168 1.501956 0.113553
 1986.000000 25.352259 1.547821 0.117893
 1989.000000 25.335415 1.543859 0.104657
 1992.000000 25.325345 1.549339 0.112979
 1995.000000 25.302689 1.563798 0.153882
 1998.000000 25.284227 1.561206 0.134553
 2001.000000 25.246872 1.577636 0.160304
 2004.000000 25.288598 1.591261 0.183907
 2007.000000 25.354618 1.584581 0.163078
 2010.000000 25.301964 1.573189 0.147802
 2013.000000 25.238686 1.571180 0.169074
 2016.000000 25.348560 1.578932 0.196584
 2019.000000 25.347854 1.579857 0.193492
 2022.000000 25.333890 1.586928 0.179489
 2025.000000 25.346435 1.559764 0.126709
 2028.000000 25.402881 1.559487 0.143557
 2031.000000 25.440652 1.543470 0.102067
 2034.000000 25.493352 1.570783 0.143207
 2037.000000 25.482271 1.542393 0.102138
 2040.000000 25.614194 1.579060 0.128596
 2043.000000 25.543598 1.568206 0.140678
 2046.000000 25.473952 1.571397 0.115910
 2049.000000 25.442947 1.565740 0.112196
 2052.000000 25.412394 1.581244 0.147673
 2055.000000 25.435107 1.569979 0.124066
 2058.000000 25.430415 1.560509 0.135891
 2061.000000 25.490944 1.527577 0.111072
 2064.000000 25.517517 1.505987 0.099696
 2067.000000 25.480321 1.512948 0.111578
 2070.000000 25.490511 1.521767 0.129765
 2073.000000 25.465375 1.542246 0.181539
 2076.000000 25.450758 1.520515 0.149613
 2079.000000 25.537449 1.567329 0.184037
 2082.000000 25.534642 1.544304 0.159112
 2085.000000 25.526839 1.543292 0.165389
 2088.000000 25.530291 1.543829 0.178143
 2091.000000 25.459783 1.555196 0.167866
 2094.000000 25.485536 1.567649 0.196143
 2097.000000 25.385362 1.578864 0.190540
 2100.000000 25.372221 1.579464 0.196257
 2103.000000 25.461083 1.579591 0.202140
 2106.000000 25.381985 1.576508 0.158105
 2109.000000 25.443245 1.549995 0.144832
 2112.000000 25.480443 1.552608 0.165654
 2115.000000 25.447058 1.556775 0.175136
 2118.000000 25.432737 1.558584 0.156333
 2121.000000 25.414755 1.561440 0.150686
 2124.000000 25.424128 1.565953 0.144609
 2127.000000 25.419703 1.568703 0.165083
 2130.000000 25.414867 1.558597 0.149765
 2133.000000 25.417731 1.566751 0.138751
 2136.000000 25.393149 1.565740 0.164237
 2139.000000 25.350176 1.575637 0.214712
 2142.000000 25.365109 1.571567 0.194096
 2145.000000 25.355267 1.601296 0.184279
 2148.000000 25.323669 1.586091 0.205426
 2151.000000 25.318155 1.563890 0.176876
 2154.000000 25.276205 1.590215 0.183640
 2157.000000 25.319508 1.582777 0.160832
 2160.000000 25.251691 1.601772 0.193804
 2163.000000 25.293258 1.605774 0.186681
 2166.000000 25.340458 1.568688 0.144968
 2169.000000 25.310213 1.543214 0.126940
 2172.000000 25.288470 1.554416 0.128145
 2175.000000 25.325392 1.584558 0.182335
 2178.000000 25.339907 1.606798 0.200953
 2181.000000 25.352653 1.608884 0.202079
 2184.000000 25.363472 1.625784 0.176461
 2187.000000 25.283337 1.608080 0.135776
 2190.000000 25.305106 1.632713 0.153780
 2193.000000 25.241979 1.619052 0.141378
 2196.000000 25.261280 1.602385 0.118608
 2199.000000 25.259245 1.587403 0.094479
 2202.000000 25.249590 1.594514 0.108228
 2205.000000 25.177958 1.600073 0.125019
 2208.000000 25.245860 1.604211 0.130849
 2211.000000 25.246267 1.594671 0.108372
 2214.000000 25.204181 1.616692 0.129155
 2217.000000 25.193019 1.619428 0.128626
 2220.000000 25.277209 1.635678 0.156744
 2223.000000 25.280886 1.660780 0.155608
 2226.000000 25.302054 1.622117 0.136633
 2229.000000 25.391903 1.581416 0.095538
 2232.000000 25.373587 1.603438 0.131983
 2235.000000 25.350850 1.607310 0.134290
 2238.000000 25.336588 1.599486 0.134920
 2241.000000 25.397224 1.579678 0.076223
 2244.000000 25.318943 1.586831 0.119445
 2247.000000 25.340940 1.599126 0.136178
 2250.000000 25.397226 1.605176 0.125974
 2253.000000 25.357512 1.604329 0.150931
 2256.000000 25.313276 1.615811 0.183119
 2259.000000 25.291041 1.593217 0.121688
 2262.000000 25.234464 1.626088 0.130757
 2265.000000 25.273253 1.584061 0.084498
 2268.000000 25.334104 1.621985 0.125197
 2271.000000 25.422859 1.579466 0.090469
 2274.000000 25.339973 1.586026 0.099105
 2277.000000 25.355295 1.594463 0.144093
 2280.000000 25.364561 1.607676 0.158745
 2283.000000 25.355706 1.622092 0.193493
 2286.000000 25.359028 1.594672 0.147848
 2289.000000 25.401593 1.585945 0.114895
 2292.000000 25.363515 1.587257 0.150058
 2295.000000 25.359563 1.590053 0.130185
 2298.000000 25.350363 1.561001 0.119766
 2301.000000 25.322267 1.560262 0.118066
 2304.000000 25.359871 1.582743 0.162533
 2307.000000 25.246433 1.566050 0.152459
 2310.000000 25.369743 1.545561 0.175254
 2313.000000 25.372976 1.558943 0.151698
 2316.000000 25.410209 1.584198 0.147636
 2319.000000 25.442128 1.556949 0.150080
 2322.000000 25.390257 1.562364 0.140307
 2325.000000 25.345040 1.579388 0.165746
 2328.000000 25.345360 1.555338 0.151095
 2331.000000 25.439615 1.546964 0.179679
 2334.000000 25.387233 1.563452 0.179293
 2337.000000 25.381741 1.541206 0.216782
 2340.000000 25.348798 1.544172 0.162277
 2343.000000 25.409930 1.520692 0.127267
 2346.000000 25.409931 1.531442 0.142730
 2349.000000 25.354348 1.527935 0.163520
 2352.000000 25.306674 1.524197 0.172157
 2355.000000 25.361987 1.553195 0.188726
 2358.000000 25.345946 1.549332 0.123839
 2361.000000 25.363047 1.568748 0.181365
 2364.000000 25.357442 1.548799 0.180838
 2367.000000 25.360275 1.521937 0.154819
 2370.000000 25.348914 1.546500 0.162266
 2373.000000 25.392314 1.543957 0.160181
 2376.000000 25.381286 1.558405 0.161751
 2379.000000 25.464804 1.565464 0.167530
 2382.000000 25.457847 1.559964 0.169867
 2385.000000 25.443079 1.546208 0.155637
 2388.000000 25.398555 1.555924 0.168626
 2391.000000 25.300820 1.561472 0.135402
 2394.000000 25.298918 1.539369 0.104319
 2397.000000 25.238971 1.553118 0.136550
 2400.000000 25.255927 1.530623 0.130110
 2403.000000 25.307015 1.531772 0.138204
 2406.000000 25.272489 1.556618 0.128159
 2409.000000 25.252451 1.530412 0.119963
 2412.000000 25.271500 1.571099 0.176119
 2415.000000 25.288333 1.566618 0.170239
 2418.000000 25.361699 1.579494 0.165047
 2421.000000 25.402620 1.577811 0.166547
 2424.000000 25.347181 1.555019 0.160044
 2427.000000 25.278748 1.580234 0.172463
 2430.000000 25.296389 1.571461 0.136822
 2433.000000 25.281160 1.575947 0.126483
 2436.000000 25.286083 1.569120 0.117987
 2439.000000 25.294920 1.568871 0.136854
 2442.000000 25.340388 1.552761 0.138408
 2445.000000 25.312601 1.562934 0.132715
 2448.000000 25.241198 1.540342 0.114913
 2451.000000 25.151542 1.539718 0.116920
 2454.000000 25.139848 1.524990 0.121331
 2457.000000 25.258392 1.560418 0.137831
 2460.000000 25.304156 1.594242 0.114479
 2463.000000 25.228021 1.583486 0.118865
 2466.000000 25.237632 1.597744 0.114288
 2469.000000 25.278315 1.578796 0.136686
 2472.000000 25.270117 1.601686 0.142521
 2475.000000 25.318422 1.628618 0.121588
 2478.000000 25.323966 1.619245 0.099548
 2481.000000 25.307628 1.608904 0.091948
 2484.000000 25.340479 1.603513 0.140672
 2487.000000 25.385820 1.582146 0.118997
 2490.000000 25.398461 1.592705 0.133706
 2493.000000 25.402668 1.578108 0.096197
 2496.000000 25.467752 1.583421 0.140947
 2499.000000 25.423981 1.577202 0.159305
 2502.000000 25.377502 1.588619 0.146754
 2505.000000 25.311797 1.590510 0.142248
 2508.000000 25.312378 1.580289 0.127728
 2511.000000 25.360076 1.587618 0.160896
 2514.000000 25.325231 1.598286 0.103879
 2517.000000 25.406950 1.599611 0.103936
 2520.000000 25.307688 1.597839 0.154683
 2523.000000 25.351989 1.612185 0.152659
 2526.000000 25.383980 1.621398 0.173610
 2529.000000 25.392658 1.607694 0.174132
 2532.000000 25.307925 1.609491 0.186757
 2535.000000 25.396877 1.605461 0.179330
 2538.000000 25.313694 1.600244 0.177088
 2541.000000 25.370377 1.592766 0.161673
 2544.000000 25.324980 1.579758 0.156729
 2547.000000 25.313920 1.584187 0.155585
 2550.000000 25.261239 1.585714 0.133034
 2553.000000 25.270270 1.587601 0.176413
 2556.000000 25.269237 1.580998 0.156343
 2559.000000 25.247491 1.572640 0.188852
 2562.000000 25.243683 1.563352 0.150274
 2565.000000 25.205141 1.588636 0.145016
 2568.000000 25.291400 1.575016 0.114421
 2571.000000 25.367379 1.574019 0.133206
 2574.000000 25.376822 1.555813 0.158155
 2577.000000 25.282597 1.563270 0.148811
 2580.000000 25.368797 1.598888 0.168038
 2583.000000 25.322295 1.624462 0.171481
 2586.000000 25.355152 1.584310 0.143584
 2589.000000 25.395337 1.586272 0.157786
 2592.000000 25.382966 1.567924 0.158541
 2595.000000 25.417709 1.575425 0.195619
 2598.000000 25.503883 1.554341 0.166056
 2601.000000 25.503748 1.559948 0.176510
 2604.000000 25.445642 1.538270 0.196373
 2607.000000 25.478432 1.553674 0.168493
 2610.000000 25.498605 1.542392 0.157411
 2613.000000 25.472137 1.550097 0.127849
 2616.000000 25.534889 1.548979 0.133224
 2619.000000 25.475894 1.590257 0.164427
 2622.000000 25.467914 1.570342 0.147808
 2625.000000 25.521081 1.575244 0.165608
 2628.000000 25.418729 1.575918 0.182586
 2631.000000 25.384332 1.597232 0.161658
 2634.000000 25.404635 1.593152 0.190311
 2637.000000 25.410805 1.608237 0.178390
 2640.000000 25.344442 1.587733 0.176509
 2643.000000 25.230635 1.596760 0.161619
 2646.000000 25.341648 1.586064 0.176862
 2649.000000 25.377018 1.577161 0.136772
 2652.000000 25.351372 1.589260 0.101067
 2655.000000 25.375815 1.566338 0.126291
 2658.000000 25.347233 1.561442 0.086580
 2661.000000 25.368243 1.597928 0.156418
 2664.000000 25.371010 1.571370 0.149859
 2667.000000 25.330735 1.563757 0.165994
 2670.000000 25.309860 1.586230 0.167955
 2673.000000 25.410497 1.561403 0.174283
 2676.000000 25.395482 1.583353 0.171329
 2679.000000 25.298101 1.600606 0.171985
 2682.000000 25.342248 1.588547 0.140398
 2685.000000 25.346371 1.595284 0.117085
 2688.000000 25.300420 1.599998 0.159034
 2691.000000 25.275038 1.626074 0.194312
 2694.000000 25.366340 1.591956 0.158135
 2697.000000 25.280932 1.610626 0.163601
 2700.000000 25.374121 1.618577 0.149986
 2703.000000 25.414775 1.593169 0.146553
 2706.000000 25.366323 1.606857 0.131001
 2709.000000 25.317867 1.601935 0.170210
 2712.000000 25.388529 1.598850 0.170965
 2715.000000 25.385210 1.617616 0.194908
 2718.000000 25.419111 1.617728 0.190716
 2721.000000 25.442969 1.606986 0.177776
 2724.000000 25.430819 1.592320 0.193090
 2727.000000 25.456132 1.598743 0.184819
 2730.000000 25.492945 1.604041 0.191552
 2733.000000 25.503698 1.621732 0.187464
 2736.000000 25.466021 1.612909 0.184420
 2739.000000 25.449594 1.624931 0.179050
 2742.000000 25.422470 1.621277 0.191295
 2745.000000 25.524790 1.622108 0.172053
 2748.000000 25.447030 1.627046 0.166980
 2751.000000 25.455475 1.630756 0.185688
 2754.000000 25.388058 1.655600 0.165321
 2757.000000 25.398284 1.629836 0.152432
 2760.000000 25.512558 1.620278 0.161405
 2763.000000 25.503899 1.601570 0.152896
 2766.000000 25.449966 1.601826 0.140440
 2769.000000 25.451677 1.601362 0.152694
 2772.000000 25.455882 1.580261 0.173317
 2775.000000 25.496321 1.599875 0.170595
 2778.000000 25.494463 1.611714 0.158495
 2781.000000 25.432083 1.593864 0.133107
 2784.000000 25.421793 1.600559 0.120637
 2787.000000 25.394983 1.602226 0.104799
 2790.000000 25.405941 1.632146 0.149770
 2793.000000 25.347490 1.625270 0.152836
 2796.000000 25.411959 1.605162 0.151360
 2799.000000 25.384574 1.631143 0.173331
 2802.000000 25.432966 1.653113 0.189449
 2805.000000 25.436974 1.640607 0.169663
 2808.000000 25.452819 1.606792 0.173274
 2811.000000 25.504940 1.605625 0.175640
 2814.000000 25.437516 1.622976 0.196827
 2817.000000 25.487933 1.616678 0.198151
 2820.000000 25.527044 1.624361 0.200729
 2823.000000 25.582157 1.642421 0.224722
 2826.000000 25.620052 1.620394 0.212097
 2829.000000 25.692076 1.629127 0.166954
 2832.000000 25.686142 1.595879 0.151815
 2835.000000 25.583625 1.611379 0.149623
 2838.000000 25.482928 1.631515 0.195790
 2841.000000 25.538667 1.608841 0.210591
 2844.000000 25.562421 1.625087 0.178467
 2847.000000 25.562028 1.626333 0.227266
 2850.000000 25.486795 1.619421 0.162572
 2853.000000 25.576773 1.633134 0.200170
 2856.000000 25.528826 1.604286 0.190229
 2859.000000 25.555949 1.611507 0.227779
 2862.000000 25.593006 1.608491 0.238263
 2865.000000 25.597254 1.625516 0.233661
 2868.000000 25.604507 1.602196 0.181280
 2871.000000 25.611915 1.621748 0.237585
 2874.000000 25.604182 1.617754 0.215418
 2877.000000 25.588850 1.623611 0.166683
 2880.000000 25.594687 1.603014 0.198228
 2883.000000 25.628951 1.586995 0.182003
 2886.000000 25.720323 1.625972 0.165939
 2889.000000 25.631373 1.649967 0.183240
 2892.000000 25.622525 1.622185 0.193520
 2895.000000 25.684807 1.636438 0.171730
 2898.000000 25.685774 1.622403 0.158136
 2901.000000 25.709687 1.646511 0.145047
 2904.000000 25.573712 1.664774 0.175562
 2907.000000 25.536488 1.635576 0.158522
 2910.000000 25.532756 1.634182 0.151556
 2913.000000 25.584675 1.627623 0.171628
 2916.000000 25.603444 1.634337 0.186191
 2919.000000 25.558454 1.579849 0.199154
 2922.000000 25.564475 1.603176 0.204571
 2925.000000 25.611420 1.591307 0.156529
 2928.000000 25.645708 1.593823 0.181235
 2931.000000 25.647477 1.586222 0.180704
 2934.000000 25.660852 1.582815 0.195560
 2937.000000 25.656099 1.596239 0.194011
 2940.000000 25.604162 1.605171 0.209421
 2943.000000 25.515967 1.605184 0.212769
 2946.000000 25.448407 1.581054 0.150485
 2949.000000 25.578688 1.584766 0.187044
 2952.000000 25.551742 1.604976 0.179833
 2955.000000 25.537249 1.588389 0.170906
 2958.000000 25.477324 1.584332 0.201734
 2961.000000 25.577466 1.591547 0.221449
 2964.000000 25.502850 1.615215 0.147190
 2967.000000 25.473098 1.586977 0.143013
 2970.000000 25.520658 1.602077 0.186700
 2973.000000 25.476724 1.592433 0.207368
 2976.000000 25.465472 1.602738 0.190144
 2979.000000 25.507355 1.609553 0.200558
 2982.000000 25.526587 1.625513 0.218964
 2985.000000 25.542732 1.595282 0.163128
 2988.000000 25.560887 1.600221 0.172274
 2991.000000 25.590442 1.613476 0.208355
 2994.000000 25.547505 1.594323 0.178226
 2997.000000 25.512178 1.607637 0.192465
 3000.000000 25.601065 1.616066 0.187432
 3003.000000 25.566280 1.607683 0.195650
 3006.000000 25.568000 1.601435 0.172777
 3009.000000 25.571869 1.588582 0.191571
 3012.000000 25.527034 1.608756 0.179457
 3015.000000 25.523994 1.601206 0.165889
 3018.000000 25.602141 1.613701 0.205203
 3021.000000 25.636519 1.607403 0.171843
 3024.000000 25.586453 1.623692 0.168854
 3027.000000 25.610181 1.632214 0.166977
 3030.000000 25.673291 1.619697 0.171321
 3033.000000 25.622020 1.607491 0.160304
 3036.000000 25.683112 1.629147 0.146836
 3039.000000 25.735270 1.611342 0.149414
 3042.000000 25.660645 1.609194 0.133820
 3045.000000 25.689115 1.602745 0.114568
 3048.000000 25.665981 1.636412 0.141977
 3051.000000 25.646452 1.624037 0.151371
 3054.000000 25.614539 1.613104 0.163615
 3057.000000 25.579507 1.602702 0.146447
 3060.000000 25.600544 1.608890 0.156172
 3063.000000 25.717485 1.610287 0.138829
 3066.000000 25.664568 1.571056 0.125275
 3069.000000 25.579916 1.620013 0.160263
 3072.000000 25.530650 1.609526 0.161649
 3075.000000 25.535142 1.610350 0.157538
 3078.000000 25.525282 1.613750 0.147425
 3081.000000 25.470879 1.597029 0.160524
 3084.000000 25.486516 1.608311 0.147672
 3087.000000 25.537237 1.589994 0.106503
 3090.000000 25.488485 1.589988 0.134950
 3093.000000 25.534774 1.578589 0.171413
 3096.000000 25.585633 1.582172 0.143152
 3099.000000 25.479566 1.583251 0.155532
 3102.000000 25.490375 1.565035 0.117388
 3105.000000 25.446729 1.529053 0.103147
 3108.000000 25.485813 1.572512 0.131355
 3111.000000 25.479346 1.558913 0.134187
 3114.000000 25.537681 1.589741 0.177139
 3117.000000 25.546063 1.559073 0.161287
 3120.000000 25.494800 1.559531 0.151965
 3123.000000 25.571700 1.562233 0.139176
 3126.000000 25.521544 1.563662 0.173730
 3129.000000 25.552496 1.572470 0.139941
 3132.000000 25.533967 1.575128 0.166507
 3135.000000 25.497472 1.559158 0.140974
 3138.000000 25.453581 1.559581 0.109226
 3141.000000 25.377565 1.593914 0.147389
 3144.000000 25.451493 1.600468 0.140998
 3147.000000 25.452232 1.605187 0.135898
 3150.000000 25.397098 1.592905 0.147077
 3153.000000 25.403870 1.584395 0.120047
 3156.000000 25.399333 1.591500 0.118691
 3159.000000 25.390312 1.608803 0.138640
 3162.000000 25.429049 1.582437 0.126585
 3165.000000 25.348112 1.587715 0.113061
 3168.000000 25.359454 1.570705 0.100815
 3171.000000 25.353950 1.587907 0.127642
 3174.000000 25.382169 1.566076 0.099923
 3177.000000 25.385711 1.558437 0.095905
 3180.000000 25.417283 1.536813 0.121356
 3183.000000 25.344082 1.553830 0.106088
 3186.000000 25.373475 1.549967 0.090679
 3189.000000 25.375366 1.561607 0.085075
 3192.000000 25.414768 1.585169 0.089010
 3195.000000 25.373246 1.590249 0.108296
 3198.000000 25.338603 1.600417 0.133289
 3201.000000 25.290277 1.623334 0.131954
 3204.000000 25.309105 1.607012 0.115484
 3207.000000 25.252649 1.625742 0.123754
 3210.000000 25.306955 1.634406 0.124999
 3213.000000 25.398503 1.636908 0.169409
 3216.000000 25.378791 1.617014 0.121624
 3219.000000 25.338752 1.624145 0.158131
 3222.000000 25.387947 1.612884 0.142923
 3225.000000 25.356386 1.616572 0.134037
 3228.000000 25.407086 1.613193 0.127855
 3231.000000 25.435036 1.639850 0.138752
 3234.000000 25.468665 1.623417 0.147807
 3237.000000 25.416246 1.614107 0.138196
 3240.000000 25.518050 1.596289 0.130586
 3243.000000 25.538888 1.613130 0.137917
 3246.000000 25.493055 1.601634 0.116513
 3249.000000 25.395054 1.582953 0.068958
 3252.000000 25.351458 1.596999 0.117687
 3255.000000 25.373156 1.584229 0.123555
 3258.000000 25.394319 1.589127 0.101683
 3261.000000 25.384472 1.586491 0.090232
 3264.000000 25.369293 1.573233 0.076509
 3267.000000 25.407703 1.570173 0.081737
 3270.000000 25.526727 1.564882 0.070907
 3273.000000 25.478748 1.615982 0.134367
 3276.000000 25.477041 1.595282 0.138264
 3279.000000 25.470752 1.590138 0.120984
 3282.000000 25.512424 1.579799 0.119501
 3285.000000 25.498199 1.605505 0.137314
 3288.000000 25.496778 1.609651 0.128867
 3291.000000 25.605527 1.596699 0.129266
 3294.000000 25.505523 1.577485 0.107353
 3297.000000 25.474243 1.585164 0.118315
 3300.000000 25.463464 1.600152 0.147466
 3303.000000 25.567726 1.566379 0.122268
 3306.000000 25.592928 1.591407 0.161553
 3309.000000 25.616268 1.598908 0.168822
 3312.000000 25.511739 1.584233 0.143523
 3315.000000 25.582066 1.575424 0.149242
 3318.000000 25.581289 1.581482 0.148904
 3321.000000 25.624324 1.558305 0.158103
 3324.000000 25.594709 1.581043 0.155921
 3327.000000 25.510103 1.576780 0.151165
 3330.000000 25.667448 1.582962 0.166732
 3333.000000 25.668317 1.592262 0.177449
 3336.000000 25.681795 1.574371 0.167983
 3339.000000 25.562912 1.548143 0.130858
 3342.000000 25.481436 1.553357 0.162043
 3345.000000 25.618889 1.520586 0.134215
 3348.000000 25.572656 1.542427 0.151705
 3351.000000 25.509936 1.547439 0.157618
 3354.000000 25.498503 1.552619 0.160541
 3357.000000 25.461566 1.537551 0.154174
 3360.000000 25.507520 1.551981 0.166240
 3363.000000 25.563296 1.548212 0.181932
 3366.000000 25.488900 1.551337 0.201161
 3369.000000 25.500843 1.527793 0.164949
 3372.000000 25.519334 1.520830 0.134270
 3375.000000 25.603360 1.513396 0.123684
 3378.000000 25.606262 1.506083 0.118725
 3381.000000 25.534529 1.514869 0.131966
 3384.000000 25.437990 1.524350 0.141151
 3387.000000 25.448193 1.548119 0.188528
 3390.000000 25.432345 1.542304 0.177269
 3393.000000 25.354284 1.543562 0.186234
 3396.000000 25.298298 1.560522 0.182869
 3399.000000 25.317988 1.532147 0.176304
 3402.000000 25.394621 1.538876 0.191272
 3405.000000 25.340258 1.546350 0.197548
 3408.000000 25.393128 1.541556 0.209587
 3411.000000 25.337791 1.548657 0.201014
 3414.000000 25.372028 1.547935 0.181002
 3417.000000 25.399845 1.541120 0.162733
 3420.000000 25.433208 1.544743 0.153854
 3423.000000 25.497955 1.552335 0.153957
 3426.000000 25.532573 1.565459 0.146700
 3429.000000 25.493837 1.575965 0.156267
 3432.000000 25.476362 1.590487 0.164273
 3435.000000 25.499738 1.585115 0.131753
 3438.000000 25.574408 1.617094 0.213053
 3441.000000 25.543109 1.592209 0.161854
 3444.000000 25.498985 1.566721 0.151461
 3447.000000 25.402935 1.579248 0.151963
 3450.000000 25.360523 1.581980 0.146713
 3453.000000 25.424416 1.564438 0.130928
 3456.000000 25.476838 1.566046 0.148199
 3459.000000 25.475558 1.579810 0.163167
 3462.000000 25.533645 1.602518 0.188651
 3465.000000 25.591864 1.605072 0.163862
 3468.000000 25.525684 1.607732 0.174557
 3471.000000 25.515094 1.588752 0.153439
 3474.000000 25.556700 1.578063 0.135512
 3477.000000 25.586473 1.570334 0.119252
 3480.000000 25.572709 1.575564 0.135826
 3483.000000 25.567876 1.574071 0.129814
 3486.000000 25.578998 1.567039 0.124326
 3489.000000 25.509146 1.567047 0.104807
 3492.000000 25.533888 1.601783 0.171059
 3495.000000 25.456650 1.611258 0.175500
 3498.000000 25.409484 1.594629 0.181285
 3501.000000 25.451313 1.593399 0.138738
 3504.000000 25.482572 1.573441 0.132170
 3507.000000 25.386003 1.556074 0.118105
 3510.000000 25.358649 1.549578 0.124238
 3513.000000 25.365848 1.585246 0.120154
 3516.000000 25.311119 1.555245 0.072741
 3519.000000 25.381272 1.548663 0.080016
 3522.000000 25.404361 1.520964 0.042053
 3525.000000 25.446521 1.567123 0.103337
 3528.000000 25.404035 1.570666 0.091136
 3531.000000 25.502710 1.540568 0.100157
 3534.000000 25.516940 1.568048 0.133502
 3537.000000 25.531993 1.562371 0.126828
 3540.000000 25.495771 1.568742 0.171722
 3543.000000 25.544229 1.547754 0.176349
 3546.000000 25.528863 1.566298 0.200310
 3549.000000 25.506946 1.557224 0.182257
 3552.000000 25.518146 1.544454 0.159100
 3555.000000 25.464932 1.557437 0.160381
 3558.000000 25.506899 1.571686 0.196652
 3561.000000 25.531693 1.552329 0.177476
 3564.000000 25.555155 1.550845 0.189121
 3567.000000 25.555720 1.535494 0.174538
 3570.000000 25.565798 1.552219 0.139913
 3573.000000 25.554451 1.561019 0.171815
 3576.000000 25.612732 1.540686 0.192022
 3579.000000 25.581997 1.533139 0.179933
 3582.000000 25.582776 1.531631 0.154706
 3585.000000 25.577812 1.544523 0.195806
 3588.000000 25.606900 1.537627 0.205690
 3591.000000 25.575726 1.516110 0.166824
 3594.000000 25.522229 1.541726 0.209714
 3597.000000 25.484933 1.532404 0.188152
 3600.000000 25.445648 1.496167 0.173147
 3603.000000 25.467254 1.500855 0.152769
 3606.000000 25.468318 1.547086 0.161589
 3609.000000 25.545878 1.550997 0.167133
 3612.000000 25.534378 1.543742 0.167215
 3615.000000 25.520141 1.547822 0.138898
 3618.000000 25.549747 1.528384 0.117681
 3621.000000 25.513198 1.583999 0.140708
 3624.000000 25.531245 1.564189 0.145481
 3627.000000 25.560669 1.563850 0.134882
 3630.000000 25.543755 1.581440 0.137943
 3633.000000 25.592474 1.576678 0.139798
 3636.000000 25.542043 1.590465 0.144933
 3639.000000 25.546470 1.575235 0.146786
 3642.000000 25.589409 1.562336 0.162804
 3645.000000 25.585057 1.545234 0.173300
 3648.000000 25.656430 1.579007 0.149773
 3651.000000 25.596272 1.580467 0.152517
 3654.000000 25.659368 1.596668 0.107922
 3657.000000 25.594220 1.608199 0.159102
 3660.000000 25.609546 1.596406 0.139346
 3663.000000 25.607194 1.615160 0.152961
 3666.000000 25.645436 1.579227 0.110430
 3669.000000 25.685275 1.551454 0.088633
 3672.000000 25.655396 1.550774 0.094119
 3675.000000 25.609034 1.553866 0.156945
 3678.000000 25.589070 1.561005 0.133874
 3681.000000 25.487822 1.587065 0.207800
 3684.000000 25.501238 1.589580 0.146541
 3687.000000 25.517122 1.607576 0.166865
 3690.000000 25.540933 1.614327 0.172181
 3693.000000 25.517537 1.609138 0.230117
 3696.000000 25.513527 1.634544 0.187918
 3699.000000 25.382157 1.638143 0.144150
 3702.000000 25.402676 1.599684 0.144888
 3705.000000 25.413074 1.586992 0.138672
 3708.000000 25.350344 1.583708 0.169124
 3711.000000 25.434130 1.568565 0.164458
 3714.000000 25.391545 1.601085 0.184939
 3717.000000 25.364131 1.616490 0.182991
 3720.000000 25.322379 1.602841 0.164555
 3723.000000 25.297536 1.635078 0.182052
 3726.000000 25.351869 1.608912 0.176422
 3729.000000 25.381239 1.590501 0.150806
 3732.000000 25.455127 1.598963 0.171322
 3735.000000 25.396677 1.559336 0.156293
 3738.000000 25.446936 1.553101 0.153760
 3741.000000 25.384828 1.569366 0.142715
 3744.000000 25.376850 1.570498 0.157175
 3747.000000 25.321332 1.600212 0.140696
 3750.000000 25.413413 1.560951 0.123281
 3753.000000 25.258910 1.561720 0.129266
 3756.000000 25.329929 1.555405 0.076105
 3759.000000 25.446887 1.588330 0.109538
 3762.000000 25.499930 1.571547 0.096727
 3765.000000 25.498223 1.594267 0.115901
 3768.000000 25.417365 1.573569 0.108571
 3771.000000 25.463170 1.592677 0.118880
 3774.000000 25.384216 1.563188 0.120367
 3777.000000 25.515629 1.538969 0.126965
 3780.000000 25.436075 1.529847 0.094183
 3783.000000 25.452945 1.554127 0.111865
 3786.000000 25.434403 1.550276 0.147241
 3789.000000 25.495459 1.537679 0.134678
 3792.000000 25.459068 1.551568 0.149927
 3795.000000 25.493757 1.578956 0.158392
 3798.000000 25.565988 1.587080 0.139817
 3801.000000 25.535662 1.557434 0.151306
 3804.000000 25.523532 1.556183 0.138901
 3807.000000 25.496575 1.575667 0.106624
 3810.000000 25.544906 1.543736 0.126050
 3813.000000 25.525232 1.560846 0.116746
 3816.000000 25.575737 1.583976 0.130691
 3819.000000 25.608070 1.588831 0.122825
 3822.000000 25.503351 1.567155 0.129982
 3825.000000 25.472148 1.542101 0.159686
 3828.000000 25.503484 1.544215 0.153781
 3831.000000 25.526027 1.511295 0.147965
 3834.000000 25.479619 1.512363 0.113444
 3837.000000 25.388721 1.512474 0.103963
 3840.000000 25.433060 1.524804 0.125614
 3843.000000 25.415171 1.524591 0.122306
 3846.000000 25.420757 1.506316 0.113324
 3849.000000 25.446593 1.527733 0.128005
 3852.000000 25.434884 1.505181 0.121693
 3855.000000 25.424948 1.489645 0.137359
 3858.000000 25.492183 1.518396 0.171317
 3861.000000 25.456398 1.521620 0.136244
 3864.000000 25.469057 1.515478 0.113528
 3867.000000 25.537518 1.537148 0.172996
 3870.000000 25.560018 1.550516 0.198194
 3873.000000 25.518013 1.589271 0.152517
 3876.000000 25.519463 1.582635 0.182361
 3879.000000 25.483774 1.556907 0.176268
 3882.000000 25.588430 1.568923 0.188245
 3885.000000 25.572840 1.553203 0.169075
 3888.000000 25.582674 1.572485 0.161440
 3891.000000 25.652367 1.565737 0.149625
 3894.000000 25.668749 1.570658 0.161544
 3897.000000 25.659856 1.563048 0.148799
 3900.000000 25.588347 1.552571 0.159927
 3903.000000 25.606750 1.558586 0.151216
 3906.000000 25.632579 1.553407 0.140452
 3909.000000 25.609475 1.535348 0.146281
 3912.000000 25.560416 1.533138 0.148492
 3915.000000 25.461402 1.537798 0.175552
 3918.000000 25.529946 1.538222 0.206886
 3921.000000 25.551529 1.538940 0.187178
 3924.000000 25.493180 1.578143 0.188694
 3927.000000 25.503238 1.558989 0.154775
 3930.000000 25.502878 1.541235 0.141167
 3933.000000 25.535054 1.530908 0.107471
 3936.000000 25.414865 1.551462 0.141297
 3939.000000 25.476316 1.544532 0.159002
 3942.000000 25.528691 1.559206 0.122213
 3945.000000 25.555044 1.541570 0.146261
 3948.000000 25.499550 1.567065 0.129440
 3951.000000 25.447443 1.543858 0.093298
 3954.000000 25.528464 1.538283 0.148934
 3957.000000 25.433726 1.495954 0.107641
 3960.000000 25.387945 1.514131 0.112669
 3963.000000 25.403294 1.534068 0.139236
 3966.000000 25.389322 1.559256 0.173748
 3969.000000 25.505613 1.530145 0.124586
 3972.000000 25.361169 1.516231 0.140818
 3975.000000 25.419140 1.539863 0.151845
 3978.000000 25.416532 1.517032 0.186556
 3981.000000 25.399321 1.506666 0.156257
 3984.000000 25.410420 1.490811 0.180257
 3987.000000 25.459731 1.478230 0.180875
 3990.000000 25.375313 1.496951 0.201876
 3993.000000 25.384681 1.515228 0.200416
 3996.000000 25.420355 1.515824 0.154741
 3999.000000 25.489749 1.558097 0.157292
 4002.000000 25.490299 1.576463 0.162781
 4005.000000 25.477684 1.569227 0.149487
 4008.000000 25.506195 1.572436 0.171122
 4011.000000 25.455327 1.553172 0.142306
 4014.000000 25.485563 1.576450 0.176723
 4017.000000 25.598692 1.565066 0.182943
 4020.000000 25.557400 1.591676 0.198401
 4023.000000 25.491497 1.575504 0.189921
 4026.000000 25.480592 1.544311 0.190013
 4029.000000 25.397219 1.577693 0.184863
 4032.000000 25.415121 1.577792 0.142924
 4035.000000 25.362566 1.579424 0.143763
 4038.000000 25.372654 1.581544 0.156765
 4041.000000 25.452352 1.577032 0.128713
 4044.000000 25.400915 1.581831 0.125323
 4047.000000 25.320001 1.581756 0.139324
 4050.000000 25.367460 1.585220 0.111222
 4053.000000 25.386401 1.598840 0.153355
 4056.000000 25.398907 1.643978 0.174500
 4059.000000 25.388985 1.611650 0.141395
 4062.000000 25.363781 1.625885 0.157208
 4065.000000 25.434696 1.614352 0.159010
 4068.000000 25.453877 1.581601 0.114957
 4071.000000 25.403456 1.629844 0.161126
 4074.000000 25.377708 1.616864 0.115149
 4077.000000 25.351326 1.599870 0.096173
 4080.000000 25.446421 1.625071 0.132657
 4083.000000 25.411169 1.647275 0.183312
 4086.000000 25.436664 1.614759 0.142179
 4089.000000 25.467663 1.625041 0.188414
 4092.000000 25.584042 1.599060 0.166424
 4095.000000 25.480669 1.621732 0.224332
 4098.000000 25.525237 1.600056 0.184584
 4101.000000 25.492899 1.583863 0.171510
 4104.000000 25.455552 1.597992 0.168194
 4107.000000 25.454548 1.579095 0.117920
 4110.000000 25.530659 1.569076 0.118104
 4113.000000 25.522498 1.576104 0.139087
 4116.000000 25.488883 1.591669 0.162372
 4119.000000 25.522115 1.594894 0.133562
 4122.000000 25.559750 1.566149 0.125693
 4125.000000 25.557747 1.573793 0.132216
 4128.000000 25.513014 1.567624 0.112922
 4131.000000 25.500259 1.570448 0.106653
 4134.000000 25.500247 1.549428 0.104790
 4137.000000 25.487755 1.538947 0.089266
 4140.000000 25.431094 1.575974 0.153162
 4143.000000 25.495272 1.576068 0.187573
 4146.000000 25.520756 1.579696 0.187312
 4149.000000 25.499442 1.576493 0.183879
 4152.000000 25.579912 1.547130 0.203577
 4155.000000 25.493428 1.522808 0.185130
 4158.000000 25.583631 1.536209 0.161143
 4161.000000 25.555470 1.546460 0.150174
 4164.000000 25.466705 1.557308 0.173285
 4167.000000 25.445825 1.540966 0.138308
 4170.000000 25.468991 1.530144 0.135751
 4173.000000 25.407786 1.533958 0.164780
 4176.000000 25.358756 1.553206 0.149589
 4179.000000 25.413005 1.609475 0.203767
 4182.000000 25.464450 1.566832 0.152384
 4185.000000 25.413643 1.576988 0.162090
 4188.000000 25.392777 1.551423 0.142416
 4191.000000 25.444465 1.574082 0.158291
 4194.000000 25.511888 1.558956 0.175541
 4197.000000 25.413992 1.581347 0.207023
 4200.000000 25.498799 1.571275 0.186730
 4203.000000 25.433244 1.558610 0.170456
 4206.000000 25.425227 1.564256 0.130006
 4209.000000 25.449775 1.559796 0.105764
 4212.000000 25.411767 1.597063 0.143372
 4215.000000 25.454161 1.563698 0.129174
 4218.000000 25.399820 1.581316 0.139837
 4221.000000 25.388811 1.568318 0.168789
 4224.000000 25.470892 1.588823 0.181428
 4227.000000 25.549245 1.593595 0.156245
 4230.000000 25.529050 1.560357 0.147346
 4233.000000 25.547471 1.569439 0.155083
 4236.000000 25.601183 1.558741 0.166958
 4239.000000 25.499049 1.561369 0.145129
 4242.000000 25.545816 1.550975 0.177409
 4245.000000 25.554589 1.552096 0.176088
 4248.000000 25.558599 1.571427 0.227043
 4251.000000 25.599268 1.573089 0.208979
 4254.000000 25.695714 1.564935 0.190241
 4257.000000 25.595027 1.544586 0.170343
 4260.000000 25.677968 1.533614 0.179747
 4263.000000 25.619722 1.548270 0.193262
 4266.000000 25.602043 1.570152 0.201398
 4269.000000 25.520191 1.574766 0.193341
 4272.000000 25.500276 1.553378 0.209240
 4275.000000 25.553292 1.549510 0.204906
 4278.000000 25.590713 1.572478 0.184673
 4281.000000 25.554540 1.559815 0.189003
 4284.000000 25.581103 1.534126 0.162592
 4287.000000 25.590602 1.552420 0.214790
 4290.000000 25.615487 1.582097 0.224105
 4293.000000 25.574739 1.603051 0.214906
 4296.000000 25.606411 1.600477 0.203851
 4299.000000 25.498347 1.570541 0.196599
 4302.000000 25.564457 1.569769 0.168507
 4305.000000 25.604235 1.567113 0.150694
 4308.000000 25.634203 1.576165 0.179748
 4311.000000 25.607924 1.559671 0.143789
 4314.000000 25.522562 1.562840 0.146060
 4317.000000 25.526363 1.580945 0.136016
 4320.000000 25.526191 1.558265 0.119538
 4323.000000 25.584977 1.545907 0.148848
 4326.000000 25.630759 1.549111 0.131675
 4329.000000 25.583455 1.564257 0.175706
 4332.000000 25.635554 1.561983 0.192216
 4335.000000 25.652352 1.536386 0.190203
 4338.000000 25.600056 1.529610 0.158243
 4341.000000 25.567699 1.543752 0.149744
 4344.000000 25.530509 1.492659 0.105837
 4347.000000 25.449495 1.538955 0.161551
 4350.000000 25.608821 1.530822 0.156555
 4353.000000 25.559482 1.510150 0.120399
 4356.000000 25.606828 1.521981 0.160765
 4359.000000 25.547063 1.516784 0.170151
 4362.000000 25.532650 1.520823 0.224181
 4365.000000 25.599817 1.543456 0.195589
 4368.000000 25.578733 1.543372 0.216373
 4371.000000 25.491158 1.546227 0.206540
 4374.000000 25.453185 1.509665 0.184700
 4377.000000 25.400292 1.508640 0.192480
 4380.000000 25.274199 1.493474 0.192602
 4383.000000 25.323957 1.474568 0.161928
 4386.000000 25.419135 1.458744 0.141636
 4389.000000 25.315448 1.480949 0.181559
 4392.000000 25.357861 1.515246 0.199265
 4395.000000 25.389880 1.504571 0.191189
 4398.000000 25.329840 1.520516 0.193815
 4401.000000 25.339163 1.506377 0.175384
 4404.000000 25.428862 1.502662 0.138590
 4407.000000 25.460137 1.512993 0.165032
 4410.000000 25.527691 1.508737 0.158151
 4413.000000 25.548793 1.508362 0.126530
 4416.000000 25.469154 1.534682 0.150841
 4419.000000 25.422143 1.510557 0.158504
 4422.000000 25.472411 1.517286 0.115061
 4425.000000 25.441075 1.527527 0.163511
 4428.000000 25.438853 1.516580 0.186721
 4431.000000 25.438858 1.525099 0.186315
 4434.000000 25.368819 1.520041 0.149192
 4437.000000 25.435052 1.510555 0.123789
 4440.000000 25.470149 1.563141 0.163741
 4443.000000 25.509073 1.532639 0.155909
 4446.000000 25.499808 1.527542 0.167227
 4449.000000 25.418626 1.523292 0.134966
 4452.000000 25.490145 1.525010 0.120826
 4455.000000 25.502600 1.505576 0.141594
 4458.000000 25.497355 1.533986 0.168579
 4461.000000 25.395328 1.520263 0.181034
 4464.000000 25.469246 1.529786 0.177517
 4467.000000 25.477334 1.514430 0.175265
 4470.000000 25.472425 1.502037 0.180024
 4473.000000 25.390690 1.481615 0.154018
 4476.000000 25.393159 1.509519 0.185255
 4479.000000 25.300793 1.512810 0.185879
 4482.000000 25.351860 1.484430 0.188585
 4485.000000 25.270734 1.509032 0.183676
 4488.000000 25.240677 1.511034 0.171128
 4491.000000 25.316473 1.523696 0.193584
 4494.000000 25.294338 1.506042 0.170737
 4497.000000 25.332416 1.503593 0.218199
 4500.000000 25.365104 1.497810 0.229876
 4503.000000 25.408874 1.500977 0.204713
 4506.000000 25.353509 1.501985 0.191090
 4509.000000 25.341879 1.485792 0.124797
 4512.000000 25.433578 1.479900 0.136100
 4515.000000 25.383757 1.479043 0.147399
 4518.000000 25.462872 1.482950 0.197628
 4521.000000 25.506184 1.489676 0.187067
 4524.000000 25.500360 1.466454 0.197018
 4527.000000 25.447001 1.481620 0.157579
 4530.000000 25.388506 1.493601 0.195018
 4533.000000 25.403150 1.496193 0.189981
 4536.000000 25.401721 1.482955 0.174066
 4539.000000 25.394891 1.506830 0.160580
 4542.000000 25.320502 1.526516 0.171437
 4545.000000 25.287472 1.500000 0.176379
 4548.000000 25.305595 1.471553 0.123249
 4551.000000 25.280840 1.508252 0.133495
 4554.000000 25.403996 1.495572 0.142834
 4557.000000 25.346897 1.502969 0.144903
 4560.000000 25.364888 1.509096 0.155563
 4563.000000 25.385916 1.513654 0.146011
 4566.000000 25.393404 1.504491 0.186641
 4569.000000 25.452862 1.497296 0.195232
 4572.000000 25.457688 1.533651 0.167413
 4575.000000 25.377319 1.542994 0.205243
 4578.000000 25.406360 1.544807 0.189178
 4581.000000 25.484242 1.545100 0.181028
 4584.000000 25.419170 1.534807 0.161378
 4587.000000 25.377448 1.514740 0.181449
 4590.000000 25.444603 1.534606 0.187548
 4593.000000 25.448519 1.545614 0.188279
 4596.000000 25.312521 1.535542 0.177882
 4599.000000 25.356146 1.543217 0.150664
 4602.000000 25.374420 1.539853 0.163190
 4605.000000 25.367906 1.565717 0.143777
 4608.000000 25.417653 1.538469 0.131997
 4611.000000 25.372987 1.551510 0.121935
 4614.000000 25.404669 1.551839 0.115772
 4617.000000 25.298501 1.568413 0.151926
 4620.000000 25.246337 1.542518 0.133446
 4623.000000 25.349674 1.554940 0.121928
 4626.000000 25.402623 1.547840 0.117693
 4629.000000 25.380170 1.534471 0.123264
 4632.000000 25.450750 1.511218 0.089607
 4635.000000 25.406021 1.498502 0.075882
 4638.000000 25.384420 1.546876 0.118900
 4641.000000 25.361056 1.542976 0.106675
 4644.000000 25.332888 1.550213 0.133381
 4647.000000 25.315590 1.519631 0.108786
 4650.000000 25.385794 1.506650 0.102798
 4653.000000 25.371188 1.512188 0.138508
 4656.000000 25.433224 1.504957 0.155097
 4659.000000 25.539354 1.521248 0.139457
 4662.000000 25.550604 1.489467 0.124138
 4665.000000 25.417957 1.512978 0.133909
 4668.000000 25.443324 1.503657 0.127259
 4671.000000 25.467689 1.493231 0.106779
 4674.000000 25.391511 1.539237 0.163900
 4677.000000 25.347513 1.549392 0.172474
 4680.000000 25.274390 1.525127 0.149471
 4683.000000 25.208406 1.573113 0.160925
 4686.000000 25.193549 1.578571 0.152052
 4689.000000 25.203037 1.542810 0.129868
 4692.000000 25.261609 1.553488 0.132652
 4695.000000 25.263212 1.548077 0.158185
 4698.000000 25.264662 1.535652 0.137261
 4701.000000 25.113827 1.529186 0.160921
 4704.000000 25.224600 1.543881 0.124659
 4707.000000 25.202534 1.577079 0.169807
 4710.000000 25.305234 1.551991 0.205761
 4713.000000 25.354732 1.552440 0.200321
 4716.000000 25.391982 1.564545 0.220232
 4719.000000 25.424773 1.520392 0.152297
 4722.000000 25.401876 1.526215 0.132654
 4725.000000 25.421989 1.525309 0.165036
 4728.000000 25.474401 1.531523 0.146972
 4731.000000 25.448260 1.528518 0.154447
 4734.000000 25.425022 1.513738 0.158429
 4737.000000 25.437311 1.513590 0.142303
 4740.000000 25.472058 1.536006 0.152784
 4743.000000 25.499593 1.516001 0.159749
 4746.000000 25.486722 1.523528 0.156534
 4749.000000 25.494646 1.510133 0.143305
 4752.000000 25.493837 1.503687 0.181674
 4755.000000 25.479050 1.504296 0.181022
 4758.000000 25.432445 1.493644 0.144796
 4761.000000 25.461000 1.504404 0.163627
 4764.000000 25.492132 1.511763 0.181810
 4767.000000 25.497416 1.503839 0.191816
 4770.000000 25.485711 1.511462 0.203111
 4773.000000 25.531760 1.491010 0.213449
 4776.000000 25.520749 1.490826 0.202593
 4779.000000 25.560756 1.511547 0.220357
 4782.000000 25.543550 1.506481 0.205659
 4785.000000 25.529398 1.501492 0.180460
 4788.000000 25.494453 1.500889 0.157470
 4791.000000 25.530977 1.509561 0.181521
 4794.000000 25.607312 1.496747 0.156495
 4797.000000 25.594750 1.512240 0.160702
 4800.000000 25.539725 1.482372 0.158548
 4803.000000 25.465869 1.472564 0.164615
 4806.000000 25.521391 1.461662 0.167245
 4809.000000 25.487097 1.485556 0.176638
 4812.000000 25.460965 1.474452 0.153059
 4815.000000 25.430929 1.467687 0.124603
 4818.000000 25.364650 1.470378 0.131543
 4821.000000 25.379876 1.469311 0.081084
 4824.000000 25.384306 1.470061 0.104789
 4827.000000 25.440533 1.457051 0.110804
 4830.000000 25.496754 1.462070 0.134682
 4833.000000 25.494080 1.455508 0.141492
 4836.000000 25.517588 1.463196 0.152277
 4839.000000 25.602047 1.471124 0.127130
 4842.000000 25.542630 1.476383 0.146697
 4845.000000 25.623740 1.484978 0.181829
 4848.000000 25.572513 1.483953 0.146815
 4851.000000 25.548458 1.478453 0.131521
 4854.000000 25.427915 1.505571 0.114995
 4857.000000 25.453837 1.491312 0.156848
 4860.000000 25.320851 1.484061 0.166345
 4863.000000 25.367411 1.492436 0.163502
 4866.000000 25.373534 1.495704 0.202634
 4869.000000 25.297161 1.482204 0.161650
 4872.000000 25.287962 1.505508 0.196449
 4875.000000 25.282485 1.498081 0.203011
 4878.000000 25.326212 1.484244 0.208695
 4881.000000 25.420894 1.494855 0.173835
 4884.000000 25.405855 1.480475 0.156329
 4887.000000 25.245451 1.470099 0.174662
 4890.000000 25.295921 1.467834 0.184690
 4893.000000 25.289660 1.501431 0.192663
 4896.000000 25.331140 1.524090 0.167412
 4899.000000 25.462823 1.506564 0.190744
 4902.000000 25.466242 1.502621 0.185911
 4905.000000 25.470921 1.498232 0.146437
 4908.000000 25.427018 1.537339 0.171683
 4911.000000 25.469128 1.515424 0.175646
 4914.000000 25.421758 1.527119 0.167480
 4917.000000 25.439423 1.532972 0.184411
 4920.000000 25.482718 1.538221 0.188751
 4923.000000 25.483688 1.541120 0.182497
 4926.000000 25.516215 1.532491 0.153868
 4929.000000 25.459637 1.535132 0.127784
 4932.000000 25.497882 1.518873 0.132744
 4935.000000 25.495976 1.500629 0.198739
 4938.000000 25.484185 1.517681 0.189752
 4941.000000 25.540425 1.547235 0.184801
 4944.000000 25.553519 1.546541 0.170434
 4947.000000 25.508142 1.558243 0.176795
 4950.000000 25.418240 1.522430 0.191908
 4953.000000 25.538722 1.538286 0.178487
 4956.000000 25.507362 1.542998 0.172403
 4959.000000 25.465949 1.536882 0.159231
 4962.000000 25.470179 1.528084 0.117456
 4965.000000 25.474880 1.543459 0.113510
 4968.000000 25.403194 1.562309 0.143902
 4971.000000 25.370496 1.568859 0.164338
 4974.000000 25.315580 1.552848 0.180867
 4977.000000 25.409596 1.597758 0.190013
 4980.000000 25.439948 1.596098 0.193587
 4983.000000 25.397959 1.601516 0.205943
 4986.000000 25.435047 1.579292 0.193898
 4989.000000 25.438373 1.574488 0.171312
 4992.000000 25.480461 1.577093 0.156331
 4995.000000 25.464498 1.568325 0.172678
 4998.000000 25.457610 1.566387 0.194236
 5001.000000 25.478164 1.566999 0.207137
 5004.000000 25.441222 1.562192 0.203914
 5007.000000 25.473437 1.542066 0.176544
 5010.000000 25.447244 1.559772 0.160355
 5013.000000 25.447826 1.567176 0.166179
 5016.000000 25.569451 1.550655 0.134560
 5019.000000 25.573091 1.547409 0.113747
 5022.000000 25.664338 1.556165 0.114561
 5025.000000 25.612185 1.535244 0.147281
 5028.000000 25.581159 1.554235 0.127423
 5031.000000 25.638017 1.546114 0.144186
 5034.000000 25.607334 1.515426 0.129866
 5037.000000 25.565789 1.508605 0.116957
 5040.000000 25.542510 1.525274 0.162429
 5043.000000 25.668684 1.502345 0.150666
 5046.000000 25.603302 1.524526 0.106317
 5049.000000 25.646135 1.534258 0.142051
 5052.000000 25.671620 1.531684 0.167891
 5055.000000 25.624153 1.528134 0.125286
 5058.000000 25.654216 1.551529 0.129102
 5061.000000 25.671865 1.582704 0.145922
 5064.000000 25.656867 1.592436 0.179814
 5067.000000 25.698090 1.611193 0.204079
 5070.000000 25.673540 1.580561 0.158940
 5073.000000 25.638234 1.595762 0.204358
 5076.000000 25.576528 1.602521 0.233947
 5079.000000 25.461193 1.580555 0.196209
 5082.000000 25.537020 1.582645 0.231873
 5085.000000 25.572989 1.589929 0.220511
 5088.000000 25.542464 1.560468 0.212321
 5091.000000 25.538921 1.543898 0.229678
 5094.000000 25.566725 1.558252 0.211263
 5097.000000 25.504904 1.530072 0.194047
 5100.000000 25.486748 1.517580 0.165749
 5103.000000 25.559220 1.545367 0.141931
 5106.000000 25.445926 1.552704 0.142103
 5109.000000 25.426064 1.563103 0.117691
 5112.000000 25.513652 1.545370 0.105303
 5115.000000 25.611306 1.507733 0.139128
 5118.000000 25.555996 1.529261 0.108928
 5121.000000 25.574616 1.531152 0.109845
 5124.000000 25.567327 1.554448 0.142224
 5127.000000 25.462040 1.547902 0.116779
 5130.000000 25.480462 1.550665 0.150956
 5133.000000 25.606406 1.551859 0.140518
 5136.000000 25.507517 1.563567 0.176279
 5139.000000 25.527826 1.577347 0.165543
 5142.000000 25.436151 1.565755 0.141495
 5145.000000 25.469087 1.574793 0.093532
 5148.000000 25.577507 1.572440 0.129130
 5151.000000 25.532253 1.576846 0.138629
 5154.000000 25.526713 1.565802 0.143148
 5157.000000 25.568645 1.605653 0.165041
 5160.000000 25.654259 1.578758 0.143382
 5163.000000 25.603444 1.596894 0.153016
 5166.000000 25.597925 1.541300 0.129025
 5169.000000 25.645164 1.582666 0.158990
 5172.000000 25.585781 1.569418 0.133311
 5175.000000 25.623201 1.587852 0.162043
 5178.000000 25.649417 1.577129 0.160751
 5181.000000 25.577093 1.551429 0.132629
 5184.000000 25.591363 1.550073 0.192777
 5187.000000 25.552069 1.558167 0.212778
 5190.000000 25.610133 1.574121 0.216840
 5193.000000 25.591882 1.557372 0.219208
 5196.000000 25.525218 1.584023 0.211559
 5199.000000 25.552762 1.561844 0.152285
 5202.000000 25.573308 1.546545 0.143925
 5205.000000 25.462094 1.526612 0.170947
 5208.000000 25.476817 1.555007 0.169485
 5211.000000 25.379549 1.548720 0.184427
 5214.000000 25.448329 1.566822 0.134744
 5217.000000 25.459069 1.547425 0.160204
 5220.000000 25.421231 1.550094 0.101635
 5223.000000 25.480860 1.558583 0.131638
 5226.000000 25.481730 1.574814 0.179622
 5229.000000 25.365398 1.550673 0.177961
 5232.000000 25.358942 1.552892 0.200251
 5235.000000 25.440590 1.555467 0.174633
 5238.000000 25.462512 1.542109 0.124507
 5241.000000 25.592138 1.512380 0.102337
 5244.000000 25.555068 1.511173 0.104100
 5247.000000 25.484367 1.508527 0.094345
 5250.000000 25.540952 1.508537 0.096464
 5253.000000 25.544355 1.550041 0.115354
 5256.000000 25.509581 1.566843 0.135784
 5259.000000 25.477109 1.538179 0.162010
 5262.000000 25.478394 1.519745 0.097297
 5265.000000 25.492164 1.530344 0.135969
 5268.000000 25.432736 1.509438 0.162634
 5271.000000 25.422265 1.492526 0.132290
 5274.000000 25.392871 1.509923 0.132629
 5277.000000 25.414065 1.541792 0.124038
 5280.000000 25.490669 1.550587 0.112764
 5283.000000 25.462778 1.571311 0.129909
 5286.000000 25.437527 1.549958 0.128283
 5289.000000 25.376739 1.550239 0.147029
 5292.000000 25.345940 1.550566 0.143218
 5295.000000 25.369955 1.581886 0.180569
 5298.000000 25.406023 1.581831 0.149393
 5301.000000 25.453554 1.579019 0.154366
 5304.000000 25.400203 1.558738 0.162446
 5307.000000 25.452641 1.556950 0.129837
 5310.000000 25.409933 1.526778 0.124360
 5313.000000 25.410825 1.538063 0.155271
 5316.000000 25.467590 1.560117 0.123753
 5319.000000 25.515243 1.556983 0.147114
 5322.000000 25.574053 1.547900 0.150692
 5325.000000 25.527608 1.570250 0.178425
 5328.000000 25.565437 1.575177 0.184840
 5331.000000 25.640682 1.564240 0.145172
 5334.000000 25.626990 1.571869 0.155902
 5337.000000 25.635429 1.546707 0.131591
 5340.000000 25.604015 1.545054 0.112837
 5343.000000 25.592245 1.544323 0.133262
 5346.000000 25.557616 1.535225 0.135251
 5349.000000 25.505428 1.583122 0.178884
 5352.000000 25.489927 1.537210 0.185089
 5355.000000 25.525355 1.524102 0.143151
 5358.000000 25.623312 1.510108 0.126587
 5361.000000 25.642421 1.543818 0.127476
 5364.000000 25.694333 1.549124 0.178527
 5367.000000 25.661241 1.543136 0.121763
 5370.000000 25.645844 1.551862 0.124388
 5373.000000 25.705446 1.539728 0.120447
 5376.000000 25.701323 1.562868 0.163288
 5379.000000 25.740226 1.539582 0.127763
 5382.000000 25.723706 1.561845 0.135737
 5385.000000 25.675597 1.550500 0.137083
 5388.000000 25.609214 1.523596 0.161824
 5391.000000 25.594777 1.536425 0.166913
 5394.000000 25.561657 1.524330 0.109168
 5397.000000 25.560880 1.544460 0.087529
 5400.000000 25.528511 1.529594 0.075236
 5403.000000 25.580308 1.550672 0.118446
 5406.000000 25.602864 1.544369 0.102877
 5409.000000 25.551372 1.529386 0.094958
 5412.000000 25.529033 1.542042 0.102111
 5415.000000 25.449120 1.546471 0.113733
 5418.000000 25.491409 1.528796 0.097774
 5421.000000 25.455043 1.539146 0.131129
 5424.000000 25.406955 1.570394 0.114635
 5427.000000 25.497752 1.580325 0.147706
 5430.000000 25.485651 1.554232 0.124086
 5433.000000 25.367751 1.584251 0.118634
 5436.000000 25.421663 1.589932 0.143100
 5439.000000 25.525189 1.575251 0.139900
 5442.000000 25.569215 1.596281 0.161245
 5445.000000 25.477042 1.589471 0.157082
 5448.000000 25.499270 1.604355 0.156165
 5451.000000 25.551384 1.563480 0.168046
 5454.000000 25.552268 1.560302 0.134883
 5457.000000 25.475519 1.571463 0.112948
 5460.000000 25.431817 1.568093 0.135002
 5463.000000 25.470021 1.558920 0.112760
 5466.000000 25.511599 1.577705 0.120200
 5469.000000 25.436337 1.557925 0.122813
 5472.000000 25.377563 1.564041 0.138455
 5475.000000 25.450275 1.563776 0.182099
 5478.000000 25.497529 1.568864 0.173059
 5481.000000 25.433650 1.556166 0.160569
 5484.000000 25.511202 1.572677 0.157356
 5487.000000 25.514595 1.569910 0.198412
 5490.000000 25.497488 1.550205 0.166419
 5493.000000 25.376006 1.577359 0.164567
 5496.000000 25.409097 1.565899 0.122328
 5499.000000 25.378019 1.566298 0.092989
 5502.000000 25.375751 1.581605 0.139630
 5505.000000 25.479364 1.574931 0.129688
 5508.000000 25.416603 1.549713 0.163311
 5511.000000 25.461454 1.545978 0.153852
 5514.000000 25.474156 1.532177 0.129097
 5517.000000 25.488727 1.526172 0.131175
 5520.000000 25.536638 1.549486 0.136592
 5523.000000 25.515708 1.505540 0.119999
 5526.000000 25.493941 1.509195 0.146197
 5529.000000 25.532175 1.511149 0.162189
 5532.000000 25.497227 1.492401 0.126894
 5535.000000 25.559577 1.475849 0.128688
 5538.000000 25.554219 1.475745 0.097655
 5541.000000 25.559730 1.494426 0.105303
 5544.000000 25.514473 1.506692 0.129044
 5547.000000 25.440128 1.503213 0.137943
 5550.000000 25.388394 1.518421 0.128221
 5553.000000 25.423997 1.519706 0.133376
 5556.000000 25.413365 1.521466 0.129396
 5559.000000 25.430836 1.499863 0.088674
 5562.000000 25.422140 1.509715 0.109231
 5565.000000 25.450701 1.531375 0.120871
 5568.000000 25.440899 1.515219 0.137283
 5571.000000 25.368437 1.533585 0.166722
 5574.000000 25.429190 1.532062 0.136043
 5577.000000 25.480451 1.516688 0.100208
 5580.000000 25.460257 1.541718 0.101332
 5583.000000 25.380007 1.563165 0.134020
 5586.000000 25.389113 1.568070 0.151665
 5589.000000 25.393045 1.542691 0.124031
 5592.000000 25.405772 1.542393 0.141943
 5595.000000 25.430101 1.534803 0.133365
 5598.000000 25.411508 1.534080 0.132665
 5601.000000 25.371676 1.550393 0.144933
 5604.000000 25.417048 1.545910 0.129551
 5607.000000 25.465097 1.589803 0.193443
 5610.000000 25.407233 1.573423 0.158076
 5613.000000 25.389488 1.576074 0.158761
 5616.000000 25.389503 1.574484 0.150767
 5619.000000 25.510968 1.549274 0.118373
 5622.000000 25.548537 1.571296 0.150902
 5625.000000 25.499451 1.590618 0.149246
 5628.000000 25.401126 1.614610 0.148307
 5631.000000 25.403888 1.584787 0.115985
 5634.000000 25.421643 1.551293 0.140690
 5637.000000 25.333792 1.553626 0.115806
 5640.000000 25.441150 1.572857 0.133839
 5643.000000 25.426053 1.561013 0.108810
 5646.000000 25.469150 1.565454 0.118177
 5649.000000 25.297060 1.577465 0.142082
 5652.000000 25.362529 1.606634 0.164822
 5655.000000 25.360787 1.587102 0.165650
 5658.000000 25.364305 1.586476 0.154621
 5661.000000 25.361934 1.587354 0.149449
 5664.000000 25.382858 1.607163 0.153988
 5667.000000 25.366867 1.586312 0.137036
 5670.000000 25.414403 1.582735 0.129141
 5673.000000 25.351448 1.558210 0.101147
 5676.000000 25.314332 1.550510 0.110225
 5679.000000 25.372254 1.559228 0.146297
 5682.000000 25.278784 1.579335 0.158391
 5685.000000 25.355316 1.583680 0.184999
 5688.000000 25.410004 1.572756 0.177869
 5691.000000 25.366391 1.542655 0.154849
 5694.000000 25.427787 1.510112 0.163574
 5697.000000 25.433056 1.524190 0.179319
 5700.000000 25.423392 1.488563 0.163538
 5703.000000 25.411718 1.515318 0.151566
 5706.000000 25.474085 1.508371 0.155519
 5709.000000 25.366971 1.522666 0.120391
 5712.000000 25.405230 1.506600 0.122582
 5715.000000 25.252023 1.509243 0.123677
 5718.000000 25.257812 1.531460 0.116496
 5721.000000 25.257892 1.547180 0.145113
 5724.000000 25.229002 1.544788 0.136234
 5727.000000 25.219779 1.582418 0.139524
 5730.000000 25.338311 1.554446 0.192610
 5733.000000 25.424841 1.556383 0.157159
 5736.000000 25.404490 1.569284 0.155633
 5739.000000 25.379241 1.542573 0.155996
 5742.000000 25.412321 1.564882 0.160579
 5745.000000 25.403309 1.550831 0.174831
 5748.000000 25.468411 1.531821 0.182068
 5751.000000 25.409324 1.572580 0.157862
 5754.000000 25.423638 1.543683 0.182960
 5757.000000 25.352082 1.539320 0.153503
 5760.000000 25.409397 1.522434 0.112198
 5763.000000 25.385715 1.526459 0.142300
 5766.000000 25.349279 1.561540 0.140467
 5769.000000 25.312439 1.535330 0.190402
 5772.000000 25.266706 1.536818 0.176931
 5775.000000 25.260881 1.525942 0.174379
 5778.000000 25.224603 1.526005 0.168772
 5781.000000 25.244149 1.522706 0.105523
 5784.000000 25.280304 1.515442 0.142714
 5787.000000 25.338877 1.520344 0.092674
 5790.000000 25.319316 1.527504 0.103132
 5793.000000 25.303345 1.559810 0.108738
 5796.000000 25.226221 1.537343 0.099133
 5799.000000 25.229758 1.557336 0.110845
 5802.000000 25.208623 1.547471 0.108077
 5805.000000 25.261024 1.555766 0.179765
 5808.000000 25.199752 1.547136 0.143861
 5811.000000 25.229759 1.580748 0.158957
 5814.000000 25.262698 1.551875 0.122414
 5817.000000 25.273438 1.574947 0.126862
 5820.000000 25.284932 1.569467 0.101632
 5823.000000 25.315391 1.564663 0.082577
 5826.000000 25.255321 1.554378 0.058935
 5829.000000 25.213320 1.576128 0.105669
 5832.000000 25.265691 1.565191 0.101666
 5835.000000 25.303370 1.550522 0.110956
 5838.000000 25.343082 1.548491 0.091691
 5841.000000 25.306260 1.546563 0.085969
 5844.000000 25.298632 1.581953 0.087781
 5847.000000 25.329024 1.607304 0.119757
 5850.000000 25.312213 1.594309 0.118355
 5853.000000 25.308715 1.580238 0.086943
 5856.000000 25.401318 1.611065 0.105673
 5859.000000 25.439541 1.597476 0.114545
 5862.000000 25.431537 1.608774 0.124366
 5865.000000 25.422899 1.591742 0.101002
 5868.000000 25.415384 1.622363 0.174920
 5871.000000 25.481306 1.588570 0.136760
 5874.000000 25.338825 1.598452 0.120169
 5877.000000 25.426444 1.570853 0.143376
 5880.000000 25.414691 1.583182 0.127449
 5883.000000 25.459069 1.576863 0.117883
 5886.000000 25.447519 1.589787 0.109043
 5889.000000 25.434260 1.563083 0.086798
 5892.000000 25.538405 1.572258 0.084960
 5895.000000 25.579593 1.566338 0.080044
 5898.000000 25.501641 1.572954 0.112771
 5901.000000 25.490459 1.574300 0.116006
 5904.000000 25.575782 1.605618 0.176319
 5907.000000 25.632268 1.607093 0.173227
 5910.000000 25.542478 1.577297 0.138714
 5913.000000 25.470317 1.594258 0.149371
 5916.000000 25.407730 1.582341 0.140471
 5919.000000 25.442375 1.589595 0.154334
 5922.000000 25.460941 1.586979 0.160707
 5925.000000 25.449958 1.575028 0.115311
 5928.000000 25.432332 1.598797 0.145028
 5931.000000 25.462937 1.597029 0.150949
 5934.000000 25.415386 1.622378 0.172793
 5937.000000 25.379670 1.617209 0.143894
 5940.000000 25.399405 1.590664 0.119300
 5943.000000 25.445436 1.615048 0.155287
 5946.000000 25.428677 1.630144 0.178252
 5949.000000 25.436698 1.629370 0.171506
 5952.000000 25.482089 1.624003 0.155270
 5955.000000 25.509783 1.634180 0.170119
 5958.000000 25.384670 1.627333 0.129554
 5961.000000 25.444473 1.637737 0.149078
 5964.000000 25.386479 1.632224 0.146052
 5967.000000 25.464992 1.653307 0.158191
 5970.000000 25.390469 1.652771 0.157673
 5973.000000 25.378209 1.668900 0.172621
 5976.000000 25.457476 1.643457 0.136443
 5979.000000 25.424719 1.642471 0.136731
 5982.000000 25.421618 1.635360 0.124948
 5985.000000 25.516437 1.625931 0.114820
 5988.000000 25.497744 1.624510 0.094301
 5991.000000 25.529628 1.614045 0.096576
 5994.000000 25.488237 1.631855 0.099505
 5997.000000 25.593537 1.616902 0.051583
 6000.000000 25.628265 1.629850 0.086936
 6003.000000 25.568868 1.621321 0.115801
 6006.000000 25.514290 1.635161 0.100399
 6009.000000 25.530684 1.610905 0.066749
 6012.000000 25.466165 1.618019 0.090773
 6015.000000 25.462858 1.601504 0.085900
 6018.000000 25.494779 1.605246 0.102674
 6021.000000 25.427834 1.609776 0.120557
 6024.000000 25.343940 1.616117 0.117194
 6027.000000 25.432104 1.597986 0.062394
 6030.000000 25.468717 1.607078 0.068914
 6033.000000 25.522125 1.627425 0.083664
 6036.000000 25.534072 1.598119 0.100188
 6039.000000 25.505882 1.594801 0.118688
 6042.000000 25.559320 1.582323 0.122190
 6045.000000 25.581944 1.565810 0.117790
 6048.000000 25.550564 1.563736 0.180781
 6051.000000 25.504085 1.601077 0.124356
 6054.000000 25.536834 1.596406 0.142920
 6057.000000 25.579884 1.585155 0.127793
 6060.000000 25.599620 1.598430 0.166476
 6063.000000 25.611292 1.593987 0.122502
 6066.000000 25.570146 1.583010 0.143122
 6069.000000 25.657209 1.576396 0.149786
 6072.000000 25.672377 1.606071 0.174993
 6075.000000 25.658719 1.582682 0.155258
 6078.000000 25.547246 1.549891 0.177008
 6081.000000 25.552123 1.545150 0.142537
 6084.000000 25.506777 1.552942 0.141235
 6087.000000 25.453279 1.531507 0.175132
 6090.000000 25.459747 1.562945 0.092983
 6093.000000 25.421338 1.544091 0.135152
 6096.000000 25.409758 1.521972 0.118408
 6099.000000 25.388142 1.519409 0.130483
 6102.000000 25.353980 1.564300 0.091960
 6105.000000 25.379788 1.540991 0.125275
 6108.000000 25.466424 1.551391 0.140964
 6111.000000 25.552605 1.553398 0.166490
 6114.000000 25.461532 1.539577 0.138251
 6117.000000 25.470608 1.546436 0.139022
 6120.000000 25.388379 1.574838 0.125658
 6123.000000 25.425583 1.577685 0.125396
 6126.000000 25.469890 1.577423 0.122431
 6129.000000 25.491978 1.539932 0.134663
 6132.000000 25.495035 1.547336 0.126743
 6135.000000 25.507311 1.574056 0.125571
 6138.000000 25.501898 1.587177 0.112646
 6141.000000 25.446854 1.592953 0.097844
 6144.000000 25.464665 1.586906 0.136700
 6147.000000 25.569499 1.566082 0.137523
 6150.000000 25.579467 1.593120 0.117601
 6153.000000 25.539965 1.587072 0.125399
 6156.000000 25.463755 1.572873 0.143242
 6159.000000 25.433324 1.556389 0.123502
 6162.000000 25.414083 1.563150 0.124413
 6165.000000 25.417091 1.565110 0.093847
 6168.000000 25.368261 1.549296 0.176488
 6171.000000 25.354578 1.546816 0.164132
 6174.000000 25.388984 1.534473 0.131119
 6177.000000 25.419593 1.544797 0.127794
 6180.000000 25.462628 1.538168 0.106228
 6183.000000 25.412530 1.534920 0.153394
 6186.000000 25.521342 1.565969 0.174336
 6189.000000 25.458169 1.532809 0.165881
 6192.000000 25.448692 1.551577 0.177081
 6195.000000 25.387731 1.567214 0.186989
 6198.000000 25.474581 1.577673 0.168632
 6201.000000 25.448412 1.561598 0.182618
 6204.000000 25.433455 1.538056 0.173250
 6207.000000 25.391611 1.525951 0.155288
 6210.000000 25.309559 1.529964 0.171316
 6213.000000 25.384096 1.534510 0.140923
 6216.000000 25.396761 1.527722 0.171750
 6219.000000 25.455091 1.552492 0.148957
 6222.000000 25.466812 1.504697 0.178146
 6225.000000 25.431304 1.513390 0.168897
 6228.000000 25.535774 1.541014 0.149354
 6231.000000 25.602542 1.559487 0.160503
 6234.000000 25.544838 1.563257 0.124964
 6237.000000 25.492478 1.538387 0.161593
 6240.000000 25.494340 1.536739 0.134133
 6243.000000 25.435188 1.558212 0.136286
 6246.000000 25.333084 1.543513 0.145084
 6249.000000 25.325937 1.563561 0.116344
 6252.000000 25.415110 1.540240 0.161411
 6255.000000 25.360752 1.552880 0.136170
 6258.000000 25.317628 1.555268 0.107415
 6261.000000 25.214712 1.535992 0.093770
 6264.000000 25.255473 1.531900 0.107921
 6267.000000 25.338095 1.535270 0.177044
 6270.000000 25.276144 1.545955 0.188142
 6273.000000 25.293180 1.555793 0.173288
 6276.000000 25.281799 1.561499 0.144702
 6279.000000 25.318497 1.563781 0.124874
 6282.000000 25.303498 1.598720 0.216459
 6285.000000 25.454078 1.590720 0.205419
 6288.000000 25.563813 1.579828 0.143795
 6291.000000 25.507678 1.591344 0.186526
 6294.000000 25.516949 1.593665 0.174633
 6297.000000 25.490373 1.598407 0.171893
 6300.000000 25.474813 1.571959 0.131033
 6303.000000 25.474162 1.581607 0.129245
 6306.000000 25.489603 1.605437 0.114943
 6309.000000 25.507049 1.600710 0.142159
 6312.000000 25.538712 1.577524 0.132008
 6315.000000 25.522933 1.586239 0.188006
 6318.000000 25.450163 1.573828 0.156377
 6321.000000 25.518067 1.565247 0.191264
 6324.000000 25.481456 1.581295 0.206605
 6327.000000 25.396002 1.572962 0.185915
 6330.000000 25.375542 1.569290 0.180778
 6333.000000 25.372418 1.565901 0.189274
 6336.000000 25.356299 1.548282 0.185307
 6339.000000 25.314787 1.564768 0.152796
 6342.000000 25.296262 1.554290 0.159134
 6345.000000 25.327363 1.580149 0.194069
 6348.000000 25.333931 1.591832 0.221592
 6351.000000 25.395308 1.590933 0.228193
 6354.000000 25.386916 1.601986 0.234099
 6357.000000 25.419137 1.590614 0.212324
 6360.000000 25.369534 1.565136 0.197116
 6363.000000 25.412573 1.576109 0.202527
 6366.000000 25.471816 1.588093 0.202468
 6369.000000 25.464649 1.571335 0.183097
 6372.000000 25.430150 1.559095 0.170085
 6375.000000 25.451155 1.588300 0.181550
 6378.000000 25.445988 1.584401 0.172813
 6381.000000 25.500786 1.575760 0.189355
 6384.000000 25.521027 1.583591 0.175043
 6387.000000 25.561868 1.565140 0.155244
 6390.000000 25.576846 1.574629 0.189835
 6393.000000 25.535584 1.584323 0.129121
 6396.000000 25.578146 1.579985 0.123011
 6399.000000 25.611569 1.611844 0.106553
 6402.000000 25.606503 1.619732 0.084624
 6405.000000 25.562422 1.618464 0.131742
 6408.000000 25.549652 1.603483 0.169734
 6411.000000 25.561541 1.606392 0.152082
 6414.000000 25.459980 1.605806 0.129364
 6417.000000 25.487776 1.614013 0.156374
 6420.000000 25.483592 1.586440 0.117396
 6423.000000 25.557547 1.588586 0.133269
 6426.000000 25.510226 1.585119 0.115752
 6429.000000 25.491987 1.566502 0.117250
 6432.000000 25.481450 1.554850 0.160169
 6435.000000 25.523171 1.580726 0.164906
 6438.000000 25.530008 1.603520 0.212271
 6441.000000 25.573094 1.602529 0.152130
 6444.000000 25.474320 1.568205 0.189762
 6447.000000 25.483325 1.610780 0.190127
 6450.000000 25.538478 1.580039 0.182398
 6453.000000 25.423006 1.567798 0.149779
 6456.000000 25.419705 1.611719 0.172472
 6459.000000 25.455074 1.600747 0.166869
 6462.000000 25.485807 1.611666 0.173129
 6465.000000 25.466015 1.579193 0.150439
 6468.000000 25.482496 1.606822 0.167849
 6471.000000 25.526208 1.602986 0.121224
 6474.000000 25.468042 1.565461 0.164989
 6477.000000 25.449984 1.598015 0.173184
 6480.000000 25.502924 1.601385 0.165905
 6483.000000 25.441039 1.602051 0.178541
 6486.000000 25.509968 1.599770 0.150802
 6489.000000 25.517162 1.573083 0.122085
 6492.000000 25.514984 1.560835 0.144671
 6495.000000 25.508747 1.581018 0.170699
 6498.000000 25.548757 1.559593 0.193136
 6501.000000 25.522546 1.547487 0.154087
 6504.000000 25.511328 1.548670 0.132955
 6507.000000 25.576101 1.575860 0.208754
 6510.000000 25.559181 1.549946 0.170919
 6513.000000 25.560245 1.558575 0.189781
 6516.000000 25.618922 1.563844 0.213068
 6519.000000 25.587890 1.568146 0.179447
 6522.000000 25.619861 1.547860 0.140528
 6525.000000 25.596228 1.564366 0.157889
 6528.000000 25.584511 1.552420 0.162926
 6531.000000 25.533507 1.554149 0.174510
 6534.000000 25.555174 1.524000 0.142046
 6537.000000 25.492356 1.532234 0.139468
 6540.000000 25.554866 1.522718 0.137724
 6543.000000 25.605817 1.545770 0.124461
 6546.000000 25.471508 1.528305 0.110541
 6549.000000 25.528580 1.522423 0.107298
 6552.000000 25.493978 1.549126 0.121911
 6555.000000 25.485063 1.554815 0.100609
 6558.000000 25.488575 1.558468 0.098536
 6561.000000 25.489850 1.548960 0.122656
 6564.000000 25.516845 1.537489 0.140156
 6567.000000 25.367761 1.519302 0.108826
 6570.000000 25.381544 1.552473 0.151519
 6573.000000 25.409612 1.517134 0.145676
 6576.000000 25.399702 1.518025 0.121522
 6579.000000 25.487109 1.539616 0.154803
 6582.000000 25.367212 1.542843 0.146129
 6585.000000 25.452638 1.544025 0.119631
 6588.000000 25.440245 1.545135 0.149980
 6591.000000 25.479579 1.529759 0.147946
 6594.000000 25.528701 1.536641 0.129986
 6597.000000 25.606058 1.571670 0.147471
 6600.000000 25.616667 1.562172 0.119659
 6603.000000 25.602093 1.551889 0.114591
 6606.000000 25.567404 1.571100 0.154862
 6609.000000 25.558908 1.555554 0.137219
 6612.000000 25.594065 1.582838 0.141008
 6615.000000 25.605577 1.564571 0.129740
 6618.000000 25.593734 1.558897 0.133675
 6621.000000 25.564956 1.559173 0.110664
 6624.000000 25.496224 1.557580 0.146448
 6627.000000 25.514646 1.575453 0.090547
 6630.000000 25.503347 1.579679 0.107270
 6633.000000 25.525668 1.571707 0.096927
 6636.000000 25.490386 1.563835 0.089804
 6639.000000 25.624147 1.556615 0.103349
 6642.000000 25.686499 1.557209 0.101255
 6645.000000 25.656458 1.564602 0.076175
 6648.000000 25.602281 1.572948 0.066722
 6651.000000 25.629937 1.553829 0.085611
 6654.000000 25.554037 1.552691 0.083456
 6657.000000 25.687392 1.582426 0.098302
 6660.000000 25.673889 1.564440 0.142409
 6663.000000 25.640195 1.569029 0.098340
 6666.000000 25.567774 1.583926 0.104727
 6669.000000 25.537152 1.569409 0.120077
 6672.000000 25.518092 1.570375 0.115081
 6675.000000 25.567327 1.564048 0.097977
 6678.000000 25.537398 1.566668 0.112754
 6681.000000 25.505668 1.539086 0.068977
 6684.000000 25.478432 1.552104 0.078328
 6687.000000 25.458762 1.553720 0.078058
 6690.000000 25.476322 1.555450 0.076030
 6693.000000 25.416123 1.539893 0.069094
 6696.000000 25.534592 1.535549 0.074423
 6699.000000 25.502126 1.585068 0.131555
 6702.000000 25.480118 1.578470 0.124426
 6705.000000 25.444532 1.574170 0.152371
 6708.000000 25.447448 1.545063 0.129249
 6711.000000 25.377082 1.575263 0.122835
 6714.000000 25.324632 1.567232 0.127920
 6717.000000 25.308081 1.567065 0.115421
 6720.000000 25.292999 1.581187 0.119195
 6723.000000 25.313768 1.547549 0.097846
 6726.000000 25.330194 1.536158 0.096463
 6729.000000 25.371277 1.533936 0.111561
 6732.000000 25.226309 1.540343 0.139528
 6735.000000 25.250852 1.540537 0.132644
 6738.000000 25.260118 1.525229 0.121562
 6741.000000 25.268349 1.547205 0.135321
 6744.000000 25.342834 1.518902 0.076111
 6747.000000 25.340794 1.523465 0.095932
 6750.000000 25.342097 1.520476 0.126629
 6753.000000 25.330736 1.518610 0.118315
 6756.000000 25.308569 1.495675 0.150487
 6759.000000 25.330891 1.495703 0.170978
 6762.000000 25.336995 1.487292 0.146647
 6765.000000 25.409366 1.456890 0.115381
 6768.000000 25.535744 1.466846 0.110260
 6771.000000 25.538865 1.484190 0.080369
 6774.000000 25.568288 1.454779 0.065466
 6777.000000 25.591024 1.466276 0.085891
 6780.000000 25.509328 1.477500 0.075855
 6783.000000 25.515900 1.508458 0.129065
 6786.000000 25.543287 1.494412 0.135645
 6789.000000 25.434437 1.512375 0.144981
 6792.000000 25.426857 1.502293 0.168387
 6795.000000 25.383950 1.536223 0.124863
 6798.000000 25.443568 1.536379 0.161125
 6801.000000 25.514734 1.540851 0.157546
 6804.000000 25.470686 1.550486 0.149751
 6807.000000 25.450899 1.535999 0.129371
 6810.000000 25.390338 1.529134 0.144168
 6813.000000 25.398983 1.529055 0.134119
 6816.000000 25.417133 1.537329 0.081992
 6819.000000 25.462511 1.569063 0.148192
 6822.000000 25.498672 1.551790 0.108116
 6825.000000 25.442093 1.548318 0.104512
 6828.000000 25.327598 1.574263 0.127378
 6831.000000 25.338828 1.566959 0.133443
 6834.000000 25.299517 1.580777 0.177783
 6837.000000 25.318889 1.581698 0.187975
 6840.000000 25.383389 1.563808 0.175938
 6843.000000 25.325061 1.559149 0.218583
 6846.000000 25.323646 1.560027 0.169445
 6849.000000 25.307642 1.553115 0.166674
 6852.000000 25.270283 1.558826 0.196382
 6855.000000 25.291023 1.555136 0.145891
 6858.000000 25.287889 1.568786 0.170775
 6861.000000 25.362635 1.586914 0.170834
 6864.000000 25.319098 1.560563 0.159940
 6867.000000 25.270855 1.528339 0.138371
 6870.000000 25.279985 1.534593 0.171640
 6873.000000 25.208926 1.545693 0.159253
 6876.000000 25.248328 1.534848 0.136503
 6879.000000 25.243355 1.562571 0.171154
 6882.000000 25.301981 1.572985 0.196981
 6885.000000 25.339229 1.588268 0.196228
 6888.000000 25.370087 1.601295 0.170038
 6891.000000 25.338713 1.579263 0.157102
 6894.000000 25.338203 1.563664 0.166439
 6897.000000 25.337663 1.580051 0.186664
 6900.000000 25.302985 1.560884 0.135630
 6903.000000 25.291341 1.571738 0.172115
 6906.000000 25.231066 1.570010 0.158049
 6909.000000 25.198975 1.578730 0.143170
 6912.000000 25.181995 1.587899 0.137713
 6915.000000 25.193366 1.601414 0.105726
 6918.000000 25.218994 1.573718 0.117363
 6921.000000 25.183515 1.578920 0.095701
 6924.000000 25.235130 1.571873 0.095143
 6927.000000 25.226537 1.574690 0.095615
 6930.000000 25.267201 1.543216 0.088746
 6933.000000 25.255992 1.555919 0.094705
 6936.000000 25.276262 1.543949 0.085755
 6939.000000 25.177053 1.545431 0.122144
 6942.000000 25.330774 1.578254 0.103880
 6945.000000 25.315817 1.571055 0.121121
 6948.000000 25.321832 1.566071 0.130465
 6951.000000 25.361117 1.548935 0.132097
 6954.000000 25.342456 1.563025 0.160921
 6957.000000 25.336864 1.574467 0.185323
 6960.000000 25.285476 1.586063 0.200229
 6963.000000 25.261220 1.600399 0.223995
 6966.000000 25.300075 1.600058 0.207760
 6969.000000 25.301590 1.581134 0.191999
 6972.000000 25.325112 1.593301 0.210116
 6975.000000 25.340137 1.561952 0.179056
 6978.000000 25.391962 1.553851 0.225800
 6981.000000 25.425319 1.563235 0.217284
 6984.000000 25.477371 1.536230 0.164139
 6987.000000 25.502505 1.568741 0.238482
 6990.000000 25.420027 1.555781 0.181995
 6993.000000 25.427097 1.529999 0.139725
 6996.000000 25.528566 1.539487 0.143115
 6999.000000 25.449450 1.539057 0.166031
 7002.000000 25.394624 1.522524 0.139252
 7005.000000 25.391517 1.536594 0.167972
 7008.000000 25.308699 1.545176 0.165630
 7011.000000 25.278056 1.521737 0.204985
 7014.000000 25.252641 1.541250 0.195485
 7017.000000 25.340746 1.530030 0.213534
 7020.000000 25.326898 1.558929 0.201925
 7023.000000 25.294419 1.551421 0.181894
 7026.000000 25.372098 1.535094 0.182977
 7029.000000 25.324753 1.544903 0.176953
 7032.000000 25.360365 1.543084 0.220926
 7035.000000 25.430462 1.550062 0.197053
 7038.000000 25.386865 1.525716 0.175371
 7041.000000 25.469267 1.520859 0.178468
 7044.000000 25.400009 1.514405 0.165550
 7047.000000 25.325117 1.543202 0.163853
 7050.000000 25.390918 1.530061 0.138609
 7053.000000 25.382334 1.522244 0.130605
 7056.000000 25.383426 1.476946 0.094692
 7059.000000 25.346218 1.505180 0.112436
 7062.000000 25.316607 1.524256 0.151181
 7065.000000 25.373413 1.550357 0.205724
 7068.000000 25.334421 1.520739 0.161510
 7071.000000 25.433859 1.527256 0.133767
 7074.000000 25.478638 1.530973 0.152023
 7077.000000 25.392019 1.531581 0.120480
 7080.000000 25.336520 1.538243 0.127990
 7083.000000 25.392243 1.503927 0.082310
 7086.000000 25.450989 1.513063 0.093219
 7089.000000 25.425052 1.513914 0.127090
 7092.000000 25.458213 1.537201 0.113138
 7095.000000 25.459432 1.520986 0.132150
 7098.000000 25.526659 1.515054 0.160515
 7101.000000 25.628164 1.515963 0.161457
 7104.000000 25.636966 1.493375 0.154485
 7107.000000 25.616605 1.491253 0.141847
 7110.000000 25.583980 1.508294 0.150053
 7113.000000 25.557940 1.529714 0.209949
 7116.000000 25.568161 1.515161 0.189167
 7119.000000 25.621882 1.526821 0.157409
 7122.000000 25.582336 1.502565 0.198818
 7125.000000 25.511794 1.532612 0.191946
 7128.000000 25.495637 1.508101 0.159050
 7131.000000 25.548413 1.503631 0.193904
 7134.000000 25.572932 1.511045 0.152332
 7137.000000 25.607747 1.526510 0.154880
 7140.000000 25.617885 1.514646 0.148898
 7143.000000 25.664171 1.527187 0.130072
 7146.000000 25.567189 1.522106 0.145119
 7149.000000 25.593927 1.507279 0.175875
 7152.000000 25.586132 1.515565 0.146894
 7155.000000 25.626907 1.544026 0.131699
 7158.000000 25.561283 1.552720 0.104533
 7161.000000 25.561204 1.534923 0.128365
 7164.000000 25.579930 1.542372 0.113925
 7167.000000 25.580792 1.524848 0.091085
 7170.000000 25.527400 1.521096 0.075127
 7173.000000 25.459215 1.533077 0.122833
 7176.000000 25.486714 1.526972 0.085876
 7179.000000 25.447667 1.500799 0.123431
 7182.000000 25.489584 1.547705 0.112868
 7185.000000 25.448175 1.507733 0.078455
 7188.000000 25.470411 1.489803 0.120315
 7191.000000 25.387069 1.504221 0.161769
 7194.000000 25.427345 1.512871 0.131127
 7197.000000 25.448812 1.500528 0.146905
 7200.000000 25.445493 1.475625 0.136695
 7203.000000 25.422194 1.516207 0.079904
 7206.000000 25.544816 1.496075 0.140633
 7209.000000 25.445734 1.535205 0.123806
 7212.000000 25.445451 1.532785 0.154975
 7215.000000 25.368485 1.521163 0.119922
 7218.000000 25.357721 1.501740 0.142594
 7221.000000 25.384958 1.517872 0.167051
 7224.000000 25.525756 1.523294 0.183316
 7227.000000 25.521285 1.525237 0.112577
 7230.000000 25.539510 1.577279 0.126529
 7233.000000 25.705906 1.547332 0.112430
 7236.000000 25.663209 1.545178 0.145211
 7239.000000 25.593863 1.526303 0.101727
 7242.000000 25.573042 1.556595 0.140271
 7245.000000 25.592841 1.535582 0.161062
 7248.000000 25.567452 1.543809 0.151873
 7251.000000 25.607597 1.558424 0.153564
 7254.000000 25.604759 1.537880 0.153160
 7257.000000 25.554238 1.561496 0.172509
 7260.000000 25.572936 1.547154 0.154579
 7263.000000 25.577024 1.532673 0.109816
 7266.000000 25.522755 1.551929 0.108823
 7269.000000 25.426501 1.541226 0.164324
 7272.000000 25.414401 1.531294 0.163397
 7275.000000 25.539236 1.559939 0.135570
 7278.000000 25.516999 1.558329 0.150985
 7281.000000 25.566713 1.539414 0.132285
 7284.000000 25.506959 1.542287 0.111302
 7287.000000 25.556614 1.536865 0.133912
 7290.000000 25.588631 1.555250 0.126372
 7293.000000 25.523243 1.538497 0.115208
 7296.000000 25.515837 1.562004 0.094614
 7299.000000 25.409200 1.569419 0.086265
 7302.000000 25.427636 1.580122 0.091656
 7305.000000 25.419422 1.581167 0.118294
 7308.000000 25.461428 1.573600 0.085388
 7311.000000 25.419302 1.575108 0.101632
 7314.000000 25.409839 1.570527 0.095015
 7317.000000 25.430752 1.559525 0.084351
 7320.000000 25.460412 1.556550 0.107317
 7323.000000 25.570396 1.546111 0.138056
 7326.000000 25.491510 1.578124 0.104597
 7329.000000 25.523446 1.581395 0.166171
 7332.000000 25.492664 1.549059 0.164709
 7335.000000 25.490431 1.565173 0.202417
 7338.000000 25.468364 1.572680 0.178347
 7341.000000 25.378451 1.553065 0.157354
 7344.000000 25.479756 1.550835 0.110631
 7347.000000 25.516177 1.515881 0.100451
 7350.000000 25.557690 1.553662 0.113034
 7353.000000 25.561747 1.552911 0.144759
 7356.000000 25.549096 1.563565 0.083901
 7359.000000 25.537467 1.573457 0.100123
 7362.000000 25.524011 1.568666 0.060480
 7365.000000 25.569154 1.582591 0.095109
 7368.000000 25.467053 1.552910 0.116619
 7371.000000 25.481902 1.574743 0.136591
 7374.000000 25.453498 1.572171 0.139329
 7377.000000 25.443048 1.594630 0.162509
 7380.000000 25.495375 1.561324 0.138525
 7383.000000 25.498051 1.551712 0.148080
 7386.000000 25.501486 1.564410 0.103839
 7389.000000 25.484550 1.551968 0.075872
 7392.000000 25.452943 1.543843 0.084728
 7395.000000 25.435722 1.563866 0.105665
 7398.000000 25.423862 1.566586 0.084264
 7401.000000 25.386262 1.569552 0.097119
 7404.000000 25.321402 1.590707 0.116047
 7407.000000 25.342075 1.570381 0.131546
 7410.000000 25.364772 1.568774 0.137665
 7413.000000 25.341042 1.573764 0.129954
 7416.000000 25.374636 1.583008 0.112073
 7419.000000 25.327791 1.580652 0.119517
 7422.000000 25.311685 1.540344 0.155780
 7425.000000 25.337792 1.563181 0.137313
 7428.000000 25.340280 1.566008 0.136119
 7431.000000 25.429469 1.571706 0.134015
 7434.000000 25.439798 1.572813 0.142988
 7437.000000 25.467989 1.581897 0.160231
 7440.000000 25.481918 1.571388 0.187938
 7443.000000 25.533773 1.566791 0.183961
 7446.000000 25.606522 1.545012 0.134382
 7449.000000 25.578544 1.559620 0.142354
 7452.000000 25.616028 1.562890 0.144092
 7455.000000 25.557763 1.563507 0.140369
 7458.000000 25.592622 1.595053 0.174152
 7461.000000 25.587794 1.573009 0.169341
 7464.000000 25.531696 1.573494 0.191070
 7467.000000 25.522404 1.571772 0.191778
 7470.000000 25.531688 1.558011 0.159311
 7473.000000 25.635782 1.581995 0.222723
 7476.000000 25.553679 1.597980 0.221262
 7479.000000 25.621000 1.569109 0.208637
 7482.000000 25.598961 1.574321 0.205415
 7485.000000 25.542829 1.579679 0.198191
 7488.000000 25.589334 1.578396 0.201715
 7491.000000 25.618804 1.575514 0.215260
 7494.000000 25.647193 1.587470 0.205505
 7497.000000 25.606842 1.565117 0.149492
 7500.000000 25.651896 1.572206 0.180163
 7503.000000 25.554326 1.569699 0.185595
 7506.000000 25.582314 1.579589 0.189924
 7509.000000 25.449137 1.585877 0.206874
 7512.000000 25.518651 1.569363 0.198317
 7515.000000 25.528687 1.545227 0.195816
 7518.000000 25.518020 1.529245 0.184575
 7521.000000 25.569844 1.538656 0.158520
 7524.000000 25.587747 1.565866 0.159066
 7527.000000 25.570050 1.544767 0.165840
 7530.000000 25.529442 1.560387 0.171401
 7533.000000 25.545419 1.574307 0.189178
 7536.000000 25.532863 1.566741 0.162002
 7539.000000 25.561820 1.581792 0.190932
 7542.000000 25.554558 1.563477 0.189301
 7545.000000 25.508427 1.579866 0.182836
 7548.000000 25.509040 1.543577 0.129551
 7551.000000 25.441784 1.540580 0.149243
 7554.000000 25.368622 1.540579 0.185530
 7557.000000 25.363072 1.573477 0.219459
 7560.000000 25.404368 1.559539 0.185841
 7563.000000 25.561944 1.575009 0.221509
 7566.000000 25.576824 1.551107 0.185294
 7569.000000 25.544374 1.562994 0.206749
 7572.000000 25.566465 1.551750 0.212788
 7575.000000 25.455898 1.555887 0.238390
 7578.000000 25.434040 1.553958 0.221886
 7581.000000 25.452284 1.567193 0.233949
 7584.000000 25.459777 1.570895 0.202021
 7587.000000 25.409140 1.596422 0.206639
 7590.000000 25.420073 1.579147 0.202379
 7593.000000 25.321066 1.578769 0.197876
 7596.000000 25.325392 1.568955 0.195360
 7599.000000 25.443309 1.572219 0.155976
 7602.000000 25.464878 1.547202 0.146251
 7605.000000 25.426204 1.537354 0.140072
 7608.000000 25.425103 1.543760 0.159775
 7611.000000 25.450575 1.562388 0.180564
 7614.000000 25.390129 1.563893 0.177588
 7617.000000 25.357138 1.561608 0.192445
 7620.000000 25.403660 1.550451 0.180426
 7623.000000 25.406172 1.551163 0.164091
 7626.000000 25.416199 1.562829 0.190319
 7629.000000 25.400476 1.541055 0.138002
 7632.000000 25.438428 1.540773 0.162168
 7635.000000 25.470534 1.550438 0.186246
 7638.000000 25.510247 1.529335 0.147226
 7641.000000 25.499666 1.535503 0.175878
 7644.000000 25.408505 1.564926 0.228126
 7647.000000 25.406587 1.538511 0.186377
 7650.000000 25.322221 1.564911 0.193014
 7653.000000 25.261113 1.558580 0.187530
 7656.000000 25.302567 1.577365 0.214804
 7659.000000 25.350014 1.535209 0.185868
 7662.000000 25.350423 1.554401 0.204353
 7665.000000 25.371783 1.551268 0.176281
 7668.000000 25.435871 1.549182 0.187555
 7671.000000 25.387830 1.533309 0.212221
 7674.000000 25.351133 1.517284 0.173899
 7677.000000 25.396294 1.522963 0.158893
 7680.000000 25.406509 1.532504 0.169299
 7683.000000 25.423259 1.544806 0.194772
 7686.000000 25.349598 1.516729 0.168793
 7689.000000 25.292590 1.543064 0.186833
 7692.000000 25.313112 1.531921 0.184304
 7695.000000 25.383187 1.518616 0.145537
 7698.000000 25.411884 1.533658 0.159899
 7701.000000 25.447868 1.538230 0.162079
 7704.000000 25.474235 1.524658 0.142182
 7707.000000 25.432017 1.529443 0.157209
 7710.000000 25.432893 1.519193 0.158499
 7713.000000 25.475823 1.535388 0.141399
 7716.000000 25.531552 1.510105 0.170093
 7719.000000 25.444243 1.535044 0.190398
 7722.000000 25.502288 1.480309 0.163461
 7725.000000 25.493758 1.511016 0.197657
 7728.000000 25.494254 1.515601 0.190906
 7731.000000 25.429265 1.524495 0.188314
 7734.000000 25.433451 1.534674 0.182076
 7737.000000 25.450816 1.550342 0.197858
 7740.000000 25.451470 1.570416 0.232575
 7743.000000 25.433529 1.552110 0.230708
 7746.000000 25.414456 1.564771 0.245716
 7749.000000 25.398152 1.560325 0.248287
 7752.000000 25.441263 1.535019 0.190399
 7755.000000 25.412197 1.546728 0.202107
 7758.000000 25.368718 1.549783 0.186830
 7761.000000 25.357442 1.516275 0.169695
 7764.000000 25.370512 1.525525 0.195546
 7767.000000 25.372739 1.522461 0.175970
 7770.000000 25.417235 1.539346 0.186270
 7773.000000 25.385319 1.511738 0.155602
 7776.000000 25.420638 1.510265 0.150679
 7779.000000 25.435948 1.511813 0.143787
 7782.000000 25.421338 1.526567 0.184942
 7785.000000 25.412640 1.521299 0.131193
 7788.000000 25.394421 1.545514 0.151855
 7791.000000 25.391454 1.557753 0.170798
 7794.000000 25.428041 1.542737 0.157604
 7797.000000 25.467235 1.541613 0.159860
 7800.000000 25.425521 1.562718 0.172415
 7803.000000 25.389887 1.523745 0.149308
 7806.000000 25.407352 1.545692 0.158030
 7809.000000 25.471897 1.522549 0.160394
 7812.000000 25.451133 1.536165 0.155335
 7815.000000 25.535936 1.543422 0.187517
 7818.000000 25.572872 1.545390 0.144166
 7821.000000 25.477902 1.532292 0.146103
 7824.000000 25.511610 1.512013 0.145169
 7827.000000 25.500209 1.536753 0.161903
 7830.000000 25.598163 1.532796 0.183139
 7833.000000 25.514452 1.498021 0.180949
 7836.000000 25.523660 1.543378 0.212859
 7839.000000 25.542677 1.527973 0.205537
 7842.000000 25.558661 1.536125 0.236301
 7845.000000 25.532728 1.541859 0.208357
 7848.000000 25.483684 1.549668 0.219739
 7851.000000 25.486179 1.530445 0.188052
 7854.000000 25.538095 1.518323 0.200597
 7857.000000 25.536306 1.540598 0.225097
 7860.000000 25.491089 1.536155 0.231838
 7863.000000 25.462077 1.551803 0.232849
 7866.000000 25.410196 1.542455 0.223529
 7869.000000 25.493846 1.569152 0.206172
 7872.000000 25.502803 1.534967 0.181622
 7875.000000 25.525165 1.574063 0.209254
 7878.000000 25.559889 1.578883 0.214797
 7881.000000 25.626552 1.583672 0.231798
 7884.000000 25.556805 1.578103 0.185892
 7887.000000 25.660565 1.564349 0.181578
 7890.000000 25.546168 1.579164 0.173650
 7893.000000 25.498506 1.568881 0.158044
 7896.000000 25.515928 1.598604 0.176500
 7899.000000 25.537372 1.559925 0.134711
 7902.000000 25.527005 1.573476 0.133921
 7905.000000 25.524599 1.567200 0.109334
 7908.000000 25.535109 1.522339 0.127924
 7911.000000 25.501432 1.550406 0.160612
 7914.000000 25.493264 1.540482 0.123804
 7917.000000 25.491680 1.545183 0.149763
 7920.000000 25.483039 1.533533 0.136519
 7923.000000 25.439671 1.516955 0.132973
 7926.000000 25.486670 1.535620 0.144161
 7929.000000 25.427100 1.558308 0.146983
 7932.000000 25.418539 1.530998 0.153202
 7935.000000 25.371036 1.520252 0.102950
 7938.000000 25.483167 1.529565 0.120043
 7941.000000 25.456203 1.521545 0.125712
 7944.000000 25.477891 1.517836 0.149206
 7947.000000 25.530118 1.543958 0.181045
 7950.000000 25.590421 1.526721 0.128514
 7953.000000 25.561696 1.531843 0.124927
 7956.000000 25.564577 1.527417 0.094669
 7959.000000 25.588119 1.564507 0.118618
 7962.000000 25.609646 1.555580 0.125337
 7965.000000 25.571583 1.516353 0.133739
 7968.000000 25.526232 1.530933 0.141271
 7971.000000 25.524548 1.530649 0.168137
 7974.000000 25.474472 1.530745 0.157214
 7977.000000 25.506048 1.539615 0.154980
 7980.000000 25.447628 1.513272 0.131604
 7983.000000 25.451259 1.528457 0.123091
 7986.000000 25.525432 1.526953 0.117124
 7989.000000 25.462660 1.559873 0.167751
 7992.000000 25.395976 1.536798 0.148460
 7995.000000 25.418316 1.549034 0.148471
 7998.000000 25.386687 1.528571 0.121100
 8001.000000 25.392852 1.532203 0.111872
 8004.000000 25.310185 1.496280 0.103565
 8007.000000 25.348391 1.499705 0.135452
 8010.000000 25.465854 1.535460 0.100141
 8013.000000 25.417332 1.560073 0.146049
 8016.000000 25.408697 1.547235 0.143714
 8019.000000 25.462700 1.579040 0.176363
 8022.000000 25.515736 1.562035 0.138909
 8025.000000 25.444595 1.559111 0.136175
 8028.000000 25.470564 1.595650 0.139143
 8031.000000 25.411939 1.579822 0.164127
 8034.000000 25.449445 1.556240 0.163300
 8037.000000 25.429421 1.576984 0.129284
 8040.000000 25.349200 1.579072 0.164405
 8043.000000 25.428474 1.572078 0.144720
 8046.000000 25.467669 1.553931 0.189759
 8049.000000 25.455050 1.552429 0.215907
 8052.000000 25.461078 1.532813 0.172578
 8055.000000 25.478860 1.546965 0.190850
 8058.000000 25.465556 1.552454 0.201806
 8061.000000 25.519201 1.540321 0.214599
 8064.000000 25.480720 1.528436 0.206924
 8067.000000 25.475692 1.514395 0.205425
 8070.000000 25.397798 1.524449 0.223250
 8073.000000 25.441240 1.509265 0.208169
 8076.000000 25.420988 1.533826 0.233042
 8079.000000 25.433042 1.538394 0.236670
 8082.000000 25.457525 1.532469 0.248090
 8085.000000 25.466117 1.506854 0.186510
 8088.000000 25.462435 1.513818 0.222171
 8091.000000 25.505628 1.496673 0.172239
 8094.000000 25.492629 1.483302 0.160834
 8097.000000 25.615733 1.482473 0.153390
 8100.000000 25.582707 1.507619 0.164303
 8103.000000 25.517864 1.501656 0.184453
 8106.000000 25.480358 1.532274 0.142902
 8109.000000 25.441989 1.526781 0.135049
 8112.000000 25.491786 1.549115 0.151438
 8115.000000 25.385900 1.536235 0.143441
 8118.000000 25.405033 1.573670 0.171529
 8121.000000 25.389093 1.573173 0.165095
 8124.000000 25.368818 1.538909 0.145632
 8127.000000 25.409441 1.504793 0.116412
 8130.000000 25.442299 1.543419 0.124279
 8133.000000 25.395096 1.527331 0.130726
 8136.000000 25.404666 1.527480 0.118228
 8139.000000 25.437541 1.512881 0.159541
 8142.000000 25.384237 1.502534 0.169679
 8145.000000 25.404420 1.515210 0.154847
 8148.000000 25.459303 1.536798 0.165861
 8151.000000 25.383937 1.533579 0.150594
 8154.000000 25.378930 1.540438 0.173664
 8157.000000 25.399588 1.531388 0.154509
 8160.000000 25.419174 1.521316 0.152069
 8163.000000 25.454492 1.535308 0.149846
 8166.000000 25.478291 1.548783 0.153076
 8169.000000 25.398188 1.512234 0.114353
 8172.000000 25.451966 1.538941 0.140439
 8175.000000 25.434969 1.535345 0.158932
 8178.000000 25.516471 1.525163 0.128441
 8181.000000 25.497017 1.506499 0.111812
 8184.000000 25.541239 1.504289 0.107833
 8187.000000 25.613675 1.534295 0.167501
 8190.000000 25.595198 1.531106 0.147404
 8193.000000 25.603686 1.541884 0.187175
 8196.000000 25.679264 1.523766 0.192803
 8199.000000 25.555893 1.537395 0.177101
 8202.000000 25.539125 1.529902 0.186212
 8205.000000 25.565676 1.560077 0.211102
 8208.000000 25.573938 1.563240 0.185826
 8211.000000 25.536830 1.546729 0.153999
 8214.000000 25.494224 1.571434 0.164326
 8217.000000 25.581853 1.558344 0.181499
 8220.000000 25.631329 1.559053 0.177004
 8223.000000 25.609101 1.607530 0.212571
 8226.000000 25.578573 1.606212 0.245485
 8229.000000 25.580579 1.579420 0.177366
 8232.000000 25.530689 1.547378 0.143830
 8235.000000 25.584376 1.548814 0.150641
 8238.000000 25.583558 1.542370 0.183091
 8241.000000 25.433967 1.561343 0.174264
 8244.000000 25.479841 1.576154 0.187007
 8247.000000 25.448881 1.582093 0.205604
 8250.000000 25.543338 1.575272 0.209288
 8253.000000 25.564585 1.601098 0.245081
 8256.000000 25.489114 1.593722 0.209754
 8259.000000 25.500187 1.578616 0.201045
 8262.000000 25.444710 1.600872 0.200653
 8265.000000 25.416424 1.581378 0.177254
 8268.000000 25.310268 1.578379 0.181814
 8271.000000 25.397090 1.530054 0.170609
 8274.000000 25.453636 1.508804 0.163045
 8277.000000 25.455253 1.539975 0.204800
 8280.000000 25.430083 1.542497 0.198584
 8283.000000 25.436890 1.550142 0.210149
 8286.000000 25.431239 1.508806 0.181662
 8289.000000 25.465350 1.520829 0.164133
 8292.000000 25.556147 1.531504 0.186715
 8295.000000 25.499421 1.527906 0.164758
 8298.000000 25.623496 1.511178 0.164913
 8301.000000 25.591732 1.512715 0.137256
 8304.000000 25.553829 1.508526 0.134616
 8307.000000 25.475779 1.541762 0.190646
 8310.000000 25.442729 1.540897 0.174071
 8313.000000 25.518606 1.521054 0.153557
 8316.000000 25.519848 1.525611 0.163159
 8319.000000 25.531412 1.519103 0.186101
 8322.000000 25.575497 1.507155 0.157782
 8325.000000 25.494366 1.512417 0.194159
 8328.000000 25.528575 1.491335 0.177654
 8331.000000 25.453866 1.492788 0.116126
 8334.000000 25.497261 1.495547 0.142055
 8337.000000 25.428597 1.498719 0.180600
 8340.000000 25.438441 1.509419 0.207685
 8343.000000 25.461397 1.489941 0.181840
 8346.000000 25.494155 1.474433 0.142614
 8349.000000 25.534962 1.494085 0.129217
 8352.000000 25.486652 1.489707 0.084836
 8355.000000 25.519153 1.497194 0.108271
 8358.000000 25.523673 1.508525 0.148459
 8361.000000 25.502347 1.534944 0.101718
 8364.000000 25.476357 1.533939 0.118674
 8367.000000 25.547155 1.556756 0.122548
 8370.000000 25.472166 1.571310 0.117663
 8373.000000 25.454903 1.534823 0.129359
 8376.000000 25.371898 1.512054 0.132502
 8379.000000 25.499308 1.545258 0.146948
 8382.000000 25.541539 1.530502 0.148071
 8385.000000 25.542409 1.584974 0.203573
 8388.000000 25.511255 1.563754 0.172766
 8391.000000 25.491907 1.556285 0.171316
 8394.000000 25.440241 1.562051 0.169694
 8397.000000 25.412057 1.543644 0.166519
 8400.000000 25.410807 1.540839 0.173405
 8403.000000 25.404864 1.554064 0.180217
 8406.000000 25.447103 1.523286 0.177422
 8409.000000 25.464139 1.569324 0.178152
 8412.000000 25.483731 1.547105 0.128871
 8415.000000 25.507096 1.537964 0.164101
 8418.000000 25.567186 1.560526 0.121217
 8421.000000 25.575888 1.557186 0.129347
 8424.000000 25.522106 1.554791 0.128029
 8427.000000 25.553001 1.546377 0.152689
 8430.000000 25.555096 1.541838 0.129005
 8433.000000 25.597465 1.520621 0.128681
 8436.000000 25.597692 1.525992 0.074285
 8439.000000 25.642276 1.531165 0.120765
 8442.000000 25.611834 1.506093 0.121880
 8445.000000 25.608936 1.530149 0.128719
 8448.000000 25.608355 1.515623 0.096106
 8451.000000 25.600266 1.545046 0.117972
 8454.000000 25.565127 1.545226 0.136409
 8457.000000 25.552659 1.540559 0.141433
 8460.000000 25.597450 1.522588 0.110575
 8463.000000 25.473643 1.563508 0.155804
 8466.000000 25.482150 1.563017 0.166200
 8469.000000 25.508200 1.545264 0.163828
 8472.000000 25.442270 1.561544 0.159321
 8475.000000 25.442550 1.540913 0.165384
 8478.000000 25.455801 1.553289 0.165770
 8481.000000 25.494654 1.562591 0.170168
 8484.000000 25.491951 1.539324 0.090336
 8487.000000 25.467747 1.527044 0.132625
 8490.000000 25.457478 1.532674 0.120921
 8493.000000 25.447331 1.544263 0.119834
 8496.000000 25.481457 1.544059 0.097884
 8499.000000 25.484911 1.560817 0.146432
 8502.000000 25.515745 1.567694 0.184869
 8505.000000 25.564543 1.564605 0.169108
 8508.000000 25.486375 1.531434 0.132146
 8511.000000 25.508518 1.543008 0.151395
 8514.000000 25.566729 1.564493 0.162286
 8517.000000 25.544865 1.555549 0.171098
 8520.000000 25.502609 1.549257 0.169609
 8523.000000 25.425616 1.551749 0.209205
 8526.000000 25.477660 1.556246 0.202078
 8529.000000 25.494331 1.579495 0.203024
 8532.000000 25.551980 1.611302 0.199150
 8535.000000 25.553052 1.596906 0.165038
 8538.000000 25.525968 1.588033 0.175162
 8541.000000 25.549484 1.592254 0.175487
 8544.000000 25.480942 1.581351 0.171337
 8547.000000 25.477489 1.566056 0.169123
 8550.000000 25.517017 1.552739 0.191566
 8553.000000 25.562209 1.574356 0.201977
 8556.000000 25.588433 1.559711 0.204410
 8559.000000 25.530544 1.547847 0.167092
 8562.000000 25.483711 1.562666 0.155961
 8565.000000 25.480029 1.562562 0.132115
 8568.000000 25.516366 1.532003 0.105391
 8571.000000 25.528703 1.574518 0.153199
 8574.000000 25.531005 1.591564 0.101894
 8577.000000 25.578507 1.590400 0.131602
 8580.000000 25.633293 1.546189 0.141481
 8583.000000 25.581980 1.545677 0.117222
 8586.000000 25.655811 1.567126 0.105599
 8589.000000 25.626723 1.565480 0.106314
 8592.000000 25.612614 1.574672 0.119463
 8595.000000 25.657861 1.549333 0.127272
 8598.000000 25.661325 1.545468 0.137053
 8601.000000 25.638801 1.539853 0.128473
 8604.000000 25.661180 1.559509 0.137866
 8607.000000 25.699889 1.558195 0.128119
 8610.000000 25.713569 1.561642 0.158880
 8613.000000 25.701614 1.575923 0.187940
 8616.000000 25.625034 1.542357 0.112927
 8619.000000 25.648192 1.536471 0.139273
 8622.000000 25.582779 1.521510 0.132831
 8625.000000 25.563139 1.539696 0.198186
 8628.000000 25.612075 1.545285 0.183706
 8631.000000 25.556455 1.531100 0.175533
 8634.000000 25.656968 1.529686 0.177204
 8637.000000 25.719293 1.538776 0.170129
 8640.000000 25.817804 1.540422 0.147650
 8643.000000 25.721339 1.531614 0.109627
 8646.000000 25.686441 1.546763 0.121336
 8649.000000 25.636239 1.532887 0.121923
 8652.000000 25.597808 1.523360 0.120285
 8655.000000 25.502528 1.548647 0.137192
 8658.000000 25.514715 1.538360 0.135687
 8661.000000 25.546812 1.546135 0.195397
 8664.000000 25.511640 1.560685 0.213856
 8667.000000 25.506302 1.560482 0.204665
 8670.000000 25.527288 1.563973 0.220404
 8673.000000 25.503608 1.540996 0.179027
 8676.000000 25.575459 1.549387 0.159720
 8679.000000 25.548964 1.542005 0.164494
 8682.000000 25.600294 1.544177 0.180007
 8685.000000 25.559725 1.517088 0.171262
 8688.000000 25.522123 1.545202 0.193310
 8691.000000 25.536949 1.538222 0.189730
 8694.000000 25.564418 1.545074 0.159171
 8697.000000 25.498219 1.537239 0.178038
 8700.000000 25.505300 1.528662 0.156421
 8703.000000 25.469722 1.545294 0.162560
 8706.000000 25.490367 1.542781 0.136436
 8709.000000 25.560674 1.534926 0.144392
 8712.000000 25.427400 1.540191 0.168361
 8715.000000 25.383819 1.545446 0.108351
 8718.000000 25.405184 1.530635 0.075032
 8721.000000 25.480542 1.521297 0.114291
 8724.000000 25.443537 1.524738 0.104556
 8727.000000 25.443033 1.498775 0.131755
 8730.000000 25.496935 1.521473 0.080236
 8733.000000 25.462280 1.520414 0.121230
 8736.000000 25.444836 1.508697 0.131031
 8739.000000 25.414552 1.496302 0.119927
 8742.000000 25.394477 1.528128 0.124400
 8745.000000 25.381924 1.508850 0.145375
 8748.000000 25.411831 1.508509 0.117974
 8751.000000 25.417819 1.519737 0.148213
 8754.000000 25.464955 1.516190 0.142760
 8757.000000 25.525042 1.498377 0.139404
 8760.000000 25.526886 1.454895 0.141602
 8763.000000 25.481702 1.473781 0.111670
 8766.000000 25.555003 1.488682 0.079593
 8769.000000 25.560953 1.490533 0.069502
 8772.000000 25.489316 1.514930 0.100475
 8775.000000 25.496303 1.505012 0.106765
 8778.000000 25.477564 1.514200 0.096735
 8781.000000 25.453213 1.476829 0.149579
 8784.000000 25.391268 1.501715 0.154054
 8787.000000 25.334108 1.463905 0.167834
 8790.000000 25.372221 1.490736 0.160820
 8793.000000 25.438721 1.505011 0.120800
 8796.000000 25.405660 1.511389 0.162110
 8799.000000 25.497566 1.497856 0.144512
 8802.000000 25.401398 1.518052 0.148535
 8805.000000 25.422997 1.550700 0.116315
 8808.000000 25.369318 1.534063 0.126835
 8811.000000 25.459531 1.556398 0.120830
 8814.000000 25.484759 1.554841 0.127972
 8817.000000 25.554856 1.536395 0.131697
 8820.000000 25.574024 1.533004 0.158102
 8823.000000 25.614701 1.555354 0.099053
 8826.000000 25.593252 1.499307 0.112983
 8829.000000 25.533477 1.531087 0.116897
 8832.000000 25.562739 1.519507 0.147379
 8835.000000 25.571469 1.532182 0.126139
 8838.000000 25.551256 1.510705 0.143896
 8841.000000 25.483215 1.550235 0.125668
 8844.000000 25.489419 1.567612 0.119124
 8847.000000 25.512614 1.568379 0.140060
 8850.000000 25.529570 1.539947 0.150265
 8853.000000 25.545935 1.560441 0.176026
 8856.000000 25.424946 1.554559 0.173075
 8859.000000 25.484899 1.566571 0.103184
 8862.000000 25.361459 1.535857 0.079125
 8865.000000 25.381499 1.506491 0.123003
 8868.000000 25.418738 1.498119 0.091999
 8871.000000 25.384631 1.534522 0.132022
 8874.000000 25.373464 1.557239 0.146464
 8877.000000 25.375730 1.527740 0.107632
 8880.000000 25.446604 1.561467 0.142546
 8883.000000 25.436933 1.569661 0.159210
 8886.000000 25.401450 1.552561 0.198708
 8889.000000 25.421631 1.542679 0.174800
 8892.000000 25.492041 1.570796 0.127941
 8895.000000 25.397550 1.569194 0.143976
 8898.000000 25.416220 1.561404 0.184015
 8901.000000 25.497911 1.573276 0.148283
 8904.000000 25.474835 1.585594 0.157704
 8907.000000 25.422415 1.605140 0.157059
 8910.000000 25.350231 1.590830 0.154151
 8913.000000 25.312793 1.576915 0.099968
 8916.000000 25.407053 1.563382 0.149475
 8919.000000 25.416808 1.583345 0.196489
 8922.000000 25.492212 1.580788 0.166686
 8925.000000 25.477014 1.576743 0.157149
 8928.000000 25.554598 1.569868 0.182952
 8931.000000 25.519033 1.542351 0.208385
 8934.000000 25.498223 1.541796 0.162947
 8937.000000 25.547989 1.563265 0.185852
 8940.000000 25.477981 1.539056 0.171679
 8943.000000 25.405236 1.518195 0.147923
 8946.000000 25.389854 1.524771 0.175848
 8949.000000 25.504183 1.513901 0.145278
 8952.000000 25.415372 1.466574 0.120831
 8955.000000 25.466855 1.515876 0.159241
 8958.000000 25.463870 1.526774 0.145652
 8961.000000 25.385546 1.529732 0.109335
 8964.000000 25.397969 1.533069 0.127355
 8967.000000 25.410547 1.502790 0.143974
 8970.000000 25.483450 1.501461 0.127889
 8973.000000 25.478753 1.500551 0.099437
 8976.000000 25.486790 1.519650 0.155035
 8979.000000 25.522700 1.488964 0.130961
 8982.000000 25.621500 1.506867 0.152949
 8985.000000 25.531441 1.490841 0.126265
 8988.000000 25.590412 1.535368 0.145727
 8991.000000 25.597549 1.519091 0.160797
 8994.000000 25.637587 1.512826 0.146101
 8997.000000 25.664773 1.527716 0.155882
 9000.000000 25.654413 1.518164 0.139738
 9003.000000 25.668375 1.500457 0.150562
 9006.000000 25.669315 1.521832 0.163128
 9009.000000 25.691337 1.547881 0.174011
 9012.000000 25.678193 1.516287 0.163335
 9015.000000 25.629059 1.544462 0.170370
 9018.000000 25.672595 1.536448 0.133691
 9021.000000 25.657876 1.542076 0.120631
 9024.000000 25.645074 1.530313 0.139710
 9027.000000 25.642397 1.526297 0.150788
 9030.000000 25.521896 1.499676 0.182068
 9033.000000 25.556996 1.527754 0.147040
 9036.000000 25.637554 1.522951 0.173950
 9039.000000 25.620589 1.526924 0.192752
 9042.000000 25.636151 1.564479 0.160468
 9045.000000 25.557755 1.550930 0.146135
 9048.000000 25.545058 1.549203 0.158538
 9051.000000 25.579615 1.558978 0.149559
 9054.000000 25.532235 1.560733 0.166826
 9057.000000 25.547697 1.541903 0.182069
 9060.000000 25.556718 1.541335 0.163559
 9063.000000 25.654219 1.557723 0.177183
 9066.000000 25.587947 1.559873 0.183400
 9069.000000 25.675504 1.587837 0.229844
 9072.000000 25.594792 1.586725 0.236893
 9075.000000 25.672776 1.562897 0.227128
 9078.000000 25.692312 1.548627 0.156889
 9081.000000 25.578282 1.531384 0.161196
 9084.000000 25.576399 1.527472 0.130980
 9087.000000 25.601248 1.520873 0.166125
 9090.000000 25.564585 1.511029 0.122529
 9093.000000 25.632119 1.533769 0.152648
 9096.000000 25.679135 1.557390 0.151302
 9099.000000 25.593150 1.554302 0.141172
 9102.000000 25.555234 1.539861 0.107250
 9105.000000 25.556648 1.558195 0.140636
 9108.000000 25.564856 1.560304 0.160918
 9111.000000 25.536235 1.561289 0.142774
 9114.000000 25.562811 1.536504 0.188645
 9117.000000 25.508416 1.529019 0.186840
 9120.000000 25.591058 1.536173 0.169617
 9123.000000 25.661033 1.539141 0.154963
 9126.000000 25.554416 1.546076 0.147628
 9129.000000 25.542775 1.559747 0.238815
 9132.000000 25.559331 1.519774 0.228595
 9135.000000 25.532143 1.487677 0.195470
 9138.000000 25.593554 1.529253 0.239694
 9141.000000 25.604115 1.528383 0.210096
 9144.000000 25.572517 1.524328 0.212340
 9147.000000 25.514023 1.525949 0.191933
 9150.000000 25.543934 1.558365 0.192371
 9153.000000 25.593289 1.554316 0.170952
 9156.000000 25.557170 1.554871 0.190846
 9159.000000 25.569267 1.524280 0.144643
 9162.000000 25.586845 1.534350 0.170241
 9165.000000 25.587554 1.531742 0.166202
 9168.000000 25.621237 1.530034 0.200767
 9171.000000 25.701588 1.525421 0.225571
 9174.000000 25.618433 1.504557 0.151064
 9177.000000 25.629278 1.527901 0.176714
 9180.000000 25.651321 1.498498 0.189787
 9183.000000 25.717983 1.489056 0.162622
 9186.000000 25.641981 1.512696 0.175300
 9189.000000 25.739271 1.488087 0.169855
 9192.000000 25.694171 1.497419 0.191096
 9195.000000 25.643512 1.506060 0.167292
 9198.000000 25.643924 1.500109 0.171446
 9201.000000 25.518826 1.524966 0.155401
 9204.000000 25.518477 1.524105 0.157904
 9207.000000 25.486378 1.523880 0.141716
 9210.000000 25.489570 1.506768 0.139274
 9213.000000 25.446260 1.495025 0.101932
 9216.000000 25.457624 1.503282 0.116716
 9219.000000 25.472511 1.490469 0.163291
 9222.000000 25.416880 1.474338 0.163152
 9225.000000 25.368049 1.493297 0.180725
 9228.000000 25.414574 1.495288 0.136806
 9231.000000 25.389359 1.510640 0.104434
 9234.000000 25.345614 1.516789 0.150771
 9237.000000 25.373834 1.534545 0.112128
 9240.000000 25.420660 1.555293 0.124474
 9243.000000 25.379475 1.572609 0.171871
 9246.000000 25.428923 1.552918 0.131157
 9249.000000 25.353244 1.560495 0.124228
 9252.000000 25.319638 1.587026 0.189434
 9255.000000 25.453777 1.565516 0.194076
 9258.000000 25.451802 1.556454 0.160680
 9261.000000 25.463589 1.570093 0.172523
 9264.000000 25.457781 1.585508 0.178958
 9267.000000 25.381423 1.595995 0.175273
 9270.000000 25.375338 1.606819 0.175707
 9273.000000 25.229832 1.611786 0.160259
 9276.000000 25.274901 1.631219 0.158327
 9279.000000 25.371221 1.617267 0.123019
 9282.000000 25.395446 1.624876 0.128606
 9285.000000 25.415394 1.614789 0.144039
 9288.000000 25.362159 1.565363 0.087346
 9291.000000 25.376757 1.566461 0.120154
 9294.000000 25.410802 1.558693 0.110157
 9297.000000 25.465891 1.560729 0.116016
 9300.000000 25.515566 1.577793 0.110546
 9303.000000 25.462440 1.560678 0.117046
 9306.000000 25.542375 1.553778 0.135554
 9309.000000 25.596155 1.565430 0.131957
 9312.000000 25.587631 1.558477 0.131645
 9315.000000 25.542360 1.546096 0.133104
 9318.000000 25.609456 1.537518 0.146973
 9321.000000 25.596711 1.549273 0.148840
 9324.000000 25.595418 1.541072 0.148182
 9327.000000 25.481863 1.567547 0.168589
 9330.000000 25.521965 1.548653 0.154453
 9333.000000 25.521035 1.566691 0.169983
 9336.000000 25.470920 1.550659 0.158947
 9339.000000 25.500531 1.534377 0.146081
 9342.000000 25.487487 1.503710 0.122432
 9345.000000 25.481502 1.525013 0.127001
 9348.000000 25.541848 1.515404 0.150382
 9351.000000 25.473899 1.532095 0.116440
 9354.000000 25.502505 1.512708 0.150862
 9357.000000 25.556467 1.537006 0.165719
 9360.000000 25.491475 1.532687 0.146944
 9363.000000 25.496989 1.528994 0.127824
 9366.000000 25.503194 1.548428 0.199937
 9369.000000 25.567261 1.561145 0.179108
 9372.000000 25.567833 1.544155 0.142166
 9375.000000 25.627847 1.548151 0.149048
 9378.000000 25.633895 1.518804 0.142248
 9381.000000 25.670454 1.534913 0.129180
 9384.000000 25.700399 1.540191 0.134495
 9387.000000 25.690924 1.558514 0.137834
 9390.000000 25.629621 1.567702 0.154886
 9393.000000 25.606672 1.527082 0.136643
 9396.000000 25.639708 1.539157 0.160078
 9399.000000 25.599806 1.544168 0.125281
 9402.000000 25.557187 1.531771 0.123447
 9405.000000 25.462534 1.511345 0.128509
 9408.000000 25.534280 1.526938 0.117161
 9411.000000 25.518681 1.535558 0.098811
 9414.000000 25.558274 1.523444 0.110443
 9417.000000 25.506787 1.530134 0.144610
 9420.000000 25.524623 1.525465 0.167123
 9423.000000 25.549759 1.532858 0.190911
 9426.000000 25.490883 1.521411 0.194944
 9429.000000 25.516168 1.525623 0.139432
 9432.000000 25.558783 1.508939 0.142390
 9435.000000 25.583722 1.499580 0.148019
 9438.000000 25.644625 1.497938 0.146529
 9441.000000 25.547752 1.522020 0.167987
 9444.000000 25.597059 1.491880 0.126509
 9447.000000 25.651952 1.504697 0.178949
 9450.000000 25.596295 1.513514 0.161649
 9453.000000 25.570886 1.508718 0.152170
 9456.000000 25.489259 1.521473 0.114812
 9459.000000 25.423564 1.506299 0.128210
 9462.000000 25.439621 1.513973 0.128885
 9465.000000 25.467670 1.516897 0.162466
 9468.000000 25.357366 1.507868 0.132587
 9471.000000 25.391530 1.499538 0.140224
 9474.000000 25.455278 1.507064 0.134161
 9477.000000 25.393191 1.505692 0.143161
 9480.000000 25.312327 1.538135 0.163805
 9483.000000 25.463462 1.529350 0.127103
 9486.000000 25.407438 1.570487 0.190941
 9489.000000 25.464358 1.532635 0.159235
 9492.000000 25.440337 1.532475 0.139013
 9495.000000 25.368122 1.577729 0.158844
 9498.000000 25.391868 1.560853 0.146077
 9501.000000 25.376390 1.584015 0.173973
 9504.000000 25.309894 1.584128 0.201183
 9507.000000 25.296403 1.568194 0.166451
 9510.000000 25.308203 1.598309 0.183914
 9513.000000 25.286205 1.595907 0.161418
 9516.000000 25.286676 1.593974 0.157583
 9519.000000 25.318371 1.597720 0.172719
 9522.000000 25.363694 1.595402 0.195686
 9525.000000 25.368814 1.586542 0.201719
 9528.000000 25.408515 1.609409 0.183777
 9531.000000 25.407950 1.595423 0.184614
 9534.000000 25.446061 1.572916 0.139519
 9537.000000 25.446112 1.586803 0.163218
 9540.000000 25.526867 1.578157 0.165093
 9543.000000 25.559301 1.585465 0.145035
 9546.000000 25.578350 1.585720 0.196489
 9549.000000 25.579584 1.563811 0.131052
 9552.000000 25.515815 1.572224 0.169429
 9555.000000 25.541345 1.566449 0.195961
 9558.000000 25.480992 1.538075 0.182001
 9561.000000 25.527252 1.530967 0.174685
 9564.000000 25.592987 1.537293 0.215320
 9567.000000 25.556788 1.536425 0.182486
 9570.000000 25.451620 1.530378 0.190679
 9573.000000 25.485835 1.543472 0.173059
 9576.000000 25.524530 1.527637 0.165107
 9579.000000 25.522154 1.554566 0.178416
 9582.000000 25.532076 1.539110 0.183521
 9585.000000 25.543649 1.529747 0.177061
 9588.000000 25.506545 1.551045 0.180430
 9591.000000 25.518847 1.571489 0.227247
 9594.000000 25.555470 1.548303 0.197548
 9597.000000 25.476764 1.564253 0.171071
 9600.000000 25.546157 1.575594 0.201550
 9603.000000 25.548398 1.573812 0.225062
 9606.000000 25.523415 1.582884 0.203109
 9609.000000 25.570011 1.595372 0.198709
 9612.000000 25.488116 1.602646 0.208178
 9615.000000 25.506221 1.568607 0.198539
 9618.000000 25.574889 1.575085 0.216991
 9621.000000 25.556716 1.550229 0.208420
 9624.000000 25.513912 1.563853 0.244046
 9627.000000 25.535474 1.584928 0.242060
 9630.000000 25.538076 1.586298 0.234669
 9633.000000 25.647925 1.558301 0.184620
 9636.000000 25.645429 1.574939 0.183225
 9639.000000 25.629694 1.588317 0.151298
 9642.000000 25.634070 1.586776 0.136944
 9645.000000 25.650333 1.574090 0.166596
 9648.000000 25.676889 1.601228 0.173006
 9651.000000 25.716780 1.574347 0.142994
 9654.000000 25.651119 1.593345 0.174911
 9657.000000 25.558790 1.571264 0.165560
 9660.000000 25.556578 1.574581 0.160430
 9663.000000 25.497541 1.562966 0.137892
 9666.000000 25.543839 1.552626 0.137098
 9669.000000 25.504030 1.570875 0.181494
 9672.000000 25.516662 1.574914 0.163428
 9675.000000 25.491274 1.577170 0.171077
 9678.000000 25.559130 1.587507 0.161188
 9681.000000 25.548218 1.601284 0.141019
 9684.000000 25.611891 1.602573 0.133677
 9687.000000 25.709947 1.592059 0.149979
 9690.000000 25.710511 1.587784 0.147457
 9693.000000 25.643753 1.590364 0.156636
 9696.000000 25.632320 1.580526 0.176398
 9699.000000 25.592146 1.603078 0.209754
 9702.000000 25.627746 1.591553 0.238396
 9705.000000 25.564620 1.579803 0.185262
 9708.000000 25.574175 1.549163 0.150198
 9711.000000 25.542175 1.592109 0.185745
 9714.000000 25.523076 1.555504 0.158222
 9717.000000 25.482952 1.565296 0.209847
 9720.000000 25.441750 1.528005 0.139871
 9723.000000 25.482450 1.552000 0.157069
 9726.000000 25.555279 1.547660 0.147468
 9729.000000 25.582774 1.580053 0.159518
 9732.000000 25.579909 1.572110 0.175148
 9735.000000 25.543430 1.551407 0.146464
 9738.000000 25.579750 1.546128 0.156192
 9741.000000 25.534600 1.549391 0.148477
 9744.000000 25.466816 1.546482 0.151834
 9747.000000 25.525434 1.519679 0.138778
 9750.000000 25.499111 1.532398 0.164255
 9753.000000 25.510425 1.513135 0.167064
 9756.000000 25.549741 1.529073 0.147702
 9759.000000 25.530239 1.545183 0.149147
 9762.000000 25.504739 1.522840 0.120385
 9765.000000 25.518257 1.531712 0.183814
 9768.000000 25.620217 1.517379 0.187186
 9771.000000 25.500694 1.533861 0.215383
 9774.000000 25.437492 1.525034 0.177629
 9777.000000 25.442825 1.533278 0.161545
 9780.000000 25.457524 1.506937 0.129409
 9783.000000 25.476885 1.505898 0.157746
 9786.000000 25.439238 1.516712 0.165291
 9789.000000 25.444655 1.519035 0.171799
 9792.000000 25.482857 1.528001 0.166585
 9795.000000 25.418432 1.514310 0.158594
 9798.000000 25.463153 1.530159 0.189373
 9801.000000 25.450338 1.508546 0.169166
 9804.000000 25.463509 1.499239 0.140289
 9807.000000 25.484970 1.474438 0.141695
 9810.000000 25.480467 1.462114 0.091683
 9813.000000 25.472087 1.465105 0.114592
 9816.000000 25.458438 1.433422 0.119775
 9819.000000 25.466639 1.428867 0.140043
 9822.000000 25.426453 1.435576 0.145805
 9825.000000 25.453751 1.418734 0.157848
 9828.000000 25.461123 1.443736 0.145241
 9831.000000 25.502679 1.459501 0.108274
 9834.000000 25.460039 1.436472 0.170158
 9837.000000 25.415172 1.469048 0.103133
 9840.000000 25.415353 1.493415 0.113727
 9843.000000 25.414448 1.523293 0.098652
 9846.000000 25.453126 1.518406 0.128004
 9849.000000 25.481242 1.549999 0.163679
 9852.000000 25.579470 1.548584 0.139982
 9855.000000 25.574632 1.522209 0.152365
 9858.000000 25.535669 1.549766 0.123088
 9861.000000 25.552706 1.527163 0.121823
 9864.000000 25.466554 1.540268 0.130730
 9867.000000 25.518508 1.520971 0.146248
 9870.000000 25.542173 1.575572 0.173859
 9873.000000 25.576066 1.551994 0.192379
 9876.000000 25.594485 1.545101 0.189882
 9879.000000 25.647891 1.520407 0.214180
 9882.000000 25.563917 1.526777 0.193399
 9885.000000 25.693669 1.536645 0.166092
 9888.000000 25.614232 1.538108 0.156125
 9891.000000 25.616253 1.535444 0.115806
 9894.000000 25.625606 1.530897 0.129332
 9897.000000 25.525838 1.559152 0.169463
 9900.000000 25.495622 1.566145 0.169108
 9903.000000 25.491191 1.518394 0.122714
 9906.000000 25.505290 1.524382 0.153787
 9909.000000 25.462844 1.521986 0.176919
 9912.000000 25.429809 1.533296 0.162502
 9915.000000 25.376262 1.527349 0.162341
 9918.000000 25.502300 1.521850 0.127994
 9921.000000 25.496723 1.512177 0.148203
 9924.000000 25.501879 1.505049 0.127066
 9927.000000 25.441963 1.508461 0.149957
 9930.000000 25.528996 1.529916 0.133275
 9933.000000 25.500557 1.523543 0.176517
 9936.000000 25.425711 1.499098 0.149813
 9939.000000 25.565068 1.536836 0.200774
 9942.000000 25.502319 1.529826 0.187883
 9945.000000 25.459908 1.538381 0.183257
 9948.000000 25.364089 1.515580 0.174117
 9951.000000 25.429150 1.563845 0.198373
 9954.000000 25.469395 1.543116 0.173105
 9957.000000 25.439308 1.536201 0.144241
 9960.000000 25.438184 1.529341 0.163427
 9963.000000 25.422825 1.528449 0.168525
 9966.000000 25.400365 1.535636 0.171432
 9969.000000 25.378519 1.533582 0.156937
 9972.000000 25.414756 1.555807 0.177309
 9975.000000 25.439964 1.548520 0.157614
 9978.000000 25.432823 1.526748 0.116471
 9981.000000 25.393586 1.564877 0.172049
 9984.000000 25.386825 1.563650 0.167498
 9987.000000 25.369919 1.536256 0.170193
 9990.000000 25.384523 1.554628 0.160517
 9993.000000 25.409722 1.564548 0.155341
 9996.000000 25.310312 1.534640 0.157945
 9999.000000 25.410481 1.531522 0.173201
 10002.000000 25.448232 1.522074 0.154752
 10005.000000 25.523820 1.526471 0.190004
 10008.000000 25.515135 1.513359 0.152637
 10011.000000 25.501652 1.540176 0.147666
 10014.000000 25.461455 1.509965 0.148773
 10017.000000 25.388835 1.538242 0.182498
 10020.000000 25.421064 1.514936 0.155657
 10023.000000 25.506947 1.537290 0.161490
 10026.000000 25.427298 1.551018 0.172490
 10029.000000 25.473687 1.549497 0.137001
 10032.000000 25.362062 1.544135 0.116768
 10035.000000 25.301336 1.492168 0.170820
 10038.000000 25.288185 1.517875 0.144931
 10041.000000 25.378618 1.497639 0.214240
 10044.000000 25.347075 1.513899 0.178978
 10047.000000 25.289642 1.513740 0.177357
 10050.000000 25.235621 1.527951 0.178058
 10053.000000 25.212231 1.525542 0.148576
 10056.000000 25.330493 1.521690 0.177264
 10059.000000 25.262990 1.499236 0.172927
 10062.000000 25.301291 1.493972 0.160397
 10065.000000 25.314493 1.512897 0.138659
 10068.000000 25.332690 1.494083 0.119056
 10071.000000 25.359425 1.525747 0.150977
 10074.000000 25.392486 1.509799 0.161123
 10077.000000 25.406138 1.542790 0.187390
 10080.000000 25.355832 1.555235 0.184641
 10083.000000 25.337606 1.559341 0.195890
 10086.000000 25.382473 1.557731 0.178007
 10089.000000 25.321550 1.583326 0.135941
 10092.000000 25.390260 1.560327 0.165055
 10095.000000 25.458273 1.541900 0.195836
 10098.000000 25.397902 1.547330 0.191645
 10101.000000 25.418371 1.543792 0.167478
 10104.000000 25.439487 1.536017 0.166717
 10107.000000 25.433086 1.543394 0.133594
 10110.000000 25.422924 1.569905 0.153348
 10113.000000 25.462454 1.585400 0.115480
 10116.000000 25.377564 1.582831 0.123860
 10119.000000 25.371976 1.600858 0.097646
 10122.000000 25.429458 1.594455 0.149147
 10125.000000 25.414157 1.601114 0.179914
 10128.000000 25.439322 1.616080 0.161992
 10131.000000 25.417040 1.586950 0.169160
 10134.000000 25.435621 1.576956 0.158694
 10137.000000 25.450547 1.576453 0.175091
 10140.000000 25.473027 1.563088 0.150714
 10143.000000 25.509383 1.525003 0.166782
 10146.000000 25.532122 1.504011 0.159665
 10149.000000 25.496204 1.519749 0.146882
 10152.000000 25.473012 1.521104 0.193223
 10155.000000 25.400450 1.544765 0.178519
 10158.000000 25.272286 1.538791 0.175365
 10161.000000 25.349001 1.547136 0.159482
 10164.000000 25.286836 1.567224 0.161528
 10167.000000 25.360371 1.568467 0.191535
 10170.000000 25.372913 1.546054 0.170196
 10173.000000 25.426396 1.567665 0.190008
 10176.000000 25.377293 1.569938 0.124420
 10179.000000 25.499646 1.574812 0.150789
 10182.000000 25.533985 1.582516 0.134563
 10185.000000 25.479634 1.567540 0.143309
 10188.000000 25.449792 1.572195 0.146053
 10191.000000 25.472620 1.596280 0.169728
 10194.000000 25.464978 1.568472 0.147662
 10197.000000 25.398698 1.602833 0.181902
 10200.000000 25.382751 1.581867 0.141144
 10203.000000 25.450703 1.602177 0.110548
 10206.000000 25.452284 1.565074 0.137669
 10209.000000 25.459540 1.592819 0.134882
 10212.000000 25.491442 1.574216 0.149925
 10215.000000 25.420213 1.598908 0.172861
 10218.000000 25.427735 1.602697 0.158797
 10221.000000 25.436294 1.600464 0.138365
 10224.000000 25.452305 1.596755 0.143320
 10227.000000 25.419002 1.606158 0.156669
 10230.000000 25.433709 1.605171 0.137900
 10233.000000 25.496215 1.630020 0.107078
 10236.000000 25.461301 1.652643 0.119018
 10239.000000 25.435334 1.632488 0.152679
 10242.000000 25.432467 1.636739 0.145204
 10245.000000 25.451388 1.598115 0.119299
 10248.000000 25.431753 1.590700 0.120301
 10251.000000 25.360829 1.592163 0.136455
 10254.000000 25.371201 1.599812 0.121251
 10257.000000 25.454952 1.609638 0.107164
 10260.000000 25.478514 1.575238 0.125026
 10263.000000 25.347092 1.574178 0.102074
 10266.000000 25.373182 1.565853 0.099062
 10269.000000 25.330598 1.544699 0.103971
 10272.000000 25.388994 1.539165 0.108219
 10275.000000 25.424499 1.542459 0.093139
 10278.000000 25.440016 1.532920 0.102645
 10281.000000 25.412483 1.532003 0.101679
 10284.000000 25.563555 1.541033 0.118843
 10287.000000 25.563943 1.551013 0.122668
 10290.000000 25.576744 1.543668 0.129253
 10293.000000 25.608620 1.551443 0.119510
 10296.000000 25.536525 1.555013 0.101997
 10299.000000 25.528574 1.563232 0.103958
 10302.000000 25.512834 1.550371 0.111757
 10305.000000 25.542508 1.514701 0.143057
 10308.000000 25.488563 1.504064 0.141037
 10311.000000 25.550972 1.530890 0.109442
 10314.000000 25.470965 1.532237 0.135033
 10317.000000 25.506485 1.515131 0.127649
 10320.000000 25.528943 1.519134 0.119561
 10323.000000 25.520564 1.541827 0.119213
 10326.000000 25.513977 1.553850 0.123474
 10329.000000 25.516226 1.527058 0.138657
 10332.000000 25.516250 1.536568 0.105308
 10335.000000 25.439844 1.547279 0.128286
 10338.000000 25.421924 1.552469 0.109247
 10341.000000 25.365537 1.574887 0.081948
 10344.000000 25.425327 1.557869 0.104505
 10347.000000 25.438685 1.558201 0.115481
 10350.000000 25.386431 1.521142 0.133869
 10353.000000 25.391945 1.568882 0.127541
 10356.000000 25.354736 1.564761 0.111493
 10359.000000 25.301234 1.576366 0.095107
 10362.000000 25.333223 1.571794 0.092841
 10365.000000 25.329826 1.583118 0.099452
 10368.000000 25.394531 1.566216 0.109381
 10371.000000 25.435168 1.545092 0.108878
 10374.000000 25.475720 1.590912 0.097768
 10377.000000 25.487246 1.571593 0.102100
 10380.000000 25.492780 1.584302 0.091166
 10383.000000 25.456280 1.574669 0.099129
 10386.000000 25.537319 1.591800 0.124033
 10389.000000 25.459947 1.581619 0.136098
 10392.000000 25.462916 1.565722 0.166036
 10395.000000 25.437166 1.568466 0.151722
 10398.000000 25.390671 1.571267 0.157028
 10401.000000 25.472134 1.562509 0.144459
 10404.000000 25.445985 1.568883 0.155939
 10407.000000 25.448294 1.550271 0.128568
 10410.000000 25.397898 1.544587 0.141842
 10413.000000 25.425737 1.537056 0.133742
 10416.000000 25.376196 1.566994 0.140974
 10419.000000 25.409701 1.580243 0.130711
 10422.000000 25.396743 1.587633 0.136246
 10425.000000 25.383598 1.596979 0.181773
 10428.000000 25.446462 1.568531 0.131376
 10431.000000 25.471833 1.563690 0.143578
 10434.000000 25.390131 1.573413 0.148747
 10437.000000 25.413764 1.569606 0.151177
 10440.000000 25.348805 1.572188 0.127874
 10443.000000 25.426746 1.552194 0.153108
 10446.000000 25.435177 1.545641 0.152313
 10449.000000 25.423725 1.595027 0.207250
 10452.000000 25.454801 1.592797 0.193262
 10455.000000 25.470773 1.585435 0.187742
 10458.000000 25.471592 1.593483 0.163398
 10461.000000 25.520796 1.589010 0.136277
 10464.000000 25.524431 1.539340 0.111756
 10467.000000 25.439989 1.580958 0.100870
 10470.000000 25.512156 1.568275 0.095695
 10473.000000 25.479632 1.559482 0.099056
 10476.000000 25.519689 1.561590 0.099347
 10479.000000 25.498381 1.561905 0.107916
 10482.000000 25.438157 1.557648 0.107867
 10485.000000 25.432992 1.524887 0.105963
 10488.000000 25.444563 1.542111 0.114776
 10491.000000 25.401202 1.563927 0.113722
 10494.000000 25.424886 1.578913 0.126730
 10497.000000 25.437813 1.570290 0.145147
 10500.000000 25.406670 1.541494 0.121066
 10503.000000 25.416354 1.561985 0.141428
 10506.000000 25.454009 1.550083 0.114010
 10509.000000 25.406075 1.523013 0.130412
 10512.000000 25.458095 1.524946 0.131129
 10515.000000 25.455748 1.526784 0.148463
 10518.000000 25.472030 1.507405 0.159490
 10521.000000 25.418444 1.541166 0.154740
 10524.000000 25.405694 1.503606 0.123427
 10527.000000 25.363378 1.523837 0.132087
 10530.000000 25.417917 1.533335 0.079643
 10533.000000 25.451416 1.526989 0.089984
 10536.000000 25.443855 1.534446 0.115155
 10539.000000 25.428607 1.546151 0.097291
 10542.000000 25.464768 1.523679 0.091396
 10545.000000 25.440895 1.527693 0.101674
 10548.000000 25.487084 1.547844 0.111980
 10551.000000 25.369382 1.506502 0.132230
 10554.000000 25.341946 1.496725 0.123920
 10557.000000 25.436929 1.513293 0.141194
 10560.000000 25.420091 1.524525 0.143369
 10563.000000 25.396132 1.516028 0.133871
 10566.000000 25.411974 1.521490 0.113961
 10569.000000 25.474057 1.501048 0.099973
 10572.000000 25.453226 1.521160 0.116207
 10575.000000 25.564257 1.550224 0.117398
 10578.000000 25.565492 1.559560 0.104486
 10581.000000 25.535530 1.537295 0.064245
 10584.000000 25.652897 1.520494 0.068631
 10587.000000 25.590653 1.472054 0.102766
 10590.000000 25.646389 1.501619 0.070494
 10593.000000 25.626239 1.498823 0.074954
 10596.000000 25.610548 1.498795 0.056509
 10599.000000 25.585320 1.502573 0.035932
 10602.000000 25.543579 1.501765 0.071140
 10605.000000 25.570063 1.511121 0.110909
 10608.000000 25.555737 1.528292 0.110779
 10611.000000 25.515564 1.534555 0.094434
 10614.000000 25.613587 1.538707 0.149719
 10617.000000 25.492254 1.547707 0.079336
 10620.000000 25.555274 1.565211 0.086398
 10623.000000 25.553836 1.570745 0.094052
 10626.000000 25.532856 1.568158 0.071989
 10629.000000 25.548682 1.548185 0.092209
 10632.000000 25.705167 1.546884 0.091358
 10635.000000 25.688538 1.553530 0.083701
 10638.000000 25.621495 1.590607 0.070462
 10641.000000 25.599685 1.565533 0.070649
 10644.000000 25.571678 1.591244 0.109858
 10647.000000 25.518389 1.588415 0.093601
 10650.000000 25.508531 1.576810 0.088797
 10653.000000 25.543124 1.590088 0.081761
 10656.000000 25.592075 1.615224 0.116094
 10659.000000 25.510057 1.613313 0.091212
 10662.000000 25.478529 1.611275 0.087054
 10665.000000 25.450073 1.615674 0.075828
 10668.000000 25.512400 1.604711 0.089573
 10671.000000 25.471517 1.610804 0.101681
 10674.000000 25.486020 1.611139 0.100943
 10677.000000 25.533809 1.638513 0.147263
 10680.000000 25.490814 1.606191 0.118710
 10683.000000 25.535810 1.597881 0.103481
 10686.000000 25.532913 1.570640 0.129014
 10689.000000 25.534451 1.568291 0.121484
 10692.000000 25.561906 1.562207 0.124923
 10695.000000 25.588298 1.566201 0.106761
 10698.000000 25.559831 1.596506 0.124142
 10701.000000 25.651694 1.589144 0.136431
 10704.000000 25.568585 1.586740 0.123599
 10707.000000 25.599499 1.556666 0.125524
 10710.000000 25.641262 1.552659 0.153549
 10713.000000 25.601743 1.546810 0.120224
 10716.000000 25.697495 1.552663 0.118739
 10719.000000 25.645630 1.534631 0.138342
 10722.000000 25.560853 1.549803 0.127122
 10725.000000 25.548732 1.560937 0.120106
 10728.000000 25.596191 1.552857 0.137298
 10731.000000 25.586437 1.572797 0.163631
 10734.000000 25.496858 1.567638 0.129924
 10737.000000 25.429033 1.549980 0.119917
 10740.000000 25.387916 1.583477 0.159932
 10743.000000 25.407913 1.608834 0.194721
 10746.000000 25.457757 1.585197 0.145716
 10749.000000 25.436761 1.610029 0.135089
 10752.000000 25.332834 1.613432 0.141504
 10755.000000 25.366060 1.597320 0.113723
 10758.000000 25.460243 1.623176 0.112994
 10761.000000 25.461465 1.621171 0.117473
 10764.000000 25.496416 1.624281 0.126939
 10767.000000 25.452595 1.618629 0.117308
 10770.000000 25.407806 1.663511 0.179656
 10773.000000 25.393772 1.651857 0.152047
 10776.000000 25.429304 1.646188 0.141101
 10779.000000 25.460642 1.647752 0.146784
 10782.000000 25.509456 1.634589 0.155579
 10785.000000 25.560693 1.615109 0.127083
 10788.000000 25.451927 1.627585 0.182963
 10791.000000 25.526149 1.625798 0.129577
 10794.000000 25.511594 1.628373 0.125201
 10797.000000 25.468502 1.641082 0.148507
 10800.000000 25.480167 1.598836 0.097336
 10803.000000 25.464746 1.614433 0.150695
 10806.000000 25.483898 1.606674 0.179448
 10809.000000 25.499310 1.583256 0.152653
 10812.000000 25.511299 1.595337 0.153868
 10815.000000 25.487485 1.582384 0.142033
 10818.000000 25.536664 1.560299 0.122607
 10821.000000 25.609109 1.559978 0.140732
 10824.000000 25.543832 1.572818 0.151448
 10827.000000 25.519158 1.571763 0.146223
 10830.000000 25.504649 1.567755 0.152559
 10833.000000 25.584099 1.561388 0.150141
 10836.000000 25.660614 1.531428 0.155377
 10839.000000 25.641071 1.550223 0.142279
 10842.000000 25.542344 1.557739 0.152620
 10845.000000 25.571484 1.545528 0.119132
 10848.000000 25.514553 1.566382 0.116066
 10851.000000 25.507829 1.539795 0.110708
 10854.000000 25.464605 1.543960 0.116354
 10857.000000 25.562022 1.555167 0.084047
 10860.000000 25.625377 1.574483 0.110974
 10863.000000 25.563987 1.595012 0.118574
 10866.000000 25.647473 1.583780 0.112322
 10869.000000 25.567352 1.568168 0.087217
 10872.000000 25.504136 1.577277 0.120917
 10875.000000 25.489881 1.583102 0.142028
 10878.000000 25.537753 1.600443 0.120576
 10881.000000 25.532197 1.586909 0.128711
 10884.000000 25.600952 1.609445 0.129305
 10887.000000 25.594280 1.613086 0.139754
 10890.000000 25.534737 1.594979 0.120648
 10893.000000 25.530765 1.623025 0.137533
 10896.000000 25.512022 1.599585 0.121848
 10899.000000 25.492858 1.608735 0.120992
 10902.000000 25.562513 1.575233 0.112835
 10905.000000 25.532065 1.573267 0.082955
 10908.000000 25.517224 1.568326 0.116518
 10911.000000 25.479428 1.581109 0.089917
 10914.000000 25.470956 1.565914 0.055309
 10917.000000 25.397439 1.573738 0.050684
 10920.000000 25.445431 1.598866 0.073011
 10923.000000 25.472126 1.610427 0.095279
 10926.000000 25.455560 1.584195 0.097801
 10929.000000 25.405620 1.566610 0.092475
 10932.000000 25.422017 1.574078 0.078526
 10935.000000 25.401048 1.590293 0.078992
 10938.000000 25.388270 1.569550 0.051332
 10941.000000 25.301344 1.559072 0.051783
 10944.000000 25.281252 1.557002 0.065786
 10947.000000 25.403284 1.552521 0.090720
 10950.000000 25.334803 1.559922 0.062718
 10953.000000 25.351811 1.546362 0.088234
 10956.000000 25.419294 1.565793 0.086805
 10959.000000 25.410413 1.590909 0.093245
 10962.000000 25.470844 1.613645 0.119402
 10965.000000 25.356032 1.564692 0.050652
 10968.000000 25.431843 1.589865 0.140463
 10971.000000 25.392479 1.588387 0.145777
 10974.000000 25.294461 1.591998 0.142860
 10977.000000 25.373236 1.564366 0.148674
 10980.000000 25.336601 1.591020 0.149425
 10983.000000 25.317223 1.576368 0.132490
 10986.000000 25.349335 1.580101 0.158669
 10989.000000 25.370060 1.594782 0.154387
 10992.000000 25.403371 1.610453 0.145646
 10995.000000 25.304119 1.610502 0.137879
 10998.000000 25.280716 1.587067 0.198045
 11001.000000 25.328441 1.593811 0.182999
 11004.000000 25.308137 1.555534 0.157692
 11007.000000 25.321889 1.595217 0.141290
 11010.000000 25.378798 1.607414 0.124060
 11013.000000 25.299111 1.625524 0.132602
 11016.000000 25.358566 1.616387 0.152718
 11019.000000 25.319467 1.602310 0.136141
 11022.000000 25.345523 1.592912 0.121738
 11025.000000 25.314984 1.596971 0.128737
 11028.000000 25.320010 1.582332 0.097926
 11031.000000 25.346795 1.582005 0.093477
 11034.000000 25.306680 1.603182 0.096798
 11037.000000 25.318688 1.623272 0.118078
 11040.000000 25.328369 1.613377 0.100902
 11043.000000 25.383358 1.620969 0.108644
 11046.000000 25.366202 1.625526 0.133521
 11049.000000 25.434517 1.613908 0.100501
 11052.000000 25.468281 1.612460 0.114428
 11055.000000 25.506304 1.631453 0.136555
 11058.000000 25.493625 1.617634 0.124597
 11061.000000 25.444418 1.624922 0.153671
 11064.000000 25.460607 1.609409 0.106777
 11067.000000 25.475883 1.609106 0.113199
 11070.000000 25.422558 1.597861 0.125499
 11073.000000 25.468042 1.589289 0.106873
 11076.000000 25.515017 1.593073 0.102463
 11079.000000 25.487162 1.589702 0.082464
 11082.000000 25.487752 1.589853 0.107424
 11085.000000 25.492908 1.623599 0.133956
 11088.000000 25.504667 1.594129 0.095445
 11091.000000 25.513881 1.586882 0.090084
 11094.000000 25.524089 1.595994 0.105783
 11097.000000 25.463318 1.615535 0.099550
 11100.000000 25.470301 1.626010 0.103985
 11103.000000 25.422191 1.625852 0.174378
 11106.000000 25.393701 1.616349 0.193096
 11109.000000 25.383749 1.625784 0.184858
 11112.000000 25.319784 1.613709 0.145739
 11115.000000 25.358692 1.571466 0.138618
 11118.000000 25.337649 1.586147 0.174881
 11121.000000 25.296229 1.553743 0.138572
 11124.000000 25.291570 1.585580 0.169513
 11127.000000 25.377160 1.586570 0.145779
 11130.000000 25.374034 1.592019 0.188046
 11133.000000 25.408932 1.575482 0.142838
 11136.000000 25.329469 1.615637 0.147950
 11139.000000 25.295680 1.599610 0.130068
 11142.000000 25.368899 1.599048 0.128697
 11145.000000 25.356645 1.581651 0.138276
 11148.000000 25.350046 1.574490 0.114313
 11151.000000 25.299678 1.580491 0.121129
 11154.000000 25.275894 1.578657 0.138213
 11157.000000 25.432895 1.590333 0.156808
 11160.000000 25.445515 1.566145 0.131625
 11163.000000 25.390335 1.557497 0.118153
 11166.000000 25.434294 1.555494 0.131300
 11169.000000 25.459123 1.558653 0.081392
 11172.000000 25.400093 1.563985 0.072826
 11175.000000 25.538565 1.534709 0.028090
 11178.000000 25.502195 1.539913 0.061605
 11181.000000 25.467525 1.562644 0.075004
 11184.000000 25.466189 1.536442 0.068499
 11187.000000 25.476695 1.534732 0.034114
 11190.000000 25.488164 1.538816 0.092981
 11193.000000 25.474877 1.551255 0.099255
 11196.000000 25.524822 1.550438 0.056184
 11199.000000 25.452241 1.532157 0.070125
 11202.000000 25.468899 1.589002 0.122785
 11205.000000 25.501337 1.594522 0.109115
 11208.000000 25.464853 1.570839 0.118834
 11211.000000 25.430244 1.579117 0.107827
 11214.000000 25.438635 1.586231 0.121251
 11217.000000 25.514975 1.555626 0.128812
 11220.000000 25.486445 1.594279 0.158109
 11223.000000 25.524970 1.606781 0.174935
 11226.000000 25.478943 1.598415 0.167168
 11229.000000 25.404250 1.604863 0.175666
 11232.000000 25.462575 1.635212 0.170970
 11235.000000 25.492937 1.611815 0.139403
 11238.000000 25.393736 1.612162 0.125684
 11241.000000 25.326590 1.624081 0.174119
 11244.000000 25.381949 1.623498 0.165162
 11247.000000 25.432560 1.611682 0.164133
 11250.000000 25.392735 1.586395 0.146843
 11253.000000 25.423165 1.566577 0.106896
 11256.000000 25.476411 1.603564 0.134123
 11259.000000 25.458200 1.627895 0.134270
 11262.000000 25.460078 1.589698 0.095046
 11265.000000 25.365911 1.607717 0.130007
 11268.000000 25.439732 1.611504 0.123655
 11271.000000 25.434315 1.602813 0.116323
 11274.000000 25.364815 1.582386 0.059529
 11277.000000 25.374044 1.592421 0.059014
 11280.000000 25.300720 1.592270 0.092044
 11283.000000 25.310339 1.573169 0.091224
 11286.000000 25.355963 1.585527 0.110880
 11289.000000 25.360530 1.577065 0.094668
 11292.000000 25.376786 1.585774 0.088454
 11295.000000 25.439433 1.558639 0.085061
 11298.000000 25.423494 1.545147 0.118328
 11301.000000 25.432671 1.539575 0.119551
 11304.000000 25.466238 1.550656 0.121755
 11307.000000 25.463482 1.544588 0.116906
 11310.000000 25.453977 1.542204 0.096462
 11313.000000 25.452769 1.560434 0.123126
 11316.000000 25.456458 1.530855 0.111973
 11319.000000 25.474589 1.560369 0.111251
 11322.000000 25.430977 1.557848 0.116270
 11325.000000 25.451718 1.533730 0.094219
 11328.000000 25.491028 1.528463 0.102008
 11331.000000 25.499125 1.517074 0.111606
 11334.000000 25.421399 1.507533 0.100326
 11337.000000 25.492740 1.551420 0.131891
 11340.000000 25.478008 1.548631 0.112997
 11343.000000 25.438919 1.541902 0.109468
 11346.000000 25.459866 1.562882 0.111648
 11349.000000 25.487357 1.586098 0.156548
 11352.000000 25.474225 1.569209 0.121606
 11355.000000 25.468014 1.595288 0.149633
 11358.000000 25.450520 1.602525 0.135080
 11361.000000 25.451867 1.598358 0.157381
 11364.000000 25.478816 1.603530 0.124475
 11367.000000 25.461061 1.594602 0.096705
 11370.000000 25.458285 1.590293 0.139013
 11373.000000 25.487451 1.584789 0.133167
 11376.000000 25.344710 1.571458 0.149415
 11379.000000 25.416549 1.594241 0.166697
 11382.000000 25.345520 1.573159 0.105447
 11385.000000 25.356608 1.625545 0.107374
 11388.000000 25.381584 1.601231 0.124233
 11391.000000 25.435953 1.604473 0.142120
 11394.000000 25.437168 1.584853 0.110330
 11397.000000 25.387214 1.565731 0.095667
 11400.000000 25.407502 1.583132 0.122420
 11403.000000 25.408895 1.529581 0.121866
 11406.000000 25.423599 1.555158 0.129886
 11409.000000 25.395029 1.554699 0.137623
 11412.000000 25.432575 1.561502 0.142273
 11415.000000 25.381716 1.551151 0.126071
 11418.000000 25.343203 1.548129 0.128281
 11421.000000 25.350348 1.540885 0.114208
 11424.000000 25.324817 1.542023 0.152649
 11427.000000 25.246891 1.545914 0.138936
 11430.000000 25.264576 1.540520 0.166614
 11433.000000 25.318742 1.533432 0.123636
 11436.000000 25.285844 1.535865 0.120003
 11439.000000 25.308350 1.530466 0.092274
 11442.000000 25.335864 1.494492 0.098368
 11445.000000 25.342561 1.518999 0.113320
 11448.000000 25.236870 1.542821 0.139059
 11451.000000 25.290128 1.504129 0.174433
 11454.000000 25.346310 1.492498 0.125900
 11457.000000 25.334511 1.474122 0.175806
 11460.000000 25.333583 1.498696 0.190434
 11463.000000 25.427566 1.491140 0.174509
 11466.000000 25.389812 1.505449 0.175299
 11469.000000 25.459348 1.481308 0.124817
 11472.000000 25.488524 1.491484 0.136028
 11475.000000 25.472273 1.488796 0.154863
 11478.000000 25.465000 1.512848 0.149648
 11481.000000 25.350048 1.516866 0.123238
 11484.000000 25.363605 1.496747 0.101717
 11487.000000 25.350614 1.516707 0.164835
 11490.000000 25.314708 1.493198 0.150077
 11493.000000 25.350960 1.496040 0.144669
 11496.000000 25.341802 1.515633 0.135049
 11499.000000 25.338564 1.478991 0.135450
 11502.000000 25.435713 1.506959 0.141221
 11505.000000 25.451319 1.473192 0.131376
 11508.000000 25.387032 1.503664 0.142757
 11511.000000 25.423455 1.506283 0.165043
 11514.000000 25.445078 1.482486 0.136550
 11517.000000 25.511004 1.493145 0.174649
 11520.000000 25.443392 1.513560 0.182614
 11523.000000 25.418127 1.502978 0.179278
 11526.000000 25.407188 1.483066 0.187093
 11529.000000 25.437756 1.491986 0.166815
 11532.000000 25.450742 1.475621 0.165966
 11535.000000 25.479832 1.493011 0.139913
 11538.000000 25.423690 1.487716 0.101299
 11541.000000 25.413793 1.488435 0.111350
 11544.000000 25.385175 1.485892 0.123652
 11547.000000 25.312705 1.483675 0.116850
 11550.000000 25.322041 1.499118 0.102236
 11553.000000 25.328778 1.519376 0.103294
 11556.000000 25.428182 1.526739 0.122729
 11559.000000 25.396726 1.525506 0.136475
 11562.000000 25.371272 1.504989 0.100654
 11565.000000 25.276943 1.529476 0.088627
 11568.000000 25.294294 1.524835 0.062023
 11571.000000 25.330206 1.509696 0.038844
 11574.000000 25.352477 1.513162 0.059167
 11577.000000 25.421948 1.526782 0.077521
 11580.000000 25.408447 1.524486 0.074928
 11583.000000 25.411388 1.530526 0.086158
 11586.000000 25.452294 1.495521 0.064731
 11589.000000 25.452896 1.532190 0.117072
 11592.000000 25.376034 1.503064 0.092145
 11595.000000 25.361769 1.538856 0.110028
 11598.000000 25.357122 1.555613 0.092459
 11601.000000 25.289303 1.540136 0.119166
 11604.000000 25.376238 1.540320 0.113472
 11607.000000 25.364567 1.534846 0.127502
 11610.000000 25.373770 1.531131 0.127887
 11613.000000 25.377271 1.530722 0.133058
 11616.000000 25.383027 1.549149 0.141349
 11619.000000 25.391220 1.541537 0.135085
 11622.000000 25.323891 1.534363 0.136266
 11625.000000 25.365319 1.528618 0.133639
 11628.000000 25.366229 1.550572 0.134443
 11631.000000 25.232514 1.558908 0.181369
 11634.000000 25.247082 1.575265 0.159664
 11637.000000 25.268458 1.554068 0.132011
 11640.000000 25.321518 1.563914 0.151631
 11643.000000 25.331834 1.543328 0.157289
 11646.000000 25.370310 1.539709 0.176386
 11649.000000 25.376483 1.528480 0.186996
 11652.000000 25.302517 1.522842 0.180805
 11655.000000 25.359864 1.509184 0.176096
 11658.000000 25.381123 1.512390 0.181810
 11661.000000 25.372562 1.504201 0.170226
 11664.000000 25.387903 1.516845 0.193371
 11667.000000 25.326892 1.526422 0.205985
 11670.000000 25.382920 1.521152 0.157970
 11673.000000 25.389725 1.535986 0.124685
 11676.000000 25.374017 1.541645 0.143706
 11679.000000 25.396426 1.538527 0.151331
 11682.000000 25.402333 1.524513 0.152550
 11685.000000 25.377260 1.529732 0.113806
 11688.000000 25.416513 1.528254 0.126635
 11691.000000 25.451467 1.542480 0.150970
 11694.000000 25.442010 1.531750 0.132285
 11697.000000 25.408495 1.512417 0.174983
 11700.000000 25.440168 1.508262 0.189663
 11703.000000 25.434697 1.515371 0.182628
 11706.000000 25.380234 1.521363 0.172582
 11709.000000 25.392986 1.513133 0.165579
 11712.000000 25.436513 1.521491 0.172868
 11715.000000 25.428104 1.555719 0.190364
 11718.000000 25.420966 1.533148 0.190156
 11721.000000 25.457213 1.514406 0.174019
 11724.000000 25.465978 1.508829 0.199371
 11727.000000 25.461130 1.506533 0.211004
 11730.000000 25.431405 1.487296 0.192680
 11733.000000 25.404935 1.513341 0.163424
 11736.000000 25.451070 1.518844 0.189475
 11739.000000 25.423908 1.515617 0.148026
 11742.000000 25.391970 1.528731 0.167328
 11745.000000 25.472751 1.524367 0.190603
 11748.000000 25.443382 1.532265 0.177209
 11751.000000 25.490007 1.539800 0.196395
 11754.000000 25.392133 1.546280 0.178964
 11757.000000 25.413296 1.550066 0.200895
 11760.000000 25.491435 1.546004 0.163912
 11763.000000 25.462769 1.556013 0.196760
 11766.000000 25.442319 1.554635 0.158608
 11769.000000 25.475003 1.555598 0.149864
 11772.000000 25.430700 1.557798 0.144433
 11775.000000 25.402952 1.575942 0.112912
 11778.000000 25.447066 1.562592 0.149564
 11781.000000 25.450891 1.549066 0.112209
 11784.000000 25.444145 1.552256 0.118443
 11787.000000 25.421743 1.509182 0.103698
 11790.000000 25.366826 1.528589 0.116384
 11793.000000 25.429097 1.517489 0.114392
 11796.000000 25.488171 1.487021 0.094977
 11799.000000 25.462353 1.507153 0.138693
 11802.000000 25.463966 1.513824 0.137023
 11805.000000 25.365058 1.528396 0.115523
 11808.000000 25.420505 1.521230 0.082623
 11811.000000 25.486382 1.516654 0.142293
 11814.000000 25.354406 1.526332 0.140340
 11817.000000 25.352942 1.529311 0.130704
 11820.000000 25.375962 1.523722 0.112668
 11823.000000 25.389319 1.539558 0.109373
 11826.000000 25.344447 1.530520 0.090178
 11829.000000 25.335783 1.539175 0.138408
 11832.000000 25.381291 1.533231 0.114787
 11835.000000 25.356349 1.514483 0.131380
 11838.000000 25.366469 1.522517 0.078381
 11841.000000 25.282583 1.524909 0.101034
 11844.000000 25.341683 1.517080 0.097759
 11847.000000 25.308909 1.513819 0.089983
 11850.000000 25.474037 1.515273 0.112167
 11853.000000 25.479652 1.522392 0.129957
 11856.000000 25.485539 1.525900 0.127795
 11859.000000 25.508763 1.527965 0.117823
 11862.000000 25.475118 1.489759 0.105716
 11865.000000 25.452753 1.525416 0.135444
 11868.000000 25.523852 1.527776 0.131970
 11871.000000 25.466724 1.510310 0.136359
 11874.000000 25.511834 1.534832 0.164229
 11877.000000 25.484094 1.541562 0.159185
 11880.000000 25.453591 1.545380 0.117539
 11883.000000 25.497085 1.545083 0.116367
 11886.000000 25.400379 1.537454 0.152084
 11889.000000 25.400312 1.533901 0.115660
 11892.000000 25.465053 1.532167 0.136969
 11895.000000 25.424899 1.573678 0.153396
 11898.000000 25.471375 1.577253 0.171966
 11901.000000 25.411739 1.569199 0.155212
 11904.000000 25.558279 1.589630 0.151352
 11907.000000 25.471640 1.593590 0.156604
 11910.000000 25.501667 1.593511 0.128564
 11913.000000 25.523923 1.600780 0.147129
 11916.000000 25.472208 1.601504 0.154397
 11919.000000 25.450486 1.610273 0.166237
 11922.000000 25.507744 1.611856 0.118362
 11925.000000 25.497569 1.575146 0.160953
 11928.000000 25.426282 1.560047 0.149615
 11931.000000 25.539690 1.569644 0.187673
 11934.000000 25.503877 1.567239 0.173723
 11937.000000 25.496647 1.541827 0.203848
 11940.000000 25.459062 1.579004 0.180018
 11943.000000 25.461091 1.555502 0.176355
 11946.000000 25.366339 1.553898 0.152126
 11949.000000 25.343922 1.537886 0.122212
 11952.000000 25.376806 1.538186 0.130724
 11955.000000 25.323133 1.551348 0.179818
 11958.000000 25.429490 1.551564 0.176932
 11961.000000 25.468369 1.540688 0.183613
 11964.000000 25.362796 1.570368 0.153998
 11967.000000 25.439827 1.553694 0.160004
 11970.000000 25.350380 1.544745 0.157742
 11973.000000 25.446281 1.514017 0.203180
 11976.000000 25.470117 1.528993 0.200432
 11979.000000 25.473120 1.538371 0.171157
 11982.000000 25.507223 1.537333 0.169757
 11985.000000 25.501127 1.543210 0.181589
 11988.000000 25.494885 1.543264 0.179365
 11991.000000 25.482718 1.562297 0.179947
 11994.000000 25.452327 1.560822 0.159619
 11997.000000 25.493838 1.581445 0.163962
 12000.000000 25.477495 1.577718 0.168610
 12003.000000 25.512707 1.563345 0.178258
 12006.000000 25.524241 1.533344 0.180466
 12009.000000 25.436369 1.570641 0.190848
 12012.000000 25.487288 1.559621 0.193892
 12015.000000 25.431099 1.595612 0.226916
 12018.000000 25.489746 1.585813 0.207265
 12021.000000 25.482657 1.574576 0.218159
 12024.000000 25.409268 1.596277 0.215737
 12027.000000 25.398618 1.572368 0.156452
 12030.000000 25.438612 1.557097 0.150262
 12033.000000 25.453564 1.538957 0.171062
 12036.000000 25.460778 1.556524 0.164107
 12039.000000 25.411405 1.587704 0.191789
 12042.000000 25.441740 1.591085 0.152646
 12045.000000 25.407354 1.571792 0.162711
 12048.000000 25.411600 1.594650 0.158142
 12051.000000 25.391552 1.618479 0.164794
 12054.000000 25.402364 1.604005 0.156790
 12057.000000 25.395430 1.594552 0.115988
 12060.000000 25.439060 1.627374 0.150094
 12063.000000 25.425918 1.590704 0.167176
 12066.000000 25.434387 1.570260 0.154182
 12069.000000 25.492436 1.574392 0.174638
 12072.000000 25.501120 1.608367 0.150031
 12075.000000 25.484754 1.586347 0.158935
 12078.000000 25.516347 1.557141 0.143249
 12081.000000 25.531413 1.564991 0.143178
 12084.000000 25.514079 1.574315 0.119693
 12087.000000 25.494066 1.566022 0.118588
 12090.000000 25.453864 1.571057 0.142788
 12093.000000 25.425031 1.556481 0.159212
 12096.000000 25.459755 1.557038 0.174094
 12099.000000 25.401010 1.584994 0.199535
 12102.000000 25.464934 1.586527 0.145880
 12105.000000 25.423325 1.589462 0.119587
 12108.000000 25.500110 1.593150 0.167109
 12111.000000 25.451236 1.594136 0.148290
 12114.000000 25.446584 1.590255 0.106074
 12117.000000 25.430665 1.579512 0.155851
 12120.000000 25.351168 1.566221 0.149489
 12123.000000 25.402702 1.578812 0.100425
 12126.000000 25.353617 1.586324 0.129021
 12129.000000 25.381696 1.576595 0.130517
 12132.000000 25.483576 1.562530 0.126551
 12135.000000 25.431966 1.576045 0.151383
 12138.000000 25.439844 1.551464 0.162330
 12141.000000 25.413417 1.564392 0.166879
 12144.000000 25.457117 1.593350 0.208705
 12147.000000 25.532668 1.607465 0.205202
 12150.000000 25.493730 1.582935 0.209627
 12153.000000 25.455392 1.588173 0.189192
 12156.000000 25.436667 1.595320 0.195435
 12159.000000 25.439112 1.610010 0.188735
 12162.000000 25.459204 1.591469 0.146040
 12165.000000 25.422334 1.607813 0.136288
 12168.000000 25.437948 1.602763 0.117280
 12171.000000 25.531613 1.600782 0.077397
 12174.000000 25.513865 1.609304 0.113591
 12177.000000 25.471906 1.572597 0.093784
 12180.000000 25.462577 1.553180 0.139289
 12183.000000 25.477237 1.568307 0.119998
 12186.000000 25.456114 1.572418 0.102049
 12189.000000 25.518273 1.568926 0.148730
 12192.000000 25.514034 1.561771 0.151137
 12195.000000 25.528944 1.574966 0.143751
 12198.000000 25.470945 1.603447 0.184574
 12201.000000 25.424297 1.590420 0.150765
 12204.000000 25.445379 1.571408 0.149252
 12207.000000 25.508483 1.542457 0.176503
 12210.000000 25.497047 1.552451 0.171155
 12213.000000 25.506937 1.564790 0.215493
 12216.000000 25.509867 1.592886 0.163245
 12219.000000 25.474722 1.583052 0.146814
 12222.000000 25.440569 1.557201 0.120318
 12225.000000 25.466535 1.605207 0.134129
 12228.000000 25.526955 1.622981 0.138441
 12231.000000 25.525765 1.610161 0.132575
 12234.000000 25.429209 1.608055 0.120723
 12237.000000 25.550806 1.601068 0.113989
 12240.000000 25.517883 1.633203 0.117948
 12243.000000 25.481225 1.604443 0.097053
 12246.000000 25.462873 1.574167 0.099788
 12249.000000 25.334106 1.580419 0.058437
 12252.000000 25.370305 1.598385 0.105861
 12255.000000 25.469384 1.575192 0.089801
 12258.000000 25.485357 1.555792 0.098648
 12261.000000 25.484012 1.583690 0.126510
 12264.000000 25.522166 1.548296 0.120207
 12267.000000 25.541479 1.548702 0.108797
 12270.000000 25.473854 1.563144 0.160781
 12273.000000 25.421333 1.560005 0.152953
 12276.000000 25.360417 1.558178 0.141579
 12279.000000 25.358204 1.566403 0.154137
 12282.000000 25.458533 1.563358 0.162213
 12285.000000 25.412248 1.572066 0.138084
 12288.000000 25.439992 1.577030 0.101091
 12291.000000 25.399227 1.567399 0.106847
 12294.000000 25.407211 1.572896 0.089248
 12297.000000 25.389580 1.586280 0.086661
 12300.000000 25.417510 1.523497 0.069635
 12303.000000 25.468325 1.524487 0.087431
 12306.000000 25.461899 1.524824 0.098334
 12309.000000 25.478155 1.529723 0.146013
 12312.000000 25.434089 1.531863 0.107207
 12315.000000 25.381599 1.549344 0.104173
 12318.000000 25.279750 1.543589 0.169937
 12321.000000 25.376064 1.572723 0.158177
 12324.000000 25.299913 1.533590 0.092460
 12327.000000 25.243749 1.543943 0.096953
 12330.000000 25.214717 1.537298 0.108094
 12333.000000 25.247105 1.544565 0.121300
 12336.000000 25.347530 1.536469 0.153004
 12339.000000 25.395939 1.512498 0.120755
 12342.000000 25.394447 1.530262 0.127707
 12345.000000 25.414197 1.532394 0.145980
 12348.000000 25.320816 1.569910 0.153317
 12351.000000 25.323146 1.568969 0.164273
 12354.000000 25.298876 1.576286 0.146341
 12357.000000 25.358016 1.541689 0.144271
 12360.000000 25.344457 1.551058 0.121227
 12363.000000 25.432410 1.554308 0.128715
 12366.000000 25.464673 1.541563 0.175632
 12369.000000 25.384616 1.516402 0.135850
 12372.000000 25.469101 1.512529 0.131820
 12375.000000 25.413241 1.518879 0.160159
 12378.000000 25.300820 1.509876 0.140252
 12381.000000 25.392105 1.517651 0.146468
 12384.000000 25.336173 1.512963 0.102899
 12387.000000 25.379520 1.539256 0.071144
 12390.000000 25.393124 1.553372 0.064607
 12393.000000 25.358029 1.542736 0.102191
 12396.000000 25.397386 1.534134 0.100108
 12399.000000 25.324423 1.541751 0.104820
 12402.000000 25.409515 1.543517 0.091568
 12405.000000 25.477288 1.535225 0.108804
 12408.000000 25.433998 1.520818 0.096528
 12411.000000 25.471147 1.508124 0.130893
 12414.000000 25.478904 1.516100 0.126595
 12417.000000 25.487673 1.525788 0.149639
 12420.000000 25.443930 1.504759 0.126206
 12423.000000 25.531672 1.505741 0.110014
 12426.000000 25.549276 1.514749 0.177108
 12429.000000 25.527297 1.533532 0.169211
 12432.000000 25.568068 1.516841 0.129801
 12435.000000 25.517823 1.544567 0.080042
 12438.000000 25.576932 1.545638 0.132052
 12441.000000 25.453256 1.542500 0.105724
 12444.000000 25.400428 1.546845 0.104985
 12447.000000 25.439601 1.538854 0.145545
 12450.000000 25.429159 1.533617 0.121504
 12453.000000 25.381293 1.544890 0.094976
 12456.000000 25.459740 1.568766 0.122628
 12459.000000 25.413767 1.560749 0.149456
 12462.000000 25.478935 1.554209 0.159098
 12465.000000 25.467802 1.536446 0.163779
 12468.000000 25.406917 1.549882 0.171940
 12471.000000 25.426040 1.546204 0.128283
 12474.000000 25.394864 1.534373 0.161861
 12477.000000 25.398836 1.549888 0.115322
 12480.000000 25.390752 1.544894 0.131211
 12483.000000 25.388727 1.533338 0.126309
 12486.000000 25.327352 1.527948 0.148873
 12489.000000 25.283964 1.547865 0.115957
 12492.000000 25.392938 1.548748 0.115566
 12495.000000 25.354098 1.559029 0.127187
 12498.000000 25.380582 1.553601 0.132076
 12501.000000 25.354637 1.551974 0.161427
 12504.000000 25.407103 1.567562 0.177742
 12507.000000 25.423220 1.579843 0.159872
 12510.000000 25.402823 1.586888 0.141744
 12513.000000 25.457746 1.579448 0.095867
 12516.000000 25.344783 1.564850 0.124735
 12519.000000 25.297216 1.546971 0.108654
 12522.000000 25.357467 1.561582 0.118968
 12525.000000 25.350649 1.554133 0.126647
 12528.000000 25.352071 1.558197 0.152780
 12531.000000 25.416013 1.538528 0.132126
 12534.000000 25.335361 1.528582 0.128801
 12537.000000 25.247051 1.563883 0.141067
 12540.000000 25.280047 1.560843 0.153692
 12543.000000 25.264452 1.523741 0.150210
 12546.000000 25.243299 1.542543 0.180662
 12549.000000 25.265555 1.562199 0.169344
 12552.000000 25.250535 1.574874 0.148340
 12555.000000 25.325484 1.590626 0.129458
 12558.000000 25.349436 1.577536 0.145754
 12561.000000 25.336322 1.596655 0.139556
 12564.000000 25.339970 1.597402 0.134290
 12567.000000 25.312751 1.600013 0.136767
 12570.000000 25.365790 1.589175 0.127831
 12573.000000 25.336680 1.568835 0.135634
 12576.000000 25.341826 1.573510 0.135015
 12579.000000 25.387527 1.596064 0.126612
 12582.000000 25.357438 1.587993 0.128897
 12585.000000 25.487830 1.569850 0.125967
 12588.000000 25.412293 1.595187 0.121918
 12591.000000 25.468855 1.595026 0.127249
 12594.000000 25.420052 1.579151 0.081392
 12597.000000 25.392801 1.581892 0.082955
 12600.000000 25.338642 1.565086 0.107269
 12603.000000 25.333531 1.577591 0.085166
 12606.000000 25.348438 1.581803 0.085104
 12609.000000 25.428372 1.580365 0.149035
 12612.000000 25.402995 1.576157 0.124053
 12615.000000 25.482386 1.568459 0.132447
 12618.000000 25.521050 1.566844 0.153950
 12621.000000 25.512533 1.539621 0.100002
 12624.000000 25.463817 1.549175 0.105182
 12627.000000 25.410161 1.541306 0.061616
 12630.000000 25.373005 1.552764 0.092374
 12633.000000 25.398498 1.553386 0.114248
 12636.000000 25.361756 1.553451 0.072496
 12639.000000 25.359370 1.582562 0.102256
 12642.000000 25.417824 1.571140 0.094619
 12645.000000 25.422400 1.593797 0.132513
 12648.000000 25.392513 1.585652 0.108397
 12651.000000 25.373963 1.611513 0.147387
 12654.000000 25.350830 1.616873 0.125609
 12657.000000 25.395299 1.616809 0.115040
 12660.000000 25.401240 1.606378 0.092036
 12663.000000 25.388197 1.589311 0.061142
 12666.000000 25.531063 1.611739 0.109838
 12669.000000 25.480113 1.611780 0.094638
 12672.000000 25.508985 1.578335 0.082958
 12675.000000 25.450551 1.607597 0.121531
 12678.000000 25.505046 1.622863 0.166782
 12681.000000 25.524437 1.605608 0.126205
 12684.000000 25.495039 1.583769 0.118498
 12687.000000 25.518908 1.602657 0.150607
 12690.000000 25.498534 1.596740 0.149699
 12693.000000 25.472316 1.614074 0.168361
 12696.000000 25.449201 1.617177 0.129564
 12699.000000 25.469302 1.600785 0.118494
 12702.000000 25.500680 1.634279 0.152613
 12705.000000 25.448465 1.599362 0.139473
 12708.000000 25.530691 1.624733 0.173346
 12711.000000 25.481152 1.605622 0.166238
 12714.000000 25.392349 1.610180 0.163845
 12717.000000 25.509067 1.600708 0.130123
 12720.000000 25.542370 1.605880 0.134876
 12723.000000 25.558357 1.586798 0.111104
 12726.000000 25.517338 1.572114 0.120410
 12729.000000 25.556105 1.564081 0.110962
 12732.000000 25.509346 1.582518 0.079720
 12735.000000 25.562860 1.585889 0.082274
 12738.000000 25.576892 1.593247 0.104030
 12741.000000 25.528885 1.586585 0.102026
 12744.000000 25.565575 1.619481 0.144862
 12747.000000 25.523701 1.610465 0.126302
 12750.000000 25.463623 1.614001 0.131869
 12753.000000 25.490706 1.617908 0.139261
 12756.000000 25.442569 1.596314 0.160004
 12759.000000 25.409857 1.579828 0.168443
 12762.000000 25.495562 1.599371 0.165925
 12765.000000 25.566906 1.589687 0.140138
 12768.000000 25.546225 1.570452 0.124255
 12771.000000 25.557299 1.578525 0.145406
 12774.000000 25.476855 1.550564 0.112323
 12777.000000 25.526372 1.560817 0.142875
 12780.000000 25.473726 1.564514 0.121144
 12783.000000 25.527756 1.550747 0.118840
 12786.000000 25.481573 1.566866 0.132485
 12789.000000 25.536927 1.595314 0.161738
 12792.000000 25.482448 1.602764 0.145816
 12795.000000 25.459324 1.580990 0.095408
 12798.000000 25.450634 1.586455 0.151516
 12801.000000 25.433518 1.610369 0.152591
 12804.000000 25.421886 1.622097 0.172059
 12807.000000 25.486683 1.634007 0.196769
 12810.000000 25.410082 1.600960 0.146477
 12813.000000 25.444390 1.588961 0.182555
 12816.000000 25.508304 1.577635 0.140362
 12819.000000 25.514522 1.582329 0.159829
 12822.000000 25.585644 1.572372 0.124984
 12825.000000 25.567892 1.587679 0.139581
 12828.000000 25.524475 1.585559 0.180341
 12831.000000 25.579760 1.592877 0.196530
 12834.000000 25.579676 1.584850 0.197481
 12837.000000 25.602729 1.550872 0.134907
 12840.000000 25.561145 1.573100 0.184641
 12843.000000 25.531809 1.553312 0.161388
 12846.000000 25.623627 1.566723 0.159790
 12849.000000 25.571665 1.548615 0.135922
 12852.000000 25.617761 1.555268 0.120179
 12855.000000 25.664112 1.551531 0.164435
 12858.000000 25.494318 1.568889 0.168006
 12861.000000 25.501463 1.533078 0.119002
 12864.000000 25.549180 1.509784 0.125263
 12867.000000 25.598465 1.536711 0.134183
 12870.000000 25.583856 1.540121 0.131233
 12873.000000 25.494809 1.545415 0.111892
 12876.000000 25.579144 1.553049 0.113607
 12879.000000 25.494111 1.567217 0.136734
 12882.000000 25.537428 1.557958 0.101480
 12885.000000 25.520840 1.568076 0.119340
 12888.000000 25.650248 1.599016 0.154993
 12891.000000 25.634060 1.582328 0.141711
 12894.000000 25.632031 1.591492 0.158329
 12897.000000 25.541031 1.559545 0.165686
 12900.000000 25.506090 1.561400 0.168441
 12903.000000 25.534769 1.571790 0.151952
 12906.000000 25.576605 1.563533 0.136021
 12909.000000 25.517645 1.558183 0.130440
 12912.000000 25.593620 1.567690 0.160673
 12915.000000 25.609561 1.569324 0.146948
 12918.000000 25.536512 1.572297 0.136098
 12921.000000 25.565075 1.566153 0.133948
 12924.000000 25.605167 1.577730 0.148626
 12927.000000 25.583879 1.572822 0.162177
 12930.000000 25.507383 1.568099 0.208885
 12933.000000 25.574889 1.567606 0.173834
 12936.000000 25.514660 1.592971 0.199829
 12939.000000 25.535814 1.609432 0.194139
 12942.000000 25.527145 1.550994 0.146667
 12945.000000 25.580911 1.558463 0.166636
 12948.000000 25.565520 1.569434 0.151402
 12951.000000 25.561912 1.575867 0.177695
 12954.000000 25.564312 1.543806 0.141262
 12957.000000 25.550474 1.543906 0.165809
 12960.000000 25.515887 1.544380 0.144131
 12963.000000 25.362663 1.560585 0.145262
 12966.000000 25.330340 1.561608 0.149424
 12969.000000 25.352612 1.545579 0.123533
 12972.000000 25.356705 1.555525 0.153498
 12975.000000 25.459073 1.545771 0.148356
 12978.000000 25.468266 1.528962 0.153995
 12981.000000 25.530269 1.547472 0.142080
 12984.000000 25.496005 1.567881 0.152241
 12987.000000 25.534694 1.553077 0.152225
 12990.000000 25.510436 1.537726 0.113065
 12993.000000 25.507756 1.530274 0.118947
 12996.000000 25.505898 1.512291 0.120201
 12999.000000 25.459902 1.527399 0.084177
 13002.000000 25.499157 1.528021 0.121234
 13005.000000 25.520765 1.544179 0.131074
 13008.000000 25.515200 1.577109 0.124556
 13011.000000 25.519200 1.587557 0.141089
 13014.000000 25.565009 1.585535 0.117965
 13017.000000 25.561662 1.577085 0.119135
 13020.000000 25.499695 1.550428 0.106014
 13023.000000 25.434888 1.533954 0.094157
 13026.000000 25.506681 1.530212 0.106439
 13029.000000 25.530074 1.526451 0.108734
 13032.000000 25.567069 1.511554 0.094472
 13035.000000 25.521135 1.527637 0.124877
 13038.000000 25.506046 1.524873 0.096424
 13041.000000 25.522851 1.506624 0.065706
 13044.000000 25.484948 1.521660 0.083217
 13047.000000 25.525578 1.553495 0.125934
 13050.000000 25.542250 1.523634 0.110175
 13053.000000 25.602574 1.563150 0.156891
 13056.000000 25.572418 1.574093 0.155073
 13059.000000 25.515087 1.543404 0.098630
 13062.000000 25.444373 1.537564 0.065951
 13065.000000 25.468054 1.532597 0.067566
 13068.000000 25.414080 1.517139 0.075999
 13071.000000 25.351135 1.534183 0.110319
 13074.000000 25.417534 1.557799 0.089765
 13077.000000 25.439790 1.562407 0.115714
 13080.000000 25.496176 1.554343 0.139866
 13083.000000 25.487598 1.537737 0.104801
 13086.000000 25.497970 1.569369 0.118466
 13089.000000 25.510002 1.544758 0.112828
 13092.000000 25.475274 1.563880 0.148831
 13095.000000 25.503726 1.565858 0.160081
 13098.000000 25.527071 1.573303 0.122641
 13101.000000 25.515352 1.595679 0.151601
 13104.000000 25.484726 1.578757 0.146796
 13107.000000 25.428142 1.583180 0.125765
 13110.000000 25.403457 1.561375 0.141394
 13113.000000 25.466224 1.546980 0.120382
 13116.000000 25.533279 1.549894 0.125681
 13119.000000 25.466193 1.559979 0.121742
 13122.000000 25.458495 1.541466 0.114388
 13125.000000 25.477920 1.558592 0.132558
 13128.000000 25.461532 1.580175 0.144573
 13131.000000 25.422141 1.582566 0.152683
 13134.000000 25.422052 1.559536 0.150695
 13137.000000 25.496104 1.564070 0.132460
 13140.000000 25.471467 1.561649 0.114998
 13143.000000 25.467581 1.565423 0.135502
 13146.000000 25.354515 1.563661 0.132255
 13149.000000 25.393449 1.570667 0.126080
 13152.000000 25.421899 1.604973 0.158061
 13155.000000 25.486973 1.594199 0.161641
 13158.000000 25.436161 1.565635 0.126741
 13161.000000 25.475188 1.567004 0.134920
 13164.000000 25.531464 1.565742 0.116510
 13167.000000 25.549898 1.555072 0.058892
 13170.000000 25.563085 1.569559 0.139684
 13173.000000 25.634554 1.557193 0.096242
 13176.000000 25.593427 1.542175 0.103908
 13179.000000 25.619258 1.554412 0.118411
 13182.000000 25.523568 1.557620 0.124085
 13185.000000 25.578719 1.591466 0.155499
 13188.000000 25.619628 1.580736 0.142398
 13191.000000 25.505206 1.571510 0.150871
 13194.000000 25.563916 1.542347 0.147169
 13197.000000 25.523392 1.572613 0.176658
 13200.000000 25.512965 1.557012 0.183260
 13203.000000 25.459487 1.561641 0.213697
 13206.000000 25.456063 1.565670 0.233791
 13209.000000 25.442514 1.549443 0.196674
 13212.000000 25.382394 1.553428 0.191989
 13215.000000 25.499257 1.543942 0.157160
 13218.000000 25.458753 1.522071 0.107867
 13221.000000 25.507801 1.541666 0.140451
 13224.000000 25.448815 1.556694 0.173197
 13227.000000 25.422199 1.534663 0.165389
 13230.000000 25.496638 1.533951 0.161340
 13233.000000 25.419681 1.541653 0.161495
 13236.000000 25.392712 1.516180 0.135344
 13239.000000 25.449049 1.523611 0.140159
 13242.000000 25.498412 1.566186 0.188520
 13245.000000 25.508702 1.515505 0.148449
 13248.000000 25.548988 1.513785 0.144243
 13251.000000 25.525740 1.553760 0.219049
 13254.000000 25.456887 1.559789 0.227412
 13257.000000 25.499375 1.551587 0.189799
 13260.000000 25.484865 1.573945 0.179043
 13263.000000 25.510675 1.564577 0.171447
 13266.000000 25.413369 1.568024 0.167755
 13269.000000 25.505795 1.543251 0.130536
 13272.000000 25.468212 1.567854 0.160324
 13275.000000 25.520924 1.541550 0.146885
 13278.000000 25.524230 1.525728 0.133389
 13281.000000 25.564300 1.513118 0.162333
 13284.000000 25.577536 1.569122 0.186614
 13287.000000 25.506886 1.569774 0.202846
 13290.000000 25.536686 1.556089 0.189056
 13293.000000 25.597829 1.569481 0.177779
 13296.000000 25.575802 1.591980 0.173666
 13299.000000 25.585224 1.565861 0.137758
 13302.000000 25.534713 1.584983 0.174743
 13305.000000 25.672398 1.575187 0.147293
 13308.000000 25.634380 1.592176 0.208485
 13311.000000 25.633813 1.583015 0.196713
 13314.000000 25.695697 1.637987 0.254845
 13317.000000 25.597311 1.596970 0.187043
 13320.000000 25.572970 1.603739 0.161970
 13323.000000 25.450535 1.576286 0.143286
 13326.000000 25.528759 1.573971 0.127155
 13329.000000 25.519400 1.576716 0.137600
 13332.000000 25.470389 1.575751 0.117063
 13335.000000 25.490710 1.554782 0.091213
 13338.000000 25.560157 1.558528 0.107624
 13341.000000 25.438285 1.557506 0.109891
 13344.000000 25.479251 1.552902 0.101106
 13347.000000 25.469800 1.579051 0.153525
 13350.000000 25.516542 1.576324 0.101066
 13353.000000 25.519711 1.578073 0.128916
 13356.000000 25.459782 1.573919 0.128906
 13359.000000 25.496396 1.564296 0.146297
 13362.000000 25.527940 1.549812 0.114785
 13365.000000 25.451338 1.544597 0.143316
 13368.000000 25.475822 1.538663 0.129632
 13371.000000 25.489901 1.555187 0.148097
 13374.000000 25.508479 1.541342 0.127261
 13377.000000 25.567080 1.547648 0.101915
 13380.000000 25.610834 1.545594 0.110964
 13383.000000 25.554868 1.541166 0.107762
 13386.000000 25.553413 1.565795 0.120961
 13389.000000 25.441539 1.580715 0.158389
 13392.000000 25.466093 1.550615 0.116917
 13395.000000 25.506972 1.597397 0.141041
 13398.000000 25.480507 1.596823 0.134207
 13401.000000 25.460536 1.588599 0.141606
 13404.000000 25.551960 1.580485 0.151800
 13407.000000 25.479568 1.586565 0.135224
 13410.000000 25.500694 1.612146 0.159954
 13413.000000 25.496499 1.621552 0.140050
 13416.000000 25.437996 1.597311 0.114832
 13419.000000 25.511145 1.585968 0.164440
 13422.000000 25.440276 1.594250 0.160247
 13425.000000 25.494925 1.576718 0.137962
 13428.000000 25.439803 1.536788 0.097271
 13431.000000 25.438919 1.547643 0.110093
 13434.000000 25.424701 1.537736 0.139359
 13437.000000 25.447043 1.522093 0.150759
 13440.000000 25.454332 1.532266 0.150968
 13443.000000 25.479067 1.541531 0.167156
 13446.000000 25.534777 1.530230 0.151754
 13449.000000 25.447224 1.557435 0.177903
 13452.000000 25.435874 1.565082 0.199288
 13455.000000 25.514527 1.586307 0.174315
 13458.000000 25.411944 1.570141 0.158343
 13461.000000 25.441579 1.579987 0.168579
 13464.000000 25.448132 1.577863 0.171313
 13467.000000 25.387180 1.601438 0.210203
 13470.000000 25.372980 1.577220 0.179786
 13473.000000 25.510766 1.565299 0.157662
 13476.000000 25.433540 1.577061 0.135475
 13479.000000 25.378508 1.584758 0.105645
 13482.000000 25.358890 1.580102 0.095137
 13485.000000 25.362268 1.575837 0.158413
 13488.000000 25.475317 1.568131 0.142049
 13491.000000 25.436301 1.575914 0.128433
 13494.000000 25.525870 1.552784 0.077762
 13497.000000 25.510857 1.566300 0.110304
 13500.000000 25.431621 1.561031 0.070062
 13503.000000 25.371500 1.562892 0.102538
 13506.000000 25.332236 1.568623 0.108362
 13509.000000 25.333528 1.557113 0.102452
 13512.000000 25.329142 1.551581 0.080484
 13515.000000 25.291963 1.561460 0.088789
 13518.000000 25.368778 1.574974 0.096634
 13521.000000 25.315622 1.596587 0.099890
 13524.000000 25.291667 1.579885 0.071953
 13527.000000 25.265232 1.587790 0.086601
 13530.000000 25.333099 1.612420 0.129458
 13533.000000 25.348824 1.602895 0.122705
 13536.000000 25.308259 1.580190 0.143244
 13539.000000 25.281106 1.580296 0.119025
 13542.000000 25.293403 1.591369 0.120921
 13545.000000 25.309485 1.590508 0.091833
 13548.000000 25.283792 1.585786 0.089141
 13551.000000 25.296983 1.570670 0.113744
 13554.000000 25.354688 1.559899 0.145200
 13557.000000 25.394569 1.578822 0.129986
 13560.000000 25.348104 1.569217 0.125949
 13563.000000 25.302627 1.533144 0.139273
 13566.000000 25.378093 1.549140 0.141420
 13569.000000 25.371811 1.558966 0.123405
 13572.000000 25.344942 1.555521 0.101303
 13575.000000 25.329608 1.555861 0.101285
 13578.000000 25.347099 1.565178 0.122546
 13581.000000 25.396201 1.575988 0.119933
 13584.000000 25.371407 1.582439 0.099868
 13587.000000 25.498882 1.581680 0.097937
 13590.000000 25.495009 1.585747 0.127934
 13593.000000 25.428832 1.584079 0.083622
 13596.000000 25.455151 1.570884 0.113784
 13599.000000 25.382556 1.604372 0.088035
 13602.000000 25.378337 1.588919 0.157625
 13605.000000 25.369343 1.597557 0.168600
 13608.000000 25.379723 1.593008 0.131369
 13611.000000 25.448501 1.579113 0.147943
 13614.000000 25.463643 1.613391 0.177461
 13617.000000 25.469523 1.603774 0.163437
 13620.000000 25.467181 1.606984 0.157715
 13623.000000 25.504365 1.619497 0.180213
 13626.000000 25.493578 1.604177 0.166752
 13629.000000 25.509431 1.596194 0.146310
 13632.000000 25.452368 1.601692 0.120558
 13635.000000 25.464237 1.591084 0.149993
 13638.000000 25.507015 1.606091 0.138409
 13641.000000 25.476180 1.564422 0.149011
 13644.000000 25.452718 1.573403 0.113663
 13647.000000 25.464388 1.586576 0.177599
 13650.000000 25.349420 1.577592 0.129409
 13653.000000 25.463299 1.570588 0.105556
 13656.000000 25.466631 1.569901 0.109792
 13659.000000 25.466472 1.580647 0.118426
 13662.000000 25.490789 1.573676 0.150579
 13665.000000 25.398423 1.577136 0.152590
 13668.000000 25.427966 1.575938 0.147448
 13671.000000 25.358855 1.579762 0.147200
 13674.000000 25.363888 1.561514 0.119647
 13677.000000 25.379187 1.541500 0.165388
 13680.000000 25.347537 1.559940 0.146092
 13683.000000 25.388901 1.560031 0.140189
 13686.000000 25.349270 1.547920 0.186899
 13689.000000 25.380971 1.546281 0.146444
 13692.000000 25.400886 1.577907 0.150086
 13695.000000 25.406099 1.566641 0.145216
 13698.000000 25.322419 1.572846 0.136583
 13701.000000 25.408860 1.585598 0.173470
 13704.000000 25.399360 1.568231 0.153090
 13707.000000 25.353176 1.545657 0.111465
 13710.000000 25.332119 1.571876 0.141706
 13713.000000 25.354843 1.584164 0.137610
 13716.000000 25.252195 1.578794 0.105169
 13719.000000 25.252014 1.549574 0.135838
 13722.000000 25.185088 1.577359 0.116350
 13725.000000 25.151354 1.574706 0.109999
 13728.000000 25.190728 1.607768 0.092723
 13731.000000 25.183372 1.617065 0.123958
 13734.000000 25.132474 1.607679 0.183852
 13737.000000 25.152663 1.627464 0.152304
 13740.000000 25.346151 1.614378 0.165799
 13743.000000 25.346263 1.602782 0.171092
 13746.000000 25.326552 1.626567 0.203756
 13749.000000 25.303943 1.616595 0.158841
 13752.000000 25.316224 1.618087 0.144169
 13755.000000 25.352484 1.641745 0.171364
 13758.000000 25.349556 1.624428 0.154552
 13761.000000 25.290526 1.631296 0.159838
 13764.000000 25.282066 1.646082 0.147041
 13767.000000 25.252075 1.610931 0.164171
 13770.000000 25.293713 1.596499 0.158571
 13773.000000 25.347041 1.563942 0.159425
 13776.000000 25.333277 1.555803 0.145847
 13779.000000 25.291717 1.582135 0.129215
 13782.000000 25.319932 1.584655 0.080333
 13785.000000 25.352594 1.600399 0.113090
 13788.000000 25.293496 1.605048 0.099025
 13791.000000 25.336228 1.620111 0.129806
 13794.000000 25.341762 1.640631 0.138562
 13797.000000 25.392172 1.598909 0.166306
 13800.000000 25.360396 1.583589 0.144555
 13803.000000 25.350929 1.575513 0.164892
 13806.000000 25.370003 1.576653 0.149117
 13809.000000 25.405389 1.555808 0.176737
 13812.000000 25.429773 1.595508 0.149743
 13815.000000 25.512788 1.569073 0.179997
 13818.000000 25.391495 1.593546 0.174478
 13821.000000 25.314482 1.584506 0.174863
 13824.000000 25.323966 1.578296 0.170734
 13827.000000 25.376349 1.560412 0.148573
 13830.000000 25.337155 1.577070 0.137503
 13833.000000 25.457566 1.554935 0.142503
 13836.000000 25.404054 1.546748 0.145223
 13839.000000 25.458802 1.534992 0.161630
 13842.000000 25.553423 1.558131 0.184843
 13845.000000 25.563613 1.562230 0.125724
 13848.000000 25.605817 1.607722 0.107799
 13851.000000 25.575522 1.595702 0.120526
 13854.000000 25.615538 1.648227 0.132351
 13857.000000 25.523051 1.636790 0.097650
 13860.000000 25.535765 1.641387 0.133556
 13863.000000 25.627953 1.639114 0.147833
 13866.000000 25.691460 1.642015 0.144698
 13869.000000 25.675421 1.621416 0.082592
 13872.000000 25.640202 1.636190 0.113914
 13875.000000 25.610872 1.622454 0.130618
 13878.000000 25.536145 1.590687 0.118980
 13881.000000 25.450448 1.610397 0.122071
 13884.000000 25.401634 1.596991 0.130791
 13887.000000 25.486532 1.601276 0.136471
 13890.000000 25.499757 1.595135 0.086294
 13893.000000 25.540870 1.579625 0.094036
 13896.000000 25.641264 1.587416 0.128225
 13899.000000 25.554282 1.575812 0.126504
 13902.000000 25.494338 1.616826 0.121322
 13905.000000 25.468830 1.609916 0.106101
 13908.000000 25.553000 1.630760 0.126117
 13911.000000 25.541673 1.616984 0.129246
 13914.000000 25.577631 1.612150 0.148216
 13917.000000 25.578407 1.590234 0.155561
 13920.000000 25.647763 1.595542 0.170757
 13923.000000 25.577493 1.587252 0.143892
 13926.000000 25.562039 1.570602 0.130200
 13929.000000 25.582109 1.584242 0.108150
 13932.000000 25.492305 1.590872 0.126272
 13935.000000 25.591698 1.604334 0.116536
 13938.000000 25.579605 1.615776 0.148521
 13941.000000 25.638707 1.578609 0.177705
 13944.000000 25.556439 1.603798 0.190221
 13947.000000 25.592188 1.597185 0.191870
 13950.000000 25.615560 1.593829 0.159743
 13953.000000 25.474856 1.583537 0.121783
 13956.000000 25.477716 1.583206 0.128056
 13959.000000 25.406090 1.589892 0.160429
 13962.000000 25.378180 1.584532 0.185194
 13965.000000 25.455975 1.610070 0.188584
 13968.000000 25.471064 1.596170 0.189530
 13971.000000 25.452458 1.609228 0.201544
 13974.000000 25.425248 1.574368 0.217574
 13977.000000 25.472685 1.591286 0.246470
 13980.000000 25.510198 1.578678 0.209089
 13983.000000 25.463257 1.550025 0.235687
 13986.000000 25.443719 1.572840 0.190180
 13989.000000 25.461607 1.546996 0.187858
 13992.000000 25.398841 1.517368 0.192448
 13995.000000 25.413036 1.551281 0.224054
 13998.000000 25.384575 1.549879 0.201208
 14001.000000 25.362405 1.545024 0.176210
 14004.000000 25.366534 1.542927 0.163707
 14007.000000 25.405062 1.538509 0.095608
 14010.000000 25.401256 1.512650 0.107585
 14013.000000 25.327038 1.531432 0.140596
 14016.000000 25.451501 1.546790 0.162311
 14019.000000 25.376983 1.550924 0.097875
 14022.000000 25.364523 1.531268 0.109895
 14025.000000 25.328331 1.548657 0.080784
 14028.000000 25.335709 1.545109 0.075632
 14031.000000 25.547118 1.545934 0.071738
 14034.000000 25.517655 1.541843 0.127499
 14037.000000 25.548407 1.570650 0.115486
 14040.000000 25.568867 1.547887 0.147208
 14043.000000 25.532593 1.528003 0.123221
 14046.000000 25.575349 1.522691 0.100701
 14049.000000 25.523122 1.516924 0.109499
 14052.000000 25.573974 1.515043 0.090610
 14055.000000 25.664917 1.527209 0.096392
 14058.000000 25.645092 1.525466 0.095112
 14061.000000 25.638785 1.534396 0.075602
 14064.000000 25.647181 1.519512 0.068604
 14067.000000 25.637435 1.528341 0.054654
 14070.000000 25.580381 1.514720 0.059198
 14073.000000 25.539871 1.473140 0.100103
 14076.000000 25.579842 1.503325 0.091783
 14079.000000 25.578967 1.505003 0.139215
 14082.000000 25.581380 1.515398 0.096978
 14085.000000 25.570189 1.489639 0.136274
 14088.000000 25.664623 1.479074 0.137038
 14091.000000 25.546795 1.455524 0.166062
 14094.000000 25.580822 1.469390 0.159525
 14097.000000 25.480523 1.450846 0.168214
 14100.000000 25.504228 1.504462 0.150024
 14103.000000 25.520826 1.497247 0.124797
 14106.000000 25.472594 1.502793 0.133208
 14109.000000 25.482822 1.495270 0.085154
 14112.000000 25.455853 1.506970 0.074639
 14115.000000 25.479298 1.538914 0.063128
 14118.000000 25.521336 1.514508 0.075178
 14121.000000 25.476639 1.548603 0.082089
 14124.000000 25.426544 1.548747 0.089943
 14127.000000 25.465502 1.564332 0.083927
 14130.000000 25.492000 1.555137 0.103146
 14133.000000 25.456801 1.546132 0.090882
 14136.000000 25.469374 1.556700 0.063518
 14139.000000 25.499796 1.582500 0.081869
 14142.000000 25.428472 1.604747 0.091197
 14145.000000 25.475696 1.590766 0.116037
 14148.000000 25.434486 1.577676 0.090574
 14151.000000 25.424449 1.584735 0.101374
 14154.000000 25.443371 1.587818 0.120628
 14157.000000 25.491739 1.590232 0.091116
 14160.000000 25.520432 1.616854 0.105550
 14163.000000 25.559806 1.564796 0.055499
 14166.000000 25.476743 1.566663 0.074924
 14169.000000 25.478491 1.555088 0.087060
 14172.000000 25.518430 1.572913 0.119731
 14175.000000 25.520136 1.577989 0.096870
 14178.000000 25.517776 1.576708 0.086647
 14181.000000 25.419742 1.574988 0.083299
 14184.000000 25.531810 1.578968 0.091611
 14187.000000 25.592931 1.580053 0.084574
 14190.000000 25.505117 1.580886 0.083705
 14193.000000 25.535202 1.569763 0.073726
 14196.000000 25.556753 1.571222 0.088848
 14199.000000 25.433887 1.587775 0.078623
 14202.000000 25.507766 1.572635 0.060252
 14205.000000 25.456761 1.558609 0.147434
 14208.000000 25.476614 1.556525 0.095805
 14211.000000 25.503175 1.545311 0.114999
 14214.000000 25.564988 1.558855 0.142943
 14217.000000 25.505138 1.549522 0.117750
 14220.000000 25.566593 1.549454 0.156132
 14223.000000 25.543828 1.555931 0.123154
 14226.000000 25.477103 1.541969 0.142786
 14229.000000 25.445804 1.536818 0.170526
 14232.000000 25.496024 1.534911 0.162444
 14235.000000 25.501874 1.560757 0.142844
 14238.000000 25.488262 1.551139 0.161330
 14241.000000 25.437327 1.539423 0.177373
 14244.000000 25.412090 1.536579 0.177754
 14247.000000 25.457382 1.556191 0.111949
 14250.000000 25.415773 1.569642 0.100447
 14253.000000 25.438686 1.566661 0.092277
 14256.000000 25.394562 1.567629 0.107911
 14259.000000 25.508464 1.575018 0.095561
 14262.000000 25.406924 1.576518 0.128570
 14265.000000 25.350966 1.574311 0.088901
 14268.000000 25.332732 1.586714 0.087618
 14271.000000 25.200279 1.614432 0.105989
 14274.000000 25.180594 1.584915 0.122920
 14277.000000 25.156646 1.589766 0.143172
 14280.000000 25.235643 1.596046 0.077214
 14283.000000 25.371692 1.580699 0.113851
 14286.000000 25.346226 1.611261 0.065315
 14289.000000 25.381639 1.608133 0.052048
 14292.000000 25.363437 1.612704 0.073967
 14295.000000 25.324157 1.586410 0.094071
 14298.000000 25.284778 1.595467 0.098211
 14301.000000 25.229853 1.595459 0.067777
 14304.000000 25.191222 1.611325 0.082872
 14307.000000 25.206475 1.617341 0.081258
 14310.000000 25.149780 1.592422 0.112793
 14313.000000 25.259486 1.580775 0.115279
 14316.000000 25.358763 1.570974 0.149131
 14319.000000 25.289858 1.570367 0.142192
 14322.000000 25.269737 1.575398 0.126626
 14325.000000 25.288916 1.581697 0.100210
 14328.000000 25.285905 1.545791 0.106069
 14331.000000 25.307673 1.558635 0.087235
 14334.000000 25.270701 1.548098 0.093199
 14337.000000 25.250194 1.549625 0.078793
 14340.000000 25.361613 1.539216 0.120548
 14343.000000 25.351009 1.570042 0.086774
 14346.000000 25.289596 1.598712 0.097544
 14349.000000 25.355461 1.587682 0.124251
 14352.000000 25.359809 1.578704 0.179912
 14355.000000 25.416586 1.580663 0.140381
 14358.000000 25.483115 1.560382 0.127108
 14361.000000 25.510025 1.573556 0.133818
 14364.000000 25.521079 1.590048 0.145794
 14367.000000 25.491468 1.590966 0.157838
 14370.000000 25.479245 1.598603 0.157587
 14373.000000 25.517804 1.595271 0.129203
 14376.000000 25.511850 1.569994 0.133633
 14379.000000 25.439508 1.575337 0.136914
 14382.000000 25.428040 1.573911 0.130195
 14385.000000 25.513467 1.558417 0.104332
 14388.000000 25.664796 1.582813 0.077987
 14391.000000 25.610243 1.560357 0.088133
 14394.000000 25.505954 1.561276 0.086332
 14397.000000 25.557069 1.619309 0.114900
 14400.000000 25.650336 1.565130 0.111597
 14403.000000 25.611878 1.587469 0.130826
 14406.000000 25.565772 1.580682 0.114112
 14409.000000 25.559634 1.557184 0.166540
 14412.000000 25.577791 1.583047 0.177934
 14415.000000 25.520541 1.576679 0.165432
 14418.000000 25.584038 1.580607 0.107949
 14421.000000 25.621887 1.585787 0.147962
 14424.000000 25.697424 1.600753 0.162253
 14427.000000 25.726154 1.577574 0.151941
 14430.000000 25.720618 1.556560 0.156581
 14433.000000 25.655155 1.566141 0.137765
 14436.000000 25.661122 1.556979 0.126523
 14439.000000 25.652857 1.560380 0.144505
 14442.000000 25.709795 1.551409 0.138419
 14445.000000 25.778657 1.578725 0.101443
 14448.000000 25.809973 1.556146 0.107430
 14451.000000 25.707992 1.548068 0.091359
 14454.000000 25.683993 1.545880 0.122061
 14457.000000 25.653903 1.557121 0.133499
 14460.000000 25.641352 1.568318 0.078108
 14463.000000 25.650728 1.551211 0.119657
 14466.000000 25.659419 1.529365 0.144010
 14469.000000 25.627939 1.543603 0.121039
 14472.000000 25.518804 1.558514 0.083414
 14475.000000 25.468847 1.562718 0.091450
 14478.000000 25.522370 1.574076 0.062517
 14481.000000 25.399928 1.563069 0.093258
 14484.000000 25.397368 1.557396 0.099119
 14487.000000 25.403498 1.566757 0.136616
 14490.000000 25.373133 1.592783 0.151078
 14493.000000 25.448789 1.589386 0.121061
 14496.000000 25.413845 1.610479 0.145973
 14499.000000 25.434028 1.586164 0.139766
 14502.000000 25.478202 1.583452 0.136980
 14505.000000 25.544566 1.608568 0.146528
 14508.000000 25.538511 1.571674 0.168624
 14511.000000 25.516231 1.588530 0.169217
 14514.000000 25.536723 1.571656 0.162413
 14517.000000 25.463899 1.560803 0.168708
 14520.000000 25.475351 1.513543 0.178414
 14523.000000 25.489030 1.540572 0.199177
 14526.000000 25.490198 1.552681 0.187454
 14529.000000 25.422514 1.583022 0.170728
 14532.000000 25.480751 1.581086 0.156880
 14535.000000 25.535853 1.603697 0.141502
 14538.000000 25.512173 1.610761 0.117267
 14541.000000 25.533054 1.571527 0.128521
 14544.000000 25.538036 1.535033 0.150607
 14547.000000 25.429136 1.560157 0.165011
 14550.000000 25.456723 1.575496 0.155130
 14553.000000 25.377214 1.613960 0.183556
 14556.000000 25.445733 1.622350 0.172918
 14559.000000 25.431591 1.634281 0.199742
 14562.000000 25.504268 1.637513 0.185267
 14565.000000 25.439990 1.630459 0.167487
 14568.000000 25.474422 1.637371 0.158892
 14571.000000 25.465081 1.660632 0.166910
 14574.000000 25.478997 1.640836 0.133568
 14577.000000 25.518838 1.605251 0.134020
 14580.000000 25.567608 1.605745 0.138811
 14583.000000 25.559988 1.620687 0.146061
 14586.000000 25.563319 1.644899 0.114883
 14589.000000 25.509699 1.629393 0.169622
 14592.000000 25.569929 1.634473 0.140619
 14595.000000 25.539024 1.630655 0.140477
 14598.000000 25.529424 1.616412 0.147975
 14601.000000 25.474502 1.632414 0.191640
 14604.000000 25.523778 1.619240 0.146883
 14607.000000 25.456669 1.610465 0.130043
 14610.000000 25.493292 1.621267 0.142611
 14613.000000 25.522100 1.630565 0.205156
 14616.000000 25.445390 1.608162 0.195267
 14619.000000 25.474766 1.597882 0.196722
 14622.000000 25.372788 1.602896 0.183340
 14625.000000 25.478968 1.605895 0.151783
 14628.000000 25.418561 1.623458 0.185926
 14631.000000 25.465673 1.632909 0.165314
 14634.000000 25.490189 1.610601 0.136640
 14637.000000 25.586705 1.591558 0.125598
 14640.000000 25.601125 1.615670 0.143911
 14643.000000 25.626915 1.638831 0.178426
 14646.000000 25.609012 1.626944 0.147631
 14649.000000 25.551511 1.659424 0.187062
 14652.000000 25.580113 1.634835 0.163410
 14655.000000 25.529228 1.634679 0.164600
 14658.000000 25.578693 1.615606 0.164882
 14661.000000 25.652291 1.644619 0.177242
 14664.000000 25.543877 1.650603 0.179171
 14667.000000 25.594499 1.626395 0.175530
 14670.000000 25.690987 1.641124 0.195685
 14673.000000 25.591019 1.642742 0.226000
 14676.000000 25.584486 1.669550 0.156907
 14679.000000 25.622129 1.611363 0.163394
 14682.000000 25.606666 1.613795 0.139348
 14685.000000 25.585144 1.610220 0.128986
 14688.000000 25.515160 1.617608 0.119677
 14691.000000 25.431499 1.604353 0.169267
 14694.000000 25.443506 1.592811 0.153169
 14697.000000 25.481125 1.595948 0.149457
 14700.000000 25.468869 1.571745 0.138938
 14703.000000 25.534278 1.592596 0.094039
 14706.000000 25.427136 1.592077 0.128855
 14709.000000 25.412445 1.586966 0.109045
 14712.000000 25.433593 1.610433 0.124745
 14715.000000 25.507616 1.606759 0.105230
 14718.000000 25.441718 1.614099 0.179962
 14721.000000 25.400435 1.639709 0.165657
 14724.000000 25.331924 1.588889 0.140004
 14727.000000 25.279482 1.581193 0.134874
 14730.000000 25.405561 1.609805 0.149085
 14733.000000 25.426348 1.616445 0.149629
 14736.000000 25.479114 1.612936 0.155266
 14739.000000 25.497231 1.637629 0.152131
 14742.000000 25.409757 1.614142 0.184930
 14745.000000 25.424440 1.617151 0.167937
 14748.000000 25.485496 1.596655 0.141030
 14751.000000 25.494428 1.639918 0.172467
 14754.000000 25.463975 1.624187 0.170871
 14757.000000 25.533656 1.609406 0.156964
 14760.000000 25.576876 1.628123 0.170425
 14763.000000 25.598324 1.599081 0.135380
 14766.000000 25.712017 1.601214 0.141066
 14769.000000 25.655573 1.566829 0.159656
 14772.000000 25.648208 1.571445 0.121878
 14775.000000 25.652946 1.591592 0.120159
 14778.000000 25.603011 1.589105 0.122186
 14781.000000 25.521640 1.577444 0.130134
 14784.000000 25.435813 1.567614 0.151841
 14787.000000 25.479350 1.582240 0.110681
 14790.000000 25.473514 1.599669 0.120657
 14793.000000 25.542368 1.599103 0.055462
 14796.000000 25.504210 1.606216 0.044534
 14799.000000 25.541472 1.615494 0.075920
 14802.000000 25.586435 1.611018 0.052775
 14805.000000 25.541481 1.613935 0.067190
 14808.000000 25.563753 1.616441 0.093555
 14811.000000 25.479255 1.617571 0.103311
 14814.000000 25.482269 1.614562 0.082201
 14817.000000 25.427849 1.609369 0.084701
 14820.000000 25.366351 1.631195 0.133087
 14823.000000 25.330374 1.630476 0.187121
 14826.000000 25.373367 1.615796 0.186646
 14829.000000 25.367311 1.586419 0.129211
 14832.000000 25.365138 1.614326 0.181606
 14835.000000 25.297913 1.584391 0.141727
 14838.000000 25.379482 1.576251 0.138663
 14841.000000 25.383662 1.625971 0.173953
 14844.000000 25.433292 1.635606 0.173318
 14847.000000 25.361563 1.637532 0.207312
 14850.000000 25.244470 1.643616 0.179458
 14853.000000 25.316305 1.624665 0.168944
 14856.000000 25.399055 1.623110 0.165762
 14859.000000 25.380241 1.617626 0.164147
 14862.000000 25.340966 1.624105 0.146651
 14865.000000 25.378247 1.615889 0.136505
 14868.000000 25.363841 1.606810 0.106061
 14871.000000 25.326725 1.588212 0.106524
 14874.000000 25.290327 1.575950 0.133681
 14877.000000 25.261868 1.570744 0.151338
 14880.000000 25.284735 1.609501 0.166805
 14883.000000 25.363543 1.587326 0.139112
 14886.000000 25.373181 1.603002 0.141223
 14889.000000 25.315250 1.614220 0.111323
 14892.000000 25.378103 1.586893 0.084017
 14895.000000 25.362323 1.574362 0.085136
 14898.000000 25.356301 1.562759 0.078076
 14901.000000 25.409688 1.582255 0.118923
 14904.000000 25.381358 1.583443 0.113535
 14907.000000 25.277300 1.583669 0.063523
 14910.000000 25.365621 1.572890 0.058579
 14913.000000 25.305842 1.571146 0.101074
 14916.000000 25.333728 1.554940 0.078501
 14919.000000 25.256510 1.580424 0.098819
 14922.000000 25.356058 1.574960 0.136385
 14925.000000 25.392279 1.529669 0.107945
 14928.000000 25.355569 1.550542 0.126007
 14931.000000 25.397454 1.557038 0.136510
 14934.000000 25.378349 1.523876 0.129154
 14937.000000 25.293864 1.527642 0.105073
 14940.000000 25.333510 1.562540 0.102357
 14943.000000 25.399819 1.567333 0.108267
 14946.000000 25.348348 1.560736 0.102219
 14949.000000 25.395492 1.574227 0.116320
 14952.000000 25.427686 1.566464 0.122959
 14955.000000 25.428861 1.584067 0.123622
 14958.000000 25.469397 1.583971 0.119781
 14961.000000 25.498231 1.551331 0.100605
 14964.000000 25.532883 1.591107 0.129814
 14967.000000 25.522244 1.576200 0.146883
 14970.000000 25.474124 1.576371 0.146244
 14973.000000 25.512887 1.580307 0.177009
 14976.000000 25.525427 1.583587 0.179484
 14979.000000 25.533749 1.606177 0.167607
 14982.000000 25.548295 1.617120 0.198226
 14985.000000 25.495085 1.590743 0.155787
 14988.000000 25.486909 1.582934 0.148946
 14991.000000 25.617973 1.557833 0.134102
 14994.000000 25.637537 1.583159 0.135691
 14997.000000 25.665597 1.591805 0.146368
 15000.000000 25.746991 1.568843 0.138404
 15003.000000 25.653904 1.564398 0.135499
 15006.000000 25.607186 1.569148 0.134320
 15009.000000 25.651778 1.557325 0.153441
 15012.000000 25.610332 1.543207 0.100932
 15015.000000 25.624599 1.578219 0.128800
 15018.000000 25.638647 1.587075 0.140343
 15021.000000 25.699762 1.577831 0.129837
 15024.000000 25.635763 1.573334 0.121247
 15027.000000 25.702544 1.532695 0.117854
 15030.000000 25.712922 1.520228 0.098799
 15033.000000 25.662908 1.533238 0.083383
 15036.000000 25.548160 1.534688 0.106557
 15039.000000 25.505181 1.541339 0.084972
 15042.000000 25.548177 1.528232 0.078297
 15045.000000 25.542656 1.533539 0.122500
 15048.000000 25.493693 1.524255 0.108000
 15051.000000 25.591421 1.518624 0.087549
 15054.000000 25.582464 1.521059 0.103836
 15057.000000 25.471251 1.543480 0.148112
 15060.000000 25.459856 1.562434 0.149583
 15063.000000 25.433862 1.542866 0.127003
 15066.000000 25.485543 1.539099 0.133899
 15069.000000 25.560673 1.547594 0.138315
 15072.000000 25.582153 1.535278 0.115441
 15075.000000 25.584597 1.554729 0.124238
 15078.000000 25.670320 1.536646 0.072655
 15081.000000 25.546518 1.519779 0.097689
 15084.000000 25.437533 1.544383 0.101648
 15087.000000 25.459768 1.544565 0.114363
 15090.000000 25.427032 1.525013 0.121002
 15093.000000 25.437967 1.513343 0.094766
 15096.000000 25.389103 1.541385 0.135767
 15099.000000 25.431327 1.532244 0.146652
 15102.000000 25.459174 1.527223 0.126419
 15105.000000 25.519590 1.505072 0.132632
 15108.000000 25.454455 1.491907 0.124268
 15111.000000 25.445062 1.502453 0.123102
 15114.000000 25.328304 1.512367 0.142672
 15117.000000 25.348216 1.535497 0.151934
 15120.000000 25.427804 1.523713 0.092012
 15123.000000 25.430586 1.522068 0.141385
 15126.000000 25.449235 1.523481 0.136093
 15129.000000 25.402744 1.535574 0.164117
 15132.000000 25.391378 1.522678 0.130919
 15135.000000 25.404725 1.515801 0.109880
 15138.000000 25.400471 1.565552 0.143162
 15141.000000 25.422804 1.572305 0.141835
 15144.000000 25.445641 1.592744 0.143901
 15147.000000 25.437358 1.577246 0.114895
 15150.000000 25.488898 1.592049 0.118285
 15153.000000 25.467837 1.581581 0.120482
 15156.000000 25.335957 1.597443 0.142405
 15159.000000 25.404907 1.562056 0.086409
 15162.000000 25.448019 1.577799 0.130046
 15165.000000 25.453649 1.593961 0.097373
 15168.000000 25.452880 1.591351 0.069383
 15171.000000 25.503097 1.599733 0.083343
 15174.000000 25.444936 1.580239 0.054889
 15177.000000 25.355327 1.590074 0.090971
 15180.000000 25.336555 1.609382 0.101060
 15183.000000 25.311342 1.611215 0.117949
 15186.000000 25.317623 1.589521 0.099008
 15189.000000 25.273233 1.573996 0.074131
 15192.000000 25.257807 1.592107 0.088442
 15195.000000 25.326447 1.582119 0.058494
 15198.000000 25.328200 1.597828 0.120321
 15201.000000 25.392326 1.604813 0.154119
 15204.000000 25.426239 1.609414 0.162559
 15207.000000 25.467722 1.598147 0.127891
 15210.000000 25.481911 1.581564 0.088629
 15213.000000 25.479646 1.633605 0.143631
 15216.000000 25.465463 1.602359 0.094709
 15219.000000 25.373089 1.587133 0.098558
 15222.000000 25.426985 1.594953 0.107110
 15225.000000 25.442736 1.611623 0.161406
 15228.000000 25.416557 1.599397 0.136568
 15231.000000 25.383049 1.603534 0.135430
 15234.000000 25.522275 1.580495 0.135760
 15237.000000 25.582044 1.582795 0.093200
 15240.000000 25.526924 1.612372 0.124024
 15243.000000 25.529515 1.577772 0.081766
 15246.000000 25.496205 1.609246 0.110437
 15249.000000 25.542406 1.610857 0.119813
 15252.000000 25.470694 1.597181 0.116036
 15255.000000 25.528889 1.587248 0.149321
 15258.000000 25.457964 1.588752 0.122115
 15261.000000 25.401578 1.601609 0.097151
 15264.000000 25.499259 1.585205 0.084767
 15267.000000 25.473566 1.629331 0.145026
 15270.000000 25.418250 1.581789 0.120470
 15273.000000 25.509600 1.567176 0.126609
 15276.000000 25.606783 1.576763 0.119459
 15279.000000 25.604006 1.589361 0.132681
 15282.000000 25.525412 1.615905 0.131016
 15285.000000 25.497826 1.587272 0.131332
 15288.000000 25.568806 1.646467 0.124274
 15291.000000 25.502079 1.637591 0.125335
 15294.000000 25.475852 1.638166 0.140516
 15297.000000 25.478081 1.613421 0.153724
 15300.000000 25.402334 1.626492 0.117711
 15303.000000 25.448943 1.607685 0.144510
 15306.000000 25.416915 1.609255 0.131698
 15309.000000 25.458977 1.598258 0.133212
 15312.000000 25.493937 1.577263 0.136527
 15315.000000 25.555203 1.624907 0.153818
 15318.000000 25.569567 1.615158 0.170269
 15321.000000 25.579689 1.616371 0.147960
 15324.000000 25.502618 1.631459 0.155186
 15327.000000 25.495772 1.637305 0.141083
 15330.000000 25.536247 1.615824 0.095011
 15333.000000 25.597613 1.578232 0.118283
 15336.000000 25.529252 1.572504 0.084679
 15339.000000 25.587384 1.562513 0.129249
 15342.000000 25.655452 1.560873 0.139235
 15345.000000 25.541984 1.572518 0.153831
 15348.000000 25.563637 1.553055 0.114167
 15351.000000 25.546299 1.548211 0.092117
 15354.000000 25.547922 1.576326 0.110499
 15357.000000 25.563732 1.552079 0.064696
 15360.000000 25.512372 1.560175 0.145154
 15363.000000 25.632173 1.552838 0.124629
 15366.000000 25.628024 1.541248 0.153880
 15369.000000 25.648253 1.599056 0.141683
 15372.000000 25.613751 1.575234 0.163760
 15375.000000 25.533556 1.576060 0.158287
 15378.000000 25.599720 1.590704 0.125896
 15381.000000 25.550168 1.583921 0.106142
 15384.000000 25.587718 1.578145 0.115844
 15387.000000 25.587018 1.549000 0.145635
 15390.000000 25.545398 1.571535 0.135035
 15393.000000 25.528615 1.555203 0.128815
 15396.000000 25.520450 1.579229 0.130246
 15399.000000 25.527509 1.548324 0.176932
 15402.000000 25.620991 1.558674 0.133653
 15405.000000 25.548168 1.553644 0.187151
 15408.000000 25.518985 1.578645 0.140655
 15411.000000 25.506035 1.580153 0.118860
 15414.000000 25.451082 1.569908 0.114896
 15417.000000 25.563490 1.550055 0.126995
 15420.000000 25.543641 1.563185 0.084237
 15423.000000 25.464805 1.562728 0.140590
 15426.000000 25.421262 1.554332 0.130464
 15429.000000 25.501007 1.559319 0.113480
 15432.000000 25.478831 1.570390 0.137764
 15435.000000 25.392893 1.564839 0.159476
 15438.000000 25.375781 1.579995 0.126906
 15441.000000 25.356047 1.570208 0.154783
 15444.000000 25.511813 1.587718 0.150792
 15447.000000 25.424131 1.596611 0.115595
 15450.000000 25.383899 1.582974 0.119937
 15453.000000 25.459982 1.590016 0.109676
 15456.000000 25.446678 1.569365 0.135770
 15459.000000 25.402855 1.579470 0.131537
 15462.000000 25.372365 1.562876 0.118583
 15465.000000 25.381495 1.577575 0.157173
 15468.000000 25.406064 1.579870 0.169062
 15471.000000 25.444096 1.559044 0.122754
 15474.000000 25.425507 1.572418 0.132406
 15477.000000 25.427846 1.589407 0.159069
 15480.000000 25.420965 1.580397 0.121740
 15483.000000 25.477424 1.580098 0.103893
 15486.000000 25.464446 1.577539 0.117816
 15489.000000 25.451725 1.575714 0.117346
 15492.000000 25.393430 1.570070 0.102197
 15495.000000 25.369026 1.556708 0.104920
 15498.000000 25.391237 1.527802 0.111271
 15501.000000 25.458740 1.534333 0.095727
 15504.000000 25.389837 1.538388 0.091183
 15507.000000 25.352104 1.515280 0.106740
 15510.000000 25.286413 1.532097 0.104486
 15513.000000 25.268046 1.534385 0.138699
 15516.000000 25.370667 1.510283 0.114880
 15519.000000 25.456710 1.508776 0.111963
 15522.000000 25.383079 1.549128 0.088728
 15525.000000 25.355838 1.534211 0.086157
 15528.000000 25.363163 1.526121 0.070737
 15531.000000 25.385120 1.523106 0.070033
 15534.000000 25.402681 1.554026 0.081191
 15537.000000 25.478113 1.608912 0.082479
 15540.000000 25.437520 1.562933 0.102407
 15543.000000 25.416388 1.575623 0.082345
 15546.000000 25.488362 1.589490 0.069741
 15549.000000 25.467028 1.558823 0.094210
 15552.000000 25.525758 1.540794 0.127959
 15555.000000 25.519686 1.548484 0.132117
 15558.000000 25.540282 1.575283 0.150094
 15561.000000 25.586435 1.560812 0.129428
 15564.000000 25.562091 1.563517 0.112759
 15567.000000 25.473955 1.566345 0.102863
 15570.000000 25.545076 1.572138 0.091157
 15573.000000 25.527779 1.571587 0.087350
 15576.000000 25.533297 1.588388 0.102874
 15579.000000 25.491704 1.550453 0.078009
 15582.000000 25.452951 1.553600 0.070799
 15585.000000 25.496939 1.533133 0.051630
 15588.000000 25.466317 1.538623 0.062780
 15591.000000 25.469992 1.542580 0.049140
 15594.000000 25.524294 1.553844 0.034445
 15597.000000 25.556231 1.560407 0.049801
 15600.000000 25.445323 1.602724 0.088536
 15603.000000 25.475638 1.580369 0.069175
 15606.000000 25.510948 1.564294 0.096125
 15609.000000 25.467799 1.568336 0.071016
 15612.000000 25.595457 1.562036 0.099118
 15615.000000 25.486400 1.556902 0.111618
 15618.000000 25.541494 1.542254 0.100405
 15621.000000 25.652679 1.556327 0.089870
 15624.000000 25.552394 1.516838 0.113352
 15627.000000 25.644726 1.538049 0.141963
 15630.000000 25.597892 1.535629 0.099685
 15633.000000 25.593841 1.568844 0.132467
 15636.000000 25.589347 1.572300 0.139307
 15639.000000 25.590994 1.580765 0.116833
 15642.000000 25.646854 1.555866 0.115302
 15645.000000 25.597131 1.567293 0.151402
 15648.000000 25.436987 1.583111 0.141661
 15651.000000 25.518434 1.560095 0.168517
 15654.000000 25.462947 1.557204 0.174021
 15657.000000 25.449649 1.561492 0.184144
 15660.000000 25.515299 1.562699 0.166183
 15663.000000 25.469191 1.546875 0.176717
 15666.000000 25.480542 1.559433 0.132322
 15669.000000 25.535418 1.568322 0.128626
 15672.000000 25.433177 1.546249 0.171515
 15675.000000 25.366721 1.551111 0.178161
 15678.000000 25.423315 1.558495 0.154335
 15681.000000 25.426385 1.543707 0.150773
 15684.000000 25.486696 1.553357 0.140236
 15687.000000 25.447498 1.563638 0.149929
 15690.000000 25.498997 1.572545 0.144480
 15693.000000 25.384424 1.594537 0.182512
 15696.000000 25.435139 1.602105 0.178394
 15699.000000 25.347794 1.574814 0.189682
 15702.000000 25.400801 1.592759 0.178641
 15705.000000 25.398557 1.590970 0.214662
 15708.000000 25.408803 1.609366 0.180215
 15711.000000 25.399893 1.589641 0.169537
 15714.000000 25.291388 1.594189 0.180918
 15717.000000 25.404335 1.587957 0.157941
 15720.000000 25.318543 1.554596 0.196049
 15723.000000 25.338263 1.555953 0.152488
 15726.000000 25.426664 1.561096 0.159015
 15729.000000 25.364493 1.570699 0.154795
 15732.000000 25.376200 1.586816 0.179058
 15735.000000 25.400909 1.575489 0.121498
 15738.000000 25.457891 1.606402 0.128062
 15741.000000 25.441859 1.581421 0.096414
 15744.000000 25.419172 1.574551 0.145889
 15747.000000 25.372345 1.563452 0.151518
 15750.000000 25.278615 1.555997 0.152813
 15753.000000 25.335834 1.520592 0.163347
 15756.000000 25.407382 1.551836 0.135740
 15759.000000 25.359615 1.529201 0.115686
 15762.000000 25.382624 1.534761 0.102778
 15765.000000 25.405051 1.541534 0.141954
 15768.000000 25.412492 1.523860 0.124649
 15771.000000 25.329922 1.521968 0.122703
 15774.000000 25.227688 1.513883 0.112342
 15777.000000 25.245773 1.506864 0.105497
 15780.000000 25.333133 1.487952 0.145365
 15783.000000 25.230765 1.512699 0.112285
 15786.000000 25.336415 1.503498 0.152188
 15789.000000 25.430804 1.509696 0.121967
 15792.000000 25.424146 1.498194 0.107512
 15795.000000 25.479838 1.518403 0.116837
 15798.000000 25.469561 1.509735 0.111240
 15801.000000 25.449163 1.529476 0.134128
 15804.000000 25.380302 1.552890 0.183290
 15807.000000 25.406269 1.580830 0.133704
 15810.000000 25.386547 1.570962 0.103958
 15813.000000 25.476874 1.561568 0.108468
 15816.000000 25.430611 1.580655 0.140588
 15819.000000 25.391712 1.567997 0.141421
 15822.000000 25.492389 1.542701 0.089921
 15825.000000 25.333113 1.565864 0.100225
 15828.000000 25.348294 1.568549 0.106094
 15831.000000 25.375460 1.571518 0.131537
 15834.000000 25.409407 1.570802 0.110881
 15837.000000 25.369852 1.596697 0.104487
 15840.000000 25.314516 1.570253 0.100930
 15843.000000 25.364258 1.574175 0.115208
 15846.000000 25.320409 1.595192 0.180003
 15849.000000 25.306313 1.594719 0.126192
 15852.000000 25.380389 1.586150 0.124062
 15855.000000 25.371021 1.601605 0.134819
 15858.000000 25.379427 1.604887 0.166286
 15861.000000 25.366371 1.602928 0.150418
 15864.000000 25.329810 1.601220 0.161782
 15867.000000 25.392414 1.591163 0.141176
 15870.000000 25.423054 1.582420 0.100031
 15873.000000 25.509855 1.606093 0.112177
 15876.000000 25.521555 1.621985 0.136650
 15879.000000 25.499565 1.615951 0.125058
 15882.000000 25.463390 1.641369 0.137145
 15885.000000 25.382553 1.631752 0.138485
 15888.000000 25.490957 1.633977 0.160610
 15891.000000 25.518196 1.604655 0.119581
 15894.000000 25.528225 1.586523 0.116237
 15897.000000 25.518242 1.582491 0.117700
 15900.000000 25.585350 1.591593 0.123786
 15903.000000 25.634840 1.614524 0.166675
 15906.000000 25.608662 1.600609 0.168371
 15909.000000 25.581263 1.613479 0.164746
 15912.000000 25.527773 1.605835 0.134623
 15915.000000 25.512776 1.604902 0.152748
 15918.000000 25.493473 1.567478 0.103499
 15921.000000 25.461335 1.605606 0.152811
 15924.000000 25.469964 1.599223 0.133473
 15927.000000 25.583553 1.623874 0.176684
 15930.000000 25.553233 1.592342 0.182364
 15933.000000 25.541416 1.569225 0.155167
 15936.000000 25.573381 1.586323 0.155537
 15939.000000 25.437283 1.569229 0.135887
 15942.000000 25.523424 1.558582 0.132624
 15945.000000 25.496040 1.531885 0.135754
 15948.000000 25.451491 1.561126 0.154319
 15951.000000 25.421560 1.560690 0.180702
 15954.000000 25.487575 1.551137 0.156807
 15957.000000 25.452445 1.529143 0.149290
 15960.000000 25.453147 1.545821 0.134901
 15963.000000 25.515056 1.543712 0.086886
 15966.000000 25.506863 1.559307 0.126974
 15969.000000 25.504354 1.562347 0.108271
 15972.000000 25.566176 1.571753 0.131702
 15975.000000 25.515193 1.567065 0.131482
 15978.000000 25.574177 1.552106 0.134403
 15981.000000 25.516722 1.545655 0.134996
 15984.000000 25.455284 1.550762 0.144696
 15987.000000 25.492708 1.551270 0.139419
 15990.000000 25.523980 1.545450 0.141131
 15993.000000 25.509342 1.565692 0.119640
 15996.000000 25.470266 1.548877 0.117751
 15999.000000 25.447073 1.550282 0.079616
 16002.000000 25.423393 1.563025 0.123117
 16005.000000 25.409825 1.583612 0.144949
 16008.000000 25.450088 1.584170 0.168673
 16011.000000 25.409693 1.603741 0.178424
 16014.000000 25.528323 1.579035 0.142128
 16017.000000 25.508556 1.567970 0.130911
 16020.000000 25.486518 1.576861 0.165468
 16023.000000 25.499577 1.568275 0.156133
 16026.000000 25.509671 1.589848 0.153087
 16029.000000 25.496007 1.581426 0.148803
 16032.000000 25.403918 1.577373 0.150651
 16035.000000 25.477862 1.572566 0.140640
 16038.000000 25.399522 1.556478 0.109789
 16041.000000 25.352173 1.573463 0.105762
 16044.000000 25.327654 1.593324 0.133475
 16047.000000 25.325777 1.565611 0.097313
 16050.000000 25.380052 1.581194 0.105314
 16053.000000 25.420296 1.547854 0.086006
 16056.000000 25.471025 1.541648 0.101438
 16059.000000 25.378451 1.566081 0.127177
 16062.000000 25.333847 1.558745 0.110082
 16065.000000 25.354053 1.559465 0.110482
 16068.000000 25.442734 1.543921 0.122731
 16071.000000 25.487047 1.565064 0.100866
 16074.000000 25.518187 1.564231 0.097200
 16077.000000 25.550367 1.549209 0.063426
 16080.000000 25.562964 1.553632 0.085127
 16083.000000 25.532517 1.574834 0.106733
 16086.000000 25.419694 1.568456 0.070405
 16089.000000 25.440176 1.584057 0.083900
 16092.000000 25.339249 1.586352 0.121571
 16095.000000 25.368942 1.578942 0.128034
 16098.000000 25.422002 1.551488 0.137359
 16101.000000 25.409266 1.571004 0.144173
 16104.000000 25.499214 1.568989 0.140686
 16107.000000 25.511105 1.586813 0.132994
 16110.000000 25.441304 1.566750 0.108761
 16113.000000 25.524625 1.559190 0.079968
 16116.000000 25.509562 1.551604 0.085569
 16119.000000 25.450653 1.569050 0.110273
 16122.000000 25.457678 1.581781 0.141702
 16125.000000 25.460457 1.554197 0.118185
 16128.000000 25.503329 1.570836 0.156110
 16131.000000 25.517896 1.553355 0.167261
 16134.000000 25.582257 1.586768 0.191130
 16137.000000 25.531852 1.562909 0.165770
 16140.000000 25.602770 1.551208 0.133305
 16143.000000 25.677608 1.501276 0.098228
 16146.000000 25.681074 1.516670 0.122707
 16149.000000 25.785250 1.555772 0.135404
 16152.000000 25.612740 1.512363 0.081016
 16155.000000 25.634966 1.515223 0.101001
 16158.000000 25.597344 1.550203 0.134799
 16161.000000 25.677634 1.525747 0.122971
 16164.000000 25.591400 1.541258 0.160186
 16167.000000 25.643432 1.551809 0.158272
 16170.000000 25.632584 1.537083 0.144344
 16173.000000 25.649305 1.529116 0.103473
 16176.000000 25.655232 1.541263 0.145117
 16179.000000 25.620080 1.569485 0.173512
 16182.000000 25.602961 1.546419 0.148844
 16185.000000 25.688021 1.592801 0.159978
 16188.000000 25.709517 1.608286 0.179020
 16191.000000 25.597372 1.605532 0.156852
 16194.000000 25.573145 1.576907 0.154834
 16197.000000 25.576317 1.572925 0.159683
 16200.000000 25.572968 1.576217 0.143314
 16203.000000 25.546530 1.586619 0.133976
 16206.000000 25.580492 1.581400 0.132695
 16209.000000 25.583149 1.590789 0.148828
 16212.000000 25.612726 1.582446 0.123231
 16215.000000 25.666589 1.585018 0.110087
 16218.000000 25.666646 1.596166 0.106245
 16221.000000 25.705950 1.593749 0.084176
 16224.000000 25.734453 1.555506 0.056569
 16227.000000 25.609394 1.558410 0.111411
 16230.000000 25.624552 1.559114 0.080772
 16233.000000 25.637577 1.560422 0.075529
 16236.000000 25.620845 1.581942 0.122662
 16239.000000 25.489198 1.599624 0.137114
 16242.000000 25.559351 1.579775 0.128467
 16245.000000 25.534287 1.555734 0.090444
 16248.000000 25.527115 1.565826 0.100532
 16251.000000 25.638202 1.570812 0.134473
 16254.000000 25.595549 1.557719 0.132013
 16257.000000 25.543023 1.566956 0.126268
 16260.000000 25.503536 1.564174 0.118543
 16263.000000 25.500488 1.583733 0.132539
 16266.000000 25.585211 1.573422 0.137496
 16269.000000 25.595279 1.558552 0.146951
 16272.000000 25.631387 1.590596 0.199013
 16275.000000 25.622296 1.580664 0.192749
 16278.000000 25.656341 1.574653 0.173847
 16281.000000 25.577120 1.532160 0.159486
 16284.000000 25.620998 1.561585 0.197444
 16287.000000 25.589672 1.572209 0.175769
 16290.000000 25.561296 1.564331 0.170558
 16293.000000 25.581892 1.559811 0.160446
 16296.000000 25.594201 1.567131 0.181744
 16299.000000 25.657197 1.538570 0.148317
 16302.000000 25.556570 1.571212 0.173597
 16305.000000 25.451122 1.554587 0.168195
 16308.000000 25.356851 1.538110 0.126802
 16311.000000 25.425181 1.511117 0.094358
 16314.000000 25.355266 1.506809 0.085555
 16317.000000 25.378265 1.521851 0.096749
 16320.000000 25.351113 1.520810 0.112736
 16323.000000 25.347897 1.484552 0.065521
 16326.000000 25.390612 1.493079 0.075241
 16329.000000 25.356642 1.499567 0.070277
 16332.000000 25.356591 1.477758 0.037057
 16335.000000 25.457262 1.499568 0.058329
 16338.000000 25.470973 1.502172 0.128923
 16341.000000 25.427874 1.506258 0.137268
 16344.000000 25.377913 1.522624 0.139860
 16347.000000 25.387574 1.516298 0.112887
 16350.000000 25.336760 1.511171 0.122356
 16353.000000 25.321401 1.528096 0.157330
 16356.000000 25.385581 1.523664 0.128093
 16359.000000 25.380310 1.523777 0.086328
 16362.000000 25.335969 1.543590 0.116509
 16365.000000 25.250790 1.551438 0.123685
 16368.000000 25.274640 1.539119 0.081050
 16371.000000 25.270470 1.502550 0.065133
 16374.000000 25.369030 1.521417 0.131862
 16377.000000 25.420310 1.525759 0.099165
 16380.000000 25.410987 1.525955 0.084727
 16383.000000 25.433627 1.516072 0.059204
 16386.000000 25.441586 1.530335 0.061512
 16389.000000 25.438638 1.540901 0.065601
 16392.000000 25.448093 1.529692 0.062270
 16395.000000 25.491485 1.551123 0.084491
 16398.000000 25.467867 1.551458 0.079120
 16401.000000 25.459231 1.528692 0.082122
 16404.000000 25.422694 1.536742 0.126492
 16407.000000 25.429560 1.574589 0.145191
 16410.000000 25.419302 1.570336 0.127633
 16413.000000 25.489893 1.553998 0.143080
 16416.000000 25.452862 1.562359 0.163650
 16419.000000 25.513623 1.533696 0.143803
 16422.000000 25.521920 1.523780 0.143089
 16425.000000 25.520727 1.524544 0.185803
 16428.000000 25.541802 1.503650 0.131243
 16431.000000 25.424524 1.504279 0.121900
 16434.000000 25.438770 1.521160 0.140988
 16437.000000 25.479028 1.518187 0.158376
 16440.000000 25.545199 1.507683 0.141735
 16443.000000 25.511468 1.512320 0.143636
 16446.000000 25.600640 1.527726 0.145380
 16449.000000 25.552726 1.543072 0.137824
 16452.000000 25.590835 1.512958 0.138087
 16455.000000 25.608573 1.525138 0.140336
 16458.000000 25.598112 1.559840 0.150249
 16461.000000 25.683985 1.540052 0.127730
 16464.000000 25.680901 1.540715 0.132816
 16467.000000 25.649070 1.539385 0.121815
 16470.000000 25.584276 1.545835 0.146658
 16473.000000 25.575917 1.515196 0.154329
 16476.000000 25.526839 1.538936 0.144337
 16479.000000 25.633740 1.530409 0.135229
 16482.000000 25.528654 1.569731 0.167916
 16485.000000 25.540014 1.569929 0.154149
 16488.000000 25.550491 1.573871 0.162312
 16491.000000 25.504311 1.566411 0.151961
 16494.000000 25.662752 1.541718 0.139296
 16497.000000 25.634766 1.548851 0.140668
 16500.000000 25.546045 1.545134 0.163253
 16503.000000 25.628403 1.560408 0.173521
 16506.000000 25.475978 1.557450 0.156902
 16509.000000 25.497223 1.516551 0.126870
 16512.000000 25.540313 1.525310 0.139184
 16515.000000 25.587376 1.548364 0.149826
 16518.000000 25.570289 1.527701 0.141879
 16521.000000 25.636131 1.539635 0.152205
 16524.000000 25.553615 1.542362 0.163436
 16527.000000 25.520177 1.544434 0.157752
 16530.000000 25.632717 1.532743 0.154605
 16533.000000 25.676706 1.527913 0.147582
 16536.000000 25.583338 1.514409 0.120587
 16539.000000 25.603467 1.512770 0.159701
 16542.000000 25.616094 1.521635 0.131766
 16545.000000 25.518659 1.506304 0.112190
 16548.000000 25.492935 1.468803 0.151718
 16551.000000 25.429983 1.477864 0.184639
 16554.000000 25.494572 1.453938 0.182698
 16557.000000 25.485840 1.458590 0.165792
 16560.000000 25.477483 1.459468 0.142111
 16563.000000 25.550874 1.493318 0.170691
 16566.000000 25.518783 1.465653 0.149888
 16569.000000 25.502389 1.493049 0.137479
 16572.000000 25.556765 1.507664 0.173247
 16575.000000 25.474495 1.527583 0.190086
 16578.000000 25.526567 1.520957 0.147783
 16581.000000 25.446075 1.517311 0.139992
 16584.000000 25.534547 1.518780 0.131266
 16587.000000 25.506299 1.534726 0.130603
 16590.000000 25.522692 1.538355 0.152922
 16593.000000 25.559696 1.493558 0.104401
 16596.000000 25.563087 1.502359 0.099827
 16599.000000 25.621785 1.493651 0.092163
 16602.000000 25.626549 1.495992 0.126598
 16605.000000 25.634672 1.503654 0.156406
 16608.000000 25.628848 1.500014 0.139755
 16611.000000 25.630297 1.498757 0.162798
 16614.000000 25.672700 1.484638 0.122819
 16617.000000 25.635767 1.479967 0.116291
 16620.000000 25.643776 1.500539 0.149292
 16623.000000 25.606114 1.476938 0.147300
 16626.000000 25.503142 1.472245 0.155451
 16629.000000 25.488973 1.501221 0.190586
 16632.000000 25.435483 1.509228 0.196128
 16635.000000 25.502092 1.497717 0.134627
 16638.000000 25.450956 1.476351 0.133796
 16641.000000 25.446494 1.465916 0.152369
 16644.000000 25.463480 1.486407 0.179355
 16647.000000 25.525840 1.509675 0.182729
 16650.000000 25.508026 1.499072 0.162074
 16653.000000 25.549700 1.478525 0.148685
 16656.000000 25.481959 1.507433 0.194244
 16659.000000 25.573948 1.508660 0.141942
 16662.000000 25.564567 1.517598 0.173346
 16665.000000 25.529084 1.528728 0.179738
 16668.000000 25.546309 1.503437 0.176589
 16671.000000 25.565926 1.495667 0.153679
 16674.000000 25.558970 1.498172 0.141239
 16677.000000 25.533535 1.489853 0.155330
 16680.000000 25.572983 1.503009 0.172776
 16683.000000 25.580395 1.491228 0.155092
 16686.000000 25.543273 1.477133 0.176954
 16689.000000 25.509291 1.476832 0.178581
 16692.000000 25.509422 1.456887 0.120835
 16695.000000 25.459905 1.458122 0.108552
 16698.000000 25.522912 1.483100 0.154989
 16701.000000 25.517381 1.475800 0.159556
 16704.000000 25.561994 1.462329 0.110929
 16707.000000 25.590770 1.489922 0.142113
 16710.000000 25.560880 1.517915 0.188929
 16713.000000 25.506289 1.493088 0.139398
 16716.000000 25.542576 1.498083 0.124017
 16719.000000 25.551854 1.509246 0.161850
 16722.000000 25.565590 1.521215 0.180015
 16725.000000 25.524552 1.534674 0.231952
 16728.000000 25.431922 1.542480 0.206543
 16731.000000 25.445717 1.510842 0.165710
 16734.000000 25.464190 1.520124 0.143663
 16737.000000 25.483643 1.505599 0.161681
 16740.000000 25.492030 1.509579 0.153314
 16743.000000 25.507674 1.509770 0.169380
 16746.000000 25.446671 1.500534 0.177838
 16749.000000 25.437767 1.496653 0.187684
 16752.000000 25.482381 1.500214 0.181133
 16755.000000 25.555501 1.480476 0.139090
 16758.000000 25.469940 1.498297 0.153187
 16761.000000 25.543926 1.499164 0.180282
 16764.000000 25.540703 1.516871 0.162493
 16767.000000 25.579562 1.512223 0.149489
 16770.000000 25.555568 1.533841 0.146208
 16773.000000 25.587405 1.520725 0.134900
 16776.000000 25.536714 1.504091 0.083731
 16779.000000 25.489262 1.522072 0.109545
 16782.000000 25.472321 1.525599 0.110873
 16785.000000 25.543052 1.504460 0.132490
 16788.000000 25.533016 1.532094 0.142438
 16791.000000 25.531641 1.506935 0.132151
 16794.000000 25.506988 1.528907 0.168081
 16797.000000 25.431895 1.497141 0.128498
 16800.000000 25.402550 1.502326 0.143771
 16803.000000 25.369903 1.490881 0.135872
 16806.000000 25.444520 1.511770 0.122427
 16809.000000 25.373315 1.504332 0.143513
 16812.000000 25.373344 1.498830 0.131552
 16815.000000 25.370334 1.529690 0.154643
 16818.000000 25.465336 1.563924 0.179361
 16821.000000 25.342301 1.542015 0.171222
 16824.000000 25.430203 1.544318 0.126598
 16827.000000 25.479819 1.534665 0.129503
 16830.000000 25.486030 1.498982 0.125685
 16833.000000 25.580679 1.513633 0.083022
 16836.000000 25.590458 1.514036 0.120617
 16839.000000 25.602047 1.493814 0.151263
 16842.000000 25.642167 1.521509 0.167745
 16845.000000 25.535054 1.505620 0.138436
 16848.000000 25.459254 1.499361 0.128362
 16851.000000 25.545304 1.503183 0.100119
 16854.000000 25.461072 1.499211 0.128301
 16857.000000 25.477848 1.501230 0.138085
 16860.000000 25.562714 1.525806 0.165031
 16863.000000 25.521348 1.504427 0.147940
 16866.000000 25.532007 1.507905 0.156276
 16869.000000 25.544973 1.501881 0.151782
 16872.000000 25.539664 1.497602 0.153903
 16875.000000 25.569664 1.501768 0.143576
 16878.000000 25.546467 1.510728 0.156818
 16881.000000 25.540699 1.545991 0.182482
 16884.000000 25.567435 1.530661 0.146550
 16887.000000 25.662123 1.536470 0.159814
 16890.000000 25.589972 1.527301 0.188406
 16893.000000 25.536892 1.561552 0.176066
 16896.000000 25.509159 1.560010 0.165488
 16899.000000 25.515600 1.570300 0.186304
 16902.000000 25.500466 1.589231 0.193036
 16905.000000 25.472727 1.572348 0.164605
 16908.000000 25.486627 1.580524 0.144802
 16911.000000 25.603575 1.607763 0.194463
 16914.000000 25.579567 1.588856 0.166768
 16917.000000 25.570103 1.579157 0.152077
 16920.000000 25.520564 1.564724 0.134518
 16923.000000 25.492725 1.566883 0.135876
 16926.000000 25.533060 1.567150 0.178658
 16929.000000 25.508355 1.540419 0.123419
 16932.000000 25.475276 1.553097 0.157233
 16935.000000 25.495128 1.579924 0.163761
 16938.000000 25.537425 1.537966 0.151627
 16941.000000 25.498621 1.547950 0.154794
 16944.000000 25.410478 1.531678 0.148721
 16947.000000 25.418473 1.544573 0.128023
 16950.000000 25.405587 1.523039 0.091821
 16953.000000 25.451099 1.506168 0.092194
 16956.000000 25.406197 1.507064 0.107865
 16959.000000 25.418128 1.519604 0.156703
 16962.000000 25.485611 1.527326 0.115875
 16965.000000 25.477857 1.529231 0.122720
 16968.000000 25.427485 1.543179 0.121850
 16971.000000 25.447821 1.548695 0.158520
 16974.000000 25.502938 1.546415 0.136105
 16977.000000 25.497618 1.528312 0.150859
 16980.000000 25.456666 1.551711 0.172369
 16983.000000 25.392506 1.526257 0.148282
 16986.000000 25.404143 1.512854 0.171795
 16989.000000 25.380269 1.520023 0.175398
 16992.000000 25.320955 1.521866 0.183344
 16995.000000 25.392427 1.509760 0.157616
 16998.000000 25.450112 1.506297 0.129622
 17001.000000 25.340446 1.516668 0.109752
 17004.000000 25.436250 1.502752 0.118453
 17007.000000 25.426442 1.490925 0.140741
 17010.000000 25.413487 1.490316 0.132987
 17013.000000 25.348587 1.504864 0.111185
 17016.000000 25.438554 1.517754 0.103753
 17019.000000 25.430681 1.515720 0.097495
 17022.000000 25.454379 1.533304 0.135981
 17025.000000 25.427007 1.521860 0.128917
 17028.000000 25.407267 1.538115 0.122493
 17031.000000 25.382121 1.517971 0.118838
 17034.000000 25.334690 1.508445 0.118326
 17037.000000 25.390759 1.546528 0.147172
 17040.000000 25.431573 1.541860 0.142188
 17043.000000 25.450854 1.531305 0.108544
 17046.000000 25.486450 1.526702 0.113457
 17049.000000 25.496692 1.518011 0.139110
 17052.000000 25.446222 1.528969 0.111079
 17055.000000 25.454317 1.521705 0.079046
 17058.000000 25.435544 1.515889 0.103016
 17061.000000 25.357546 1.538477 0.098340
 17064.000000 25.325167 1.544252 0.124479
 17067.000000 25.289510 1.551798 0.109068
 17070.000000 25.372708 1.566292 0.124668
 17073.000000 25.316487 1.566104 0.132144
 17076.000000 25.303472 1.540266 0.100559
 17079.000000 25.330391 1.565388 0.094078
 17082.000000 25.375687 1.542461 0.066520
 17085.000000 25.381252 1.558105 0.124419
 17088.000000 25.395717 1.532384 0.070362
 17091.000000 25.381006 1.565746 0.107122
 17094.000000 25.386298 1.583321 0.142087
 17097.000000 25.388395 1.561361 0.105257
 17100.000000 25.420267 1.585715 0.122821
 17103.000000 25.391215 1.562694 0.106318
 17106.000000 25.383892 1.579561 0.156728
 17109.000000 25.394596 1.574562 0.158595
 17112.000000 25.443936 1.531391 0.136764
 17115.000000 25.440847 1.515549 0.131289
 17118.000000 25.441297 1.485013 0.120840
 17121.000000 25.455445 1.519815 0.144317
 17124.000000 25.400661 1.496876 0.166002
 17127.000000 25.435522 1.511381 0.161408
 17130.000000 25.420826 1.527198 0.148264
 17133.000000 25.420835 1.548414 0.155277
 17136.000000 25.450451 1.544860 0.170717
 17139.000000 25.457392 1.530521 0.145263
 17142.000000 25.424183 1.526822 0.120727
 17145.000000 25.395773 1.542537 0.122354
 17148.000000 25.340321 1.534796 0.126754
 17151.000000 25.438072 1.526465 0.112033
 17154.000000 25.437311 1.513491 0.117506
 17157.000000 25.418721 1.504318 0.082398
 17160.000000 25.462981 1.527609 0.097861
 17163.000000 25.356507 1.541526 0.080334
 17166.000000 25.474804 1.526535 0.086489
 17169.000000 25.355169 1.549173 0.123466
 17172.000000 25.243274 1.528243 0.134128
 17175.000000 25.226343 1.530466 0.120711
 17178.000000 25.338712 1.529221 0.156237
 17181.000000 25.386686 1.540878 0.117843
 17184.000000 25.336157 1.545912 0.082513
 17187.000000 25.363166 1.553285 0.077414
 17190.000000 25.389235 1.547375 0.089385
 17193.000000 25.395578 1.530778 0.098609
 17196.000000 25.510321 1.523490 0.090081
 17199.000000 25.445391 1.549108 0.100433
 17202.000000 25.413877 1.514047 0.127882
 17205.000000 25.462219 1.557561 0.145485
 17208.000000 25.435954 1.559133 0.142073
 17211.000000 25.446542 1.548033 0.137486
 17214.000000 25.441268 1.538262 0.125806
 17217.000000 25.507332 1.553835 0.147081
 17220.000000 25.501747 1.520769 0.126439
 17223.000000 25.522279 1.536809 0.160667
 17226.000000 25.542773 1.533028 0.129444
 17229.000000 25.554066 1.513328 0.104418
 17232.000000 25.469038 1.542105 0.107224
 17235.000000 25.463188 1.537398 0.111978
 17238.000000 25.392520 1.572017 0.107950
 17241.000000 25.521959 1.527990 0.086013
 17244.000000 25.517493 1.542915 0.138381
 17247.000000 25.528433 1.532669 0.169904
 17250.000000 25.539480 1.558116 0.139625
 17253.000000 25.425758 1.546594 0.139079
 17256.000000 25.419832 1.554365 0.135409
 17259.000000 25.355485 1.533283 0.070253
 17262.000000 25.302566 1.553980 0.109791
 17265.000000 25.366329 1.573929 0.163346
 17268.000000 25.446340 1.542091 0.130798
 17271.000000 25.370353 1.569175 0.140504
 17274.000000 25.407646 1.549509 0.128182
 17277.000000 25.446743 1.557407 0.131971
 17280.000000 25.423844 1.546845 0.140690
 17283.000000 25.425131 1.552465 0.136017
 17286.000000 25.425341 1.551153 0.128284
 17289.000000 25.375635 1.549904 0.148611
 17292.000000 25.405547 1.560666 0.146614
 17295.000000 25.483223 1.541687 0.118577
 17298.000000 25.446894 1.537850 0.115877
 17301.000000 25.408253 1.537846 0.109777
 17304.000000 25.390485 1.562771 0.157225
 17307.000000 25.396489 1.516071 0.117345
 17310.000000 25.372314 1.530335 0.146332
 17313.000000 25.356696 1.536442 0.161718
 17316.000000 25.400275 1.549641 0.129346
 17319.000000 25.336059 1.559285 0.127273
 17322.000000 25.349577 1.559212 0.105750
 17325.000000 25.350303 1.535814 0.118487
 17328.000000 25.388453 1.505560 0.071938
 17331.000000 25.423641 1.509434 0.075161
 17334.000000 25.386581 1.518735 0.089521
 17337.000000 25.260600 1.522807 0.086666
 17340.000000 25.296803 1.526702 0.129053
 17343.000000 25.371709 1.552256 0.154289
 17346.000000 25.315430 1.513394 0.113731
 17349.000000 25.312985 1.538080 0.129820
 17352.000000 25.342397 1.526345 0.098401
 17355.000000 25.265232 1.533898 0.131026
 17358.000000 25.232405 1.518880 0.126816
 17361.000000 25.126951 1.537623 0.136301
 17364.000000 25.143418 1.553527 0.124087
 17367.000000 25.181362 1.558495 0.122377
 17370.000000 25.151878 1.570779 0.172739
 17373.000000 25.263997 1.550438 0.160974
 17376.000000 25.283369 1.530967 0.187743
 17379.000000 25.287737 1.513998 0.126546
 17382.000000 25.267678 1.542428 0.182545
 17385.000000 25.244446 1.556577 0.162397
 17388.000000 25.344974 1.539135 0.128229
 17391.000000 25.395243 1.562272 0.189265
 17394.000000 25.418846 1.558645 0.125972
 17397.000000 25.414434 1.597709 0.158058
 17400.000000 25.349426 1.572644 0.143228
 17403.000000 25.369128 1.562888 0.171451
 17406.000000 25.346532 1.564631 0.163341
 17409.000000 25.378510 1.544333 0.186241
 17412.000000 25.351172 1.595171 0.164621
 17415.000000 25.321910 1.596349 0.160480
 17418.000000 25.349796 1.564440 0.158811
 17421.000000 25.332662 1.553450 0.127709
 17424.000000 25.365948 1.523660 0.138599
 17427.000000 25.365948 1.533021 0.131657
 17430.000000 25.363262 1.541184 0.138261
 17433.000000 25.400806 1.537182 0.152797
 17436.000000 25.420067 1.536798 0.163623
 17439.000000 25.481856 1.523532 0.182242
 17442.000000 25.377971 1.552567 0.178959
 17445.000000 25.325176 1.535641 0.166452
 17448.000000 25.389746 1.559862 0.169121
 17451.000000 25.309631 1.533915 0.162013
 17454.000000 25.356922 1.540786 0.153606
 17457.000000 25.356073 1.554944 0.140697
 17460.000000 25.331418 1.567053 0.145963
 17463.000000 25.372246 1.573528 0.101477
 17466.000000 25.407130 1.567252 0.118511
 17469.000000 25.361946 1.574950 0.156166
 17472.000000 25.461163 1.549279 0.130024
 17475.000000 25.450132 1.540820 0.137674
 17478.000000 25.462287 1.521227 0.095534
 17481.000000 25.483014 1.502719 0.092444
 17484.000000 25.376218 1.526797 0.112272
 17487.000000 25.383429 1.506518 0.090120
 17490.000000 25.377792 1.526815 0.110792
 17493.000000 25.392695 1.540887 0.116633
 17496.000000 25.511971 1.543192 0.125136
 17499.000000 25.432134 1.513918 0.063340
 17502.000000 25.452228 1.500066 0.075540
 17505.000000 25.487990 1.517943 0.091309
 17508.000000 25.442038 1.514743 0.032330
 17511.000000 25.475671 1.534467 0.086089
 17514.000000 25.412593 1.508574 0.057099
 17517.000000 25.421244 1.518929 0.066349
 17520.000000 25.378476 1.499028 0.067584
 17523.000000 25.488017 1.509823 0.056270
 17526.000000 25.581629 1.528870 0.120391
 17529.000000 25.647060 1.500278 0.097221
 17532.000000 25.598705 1.509104 0.129354
 17535.000000 25.502782 1.510114 0.111730
 17538.000000 25.410312 1.508044 0.112594
 17541.000000 25.447376 1.513862 0.112972
 17544.000000 25.368320 1.503425 0.109339
 17547.000000 25.353912 1.515655 0.116879
 17550.000000 25.354004 1.514255 0.088820
 17553.000000 25.331676 1.497340 0.115969
 17556.000000 25.372371 1.482313 0.153863
 17559.000000 25.333926 1.515331 0.180436
 17562.000000 25.406725 1.518631 0.120279
 17565.000000 25.415018 1.543527 0.143773
 17568.000000 25.524150 1.514901 0.137896
 17571.000000 25.510065 1.527982 0.169618
 17574.000000 25.467333 1.526732 0.205003
 17577.000000 25.404630 1.530394 0.184584
 17580.000000 25.489570 1.506096 0.162121
 17583.000000 25.444502 1.518675 0.170578
 17586.000000 25.358315 1.536559 0.158487
 17589.000000 25.297323 1.521668 0.150881
 17592.000000 25.337923 1.513129 0.145410
 17595.000000 25.267028 1.530455 0.157230
 17598.000000 25.320211 1.543546 0.146113
 17601.000000 25.324742 1.545066 0.127658
 17604.000000 25.322319 1.550181 0.146868
 17607.000000 25.295194 1.517043 0.151036
 17610.000000 25.346292 1.518866 0.126218
 17613.000000 25.405090 1.491683 0.083276
 17616.000000 25.395918 1.523238 0.127624
 17619.000000 25.387525 1.524441 0.115119
 17622.000000 25.381082 1.496811 0.116286
 17625.000000 25.342499 1.537286 0.089465
 17628.000000 25.386645 1.545998 0.091813
 17631.000000 25.249916 1.559358 0.108419
 17634.000000 25.260447 1.545573 0.073110
 17637.000000 25.331169 1.527194 0.049496
 17640.000000 25.290127 1.495321 0.088135
 17643.000000 25.389476 1.487475 0.094652
 17646.000000 25.462281 1.509024 0.107912
 17649.000000 25.452656 1.527785 0.099191
 17652.000000 25.373203 1.521529 0.090738
 17655.000000 25.441986 1.558702 0.076271
 17658.000000 25.549656 1.553104 0.087220
 17661.000000 25.593877 1.538658 0.128863
 17664.000000 25.470331 1.552794 0.123701
 17667.000000 25.501660 1.539792 0.117645
 17670.000000 25.486278 1.534871 0.159460
 17673.000000 25.527263 1.502672 0.128600
 17676.000000 25.488456 1.485234 0.148610
 17679.000000 25.528920 1.535210 0.083950
 17682.000000 25.547819 1.516882 0.106880
 17685.000000 25.551973 1.502905 0.059609
 17688.000000 25.580426 1.526835 0.108096
 17691.000000 25.612677 1.536988 0.114648
 17694.000000 25.609256 1.544738 0.118508
 17697.000000 25.535876 1.533951 0.150978
 17700.000000 25.497804 1.548294 0.133003
 17703.000000 25.526395 1.546016 0.177185
 17706.000000 25.493578 1.544406 0.130438
 17709.000000 25.542058 1.546543 0.157490
 17712.000000 25.586926 1.515557 0.165547
 17715.000000 25.612509 1.496532 0.172741
 17718.000000 25.556201 1.489129 0.168086
 17721.000000 25.555350 1.485319 0.142060
 17724.000000 25.592125 1.480170 0.144568
 17727.000000 25.566197 1.503234 0.188631
 17730.000000 25.628135 1.535407 0.182361
 17733.000000 25.654914 1.483047 0.155568
 17736.000000 25.660282 1.504343 0.161569
 17739.000000 25.567345 1.512068 0.143776
 17742.000000 25.507904 1.510213 0.169094
 17745.000000 25.527727 1.530076 0.163526
 17748.000000 25.508827 1.534568 0.145386
 17751.000000 25.525791 1.505775 0.164401
 17754.000000 25.517100 1.545523 0.145641
 17757.000000 25.468963 1.526607 0.158788
 17760.000000 25.498311 1.551150 0.143725
 17763.000000 25.464770 1.529064 0.120163
 17766.000000 25.444009 1.549223 0.141340
 17769.000000 25.465844 1.517095 0.166827
 17772.000000 25.536057 1.505173 0.200681
 17775.000000 25.528491 1.514755 0.195420
 17778.000000 25.515028 1.534466 0.141177
 17781.000000 25.583527 1.537908 0.157791
 17784.000000 25.619176 1.527864 0.175403
 17787.000000 25.601792 1.531761 0.146379
 17790.000000 25.619742 1.575629 0.132687
 17793.000000 25.506571 1.571256 0.148863
 17796.000000 25.475914 1.569917 0.158197
 17799.000000 25.342148 1.551103 0.170527
 17802.000000 25.386887 1.566934 0.148241
 17805.000000 25.407475 1.547164 0.103036
 17808.000000 25.444686 1.555068 0.101234
 17811.000000 25.387949 1.511098 0.114064
 17814.000000 25.384697 1.514742 0.145038
 17817.000000 25.380223 1.523166 0.165211
 17820.000000 25.369645 1.537955 0.144490
 17823.000000 25.380960 1.535685 0.156895
 17826.000000 25.394017 1.533346 0.159154
 17829.000000 25.300010 1.540219 0.127148
 17832.000000 25.359839 1.522642 0.119255
 17835.000000 25.439616 1.526616 0.133693
 17838.000000 25.379360 1.510643 0.118908
 17841.000000 25.408337 1.506454 0.140476
 17844.000000 25.399030 1.534309 0.132029
 17847.000000 25.461253 1.499969 0.091015
 17850.000000 25.577644 1.503064 0.104268
 17853.000000 25.570749 1.529833 0.086671
 17856.000000 25.479042 1.532515 0.088622
 17859.000000 25.423734 1.524237 0.090575
 17862.000000 25.520932 1.552567 0.149341
 17865.000000 25.444818 1.573844 0.136145
 17868.000000 25.467440 1.592387 0.132728
 17871.000000 25.495936 1.587054 0.148750
 17874.000000 25.544223 1.604986 0.159789
 17877.000000 25.591087 1.595665 0.125336
 17880.000000 25.602339 1.589881 0.139799
 17883.000000 25.652221 1.587644 0.118065
 17886.000000 25.637019 1.597948 0.125643
 17889.000000 25.567614 1.602669 0.124042
 17892.000000 25.565010 1.571668 0.099044
 17895.000000 25.573060 1.581828 0.135257
 17898.000000 25.598401 1.568581 0.128300
 17901.000000 25.601271 1.576839 0.087468
 17904.000000 25.663436 1.592282 0.101259
 17907.000000 25.570913 1.595074 0.090538
 17910.000000 25.538604 1.589726 0.114390
 17913.000000 25.558179 1.570660 0.158300
 17916.000000 25.560886 1.562643 0.097629
 17919.000000 25.574148 1.574829 0.106435
 17922.000000 25.616764 1.555972 0.098350
 17925.000000 25.650027 1.528903 0.113839
 17928.000000 25.613239 1.515844 0.069548
 17931.000000 25.612757 1.501961 0.077049
 17934.000000 25.569004 1.517190 0.071442
 17937.000000 25.519681 1.526648 0.088703
 17940.000000 25.495745 1.499864 0.131237
 17943.000000 25.630110 1.519062 0.108102
 17946.000000 25.603420 1.522016 0.140036
 17949.000000 25.630692 1.518130 0.144328
 17952.000000 25.607467 1.525876 0.123619
 17955.000000 25.645661 1.502664 0.157086
 17958.000000 25.673120 1.504687 0.139256
 17961.000000 25.735438 1.484716 0.152344
 17964.000000 25.627406 1.473878 0.150714
 17967.000000 25.603481 1.483022 0.157174
 17970.000000 25.606319 1.463860 0.163593
 17973.000000 25.605556 1.463824 0.146329
 17976.000000 25.642653 1.481645 0.184536
 17979.000000 25.608335 1.485234 0.191143
 17982.000000 25.638974 1.509180 0.158616
 17985.000000 25.627954 1.511766 0.134738
 17988.000000 25.593634 1.522105 0.164102
 17991.000000 25.593467 1.514789 0.145763
 17994.000000 25.644384 1.526607 0.129269
 17997.000000 25.584380 1.507506 0.128152
 18000.000000 25.555441 1.520739 0.169748
 18003.000000 25.481013 1.524415 0.180647
 18006.000000 25.417276 1.521082 0.176317
 18009.000000 25.442964 1.538813 0.190742
 18012.000000 25.461790 1.539733 0.173493
 18015.000000 25.416789 1.543133 0.175892
 18018.000000 25.458875 1.528114 0.165887
 18021.000000 25.394855 1.550698 0.127961
 18024.000000 25.397812 1.543272 0.175697
 18027.000000 25.433274 1.536469 0.175381
 18030.000000 25.413406 1.526032 0.130093
 18033.000000 25.423865 1.524464 0.172159
 18036.000000 25.466813 1.542660 0.161543
 18039.000000 25.448281 1.533553 0.171485
 18042.000000 25.395363 1.543369 0.139859
 18045.000000 25.511325 1.546255 0.133075
 18048.000000 25.588617 1.552516 0.132924
 18051.000000 25.603698 1.543612 0.138285
 18054.000000 25.609881 1.545758 0.158023
 18057.000000 25.580130 1.565362 0.171370
 18060.000000 25.623716 1.530675 0.151659
 18063.000000 25.578651 1.552516 0.183155
 18066.000000 25.569537 1.552301 0.183930
 18069.000000 25.531802 1.544790 0.198641
 18072.000000 25.618186 1.535770 0.170968
 18075.000000 25.511384 1.531823 0.188935
 18078.000000 25.579617 1.541381 0.188674
 18081.000000 25.568427 1.538097 0.141615
 18084.000000 25.468446 1.555411 0.154419
 18087.000000 25.507981 1.540479 0.146670
 18090.000000 25.587578 1.522035 0.125512
 18093.000000 25.468490 1.500344 0.130238
 18096.000000 25.539324 1.505650 0.136850
 18099.000000 25.555237 1.509441 0.150485
 18102.000000 25.500845 1.541012 0.151393
 18105.000000 25.502204 1.528715 0.122016
 18108.000000 25.448226 1.527780 0.119812
 18111.000000 25.414766 1.526556 0.203642
 18114.000000 25.472079 1.558742 0.182334
 18117.000000 25.403989 1.528766 0.154505
 18120.000000 25.440038 1.551734 0.116364
 18123.000000 25.386729 1.527689 0.159736
 18126.000000 25.352746 1.538432 0.165788
 18129.000000 25.418816 1.529890 0.182200
 18132.000000 25.513691 1.560184 0.181038
 18135.000000 25.468095 1.530098 0.114913
 18138.000000 25.523090 1.556179 0.120468
 18141.000000 25.544273 1.551755 0.175799
 18144.000000 25.579174 1.563385 0.169220
 18147.000000 25.487979 1.562228 0.126291
 18150.000000 25.567411 1.590680 0.147229
 18153.000000 25.586918 1.557733 0.151490
 18156.000000 25.621502 1.556364 0.101565
 18159.000000 25.569565 1.554985 0.087824
 18162.000000 25.583905 1.582120 0.114870
 18165.000000 25.628321 1.557360 0.102724
 18168.000000 25.575845 1.540125 0.120508
 18171.000000 25.619731 1.535038 0.111959
 18174.000000 25.619093 1.539832 0.128388
 18177.000000 25.648069 1.526264 0.124207
 18180.000000 25.520651 1.532695 0.132122
 18183.000000 25.596098 1.569975 0.131106
 18186.000000 25.495980 1.571546 0.142044
 18189.000000 25.492324 1.567343 0.140252
 18192.000000 25.515543 1.570157 0.112777
 18195.000000 25.484873 1.552593 0.097314
 18198.000000 25.554054 1.555255 0.085970
 18201.000000 25.476190 1.518821 0.079798
 18204.000000 25.468119 1.547183 0.089122
 18207.000000 25.392764 1.555461 0.069874
 18210.000000 25.447084 1.538855 0.030320
 18213.000000 25.527699 1.550939 0.062754
 18216.000000 25.475616 1.570826 0.061862
 18219.000000 25.480019 1.545985 0.068029
 18222.000000 25.553204 1.536193 0.057421
 18225.000000 25.558883 1.543736 0.093096
 18228.000000 25.485528 1.578213 0.116296
 18231.000000 25.469621 1.536064 0.080401
 18234.000000 25.418284 1.548881 0.107660
 18237.000000 25.387878 1.540996 0.106927
 18240.000000 25.380937 1.565428 0.108453
 18243.000000 25.312107 1.555565 0.113210
 18246.000000 25.266910 1.551070 0.098633
 18249.000000 25.163734 1.576458 0.159131
 18252.000000 25.240040 1.550504 0.127178
 18255.000000 25.266023 1.538451 0.126814
 18258.000000 25.332965 1.507672 0.121210
 18261.000000 25.295817 1.533561 0.146906
 18264.000000 25.308584 1.536439 0.144095
 18267.000000 25.328785 1.535766 0.178716
 18270.000000 25.405818 1.515216 0.130127
 18273.000000 25.337725 1.514921 0.128366
 18276.000000 25.377727 1.526009 0.143596
 18279.000000 25.380791 1.528731 0.153441
 18282.000000 25.432677 1.557424 0.150921
 18285.000000 25.400096 1.554279 0.123916
 18288.000000 25.392871 1.570708 0.189332
 18291.000000 25.396819 1.588445 0.206699
 18294.000000 25.505461 1.590670 0.168183
 18297.000000 25.530737 1.588165 0.161838
 18300.000000 25.504232 1.556306 0.128182
 18303.000000 25.541533 1.545485 0.122317
 18306.000000 25.557247 1.577318 0.137747
 18309.000000 25.556465 1.556023 0.111564
 18312.000000 25.550014 1.526096 0.097676
 18315.000000 25.574936 1.544331 0.101439
 18318.000000 25.586697 1.549945 0.062045
 18321.000000 25.589228 1.570011 0.089830
 18324.000000 25.522350 1.575454 0.108977
 18327.000000 25.557936 1.579036 0.116198
 18330.000000 25.464388 1.594490 0.150497
 18333.000000 25.519266 1.600444 0.146141
 18336.000000 25.459335 1.577758 0.132290
 18339.000000 25.487620 1.588161 0.150739
 18342.000000 25.453185 1.584585 0.170443
 18345.000000 25.344964 1.587857 0.207985
 18348.000000 25.394114 1.573265 0.154658
 18351.000000 25.366607 1.579449 0.160450
 18354.000000 25.390502 1.591520 0.147977
 18357.000000 25.429719 1.601942 0.160038
 18360.000000 25.387360 1.576955 0.149560
 18363.000000 25.469789 1.590852 0.167345
 18366.000000 25.424998 1.601491 0.196185
 18369.000000 25.380380 1.583643 0.150337
 18372.000000 25.556282 1.558962 0.134126
 18375.000000 25.512411 1.587061 0.152367
 18378.000000 25.546828 1.583355 0.162749
 18381.000000 25.501604 1.603635 0.187088
 18384.000000 25.454513 1.626261 0.213844
 18387.000000 25.558555 1.598534 0.177360
 18390.000000 25.503661 1.591191 0.205703
 18393.000000 25.464468 1.593271 0.171856
 18396.000000 25.487900 1.603782 0.171416
 18399.000000 25.439696 1.587652 0.147930
 18402.000000 25.398950 1.582186 0.133560
 18405.000000 25.470069 1.575267 0.144227
 18408.000000 25.425990 1.557888 0.118074
 18411.000000 25.384240 1.580679 0.133497
 18414.000000 25.433494 1.584203 0.170995
 18417.000000 25.413347 1.583657 0.158354
 18420.000000 25.402818 1.585744 0.129838
 18423.000000 25.357974 1.568927 0.119134
 18426.000000 25.272861 1.562799 0.125144
 18429.000000 25.347311 1.558663 0.103644
 18432.000000 25.362170 1.573407 0.129245
 18435.000000 25.438313 1.548243 0.111511
 18438.000000 25.453393 1.585662 0.133642
 18441.000000 25.481323 1.562097 0.148809
 18444.000000 25.494172 1.553085 0.104629
 18447.000000 25.476472 1.580812 0.144726
 18450.000000 25.448031 1.562196 0.127592
 18453.000000 25.457109 1.556025 0.137498
 18456.000000 25.456921 1.526981 0.153045
 18459.000000 25.530881 1.529979 0.194405
 18462.000000 25.538216 1.542478 0.185579
 18465.000000 25.413544 1.557737 0.200145
 18468.000000 25.358622 1.534139 0.168181
 18471.000000 25.413904 1.537670 0.137945
 18474.000000 25.442529 1.500060 0.122603
 18477.000000 25.396435 1.497991 0.102469
 18480.000000 25.345267 1.523529 0.142981
 18483.000000 25.356421 1.535250 0.138071
 18486.000000 25.319981 1.533398 0.157365
 18489.000000 25.341819 1.529643 0.120868
 18492.000000 25.346109 1.503506 0.113307
 18495.000000 25.373315 1.505653 0.134734
 18498.000000 25.359273 1.512500 0.167210
 18501.000000 25.375615 1.513168 0.105523
 18504.000000 25.442829 1.532689 0.083347
 18507.000000 25.403442 1.536516 0.091547
 18510.000000 25.473379 1.500973 0.070578
 18513.000000 25.478203 1.503293 0.059839
 18516.000000 25.487906 1.482669 0.084697
 18519.000000 25.440433 1.489699 0.102844
 18522.000000 25.424680 1.499061 0.081036
 18525.000000 25.439039 1.483603 0.083151
 18528.000000 25.461334 1.482582 0.109348
 18531.000000 25.533781 1.498408 0.084330
 18534.000000 25.435667 1.516519 0.064978
 18537.000000 25.390749 1.526937 0.068401
 18540.000000 25.283646 1.535001 0.080670
 18543.000000 25.323395 1.555657 0.073704
 18546.000000 25.303832 1.526261 0.067003
 18549.000000 25.285573 1.536294 0.103749
 18552.000000 25.293656 1.515279 0.106702
 18555.000000 25.385668 1.528997 0.070884
 18558.000000 25.387044 1.528903 0.113712
 18561.000000 25.386251 1.542360 0.147700
 18564.000000 25.345413 1.530651 0.129091
 18567.000000 25.414494 1.531886 0.107583
 18570.000000 25.361302 1.519408 0.130018
 18573.000000 25.415345 1.521788 0.105674
 18576.000000 25.395894 1.527291 0.182008
 18579.000000 25.389483 1.537335 0.099915
 18582.000000 25.419914 1.550318 0.115745
 18585.000000 25.347789 1.557550 0.092507
 18588.000000 25.295935 1.560197 0.116241
 18591.000000 25.265013 1.513675 0.103259
 18594.000000 25.291313 1.524844 0.134529
 18597.000000 25.359864 1.499631 0.128020
 18600.000000 25.346524 1.518985 0.121726
 18603.000000 25.341527 1.525272 0.109056
 18606.000000 25.472406 1.513406 0.091986
 18609.000000 25.553312 1.526671 0.101912
 18612.000000 25.523528 1.526070 0.091413
 18615.000000 25.533499 1.536618 0.127909
 18618.000000 25.458486 1.523833 0.069245
 18621.000000 25.588290 1.495196 0.101541
 18624.000000 25.557308 1.506194 0.110505
 18627.000000 25.547912 1.511538 0.075339
 18630.000000 25.490226 1.515140 0.122652
 18633.000000 25.515599 1.534772 0.091924
 18636.000000 25.530042 1.539978 0.093271
 18639.000000 25.520678 1.524607 0.088138
 18642.000000 25.538915 1.556931 0.104149
 18645.000000 25.484434 1.547958 0.092812
 18648.000000 25.443548 1.549406 0.124366
 18651.000000 25.457867 1.541149 0.070179
 18654.000000 25.539715 1.572410 0.089674
 18657.000000 25.432971 1.584143 0.099048
 18660.000000 25.512149 1.573484 0.081518
 18663.000000 25.545445 1.597856 0.117784
 18666.000000 25.535040 1.599800 0.159401
 18669.000000 25.517909 1.585535 0.169251
 18672.000000 25.458443 1.590447 0.185892
 18675.000000 25.395609 1.589577 0.158694
 18678.000000 25.347703 1.569488 0.127881
 18681.000000 25.384944 1.567300 0.149707
 18684.000000 25.419286 1.583908 0.172937
 18687.000000 25.486309 1.562410 0.141168
 18690.000000 25.428306 1.542179 0.119847
 18693.000000 25.335119 1.550014 0.125415
 18696.000000 25.355546 1.577470 0.113313
 18699.000000 25.357739 1.555993 0.123331
 18702.000000 25.448807 1.563009 0.105185
 18705.000000 25.372569 1.556265 0.148777
 18708.000000 25.425162 1.560978 0.138480
 18711.000000 25.471421 1.558312 0.126640
 18714.000000 25.360973 1.518753 0.142700
 18717.000000 25.299521 1.529537 0.092170
 18720.000000 25.441481 1.522834 0.067695
 18723.000000 25.369045 1.502519 0.093503
 18726.000000 25.396775 1.521671 0.055101
 18729.000000 25.372573 1.517802 0.086344
 18732.000000 25.340427 1.522899 0.080677
 18735.000000 25.354327 1.530619 0.094702
 18738.000000 25.326130 1.556446 0.127971
 18741.000000 25.340920 1.549642 0.110356
 18744.000000 25.302576 1.554705 0.139465
 18747.000000 25.274073 1.554598 0.111585
 18750.000000 25.325647 1.558984 0.108503
 18753.000000 25.246082 1.587420 0.106990
 18756.000000 25.233044 1.562543 0.087677
 18759.000000 25.110914 1.567946 0.075167
 18762.000000 25.225919 1.565551 0.069868
 18765.000000 25.155837 1.570138 0.013579
 18768.000000 25.181417 1.551062 0.043805
 18771.000000 25.199912 1.543889 0.046574
 18774.000000 25.218232 1.524385 0.080385
 18777.000000 25.190339 1.511976 0.095172
 18780.000000 25.174642 1.523850 0.075734
 18783.000000 25.245621 1.514308 0.048669
 18786.000000 25.322955 1.514767 0.091753
 18789.000000 25.384889 1.493134 0.124117
 18792.000000 25.364801 1.498258 0.141965
 18795.000000 25.369268 1.517302 0.103911
 18798.000000 25.447477 1.505168 0.097907
 18801.000000 25.379133 1.502905 0.102215
 18804.000000 25.477700 1.516564 0.084227
 18807.000000 25.503974 1.485836 0.109354
 18810.000000 25.463315 1.475907 0.141075
 18813.000000 25.464375 1.510440 0.108861
 18816.000000 25.512157 1.559189 0.147717
 18819.000000 25.412108 1.560368 0.117610
 18822.000000 25.477950 1.588590 0.115840
 18825.000000 25.467125 1.608158 0.093475
 18828.000000 25.397524 1.594034 0.138614
 18831.000000 25.366003 1.580905 0.117350
 18834.000000 25.434514 1.616119 0.116438
 18837.000000 25.406770 1.634309 0.108272
 18840.000000 25.377363 1.626175 0.095011
 18843.000000 25.429664 1.613504 0.094210
 18846.000000 25.437313 1.618544 0.096735
 18849.000000 25.527522 1.622054 0.118943
 18852.000000 25.526371 1.653939 0.127759
 18855.000000 25.565578 1.618363 0.112479
 18858.000000 25.608769 1.644080 0.119441
 18861.000000 25.519328 1.639308 0.136956
 18864.000000 25.533037 1.632534 0.160837
 18867.000000 25.533887 1.619659 0.125096
 18870.000000 25.520701 1.602037 0.103382
 18873.000000 25.543177 1.606869 0.121276
 18876.000000 25.520540 1.605612 0.138558
 18879.000000 25.530896 1.600287 0.158425
 18882.000000 25.465275 1.566095 0.121323
 18885.000000 25.486672 1.599324 0.165293
 18888.000000 25.518412 1.582024 0.149463
 18891.000000 25.556079 1.572466 0.173142
 18894.000000 25.586213 1.586820 0.163760
 18897.000000 25.510273 1.576017 0.144405
 18900.000000 25.506611 1.588971 0.172426
 18903.000000 25.499244 1.574389 0.146165
 18906.000000 25.517767 1.576544 0.162918
 18909.000000 25.558612 1.588348 0.146365
 18912.000000 25.498874 1.596614 0.139262
 18915.000000 25.483305 1.594219 0.110466
 18918.000000 25.497056 1.587188 0.097076
 18921.000000 25.502293 1.558103 0.064971
 18924.000000 25.484501 1.579042 0.067802
 18927.000000 25.406671 1.615509 0.139197
 18930.000000 25.457715 1.602293 0.116579
 18933.000000 25.548464 1.611035 0.133251
 18936.000000 25.555761 1.607677 0.124356
 18939.000000 25.424332 1.599769 0.135977
 18942.000000 25.430096 1.590376 0.128129
 18945.000000 25.496785 1.607235 0.135270
 18948.000000 25.555272 1.596699 0.121673
 18951.000000 25.456720 1.571989 0.096508
 18954.000000 25.356423 1.600950 0.135353
 18957.000000 25.408477 1.582894 0.101613
 18960.000000 25.420757 1.568467 0.083874
 18963.000000 25.417609 1.574440 0.119475
 18966.000000 25.459720 1.544433 0.123237
 18969.000000 25.501572 1.589116 0.184021
 18972.000000 25.542985 1.573849 0.187671
 18975.000000 25.540184 1.573599 0.195563
 18978.000000 25.514827 1.575658 0.169806
 18981.000000 25.463207 1.559960 0.149626
 18984.000000 25.505815 1.580534 0.160918
 18987.000000 25.443712 1.616232 0.182637
 18990.000000 25.515185 1.602568 0.147614
 18993.000000 25.457835 1.602557 0.130210
 18996.000000 25.466594 1.622170 0.140769
 18999.000000 25.432177 1.601496 0.153707
 19002.000000 25.463648 1.619694 0.133717
 19005.000000 25.477914 1.602273 0.146104
 19008.000000 25.455112 1.580457 0.168386
 19011.000000 25.434758 1.614604 0.122010
 19014.000000 25.363239 1.591278 0.121952
 19017.000000 25.370288 1.572355 0.134035
 19020.000000 25.353202 1.577787 0.145763
 19023.000000 25.473002 1.582820 0.150795
 19026.000000 25.509107 1.584490 0.131634
 19029.000000 25.563943 1.604463 0.140857
 19032.000000 25.497382 1.594424 0.129069
 19035.000000 25.521056 1.582597 0.137818
 19038.000000 25.545763 1.568464 0.133075
 19041.000000 25.501596 1.562949 0.117935
 19044.000000 25.527620 1.580214 0.122090
 19047.000000 25.606248 1.587055 0.109234
 19050.000000 25.546146 1.591435 0.148677
 19053.000000 25.509155 1.593328 0.191171
 19056.000000 25.415243 1.591296 0.162342
 19059.000000 25.479478 1.604447 0.157229
 19062.000000 25.495821 1.613754 0.132883
 19065.000000 25.476542 1.628180 0.150633
 19068.000000 25.450862 1.607078 0.120622
 19071.000000 25.512887 1.587385 0.121608
 19074.000000 25.522591 1.559786 0.168635
 19077.000000 25.526940 1.551060 0.097019
 19080.000000 25.473629 1.555904 0.150854
 19083.000000 25.490292 1.550749 0.151475
 19086.000000 25.581924 1.522170 0.085353
 19089.000000 25.533572 1.546141 0.120256
 19092.000000 25.500247 1.566903 0.085794
 19095.000000 25.466917 1.573375 0.086423
 19098.000000 25.542648 1.608245 0.127034
 19101.000000 25.602293 1.584019 0.086475
 19104.000000 25.569033 1.565668 0.096283
 19107.000000 25.704499 1.572483 0.102178
 19110.000000 25.719113 1.582121 0.116720
 19113.000000 25.620410 1.562671 0.096749
 19116.000000 25.698294 1.588092 0.110678
 19119.000000 25.756152 1.600826 0.125942
 19122.000000 25.705306 1.614637 0.127216
 19125.000000 25.635253 1.571680 0.093800
 19128.000000 25.611779 1.598007 0.098259
 19131.000000 25.641299 1.589065 0.160334
 19134.000000 25.548333 1.568021 0.154896
 19137.000000 25.550530 1.574739 0.121467
 19140.000000 25.457213 1.585455 0.115833
 19143.000000 25.435233 1.593198 0.114900
 19146.000000 25.563338 1.593479 0.098832
 19149.000000 25.566354 1.593519 0.091014
 19152.000000 25.509267 1.567872 0.098186
 19155.000000 25.497760 1.561505 0.124574
 19158.000000 25.492972 1.574529 0.144185
 19161.000000 25.488572 1.578189 0.163532
 19164.000000 25.494881 1.591187 0.174190
 19167.000000 25.443044 1.554782 0.161426
 19170.000000 25.354296 1.569403 0.208862
 19173.000000 25.470713 1.570285 0.214367
 19176.000000 25.458019 1.579674 0.168290
 19179.000000 25.341859 1.593774 0.178320
 19182.000000 25.340149 1.591468 0.187472
 19185.000000 25.293948 1.554911 0.187823
 19188.000000 25.363407 1.547308 0.169139
 19191.000000 25.384683 1.541666 0.170153
 19194.000000 25.376309 1.543489 0.154368
 19197.000000 25.365582 1.534825 0.177767
 19200.000000 25.369510 1.502919 0.159073
 19203.000000 25.449378 1.505748 0.124723
 19206.000000 25.454792 1.498542 0.112897
 19209.000000 25.452738 1.497423 0.092038
 19212.000000 25.502272 1.491558 0.078677
 19215.000000 25.505277 1.478263 0.093034
 19218.000000 25.500516 1.489317 0.076463
 19221.000000 25.464445 1.518667 0.098631
 19224.000000 25.486534 1.532257 0.086070
 19227.000000 25.418738 1.523436 0.090359
 19230.000000 25.491694 1.506801 0.115389
 19233.000000 25.422511 1.531326 0.135509
 19236.000000 25.509308 1.543810 0.121528
 19239.000000 25.484939 1.528893 0.083012
 19242.000000 25.504985 1.540813 0.123976
 19245.000000 25.463175 1.556652 0.092080
 19248.000000 25.473767 1.567222 0.116430
 19251.000000 25.540279 1.572201 0.101499
 19254.000000 25.605843 1.559647 0.068875
 19257.000000 25.501074 1.568362 0.095594
 19260.000000 25.472450 1.570868 0.073807
 19263.000000 25.597988 1.564829 0.062824
 19266.000000 25.707507 1.566627 0.069224
 19269.000000 25.635999 1.553555 0.065209
 19272.000000 25.655033 1.545451 0.072547
 19275.000000 25.639056 1.535219 0.065883
 19278.000000 25.574980 1.533976 0.019936
 19281.000000 25.460461 1.548045 0.066833
 19284.000000 25.435270 1.548265 0.096088
 19287.000000 25.570528 1.566371 0.147575
 19290.000000 25.646001 1.571599 0.116592
 19293.000000 25.637991 1.539500 0.109194
 19296.000000 25.675857 1.545872 0.110033
 19299.000000 25.604624 1.558089 0.102441
 19302.000000 25.582691 1.542041 0.075679
 19305.000000 25.610517 1.533163 0.076526
 19308.000000 25.583711 1.556700 0.145455
 19311.000000 25.613126 1.539141 0.133278
 19314.000000 25.595245 1.541390 0.168613
 19317.000000 25.517256 1.568162 0.195405
 19320.000000 25.555069 1.532851 0.150518
 19323.000000 25.539535 1.575081 0.147314
 19326.000000 25.502416 1.537636 0.104716
 19329.000000 25.551691 1.545899 0.135457
 19332.000000 25.572990 1.548717 0.134343
 19335.000000 25.556576 1.561283 0.117062
 19338.000000 25.491699 1.535332 0.098101
 19341.000000 25.436674 1.540725 0.096532
 19344.000000 25.390047 1.557662 0.127541
 19347.000000 25.342620 1.557257 0.134076
 19350.000000 25.451365 1.548469 0.110342
 19353.000000 25.431409 1.568709 0.130138
 19356.000000 25.421865 1.582759 0.139199
 19359.000000 25.490932 1.584266 0.148977
 19362.000000 25.482372 1.589100 0.145179
 19365.000000 25.517445 1.600019 0.155726
 19368.000000 25.478959 1.561616 0.128063
 19371.000000 25.445844 1.578060 0.151379
 19374.000000 25.504232 1.588156 0.126538
 19377.000000 25.431734 1.571375 0.089897
 19380.000000 25.409625 1.562284 0.099953
 19383.000000 25.449158 1.558070 0.081414
 19386.000000 25.403300 1.551750 0.096655
 19389.000000 25.462941 1.564935 0.114498
 19392.000000 25.493438 1.583736 0.160032
 19395.000000 25.457774 1.556800 0.108662
 19398.000000 25.435561 1.549735 0.112066
 19401.000000 25.413688 1.559785 0.123492
 19404.000000 25.426722 1.548531 0.103872
 19407.000000 25.506430 1.567501 0.114712
 19410.000000 25.513241 1.575328 0.143457
 19413.000000 25.518954 1.589339 0.099280
 19416.000000 25.628858 1.560552 0.095831
 19419.000000 25.628641 1.556504 0.091137
 19422.000000 25.618927 1.538086 0.066685
 19425.000000 25.653526 1.577188 0.095182
 19428.000000 25.582844 1.587982 0.112115
 19431.000000 25.549803 1.611060 0.157949
 19434.000000 25.565291 1.585052 0.133986
 19437.000000 25.547490 1.576702 0.139036
 19440.000000 25.501999 1.569269 0.143779
 19443.000000 25.509719 1.571462 0.141160
 19446.000000 25.529605 1.567874 0.147319
 19449.000000 25.538619 1.563003 0.174560
 19452.000000 25.584362 1.558870 0.155659
 19455.000000 25.527816 1.563571 0.145694
 19458.000000 25.564667 1.554841 0.165390
 19461.000000 25.602790 1.567370 0.161189
 19464.000000 25.590020 1.545875 0.154105
 19467.000000 25.537733 1.540496 0.164019
 19470.000000 25.580438 1.526013 0.163759
 19473.000000 25.506001 1.535508 0.152370
 19476.000000 25.600907 1.518126 0.154341
 19479.000000 25.558662 1.532373 0.145593
 19482.000000 25.546158 1.501056 0.110802
 19485.000000 25.579224 1.520943 0.120409
 19488.000000 25.522838 1.520200 0.102605
 19491.000000 25.449422 1.519958 0.142822
 19494.000000 25.415138 1.545849 0.177039
 19497.000000 25.429049 1.540451 0.187519
 19500.000000 25.384007 1.524557 0.101946
 19503.000000 25.337487 1.555693 0.180268
 19506.000000 25.431020 1.583138 0.149055
 19509.000000 25.462534 1.582226 0.164760
 19512.000000 25.471330 1.572028 0.151596
 19515.000000 25.497552 1.564536 0.149853
 19518.000000 25.634664 1.568586 0.142958
 19521.000000 25.610917 1.559265 0.122945
 19524.000000 25.525113 1.563009 0.134071
 19527.000000 25.543603 1.569768 0.134158
 19530.000000 25.576914 1.588426 0.153238
 19533.000000 25.604670 1.562598 0.120065
 19536.000000 25.688340 1.527984 0.116920
 19539.000000 25.597375 1.527498 0.147046
 19542.000000 25.593290 1.527052 0.135767
 19545.000000 25.559866 1.519637 0.100225
 19548.000000 25.543827 1.533387 0.135221
 19551.000000 25.584963 1.544407 0.149541
 19554.000000 25.604915 1.537333 0.135269
 19557.000000 25.626108 1.523156 0.149993
 19560.000000 25.486786 1.516059 0.162458
 19563.000000 25.519086 1.521870 0.156237
 19566.000000 25.475149 1.491223 0.131878
 19569.000000 25.408218 1.508832 0.123621
 19572.000000 25.457021 1.505562 0.085666
 19575.000000 25.473098 1.531505 0.131087
 19578.000000 25.460811 1.517594 0.157588
 19581.000000 25.496420 1.512512 0.126607
 19584.000000 25.563875 1.520668 0.125269
 19587.000000 25.568448 1.512112 0.128555
 19590.000000 25.535838 1.534573 0.144605
 19593.000000 25.542930 1.533630 0.105722
 19596.000000 25.546984 1.524879 0.091062
 19599.000000 25.544690 1.552510 0.119591
 19602.000000 25.487926 1.528622 0.132751
 19605.000000 25.405543 1.501910 0.093834
 19608.000000 25.483512 1.504652 0.108530
 19611.000000 25.454196 1.500087 0.132563
 19614.000000 25.498762 1.549498 0.176506
 19617.000000 25.381625 1.536919 0.167815
 19620.000000 25.388165 1.504305 0.121703
 19623.000000 25.383964 1.549530 0.137169
 19626.000000 25.351905 1.539563 0.125520
 19629.000000 25.458008 1.509913 0.090422
 19632.000000 25.513465 1.485405 0.052943
 19635.000000 25.526481 1.501389 0.100908
 19638.000000 25.560395 1.491325 0.080895
 19641.000000 25.504027 1.513602 0.067347
 19644.000000 25.508600 1.513469 0.107445
 19647.000000 25.527348 1.514685 0.102018
 19650.000000 25.557855 1.516474 0.134026
 19653.000000 25.596614 1.520540 0.109810
 19656.000000 25.518599 1.510130 0.108043
 19659.000000 25.552656 1.524286 0.125134
 19662.000000 25.591156 1.523466 0.155003
 19665.000000 25.637088 1.518072 0.162658
 19668.000000 25.693659 1.529489 0.160883
 19671.000000 25.555862 1.545402 0.175714
 19674.000000 25.638267 1.528264 0.176904
 19677.000000 25.581194 1.495495 0.177904
 19680.000000 25.575486 1.511996 0.189762
 19683.000000 25.569001 1.494959 0.164715
 19686.000000 25.644612 1.520716 0.150926
 19689.000000 25.583969 1.504202 0.145272
 19692.000000 25.601430 1.532495 0.186701
 19695.000000 25.596607 1.534586 0.170067
 19698.000000 25.553287 1.516893 0.160749
 19701.000000 25.610753 1.542805 0.146150
 19704.000000 25.588990 1.535508 0.137316
 19707.000000 25.624362 1.537399 0.103627
 19710.000000 25.580517 1.541062 0.134429
 19713.000000 25.688573 1.533411 0.138742
 19716.000000 25.650984 1.539583 0.152111
 19719.000000 25.652901 1.590185 0.172106
 19722.000000 25.640859 1.575307 0.188691
 19725.000000 25.584849 1.567787 0.130845
 19728.000000 25.678701 1.552930 0.141791
 19731.000000 25.686209 1.556515 0.166476
 19734.000000 25.714278 1.519575 0.147427
 19737.000000 25.798780 1.545176 0.193362
 19740.000000 25.725155 1.541451 0.153310
 19743.000000 25.733464 1.525191 0.146359
 19746.000000 25.726823 1.548115 0.162942
 19749.000000 25.726963 1.554371 0.156383
 19752.000000 25.736599 1.552821 0.146176
 19755.000000 25.617430 1.550767 0.165274
 19758.000000 25.559321 1.557865 0.153823
 19761.000000 25.494469 1.556008 0.138209
 19764.000000 25.509937 1.531781 0.153874
 19767.000000 25.508828 1.554714 0.168357
 19770.000000 25.594456 1.556133 0.158313
 19773.000000 25.558965 1.580177 0.178303
 19776.000000 25.497610 1.560046 0.163737
 19779.000000 25.472140 1.543489 0.161291
 19782.000000 25.507154 1.539212 0.147000
 19785.000000 25.450196 1.534741 0.140185
 19788.000000 25.574561 1.562956 0.180169
 19791.000000 25.570802 1.550851 0.126436
 19794.000000 25.549058 1.569110 0.158168
 19797.000000 25.637344 1.593028 0.181545
 19800.000000 25.634460 1.588924 0.159101
 19803.000000 25.616952 1.559116 0.152933
 19806.000000 25.614743 1.573248 0.153228
 19809.000000 25.564306 1.585131 0.171730
 19812.000000 25.492801 1.560238 0.167941
 19815.000000 25.497260 1.559105 0.160480
 19818.000000 25.449016 1.528938 0.142543
 19821.000000 25.483353 1.540750 0.182014
 19824.000000 25.460571 1.535224 0.164137
 19827.000000 25.426540 1.567670 0.193807
 19830.000000 25.374036 1.559750 0.189995
 19833.000000 25.384619 1.557359 0.191266
 19836.000000 25.373091 1.556316 0.182822
 19839.000000 25.370315 1.552487 0.203746
 19842.000000 25.427058 1.559333 0.197498
 19845.000000 25.470132 1.535789 0.200092
 19848.000000 25.468474 1.552482 0.202978
 19851.000000 25.475224 1.550651 0.199933
 19854.000000 25.499245 1.576180 0.192687
 19857.000000 25.524977 1.553112 0.132688
 19860.000000 25.532673 1.562836 0.180277
 19863.000000 25.532213 1.564080 0.142418
 19866.000000 25.463719 1.543547 0.144181
 19869.000000 25.422482 1.545491 0.149871
 19872.000000 25.472990 1.533846 0.114222
 19875.000000 25.554681 1.588762 0.165998
 19878.000000 25.646259 1.582595 0.184561
 19881.000000 25.563883 1.568464 0.154023
 19884.000000 25.471053 1.571756 0.166119
 19887.000000 25.419702 1.586709 0.177735
 19890.000000 25.443266 1.553726 0.145614
 19893.000000 25.437452 1.527007 0.108876
 19896.000000 25.431465 1.519249 0.117314
 19899.000000 25.464247 1.506279 0.071664
 19902.000000 25.453591 1.500687 0.111608
 19905.000000 25.465993 1.514430 0.149732
 19908.000000 25.492196 1.507734 0.125431
 19911.000000 25.581661 1.511713 0.120277
 19914.000000 25.531824 1.519293 0.144561
 19917.000000 25.512720 1.507835 0.131383
 19920.000000 25.621947 1.524221 0.145283
 19923.000000 25.625012 1.524778 0.134810
 19926.000000 25.615941 1.535406 0.106704
 19929.000000 25.610943 1.556497 0.126642
 19932.000000 25.712530 1.522868 0.111874
 19935.000000 25.619546 1.532814 0.125368
 19938.000000 25.512398 1.531553 0.115923
 19941.000000 25.610871 1.537558 0.151467
 19944.000000 25.517733 1.539004 0.151709
 19947.000000 25.522527 1.555627 0.113286
 19950.000000 25.525322 1.540353 0.147020
 19953.000000 25.562207 1.543316 0.151854
 19956.000000 25.611789 1.543060 0.156136
 19959.000000 25.503390 1.545526 0.144974
 19962.000000 25.544671 1.552273 0.181732
 19965.000000 25.539788 1.530519 0.159592
 19968.000000 25.597926 1.502216 0.153597
 19971.000000 25.624514 1.478524 0.117199
 19974.000000 25.610076 1.506338 0.120693
 19977.000000 25.567551 1.542337 0.137197
 19980.000000 25.546833 1.535028 0.126707
 19983.000000 25.466380 1.516931 0.116941
 19986.000000 25.462968 1.522421 0.138836
 19989.000000 25.463872 1.539736 0.129211
 19992.000000 25.514796 1.523755 0.119834
 19995.000000 25.534441 1.509829 0.128423
 19998.000000 25.413736 1.521634 0.113657
 20001.000000 25.434518 1.503507 0.126667
 20004.000000 25.484272 1.509340 0.151346
 20007.000000 25.464382 1.511812 0.159756
 20010.000000 25.528521 1.550690 0.144225
 20013.000000 25.437425 1.532377 0.166991
 20016.000000 25.513686 1.534620 0.171648
 20019.000000 25.513312 1.525826 0.124880
 20022.000000 25.460120 1.540728 0.166511
 20025.000000 25.544071 1.554999 0.187770
 20028.000000 25.420789 1.545678 0.165945
 20031.000000 25.428577 1.544569 0.153779
 20034.000000 25.442452 1.577830 0.202195
 20037.000000 25.402894 1.565372 0.204281
 20040.000000 25.400138 1.592743 0.221435
 20043.000000 25.443691 1.580250 0.232562
 20046.000000 25.477283 1.546183 0.174043
 20049.000000 25.493293 1.518102 0.152884
 20052.000000 25.552104 1.529411 0.151914
 20055.000000 25.592584 1.563667 0.159541
 20058.000000 25.654277 1.550899 0.130636
 20061.000000 25.607801 1.544301 0.128758
 20064.000000 25.473454 1.545192 0.140537
 20067.000000 25.515128 1.521715 0.115754
 20070.000000 25.531141 1.528588 0.104378
 20073.000000 25.408828 1.521525 0.089159
 20076.000000 25.348598 1.529378 0.123809
 20079.000000 25.331634 1.544340 0.128580
 20082.000000 25.421079 1.524362 0.113667
 20085.000000 25.417866 1.503251 0.116693
 20088.000000 25.398925 1.498451 0.134406
 20091.000000 25.349400 1.493859 0.147893
 20094.000000 25.433385 1.510559 0.163956
 20097.000000 25.356511 1.501019 0.155265
 20100.000000 25.398814 1.493362 0.128153
 20103.000000 25.341498 1.526576 0.154270
 20106.000000 25.352778 1.506477 0.117158
 20109.000000 25.337424 1.516456 0.143758
 20112.000000 25.324209 1.501930 0.110135
 20115.000000 25.378839 1.517510 0.141260
 20118.000000 25.450381 1.527217 0.117870
 20121.000000 25.534851 1.538727 0.136994
 20124.000000 25.509856 1.529056 0.131813
 20127.000000 25.418817 1.529495 0.145071
 20130.000000 25.469165 1.527490 0.145164
 20133.000000 25.458570 1.556985 0.204812
 20136.000000 25.418451 1.540177 0.186039
 20139.000000 25.463923 1.558605 0.206578
 20142.000000 25.484028 1.558097 0.206919
 20145.000000 25.561556 1.560056 0.201355
 20148.000000 25.513771 1.551078 0.174812
 20151.000000 25.546827 1.567938 0.166975
 20154.000000 25.479783 1.569579 0.183526
 20157.000000 25.448980 1.561779 0.163564
 20160.000000 25.441939 1.571124 0.148334
 20163.000000 25.407373 1.574567 0.151935
 20166.000000 25.479672 1.574472 0.164217
 20169.000000 25.417627 1.558338 0.168507
 20172.000000 25.438617 1.519364 0.106815
 20175.000000 25.581355 1.582864 0.139101
 20178.000000 25.557401 1.560041 0.152340
 20181.000000 25.519314 1.560396 0.141989
 20184.000000 25.588625 1.576935 0.139445
 20187.000000 25.501721 1.545035 0.158807
 20190.000000 25.598263 1.552055 0.198140
 20193.000000 25.611344 1.526255 0.185447
 20196.000000 25.653804 1.531882 0.227349
 20199.000000 25.626586 1.543356 0.226669
 20202.000000 25.657768 1.548649 0.231933
 20205.000000 25.676911 1.532243 0.203523
 20208.000000 25.670649 1.554577 0.218925
 20211.000000 25.702754 1.547879 0.175584
 20214.000000 25.751354 1.538239 0.175534
 20217.000000 25.772022 1.532469 0.187771
 20220.000000 25.698291 1.524052 0.207126
 20223.000000 25.699128 1.524524 0.155358
 20226.000000 25.663342 1.532681 0.188623
 20229.000000 25.684768 1.532129 0.151437
 20232.000000 25.761157 1.578015 0.172306
 20235.000000 25.740673 1.548542 0.103489
 20238.000000 25.605487 1.571804 0.155619
 20241.000000 25.566052 1.585790 0.181567
 20244.000000 25.672477 1.576611 0.172115
 20247.000000 25.575308 1.589803 0.160355
 20250.000000 25.663077 1.591104 0.188240
 20253.000000 25.636383 1.575707 0.180808
 20256.000000 25.570695 1.583860 0.196978
 20259.000000 25.541945 1.556013 0.167495
 20262.000000 25.567838 1.544493 0.176568
 20265.000000 25.647248 1.549713 0.138948
 20268.000000 25.675775 1.562668 0.160118
 20271.000000 25.643276 1.573623 0.181356
 20274.000000 25.579001 1.580964 0.166439
 20277.000000 25.640867 1.554718 0.138937
 20280.000000 25.561618 1.575025 0.158567
 20283.000000 25.522847 1.557187 0.148047
 20286.000000 25.534715 1.569773 0.149287
 20289.000000 25.488684 1.545693 0.104640
 20292.000000 25.410856 1.562814 0.153555
 20295.000000 25.481426 1.581563 0.219944
 20298.000000 25.466233 1.548405 0.147196
 20301.000000 25.414126 1.540783 0.125796
 20304.000000 25.458116 1.539927 0.159594
 20307.000000 25.595578 1.563386 0.190713
 20310.000000 25.564988 1.584524 0.190886
 20313.000000 25.600371 1.583666 0.198487
 20316.000000 25.561504 1.544771 0.147547
 20319.000000 25.548887 1.577543 0.187131
 20322.000000 25.470187 1.562690 0.163596
 20325.000000 25.486588 1.574927 0.136427
 20328.000000 25.388595 1.593342 0.160485
 20331.000000 25.361062 1.593454 0.141897
 20334.000000 25.449355 1.609590 0.160097
 20337.000000 25.413816 1.559891 0.138777
 20340.000000 25.454396 1.571280 0.144249
 20343.000000 25.425323 1.583406 0.137389
 20346.000000 25.485463 1.592072 0.157861
 20349.000000 25.427456 1.571322 0.149838
 20352.000000 25.485392 1.599225 0.169290
 20355.000000 25.466410 1.602867 0.128953
 20358.000000 25.372721 1.577441 0.136240
 20361.000000 25.355310 1.550654 0.074284
 20364.000000 25.412515 1.555682 0.113835
 20367.000000 25.516239 1.570949 0.102182
 20370.000000 25.489453 1.563280 0.140778
 20373.000000 25.553351 1.554401 0.172211
 20376.000000 25.540906 1.547936 0.182711
 20379.000000 25.528136 1.532287 0.158846
 20382.000000 25.559446 1.543560 0.166403
 20385.000000 25.615640 1.544622 0.158844
 20388.000000 25.625640 1.531958 0.121116
 20391.000000 25.596222 1.560760 0.160154
 20394.000000 25.599749 1.563989 0.188471
 20397.000000 25.618124 1.570334 0.164534
 20400.000000 25.673490 1.539344 0.130475
 20403.000000 25.538784 1.545079 0.157000
 20406.000000 25.534816 1.573837 0.138785
 20409.000000 25.526079 1.560953 0.123963
 20412.000000 25.479425 1.551755 0.071441
 20415.000000 25.391427 1.545092 0.084829
 20418.000000 25.467824 1.565589 0.111608
 20421.000000 25.469703 1.581511 0.142030
 20424.000000 25.417240 1.566065 0.128168
 20427.000000 25.469632 1.570916 0.134968
 20430.000000 25.402235 1.562859 0.170037
 20433.000000 25.424261 1.601282 0.184664
 20436.000000 25.488442 1.595698 0.181698
 20439.000000 25.386981 1.625042 0.207667
 20442.000000 25.465284 1.614337 0.220907
 20445.000000 25.494751 1.608084 0.202087
 20448.000000 25.367896 1.556281 0.146038
 20451.000000 25.345825 1.566022 0.116830
 20454.000000 25.444475 1.565203 0.111665
 20457.000000 25.498938 1.549142 0.128466
 20460.000000 25.400640 1.568861 0.136259
 20463.000000 25.420279 1.562473 0.067491
 20466.000000 25.402777 1.595893 0.113711
 20469.000000 25.422839 1.560544 0.084170
 20472.000000 25.348286 1.574172 0.111474
 20475.000000 25.351446 1.604615 0.119590
 20478.000000 25.455805 1.593143 0.088981
 20481.000000 25.441831 1.571255 0.099095
 20484.000000 25.440136 1.590472 0.106723
 20487.000000 25.492311 1.606749 0.078408
 20490.000000 25.502463 1.599569 0.090384
 20493.000000 25.531632 1.596724 0.059551
 20496.000000 25.506444 1.630978 0.120612
 20499.000000 25.430481 1.606424 0.097349
 20502.000000 25.405757 1.621715 0.112932
 20505.000000 25.446985 1.626802 0.086995
 20508.000000 25.549486 1.624139 0.116496
 20511.000000 25.539895 1.619362 0.127225
 20514.000000 25.437373 1.599051 0.114054
 20517.000000 25.480567 1.593453 0.121824
 20520.000000 25.508018 1.608696 0.148894
 20523.000000 25.608990 1.607082 0.130129
 20526.000000 25.617956 1.603399 0.121019
 20529.000000 25.592458 1.608454 0.114285
 20532.000000 25.645413 1.592071 0.131928
 20535.000000 25.615393 1.592838 0.128558
 20538.000000 25.549181 1.592303 0.143429
 20541.000000 25.603573 1.587244 0.154174
 20544.000000 25.495296 1.631965 0.181208
 20547.000000 25.548132 1.610948 0.152469
 20550.000000 25.526362 1.593482 0.130729
 20553.000000 25.485784 1.574519 0.107828
 20556.000000 25.558961 1.595734 0.126051
 20559.000000 25.517129 1.582273 0.116979
 20562.000000 25.542334 1.592417 0.096695
 20565.000000 25.628438 1.602989 0.116888
 20568.000000 25.608854 1.610819 0.125868
 20571.000000 25.573079 1.580839 0.114596
 20574.000000 25.630151 1.596371 0.096076
 20577.000000 25.647235 1.568591 0.093132
 20580.000000 25.556678 1.571770 0.116609
 20583.000000 25.604997 1.571304 0.106650
 20586.000000 25.609730 1.564940 0.101554
 20589.000000 25.536320 1.535001 0.134047
 20592.000000 25.437779 1.538436 0.128925
 20595.000000 25.506132 1.538981 0.090643
 20598.000000 25.456586 1.539035 0.088597
 20601.000000 25.486074 1.558124 0.115971
 20604.000000 25.435486 1.567666 0.119890
 20607.000000 25.475409 1.529987 0.085967
 20610.000000 25.427685 1.549103 0.111175
 20613.000000 25.477029 1.541979 0.133940
 20616.000000 25.500961 1.554206 0.157625
 20619.000000 25.527990 1.514867 0.128047
 20622.000000 25.570334 1.536595 0.138693
 20625.000000 25.451798 1.558576 0.146930
 20628.000000 25.461679 1.547104 0.142463
 20631.000000 25.482400 1.576561 0.156595
 20634.000000 25.487376 1.570243 0.147139
 20637.000000 25.572632 1.561809 0.167274
 20640.000000 25.599358 1.592322 0.185901
 20643.000000 25.492510 1.607292 0.194627
 20646.000000 25.481512 1.600939 0.196682
 20649.000000 25.496621 1.631349 0.204429
 20652.000000 25.424200 1.619864 0.187060
 20655.000000 25.425503 1.593609 0.196945
 20658.000000 25.432469 1.584387 0.176801
 20661.000000 25.474867 1.593762 0.170696
 20664.000000 25.486744 1.580951 0.168760
 20667.000000 25.437555 1.591275 0.166539
 20670.000000 25.457846 1.594045 0.199598
 20673.000000 25.490459 1.577712 0.162387
 20676.000000 25.538836 1.588256 0.166800
 20679.000000 25.473727 1.577211 0.153224
 20682.000000 25.521823 1.593807 0.166824
 20685.000000 25.512505 1.581688 0.156344
 20688.000000 25.510545 1.577624 0.144856
 20691.000000 25.493122 1.608184 0.185818
 20694.000000 25.462700 1.612288 0.179196
 20697.000000 25.529414 1.609309 0.154314
 20700.000000 25.602012 1.624569 0.134348
 20703.000000 25.598787 1.605502 0.141108
 20706.000000 25.539001 1.613061 0.159300
 20709.000000 25.425174 1.613985 0.147639
 20712.000000 25.443219 1.615028 0.124760
 20715.000000 25.488326 1.622707 0.135319
 20718.000000 25.567828 1.621978 0.114029
 20721.000000 25.582915 1.594796 0.128180
 20724.000000 25.601444 1.592540 0.099438
 20727.000000 25.654770 1.582296 0.120912
 20730.000000 25.687778 1.592808 0.103988
 20733.000000 25.611711 1.573144 0.114590
 20736.000000 25.642414 1.557097 0.143423
 20739.000000 25.677295 1.585016 0.120682
 20742.000000 25.683449 1.559558 0.174398
 20745.000000 25.602552 1.575094 0.129604
 20748.000000 25.606189 1.565876 0.098382
 20751.000000 25.520733 1.602010 0.112024
 20754.000000 25.561301 1.615424 0.133700
 20757.000000 25.590039 1.617481 0.169332
 20760.000000 25.543729 1.597093 0.144783
 20763.000000 25.570910 1.586839 0.140711
 20766.000000 25.570663 1.572468 0.122994
 20769.000000 25.531747 1.554341 0.133315
 20772.000000 25.460869 1.552825 0.138685
 20775.000000 25.543660 1.537512 0.080806
 20778.000000 25.568347 1.537969 0.076675
 20781.000000 25.520619 1.550069 0.087730
 20784.000000 25.615166 1.550399 0.099346
 20787.000000 25.508555 1.566672 0.131662
 20790.000000 25.426422 1.565995 0.155217
 20793.000000 25.451311 1.535256 0.130122
 20796.000000 25.421924 1.578304 0.160784
 20799.000000 25.451002 1.557434 0.163703
 20802.000000 25.454822 1.545921 0.144336
 20805.000000 25.486197 1.519729 0.125953
 20808.000000 25.576189 1.538902 0.125439
 20811.000000 25.634302 1.563529 0.113356
 20814.000000 25.628900 1.548012 0.146908
 20817.000000 25.436449 1.563891 0.149825
 20820.000000 25.449068 1.544639 0.090930
 20823.000000 25.443220 1.549698 0.128744
 20826.000000 25.438090 1.561069 0.135395
 20829.000000 25.444576 1.555675 0.130967
 20832.000000 25.582965 1.558772 0.134989
 20835.000000 25.462891 1.575271 0.153943
 20838.000000 25.459806 1.541472 0.142163
 20841.000000 25.509557 1.555069 0.152062
 20844.000000 25.443843 1.549526 0.183879
 20847.000000 25.380735 1.536449 0.151422
 20850.000000 25.407300 1.530017 0.139740
 20853.000000 25.518830 1.559775 0.171201
 20856.000000 25.573860 1.562210 0.175992
 20859.000000 25.618332 1.558514 0.138147
 20862.000000 25.493782 1.562817 0.147941
 20865.000000 25.528697 1.585783 0.172688
 20868.000000 25.466906 1.597703 0.163205
 20871.000000 25.546872 1.598007 0.163714
 20874.000000 25.610392 1.602422 0.145992
 20877.000000 25.491895 1.611040 0.127382
 20880.000000 25.479287 1.621739 0.140651
 20883.000000 25.472575 1.610943 0.128630
 20886.000000 25.498233 1.595614 0.107066
 20889.000000 25.466932 1.616997 0.182284
 20892.000000 25.546051 1.571453 0.165363
 20895.000000 25.546053 1.605616 0.150499
 20898.000000 25.499716 1.597979 0.078953
 20901.000000 25.514132 1.583050 0.121081
 20904.000000 25.491087 1.591908 0.139232
 20907.000000 25.407317 1.575989 0.107275
 20910.000000 25.417443 1.561013 0.089030
 20913.000000 25.474659 1.601428 0.148462
 20916.000000 25.468709 1.570134 0.106251
 20919.000000 25.487239 1.612003 0.149639
 20922.000000 25.463897 1.612118 0.144925
 20925.000000 25.504408 1.593913 0.130672
 20928.000000 25.525144 1.586534 0.115714
 20931.000000 25.555373 1.575476 0.092812
 20934.000000 25.628626 1.603464 0.117910
 20937.000000 25.683995 1.600970 0.101008
 20940.000000 25.691693 1.599167 0.126834
 20943.000000 25.713629 1.575459 0.126211
 20946.000000 25.559968 1.576214 0.145554
 20949.000000 25.584244 1.563018 0.130616
 20952.000000 25.509369 1.573117 0.111315
 20955.000000 25.591877 1.559591 0.144926
 20958.000000 25.592397 1.565092 0.144463
 20961.000000 25.618311 1.546665 0.133354
 20964.000000 25.574413 1.567269 0.125174
 20967.000000 25.553289 1.555600 0.092097
 20970.000000 25.484691 1.576048 0.103808
 20973.000000 25.510985 1.588753 0.079335
 20976.000000 25.619908 1.587638 0.116198
 20979.000000 25.630334 1.597700 0.127394
 20982.000000 25.636394 1.582733 0.084102
 20985.000000 25.568423 1.577336 0.099525
 20988.000000 25.520027 1.594111 0.121790
 20991.000000 25.567239 1.597199 0.119191
 20994.000000 25.534313 1.576070 0.084652
 20997.000000 25.480162 1.571752 0.120626
 21000.000000 25.429974 1.561166 0.125734
