#! FIELDS time dmid theta gamma
 0.000000 14.471941 1.552907 2.994661
 3.000000 14.349492 1.547656 2.963507
 6.000000 14.310228 1.544722 2.996430
 9.000000 14.608183 1.545632 2.997307
 12.000000 14.383133 1.560195 2.974873
 15.000000 14.501765 1.566300 2.953430
 18.000000 14.610922 1.555912 2.977953
 21.000000 14.363776 1.554286 2.960905
 24.000000 14.479665 1.546658 3.001224
 27.000000 14.296308 1.535881 3.003072
 30.000000 14.290765 1.539517 2.991858
 33.000000 14.326819 1.566025 2.987484
 36.000000 14.342635 1.551017 2.984366
 39.000000 14.470344 1.554264 2.981576
 42.000000 14.504590 1.545187 2.968714
 45.000000 14.404972 1.551430 2.971433
 48.000000 14.489713 1.568618 2.959083
 51.000000 14.419802 1.556484 2.975950
 54.000000 14.439589 1.571918 2.982630
 57.000000 14.425041 1.558812 2.953284
 60.000000 14.430965 1.563719 2.929359
 63.000000 14.382713 1.562422 2.918728
 66.000000 14.381698 1.555694 2.950934
 69.000000 14.279027 1.548130 2.928499
 72.000000 14.318950 1.564736 2.935031
 75.000000 14.336654 1.565600 2.967086
 78.000000 14.388569 1.569445 2.957577
 81.000000 14.332298 1.562790 2.935447
 84.000000 14.471963 1.543644 2.941587
 87.000000 14.419760 1.562323 2.950317
 90.000000 14.364048 1.556591 2.975599
 93.000000 14.296574 1.548227 2.951493
 96.000000 14.402913 1.547940 2.980777
 99.000000 14.307265 1.575238 2.967449
 102.000000 14.321231 1.557749 2.965569
 105.000000 14.320657 1.523710 2.970526
 108.000000 14.300382 1.495886 2.969880
 111.000000 14.219808 1.498234 2.936034
 114.000000 14.244805 1.505859 2.976751
 117.000000 14.265279 1.530280 2.974698
 120.000000 14.281156 1.528665 2.983713
 123.000000 14.317435 1.545726 2.936071
 126.000000 14.318407 1.523843 2.954351
 129.000000 14.354290 1.548610 2.960833
 132.000000 14.410165 1.560104 2.957186
 135.000000 14.262888 1.552922 2.949414
 138.000000 14.276998 1.529790 2.990636
 141.000000 14.246739 1.532164 2.993719
 144.000000 14.329464 1.543558 2.966184
 147.000000 14.250074 1.540802 2.990648
 150.000000 14.303509 1.537399 2.985898
 153.000000 14.271868 1.548824 2.964026
 156.000000 14.368555 1.528107 2.983302
 159.000000 14.324328 1.512544 3.005828
 162.000000 14.376901 1.514594 2.994985
 165.000000 14.352243 1.512216 2.960930
 168.000000 14.363579 1.534076 2.963406
 171.000000 14.367691 1.524396 2.969543
 174.000000 14.234229 1.515727 2.984169
 177.000000 14.330131 1.512867 2.987927
 180.000000 14.361964 1.518641 2.988119
 183.000000 14.408186 1.543318 2.968041
 186.000000 14.325026 1.559383 2.940708
 189.000000 14.307449 1.548790 2.959294
 192.000000 14.386860 1.566638 2.948957
 195.000000 14.404089 1.577832 2.947286
 198.000000 14.438349 1.586822 2.969944
 201.000000 14.491443 1.638697 2.915741
 204.000000 14.413126 1.603001 2.962046
 207.000000 14.369675 1.593594 2.989392
 210.000000 14.425554 1.624566 2.972997
 213.000000 14.399003 1.642514 2.949115
 216.000000 14.401236 1.623902 2.969395
 219.000000 14.405110 1.625423 2.995062
 222.000000 14.389963 1.626262 2.985164
 225.000000 14.420611 1.613116 3.006909
 228.000000 14.441077 1.603194 2.994456
 231.000000 14.430831 1.583855 3.003231
 234.000000 14.372921 1.577635 3.009997
 237.000000 14.358900 1.593390 3.004043
 240.000000 14.281997 1.581693 2.980688
 243.000000 14.320849 1.590874 2.984693
 246.000000 14.329074 1.572417 2.989729
 249.000000 14.354264 1.552145 3.014255
 252.000000 14.390353 1.569993 2.982835
 255.000000 14.408167 1.586398 2.993850
 258.000000 14.381644 1.579518 3.028163
 261.000000 14.359584 1.560625 3.024568
 264.000000 14.395905 1.575066 3.000364
 267.000000 14.440455 1.564692 3.027910
 270.000000 14.410734 1.561742 2.951820
 273.000000 14.431662 1.584344 2.937965
 276.000000 14.436479 1.582904 2.940235
 279.000000 14.406547 1.593633 2.947616
 282.000000 14.452650 1.593690 2.893825
 285.000000 14.460021 1.597269 2.907440
 288.000000 14.447330 1.573845 2.923179
 291.000000 14.386539 1.562612 2.952703
 294.000000 14.412563 1.582155 2.929950
 297.000000 14.379006 1.590539 2.927636
 300.000000 14.382755 1.576883 2.930428
 303.000000 14.333332 1.594547 2.936571
 306.000000 14.421805 1.633005 2.891913
 309.000000 14.405424 1.623695 2.896901
 312.000000 14.416005 1.625698 2.926241
 315.000000 14.395336 1.600516 2.949707
 318.000000 14.296910 1.618191 2.893020
 321.000000 14.319880 1.595861 2.918970
 324.000000 14.323107 1.600269 2.920968
 327.000000 14.369457 1.590788 2.967059
 330.000000 14.407455 1.589928 2.958499
 333.000000 14.346380 1.609409 2.984647
 336.000000 14.386486 1.615383 2.990189
 339.000000 14.395381 1.595650 2.984856
 342.000000 14.360204 1.604039 2.937070
 345.000000 14.380665 1.591837 2.973716
 348.000000 14.324973 1.563072 3.025282
 351.000000 14.326712 1.588113 2.998263
 354.000000 14.333505 1.592615 2.968575
 357.000000 14.353197 1.563005 2.975954
 360.000000 14.404388 1.569938 2.939252
 363.000000 14.470947 1.576980 2.929451
 366.000000 14.451406 1.590608 2.914260
 369.000000 14.399156 1.582233 2.910549
 372.000000 14.367600 1.588059 2.949051
 375.000000 14.306204 1.600760 2.943179
 378.000000 14.305722 1.568826 2.946242
 381.000000 14.330598 1.584869 2.968821
 384.000000 14.351715 1.588889 2.948522
 387.000000 14.341420 1.565112 2.949272
 390.000000 14.285393 1.558626 2.956135
 393.000000 14.260618 1.558665 2.980831
 396.000000 14.299175 1.568421 2.935811
 399.000000 14.327213 1.557357 2.927119
 402.000000 14.366706 1.543019 2.961650
 405.000000 14.348502 1.543646 2.961342
 408.000000 14.331893 1.555359 2.950303
 411.000000 14.352198 1.562182 2.921804
 414.000000 14.411227 1.552755 2.976418
 417.000000 14.547410 1.579802 2.955461
 420.000000 14.512039 1.544387 2.969908
 423.000000 14.418886 1.566602 2.981422
 426.000000 14.408913 1.564126 2.960463
 429.000000 14.370435 1.578968 2.934802
 432.000000 14.364057 1.565929 2.975056
 435.000000 14.439666 1.572559 2.949068
 438.000000 14.510383 1.589595 2.950487
 441.000000 14.516205 1.603633 2.929804
 444.000000 14.518416 1.584206 2.945714
 447.000000 14.442737 1.582346 2.948410
 450.000000 14.402889 1.576975 2.963895
 453.000000 14.397257 1.582869 2.947398
 456.000000 14.435031 1.569800 2.964929
 459.000000 14.334164 1.546682 2.983413
 462.000000 14.328197 1.573735 2.979915
 465.000000 14.333968 1.595463 2.947978
 468.000000 14.316375 1.620489 2.916202
 471.000000 14.359972 1.596975 2.937106
 474.000000 14.354544 1.598744 2.943263
 477.000000 14.377952 1.562083 2.959411
 480.000000 14.296519 1.555237 2.972906
 483.000000 14.359055 1.538795 2.984039
 486.000000 14.394286 1.532600 3.008896
 489.000000 14.453729 1.534215 2.987531
 492.000000 14.390418 1.509752 2.975549
 495.000000 14.424716 1.522800 2.980090
 498.000000 14.406218 1.520465 2.943095
 501.000000 14.440497 1.524235 2.945064
 504.000000 14.482740 1.532987 2.968484
 507.000000 14.414805 1.519665 3.012201
 510.000000 14.456220 1.538961 2.968206
 513.000000 14.485896 1.539754 2.989554
 516.000000 14.526786 1.510185 2.984093
 519.000000 14.497119 1.510660 2.991677
 522.000000 14.502211 1.510178 2.997422
 525.000000 14.518177 1.508974 2.986472
 528.000000 14.530757 1.492181 3.015974
 531.000000 14.569059 1.496803 2.984147
 534.000000 14.574937 1.486908 2.938088
 537.000000 14.518095 1.480335 2.993232
 540.000000 14.559490 1.513348 2.958333
 543.000000 14.492240 1.519082 2.932957
 546.000000 14.435658 1.513309 2.938293
 549.000000 14.423623 1.557895 2.927772
 552.000000 14.452814 1.558787 2.959120
 555.000000 14.423665 1.569240 2.944100
 558.000000 14.454172 1.558771 2.946437
 561.000000 14.416670 1.545697 2.966477
 564.000000 14.338228 1.532147 2.962400
 567.000000 14.328444 1.542343 2.946756
 570.000000 14.281329 1.530585 2.969818
 573.000000 14.339329 1.539788 2.949169
 576.000000 14.282273 1.549245 2.939225
 579.000000 14.324957 1.553793 2.940004
 582.000000 14.258608 1.553430 2.949231
 585.000000 14.230634 1.552011 2.925838
 588.000000 14.270922 1.574700 2.950906
 591.000000 14.247330 1.551857 2.972416
 594.000000 14.202010 1.567980 2.955089
 597.000000 14.269680 1.569770 2.973874
 600.000000 14.264127 1.560793 2.988578
 603.000000 14.347258 1.572793 2.962334
 606.000000 14.401084 1.579124 2.947512
 609.000000 14.392993 1.580719 2.972478
 612.000000 14.277419 1.576974 2.982140
 615.000000 14.238390 1.600524 2.961192
 618.000000 14.338029 1.590952 2.961644
 621.000000 14.339878 1.565646 2.972081
 624.000000 14.401851 1.569921 2.987244
 627.000000 14.440626 1.562690 2.999083
 630.000000 14.328919 1.572853 3.008875
 633.000000 14.331402 1.567322 2.989890
 636.000000 14.335888 1.560863 2.995516
 639.000000 14.448660 1.564771 3.016942
 642.000000 14.422645 1.576274 2.995416
 645.000000 14.397671 1.589191 2.987960
 648.000000 14.427070 1.567253 3.015100
 651.000000 14.378468 1.561269 3.024832
 654.000000 14.399581 1.577315 3.000570
 657.000000 14.444455 1.537543 3.061474
 660.000000 14.511655 1.553551 3.008312
 663.000000 14.524323 1.575983 2.942535
 666.000000 14.552419 1.554828 2.967456
 669.000000 14.463464 1.560817 2.949244
 672.000000 14.345324 1.582217 2.967659
 675.000000 14.444081 1.544703 3.017586
 678.000000 14.451776 1.574591 3.007253
 681.000000 14.396919 1.571938 2.985297
 684.000000 14.385105 1.561791 2.991398
 687.000000 14.300770 1.571935 3.002084
 690.000000 14.490986 1.566568 3.018529
 693.000000 14.477391 1.575871 2.984974
 696.000000 14.494766 1.595096 2.946136
 699.000000 14.494065 1.608497 2.930684
 702.000000 14.603678 1.578923 2.960344
 705.000000 14.552869 1.601838 2.954718
 708.000000 14.506790 1.603658 2.939815
 711.000000 14.525267 1.592990 2.965268
 714.000000 14.492084 1.585287 2.949878
 717.000000 14.438201 1.570136 2.962922
 720.000000 14.464834 1.590666 2.951549
 723.000000 14.472960 1.592655 2.931579
 726.000000 14.427346 1.591747 2.942184
 729.000000 14.409147 1.573599 2.945327
 732.000000 14.337495 1.575640 2.906300
 735.000000 14.432478 1.573554 2.921451
 738.000000 14.491974 1.566278 2.928423
 741.000000 14.440447 1.555256 2.971901
 744.000000 14.507180 1.597376 2.950524
 747.000000 14.482498 1.600888 2.956301
 750.000000 14.412769 1.573162 2.989344
 753.000000 14.470713 1.596745 2.980959
 756.000000 14.411519 1.595646 2.980766
 759.000000 14.468838 1.594058 2.986389
 762.000000 14.434709 1.588050 2.992650
 765.000000 14.378719 1.569572 3.006133
 768.000000 14.451785 1.578876 2.978382
 771.000000 14.408218 1.556757 3.007941
 774.000000 14.444994 1.574537 2.962688
 777.000000 14.513026 1.569713 2.927904
 780.000000 14.550923 1.572146 2.920375
 783.000000 14.486326 1.563108 2.955981
 786.000000 14.495325 1.537058 2.970779
 789.000000 14.483178 1.572387 2.949712
 792.000000 14.531835 1.588910 2.916853
 795.000000 14.638705 1.579259 2.939477
 798.000000 14.554073 1.571268 2.995218
 801.000000 14.547408 1.550674 2.998856
 804.000000 14.457622 1.566513 2.971060
 807.000000 14.460551 1.535216 2.982558
 810.000000 14.525363 1.544914 2.973021
 813.000000 14.482365 1.523206 3.002372
 816.000000 14.416751 1.532213 3.032652
 819.000000 14.430759 1.535178 3.027472
 822.000000 14.432609 1.532840 3.040149
 825.000000 14.338069 1.547261 2.976037
 828.000000 14.320949 1.577343 2.970217
 831.000000 14.296912 1.556577 2.992757
 834.000000 14.434979 1.542097 2.985736
 837.000000 14.378859 1.550881 2.993294
 840.000000 14.377810 1.574260 2.963836
 843.000000 14.459448 1.554018 3.025309
 846.000000 14.420343 1.561180 2.969071
 849.000000 14.371149 1.548044 2.949716
 852.000000 14.324310 1.508660 2.987509
 855.000000 14.380694 1.538493 2.935491
 858.000000 14.429501 1.526118 2.973907
 861.000000 14.466831 1.503408 2.974852
 864.000000 14.474549 1.519658 2.989046
 867.000000 14.452073 1.535530 2.995349
 870.000000 14.502046 1.512175 3.005344
 873.000000 14.556463 1.502005 2.996826
 876.000000 14.527533 1.464408 2.995103
 879.000000 14.518035 1.487196 2.957480
 882.000000 14.478121 1.467339 2.977136
 885.000000 14.392369 1.490919 2.947553
 888.000000 14.370085 1.527973 2.940157
 891.000000 14.453922 1.490158 3.019402
 894.000000 14.496471 1.501130 2.974806
 897.000000 14.444486 1.503890 3.013296
 900.000000 14.505150 1.503394 2.969380
 903.000000 14.520558 1.536413 2.967706
 906.000000 14.439089 1.526071 2.974111
 909.000000 14.473759 1.539296 2.972441
 912.000000 14.457645 1.563098 2.967369
 915.000000 14.424540 1.547830 3.009301
 918.000000 14.419458 1.554656 2.998251
 921.000000 14.536292 1.538876 3.015591
 924.000000 14.538372 1.549482 2.965844
 927.000000 14.515137 1.538345 2.945052
 930.000000 14.544135 1.538490 2.951241
 933.000000 14.583352 1.559561 2.945099
 936.000000 14.582339 1.557571 2.944442
 939.000000 14.569204 1.535946 2.959168
 942.000000 14.528628 1.547754 2.968572
 945.000000 14.555937 1.571149 2.966942
 948.000000 14.648702 1.561128 2.960545
 951.000000 14.557519 1.572687 2.979737
 954.000000 14.480894 1.559429 3.009932
 957.000000 14.443072 1.565914 3.001565
 960.000000 14.371558 1.541697 2.995404
 963.000000 14.300396 1.557292 2.987928
 966.000000 14.301143 1.566582 2.986015
 969.000000 14.338813 1.573473 2.990133
 972.000000 14.385046 1.568508 2.981938
 975.000000 14.383127 1.567641 3.009335
 978.000000 14.334743 1.566441 2.985634
 981.000000 14.354060 1.556485 2.983295
 984.000000 14.365229 1.541162 3.015934
 987.000000 14.381104 1.528177 3.026384
 990.000000 14.369822 1.521653 3.024253
 993.000000 14.305062 1.541902 3.018083
 996.000000 14.245066 1.525573 3.028009
 999.000000 14.258354 1.545306 2.989413
 1002.000000 14.309689 1.524663 3.002467
 1005.000000 14.361566 1.558625 2.970914
 1008.000000 14.339616 1.545817 3.013785
 1011.000000 14.347290 1.549943 3.011000
 1014.000000 14.353272 1.538010 2.998202
 1017.000000 14.374968 1.540084 2.998534
 1020.000000 14.361907 1.523433 2.973880
 1023.000000 14.415156 1.550904 2.991487
 1026.000000 14.361457 1.537538 2.994369
 1029.000000 14.399735 1.551497 3.008276
 1032.000000 14.443549 1.527653 3.025332
 1035.000000 14.414765 1.540931 3.019889
 1038.000000 14.394213 1.556749 2.987098
 1041.000000 14.389419 1.542652 2.968735
 1044.000000 14.468764 1.543057 3.008571
 1047.000000 14.397389 1.556803 2.975794
 1050.000000 14.441511 1.560045 2.941799
 1053.000000 14.411208 1.543013 2.963841
 1056.000000 14.400937 1.525996 2.965233
 1059.000000 14.389141 1.530699 3.001534
 1062.000000 14.441841 1.536392 2.971067
 1065.000000 14.404412 1.521966 2.991311
 1068.000000 14.389902 1.487080 3.007416
 1071.000000 14.322957 1.501542 2.997787
 1074.000000 14.335404 1.531580 3.004268
 1077.000000 14.327894 1.512308 3.018897
 1080.000000 14.272232 1.534293 2.993982
 1083.000000 14.324108 1.533303 2.988019
 1086.000000 14.281628 1.522648 2.994108
 1089.000000 14.207214 1.532052 2.982980
 1092.000000 14.294211 1.531856 2.962098
 1095.000000 14.288184 1.533101 2.957806
 1098.000000 14.366132 1.524791 2.964514
 1101.000000 14.302851 1.553017 2.940115
 1104.000000 14.324158 1.549588 2.958738
 1107.000000 14.309131 1.541695 2.972897
 1110.000000 14.403327 1.560095 2.983195
 1113.000000 14.401367 1.546958 2.984554
 1116.000000 14.284630 1.531980 2.987654
 1119.000000 14.406729 1.552748 2.967772
 1122.000000 14.390550 1.564319 2.997483
 1125.000000 14.386585 1.529230 2.996439
 1128.000000 14.424908 1.540907 2.987995
 1131.000000 14.367954 1.548635 3.022323
 1134.000000 14.376406 1.543630 3.021524
 1137.000000 14.455429 1.536477 3.019548
 1140.000000 14.463355 1.533997 3.025896
 1143.000000 14.487629 1.549275 3.021613
 1146.000000 14.519215 1.548646 2.993208
 1149.000000 14.524351 1.542937 2.972156
 1152.000000 14.510261 1.550430 2.984141
 1155.000000 14.501016 1.585314 2.940054
 1158.000000 14.543688 1.558322 2.955790
 1161.000000 14.602732 1.553507 2.973380
 1164.000000 14.612437 1.565754 2.934068
 1167.000000 14.674334 1.581710 2.922864
 1170.000000 14.668000 1.581304 2.904116
 1173.000000 14.625883 1.596640 2.906408
 1176.000000 14.621637 1.597839 2.923422
 1179.000000 14.570896 1.571957 2.959340
 1182.000000 14.572094 1.575807 2.964931
 1185.000000 14.544309 1.574176 2.975137
 1188.000000 14.455913 1.603308 2.943920
 1191.000000 14.461708 1.587725 2.986636
 1194.000000 14.434326 1.590202 2.961838
 1197.000000 14.470586 1.580175 2.979296
 1200.000000 14.432698 1.544897 2.989072
 1203.000000 14.414330 1.558030 2.969831
 1206.000000 14.378097 1.571966 2.963419
 1209.000000 14.431680 1.563887 2.940784
 1212.000000 14.473060 1.574554 2.940667
 1215.000000 14.415826 1.563185 2.962979
 1218.000000 14.420056 1.586975 2.943279
 1221.000000 14.400450 1.577341 2.949343
 1224.000000 14.418582 1.552503 2.953009
 1227.000000 14.365390 1.559810 2.943270
 1230.000000 14.370368 1.536547 2.993455
 1233.000000 14.354514 1.565306 2.968914
 1236.000000 14.298264 1.581262 2.962062
 1239.000000 14.362135 1.595969 2.986384
 1242.000000 14.379129 1.579297 2.994008
 1245.000000 14.304185 1.568527 3.016679
 1248.000000 14.417124 1.568987 2.966545
 1251.000000 14.457126 1.585197 2.990300
 1254.000000 14.415681 1.591594 2.964973
 1257.000000 14.447825 1.570502 2.971072
 1260.000000 14.484900 1.574973 2.958852
 1263.000000 14.475031 1.570266 2.949407
 1266.000000 14.476887 1.552715 2.956054
 1269.000000 14.534463 1.567280 2.909725
 1272.000000 14.547248 1.572196 2.940504
 1275.000000 14.508173 1.559951 2.886119
 1278.000000 14.469096 1.565208 2.921141
 1281.000000 14.486791 1.555809 2.917931
 1284.000000 14.418829 1.554847 2.919442
 1287.000000 14.423290 1.556448 2.923910
 1290.000000 14.446726 1.538612 2.977172
 1293.000000 14.401681 1.547633 2.971084
 1296.000000 14.372380 1.564693 2.938176
 1299.000000 14.386507 1.564357 2.964864
 1302.000000 14.419571 1.563986 2.952677
 1305.000000 14.436562 1.570126 2.951589
 1308.000000 14.423137 1.563810 2.982505
 1311.000000 14.434569 1.587862 2.963194
 1314.000000 14.433725 1.575651 2.992889
 1317.000000 14.476154 1.573367 2.980664
 1320.000000 14.408692 1.574774 2.987860
 1323.000000 14.456552 1.576818 2.943692
 1326.000000 14.436877 1.546139 2.984889
 1329.000000 14.482632 1.553896 2.949650
 1332.000000 14.478154 1.530757 2.969790
 1335.000000 14.441476 1.525022 2.959557
 1338.000000 14.464144 1.533401 2.961688
 1341.000000 14.426550 1.534569 2.979481
 1344.000000 14.388186 1.525315 2.992626
 1347.000000 14.414898 1.527142 2.972041
 1350.000000 14.385182 1.524400 2.982395
 1353.000000 14.303723 1.539881 2.970632
 1356.000000 14.413936 1.532608 2.958221
 1359.000000 14.440288 1.526432 2.978910
 1362.000000 14.413483 1.524066 2.967407
 1365.000000 14.438444 1.513308 2.987997
 1368.000000 14.481757 1.537322 2.953527
 1371.000000 14.525405 1.528918 2.965844
 1374.000000 14.544289 1.554524 2.975086
 1377.000000 14.488568 1.564773 2.958686
 1380.000000 14.468041 1.563028 3.023309
 1383.000000 14.529810 1.595152 2.991030
 1386.000000 14.587501 1.570507 3.003237
 1389.000000 14.556648 1.563664 3.002690
 1392.000000 14.542029 1.544808 2.990013
 1395.000000 14.496430 1.534617 3.020638
 1398.000000 14.494647 1.547779 3.014699
 1401.000000 14.438011 1.567727 3.002346
 1404.000000 14.446024 1.562498 3.041544
 1407.000000 14.439910 1.577836 3.015082
 1410.000000 14.517572 1.594098 3.015065
 1413.000000 14.444480 1.578750 3.009814
 1416.000000 14.534322 1.600480 2.978246
 1419.000000 14.556535 1.600608 2.966518
 1422.000000 14.509712 1.606444 2.935542
 1425.000000 14.480840 1.587992 2.976510
 1428.000000 14.474307 1.578683 2.975519
 1431.000000 14.441651 1.579177 2.910324
 1434.000000 14.439257 1.557227 2.974282
 1437.000000 14.492566 1.541838 2.979343
 1440.000000 14.387303 1.556040 2.970991
 1443.000000 14.362630 1.562746 2.971154
 1446.000000 14.323159 1.541390 2.975761
 1449.000000 14.374788 1.529791 2.995148
 1452.000000 14.367870 1.539465 3.012290
 1455.000000 14.410780 1.533661 3.003158
 1458.000000 14.408280 1.525692 2.974282
 1461.000000 14.458861 1.533669 3.008956
 1464.000000 14.421064 1.539979 2.960637
 1467.000000 14.377676 1.568807 2.926860
 1470.000000 14.375865 1.564434 2.935410
 1473.000000 14.346384 1.589725 2.925885
 1476.000000 14.342848 1.548545 2.993092
 1479.000000 14.409763 1.559508 2.953695
 1482.000000 14.438658 1.534305 2.979726
 1485.000000 14.400031 1.555636 2.923470
 1488.000000 14.394191 1.572041 2.928711
 1491.000000 14.381931 1.539626 2.965612
 1494.000000 14.331535 1.556503 2.941457
 1497.000000 14.418493 1.581621 2.899121
 1500.000000 14.393502 1.596896 2.891289
 1503.000000 14.381230 1.600915 2.854822
 1506.000000 14.416441 1.578331 2.885054
 1509.000000 14.313896 1.576477 2.899784
 1512.000000 14.410315 1.590234 2.885692
 1515.000000 14.417752 1.573468 2.919316
 1518.000000 14.418044 1.539122 2.983922
 1521.000000 14.411503 1.563302 2.993399
 1524.000000 14.331227 1.583650 2.961784
 1527.000000 14.306551 1.588065 2.965394
 1530.000000 14.343437 1.574614 2.956753
 1533.000000 14.322874 1.556107 2.991579
 1536.000000 14.307783 1.574788 2.973773
 1539.000000 14.313634 1.566718 2.986339
 1542.000000 14.313140 1.563107 2.981796
 1545.000000 14.343279 1.555888 2.979232
 1548.000000 14.339801 1.520076 3.021745
 1551.000000 14.333113 1.563613 2.988118
 1554.000000 14.333461 1.556393 3.004244
 1557.000000 14.379202 1.588113 2.969603
 1560.000000 14.379924 1.571925 3.007014
 1563.000000 14.357706 1.541008 3.024348
 1566.000000 14.305319 1.577746 2.984758
 1569.000000 14.339764 1.585135 2.991963
 1572.000000 14.354343 1.575125 3.000268
 1575.000000 14.336474 1.594194 3.003326
 1578.000000 14.355999 1.579154 3.000747
 1581.000000 14.330077 1.544010 3.023418
 1584.000000 14.262717 1.553665 3.004905
 1587.000000 14.361370 1.582068 2.984959
 1590.000000 14.389489 1.567638 2.965983
 1593.000000 14.396407 1.556239 3.037547
 1596.000000 14.417832 1.552267 3.021553
 1599.000000 14.369692 1.558051 3.007939
 1602.000000 14.320215 1.561784 3.015479
 1605.000000 14.343661 1.563330 3.002359
 1608.000000 14.291662 1.548252 2.998473
 1611.000000 14.288439 1.548794 2.997672
 1614.000000 14.360004 1.554668 2.980314
 1617.000000 14.292274 1.548969 2.961023
 1620.000000 14.426332 1.562242 2.951167
 1623.000000 14.453272 1.518524 3.029532
 1626.000000 14.386483 1.508574 3.022199
 1629.000000 14.443568 1.493257 3.008058
 1632.000000 14.472678 1.505540 3.029928
 1635.000000 14.401602 1.522627 3.006695
 1638.000000 14.391979 1.521353 2.980424
 1641.000000 14.424375 1.542690 2.971873
 1644.000000 14.473993 1.514585 2.975694
 1647.000000 14.463219 1.519233 2.979874
 1650.000000 14.385719 1.504303 2.970081
 1653.000000 14.340694 1.500268 2.989227
 1656.000000 14.283071 1.482323 3.025158
 1659.000000 14.340821 1.490602 2.985378
 1662.000000 14.336489 1.489545 3.034454
 1665.000000 14.400053 1.517365 2.979673
 1668.000000 14.305081 1.522756 2.980619
 1671.000000 14.338216 1.526078 2.961440
 1674.000000 14.444119 1.523212 2.947880
 1677.000000 14.409693 1.529233 2.954727
 1680.000000 14.425784 1.530713 2.961796
 1683.000000 14.436422 1.529833 2.989555
 1686.000000 14.371126 1.529583 3.012358
 1689.000000 14.375035 1.547482 3.016226
 1692.000000 14.285099 1.559041 2.983956
 1695.000000 14.345947 1.549212 2.987283
 1698.000000 14.355790 1.550035 2.980086
 1701.000000 14.327496 1.540634 3.004125
 1704.000000 14.377245 1.556547 2.999574
 1707.000000 14.423606 1.534999 3.004264
 1710.000000 14.455200 1.509531 3.038220
 1713.000000 14.433150 1.528638 2.995992
 1716.000000 14.423509 1.512908 3.016800
 1719.000000 14.479016 1.510835 3.035287
 1722.000000 14.530986 1.534147 3.019114
 1725.000000 14.606657 1.527346 3.030073
 1728.000000 14.536714 1.507785 3.026060
 1731.000000 14.519222 1.519791 2.985161
 1734.000000 14.517364 1.519883 2.963661
 1737.000000 14.464894 1.517182 2.964013
 1740.000000 14.458798 1.547443 2.942744
 1743.000000 14.501648 1.571855 2.945809
 1746.000000 14.574991 1.557184 2.948180
 1749.000000 14.450095 1.554309 2.964817
 1752.000000 14.500371 1.575139 2.939782
 1755.000000 14.506317 1.582913 2.943252
 1758.000000 14.537406 1.554811 2.973626
 1761.000000 14.531637 1.553879 2.986124
 1764.000000 14.475434 1.540329 2.994843
 1767.000000 14.412440 1.544330 2.999969
 1770.000000 14.373493 1.543938 2.965213
 1773.000000 14.366057 1.534230 2.970583
 1776.000000 14.408858 1.529558 2.999793
 1779.000000 14.365457 1.547445 3.000803
 1782.000000 14.345794 1.532759 3.009595
 1785.000000 14.412813 1.524671 2.988359
 1788.000000 14.350909 1.518883 2.965027
 1791.000000 14.256927 1.521998 2.954243
 1794.000000 14.305653 1.516803 2.952011
 1797.000000 14.303473 1.552933 2.951812
 1800.000000 14.342457 1.569824 2.943736
 1803.000000 14.438949 1.553687 2.968209
 1806.000000 14.530553 1.566238 2.973263
 1809.000000 14.524856 1.573664 2.967187
 1812.000000 14.529906 1.564096 2.941130
 1815.000000 14.484576 1.572673 2.967500
 1818.000000 14.587640 1.558349 2.978265
 1821.000000 14.586352 1.552278 2.991510
 1824.000000 14.488008 1.568777 2.986058
 1827.000000 14.513453 1.583359 2.971768
 1830.000000 14.576276 1.588304 2.920958
 1833.000000 14.563421 1.558876 2.956006
 1836.000000 14.566481 1.538132 2.977127
 1839.000000 14.570026 1.565302 2.918934
 1842.000000 14.550082 1.559873 2.938412
 1845.000000 14.531767 1.550214 2.938185
 1848.000000 14.518936 1.537819 2.944313
 1851.000000 14.502149 1.558501 2.952694
 1854.000000 14.524940 1.536048 2.976897
 1857.000000 14.503150 1.553785 2.971850
 1860.000000 14.494245 1.562402 2.938748
 1863.000000 14.450518 1.547449 2.944544
 1866.000000 14.451007 1.541555 2.974360
 1869.000000 14.473491 1.528736 2.973033
 1872.000000 14.465588 1.554569 2.953206
 1875.000000 14.442836 1.563854 2.943019
 1878.000000 14.390656 1.553192 2.932331
 1881.000000 14.455685 1.533266 2.955889
 1884.000000 14.431416 1.526105 2.963355
 1887.000000 14.493168 1.538462 2.985957
 1890.000000 14.563739 1.523438 2.977695
 1893.000000 14.587373 1.538947 2.998985
 1896.000000 14.524948 1.515961 2.985468
 1899.000000 14.544727 1.542705 2.993499
 1902.000000 14.508491 1.546352 3.007215
 1905.000000 14.485755 1.571920 2.946413
 1908.000000 14.490466 1.578368 2.956609
 1911.000000 14.497181 1.567588 2.983651
 1914.000000 14.445933 1.574513 2.983219
 1917.000000 14.509061 1.556239 2.972544
 1920.000000 14.522271 1.534087 3.001261
 1923.000000 14.532640 1.563196 2.973670
 1926.000000 14.526205 1.550711 2.972076
 1929.000000 14.528223 1.565594 2.955988
 1932.000000 14.574578 1.570648 2.971840
 1935.000000 14.615479 1.576779 2.971361
 1938.000000 14.579959 1.551753 3.012560
 1941.000000 14.652928 1.545677 2.990696
 1944.000000 14.721764 1.565409 3.024624
 1947.000000 14.724590 1.554135 3.040092
 1950.000000 14.743627 1.571084 3.049256
 1953.000000 14.616418 1.577740 2.999717
 1956.000000 14.575820 1.569260 3.020993
 1959.000000 14.529876 1.584277 2.990571
 1962.000000 14.615476 1.585318 2.996675
 1965.000000 14.606632 1.598275 3.000948
 1968.000000 14.612730 1.602394 2.977226
 1971.000000 14.608362 1.606830 2.950104
 1974.000000 14.604985 1.584606 2.988135
 1977.000000 14.599693 1.604591 3.009070
 1980.000000 14.668715 1.579696 3.046374
 1983.000000 14.620572 1.570626 3.025856
 1986.000000 14.666374 1.564698 3.001835
 1989.000000 14.681015 1.579938 2.967457
 1992.000000 14.668667 1.604828 2.968742
 1995.000000 14.705354 1.608879 2.981413
 1998.000000 14.659058 1.596912 2.969836
 2001.000000 14.592633 1.611440 2.952329
 2004.000000 14.656359 1.617493 2.985397
 2007.000000 14.660895 1.622656 2.970113
 2010.000000 14.646626 1.599987 2.978208
 2013.000000 14.641349 1.600868 3.001368
 2016.000000 14.623523 1.610214 2.999822
 2019.000000 14.658635 1.592275 2.971606
 2022.000000 14.598570 1.592565 2.954155
 2025.000000 14.602038 1.612245 2.938591
 2028.000000 14.587813 1.601029 2.926607
 2031.000000 14.574766 1.597960 2.919495
 2034.000000 14.579435 1.583835 2.967919
 2037.000000 14.543955 1.573318 2.998019
 2040.000000 14.518304 1.554210 3.007869
 2043.000000 14.475909 1.557856 2.972944
 2046.000000 14.471047 1.555706 2.969765
 2049.000000 14.451281 1.553416 3.000664
 2052.000000 14.524870 1.574686 3.017930
 2055.000000 14.457832 1.562847 3.035412
 2058.000000 14.505783 1.580970 2.948540
 2061.000000 14.513366 1.575832 2.981495
 2064.000000 14.493596 1.587409 2.984710
 2067.000000 14.514498 1.591141 2.967017
 2070.000000 14.465672 1.587700 2.940850
 2073.000000 14.457391 1.607319 2.935294
 2076.000000 14.523613 1.600315 2.966927
 2079.000000 14.473328 1.602441 2.948049
 2082.000000 14.493421 1.599524 2.946090
 2085.000000 14.572105 1.597217 2.944173
 2088.000000 14.589248 1.604281 2.948787
 2091.000000 14.526505 1.602651 2.993630
 2094.000000 14.532233 1.588844 3.006374
 2097.000000 14.478952 1.587390 3.018878
 2100.000000 14.496558 1.596452 3.024920
 2103.000000 14.497934 1.588709 3.047483
 2106.000000 14.470992 1.586424 3.013470
 2109.000000 14.529984 1.570857 3.010413
 2112.000000 14.580967 1.573702 3.013388
 2115.000000 14.548678 1.600091 2.973859
 2118.000000 14.575126 1.567624 3.007983
 2121.000000 14.499244 1.582952 2.992180
 2124.000000 14.547171 1.569224 2.998961
 2127.000000 14.523840 1.613407 2.967944
 2130.000000 14.482440 1.594488 3.004728
 2133.000000 14.568566 1.591465 3.020587
 2136.000000 14.596145 1.569080 3.036376
 2139.000000 14.559953 1.585854 3.014672
 2142.000000 14.573153 1.564206 2.987946
 2145.000000 14.547540 1.558744 2.980804
 2148.000000 14.482512 1.535011 3.013222
 2151.000000 14.487521 1.530166 2.955829
 2154.000000 14.520350 1.539510 2.930659
 2157.000000 14.510620 1.536073 2.938686
 2160.000000 14.400530 1.562026 2.941270
 2163.000000 14.436555 1.529354 2.965390
 2166.000000 14.497192 1.526358 2.967999
 2169.000000 14.515581 1.549204 2.952003
 2172.000000 14.487841 1.557725 2.959027
 2175.000000 14.502495 1.541355 2.947092
 2178.000000 14.612384 1.545556 2.972009
 2181.000000 14.651631 1.576740 2.960470
 2184.000000 14.685362 1.572987 2.963050
 2187.000000 14.693301 1.573377 2.980958
 2190.000000 14.652624 1.571185 2.998807
 2193.000000 14.750222 1.565128 3.010224
 2196.000000 14.646777 1.576270 2.984101
 2199.000000 14.618914 1.578557 2.975783
 2202.000000 14.564010 1.552269 3.013204
 2205.000000 14.528174 1.563388 2.991963
 2208.000000 14.535070 1.578914 2.965375
 2211.000000 14.469513 1.570493 3.016019
 2214.000000 14.504017 1.586640 2.985692
 2217.000000 14.424612 1.609203 2.991308
 2220.000000 14.505604 1.598306 3.031168
 2223.000000 14.406381 1.592242 3.040020
 2226.000000 14.379659 1.613002 3.022187
 2229.000000 14.393215 1.594211 3.011592
 2232.000000 14.356564 1.579325 3.037011
 2235.000000 14.336335 1.596599 3.008968
 2238.000000 14.400370 1.601999 2.998558
 2241.000000 14.450475 1.567495 3.041509
 2244.000000 14.446621 1.584569 2.993241
 2247.000000 14.416846 1.596588 3.008201
 2250.000000 14.340439 1.574605 3.000894
 2253.000000 14.335893 1.607261 2.964921
 2256.000000 14.315209 1.598097 2.974272
 2259.000000 14.354338 1.601803 3.001365
 2262.000000 14.290626 1.590841 2.985021
 2265.000000 14.368780 1.620550 2.987689
 2268.000000 14.380579 1.606088 2.998330
 2271.000000 14.422285 1.619820 3.010760
 2274.000000 14.427908 1.609312 3.035653
 2277.000000 14.461643 1.602000 3.040900
 2280.000000 14.332108 1.603638 3.041325
 2283.000000 14.385733 1.601364 3.059024
 2286.000000 14.416436 1.599645 3.030507
 2289.000000 14.371283 1.590516 3.013844
 2292.000000 14.434349 1.597695 3.027956
 2295.000000 14.359780 1.586696 3.019452
 2298.000000 14.370092 1.590348 3.025610
 2301.000000 14.360561 1.578358 3.042956
 2304.000000 14.332705 1.554037 3.060899
 2307.000000 14.389842 1.545051 3.067019
 2310.000000 14.406785 1.561273 3.041818
 2313.000000 14.491833 1.545555 3.051287
 2316.000000 14.449830 1.555592 3.059902
 2319.000000 14.533580 1.546295 3.037704
 2322.000000 14.539402 1.564423 3.031182
 2325.000000 14.474702 1.559924 3.020310
 2328.000000 14.415177 1.560214 3.003750
 2331.000000 14.520329 1.540042 3.032003
 2334.000000 14.476435 1.560926 2.995106
 2337.000000 14.466109 1.557699 3.017480
 2340.000000 14.404401 1.555554 3.044810
 2343.000000 14.427964 1.525532 3.037343
 2346.000000 14.497983 1.561791 3.011838
 2349.000000 14.452091 1.560016 3.002853
 2352.000000 14.492734 1.545928 3.017008
 2355.000000 14.456181 1.533415 3.062839
 2358.000000 14.413360 1.535760 3.036195
 2361.000000 14.441358 1.546642 3.045293
 2364.000000 14.489923 1.544778 2.997027
 2367.000000 14.656782 1.555749 3.033606
 2370.000000 14.596280 1.558034 2.990900
 2373.000000 14.582560 1.554401 3.002414
 2376.000000 14.518331 1.545728 3.035613
 2379.000000 14.512829 1.555540 3.012231
 2382.000000 14.520550 1.568100 3.015647
 2385.000000 14.531966 1.570672 2.997437
 2388.000000 14.466320 1.565068 2.984576
 2391.000000 14.387970 1.563520 2.993683
 2394.000000 14.364020 1.574778 2.968844
 2397.000000 14.380691 1.574222 2.981550
 2400.000000 14.445550 1.553910 2.975456
 2403.000000 14.421579 1.548322 3.007977
 2406.000000 14.346043 1.541997 3.026306
 2409.000000 14.357483 1.522585 3.037404
 2412.000000 14.345581 1.494855 3.023583
 2415.000000 14.398252 1.518349 2.997640
 2418.000000 14.359343 1.499157 3.031604
 2421.000000 14.313113 1.506879 3.030838
 2424.000000 14.229426 1.509832 3.056765
 2427.000000 14.270006 1.534663 3.032575
 2430.000000 14.205677 1.508716 3.056418
 2433.000000 14.226462 1.509958 3.024491
 2436.000000 14.247271 1.527027 3.021375
 2439.000000 14.284339 1.526142 3.044076
 2442.000000 14.294898 1.535738 2.986228
 2445.000000 14.238465 1.543946 2.969129
 2448.000000 14.342178 1.566066 2.970777
 2451.000000 14.349203 1.542001 3.007072
 2454.000000 14.387918 1.554365 3.024193
 2457.000000 14.362376 1.531237 3.061289
 2460.000000 14.376975 1.546991 3.015519
 2463.000000 14.321661 1.529538 3.055109
 2466.000000 14.314583 1.545820 3.006108
 2469.000000 14.349497 1.516438 3.006074
 2472.000000 14.334217 1.533129 2.982347
 2475.000000 14.330779 1.549869 3.000144
 2478.000000 14.347128 1.551206 2.976810
 2481.000000 14.318246 1.544908 2.954840
 2484.000000 14.441228 1.565548 2.963061
 2487.000000 14.459109 1.541386 2.965491
 2490.000000 14.420394 1.550625 2.988108
 2493.000000 14.464758 1.530357 2.994721
 2496.000000 14.435440 1.534477 2.993176
 2499.000000 14.438504 1.529797 3.015032
 2502.000000 14.423625 1.533139 2.982992
 2505.000000 14.419342 1.496144 3.039002
 2508.000000 14.422451 1.510980 3.023327
 2511.000000 14.473944 1.515902 2.994655
 2514.000000 14.411049 1.522500 3.014456
 2517.000000 14.324322 1.519526 3.034780
 2520.000000 14.329404 1.540081 2.986364
 2523.000000 14.321482 1.504036 3.046649
 2526.000000 14.370613 1.506309 3.049106
 2529.000000 14.401125 1.512204 3.027415
 2532.000000 14.414745 1.537274 2.989530
 2535.000000 14.499152 1.533890 3.010160
 2538.000000 14.461796 1.536711 3.009842
 2541.000000 14.452025 1.540538 3.039565
 2544.000000 14.402226 1.540900 3.043220
 2547.000000 14.509880 1.560519 3.003607
 2550.000000 14.493866 1.520168 3.040736
 2553.000000 14.484805 1.539883 2.986254
 2556.000000 14.445754 1.534983 2.963007
 2559.000000 14.372455 1.543538 2.969401
 2562.000000 14.256746 1.529627 3.001153
 2565.000000 14.333015 1.531986 2.969448
 2568.000000 14.327234 1.542779 2.978943
 2571.000000 14.377719 1.574875 2.944397
 2574.000000 14.415725 1.584695 2.944835
 2577.000000 14.428196 1.605068 2.927961
 2580.000000 14.429043 1.600089 2.919961
 2583.000000 14.390846 1.575119 2.946761
 2586.000000 14.363048 1.569744 2.959907
 2589.000000 14.294028 1.612576 2.904951
 2592.000000 14.339892 1.576576 2.955952
 2595.000000 14.362620 1.590728 2.955683
 2598.000000 14.388891 1.585592 2.949802
 2601.000000 14.430564 1.581487 2.956400
 2604.000000 14.425719 1.556404 3.004443
 2607.000000 14.369305 1.592156 2.985112
 2610.000000 14.433724 1.585900 2.995359
 2613.000000 14.471228 1.607199 2.994806
 2616.000000 14.355900 1.605365 3.011484
 2619.000000 14.319642 1.609159 2.967356
 2622.000000 14.290192 1.583271 2.994736
 2625.000000 14.294123 1.604401 2.983666
 2628.000000 14.277825 1.595959 2.986500
 2631.000000 14.298664 1.595182 3.011881
 2634.000000 14.205616 1.572701 3.013851
 2637.000000 14.218906 1.570999 2.985218
 2640.000000 14.178209 1.578630 3.010919
 2643.000000 14.278068 1.601763 2.975469
 2646.000000 14.330054 1.583371 3.004725
 2649.000000 14.421615 1.592554 3.007197
 2652.000000 14.467298 1.581855 3.013338
 2655.000000 14.421660 1.586803 2.971796
 2658.000000 14.532286 1.574945 2.990255
 2661.000000 14.510668 1.573821 2.971552
 2664.000000 14.517360 1.580572 2.964130
 2667.000000 14.567395 1.573319 2.980712
 2670.000000 14.478555 1.567726 2.985147
 2673.000000 14.377060 1.567284 2.966536
 2676.000000 14.386012 1.590008 2.952808
 2679.000000 14.429106 1.567296 2.994400
 2682.000000 14.395584 1.577375 2.976117
 2685.000000 14.370283 1.571047 2.975204
 2688.000000 14.364468 1.555923 2.966329
 2691.000000 14.432018 1.543847 3.035208
 2694.000000 14.403113 1.546032 3.009064
 2697.000000 14.431859 1.554680 3.009331
 2700.000000 14.458151 1.559962 3.018836
 2703.000000 14.429805 1.532836 3.037898
 2706.000000 14.383508 1.558371 3.026978
 2709.000000 14.463575 1.562340 2.990708
 2712.000000 14.487336 1.568158 2.979855
 2715.000000 14.422655 1.564562 3.001983
 2718.000000 14.455596 1.567791 3.002207
 2721.000000 14.453300 1.579646 2.981795
 2724.000000 14.520323 1.596874 2.964128
 2727.000000 14.587358 1.583978 2.991160
 2730.000000 14.524765 1.583483 2.951939
 2733.000000 14.554241 1.572683 2.971449
 2736.000000 14.588951 1.569429 2.935255
 2739.000000 14.488764 1.561507 2.971578
 2742.000000 14.388742 1.567480 2.986054
 2745.000000 14.415700 1.571480 2.996983
 2748.000000 14.446854 1.569279 2.976582
 2751.000000 14.395413 1.559883 3.017410
 2754.000000 14.399534 1.543800 3.033114
 2757.000000 14.448399 1.547433 2.978091
 2760.000000 14.438104 1.573802 2.943483
 2763.000000 14.515112 1.556185 2.955832
 2766.000000 14.518582 1.549427 2.968054
 2769.000000 14.517069 1.578399 2.960431
 2772.000000 14.520735 1.551468 2.982822
 2775.000000 14.491693 1.576311 2.931276
 2778.000000 14.460959 1.568875 2.956951
 2781.000000 14.492015 1.582892 2.935320
 2784.000000 14.434720 1.575043 2.916124
 2787.000000 14.455040 1.587379 2.943732
 2790.000000 14.431717 1.580802 2.959489
 2793.000000 14.473860 1.585097 2.941784
 2796.000000 14.447856 1.559491 2.957144
 2799.000000 14.419214 1.578926 2.931553
 2802.000000 14.337187 1.552541 2.953608
 2805.000000 14.325363 1.576560 2.979439
 2808.000000 14.354236 1.572662 3.012160
 2811.000000 14.335973 1.544021 3.016047
 2814.000000 14.370223 1.564759 2.970598
 2817.000000 14.332426 1.536686 3.004065
 2820.000000 14.350644 1.522209 2.978820
 2823.000000 14.347494 1.549280 2.981727
 2826.000000 14.309485 1.529334 2.972684
 2829.000000 14.254133 1.507572 2.997024
 2832.000000 14.249586 1.534840 2.965711
 2835.000000 14.334733 1.547322 2.979365
 2838.000000 14.401330 1.550409 3.000815
 2841.000000 14.407743 1.558682 2.996575
 2844.000000 14.418344 1.565016 3.010829
 2847.000000 14.377757 1.543574 3.002302
 2850.000000 14.387993 1.546420 3.016008
 2853.000000 14.387971 1.552195 3.017867
 2856.000000 14.418985 1.572790 2.980290
 2859.000000 14.436251 1.574078 2.968575
 2862.000000 14.423834 1.586718 2.963550
 2865.000000 14.388370 1.590263 2.955390
 2868.000000 14.435300 1.590717 2.922865
 2871.000000 14.424086 1.595965 2.944024
 2874.000000 14.397155 1.597123 2.956925
 2877.000000 14.374939 1.601671 2.934401
 2880.000000 14.354010 1.566219 2.932902
 2883.000000 14.381834 1.593823 2.923073
 2886.000000 14.456390 1.578877 2.968740
 2889.000000 14.432429 1.587124 2.951634
 2892.000000 14.460819 1.615418 2.927372
 2895.000000 14.509434 1.630528 2.911268
 2898.000000 14.495779 1.615670 2.919891
 2901.000000 14.426677 1.630317 2.942682
 2904.000000 14.443709 1.622401 2.947279
 2907.000000 14.497678 1.567905 3.013869
 2910.000000 14.406904 1.599581 2.972057
 2913.000000 14.400595 1.607521 2.968440
 2916.000000 14.543639 1.593529 3.021857
 2919.000000 14.540557 1.597198 2.969561
 2922.000000 14.595057 1.592356 2.996168
 2925.000000 14.556100 1.576503 2.996021
 2928.000000 14.562388 1.558469 3.009461
 2931.000000 14.564752 1.605648 2.993717
 2934.000000 14.651622 1.575265 3.006044
 2937.000000 14.611496 1.600660 2.986293
 2940.000000 14.550319 1.633561 2.948016
 2943.000000 14.561572 1.603852 2.973733
 2946.000000 14.579860 1.583555 2.991687
 2949.000000 14.522974 1.577505 2.986893
 2952.000000 14.575074 1.578665 3.012097
 2955.000000 14.547820 1.605388 3.009059
 2958.000000 14.587254 1.599176 2.986923
 2961.000000 14.537238 1.635632 2.974437
 2964.000000 14.580097 1.633686 3.007767
 2967.000000 14.514977 1.634457 2.996993
 2970.000000 14.490479 1.638872 2.993111
 2973.000000 14.478172 1.649848 3.007689
 2976.000000 14.485431 1.631530 3.033288
 2979.000000 14.474409 1.633179 3.016443
 2982.000000 14.492790 1.630630 3.004551
 2985.000000 14.373436 1.619547 3.014007
 2988.000000 14.345600 1.584483 3.024634
 2991.000000 14.425157 1.620969 3.018089
 2994.000000 14.371177 1.634516 3.000173
 2997.000000 14.409926 1.615392 3.025285
 3000.000000 14.334167 1.598587 3.046885
 3003.000000 14.381990 1.589003 3.049495
 3006.000000 14.464762 1.581780 3.049168
 3009.000000 14.487345 1.610266 2.997831
 3012.000000 14.441666 1.614389 2.974423
 3015.000000 14.333836 1.615184 2.950784
 3018.000000 14.404615 1.590736 2.989120
 3021.000000 14.314103 1.561332 3.006722
 3024.000000 14.333516 1.549904 2.989565
 3027.000000 14.304847 1.573607 2.991853
 3030.000000 14.254890 1.554702 3.005054
 3033.000000 14.332810 1.553808 2.999916
 3036.000000 14.331949 1.544458 2.993145
 3039.000000 14.311974 1.557255 2.963103
 3042.000000 14.330110 1.568101 2.945543
 3045.000000 14.377209 1.564797 2.951541
 3048.000000 14.434981 1.574159 2.937128
 3051.000000 14.483358 1.598004 2.893859
 3054.000000 14.483083 1.607687 2.918426
 3057.000000 14.456813 1.590451 2.913862
 3060.000000 14.481608 1.594313 2.936162
 3063.000000 14.441243 1.612384 2.943012
 3066.000000 14.479323 1.609916 2.939629
 3069.000000 14.384278 1.606706 2.936659
 3072.000000 14.419390 1.616449 2.960317
 3075.000000 14.457307 1.609232 2.961751
 3078.000000 14.483587 1.605585 2.964763
 3081.000000 14.464209 1.617757 2.956653
 3084.000000 14.386897 1.600631 2.986857
 3087.000000 14.358758 1.610174 2.976039
 3090.000000 14.432166 1.614862 2.982529
 3093.000000 14.372496 1.610061 2.961298
 3096.000000 14.378883 1.588054 3.005714
 3099.000000 14.279635 1.578750 3.006239
 3102.000000 14.324677 1.586504 2.990207
 3105.000000 14.326549 1.585157 2.986348
 3108.000000 14.250361 1.593011 2.972445
 3111.000000 14.211915 1.605662 2.962091
 3114.000000 14.226950 1.588320 2.960709
 3117.000000 14.256320 1.571001 2.993960
 3120.000000 14.205368 1.567250 2.965456
 3123.000000 14.222969 1.567218 2.926418
 3126.000000 14.237867 1.557421 2.949860
 3129.000000 14.152724 1.553700 2.971877
 3132.000000 14.216301 1.545099 2.961134
 3135.000000 14.211724 1.544631 2.976458
 3138.000000 14.110427 1.566261 2.967213
 3141.000000 14.122593 1.562956 2.975146
 3144.000000 14.250638 1.559193 3.006361
 3147.000000 14.283453 1.564863 2.990151
 3150.000000 14.311862 1.542688 2.980322
 3153.000000 14.429899 1.565349 2.949934
 3156.000000 14.442303 1.530847 2.968781
 3159.000000 14.415346 1.555162 2.969027
 3162.000000 14.388956 1.555319 2.959216
 3165.000000 14.331965 1.547260 2.991754
 3168.000000 14.320706 1.553821 2.980096
 3171.000000 14.384390 1.577257 2.968376
 3174.000000 14.423161 1.537389 2.998595
 3177.000000 14.467373 1.554430 2.965472
 3180.000000 14.395326 1.564372 2.959502
 3183.000000 14.371670 1.561603 2.953550
 3186.000000 14.367612 1.563976 2.965898
 3189.000000 14.373032 1.571684 2.970598
 3192.000000 14.402394 1.574352 2.967265
 3195.000000 14.397408 1.604434 2.980902
 3198.000000 14.523945 1.587191 2.961784
 3201.000000 14.636791 1.583993 2.985787
 3204.000000 14.501976 1.596736 2.966044
 3207.000000 14.494890 1.596052 2.964204
 3210.000000 14.559792 1.610232 2.918272
 3213.000000 14.526411 1.593784 2.956630
 3216.000000 14.466513 1.595846 2.935584
 3219.000000 14.546640 1.572278 2.958054
 3222.000000 14.572547 1.554688 2.991343
 3225.000000 14.577834 1.543583 3.055332
 3228.000000 14.555968 1.540140 3.018577
 3231.000000 14.557262 1.539725 3.035518
 3234.000000 14.600922 1.547023 2.987097
 3237.000000 14.558940 1.556235 2.996499
 3240.000000 14.579994 1.546520 3.031020
 3243.000000 14.579151 1.547155 3.044856
 3246.000000 14.594851 1.526686 3.003065
 3249.000000 14.577203 1.557644 2.999099
 3252.000000 14.586376 1.544124 3.013352
 3255.000000 14.552248 1.529059 3.016300
 3258.000000 14.503415 1.511843 2.995881
 3261.000000 14.531323 1.521514 3.013774
 3264.000000 14.477012 1.522585 3.035952
 3267.000000 14.482744 1.516168 3.013112
 3270.000000 14.508980 1.545121 2.983251
 3273.000000 14.457620 1.519716 2.984090
 3276.000000 14.414124 1.543586 2.996201
 3279.000000 14.480047 1.541403 3.015248
 3282.000000 14.567932 1.522188 3.001508
 3285.000000 14.647458 1.550036 2.974655
 3288.000000 14.554322 1.545049 2.957207
 3291.000000 14.474854 1.560362 2.952569
 3294.000000 14.463658 1.527451 2.975776
 3297.000000 14.435304 1.529899 2.994550
 3300.000000 14.441346 1.531756 3.011392
 3303.000000 14.509667 1.541529 2.991315
 3306.000000 14.546366 1.520684 3.027671
 3309.000000 14.506478 1.536541 3.023365
 3312.000000 14.456193 1.545317 3.014288
 3315.000000 14.423902 1.533591 3.011108
 3318.000000 14.451859 1.510658 3.005082
 3321.000000 14.465830 1.531506 2.992048
 3324.000000 14.536050 1.553097 3.015397
 3327.000000 14.553454 1.558484 3.015234
 3330.000000 14.583162 1.558586 2.994711
 3333.000000 14.567255 1.561499 3.019655
 3336.000000 14.565378 1.562048 3.001167
 3339.000000 14.486287 1.534873 3.009775
 3342.000000 14.462476 1.548468 2.997607
 3345.000000 14.448312 1.554508 2.979503
 3348.000000 14.495193 1.547998 2.985191
 3351.000000 14.506566 1.553114 3.011699
 3354.000000 14.530106 1.550312 3.017531
 3357.000000 14.543983 1.547575 2.997680
 3360.000000 14.487932 1.575440 2.948349
 3363.000000 14.475869 1.571411 2.955724
 3366.000000 14.510161 1.577625 2.948592
 3369.000000 14.572307 1.537149 2.960810
 3372.000000 14.498828 1.548268 2.958052
 3375.000000 14.478276 1.556999 2.969663
 3378.000000 14.515258 1.575345 2.986809
 3381.000000 14.526696 1.571760 2.975345
 3384.000000 14.539301 1.584738 2.950945
 3387.000000 14.487617 1.589836 2.958052
 3390.000000 14.448819 1.585927 2.959847
 3393.000000 14.418273 1.591613 2.975414
 3396.000000 14.480803 1.585741 2.985969
 3399.000000 14.517335 1.598352 2.984486
 3402.000000 14.514431 1.585010 2.992440
 3405.000000 14.466640 1.597856 2.938991
 3408.000000 14.485195 1.570545 2.956926
 3411.000000 14.585283 1.551650 2.976166
 3414.000000 14.604738 1.542270 2.982937
 3417.000000 14.596595 1.532062 2.988283
 3420.000000 14.646994 1.551469 2.973268
 3423.000000 14.615312 1.565385 2.951238
 3426.000000 14.688516 1.555108 2.988960
 3429.000000 14.668723 1.539188 3.024481
 3432.000000 14.579441 1.517645 3.014665
 3435.000000 14.553644 1.545140 2.969428
 3438.000000 14.620133 1.556284 2.970786
 3441.000000 14.581921 1.575053 2.947102
 3444.000000 14.587885 1.569398 2.942582
 3447.000000 14.507612 1.587892 2.935249
 3450.000000 14.471542 1.596729 2.961112
 3453.000000 14.477066 1.599649 2.923110
 3456.000000 14.475590 1.613487 2.933500
 3459.000000 14.496961 1.616461 2.923490
 3462.000000 14.440703 1.560906 2.955627
 3465.000000 14.453758 1.544344 2.964458
 3468.000000 14.412588 1.551640 2.979952
 3471.000000 14.364630 1.559164 3.001980
 3474.000000 14.355469 1.544846 2.996422
 3477.000000 14.388523 1.547962 3.024847
 3480.000000 14.368277 1.557828 3.008969
 3483.000000 14.404315 1.582319 2.956212
 3486.000000 14.374140 1.541528 2.997445
 3489.000000 14.430836 1.552335 2.983323
 3492.000000 14.474439 1.558374 3.019365
 3495.000000 14.448016 1.536580 3.026972
 3498.000000 14.483604 1.560246 3.030387
 3501.000000 14.491382 1.554078 2.996407
 3504.000000 14.417900 1.565604 2.977511
 3507.000000 14.459224 1.557562 2.992679
 3510.000000 14.411375 1.579333 2.996146
 3513.000000 14.396685 1.569278 2.976552
 3516.000000 14.423517 1.566472 2.987397
 3519.000000 14.457688 1.592475 2.934798
 3522.000000 14.447742 1.569470 2.971229
 3525.000000 14.455583 1.587107 2.978482
 3528.000000 14.464573 1.573283 2.964060
 3531.000000 14.406002 1.574520 2.941977
 3534.000000 14.423490 1.563761 2.939467
 3537.000000 14.452754 1.552297 2.978906
 3540.000000 14.469789 1.560942 2.983193
 3543.000000 14.478731 1.565405 2.943470
 3546.000000 14.491941 1.558435 2.961760
 3549.000000 14.486764 1.536960 2.979609
 3552.000000 14.426155 1.559990 2.963057
 3555.000000 14.336481 1.536948 2.979206
 3558.000000 14.328709 1.544145 2.992543
 3561.000000 14.338938 1.532438 2.999554
 3564.000000 14.332095 1.534113 3.003299
 3567.000000 14.383693 1.558340 2.981561
 3570.000000 14.359185 1.554495 3.012700
 3573.000000 14.407230 1.527679 2.992159
 3576.000000 14.489255 1.525940 3.023589
 3579.000000 14.526411 1.538121 3.016732
 3582.000000 14.505181 1.525110 3.033923
 3585.000000 14.490535 1.530916 3.017728
 3588.000000 14.472993 1.548541 2.999643
 3591.000000 14.539472 1.562379 2.994691
 3594.000000 14.508101 1.533294 3.024001
 3597.000000 14.461689 1.551714 2.999155
 3600.000000 14.353722 1.535419 3.010419
 3603.000000 14.427194 1.532381 3.028425
 3606.000000 14.461323 1.547658 2.996058
 3609.000000 14.446063 1.551042 2.991250
 3612.000000 14.490232 1.537291 2.976682
 3615.000000 14.438697 1.533779 3.003948
 3618.000000 14.402009 1.529987 2.983999
 3621.000000 14.445869 1.535802 3.006181
 3624.000000 14.470505 1.524923 3.016129
 3627.000000 14.517061 1.523482 3.034113
 3630.000000 14.510778 1.544851 2.973804
 3633.000000 14.481635 1.552178 2.994975
 3636.000000 14.580412 1.554950 2.983531
 3639.000000 14.579261 1.553561 2.982866
 3642.000000 14.558259 1.552345 2.977953
 3645.000000 14.624609 1.537711 2.985898
 3648.000000 14.602541 1.541207 3.002418
 3651.000000 14.603031 1.548648 3.015032
 3654.000000 14.466744 1.519000 3.006871
 3657.000000 14.472739 1.519111 2.986889
 3660.000000 14.429599 1.523364 2.984503
 3663.000000 14.375972 1.526506 2.942645
 3666.000000 14.390506 1.498537 2.995767
 3669.000000 14.420919 1.485575 2.994021
 3672.000000 14.427302 1.492598 2.953597
 3675.000000 14.445750 1.495410 2.959651
 3678.000000 14.444140 1.518177 2.960529
 3681.000000 14.440240 1.528210 2.962313
 3684.000000 14.456971 1.524324 2.965916
 3687.000000 14.526472 1.504354 2.974388
 3690.000000 14.460677 1.511662 2.971719
 3693.000000 14.485046 1.500935 2.985985
 3696.000000 14.514332 1.532991 2.985441
 3699.000000 14.548217 1.563685 2.953821
 3702.000000 14.522839 1.571665 2.955513
 3705.000000 14.476779 1.555105 2.975642
 3708.000000 14.466517 1.566884 2.951985
 3711.000000 14.508005 1.577592 2.912871
 3714.000000 14.420963 1.540604 2.935964
 3717.000000 14.470896 1.542589 2.949159
 3720.000000 14.493775 1.539193 2.994348
 3723.000000 14.502867 1.536649 2.982940
 3726.000000 14.487211 1.558278 2.974857
 3729.000000 14.422833 1.539101 2.985306
 3732.000000 14.467091 1.520614 2.961692
 3735.000000 14.435794 1.542956 2.968774
 3738.000000 14.558178 1.538158 2.999602
 3741.000000 14.466009 1.512944 2.995991
 3744.000000 14.454180 1.529772 2.992534
 3747.000000 14.459665 1.525052 2.996742
 3750.000000 14.404935 1.553419 3.012319
 3753.000000 14.470346 1.556388 3.009121
 3756.000000 14.421688 1.547012 2.995306
 3759.000000 14.418654 1.544847 3.012787
 3762.000000 14.408543 1.540480 2.986168
 3765.000000 14.408512 1.532660 2.962719
 3768.000000 14.426952 1.509450 3.051140
 3771.000000 14.397948 1.519484 3.022643
 3774.000000 14.401631 1.497836 3.012565
 3777.000000 14.443898 1.474335 2.993073
 3780.000000 14.374281 1.505054 3.028140
 3783.000000 14.355255 1.506952 3.014406
 3786.000000 14.326330 1.506806 2.963408
 3789.000000 14.370866 1.508426 2.985432
 3792.000000 14.420621 1.503018 2.992676
 3795.000000 14.427818 1.509305 3.002848
 3798.000000 14.382208 1.511246 2.946772
 3801.000000 14.448573 1.520305 2.957810
 3804.000000 14.429200 1.522920 2.953225
 3807.000000 14.418335 1.548526 2.953073
 3810.000000 14.416155 1.575190 2.908309
 3813.000000 14.376982 1.556840 2.927530
 3816.000000 14.443843 1.569529 2.916118
 3819.000000 14.413373 1.572532 2.944085
 3822.000000 14.409763 1.593342 2.906286
 3825.000000 14.401714 1.599147 2.945876
 3828.000000 14.372040 1.567526 2.974990
 3831.000000 14.365373 1.565278 2.962566
 3834.000000 14.382732 1.553938 2.964585
 3837.000000 14.331156 1.541760 3.002344
 3840.000000 14.326199 1.545027 2.975788
 3843.000000 14.316996 1.544191 2.926285
 3846.000000 14.274418 1.543305 2.932318
 3849.000000 14.263077 1.547664 2.911047
 3852.000000 14.335499 1.553323 2.952345
 3855.000000 14.409530 1.563562 2.926198
 3858.000000 14.478653 1.574919 2.944662
 3861.000000 14.509972 1.607379 2.949029
 3864.000000 14.422951 1.575594 2.976746
 3867.000000 14.444242 1.580944 3.023573
 3870.000000 14.435630 1.586457 2.983891
 3873.000000 14.405562 1.572024 2.989815
 3876.000000 14.381044 1.594139 2.955503
 3879.000000 14.414845 1.565059 3.030475
 3882.000000 14.469069 1.582162 3.014785
 3885.000000 14.427500 1.544553 3.016561
 3888.000000 14.479483 1.539228 3.015002
 3891.000000 14.399667 1.535552 3.022960
 3894.000000 14.459991 1.565649 2.993274
 3897.000000 14.448939 1.562332 2.997361
 3900.000000 14.520309 1.583978 2.942876
 3903.000000 14.517802 1.602607 2.945021
 3906.000000 14.474898 1.593504 2.973095
 3909.000000 14.426460 1.592298 2.970887
 3912.000000 14.397044 1.564229 3.003273
 3915.000000 14.321206 1.558497 2.969749
 3918.000000 14.426639 1.582045 2.991707
 3921.000000 14.326423 1.573468 2.971812
 3924.000000 14.451816 1.581353 2.982575
 3927.000000 14.459931 1.579702 2.980082
 3930.000000 14.465809 1.588695 3.033808
 3933.000000 14.367390 1.575352 3.003005
 3936.000000 14.445764 1.561871 3.000688
 3939.000000 14.425175 1.535547 3.034135
 3942.000000 14.455554 1.536369 3.045441
 3945.000000 14.445966 1.545139 3.022493
 3948.000000 14.422817 1.533141 3.031660
 3951.000000 14.341746 1.550528 3.018413
 3954.000000 14.366380 1.553864 3.025513
 3957.000000 14.326379 1.583413 2.990386
 3960.000000 14.395923 1.580953 3.006230
 3963.000000 14.303987 1.564098 2.971292
 3966.000000 14.320399 1.551798 2.953667
 3969.000000 14.302124 1.550430 3.002629
 3972.000000 14.313074 1.559523 2.995031
 3975.000000 14.402724 1.540960 2.979462
 3978.000000 14.422401 1.544117 3.014564
 3981.000000 14.323999 1.522715 2.980290
 3984.000000 14.244225 1.528319 2.982475
 3987.000000 14.308869 1.517467 3.006797
 3990.000000 14.350128 1.531356 2.968639
 3993.000000 14.417588 1.541173 2.933688
 3996.000000 14.420062 1.528654 2.935159
 3999.000000 14.421119 1.521990 2.943898
 4002.000000 14.436416 1.504181 2.961662
 4005.000000 14.511711 1.529001 2.943634
 4008.000000 14.419607 1.508648 2.969897
 4011.000000 14.400428 1.506672 2.987297
 4014.000000 14.423467 1.488343 2.967228
 4017.000000 14.342261 1.501060 2.999018
 4020.000000 14.375380 1.493983 2.991165
 4023.000000 14.434030 1.526425 2.979938
 4026.000000 14.489025 1.518020 2.966665
 4029.000000 14.492033 1.526275 2.941831
 4032.000000 14.451474 1.490676 2.928283
 4035.000000 14.375067 1.509479 2.897481
 4038.000000 14.335534 1.496032 2.916660
 4041.000000 14.405681 1.509385 2.902883
 4044.000000 14.452019 1.515585 2.909452
 4047.000000 14.402978 1.513139 2.964184
 4050.000000 14.443701 1.512036 2.985054
 4053.000000 14.444702 1.492833 2.973514
 4056.000000 14.447975 1.514083 2.953557
 4059.000000 14.475412 1.501920 2.955009
 4062.000000 14.550841 1.509387 2.908601
 4065.000000 14.454069 1.488366 2.949861
 4068.000000 14.446951 1.503844 2.967810
 4071.000000 14.435896 1.490461 2.961137
 4074.000000 14.536064 1.496542 2.921020
 4077.000000 14.520563 1.511043 2.883137
 4080.000000 14.534210 1.509293 2.902926
 4083.000000 14.535301 1.511739 2.956078
 4086.000000 14.553696 1.525994 2.932173
 4089.000000 14.561194 1.513891 2.974918
 4092.000000 14.519723 1.504376 2.974910
 4095.000000 14.500835 1.492422 2.982233
 4098.000000 14.530375 1.487992 2.980302
 4101.000000 14.479550 1.496870 2.974836
 4104.000000 14.510365 1.498305 2.969751
 4107.000000 14.551481 1.484557 2.970850
 4110.000000 14.471034 1.518737 2.918690
 4113.000000 14.444030 1.502419 2.959467
 4116.000000 14.373456 1.491469 2.961818
 4119.000000 14.472596 1.504024 2.953272
 4122.000000 14.514789 1.513949 2.951697
 4125.000000 14.541556 1.530157 2.962709
 4128.000000 14.531513 1.506439 2.992258
 4131.000000 14.457863 1.500671 2.976449
 4134.000000 14.461980 1.508430 2.968152
 4137.000000 14.401983 1.501728 2.986178
 4140.000000 14.497098 1.506191 2.974588
 4143.000000 14.542328 1.510467 2.958233
 4146.000000 14.513402 1.507364 2.947831
 4149.000000 14.430542 1.494833 2.978888
 4152.000000 14.397003 1.509776 2.978995
 4155.000000 14.440252 1.496222 2.997662
 4158.000000 14.343128 1.481321 3.015752
 4161.000000 14.382941 1.478519 2.985221
 4164.000000 14.370113 1.492174 3.015523
 4167.000000 14.325874 1.494803 2.968556
 4170.000000 14.303308 1.487618 2.976612
 4173.000000 14.319215 1.486013 2.953166
 4176.000000 14.266860 1.503848 2.958032
 4179.000000 14.355526 1.518200 2.945144
 4182.000000 14.342367 1.497483 2.963479
 4185.000000 14.362996 1.488025 2.946902
 4188.000000 14.284501 1.472563 2.964839
 4191.000000 14.367400 1.471532 2.963872
 4194.000000 14.344788 1.488861 2.920443
 4197.000000 14.244944 1.495554 2.947940
 4200.000000 14.335948 1.488956 2.972037
 4203.000000 14.264222 1.475135 3.017554
 4206.000000 14.313477 1.469877 3.031873
 4209.000000 14.280268 1.451466 3.012809
 4212.000000 14.290471 1.455775 3.009885
 4215.000000 14.267320 1.473556 2.982759
 4218.000000 14.271757 1.492650 2.975595
 4221.000000 14.364200 1.483419 2.958765
 4224.000000 14.350945 1.480760 2.969755
 4227.000000 14.395012 1.483489 2.970281
 4230.000000 14.397813 1.462746 3.041041
 4233.000000 14.466154 1.466917 3.032470
 4236.000000 14.412872 1.493745 2.997001
 4239.000000 14.422664 1.470458 3.022522
 4242.000000 14.447395 1.494366 3.025299
 4245.000000 14.469018 1.489742 3.035687
 4248.000000 14.504474 1.493858 3.024521
 4251.000000 14.469995 1.504523 3.015622
 4254.000000 14.419614 1.492389 3.014023
 4257.000000 14.397210 1.497145 2.982719
 4260.000000 14.401603 1.501736 2.977521
 4263.000000 14.418732 1.507754 3.022228
 4266.000000 14.446695 1.505776 2.996367
 4269.000000 14.367032 1.509814 2.991566
 4272.000000 14.423236 1.505112 2.973751
 4275.000000 14.439580 1.495638 2.979885
 4278.000000 14.417883 1.503882 2.992465
 4281.000000 14.261583 1.517551 2.967906
 4284.000000 14.278315 1.517349 2.977534
 4287.000000 14.311552 1.519333 2.993120
 4290.000000 14.271763 1.536372 2.972470
 4293.000000 14.434378 1.548396 2.933625
 4296.000000 14.358222 1.530982 2.954027
 4299.000000 14.333071 1.553765 2.949475
 4302.000000 14.323510 1.563435 2.943479
 4305.000000 14.375479 1.545893 2.951478
 4308.000000 14.271767 1.541906 2.974461
 4311.000000 14.360369 1.537924 2.968228
 4314.000000 14.394802 1.557164 2.945526
 4317.000000 14.338330 1.544994 2.970936
 4320.000000 14.333424 1.552536 2.938091
 4323.000000 14.309257 1.547997 2.914176
 4326.000000 14.361279 1.551960 2.956226
 4329.000000 14.326979 1.560899 2.930821
 4332.000000 14.332587 1.564668 2.914567
 4335.000000 14.394691 1.563827 2.897994
 4338.000000 14.430677 1.556216 2.945406
 4341.000000 14.421236 1.558641 2.964811
 4344.000000 14.294123 1.555769 2.951329
 4347.000000 14.310763 1.548794 3.015857
 4350.000000 14.339079 1.574173 2.993711
 4353.000000 14.298641 1.581009 2.993412
 4356.000000 14.363586 1.595418 3.003740
 4359.000000 14.435377 1.591726 2.986164
 4362.000000 14.490705 1.575421 3.007449
 4365.000000 14.479378 1.574718 3.001028
 4368.000000 14.469379 1.589072 2.990467
 4371.000000 14.495678 1.571424 3.009095
 4374.000000 14.435964 1.567132 3.013061
 4377.000000 14.362431 1.586078 2.989746
 4380.000000 14.386061 1.560231 3.003880
 4383.000000 14.326026 1.557029 2.978568
 4386.000000 14.357874 1.583732 2.957729
 4389.000000 14.365099 1.584253 2.993463
 4392.000000 14.305436 1.578504 2.993937
 4395.000000 14.379876 1.584363 2.974196
 4398.000000 14.373895 1.580463 2.996755
 4401.000000 14.442718 1.585975 2.971905
 4404.000000 14.494661 1.553014 2.984849
 4407.000000 14.568155 1.559965 2.954669
 4410.000000 14.569765 1.552952 2.971129
 4413.000000 14.505341 1.556659 2.943268
 4416.000000 14.487637 1.563990 2.955870
 4419.000000 14.536490 1.599832 2.931137
 4422.000000 14.622995 1.579472 2.945151
 4425.000000 14.555984 1.566630 2.950779
 4428.000000 14.462298 1.577451 2.969727
 4431.000000 14.444184 1.558737 2.999978
 4434.000000 14.431160 1.554876 2.951040
 4437.000000 14.438030 1.545839 2.960774
 4440.000000 14.499406 1.561562 2.954654
 4443.000000 14.548992 1.524684 2.958588
 4446.000000 14.535505 1.539405 2.942045
 4449.000000 14.525606 1.557728 2.936102
 4452.000000 14.524031 1.552420 2.979070
 4455.000000 14.513203 1.527606 3.053817
 4458.000000 14.479954 1.542031 2.989746
 4461.000000 14.498575 1.537028 3.000221
 4464.000000 14.560145 1.527366 3.003462
 4467.000000 14.598065 1.546986 3.016344
 4470.000000 14.509891 1.523137 3.051709
 4473.000000 14.466637 1.508058 3.015218
 4476.000000 14.401522 1.531136 3.009388
 4479.000000 14.385762 1.526909 2.996218
 4482.000000 14.355504 1.533732 2.962296
 4485.000000 14.413698 1.556535 2.955830
 4488.000000 14.432656 1.541291 2.989113
 4491.000000 14.454071 1.552847 2.971218
 4494.000000 14.505221 1.540962 2.985817
 4497.000000 14.524333 1.549045 2.958562
 4500.000000 14.565752 1.549708 2.977358
 4503.000000 14.494343 1.562420 2.937172
 4506.000000 14.530396 1.572749 2.951370
 4509.000000 14.511814 1.563577 2.946309
 4512.000000 14.498279 1.560457 2.926966
 4515.000000 14.497573 1.540481 2.937916
 4518.000000 14.441806 1.556131 2.946105
 4521.000000 14.405174 1.536295 2.949942
 4524.000000 14.385944 1.549325 2.960205
 4527.000000 14.502394 1.548627 2.953559
 4530.000000 14.438713 1.575697 2.933943
 4533.000000 14.381764 1.586471 2.941571
 4536.000000 14.447585 1.595334 2.928040
 4539.000000 14.398336 1.557051 2.964605
 4542.000000 14.405799 1.554854 2.983977
 4545.000000 14.406438 1.584459 2.951786
 4548.000000 14.454243 1.578017 2.985173
 4551.000000 14.413272 1.571717 3.016978
 4554.000000 14.402207 1.553813 3.015083
 4557.000000 14.404989 1.548051 2.963273
 4560.000000 14.361934 1.542105 2.955435
 4563.000000 14.297846 1.535350 2.974228
 4566.000000 14.273024 1.544307 2.992165
 4569.000000 14.281132 1.553801 2.945850
 4572.000000 14.308690 1.533379 2.960615
 4575.000000 14.324818 1.525841 2.946601
 4578.000000 14.300732 1.543297 2.965329
 4581.000000 14.324958 1.540163 3.002993
 4584.000000 14.375182 1.535291 2.999710
 4587.000000 14.336734 1.519394 2.987640
 4590.000000 14.317449 1.515265 2.995897
 4593.000000 14.300059 1.514472 2.981811
 4596.000000 14.373974 1.530607 2.948052
 4599.000000 14.399436 1.523863 2.968776
 4602.000000 14.423638 1.518592 2.967245
 4605.000000 14.472210 1.505516 2.969687
 4608.000000 14.542165 1.526954 2.958223
 4611.000000 14.519925 1.525534 2.952788
 4614.000000 14.571990 1.535135 2.954540
 4617.000000 14.509203 1.520400 2.956945
 4620.000000 14.533954 1.521923 2.968216
 4623.000000 14.523972 1.518369 2.993615
 4626.000000 14.552041 1.508373 2.984940
 4629.000000 14.605027 1.518976 2.978127
 4632.000000 14.608197 1.519170 2.970690
 4635.000000 14.622798 1.537759 2.983615
 4638.000000 14.593991 1.515461 2.998416
 4641.000000 14.598476 1.518416 2.982350
 4644.000000 14.584730 1.544302 2.976629
 4647.000000 14.630053 1.514465 2.937750
 4650.000000 14.576485 1.536273 2.942232
 4653.000000 14.565253 1.533539 2.942948
 4656.000000 14.525683 1.527078 2.947166
 4659.000000 14.538016 1.541662 2.918274
 4662.000000 14.544592 1.533735 2.948399
 4665.000000 14.554080 1.528133 2.957835
 4668.000000 14.537648 1.546634 2.965008
 4671.000000 14.579854 1.544310 2.948007
 4674.000000 14.556318 1.534074 2.970577
 4677.000000 14.645267 1.534334 2.956333
 4680.000000 14.582929 1.514173 2.993434
 4683.000000 14.572794 1.510332 3.003422
 4686.000000 14.550114 1.537493 2.971397
 4689.000000 14.566116 1.544251 2.965726
 4692.000000 14.504600 1.549028 2.952664
 4695.000000 14.491124 1.539769 2.933527
 4698.000000 14.497974 1.551637 2.945235
 4701.000000 14.461008 1.529655 2.988595
 4704.000000 14.423294 1.537952 2.995159
 4707.000000 14.510278 1.548963 2.990958
 4710.000000 14.487050 1.552085 2.990249
 4713.000000 14.491558 1.562171 2.962822
 4716.000000 14.564028 1.571268 2.929111
 4719.000000 14.583318 1.562616 2.950704
 4722.000000 14.533773 1.564889 3.003463
 4725.000000 14.540539 1.546779 2.974321
 4728.000000 14.557946 1.559415 2.974650
 4731.000000 14.551984 1.549243 3.033688
 4734.000000 14.517488 1.537733 3.005943
 4737.000000 14.558459 1.551912 2.992689
 4740.000000 14.622944 1.553654 3.009200
 4743.000000 14.546257 1.580506 2.985966
 4746.000000 14.491385 1.568814 2.994413
 4749.000000 14.513084 1.553632 3.005071
 4752.000000 14.555129 1.544056 3.033705
 4755.000000 14.624512 1.562909 3.004759
 4758.000000 14.612181 1.550958 3.010807
 4761.000000 14.517868 1.569826 2.979399
 4764.000000 14.551042 1.562134 3.001344
 4767.000000 14.535803 1.551196 2.974781
 4770.000000 14.447741 1.557356 2.955126
 4773.000000 14.465005 1.561334 2.938673
 4776.000000 14.418003 1.555924 2.981652
 4779.000000 14.366637 1.554373 2.986231
 4782.000000 14.351679 1.573454 2.977876
 4785.000000 14.401212 1.557696 3.000663
 4788.000000 14.298542 1.576615 2.994704
 4791.000000 14.363139 1.585431 2.984703
 4794.000000 14.326285 1.582229 2.993715
 4797.000000 14.353564 1.570470 3.002586
 4800.000000 14.384404 1.583313 2.996729
 4803.000000 14.421339 1.559811 2.994059
 4806.000000 14.409770 1.569104 2.986123
 4809.000000 14.390160 1.577985 2.957521
 4812.000000 14.440015 1.558332 2.990051
 4815.000000 14.430504 1.561394 2.989352
 4818.000000 14.452533 1.551047 3.037195
 4821.000000 14.501640 1.562329 2.997374
 4824.000000 14.492843 1.569295 3.055432
 4827.000000 14.525790 1.576138 3.022124
 4830.000000 14.546762 1.576664 3.062176
 4833.000000 14.516929 1.580665 2.997083
 4836.000000 14.457422 1.563557 3.006250
 4839.000000 14.418941 1.569157 2.992432
 4842.000000 14.274177 1.560145 3.001435
 4845.000000 14.260335 1.554479 3.022488
 4848.000000 14.263688 1.546069 3.047245
 4851.000000 14.285949 1.575205 3.036091
 4854.000000 14.305039 1.573653 2.996708
 4857.000000 14.290612 1.586089 2.975320
 4860.000000 14.304323 1.572999 2.948283
 4863.000000 14.233948 1.567026 2.943795
 4866.000000 14.289143 1.575650 2.968269
 4869.000000 14.242324 1.568515 2.986966
 4872.000000 14.228560 1.550090 2.981998
 4875.000000 14.200626 1.579822 2.979602
 4878.000000 14.194835 1.563576 2.972283
 4881.000000 14.271512 1.559745 2.981903
 4884.000000 14.267629 1.578240 2.970575
 4887.000000 14.299421 1.577698 2.953028
 4890.000000 14.326265 1.600285 2.998785
 4893.000000 14.345725 1.599663 3.012998
 4896.000000 14.389302 1.607818 3.005817
 4899.000000 14.362433 1.610815 3.016021
 4902.000000 14.436498 1.602560 2.992952
 4905.000000 14.418678 1.590357 3.027369
 4908.000000 14.437655 1.595086 3.007250
 4911.000000 14.369225 1.573139 2.998509
 4914.000000 14.359848 1.549413 3.036715
 4917.000000 14.403395 1.563256 3.036114
 4920.000000 14.429194 1.587514 2.954442
 4923.000000 14.362506 1.587165 2.962714
 4926.000000 14.406503 1.599159 2.990480
 4929.000000 14.410564 1.613908 3.005570
 4932.000000 14.312597 1.609206 2.995683
 4935.000000 14.286745 1.580553 3.028004
 4938.000000 14.257467 1.597682 3.044327
 4941.000000 14.378217 1.576886 3.050767
 4944.000000 14.252611 1.597825 2.981919
 4947.000000 14.273716 1.592876 3.015205
 4950.000000 14.326870 1.605333 3.008642
 4953.000000 14.320483 1.615426 3.002581
 4956.000000 14.310975 1.591026 3.012934
 4959.000000 14.277346 1.564262 3.014495
 4962.000000 14.324848 1.593841 2.988981
 4965.000000 14.311705 1.565925 2.999290
 4968.000000 14.433080 1.584374 2.971819
 4971.000000 14.512746 1.588885 2.976943
 4974.000000 14.529646 1.559789 2.998290
 4977.000000 14.508411 1.559063 2.982589
 4980.000000 14.579744 1.556650 2.986548
 4983.000000 14.535164 1.569274 2.940762
 4986.000000 14.511955 1.601337 2.919633
 4989.000000 14.538367 1.582300 2.953214
 4992.000000 14.604073 1.589267 2.956167
 4995.000000 14.483959 1.582756 2.952165
 4998.000000 14.491613 1.600971 2.922466
 5001.000000 14.435224 1.570305 2.971412
 5004.000000 14.455194 1.579469 2.983150
 5007.000000 14.488504 1.549461 3.005632
 5010.000000 14.415952 1.570759 3.001025
 5013.000000 14.416542 1.581499 2.963322
 5016.000000 14.461587 1.570607 2.961087
 5019.000000 14.486738 1.600985 2.975994
 5022.000000 14.348262 1.585122 2.964858
 5025.000000 14.359339 1.583542 2.996486
 5028.000000 14.406414 1.576792 3.005937
 5031.000000 14.293399 1.560425 3.030299
 5034.000000 14.304353 1.526148 3.047273
 5037.000000 14.291582 1.546306 3.041463
 5040.000000 14.308307 1.540624 3.032025
 5043.000000 14.341726 1.554430 3.000338
 5046.000000 14.304134 1.561858 3.000053
 5049.000000 14.332236 1.545564 3.005728
 5052.000000 14.327507 1.554410 3.015092
 5055.000000 14.293721 1.574561 3.028692
 5058.000000 14.218023 1.564088 3.028369
 5061.000000 14.285065 1.563949 3.007920
 5064.000000 14.261108 1.543833 3.023016
 5067.000000 14.310640 1.562483 3.043838
 5070.000000 14.332295 1.542336 3.018039
 5073.000000 14.367137 1.551806 3.039909
 5076.000000 14.400476 1.544395 2.994964
 5079.000000 14.418086 1.537583 2.981249
 5082.000000 14.411468 1.537842 2.998066
 5085.000000 14.361407 1.569805 2.979244
 5088.000000 14.373688 1.569622 2.964756
 5091.000000 14.381042 1.558246 2.959545
 5094.000000 14.378076 1.532857 3.032116
 5097.000000 14.357920 1.531744 3.007019
 5100.000000 14.390063 1.534013 3.027796
 5103.000000 14.425470 1.537370 2.994186
 5106.000000 14.361711 1.525538 3.020710
 5109.000000 14.344217 1.514537 3.021564
 5112.000000 14.284263 1.522306 3.014889
 5115.000000 14.270447 1.502340 3.017939
 5118.000000 14.326716 1.518472 3.009641
 5121.000000 14.269531 1.525900 2.974331
 5124.000000 14.279279 1.515373 2.997047
 5127.000000 14.254216 1.490655 2.996198
 5130.000000 14.307481 1.511884 3.044386
 5133.000000 14.370298 1.501855 2.995512
 5136.000000 14.469116 1.519303 3.017840
 5139.000000 14.531680 1.515416 3.012713
 5142.000000 14.446229 1.527267 3.036364
 5145.000000 14.469428 1.540657 3.009061
 5148.000000 14.470772 1.507629 3.019983
 5151.000000 14.453482 1.521912 3.008642
 5154.000000 14.419357 1.500949 3.019777
 5157.000000 14.457336 1.507569 3.016904
 5160.000000 14.519832 1.520723 2.998788
 5163.000000 14.481772 1.500539 3.041843
 5166.000000 14.429293 1.511827 2.995799
 5169.000000 14.498052 1.516143 2.999934
 5172.000000 14.491248 1.509381 3.002957
 5175.000000 14.397720 1.524668 3.001422
 5178.000000 14.423896 1.505167 3.020365
 5181.000000 14.460014 1.503519 2.995791
 5184.000000 14.426088 1.522036 3.039400
 5187.000000 14.414669 1.528494 3.001839
 5190.000000 14.339444 1.518219 2.998719
 5193.000000 14.368562 1.521533 2.987558
 5196.000000 14.284731 1.512918 2.981484
 5199.000000 14.384935 1.508769 2.955428
 5202.000000 14.258302 1.488579 2.962639
 5205.000000 14.357525 1.511395 2.962399
 5208.000000 14.306095 1.503685 2.983387
 5211.000000 14.394386 1.512082 2.966716
 5214.000000 14.447401 1.502174 2.995781
 5217.000000 14.382617 1.516761 2.985515
 5220.000000 14.394831 1.523376 2.977066
 5223.000000 14.443647 1.517183 3.003419
 5226.000000 14.460170 1.534184 2.980027
 5229.000000 14.532784 1.535677 2.970389
 5232.000000 14.479307 1.538041 2.978916
 5235.000000 14.399872 1.533374 2.985080
 5238.000000 14.422505 1.537984 2.994101
 5241.000000 14.545774 1.534579 2.988734
 5244.000000 14.541396 1.559276 2.964537
 5247.000000 14.554924 1.534897 2.992407
 5250.000000 14.458197 1.544187 2.986020
 5253.000000 14.476170 1.532375 2.987054
 5256.000000 14.477728 1.550102 2.982546
 5259.000000 14.482532 1.549049 2.949774
 5262.000000 14.435710 1.541186 2.942554
 5265.000000 14.476657 1.542273 2.956465
 5268.000000 14.448890 1.529333 3.008894
 5271.000000 14.444101 1.549945 2.941991
 5274.000000 14.456865 1.516512 2.985724
 5277.000000 14.457017 1.520881 2.989295
 5280.000000 14.453009 1.519770 2.962531
 5283.000000 14.470391 1.512087 2.988477
 5286.000000 14.403517 1.537636 2.972265
 5289.000000 14.380830 1.549550 2.950825
 5292.000000 14.410365 1.560027 2.949760
 5295.000000 14.445550 1.552269 2.954386
 5298.000000 14.389436 1.561260 2.956931
 5301.000000 14.389023 1.566356 2.935913
 5304.000000 14.442481 1.568210 2.938804
 5307.000000 14.385595 1.553397 2.946643
 5310.000000 14.369169 1.552853 2.944479
 5313.000000 14.345709 1.538552 2.967077
 5316.000000 14.370948 1.553670 2.975235
 5319.000000 14.447131 1.583303 2.930112
 5322.000000 14.477325 1.525881 2.984807
 5325.000000 14.549152 1.554447 2.975960
 5328.000000 14.497886 1.541652 2.999515
 5331.000000 14.575973 1.546005 2.978011
 5334.000000 14.601094 1.524330 2.978320
 5337.000000 14.548641 1.510842 2.993202
 5340.000000 14.580074 1.531480 2.978955
 5343.000000 14.542533 1.525502 2.973417
 5346.000000 14.592857 1.514015 3.023323
 5349.000000 14.604788 1.527401 2.957068
 5352.000000 14.650373 1.509040 2.971244
 5355.000000 14.592658 1.511740 3.000082
 5358.000000 14.574350 1.502064 3.004155
 5361.000000 14.573029 1.522322 3.002519
 5364.000000 14.458291 1.514744 3.017419
 5367.000000 14.464145 1.525579 3.003107
 5370.000000 14.489052 1.518022 3.016994
 5373.000000 14.472560 1.536205 2.993579
 5376.000000 14.529002 1.490727 3.034753
 5379.000000 14.515439 1.499265 2.990317
 5382.000000 14.475271 1.502967 3.031297
 5385.000000 14.487533 1.508516 3.041713
 5388.000000 14.500986 1.515104 3.012992
 5391.000000 14.384286 1.517807 2.970015
 5394.000000 14.426777 1.518289 2.985087
 5397.000000 14.422478 1.505671 2.981548
 5400.000000 14.459139 1.495058 3.005174
 5403.000000 14.420655 1.517277 2.995189
 5406.000000 14.456359 1.530239 2.984887
 5409.000000 14.382529 1.519769 2.986911
 5412.000000 14.365637 1.534083 2.983761
 5415.000000 14.301049 1.528014 2.964296
 5418.000000 14.376909 1.519085 2.992961
 5421.000000 14.366057 1.518430 2.999681
 5424.000000 14.456831 1.532766 2.967742
 5427.000000 14.392492 1.532167 2.977555
 5430.000000 14.433650 1.529304 2.960628
 5433.000000 14.457961 1.513979 3.020205
 5436.000000 14.457646 1.529061 3.022102
 5439.000000 14.460987 1.541924 3.003756
 5442.000000 14.528396 1.561786 2.981718
 5445.000000 14.526227 1.552056 2.955141
 5448.000000 14.472913 1.539703 2.959848
 5451.000000 14.547553 1.557411 2.971520
 5454.000000 14.567911 1.555409 2.977459
 5457.000000 14.508926 1.534985 2.984326
 5460.000000 14.546591 1.539325 2.942560
 5463.000000 14.600013 1.547492 2.912119
 5466.000000 14.576852 1.540730 2.942362
 5469.000000 14.491480 1.522173 2.944848
 5472.000000 14.534829 1.520442 2.907253
 5475.000000 14.508145 1.519404 2.930808
 5478.000000 14.438124 1.513381 2.946182
 5481.000000 14.412136 1.490622 2.960345
 5484.000000 14.473730 1.536950 2.960463
 5487.000000 14.505489 1.527422 2.958161
 5490.000000 14.508407 1.547553 3.005159
 5493.000000 14.426977 1.552519 2.992487
 5496.000000 14.442675 1.541003 2.992790
 5499.000000 14.468545 1.524272 2.978052
 5502.000000 14.514681 1.538203 2.997385
 5505.000000 14.530778 1.537415 3.016794
 5508.000000 14.502264 1.518303 3.008752
 5511.000000 14.477122 1.503408 3.024078
 5514.000000 14.476556 1.515446 3.000498
 5517.000000 14.455581 1.499965 3.007024
 5520.000000 14.423338 1.530959 2.963132
 5523.000000 14.491033 1.531108 2.967239
 5526.000000 14.506609 1.511438 2.961112
 5529.000000 14.393719 1.487694 2.976500
 5532.000000 14.409584 1.520332 2.948164
 5535.000000 14.380214 1.507173 2.912675
 5538.000000 14.430634 1.485614 2.913174
 5541.000000 14.464428 1.498795 2.930301
 5544.000000 14.505540 1.502616 2.953955
 5547.000000 14.513146 1.511053 2.939630
 5550.000000 14.525119 1.490402 2.927424
 5553.000000 14.501896 1.512782 2.911816
 5556.000000 14.471853 1.494948 2.975894
 5559.000000 14.446152 1.511376 2.943141
 5562.000000 14.417486 1.523049 2.953447
 5565.000000 14.408297 1.501041 2.953412
 5568.000000 14.429858 1.527619 2.910745
 5571.000000 14.451248 1.493792 2.930431
 5574.000000 14.380800 1.506565 2.917763
 5577.000000 14.388261 1.522634 2.925150
 5580.000000 14.376152 1.497202 2.918548
 5583.000000 14.365516 1.505894 2.922691
 5586.000000 14.397681 1.518004 2.977629
 5589.000000 14.447346 1.518297 2.962454
 5592.000000 14.418862 1.492406 2.994965
 5595.000000 14.503528 1.497370 3.011033
 5598.000000 14.550819 1.498290 3.020427
 5601.000000 14.538410 1.537447 3.022747
 5604.000000 14.561027 1.523782 2.998168
 5607.000000 14.550754 1.532876 2.994884
 5610.000000 14.636865 1.542345 3.030088
 5613.000000 14.619535 1.541985 2.994067
 5616.000000 14.671238 1.514239 2.977930
 5619.000000 14.627079 1.535553 3.010211
 5622.000000 14.502972 1.538565 2.990302
 5625.000000 14.458593 1.540804 3.000204
 5628.000000 14.465317 1.535087 2.991124
 5631.000000 14.490877 1.557245 2.999829
 5634.000000 14.522647 1.533375 2.990609
 5637.000000 14.510255 1.532438 2.980604
 5640.000000 14.453476 1.547730 2.965812
 5643.000000 14.526451 1.537844 2.970510
 5646.000000 14.485228 1.548836 2.950899
 5649.000000 14.458851 1.551502 2.963825
 5652.000000 14.461546 1.548461 2.954172
 5655.000000 14.454875 1.530259 2.933946
 5658.000000 14.484983 1.533346 2.943024
 5661.000000 14.408012 1.538873 2.941622
 5664.000000 14.352336 1.523212 2.996198
 5667.000000 14.390458 1.535147 2.996450
 5670.000000 14.419227 1.543604 2.993844
 5673.000000 14.478079 1.568031 2.960362
 5676.000000 14.460173 1.558830 2.984877
 5679.000000 14.549647 1.575358 2.965985
 5682.000000 14.477691 1.555236 2.993811
 5685.000000 14.465298 1.548740 2.975365
 5688.000000 14.458151 1.564386 2.957517
 5691.000000 14.469071 1.550141 2.979295
 5694.000000 14.460416 1.552929 2.988729
 5697.000000 14.431060 1.556316 2.979098
 5700.000000 14.376623 1.571838 2.967721
 5703.000000 14.422999 1.564662 2.938562
 5706.000000 14.398038 1.577158 2.977253
 5709.000000 14.493960 1.597054 2.929436
 5712.000000 14.443162 1.601050 2.932687
 5715.000000 14.479822 1.608392 2.944507
 5718.000000 14.512495 1.598940 2.965974
 5721.000000 14.578170 1.604311 2.935855
 5724.000000 14.702151 1.581677 2.957867
 5727.000000 14.583370 1.582814 2.936461
 5730.000000 14.612356 1.577691 2.993895
 5733.000000 14.643516 1.610703 2.942435
 5736.000000 14.673421 1.607312 2.923131
 5739.000000 14.707517 1.590231 2.951637
 5742.000000 14.622669 1.574022 2.969380
 5745.000000 14.574182 1.583543 2.960878
 5748.000000 14.527374 1.600579 2.947725
 5751.000000 14.543208 1.619168 2.936480
 5754.000000 14.582916 1.610890 2.930033
 5757.000000 14.592396 1.593742 2.936579
 5760.000000 14.516816 1.583449 2.940075
 5763.000000 14.550478 1.571498 2.924809
 5766.000000 14.585717 1.560044 2.966958
 5769.000000 14.570776 1.563000 2.963488
 5772.000000 14.527021 1.544020 2.988256
 5775.000000 14.592014 1.536012 2.990167
 5778.000000 14.516467 1.540704 2.990030
 5781.000000 14.538080 1.539918 2.930595
 5784.000000 14.518458 1.566921 2.926334
 5787.000000 14.561069 1.559264 2.936094
 5790.000000 14.535761 1.566490 2.940307
 5793.000000 14.575274 1.552700 2.915367
 5796.000000 14.669555 1.558517 2.935342
 5799.000000 14.670349 1.537456 2.952774
 5802.000000 14.646968 1.530720 2.949180
 5805.000000 14.656516 1.524505 2.941096
 5808.000000 14.540644 1.537713 2.958757
 5811.000000 14.474613 1.537714 2.912919
 5814.000000 14.444410 1.546497 2.937989
 5817.000000 14.496028 1.534831 2.958616
 5820.000000 14.463719 1.550308 2.963065
 5823.000000 14.391436 1.553580 2.965797
 5826.000000 14.394273 1.535617 2.952792
 5829.000000 14.397572 1.579862 2.922893
 5832.000000 14.425331 1.593871 2.891612
 5835.000000 14.372304 1.564740 2.959031
 5838.000000 14.359437 1.591401 2.951084
 5841.000000 14.408461 1.558148 2.985682
 5844.000000 14.439029 1.592616 2.955386
 5847.000000 14.441991 1.585184 2.963823
 5850.000000 14.392719 1.572550 2.946465
 5853.000000 14.472007 1.543598 2.942799
 5856.000000 14.400642 1.571845 2.903224
 5859.000000 14.439578 1.535119 2.944690
 5862.000000 14.460087 1.535235 2.963665
 5865.000000 14.411169 1.541536 2.967030
 5868.000000 14.413067 1.562190 2.977119
 5871.000000 14.382812 1.576417 2.960226
 5874.000000 14.441833 1.576193 2.980766
 5877.000000 14.518137 1.559142 2.975349
 5880.000000 14.434912 1.559435 2.975723
 5883.000000 14.496546 1.556584 2.969848
 5886.000000 14.459989 1.568617 2.938238
 5889.000000 14.419604 1.569439 2.970513
 5892.000000 14.441226 1.562592 2.943031
 5895.000000 14.397544 1.584445 2.953059
 5898.000000 14.462320 1.567001 2.957891
 5901.000000 14.445671 1.566420 2.948412
 5904.000000 14.504573 1.567291 2.964817
 5907.000000 14.514079 1.533376 2.968481
 5910.000000 14.508087 1.542860 2.961710
 5913.000000 14.595231 1.546552 2.976372
 5916.000000 14.536259 1.538990 2.975360
 5919.000000 14.525629 1.553634 2.983722
 5922.000000 14.505808 1.573419 3.000911
 5925.000000 14.474666 1.568860 3.013615
 5928.000000 14.471066 1.575117 2.988124
 5931.000000 14.372653 1.593931 3.036804
 5934.000000 14.443531 1.587753 3.016052
 5937.000000 14.449570 1.579305 3.004089
 5940.000000 14.435691 1.593215 2.980119
 5943.000000 14.492459 1.611244 2.981591
 5946.000000 14.515979 1.584856 2.996320
 5949.000000 14.468084 1.618345 2.968468
 5952.000000 14.517950 1.583774 3.033338
 5955.000000 14.458613 1.572560 3.001880
 5958.000000 14.431231 1.593112 2.970193
 5961.000000 14.418581 1.591160 2.968424
 5964.000000 14.422708 1.599892 2.960185
 5967.000000 14.446653 1.578821 2.974296
 5970.000000 14.349558 1.582951 2.983898
 5973.000000 14.480797 1.598245 2.964419
 5976.000000 14.419314 1.607020 2.968337
 5979.000000 14.374839 1.587532 2.991832
 5982.000000 14.308789 1.573078 2.982908
 5985.000000 14.327724 1.578088 2.985036
 5988.000000 14.346284 1.558390 3.021607
 5991.000000 14.377522 1.567660 2.962667
 5994.000000 14.334718 1.558098 2.970741
 5997.000000 14.368684 1.551513 2.998032
 6000.000000 14.353899 1.561359 2.985311
 6003.000000 14.341959 1.547981 2.997409
 6006.000000 14.290125 1.531365 3.046744
 6009.000000 14.318093 1.545243 3.026001
 6012.000000 14.373106 1.547608 3.014735
 6015.000000 14.315254 1.532602 2.990646
 6018.000000 14.318527 1.544557 3.005791
 6021.000000 14.351322 1.552994 3.035489
 6024.000000 14.357252 1.538918 2.974435
 6027.000000 14.368641 1.552640 2.978897
 6030.000000 14.326666 1.562942 3.003758
 6033.000000 14.284310 1.571095 3.019298
 6036.000000 14.254280 1.563001 3.005800
 6039.000000 14.240810 1.579295 2.999142
 6042.000000 14.219104 1.556018 3.017669
 6045.000000 14.308707 1.529622 3.003223
 6048.000000 14.276172 1.536742 2.944617
 6051.000000 14.328466 1.532403 2.980327
 6054.000000 14.313978 1.551611 2.983152
 6057.000000 14.347195 1.524216 3.031321
 6060.000000 14.313742 1.548741 2.999353
 6063.000000 14.370369 1.552026 3.015604
 6066.000000 14.352866 1.572908 2.977510
 6069.000000 14.307223 1.546963 2.999010
 6072.000000 14.347515 1.561473 3.009154
 6075.000000 14.406807 1.548532 3.000918
 6078.000000 14.364380 1.556216 2.973390
 6081.000000 14.442381 1.555314 2.984473
 6084.000000 14.377661 1.579021 2.994058
 6087.000000 14.386724 1.574461 2.994707
 6090.000000 14.460298 1.543774 3.004655
 6093.000000 14.536713 1.577429 2.997413
 6096.000000 14.482054 1.560456 3.005923
 6099.000000 14.499846 1.547832 3.024436
 6102.000000 14.507416 1.553222 3.004701
 6105.000000 14.441321 1.557431 3.025955
 6108.000000 14.453238 1.555617 3.055505
 6111.000000 14.440828 1.554646 3.037757
 6114.000000 14.436535 1.535253 3.026481
 6117.000000 14.396945 1.542511 3.016756
 6120.000000 14.431655 1.520346 3.026102
 6123.000000 14.372637 1.536486 3.025399
 6126.000000 14.385035 1.542502 3.030711
 6129.000000 14.363090 1.576719 2.968489
 6132.000000 14.455586 1.543654 2.997092
 6135.000000 14.456885 1.562110 3.007191
 6138.000000 14.415927 1.539327 3.022131
 6141.000000 14.369092 1.554663 3.011198
 6144.000000 14.404548 1.517251 3.026643
 6147.000000 14.427687 1.507876 3.022907
 6150.000000 14.463743 1.512650 3.072076
 6153.000000 14.506414 1.523574 3.072150
 6156.000000 14.464278 1.530380 3.039523
 6159.000000 14.497482 1.519580 3.030358
 6162.000000 14.436384 1.533931 2.998032
 6165.000000 14.468733 1.548287 2.991519
 6168.000000 14.448105 1.538396 3.001789
 6171.000000 14.449685 1.512893 3.023535
 6174.000000 14.396240 1.523337 3.026895
 6177.000000 14.416489 1.544106 2.973541
 6180.000000 14.371444 1.534478 2.995805
 6183.000000 14.342048 1.556043 2.997475
 6186.000000 14.316850 1.549894 2.980693
 6189.000000 14.270708 1.509541 2.996022
 6192.000000 14.251578 1.517977 2.968204
 6195.000000 14.260003 1.520439 2.964601
 6198.000000 14.244279 1.530307 2.951721
 6201.000000 14.292414 1.568747 2.935450
 6204.000000 14.273819 1.558456 2.967378
 6207.000000 14.261967 1.566148 2.990514
 6210.000000 14.361522 1.534416 3.028386
 6213.000000 14.337245 1.525457 3.001871
 6216.000000 14.376682 1.543864 3.022600
 6219.000000 14.362759 1.552489 3.016814
 6222.000000 14.349960 1.540024 3.021064
 6225.000000 14.345839 1.556311 3.015323
 6228.000000 14.327206 1.539775 2.999545
 6231.000000 14.320233 1.552863 2.981679
 6234.000000 14.358911 1.560389 2.946024
 6237.000000 14.243903 1.534570 2.966061
 6240.000000 14.359471 1.534882 2.984525
 6243.000000 14.273274 1.552184 2.975023
 6246.000000 14.291999 1.538568 2.992094
 6249.000000 14.377524 1.534192 3.006962
 6252.000000 14.379952 1.526524 3.002194
 6255.000000 14.325868 1.536163 2.974979
 6258.000000 14.349285 1.546573 2.977722
 6261.000000 14.320183 1.531174 3.006591
 6264.000000 14.269367 1.544941 2.991624
 6267.000000 14.358685 1.563109 2.972366
 6270.000000 14.446927 1.545520 2.978593
 6273.000000 14.479184 1.558996 2.989577
 6276.000000 14.453839 1.543752 2.987165
 6279.000000 14.494822 1.549105 2.997626
 6282.000000 14.441373 1.569042 2.978106
 6285.000000 14.365778 1.555105 2.998203
 6288.000000 14.318075 1.541239 3.023155
 6291.000000 14.359406 1.539340 3.014501
 6294.000000 14.334898 1.575949 2.988939
 6297.000000 14.326457 1.551079 2.979536
 6300.000000 14.196317 1.557884 2.967208
 6303.000000 14.197176 1.571206 2.968980
 6306.000000 14.179895 1.548264 2.977812
 6309.000000 14.223671 1.580904 2.964511
 6312.000000 14.260380 1.570789 3.038871
 6315.000000 14.299459 1.581410 3.002716
 6318.000000 14.315326 1.569438 3.028071
 6321.000000 14.400011 1.557018 3.035278
 6324.000000 14.315030 1.526696 3.025286
 6327.000000 14.358458 1.528498 3.048268
 6330.000000 14.336928 1.550269 3.035609
 6333.000000 14.368125 1.537108 2.975327
 6336.000000 14.311431 1.566025 2.949980
 6339.000000 14.340555 1.573829 3.000514
 6342.000000 14.322300 1.559793 3.025979
 6345.000000 14.294057 1.569224 3.010560
 6348.000000 14.345495 1.566052 2.980555
 6351.000000 14.324789 1.554320 2.972812
 6354.000000 14.319915 1.557106 3.009263
 6357.000000 14.360965 1.547647 2.981994
 6360.000000 14.378565 1.558390 2.983020
 6363.000000 14.309061 1.527778 3.004098
 6366.000000 14.322387 1.516977 3.015943
 6369.000000 14.352403 1.523403 3.033004
 6372.000000 14.306242 1.538328 2.975687
 6375.000000 14.300044 1.562338 2.970765
 6378.000000 14.361187 1.553527 2.946159
 6381.000000 14.362380 1.565305 2.947328
 6384.000000 14.314256 1.566640 2.928180
 6387.000000 14.252693 1.556663 2.948060
 6390.000000 14.319920 1.554681 2.948559
 6393.000000 14.448825 1.570857 2.940136
 6396.000000 14.403233 1.559622 2.931861
 6399.000000 14.419982 1.553795 2.958746
 6402.000000 14.389593 1.546212 2.987557
 6405.000000 14.454045 1.548152 3.006301
 6408.000000 14.394359 1.561418 2.993231
 6411.000000 14.391153 1.532895 3.013294
 6414.000000 14.358930 1.558947 2.985271
 6417.000000 14.328519 1.525818 3.041275
 6420.000000 14.382978 1.514246 3.034299
 6423.000000 14.422618 1.516076 3.057216
 6426.000000 14.378895 1.510584 3.054918
 6429.000000 14.409898 1.517175 3.055638
 6432.000000 14.459631 1.516332 3.018538
 6435.000000 14.452676 1.503742 3.016882
 6438.000000 14.494257 1.544894 3.024178
 6441.000000 14.435102 1.535526 3.055111
 6444.000000 14.482354 1.546451 3.039414
 6447.000000 14.428435 1.508103 3.040072
 6450.000000 14.497642 1.519167 3.020645
 6453.000000 14.565744 1.528609 2.995833
 6456.000000 14.561944 1.520429 2.982530
 6459.000000 14.535652 1.548396 2.969934
 6462.000000 14.503696 1.547128 2.971887
 6465.000000 14.463062 1.561288 2.991255
 6468.000000 14.461599 1.553381 2.991597
 6471.000000 14.435488 1.559964 3.000477
 6474.000000 14.404077 1.581671 2.974107
 6477.000000 14.358326 1.589616 3.010047
 6480.000000 14.326358 1.583461 2.988793
 6483.000000 14.340533 1.574248 3.038875
 6486.000000 14.331966 1.558500 3.050647
 6489.000000 14.415593 1.588708 2.995052
 6492.000000 14.434582 1.598387 3.020914
 6495.000000 14.437416 1.569518 3.056614
 6498.000000 14.405669 1.563434 3.000096
 6501.000000 14.331090 1.561648 3.018792
 6504.000000 14.322810 1.542382 3.029906
 6507.000000 14.228926 1.553093 3.019826
 6510.000000 14.276038 1.534613 3.019777
 6513.000000 14.287566 1.562795 2.983041
 6516.000000 14.281399 1.567626 3.000108
 6519.000000 14.311842 1.560737 2.986524
 6522.000000 14.395978 1.564538 2.997216
 6525.000000 14.381537 1.565918 3.005260
 6528.000000 14.419334 1.583344 2.994205
 6531.000000 14.368305 1.565393 3.021904
 6534.000000 14.286079 1.583549 3.021582
 6537.000000 14.354700 1.585147 2.984804
 6540.000000 14.359460 1.593004 2.978227
 6543.000000 14.354780 1.571761 2.984553
 6546.000000 14.343007 1.574844 3.004988
 6549.000000 14.320210 1.552014 3.004819
 6552.000000 14.408665 1.549399 2.974380
 6555.000000 14.399777 1.561145 2.958772
 6558.000000 14.415775 1.568409 2.954695
 6561.000000 14.403488 1.589486 2.938888
 6564.000000 14.418803 1.583548 2.970662
 6567.000000 14.398030 1.584565 2.940276
 6570.000000 14.468115 1.584445 2.963989
 6573.000000 14.515977 1.565969 2.957099
 6576.000000 14.476842 1.557133 2.974993
 6579.000000 14.424432 1.559310 2.949369
 6582.000000 14.331955 1.576173 2.979302
 6585.000000 14.354317 1.562794 2.987290
 6588.000000 14.335007 1.547301 3.038433
 6591.000000 14.336830 1.531717 3.007761
 6594.000000 14.390826 1.531393 2.993016
 6597.000000 14.471143 1.536709 2.967018
 6600.000000 14.443230 1.534733 2.979232
 6603.000000 14.436116 1.559326 2.981850
 6606.000000 14.437224 1.583757 2.969956
 6609.000000 14.436529 1.574293 2.971781
 6612.000000 14.434994 1.561343 2.984387
 6615.000000 14.431872 1.577206 2.980945
 6618.000000 14.408696 1.571595 3.004882
 6621.000000 14.345997 1.579786 3.020935
 6624.000000 14.378285 1.588123 3.026562
 6627.000000 14.410240 1.567845 3.032761
 6630.000000 14.444373 1.565886 3.023306
 6633.000000 14.498361 1.587236 2.979657
 6636.000000 14.436084 1.581533 2.995704
 6639.000000 14.515212 1.553718 2.975758
 6642.000000 14.543905 1.542647 2.980798
 6645.000000 14.448790 1.577193 2.978338
 6648.000000 14.444212 1.582899 2.966115
 6651.000000 14.476300 1.566170 2.976686
 6654.000000 14.460861 1.555623 2.983069
 6657.000000 14.419124 1.582125 2.962992
 6660.000000 14.346360 1.563523 2.980476
 6663.000000 14.315542 1.562119 3.013543
 6666.000000 14.278503 1.562500 3.009829
 6669.000000 14.282345 1.576424 3.000104
 6672.000000 14.145969 1.574479 3.009929
 6675.000000 14.232594 1.561521 3.006323
 6678.000000 14.227549 1.570592 2.979041
 6681.000000 14.300791 1.581977 2.953788
 6684.000000 14.260532 1.566324 2.928511
 6687.000000 14.241351 1.561596 2.931922
 6690.000000 14.330874 1.552130 2.924184
 6693.000000 14.296122 1.545384 2.918427
 6696.000000 14.346062 1.540438 2.871035
 6699.000000 14.337455 1.542951 2.884308
 6702.000000 14.327594 1.541613 2.875635
 6705.000000 14.363067 1.529958 2.892118
 6708.000000 14.382923 1.537023 2.913339
 6711.000000 14.373747 1.500532 2.956100
 6714.000000 14.383895 1.499513 2.972196
 6717.000000 14.346654 1.530073 2.954737
 6720.000000 14.383043 1.516014 2.960392
 6723.000000 14.452070 1.499983 2.944738
 6726.000000 14.582712 1.512152 2.980876
 6729.000000 14.510721 1.513787 2.981228
 6732.000000 14.623004 1.489232 2.964249
 6735.000000 14.622320 1.524209 2.955643
 6738.000000 14.580662 1.523592 2.959343
 6741.000000 14.538631 1.525426 2.939767
 6744.000000 14.508383 1.506814 2.970733
 6747.000000 14.469053 1.505854 2.958612
 6750.000000 14.466337 1.539240 2.931776
 6753.000000 14.461315 1.537104 2.958213
 6756.000000 14.494691 1.551380 2.978535
 6759.000000 14.473597 1.548532 2.989774
 6762.000000 14.582024 1.531254 2.934780
 6765.000000 14.539066 1.554193 2.979338
 6768.000000 14.510427 1.546061 2.959084
 6771.000000 14.516973 1.517933 2.944964
 6774.000000 14.467105 1.515606 2.970896
 6777.000000 14.483343 1.490050 2.982486
 6780.000000 14.486349 1.504648 3.008756
 6783.000000 14.412692 1.516397 2.992634
 6786.000000 14.524959 1.540334 2.984678
 6789.000000 14.474190 1.522687 2.983279
 6792.000000 14.618831 1.518196 2.973598
 6795.000000 14.568503 1.526033 2.944145
 6798.000000 14.477577 1.538182 2.969080
 6801.000000 14.442246 1.514664 3.021891
 6804.000000 14.467812 1.541332 2.988829
 6807.000000 14.422528 1.537333 2.982618
 6810.000000 14.405829 1.540904 2.983017
 6813.000000 14.372901 1.533698 3.005862
 6816.000000 14.414282 1.550869 2.997649
 6819.000000 14.538058 1.559318 2.969121
 6822.000000 14.561101 1.517281 2.982374
 6825.000000 14.592006 1.530613 2.980831
 6828.000000 14.671964 1.523501 2.964211
 6831.000000 14.620532 1.524708 2.989905
 6834.000000 14.615416 1.520040 3.011049
 6837.000000 14.655299 1.521501 2.987881
 6840.000000 14.632258 1.494320 3.001932
 6843.000000 14.695301 1.496322 2.962036
 6846.000000 14.669949 1.495912 2.958737
 6849.000000 14.640487 1.536182 2.934779
 6852.000000 14.598467 1.525375 2.942991
 6855.000000 14.612384 1.540279 2.972278
 6858.000000 14.565372 1.546408 2.973322
 6861.000000 14.554743 1.515689 2.998584
 6864.000000 14.558335 1.531295 2.978243
 6867.000000 14.544838 1.524008 2.990470
 6870.000000 14.574220 1.499591 3.022277
 6873.000000 14.576788 1.538868 3.037615
 6876.000000 14.531100 1.521679 3.046792
 6879.000000 14.466943 1.534743 3.035635
 6882.000000 14.489731 1.538692 3.019910
 6885.000000 14.537300 1.529042 2.998447
 6888.000000 14.490268 1.543477 2.989855
 6891.000000 14.508407 1.558537 2.977690
 6894.000000 14.487443 1.537089 2.984750
 6897.000000 14.317934 1.540262 2.978319
 6900.000000 14.398673 1.534064 2.951462
 6903.000000 14.414575 1.572794 2.963101
 6906.000000 14.489429 1.557194 3.002766
 6909.000000 14.478851 1.528948 3.041384
 6912.000000 14.476265 1.538057 3.004223
 6915.000000 14.452486 1.541229 2.999221
 6918.000000 14.489077 1.536541 3.002257
 6921.000000 14.468899 1.524078 2.983303
 6924.000000 14.537989 1.539939 3.009562
 6927.000000 14.507129 1.542891 2.988875
 6930.000000 14.422849 1.533700 3.006897
 6933.000000 14.384160 1.526800 3.051687
 6936.000000 14.445702 1.549099 3.009258
 6939.000000 14.396792 1.530854 3.020718
 6942.000000 14.396285 1.540978 3.004430
 6945.000000 14.382465 1.544959 3.017512
 6948.000000 14.385370 1.533333 2.984475
 6951.000000 14.337636 1.524410 3.005603
 6954.000000 14.374091 1.516525 3.014975
 6957.000000 14.370707 1.521853 3.011060
 6960.000000 14.336918 1.508602 2.998601
 6963.000000 14.411218 1.539392 3.005261
 6966.000000 14.450969 1.518369 3.020457
 6969.000000 14.501976 1.535800 2.973770
 6972.000000 14.556614 1.517518 2.994125
 6975.000000 14.547483 1.484551 2.991710
 6978.000000 14.601097 1.490772 3.001063
 6981.000000 14.578686 1.518158 2.977354
 6984.000000 14.629224 1.510249 2.979877
 6987.000000 14.628790 1.515793 2.973227
 6990.000000 14.590107 1.531895 2.947475
 6993.000000 14.604200 1.515059 2.951715
 6996.000000 14.595348 1.489738 2.986525
 6999.000000 14.583702 1.483414 2.994530
 7002.000000 14.548203 1.461533 2.978027
 7005.000000 14.511854 1.481701 2.961721
 7008.000000 14.577313 1.487877 2.974056
 7011.000000 14.585837 1.507636 2.924387
 7014.000000 14.534222 1.504363 2.945621
 7017.000000 14.543686 1.515409 2.970740
 7020.000000 14.473744 1.503185 2.978876
 7023.000000 14.474250 1.507514 2.986148
 7026.000000 14.511792 1.504793 2.990488
 7029.000000 14.473199 1.489270 3.000835
 7032.000000 14.599744 1.498207 3.013856
 7035.000000 14.562526 1.528653 2.985123
 7038.000000 14.464184 1.529846 2.988544
 7041.000000 14.426484 1.527322 3.006966
 7044.000000 14.392226 1.535422 2.976872
 7047.000000 14.488292 1.519217 2.978324
 7050.000000 14.519290 1.525192 2.973694
 7053.000000 14.510258 1.515235 3.014719
 7056.000000 14.544005 1.505787 3.010468
 7059.000000 14.542181 1.509300 3.022952
 7062.000000 14.578848 1.525979 2.978187
 7065.000000 14.552240 1.527581 3.010864
 7068.000000 14.512498 1.531675 2.977824
 7071.000000 14.653175 1.518645 2.970680
 7074.000000 14.581769 1.506505 2.991395
 7077.000000 14.558733 1.510819 2.991842
 7080.000000 14.528225 1.524738 2.992811
 7083.000000 14.478733 1.512269 3.007638
 7086.000000 14.499235 1.514386 2.998286
 7089.000000 14.502832 1.523304 2.982566
 7092.000000 14.491386 1.490062 3.032782
 7095.000000 14.460913 1.496329 2.985837
 7098.000000 14.519914 1.502693 2.971847
 7101.000000 14.548497 1.504729 2.997454
 7104.000000 14.482095 1.517336 2.961474
 7107.000000 14.432555 1.511078 2.977876
 7110.000000 14.399034 1.520547 2.942153
 7113.000000 14.493168 1.504259 2.948522
 7116.000000 14.501435 1.525681 2.930632
 7119.000000 14.517638 1.498861 2.985324
 7122.000000 14.463769 1.506400 2.954313
 7125.000000 14.435462 1.531799 2.947843
 7128.000000 14.377499 1.532216 2.959072
 7131.000000 14.352758 1.535124 2.957069
 7134.000000 14.412261 1.543728 2.954446
 7137.000000 14.409238 1.539027 2.964111
 7140.000000 14.479404 1.553429 2.989012
 7143.000000 14.536456 1.532238 3.031056
 7146.000000 14.511741 1.527254 3.019023
 7149.000000 14.490807 1.560831 3.010334
 7152.000000 14.465060 1.546859 2.990678
 7155.000000 14.489932 1.555296 3.014855
 7158.000000 14.453706 1.565402 2.989054
 7161.000000 14.460550 1.546431 3.011576
 7164.000000 14.506825 1.568559 2.991528
 7167.000000 14.579289 1.558393 3.027172
 7170.000000 14.607677 1.547340 3.032949
 7173.000000 14.556042 1.567398 3.038135
 7176.000000 14.517124 1.566496 3.017463
 7179.000000 14.539262 1.548404 3.035903
 7182.000000 14.514768 1.579092 3.004876
 7185.000000 14.521620 1.581238 3.000061
 7188.000000 14.592273 1.562506 3.004254
 7191.000000 14.529499 1.611154 2.985090
 7194.000000 14.417693 1.589564 3.005943
 7197.000000 14.417377 1.568357 3.041967
 7200.000000 14.435715 1.535517 3.031324
 7203.000000 14.324337 1.553274 3.041205
 7206.000000 14.319591 1.567670 2.989825
 7209.000000 14.369851 1.574539 3.015518
 7212.000000 14.348151 1.546548 3.015563
 7215.000000 14.401782 1.540654 3.032914
 7218.000000 14.386869 1.562679 3.002830
 7221.000000 14.355920 1.557890 3.055365
 7224.000000 14.280112 1.564396 3.021577
 7227.000000 14.333939 1.544001 3.063110
 7230.000000 14.315400 1.555611 3.052526
 7233.000000 14.360931 1.552588 3.043125
 7236.000000 14.343300 1.553292 3.031020
 7239.000000 14.344796 1.537122 3.047439
 7242.000000 14.382132 1.562978 2.998711
 7245.000000 14.382203 1.541445 3.045872
 7248.000000 14.305457 1.541509 3.032277
 7251.000000 14.363869 1.572386 2.963422
 7254.000000 14.292033 1.554792 2.976756
 7257.000000 14.321713 1.566975 2.992554
 7260.000000 14.384578 1.557377 2.963550
 7263.000000 14.404122 1.530280 3.000052
 7266.000000 14.525423 1.537175 2.994284
 7269.000000 14.413843 1.558961 2.976735
 7272.000000 14.487754 1.542673 3.000746
 7275.000000 14.440778 1.526956 2.992795
 7278.000000 14.389680 1.528931 3.000379
 7281.000000 14.357382 1.551426 3.020565
 7284.000000 14.349249 1.548545 3.009956
 7287.000000 14.312722 1.547809 2.999920
 7290.000000 14.347502 1.555028 3.022987
 7293.000000 14.320388 1.557055 3.044721
 7296.000000 14.238090 1.566430 3.046356
 7299.000000 14.382212 1.580148 3.032413
 7302.000000 14.423861 1.568405 3.011447
 7305.000000 14.498574 1.561703 3.022445
 7308.000000 14.529999 1.546131 3.008145
 7311.000000 14.444464 1.571117 3.004935
 7314.000000 14.419363 1.554149 3.036051
 7317.000000 14.481607 1.533537 3.046687
 7320.000000 14.514408 1.518929 3.022304
 7323.000000 14.459749 1.518136 3.036971
 7326.000000 14.521738 1.513535 3.057268
 7329.000000 14.416629 1.522585 3.017172
 7332.000000 14.451275 1.535561 3.020725
 7335.000000 14.497020 1.535097 3.019393
 7338.000000 14.467915 1.520704 3.019953
 7341.000000 14.466470 1.523252 2.987491
 7344.000000 14.502711 1.506599 2.935088
 7347.000000 14.492753 1.511627 2.967228
 7350.000000 14.534769 1.525608 2.972788
 7353.000000 14.566778 1.528018 2.975749
 7356.000000 14.610450 1.540191 2.963356
 7359.000000 14.571494 1.517053 2.946970
 7362.000000 14.580759 1.514176 2.968868
 7365.000000 14.543310 1.517567 2.959431
 7368.000000 14.627055 1.533347 2.937912
 7371.000000 14.560348 1.498085 2.976203
 7374.000000 14.573035 1.492033 2.985997
 7377.000000 14.514270 1.503770 3.003690
 7380.000000 14.462848 1.539165 2.969689
 7383.000000 14.382774 1.491591 3.002840
 7386.000000 14.434475 1.521793 3.003347
 7389.000000 14.474393 1.526264 2.971613
 7392.000000 14.487267 1.526508 2.967810
 7395.000000 14.482012 1.512625 2.981549
 7398.000000 14.481203 1.468498 3.046397
 7401.000000 14.555104 1.487187 3.037580
 7404.000000 14.657059 1.506786 3.025656
 7407.000000 14.664401 1.504806 2.982863
 7410.000000 14.586822 1.501372 2.945318
 7413.000000 14.522439 1.545774 2.931292
 7416.000000 14.621037 1.533488 2.931302
 7419.000000 14.600256 1.557440 2.935051
 7422.000000 14.613256 1.530220 2.962651
 7425.000000 14.574334 1.529682 2.987073
 7428.000000 14.622164 1.531644 2.985342
 7431.000000 14.602672 1.529032 2.999049
 7434.000000 14.603017 1.513083 2.988324
 7437.000000 14.489266 1.517515 3.001271
 7440.000000 14.517146 1.529235 2.997566
 7443.000000 14.510738 1.507896 2.976959
 7446.000000 14.405381 1.528999 2.961122
 7449.000000 14.463471 1.519071 2.955644
 7452.000000 14.472804 1.542131 2.948983
 7455.000000 14.505844 1.511387 2.989867
 7458.000000 14.553142 1.529991 2.956342
 7461.000000 14.440788 1.527779 2.971481
 7464.000000 14.395895 1.512120 2.963036
 7467.000000 14.437360 1.518537 2.978195
 7470.000000 14.453950 1.502417 3.014613
 7473.000000 14.454259 1.553742 3.014219
 7476.000000 14.444449 1.545120 3.028955
 7479.000000 14.427810 1.555310 2.998238
 7482.000000 14.505053 1.542033 2.999793
 7485.000000 14.463900 1.539688 3.015516
 7488.000000 14.516687 1.516311 3.037145
 7491.000000 14.469336 1.502867 3.030615
 7494.000000 14.390630 1.501571 3.017842
 7497.000000 14.305941 1.512589 2.995124
 7500.000000 14.293380 1.520718 3.009945
 7503.000000 14.375881 1.518419 3.016035
 7506.000000 14.456743 1.521115 3.028618
 7509.000000 14.409038 1.536405 3.060941
 7512.000000 14.441488 1.537519 3.027856
 7515.000000 14.495645 1.571545 3.001981
 7518.000000 14.448009 1.572997 3.042793
 7521.000000 14.401839 1.584631 3.016340
 7524.000000 14.324175 1.564063 3.016215
 7527.000000 14.269236 1.548540 3.001036
 7530.000000 14.363430 1.575425 3.015811
 7533.000000 14.397132 1.571833 3.001040
 7536.000000 14.354787 1.573706 3.007872
 7539.000000 14.330931 1.557605 3.021469
 7542.000000 14.417734 1.560733 3.009391
 7545.000000 14.404512 1.565590 3.045368
 7548.000000 14.431614 1.596279 3.025841
 7551.000000 14.430215 1.578678 3.040970
 7554.000000 14.442109 1.581830 3.040462
 7557.000000 14.456326 1.572983 3.019990
 7560.000000 14.505619 1.564769 3.054858
 7563.000000 14.402992 1.548164 3.078312
 7566.000000 14.365662 1.559863 3.039585
 7569.000000 14.305552 1.589326 3.025350
 7572.000000 14.341771 1.565167 3.032527
 7575.000000 14.387617 1.575433 3.042412
 7578.000000 14.374455 1.553951 3.027213
 7581.000000 14.372772 1.555858 3.027699
 7584.000000 14.342520 1.565725 3.018336
 7587.000000 14.359065 1.563599 3.001130
 7590.000000 14.364909 1.572251 3.007007
 7593.000000 14.348083 1.573830 3.026535
 7596.000000 14.405136 1.577334 3.007189
 7599.000000 14.483448 1.580425 2.995703
 7602.000000 14.450389 1.587364 2.960806
 7605.000000 14.341300 1.593395 2.958736
 7608.000000 14.203037 1.565380 2.971824
 7611.000000 14.284409 1.575878 2.984755
 7614.000000 14.212751 1.569433 2.969027
 7617.000000 14.194281 1.551086 2.969317
 7620.000000 14.216324 1.566138 2.951755
 7623.000000 14.169078 1.560298 3.005406
 7626.000000 14.181913 1.537880 2.998071
 7629.000000 14.251539 1.549938 3.017362
 7632.000000 14.273577 1.558181 3.008441
 7635.000000 14.329993 1.582452 2.952640
 7638.000000 14.295194 1.548279 3.004116
 7641.000000 14.341293 1.543749 2.984566
 7644.000000 14.373430 1.543539 2.989650
 7647.000000 14.312410 1.573126 2.979515
 7650.000000 14.438681 1.546901 3.005168
 7653.000000 14.410905 1.536533 3.020434
 7656.000000 14.404981 1.529912 2.984183
 7659.000000 14.361263 1.541539 2.995203
 7662.000000 14.346025 1.557670 2.967142
 7665.000000 14.322948 1.548086 3.040369
 7668.000000 14.367694 1.555355 3.008530
 7671.000000 14.357837 1.590487 2.972292
 7674.000000 14.257317 1.587827 2.977244
 7677.000000 14.274287 1.578637 2.979295
 7680.000000 14.213616 1.539208 2.953997
 7683.000000 14.306761 1.530707 2.980578
 7686.000000 14.351132 1.560093 2.979549
 7689.000000 14.382010 1.566822 2.989988
 7692.000000 14.398073 1.565290 3.002685
 7695.000000 14.371873 1.553084 2.971818
 7698.000000 14.347875 1.554557 2.948227
 7701.000000 14.414758 1.540687 2.945708
 7704.000000 14.329128 1.564170 2.953194
 7707.000000 14.389541 1.553798 2.976695
 7710.000000 14.319506 1.551710 2.991130
 7713.000000 14.382973 1.541826 2.985419
 7716.000000 14.350219 1.537246 2.983043
 7719.000000 14.396326 1.550794 3.001516
 7722.000000 14.336330 1.571371 2.961782
 7725.000000 14.338052 1.577250 2.952704
 7728.000000 14.328621 1.561420 2.985600
 7731.000000 14.329820 1.561549 2.993857
 7734.000000 14.350914 1.534014 3.024480
 7737.000000 14.366233 1.525299 2.962633
 7740.000000 14.381685 1.535083 2.956780
 7743.000000 14.409769 1.517510 2.960475
 7746.000000 14.480312 1.519906 2.979507
 7749.000000 14.473765 1.530021 2.976433
 7752.000000 14.446323 1.547460 2.992762
 7755.000000 14.452835 1.509762 2.977698
 7758.000000 14.357989 1.496281 2.992351
 7761.000000 14.380684 1.497756 2.967239
 7764.000000 14.366890 1.523694 2.966722
 7767.000000 14.348171 1.504981 2.941316
 7770.000000 14.360665 1.520189 2.907758
 7773.000000 14.352571 1.501565 2.924667
 7776.000000 14.303671 1.485939 2.932766
 7779.000000 14.279719 1.500788 2.966189
 7782.000000 14.318201 1.513785 2.953396
 7785.000000 14.332495 1.513749 2.937264
 7788.000000 14.389520 1.534888 2.948150
 7791.000000 14.459581 1.525269 2.961738
 7794.000000 14.410958 1.549974 2.975318
 7797.000000 14.325898 1.536496 2.988368
 7800.000000 14.362077 1.533889 2.983623
 7803.000000 14.395370 1.554509 2.954515
 7806.000000 14.449185 1.566491 2.957633
 7809.000000 14.362429 1.555912 2.993723
 7812.000000 14.419064 1.536582 3.017523
 7815.000000 14.361657 1.521607 3.024284
 7818.000000 14.385095 1.510762 2.991143
 7821.000000 14.431931 1.530671 3.018473
 7824.000000 14.534994 1.525699 3.066034
 7827.000000 14.430540 1.562118 3.042086
 7830.000000 14.447404 1.556535 3.042367
 7833.000000 14.492121 1.564223 3.011287
 7836.000000 14.501066 1.580066 2.960449
 7839.000000 14.492543 1.562451 2.977779
 7842.000000 14.459211 1.526937 3.048302
 7845.000000 14.517978 1.570039 3.019273
 7848.000000 14.469372 1.565832 3.023881
 7851.000000 14.500177 1.544941 3.035572
 7854.000000 14.574474 1.546111 3.021998
 7857.000000 14.485409 1.544203 3.006449
 7860.000000 14.489400 1.560419 2.969871
 7863.000000 14.422456 1.527606 3.017447
 7866.000000 14.425043 1.575168 3.021668
 7869.000000 14.374698 1.579221 2.992724
 7872.000000 14.378195 1.557579 2.988223
 7875.000000 14.346961 1.553762 2.975033
 7878.000000 14.329031 1.549504 3.025467
 7881.000000 14.368792 1.561893 3.016204
 7884.000000 14.321001 1.558864 3.049384
 7887.000000 14.359391 1.563418 3.052112
 7890.000000 14.332848 1.572523 3.062067
 7893.000000 14.370135 1.578046 3.020709
 7896.000000 14.365085 1.591429 3.023517
 7899.000000 14.353409 1.563812 3.020723
 7902.000000 14.329779 1.582634 3.010093
 7905.000000 14.314574 1.562707 3.022971
 7908.000000 14.315216 1.570024 2.992954
 7911.000000 14.336123 1.561694 3.007619
 7914.000000 14.329751 1.548258 3.033110
 7917.000000 14.324517 1.585224 3.024470
 7920.000000 14.268559 1.577453 2.959656
 7923.000000 14.361008 1.576228 2.971813
 7926.000000 14.350967 1.572894 2.978619
 7929.000000 14.434004 1.585571 2.968332
 7932.000000 14.517035 1.577366 2.962940
 7935.000000 14.447490 1.585025 2.968198
 7938.000000 14.434651 1.600969 2.966943
 7941.000000 14.395957 1.572212 2.984930
 7944.000000 14.401750 1.569386 3.010417
 7947.000000 14.362330 1.555779 2.982737
 7950.000000 14.345203 1.568608 2.943200
 7953.000000 14.303529 1.575687 2.943353
 7956.000000 14.349668 1.593421 2.949407
 7959.000000 14.340677 1.599187 2.969187
 7962.000000 14.338709 1.592127 2.917933
 7965.000000 14.432653 1.567576 2.914759
 7968.000000 14.448231 1.568990 2.897242
 7971.000000 14.489972 1.564077 2.921159
 7974.000000 14.455244 1.536661 2.974344
 7977.000000 14.433641 1.534718 2.956487
 7980.000000 14.412481 1.544443 2.957167
 7983.000000 14.450208 1.517406 2.987288
 7986.000000 14.429245 1.554089 2.993331
 7989.000000 14.395491 1.537127 2.984110
 7992.000000 14.458828 1.557945 2.951084
 7995.000000 14.523417 1.557091 2.963931
 7998.000000 14.493102 1.545652 2.974194
 8001.000000 14.446835 1.568894 2.964862
 8004.000000 14.384589 1.588806 2.969093
 8007.000000 14.403121 1.571300 2.972137
 8010.000000 14.467371 1.589161 2.980940
 8013.000000 14.448954 1.554458 2.983683
 8016.000000 14.411758 1.555996 2.959409
 8019.000000 14.471265 1.561135 2.950396
 8022.000000 14.488024 1.552822 2.942110
 8025.000000 14.483155 1.552482 2.981468
 8028.000000 14.536482 1.560811 2.976731
 8031.000000 14.458284 1.572521 2.941778
 8034.000000 14.459190 1.582574 2.941276
 8037.000000 14.362498 1.553030 2.962708
 8040.000000 14.418791 1.574918 2.958491
 8043.000000 14.429217 1.567934 2.995181
 8046.000000 14.507086 1.569069 2.971374
 8049.000000 14.503954 1.563283 2.987616
 8052.000000 14.544845 1.565220 2.980350
 8055.000000 14.532362 1.554003 3.005697
 8058.000000 14.483224 1.562365 2.958742
 8061.000000 14.523281 1.560812 2.965010
 8064.000000 14.504717 1.559746 2.975855
 8067.000000 14.570670 1.563371 2.974832
 8070.000000 14.541468 1.539357 3.034189
 8073.000000 14.515518 1.557976 3.011331
 8076.000000 14.515402 1.565352 3.045268
 8079.000000 14.575643 1.587658 2.986061
 8082.000000 14.464495 1.559257 3.020451
 8085.000000 14.566049 1.568104 2.993449
 8088.000000 14.582422 1.550613 3.016804
 8091.000000 14.609300 1.560799 3.044573
 8094.000000 14.586385 1.581760 3.020707
 8097.000000 14.670487 1.555967 3.048855
 8100.000000 14.612176 1.583550 3.025597
 8103.000000 14.476531 1.549334 2.988166
 8106.000000 14.531090 1.564451 2.992895
 8109.000000 14.487124 1.569231 3.003081
 8112.000000 14.479143 1.584363 3.004094
 8115.000000 14.512813 1.563403 3.009911
 8118.000000 14.435725 1.585544 3.016066
 8121.000000 14.451199 1.574059 3.031773
 8124.000000 14.454636 1.581300 3.047726
 8127.000000 14.493786 1.565772 3.065108
 8130.000000 14.558263 1.558827 3.009672
 8133.000000 14.536217 1.576559 3.002796
 8136.000000 14.478537 1.588034 3.001203
 8139.000000 14.540073 1.617925 3.000685
 8142.000000 14.546773 1.592679 3.038962
 8145.000000 14.495004 1.564752 3.009204
 8148.000000 14.515104 1.581596 3.025912
 8151.000000 14.487761 1.602727 2.983404
 8154.000000 14.480940 1.601295 2.984012
 8157.000000 14.475248 1.603078 2.990463
 8160.000000 14.476515 1.583146 2.989863
 8163.000000 14.465230 1.572358 2.982708
 8166.000000 14.374558 1.582581 3.044337
 8169.000000 14.409861 1.600798 3.049843
 8172.000000 14.442412 1.618395 3.080879
 8175.000000 14.445692 1.592376 3.065629
 8178.000000 14.465971 1.605724 2.980136
 8181.000000 14.523377 1.581849 3.021185
 8184.000000 14.579888 1.598989 3.023641
 8187.000000 14.566734 1.604747 3.012113
 8190.000000 14.539491 1.597246 2.996784
 8193.000000 14.554840 1.598529 2.999136
 8196.000000 14.551238 1.600677 2.984851
 8199.000000 14.662600 1.598699 3.007819
 8202.000000 14.543229 1.594849 3.010321
 8205.000000 14.554313 1.581256 3.028279
 8208.000000 14.539686 1.589722 2.999021
 8211.000000 14.443114 1.594606 2.966435
 8214.000000 14.345458 1.602740 2.980244
 8217.000000 14.334773 1.564542 3.001421
 8220.000000 14.335106 1.629242 2.977699
 8223.000000 14.242271 1.621276 2.962821
 8226.000000 14.312927 1.603007 2.965883
 8229.000000 14.380667 1.597339 3.008020
 8232.000000 14.412943 1.583255 3.030592
 8235.000000 14.452680 1.587172 3.022711
 8238.000000 14.435300 1.586125 3.006761
 8241.000000 14.570138 1.579442 2.964670
 8244.000000 14.614420 1.550940 2.982614
 8247.000000 14.617998 1.545203 2.959611
 8250.000000 14.597765 1.530856 2.957331
 8253.000000 14.642480 1.542529 2.978478
 8256.000000 14.673272 1.555870 2.971628
 8259.000000 14.641897 1.518542 3.008899
 8262.000000 14.554194 1.525312 2.997361
 8265.000000 14.546878 1.535537 2.971823
 8268.000000 14.492164 1.552753 2.974891
 8271.000000 14.481838 1.549670 2.985160
 8274.000000 14.548134 1.563231 3.024881
 8277.000000 14.544332 1.567922 3.013137
 8280.000000 14.568219 1.575225 2.985036
 8283.000000 14.576987 1.559848 3.025908
 8286.000000 14.686401 1.550690 3.017247
 8289.000000 14.603000 1.564106 3.002032
 8292.000000 14.584050 1.558627 2.989453
 8295.000000 14.582186 1.554557 2.995875
 8298.000000 14.522659 1.547312 2.962398
 8301.000000 14.487988 1.570333 2.935837
 8304.000000 14.469518 1.549145 2.911219
 8307.000000 14.461664 1.565174 2.922973
 8310.000000 14.463738 1.580712 2.978758
 8313.000000 14.476744 1.557413 2.936711
 8316.000000 14.542534 1.560518 2.990917
 8319.000000 14.582400 1.569711 2.992467
 8322.000000 14.594228 1.561943 3.014830
 8325.000000 14.581580 1.575865 3.006516
 8328.000000 14.606387 1.606771 2.991125
 8331.000000 14.517352 1.582427 2.980046
 8334.000000 14.541622 1.589099 2.966204
 8337.000000 14.531527 1.599586 3.000989
 8340.000000 14.599422 1.577666 2.987800
 8343.000000 14.607963 1.569997 3.016403
 8346.000000 14.609008 1.574494 2.988374
 8349.000000 14.495652 1.579103 3.002995
 8352.000000 14.520649 1.578187 3.021502
 8355.000000 14.501503 1.597109 3.022154
 8358.000000 14.504231 1.571908 3.005942
 8361.000000 14.498388 1.588558 2.985255
 8364.000000 14.586571 1.570086 2.973140
 8367.000000 14.545688 1.561392 2.957688
 8370.000000 14.629406 1.563608 2.980664
 8373.000000 14.587743 1.565592 2.971277
 8376.000000 14.614192 1.564250 2.930053
 8379.000000 14.585803 1.589111 2.937959
 8382.000000 14.530941 1.602956 2.973453
 8385.000000 14.555099 1.573809 2.988092
 8388.000000 14.551324 1.578149 2.966035
 8391.000000 14.465536 1.575360 3.046918
 8394.000000 14.479859 1.583184 2.986804
 8397.000000 14.434047 1.572355 3.025730
 8400.000000 14.467704 1.598252 3.023108
 8403.000000 14.497632 1.576825 2.976256
 8406.000000 14.527437 1.589369 2.981777
 8409.000000 14.511219 1.572122 2.968222
 8412.000000 14.497621 1.595002 2.982342
 8415.000000 14.539262 1.582851 2.994261
 8418.000000 14.568119 1.579734 3.008724
 8421.000000 14.587671 1.582640 2.979764
 8424.000000 14.479295 1.576467 2.977057
 8427.000000 14.478337 1.612789 2.966069
 8430.000000 14.591190 1.608183 3.019153
 8433.000000 14.608118 1.604867 3.024577
 8436.000000 14.652700 1.569348 3.059068
 8439.000000 14.629271 1.616262 3.010999
 8442.000000 14.644296 1.608494 3.032630
 8445.000000 14.650261 1.602237 3.024824
 8448.000000 14.664352 1.589083 3.015055
 8451.000000 14.588839 1.581095 3.013142
 8454.000000 14.652986 1.598170 2.984245
 8457.000000 14.770292 1.585098 3.023189
 8460.000000 14.695228 1.577252 3.046489
 8463.000000 14.635957 1.560370 3.030912
 8466.000000 14.636451 1.569128 3.044378
 8469.000000 14.640547 1.575960 3.037504
 8472.000000 14.639917 1.579061 3.019160
 8475.000000 14.586713 1.577466 3.013521
 8478.000000 14.472497 1.576061 3.025417
 8481.000000 14.476867 1.584249 3.032195
 8484.000000 14.424349 1.540942 3.060062
 8487.000000 14.418204 1.538691 3.038005
 8490.000000 14.441250 1.572585 2.971251
 8493.000000 14.468024 1.540615 3.015128
 8496.000000 14.460363 1.559247 2.997977
 8499.000000 14.493722 1.560296 3.025559
 8502.000000 14.412444 1.591015 3.017375
 8505.000000 14.496811 1.581916 2.998755
 8508.000000 14.536315 1.576625 2.967254
 8511.000000 14.546317 1.572006 2.962555
 8514.000000 14.585309 1.569140 2.964818
 8517.000000 14.610804 1.558783 2.987769
 8520.000000 14.642392 1.564166 2.987892
 8523.000000 14.610111 1.565174 2.996039
 8526.000000 14.520656 1.546120 3.037511
 8529.000000 14.625320 1.545224 3.004005
 8532.000000 14.650426 1.571423 2.983544
 8535.000000 14.638068 1.566962 2.961370
 8538.000000 14.676768 1.594373 2.976963
 8541.000000 14.692516 1.588256 2.936888
 8544.000000 14.676794 1.572477 2.979075
 8547.000000 14.638362 1.610440 2.983051
 8550.000000 14.663402 1.576506 3.011597
 8553.000000 14.557898 1.591065 2.993717
 8556.000000 14.540674 1.567150 2.962564
 8559.000000 14.624504 1.549873 2.999099
 8562.000000 14.551697 1.585452 2.962915
 8565.000000 14.541104 1.577840 2.937866
 8568.000000 14.518176 1.554690 2.977862
 8571.000000 14.518267 1.538499 2.968632
 8574.000000 14.544168 1.537090 2.992501
 8577.000000 14.489179 1.535819 2.964689
 8580.000000 14.486465 1.514231 2.975037
 8583.000000 14.580813 1.499802 3.007801
 8586.000000 14.624313 1.516501 2.967004
 8589.000000 14.548577 1.518866 3.002404
 8592.000000 14.547476 1.532094 2.963968
 8595.000000 14.496434 1.507540 2.993619
 8598.000000 14.474880 1.520372 2.995285
 8601.000000 14.552819 1.523245 3.003971
 8604.000000 14.637989 1.514308 2.960805
 8607.000000 14.551283 1.489677 2.962758
 8610.000000 14.478926 1.513662 2.947149
 8613.000000 14.455413 1.488061 2.984539
 8616.000000 14.537410 1.501796 2.959661
 8619.000000 14.465365 1.531563 2.938657
 8622.000000 14.549277 1.511159 2.949530
 8625.000000 14.588557 1.508556 2.939684
 8628.000000 14.564400 1.513172 2.972076
 8631.000000 14.506074 1.516106 2.982661
 8634.000000 14.479971 1.516844 2.980356
 8637.000000 14.550719 1.516231 2.983003
 8640.000000 14.534326 1.501979 3.021826
 8643.000000 14.513530 1.518163 2.999811
 8646.000000 14.563599 1.517516 3.009354
 8649.000000 14.517351 1.529616 3.000701
 8652.000000 14.516246 1.517895 3.001346
 8655.000000 14.483243 1.529909 2.996620
 8658.000000 14.438671 1.540323 2.972900
 8661.000000 14.447898 1.565552 2.953295
 8664.000000 14.450363 1.556647 2.954757
 8667.000000 14.467772 1.534954 2.992310
 8670.000000 14.446015 1.543899 2.999186
 8673.000000 14.490109 1.559544 2.982009
 8676.000000 14.484882 1.554698 2.974276
 8679.000000 14.447749 1.551972 2.970579
 8682.000000 14.462125 1.557795 2.980939
 8685.000000 14.360497 1.567968 2.987248
 8688.000000 14.394414 1.575139 2.973392
 8691.000000 14.436179 1.585783 2.943998
 8694.000000 14.481183 1.574368 2.958450
 8697.000000 14.397649 1.572072 2.995255
 8700.000000 14.430764 1.570752 3.035534
 8703.000000 14.397879 1.544033 3.042736
 8706.000000 14.425426 1.556221 3.031782
 8709.000000 14.422875 1.567958 3.017232
 8712.000000 14.419253 1.560447 3.054531
 8715.000000 14.457626 1.547696 3.032627
 8718.000000 14.480119 1.539680 3.038533
 8721.000000 14.380824 1.526023 3.005546
 8724.000000 14.419663 1.530462 3.009812
 8727.000000 14.417557 1.527633 3.004839
 8730.000000 14.413775 1.555959 2.991155
 8733.000000 14.444632 1.553890 2.997070
 8736.000000 14.471921 1.569875 2.985640
 8739.000000 14.489021 1.579383 2.976751
 8742.000000 14.398992 1.593680 2.977693
 8745.000000 14.385389 1.585395 2.986220
 8748.000000 14.405293 1.581073 3.006263
 8751.000000 14.437840 1.573279 2.996317
 8754.000000 14.369956 1.573264 2.959456
 8757.000000 14.402195 1.541930 3.034601
 8760.000000 14.525312 1.543735 3.025506
 8763.000000 14.531112 1.572802 3.010620
 8766.000000 14.574193 1.563581 2.984129
 8769.000000 14.455619 1.585225 2.970666
 8772.000000 14.452938 1.595185 3.004683
 8775.000000 14.462680 1.603719 2.966238
 8778.000000 14.409973 1.584526 2.953288
 8781.000000 14.425187 1.589771 2.962076
 8784.000000 14.436256 1.584264 2.979046
 8787.000000 14.435664 1.584455 3.000217
 8790.000000 14.370190 1.561081 2.980183
 8793.000000 14.340844 1.549888 3.009741
 8796.000000 14.380799 1.581730 2.968400
 8799.000000 14.432283 1.575261 2.987727
 8802.000000 14.402873 1.592152 2.989721
 8805.000000 14.414819 1.597243 2.989123
 8808.000000 14.355567 1.579372 3.008179
 8811.000000 14.414400 1.556313 3.050803
 8814.000000 14.422027 1.562434 3.012863
 8817.000000 14.455027 1.570571 2.983719
 8820.000000 14.457066 1.565888 2.970141
 8823.000000 14.473541 1.573721 2.952532
 8826.000000 14.495845 1.573569 2.962703
 8829.000000 14.496380 1.547872 2.997040
 8832.000000 14.478902 1.548913 2.988066
 8835.000000 14.456019 1.559487 2.996445
 8838.000000 14.567348 1.577165 2.960095
 8841.000000 14.570965 1.564356 2.925489
 8844.000000 14.646839 1.567127 2.986058
 8847.000000 14.636360 1.556234 3.008466
 8850.000000 14.595541 1.557331 3.025499
 8853.000000 14.586381 1.585836 3.040768
 8856.000000 14.571183 1.618724 3.021196
 8859.000000 14.544484 1.595348 2.988474
 8862.000000 14.550576 1.571822 3.034203
 8865.000000 14.509053 1.567834 3.048775
 8868.000000 14.510125 1.561690 3.035801
 8871.000000 14.487421 1.581369 2.992372
 8874.000000 14.506852 1.564192 3.019691
 8877.000000 14.526807 1.580964 3.010589
 8880.000000 14.556027 1.561024 3.032106
 8883.000000 14.511435 1.575802 3.052586
 8886.000000 14.527824 1.568374 3.053919
 8889.000000 14.557630 1.562433 3.044372
 8892.000000 14.500212 1.563927 2.986206
 8895.000000 14.478484 1.536572 2.993138
 8898.000000 14.446457 1.559265 3.010459
 8901.000000 14.399626 1.520594 3.021705
 8904.000000 14.296312 1.538169 2.977803
 8907.000000 14.281608 1.520405 2.960959
 8910.000000 14.340868 1.539967 2.981431
 8913.000000 14.336055 1.568252 2.995773
 8916.000000 14.424614 1.548946 3.003010
 8919.000000 14.368599 1.556290 2.971773
 8922.000000 14.330395 1.533762 3.002340
 8925.000000 14.371068 1.577260 2.975143
 8928.000000 14.380916 1.574602 2.972187
 8931.000000 14.441165 1.590650 2.957691
 8934.000000 14.500816 1.607814 2.942466
 8937.000000 14.461668 1.592475 2.960730
 8940.000000 14.564172 1.588134 2.978430
 8943.000000 14.592132 1.601186 2.997654
 8946.000000 14.532056 1.603160 3.039824
 8949.000000 14.538042 1.595310 2.990637
 8952.000000 14.469564 1.628952 2.991875
 8955.000000 14.533275 1.592297 3.016637
 8958.000000 14.454755 1.595454 3.051150
 8961.000000 14.550199 1.602813 3.058971
 8964.000000 14.514930 1.593946 3.048069
 8967.000000 14.539345 1.578830 3.023431
 8970.000000 14.485710 1.599214 3.040659
 8973.000000 14.514089 1.580840 3.035579
 8976.000000 14.518962 1.601405 3.001051
 8979.000000 14.503388 1.601004 3.018031
 8982.000000 14.467651 1.567004 3.021561
 8985.000000 14.564901 1.589081 2.960897
 8988.000000 14.561535 1.569706 2.972716
 8991.000000 14.560052 1.591636 2.975669
 8994.000000 14.479248 1.573249 3.016663
 8997.000000 14.464420 1.591003 2.980164
 9000.000000 14.420383 1.579741 2.986302
 9003.000000 14.423025 1.607806 2.977259
 9006.000000 14.467906 1.625972 2.958399
 9009.000000 14.430571 1.598120 2.999202
 9012.000000 14.505859 1.593363 3.042166
 9015.000000 14.531652 1.592936 2.981844
 9018.000000 14.557292 1.581216 2.996723
 9021.000000 14.501022 1.547141 3.034296
 9024.000000 14.588654 1.576028 3.034885
 9027.000000 14.547518 1.588823 2.986555
 9030.000000 14.541557 1.603370 2.965599
 9033.000000 14.565832 1.591183 2.980274
 9036.000000 14.485499 1.570303 2.987181
 9039.000000 14.477497 1.570176 2.973975
 9042.000000 14.518438 1.591869 2.961522
 9045.000000 14.503750 1.587225 2.956937
 9048.000000 14.570070 1.610886 2.919949
 9051.000000 14.510762 1.596745 2.932356
 9054.000000 14.559223 1.566660 2.969091
 9057.000000 14.481081 1.553480 2.993617
 9060.000000 14.411501 1.549845 2.986604
 9063.000000 14.448303 1.542291 3.033548
 9066.000000 14.484487 1.553051 3.003997
 9069.000000 14.430328 1.541668 2.976023
 9072.000000 14.403193 1.520116 3.001058
 9075.000000 14.396593 1.509910 3.057361
 9078.000000 14.455721 1.522071 3.026220
 9081.000000 14.495447 1.546881 2.994271
 9084.000000 14.484039 1.513781 2.993651
 9087.000000 14.439739 1.516915 2.980435
 9090.000000 14.471336 1.532336 2.969086
 9093.000000 14.523831 1.519257 2.929233
 9096.000000 14.447974 1.535595 2.970673
 9099.000000 14.388363 1.531142 2.989023
 9102.000000 14.394550 1.510697 2.995393
 9105.000000 14.461840 1.530360 2.995028
 9108.000000 14.434633 1.533832 2.972051
 9111.000000 14.391140 1.545224 2.962077
 9114.000000 14.357130 1.538510 2.975182
 9117.000000 14.423355 1.547749 2.931321
 9120.000000 14.423114 1.544382 2.947736
 9123.000000 14.417844 1.549670 2.949879
 9126.000000 14.376694 1.542603 2.957340
 9129.000000 14.338647 1.547870 2.971846
 9132.000000 14.346987 1.547069 2.968464
 9135.000000 14.400100 1.526929 2.952836
 9138.000000 14.376826 1.520983 2.973069
 9141.000000 14.378028 1.523472 2.997444
 9144.000000 14.406062 1.519616 2.998846
 9147.000000 14.451651 1.505810 3.007620
 9150.000000 14.487821 1.549273 2.981960
 9153.000000 14.555892 1.531835 3.005456
 9156.000000 14.506632 1.503088 3.044158
 9159.000000 14.553645 1.523034 3.010939
 9162.000000 14.482153 1.553307 2.935671
 9165.000000 14.563160 1.553500 2.946244
 9168.000000 14.477578 1.537077 2.972696
 9171.000000 14.490463 1.533876 2.974318
 9174.000000 14.469131 1.517442 2.996509
 9177.000000 14.460340 1.503988 2.999418
 9180.000000 14.512588 1.524813 2.990251
 9183.000000 14.385658 1.521211 2.992925
 9186.000000 14.354698 1.518780 3.011969
 9189.000000 14.322435 1.527245 2.971520
 9192.000000 14.269348 1.555172 2.966903
 9195.000000 14.287089 1.550940 2.961236
 9198.000000 14.293245 1.534093 2.939149
 9201.000000 14.340474 1.573931 2.937934
 9204.000000 14.342569 1.545961 2.952247
 9207.000000 14.333406 1.554414 2.976223
 9210.000000 14.350762 1.568736 2.982024
 9213.000000 14.318433 1.565842 2.984604
 9216.000000 14.327382 1.570216 2.998760
 9219.000000 14.316563 1.573957 3.007891
 9222.000000 14.343011 1.524166 3.034687
 9225.000000 14.381548 1.522001 3.038702
 9228.000000 14.344783 1.554617 2.986627
 9231.000000 14.367853 1.517939 3.002551
 9234.000000 14.353606 1.547946 2.965445
 9237.000000 14.347774 1.553699 2.980071
 9240.000000 14.340968 1.551342 2.991678
 9243.000000 14.398093 1.568825 2.986954
 9246.000000 14.397948 1.559957 2.982101
 9249.000000 14.291389 1.566645 2.978655
 9252.000000 14.359188 1.549116 2.969704
 9255.000000 14.425106 1.562557 2.960085
 9258.000000 14.396352 1.555709 2.964168
 9261.000000 14.419016 1.533938 2.987519
 9264.000000 14.414247 1.532370 2.961724
 9267.000000 14.477123 1.543414 2.984923
 9270.000000 14.440196 1.567549 2.971058
 9273.000000 14.484514 1.562351 2.989573
 9276.000000 14.478984 1.566956 3.008488
 9279.000000 14.474507 1.588714 2.971053
 9282.000000 14.534225 1.581591 3.003947
 9285.000000 14.469508 1.572935 3.010953
 9288.000000 14.493708 1.559470 2.995171
 9291.000000 14.515896 1.563300 2.991189
 9294.000000 14.469727 1.592822 2.946448
 9297.000000 14.567059 1.570399 2.999258
 9300.000000 14.518640 1.572200 2.975531
 9303.000000 14.427202 1.552156 2.976575
 9306.000000 14.466151 1.554060 2.979111
 9309.000000 14.442812 1.570118 2.993859
 9312.000000 14.381830 1.581415 2.986186
 9315.000000 14.399831 1.579928 2.953358
 9318.000000 14.448775 1.554999 2.975187
 9321.000000 14.490582 1.562314 3.006135
 9324.000000 14.399616 1.541753 3.021168
 9327.000000 14.426025 1.576343 3.003573
 9330.000000 14.411116 1.571286 3.004277
 9333.000000 14.459596 1.601630 2.999062
 9336.000000 14.479595 1.574670 3.004364
 9339.000000 14.480924 1.589600 2.983462
 9342.000000 14.556982 1.588020 2.984887
 9345.000000 14.498418 1.573848 2.982719
 9348.000000 14.456523 1.557964 2.991415
 9351.000000 14.427879 1.559367 2.969377
 9354.000000 14.491460 1.574874 2.989010
 9357.000000 14.467830 1.570549 2.996970
 9360.000000 14.421021 1.553402 2.975696
 9363.000000 14.389945 1.552281 2.994234
 9366.000000 14.381314 1.585245 2.964089
 9369.000000 14.408958 1.583024 2.939102
 9372.000000 14.445176 1.604443 2.974076
 9375.000000 14.459162 1.615916 2.938411
 9378.000000 14.580071 1.594185 2.966407
 9381.000000 14.557703 1.594948 3.009810
 9384.000000 14.492151 1.587482 3.026004
 9387.000000 14.535564 1.563937 2.998664
 9390.000000 14.537768 1.587842 2.998895
 9393.000000 14.512040 1.618131 2.997929
 9396.000000 14.472466 1.584538 2.963486
 9399.000000 14.532508 1.578768 2.948940
 9402.000000 14.497762 1.617601 2.960427
 9405.000000 14.483527 1.606598 2.958245
 9408.000000 14.448216 1.589065 2.934240
 9411.000000 14.469993 1.591093 2.922585
 9414.000000 14.531295 1.587336 2.936058
 9417.000000 14.578750 1.577234 2.953759
 9420.000000 14.505699 1.594092 2.987694
 9423.000000 14.561574 1.578718 3.006947
 9426.000000 14.569121 1.588981 3.021622
 9429.000000 14.560487 1.556647 3.040665
 9432.000000 14.590227 1.578799 3.049147
 9435.000000 14.568078 1.583789 2.983701
 9438.000000 14.539333 1.593136 3.017209
 9441.000000 14.470147 1.593378 2.993898
 9444.000000 14.461924 1.596267 3.017084
 9447.000000 14.404452 1.580505 3.000448
 9450.000000 14.422922 1.563077 2.989425
 9453.000000 14.381296 1.554638 2.994972
 9456.000000 14.369515 1.551641 2.981691
 9459.000000 14.361442 1.541852 2.988672
 9462.000000 14.305745 1.554062 2.998746
 9465.000000 14.262920 1.568648 2.992270
 9468.000000 14.311853 1.561909 3.007064
 9471.000000 14.376399 1.575879 3.030625
 9474.000000 14.304581 1.562186 3.024484
 9477.000000 14.337583 1.566348 3.010795
 9480.000000 14.483279 1.566543 2.962121
 9483.000000 14.386463 1.564659 2.949054
 9486.000000 14.440882 1.576623 2.950553
 9489.000000 14.335257 1.567034 3.012034
 9492.000000 14.370857 1.569976 2.991852
 9495.000000 14.373997 1.574685 3.002346
 9498.000000 14.375940 1.572123 3.005925
 9501.000000 14.401780 1.586298 2.984174
 9504.000000 14.350663 1.602041 2.980971
 9507.000000 14.351683 1.590460 2.980822
 9510.000000 14.424704 1.588290 2.965958
 9513.000000 14.373512 1.579514 2.980002
 9516.000000 14.442346 1.563058 2.990717
 9519.000000 14.456804 1.551121 2.992273
 9522.000000 14.523819 1.563246 3.021063
 9525.000000 14.471464 1.553997 2.993228
 9528.000000 14.436948 1.557373 2.990188
 9531.000000 14.402424 1.587276 3.012705
 9534.000000 14.444154 1.586149 3.018133
 9537.000000 14.384582 1.578976 2.977186
 9540.000000 14.291231 1.569002 2.983546
 9543.000000 14.265482 1.580803 2.997585
 9546.000000 14.269307 1.583026 2.996495
 9549.000000 14.304217 1.562035 2.956763
 9552.000000 14.296368 1.566891 2.981753
 9555.000000 14.282788 1.555384 2.953756
 9558.000000 14.287117 1.561479 2.963965
 9561.000000 14.314119 1.539962 2.983888
 9564.000000 14.303430 1.581372 2.964279
 9567.000000 14.317236 1.559414 2.989617
 9570.000000 14.356333 1.565048 2.970827
 9573.000000 14.451235 1.572913 2.991479
 9576.000000 14.379640 1.549910 2.986145
 9579.000000 14.456404 1.562412 2.994418
 9582.000000 14.441423 1.555867 3.025954
 9585.000000 14.429253 1.550079 2.985630
 9588.000000 14.372918 1.549473 3.008314
 9591.000000 14.348655 1.548804 2.976227
 9594.000000 14.343457 1.537491 2.967147
 9597.000000 14.405205 1.530673 2.996851
 9600.000000 14.399372 1.539615 2.995076
 9603.000000 14.346085 1.547246 2.993501
 9606.000000 14.369245 1.510678 2.998359
 9609.000000 14.313686 1.503094 2.968669
 9612.000000 14.340465 1.522602 2.975359
 9615.000000 14.329737 1.503272 2.969980
 9618.000000 14.392157 1.515160 2.935520
 9621.000000 14.362606 1.524286 2.971205
 9624.000000 14.359550 1.530798 2.997886
 9627.000000 14.338547 1.542143 2.979672
 9630.000000 14.293831 1.561681 2.997531
 9633.000000 14.277781 1.525104 3.001786
 9636.000000 14.310599 1.546593 2.989382
 9639.000000 14.374108 1.527280 3.027871
 9642.000000 14.410282 1.559369 3.054006
 9645.000000 14.423914 1.533306 3.076390
 9648.000000 14.519828 1.560442 3.030631
 9651.000000 14.519943 1.556332 3.075794
 9654.000000 14.497923 1.551137 3.080208
 9657.000000 14.467855 1.530191 3.077047
 9660.000000 14.476563 1.537399 3.069328
 9663.000000 14.562300 1.510318 3.099220
 9666.000000 14.570460 1.517276 3.059508
 9669.000000 14.589605 1.518890 3.032629
 9672.000000 14.548553 1.518056 3.040169
 9675.000000 14.440499 1.489883 3.061849
 9678.000000 14.475364 1.496043 3.045119
 9681.000000 14.510455 1.510560 3.022142
 9684.000000 14.482940 1.513533 3.044328
 9687.000000 14.501152 1.541517 3.048276
 9690.000000 14.504521 1.550210 3.064074
 9693.000000 14.470223 1.539600 3.032877
 9696.000000 14.494666 1.524293 3.055445
 9699.000000 14.502581 1.555367 3.034486
 9702.000000 14.492018 1.543847 2.997759
 9705.000000 14.537069 1.573362 3.009120
 9708.000000 14.513886 1.544192 3.040880
 9711.000000 14.506381 1.558138 3.009050
 9714.000000 14.564950 1.564808 3.001704
 9717.000000 14.531502 1.555621 2.964536
 9720.000000 14.519833 1.565168 2.954673
 9723.000000 14.565121 1.543931 2.971360
 9726.000000 14.570347 1.522535 3.011234
 9729.000000 14.555025 1.517050 3.040364
 9732.000000 14.547461 1.493326 3.023446
 9735.000000 14.440326 1.500528 3.035009
 9738.000000 14.542941 1.497083 3.000384
 9741.000000 14.480548 1.488343 3.002279
 9744.000000 14.530177 1.491907 3.000095
 9747.000000 14.491681 1.504276 2.964311
 9750.000000 14.527747 1.460341 3.006850
 9753.000000 14.513544 1.475107 2.996419
 9756.000000 14.466657 1.469286 2.972113
 9759.000000 14.496384 1.515701 2.968690
 9762.000000 14.502984 1.497647 2.974138
 9765.000000 14.538735 1.519593 2.948263
 9768.000000 14.524585 1.505171 2.971138
 9771.000000 14.577592 1.499953 3.007403
 9774.000000 14.650558 1.508333 3.004886
 9777.000000 14.609973 1.530056 2.983178
 9780.000000 14.613706 1.517593 2.986565
 9783.000000 14.592101 1.510386 3.010209
 9786.000000 14.599146 1.510467 2.993442
 9789.000000 14.554769 1.510675 2.979435
 9792.000000 14.559636 1.508615 2.969146
 9795.000000 14.512942 1.490287 2.970159
 9798.000000 14.553474 1.499436 2.992697
 9801.000000 14.555885 1.509244 3.001135
 9804.000000 14.525677 1.485094 2.989798
 9807.000000 14.602173 1.496798 2.994801
 9810.000000 14.662031 1.489335 3.008636
 9813.000000 14.670986 1.522783 2.976065
 9816.000000 14.550393 1.541496 2.986615
 9819.000000 14.593713 1.526178 2.965791
 9822.000000 14.556793 1.530800 3.000348
 9825.000000 14.508177 1.506563 2.998290
 9828.000000 14.553469 1.508785 2.979941
 9831.000000 14.548159 1.495322 2.987042
 9834.000000 14.537762 1.517665 3.015455
 9837.000000 14.491304 1.531931 3.010316
 9840.000000 14.464597 1.552013 2.984871
 9843.000000 14.473901 1.551460 2.970773
 9846.000000 14.533872 1.550581 2.978380
 9849.000000 14.451912 1.559489 2.996209
 9852.000000 14.446808 1.577812 2.963058
 9855.000000 14.423221 1.573574 2.991049
 9858.000000 14.539341 1.567009 2.995155
 9861.000000 14.425126 1.576402 2.987734
 9864.000000 14.423345 1.560579 3.008943
 9867.000000 14.436903 1.556083 3.010118
 9870.000000 14.365053 1.578199 3.024299
 9873.000000 14.385821 1.586235 2.992243
 9876.000000 14.474198 1.563565 2.998946
 9879.000000 14.505399 1.558776 2.992525
 9882.000000 14.515226 1.547733 2.984948
 9885.000000 14.546368 1.539449 3.005197
 9888.000000 14.509637 1.532748 3.033472
 9891.000000 14.529248 1.543972 2.989244
 9894.000000 14.512787 1.523232 3.030892
 9897.000000 14.512579 1.539485 3.019851
 9900.000000 14.524382 1.521330 3.036143
 9903.000000 14.463468 1.507130 3.049263
 9906.000000 14.489213 1.508914 3.060812
 9909.000000 14.422176 1.497463 3.049732
 9912.000000 14.419012 1.526271 2.989932
 9915.000000 14.424306 1.521045 2.991977
 9918.000000 14.485640 1.504155 2.981688
 9921.000000 14.495127 1.512238 2.965341
 9924.000000 14.459998 1.521620 2.949836
 9927.000000 14.528397 1.530725 2.968347
 9930.000000 14.536431 1.527625 3.009913
 9933.000000 14.455835 1.553475 2.968499
 9936.000000 14.501427 1.556025 2.954919
 9939.000000 14.505829 1.544236 2.957619
 9942.000000 14.539633 1.561583 2.924913
 9945.000000 14.434204 1.560427 2.957537
 9948.000000 14.451565 1.520338 2.992096
 9951.000000 14.474769 1.540852 3.006575
 9954.000000 14.442419 1.539928 3.000505
 9957.000000 14.471996 1.524719 2.999505
 9960.000000 14.498660 1.523113 3.021788
 9963.000000 14.490245 1.544597 3.006834
 9966.000000 14.478927 1.554412 3.020560
 9969.000000 14.427594 1.539660 3.048346
 9972.000000 14.425618 1.541777 3.034810
 9975.000000 14.487484 1.531798 3.023387
 9978.000000 14.434764 1.534267 3.047976
 9981.000000 14.468264 1.520065 3.042822
 9984.000000 14.495914 1.527211 3.026403
 9987.000000 14.415557 1.509459 3.031749
 9990.000000 14.436569 1.533226 3.029497
 9993.000000 14.459563 1.542130 3.001047
 9996.000000 14.478292 1.525733 3.004317
 9999.000000 14.488481 1.525624 2.987736
 10002.000000 14.385190 1.532466 2.971808
 10005.000000 14.470151 1.551250 2.974040
 10008.000000 14.370681 1.564898 2.961595
 10011.000000 14.395898 1.571867 2.949478
 10014.000000 14.406442 1.547547 2.978515
 10017.000000 14.420317 1.535013 2.990600
 10020.000000 14.366387 1.529176 3.020554
 10023.000000 14.344839 1.532549 2.997273
 10026.000000 14.358419 1.529073 3.011385
 10029.000000 14.267415 1.512593 2.988082
 10032.000000 14.265540 1.524577 2.981984
 10035.000000 14.299434 1.516991 2.976580
 10038.000000 14.323387 1.514483 2.967526
 10041.000000 14.473283 1.531013 2.981861
 10044.000000 14.488179 1.528111 2.964803
 10047.000000 14.405838 1.524141 2.942973
 10050.000000 14.373154 1.518029 2.944764
 10053.000000 14.424629 1.542865 2.932251
 10056.000000 14.448083 1.541774 2.919399
 10059.000000 14.448772 1.536075 2.944918
 10062.000000 14.421447 1.528154 2.951919
 10065.000000 14.414018 1.515429 2.975244
 10068.000000 14.393322 1.513896 2.950611
 10071.000000 14.447755 1.536600 2.938881
 10074.000000 14.443118 1.522186 2.973888
 10077.000000 14.489832 1.538355 2.997448
 10080.000000 14.498845 1.538257 2.985820
 10083.000000 14.515474 1.544321 2.954510
 10086.000000 14.431887 1.532141 2.952408
 10089.000000 14.379829 1.525988 2.937735
 10092.000000 14.399257 1.531901 2.923469
 10095.000000 14.345589 1.504803 2.938113
 10098.000000 14.389979 1.493712 2.947956
 10101.000000 14.317236 1.495018 2.952804
 10104.000000 14.251056 1.509383 2.940974
 10107.000000 14.265073 1.513235 2.966734
 10110.000000 14.313809 1.533533 2.934900
 10113.000000 14.264406 1.515751 2.977331
 10116.000000 14.310861 1.529200 2.963375
 10119.000000 14.341578 1.519073 2.932696
 10122.000000 14.407445 1.516934 2.966896
 10125.000000 14.433167 1.538766 2.961449
 10128.000000 14.399399 1.521684 3.019127
 10131.000000 14.361647 1.542484 2.993464
 10134.000000 14.402933 1.542956 3.014481
 10137.000000 14.395431 1.546128 3.000199
 10140.000000 14.411697 1.569608 2.965520
 10143.000000 14.445265 1.560617 2.976545
 10146.000000 14.499418 1.529892 3.006462
 10149.000000 14.485587 1.538311 2.991187
 10152.000000 14.517406 1.537823 2.989172
 10155.000000 14.513141 1.545028 2.998746
 10158.000000 14.544833 1.538387 2.935076
 10161.000000 14.512040 1.538391 2.947531
 10164.000000 14.530640 1.577566 2.935105
 10167.000000 14.521066 1.571270 2.934671
 10170.000000 14.585937 1.576382 2.967295
 10173.000000 14.534508 1.577180 2.936994
 10176.000000 14.523522 1.568455 2.955794
 10179.000000 14.531299 1.561180 2.982296
 10182.000000 14.424227 1.550700 2.982818
 10185.000000 14.431784 1.566838 3.010540
 10188.000000 14.394610 1.553212 2.995758
 10191.000000 14.398869 1.549504 2.967197
 10194.000000 14.403482 1.565971 2.957924
 10197.000000 14.368301 1.552619 2.996538
 10200.000000 14.419208 1.578142 2.994412
 10203.000000 14.463570 1.578840 2.970686
 10206.000000 14.402082 1.572352 2.951535
 10209.000000 14.417423 1.546267 2.987213
 10212.000000 14.428805 1.574594 2.943061
 10215.000000 14.415900 1.545022 2.994123
 10218.000000 14.372698 1.552646 3.003087
 10221.000000 14.404754 1.527104 3.024393
 10224.000000 14.355668 1.540075 3.025746
 10227.000000 14.418140 1.545689 2.997708
 10230.000000 14.431632 1.560638 2.998044
 10233.000000 14.488266 1.541000 2.986103
 10236.000000 14.478447 1.534169 3.013692
 10239.000000 14.481618 1.550116 2.988480
 10242.000000 14.509556 1.545407 2.969159
 10245.000000 14.528693 1.574373 2.971575
 10248.000000 14.502708 1.565911 2.988111
 10251.000000 14.537732 1.567593 2.966914
 10254.000000 14.525240 1.557916 2.988574
 10257.000000 14.575582 1.554635 3.021332
 10260.000000 14.606220 1.582073 3.014815
 10263.000000 14.497454 1.614132 2.958737
 10266.000000 14.560450 1.605305 2.953052
 10269.000000 14.510763 1.592974 2.981991
 10272.000000 14.534431 1.574791 2.982901
 10275.000000 14.537594 1.575263 3.008408
 10278.000000 14.511610 1.556971 2.998020
 10281.000000 14.525519 1.556606 3.000384
 10284.000000 14.629831 1.563687 2.992586
 10287.000000 14.580655 1.559752 3.003690
 10290.000000 14.524819 1.546744 3.000301
 10293.000000 14.492297 1.534265 3.012021
 10296.000000 14.527251 1.552282 2.998334
 10299.000000 14.472665 1.531426 3.008113
 10302.000000 14.564202 1.530287 2.997918
 10305.000000 14.549332 1.522451 2.992751
 10308.000000 14.565905 1.508114 2.972406
 10311.000000 14.607031 1.488307 3.004132
 10314.000000 14.556092 1.508577 2.979634
 10317.000000 14.565847 1.537081 3.011107
 10320.000000 14.597243 1.536297 3.036932
 10323.000000 14.662666 1.543687 3.005556
 10326.000000 14.616541 1.552698 3.002708
 10329.000000 14.645263 1.566271 3.008141
 10332.000000 14.641964 1.554548 2.990661
 10335.000000 14.571435 1.556622 3.016668
 10338.000000 14.607375 1.547786 2.997973
 10341.000000 14.628911 1.563578 3.013431
 10344.000000 14.632587 1.533701 3.059454
 10347.000000 14.652623 1.546088 3.048310
 10350.000000 14.552278 1.561893 2.995485
 10353.000000 14.550110 1.550293 3.025349
 10356.000000 14.544199 1.545486 2.983534
 10359.000000 14.577772 1.533526 3.014957
 10362.000000 14.591107 1.525706 2.983560
 10365.000000 14.566981 1.519912 2.966711
 10368.000000 14.520907 1.532134 2.962055
 10371.000000 14.571261 1.539983 3.003852
 10374.000000 14.625400 1.534353 3.014752
 10377.000000 14.577258 1.528805 3.050878
 10380.000000 14.590115 1.530076 3.058600
 10383.000000 14.624151 1.529997 3.043540
 10386.000000 14.630762 1.507639 3.078020
 10389.000000 14.616811 1.476196 3.051483
 10392.000000 14.582296 1.452695 3.023941
 10395.000000 14.512340 1.479189 3.087303
 10398.000000 14.571099 1.466961 3.051464
 10401.000000 14.576545 1.486992 3.033778
 10404.000000 14.520672 1.525317 3.018842
 10407.000000 14.459911 1.525486 3.034017
 10410.000000 14.527437 1.542855 3.016854
 10413.000000 14.577682 1.552611 2.979769
 10416.000000 14.595064 1.539117 2.995695
 10419.000000 14.571075 1.545284 3.023691
 10422.000000 14.547160 1.546601 3.020316
 10425.000000 14.462986 1.535668 3.042301
 10428.000000 14.449334 1.510496 3.012878
 10431.000000 14.452088 1.508054 3.028474
 10434.000000 14.454077 1.522668 3.000249
 10437.000000 14.429988 1.511312 3.006219
 10440.000000 14.479763 1.504460 3.042605
 10443.000000 14.451621 1.519905 3.055393
 10446.000000 14.465205 1.493521 3.025128
 10449.000000 14.494263 1.480180 3.040303
 10452.000000 14.477782 1.517108 2.991776
 10455.000000 14.478262 1.517154 3.013766
 10458.000000 14.533559 1.532169 3.034615
 10461.000000 14.606641 1.546518 3.018311
 10464.000000 14.583122 1.545071 2.994484
 10467.000000 14.543566 1.571194 2.984054
 10470.000000 14.582269 1.545653 2.987650
 10473.000000 14.601880 1.540865 2.996464
 10476.000000 14.639648 1.550308 3.005397
 10479.000000 14.684261 1.552673 3.016283
 10482.000000 14.684955 1.550787 3.009532
 10485.000000 14.659355 1.528508 3.002771
 10488.000000 14.690868 1.539324 3.013254
 10491.000000 14.653447 1.532781 3.023784
 10494.000000 14.540370 1.511632 3.022505
 10497.000000 14.664148 1.538353 3.011018
 10500.000000 14.566692 1.494999 3.018970
 10503.000000 14.561643 1.507653 3.015665
 10506.000000 14.567844 1.520315 3.026003
 10509.000000 14.526208 1.510027 3.031495
 10512.000000 14.442765 1.529142 3.025700
 10515.000000 14.403079 1.535762 3.051295
 10518.000000 14.434871 1.533503 3.047931
 10521.000000 14.503475 1.527625 3.027061
 10524.000000 14.493572 1.532304 3.006064
 10527.000000 14.530918 1.525976 2.985868
 10530.000000 14.460051 1.513539 3.013725
 10533.000000 14.430384 1.518921 3.004753
 10536.000000 14.367051 1.513134 2.995356
 10539.000000 14.387922 1.527677 2.997112
 10542.000000 14.355483 1.540165 2.988162
 10545.000000 14.399735 1.531467 3.010309
 10548.000000 14.392648 1.525225 3.005200
 10551.000000 14.411258 1.544996 2.990722
 10554.000000 14.410611 1.541896 3.018326
 10557.000000 14.452844 1.551130 3.008137
 10560.000000 14.291497 1.550195 3.021739
 10563.000000 14.383191 1.533017 3.052825
 10566.000000 14.402543 1.553377 3.024709
 10569.000000 14.368679 1.554952 3.031332
 10572.000000 14.425860 1.553051 3.028258
 10575.000000 14.397375 1.529636 3.029971
 10578.000000 14.241481 1.540618 3.042754
 10581.000000 14.326905 1.545359 3.049528
 10584.000000 14.343979 1.541348 3.063441
 10587.000000 14.316639 1.526188 3.086754
 10590.000000 14.467050 1.532072 3.052908
 10593.000000 14.440440 1.558908 3.001399
 10596.000000 14.424048 1.575018 3.033599
 10599.000000 14.474907 1.581277 2.998191
 10602.000000 14.603016 1.567976 3.009354
 10605.000000 14.611801 1.560406 3.019995
 10608.000000 14.562000 1.568553 3.001979
 10611.000000 14.501308 1.599998 2.988545
 10614.000000 14.437028 1.594316 3.029716
 10617.000000 14.489798 1.586220 3.026570
 10620.000000 14.506813 1.568832 3.015860
 10623.000000 14.532511 1.557527 3.072583
 10626.000000 14.569144 1.575036 3.035929
 10629.000000 14.547431 1.554515 3.045277
 10632.000000 14.535724 1.568888 3.037915
 10635.000000 14.515321 1.558565 3.059866
 10638.000000 14.511671 1.576423 3.025352
 10641.000000 14.558947 1.570022 3.052841
 10644.000000 14.517459 1.583026 3.063016
 10647.000000 14.446799 1.585092 3.055290
 10650.000000 14.373061 1.559873 3.088349
 10653.000000 14.379669 1.578793 3.063807
 10656.000000 14.358023 1.604376 3.015646
 10659.000000 14.364749 1.591856 3.037847
 10662.000000 14.314780 1.590566 3.036708
 10665.000000 14.306321 1.566206 3.010389
 10668.000000 14.346144 1.599653 3.000094
 10671.000000 14.369050 1.549060 3.029624
 10674.000000 14.487349 1.591565 2.997390
 10677.000000 14.418943 1.565544 3.033127
 10680.000000 14.500297 1.557835 3.022504
 10683.000000 14.458029 1.576233 2.997099
 10686.000000 14.546385 1.558867 3.015124
 10689.000000 14.613132 1.568844 3.047314
 10692.000000 14.584509 1.577184 3.030187
 10695.000000 14.516568 1.567012 3.036149
 10698.000000 14.507597 1.579454 3.022927
 10701.000000 14.469719 1.584059 2.992389
 10704.000000 14.518852 1.583275 3.005925
 10707.000000 14.495327 1.570687 2.981464
 10710.000000 14.474402 1.592972 3.028627
 10713.000000 14.465156 1.579197 3.020544
 10716.000000 14.481800 1.598181 3.021557
 10719.000000 14.500654 1.625286 3.052315
 10722.000000 14.522505 1.606188 3.034159
 10725.000000 14.445374 1.602261 3.060246
 10728.000000 14.443926 1.560337 3.039995
 10731.000000 14.412593 1.547518 3.032865
 10734.000000 14.422423 1.535495 3.017129
 10737.000000 14.428204 1.554179 3.021116
 10740.000000 14.404939 1.547576 3.001406
 10743.000000 14.441526 1.555390 3.016548
 10746.000000 14.434567 1.545043 3.036184
 10749.000000 14.412897 1.533491 3.025025
 10752.000000 14.401769 1.547528 3.039567
 10755.000000 14.386504 1.531483 3.024199
 10758.000000 14.406008 1.544668 3.048326
 10761.000000 14.394056 1.544221 3.010604
 10764.000000 14.339938 1.555500 3.006558
 10767.000000 14.303366 1.558891 2.999686
 10770.000000 14.342535 1.534322 2.992950
 10773.000000 14.366467 1.557218 2.994225
 10776.000000 14.447955 1.533095 2.989938
 10779.000000 14.423849 1.508754 2.980891
 10782.000000 14.302873 1.558251 2.993765
 10785.000000 14.366034 1.551746 3.021616
 10788.000000 14.393758 1.569049 3.004368
 10791.000000 14.411823 1.526603 2.999084
 10794.000000 14.389513 1.531894 2.999257
 10797.000000 14.477813 1.545944 3.016990
 10800.000000 14.429987 1.538883 2.997805
 10803.000000 14.455422 1.545951 3.032100
 10806.000000 14.491561 1.547101 3.029309
 10809.000000 14.483048 1.570977 3.066654
 10812.000000 14.555930 1.574839 3.058362
 10815.000000 14.539871 1.561045 3.033617
 10818.000000 14.474761 1.554479 3.003197
 10821.000000 14.505487 1.552608 2.994874
 10824.000000 14.491744 1.575685 3.023956
 10827.000000 14.526798 1.553164 3.038925
 10830.000000 14.588540 1.537212 3.024516
 10833.000000 14.515331 1.552427 3.026158
 10836.000000 14.478376 1.551671 3.078172
 10839.000000 14.501287 1.534840 3.053334
 10842.000000 14.486752 1.530264 3.050051
 10845.000000 14.449710 1.492018 3.033671
 10848.000000 14.491384 1.535580 3.047602
 10851.000000 14.452768 1.514548 3.004129
 10854.000000 14.523100 1.543265 3.022353
 10857.000000 14.488877 1.541070 3.019868
 10860.000000 14.451842 1.546593 3.044707
 10863.000000 14.390519 1.509373 3.023613
 10866.000000 14.350766 1.526149 3.031527
 10869.000000 14.432270 1.543374 3.031149
 10872.000000 14.458171 1.536058 3.043631
 10875.000000 14.500022 1.517480 3.036353
 10878.000000 14.580217 1.543240 3.030105
 10881.000000 14.626386 1.523859 3.030629
 10884.000000 14.538890 1.525960 2.989777
 10887.000000 14.478854 1.539411 2.996968
 10890.000000 14.535709 1.518235 2.977676
 10893.000000 14.568623 1.533808 2.977977
 10896.000000 14.446902 1.522850 2.984015
 10899.000000 14.439763 1.534787 2.986697
 10902.000000 14.420176 1.521486 2.963716
 10905.000000 14.483797 1.530993 3.003661
 10908.000000 14.464726 1.520576 3.038776
 10911.000000 14.471353 1.515326 3.053670
 10914.000000 14.583533 1.525195 3.031823
 10917.000000 14.611257 1.534932 3.024609
 10920.000000 14.540725 1.510420 3.034693
 10923.000000 14.508884 1.515481 3.055693
 10926.000000 14.485369 1.531857 3.070328
 10929.000000 14.478345 1.518744 3.030486
 10932.000000 14.376240 1.519577 3.017189
 10935.000000 14.386418 1.545847 3.022694
 10938.000000 14.392217 1.560792 3.011366
 10941.000000 14.500200 1.530938 3.017586
 10944.000000 14.480258 1.556086 3.019435
 10947.000000 14.440009 1.568948 3.051178
 10950.000000 14.495764 1.594651 3.029807
 10953.000000 14.618973 1.557490 3.040866
 10956.000000 14.542129 1.587530 3.031528
 10959.000000 14.537152 1.575352 3.053712
 10962.000000 14.500979 1.569726 3.049082
 10965.000000 14.559610 1.549506 3.024607
 10968.000000 14.575238 1.539512 3.051167
 10971.000000 14.565362 1.547985 3.055655
 10974.000000 14.543318 1.544491 3.075916
 10977.000000 14.563458 1.542217 3.071703
 10980.000000 14.488912 1.559497 3.056238
 10983.000000 14.389284 1.571109 3.069332
 10986.000000 14.462023 1.566510 3.087942
 10989.000000 14.452652 1.557963 3.051313
 10992.000000 14.370222 1.563573 3.015791
 10995.000000 14.467771 1.550945 3.045244
 10998.000000 14.516591 1.578593 3.039428
 11001.000000 14.457372 1.575255 3.057662
 11004.000000 14.427708 1.569899 3.013479
 11007.000000 14.353682 1.556046 3.030896
 11010.000000 14.324493 1.569341 3.000997
 11013.000000 14.308317 1.539969 2.998606
 11016.000000 14.314532 1.522549 3.017529
 11019.000000 14.388441 1.529527 2.972332
 11022.000000 14.403755 1.546836 2.970374
 11025.000000 14.362262 1.545097 3.038135
 11028.000000 14.416598 1.542933 3.031792
 11031.000000 14.410986 1.551105 3.028216
 11034.000000 14.449169 1.554293 2.999134
 11037.000000 14.491365 1.551216 2.964603
 11040.000000 14.552381 1.536047 2.952744
 11043.000000 14.564155 1.517138 2.962361
 11046.000000 14.620897 1.525383 2.944857
 11049.000000 14.531089 1.544954 2.978556
 11052.000000 14.552183 1.539628 2.973556
 11055.000000 14.503493 1.531668 2.994222
 11058.000000 14.587186 1.546531 2.978405
 11061.000000 14.593786 1.535980 2.988457
 11064.000000 14.547506 1.514818 3.005061
 11067.000000 14.600622 1.510234 2.974845
 11070.000000 14.529224 1.481002 2.967072
 11073.000000 14.580717 1.484056 2.979913
 11076.000000 14.573999 1.494551 2.973362
 11079.000000 14.561642 1.499777 2.968606
 11082.000000 14.564826 1.515192 2.967900
 11085.000000 14.525286 1.523326 2.963534
 11088.000000 14.542020 1.529610 2.986338
 11091.000000 14.524993 1.523441 2.986406
 11094.000000 14.578019 1.522851 2.940767
 11097.000000 14.521768 1.512736 2.999407
 11100.000000 14.532292 1.472630 3.017352
 11103.000000 14.577492 1.515732 2.997474
 11106.000000 14.549820 1.509519 2.989515
 11109.000000 14.520004 1.510885 2.972871
 11112.000000 14.510207 1.490183 2.979249
 11115.000000 14.478094 1.513171 2.975191
 11118.000000 14.553501 1.522553 2.949541
 11121.000000 14.541985 1.529960 3.006864
 11124.000000 14.641674 1.522143 2.979120
 11127.000000 14.589043 1.492960 2.980931
 11130.000000 14.664153 1.499555 2.979909
 11133.000000 14.594253 1.479582 2.979291
 11136.000000 14.559893 1.476023 3.016295
 11139.000000 14.582133 1.501788 3.028041
 11142.000000 14.642025 1.489093 2.977723
 11145.000000 14.673332 1.483277 2.998775
 11148.000000 14.664812 1.502536 2.989421
 11151.000000 14.560330 1.510594 2.980541
 11154.000000 14.664585 1.492010 2.983832
 11157.000000 14.712544 1.494464 2.987073
 11160.000000 14.677504 1.506019 2.975436
 11163.000000 14.582820 1.520580 2.960859
 11166.000000 14.603620 1.531977 2.958954
 11169.000000 14.589385 1.516971 3.031279
 11172.000000 14.532807 1.512138 3.021455
 11175.000000 14.528431 1.495152 3.009903
 11178.000000 14.606516 1.517047 3.001159
 11181.000000 14.662527 1.537636 2.930854
 11184.000000 14.676019 1.508728 2.993352
 11187.000000 14.660881 1.493786 2.957951
 11190.000000 14.593922 1.520230 2.970085
 11193.000000 14.621832 1.508139 2.985439
 11196.000000 14.673587 1.500873 2.973790
 11199.000000 14.668297 1.509607 2.965608
 11202.000000 14.600489 1.525411 2.916339
 11205.000000 14.596428 1.524351 2.932933
 11208.000000 14.591204 1.508084 2.964926
 11211.000000 14.551547 1.512066 2.946911
 11214.000000 14.568143 1.483246 2.984972
 11217.000000 14.559719 1.480614 2.984352
 11220.000000 14.541911 1.510314 2.979464
 11223.000000 14.511838 1.514522 3.011326
 11226.000000 14.450915 1.530781 3.007416
 11229.000000 14.451573 1.507078 3.029774
 11232.000000 14.444995 1.500363 3.002105
 11235.000000 14.378255 1.514542 3.021033
 11238.000000 14.438287 1.526687 3.034801
 11241.000000 14.411966 1.518583 2.971163
 11244.000000 14.424506 1.508493 3.001151
 11247.000000 14.391145 1.503228 2.969075
 11250.000000 14.358136 1.530938 2.975994
 11253.000000 14.412334 1.522805 2.968693
 11256.000000 14.422809 1.517058 2.959056
 11259.000000 14.407773 1.512007 2.987168
 11262.000000 14.459196 1.518528 2.970381
 11265.000000 14.482952 1.516191 3.004716
 11268.000000 14.463496 1.510063 3.005359
 11271.000000 14.472474 1.513951 3.013475
 11274.000000 14.488352 1.516720 3.019351
 11277.000000 14.509273 1.524829 3.038952
 11280.000000 14.530597 1.521059 3.040576
 11283.000000 14.593098 1.532244 3.042854
 11286.000000 14.562305 1.541438 3.048826
 11289.000000 14.535991 1.542976 3.010492
 11292.000000 14.524529 1.518364 3.030804
 11295.000000 14.501121 1.514871 2.970933
 11298.000000 14.449271 1.492794 2.990132
 11301.000000 14.471407 1.497195 2.972664
 11304.000000 14.424515 1.481228 2.951318
 11307.000000 14.525780 1.496062 2.987722
 11310.000000 14.474631 1.497320 2.996957
 11313.000000 14.446133 1.494072 3.028710
 11316.000000 14.405842 1.495032 3.061631
 11319.000000 14.467740 1.507354 3.019614
 11322.000000 14.502383 1.478176 3.042528
 11325.000000 14.437659 1.494476 3.010592
 11328.000000 14.490318 1.488278 2.989282
 11331.000000 14.521174 1.473720 2.954094
 11334.000000 14.480077 1.480733 2.948038
 11337.000000 14.500649 1.482575 2.974586
 11340.000000 14.476508 1.476923 2.977688
 11343.000000 14.380975 1.487296 2.991057
 11346.000000 14.392547 1.493831 2.991600
 11349.000000 14.387853 1.535812 2.946084
 11352.000000 14.416432 1.536448 2.965400
 11355.000000 14.513995 1.538005 2.973062
 11358.000000 14.516898 1.522778 2.938352
 11361.000000 14.583925 1.528259 2.965578
 11364.000000 14.569053 1.559667 2.971352
 11367.000000 14.535095 1.572000 2.993337
 11370.000000 14.442941 1.586745 2.992549
 11373.000000 14.588623 1.601084 2.966941
 11376.000000 14.532421 1.587956 2.950993
 11379.000000 14.560902 1.601946 2.970812
 11382.000000 14.505394 1.605970 3.017417
 11385.000000 14.410165 1.597692 3.008755
 11388.000000 14.412364 1.624048 3.000686
 11391.000000 14.531609 1.623609 3.005871
 11394.000000 14.522997 1.630904 2.987693
 11397.000000 14.513399 1.639748 2.980254
 11400.000000 14.495827 1.649937 2.996880
 11403.000000 14.480615 1.610942 3.014884
 11406.000000 14.454055 1.633095 2.960549
 11409.000000 14.391875 1.611115 2.974346
 11412.000000 14.336347 1.622784 2.935153
 11415.000000 14.288046 1.601999 2.943198
 11418.000000 14.258535 1.606656 2.939788
 11421.000000 14.246103 1.592174 2.959285
 11424.000000 14.313672 1.581101 2.957663
 11427.000000 14.348044 1.558892 2.990138
 11430.000000 14.448396 1.556971 2.985025
 11433.000000 14.404527 1.571825 2.954456
 11436.000000 14.351022 1.548564 2.971255
 11439.000000 14.391008 1.534438 2.979912
 11442.000000 14.469249 1.547080 2.984455
 11445.000000 14.457548 1.555517 2.992726
 11448.000000 14.460083 1.540617 2.984179
 11451.000000 14.535731 1.533264 3.035344
 11454.000000 14.466171 1.536781 3.036030
 11457.000000 14.431620 1.527796 3.010970
 11460.000000 14.427050 1.537354 2.980292
 11463.000000 14.475368 1.550408 2.943178
 11466.000000 14.567288 1.546725 2.943314
 11469.000000 14.488472 1.533136 2.973464
 11472.000000 14.487459 1.500519 3.008227
 11475.000000 14.469879 1.533187 3.006679
 11478.000000 14.507095 1.576081 2.968897
 11481.000000 14.521658 1.562257 2.968292
 11484.000000 14.441353 1.551197 2.968270
 11487.000000 14.472793 1.542231 2.995061
 11490.000000 14.467743 1.547767 2.971142
 11493.000000 14.498943 1.535978 2.984754
 11496.000000 14.482087 1.534204 2.992524
 11499.000000 14.560287 1.547695 2.991356
 11502.000000 14.428308 1.539547 2.975365
 11505.000000 14.472336 1.553696 2.957697
 11508.000000 14.441106 1.533797 2.978747
 11511.000000 14.345931 1.542788 2.986691
 11514.000000 14.312815 1.541364 2.994975
 11517.000000 14.392949 1.552679 2.976402
 11520.000000 14.386031 1.536914 3.011092
 11523.000000 14.394895 1.529967 3.006050
 11526.000000 14.422674 1.531661 2.992919
 11529.000000 14.364779 1.516917 2.999644
 11532.000000 14.358148 1.531989 3.015182
 11535.000000 14.355754 1.513136 3.001649
 11538.000000 14.405285 1.537560 2.976262
 11541.000000 14.371984 1.540495 2.987393
 11544.000000 14.404435 1.544133 2.946234
 11547.000000 14.446838 1.536803 2.972294
 11550.000000 14.475713 1.497588 3.029586
 11553.000000 14.509093 1.498359 3.011480
 11556.000000 14.467125 1.529384 2.967843
 11559.000000 14.577133 1.519383 2.961880
 11562.000000 14.504289 1.502635 2.969896
 11565.000000 14.557355 1.501670 2.967754
 11568.000000 14.630012 1.517612 2.940804
 11571.000000 14.585247 1.485251 2.989811
 11574.000000 14.574606 1.492847 2.992296
 11577.000000 14.710812 1.486670 2.999123
 11580.000000 14.686713 1.505447 2.967255
 11583.000000 14.650118 1.522858 2.982562
 11586.000000 14.663927 1.523837 2.988412
 11589.000000 14.544488 1.547740 3.000333
 11592.000000 14.564638 1.532602 3.021525
 11595.000000 14.531057 1.522872 3.044967
 11598.000000 14.595837 1.505268 3.008689
 11601.000000 14.550298 1.507468 3.007075
 11604.000000 14.555349 1.493093 3.001822
 11607.000000 14.533499 1.486535 3.046146
 11610.000000 14.554114 1.508275 3.000958
 11613.000000 14.521034 1.491630 3.007856
 11616.000000 14.469994 1.505983 3.005655
 11619.000000 14.395328 1.491091 3.025510
 11622.000000 14.378051 1.544735 2.988564
 11625.000000 14.353127 1.538621 3.013740
 11628.000000 14.426516 1.532234 3.032126
 11631.000000 14.478290 1.525084 3.006044
 11634.000000 14.503528 1.506095 3.037124
 11637.000000 14.454933 1.516792 3.005322
 11640.000000 14.398995 1.509906 3.015499
 11643.000000 14.365709 1.479256 2.998402
 11646.000000 14.548730 1.482657 3.025105
 11649.000000 14.592210 1.474637 3.030030
 11652.000000 14.632333 1.500084 2.994047
 11655.000000 14.653266 1.504035 2.980882
 11658.000000 14.664729 1.508145 2.992392
 11661.000000 14.646936 1.513818 3.004715
 11664.000000 14.559666 1.504377 3.006023
 11667.000000 14.573321 1.520559 3.014681
 11670.000000 14.455807 1.516184 2.966284
 11673.000000 14.508722 1.541082 2.952039
 11676.000000 14.523092 1.536281 2.973241
 11679.000000 14.498439 1.564565 2.954991
 11682.000000 14.546595 1.533072 2.962627
 11685.000000 14.531650 1.525843 2.983223
 11688.000000 14.549853 1.522029 2.952012
 11691.000000 14.484413 1.532311 2.959121
 11694.000000 14.481756 1.510652 2.980765
 11697.000000 14.465905 1.538568 2.975204
 11700.000000 14.524021 1.547527 2.952051
 11703.000000 14.528391 1.526381 2.969386
 11706.000000 14.591519 1.538783 2.958044
 11709.000000 14.565540 1.542739 2.991136
 11712.000000 14.608236 1.524766 2.979811
 11715.000000 14.566841 1.518288 2.985500
 11718.000000 14.592408 1.544558 3.000811
 11721.000000 14.636259 1.537655 2.989680
 11724.000000 14.680276 1.544237 2.986954
 11727.000000 14.601612 1.532396 2.990463
 11730.000000 14.625269 1.527430 2.984092
 11733.000000 14.604061 1.528248 2.968195
 11736.000000 14.599335 1.541902 2.929625
 11739.000000 14.592533 1.531707 2.969399
 11742.000000 14.564486 1.527682 2.996315
 11745.000000 14.458381 1.520461 2.983076
 11748.000000 14.501086 1.527326 2.978043
 11751.000000 14.509405 1.526519 2.989965
 11754.000000 14.470024 1.508748 2.999667
 11757.000000 14.481524 1.509061 2.991792
 11760.000000 14.477769 1.543690 3.003195
 11763.000000 14.413262 1.569817 3.000827
 11766.000000 14.367716 1.560363 2.985456
 11769.000000 14.437981 1.545145 2.986271
 11772.000000 14.407973 1.560862 2.976758
 11775.000000 14.458142 1.559900 2.994462
 11778.000000 14.481624 1.561298 2.952571
 11781.000000 14.502271 1.567479 2.957460
 11784.000000 14.456894 1.559243 2.998385
 11787.000000 14.428177 1.551451 3.010322
 11790.000000 14.456595 1.537330 2.999294
 11793.000000 14.487708 1.563928 2.956224
 11796.000000 14.515912 1.569884 2.954190
 11799.000000 14.454382 1.584685 2.972157
 11802.000000 14.460846 1.581355 2.989703
 11805.000000 14.492682 1.571034 2.983898
 11808.000000 14.450121 1.542035 3.006182
 11811.000000 14.534721 1.537808 2.999306
 11814.000000 14.556346 1.546658 2.984394
 11817.000000 14.542865 1.557401 2.968799
 11820.000000 14.505861 1.567969 2.965161
 11823.000000 14.464606 1.579629 2.929500
 11826.000000 14.516642 1.572482 2.949499
 11829.000000 14.591731 1.575147 2.956432
 11832.000000 14.512615 1.599718 2.965370
 11835.000000 14.415751 1.608294 2.936961
 11838.000000 14.397179 1.606698 2.968699
 11841.000000 14.405919 1.594419 2.981748
 11844.000000 14.396777 1.586935 2.990985
 11847.000000 14.358308 1.593287 2.955716
 11850.000000 14.335981 1.583865 2.995335
 11853.000000 14.389002 1.590765 2.998922
 11856.000000 14.410853 1.594103 2.991465
 11859.000000 14.413832 1.580291 3.009427
 11862.000000 14.471017 1.576140 3.005470
 11865.000000 14.383133 1.556805 3.036806
 11868.000000 14.414142 1.581009 2.968900
 11871.000000 14.472755 1.589497 2.992875
 11874.000000 14.382641 1.575874 3.000275
 11877.000000 14.399865 1.619016 2.995058
 11880.000000 14.407674 1.608397 2.993306
 11883.000000 14.467448 1.584467 3.004690
 11886.000000 14.491194 1.588382 3.000367
 11889.000000 14.543856 1.603091 2.980893
 11892.000000 14.493202 1.596031 2.974177
 11895.000000 14.525375 1.572965 2.937131
 11898.000000 14.532851 1.589067 3.001953
 11901.000000 14.507108 1.576343 2.961632
 11904.000000 14.424506 1.560796 2.967525
 11907.000000 14.386812 1.560969 2.986440
 11910.000000 14.528907 1.535762 3.025331
 11913.000000 14.504253 1.522942 3.020994
 11916.000000 14.470172 1.550182 3.003678
 11919.000000 14.517498 1.536564 2.996165
 11922.000000 14.480631 1.512575 3.006655
 11925.000000 14.503092 1.518527 3.037029
 11928.000000 14.460244 1.500254 3.082909
 11931.000000 14.516725 1.523937 3.035148
 11934.000000 14.447207 1.528254 3.024759
 11937.000000 14.421653 1.514435 2.990718
 11940.000000 14.395918 1.503294 2.998299
 11943.000000 14.417114 1.501395 2.984628
 11946.000000 14.419639 1.497906 3.007423
 11949.000000 14.354148 1.528568 2.975755
 11952.000000 14.427598 1.536553 2.986320
 11955.000000 14.474133 1.513781 3.021282
 11958.000000 14.480400 1.528361 2.958186
 11961.000000 14.527683 1.531105 2.968620
 11964.000000 14.488858 1.494815 3.041024
 11967.000000 14.439327 1.470138 3.008975
 11970.000000 14.481028 1.508647 3.025050
 11973.000000 14.403265 1.484321 3.019882
 11976.000000 14.410202 1.487128 3.043331
 11979.000000 14.451799 1.491847 3.045731
 11982.000000 14.470508 1.484038 3.007936
 11985.000000 14.454612 1.499474 2.949138
 11988.000000 14.525369 1.506947 2.996400
 11991.000000 14.542133 1.523905 2.971706
 11994.000000 14.514250 1.517287 2.960957
 11997.000000 14.538298 1.525444 2.971676
 12000.000000 14.550199 1.528227 2.991438
 12003.000000 14.512608 1.527399 3.055491
 12006.000000 14.495480 1.535060 3.056914
 12009.000000 14.542180 1.553052 3.010835
 12012.000000 14.537062 1.537762 3.048843
 12015.000000 14.552592 1.562305 3.006963
 12018.000000 14.568138 1.554557 2.998954
 12021.000000 14.594592 1.540111 2.980668
 12024.000000 14.476027 1.541150 2.976960
 12027.000000 14.501676 1.529121 2.982042
 12030.000000 14.523388 1.522351 3.041620
 12033.000000 14.461949 1.543119 3.010603
 12036.000000 14.357567 1.524610 3.022133
 12039.000000 14.334596 1.538951 3.013076
 12042.000000 14.335184 1.553986 2.982048
 12045.000000 14.325142 1.577887 3.002256
 12048.000000 14.354759 1.562607 3.034715
 12051.000000 14.375923 1.558876 3.014892
 12054.000000 14.459716 1.548328 3.010662
 12057.000000 14.429700 1.544994 3.013137
 12060.000000 14.350830 1.554126 3.028671
 12063.000000 14.331089 1.562303 3.031519
 12066.000000 14.320351 1.572889 3.019263
 12069.000000 14.348011 1.580252 3.030355
 12072.000000 14.352910 1.541865 3.066467
 12075.000000 14.296744 1.566929 3.055053
 12078.000000 14.346124 1.560996 3.036656
 12081.000000 14.315575 1.569753 3.044533
 12084.000000 14.371226 1.563521 3.055058
 12087.000000 14.404335 1.580210 3.047847
 12090.000000 14.478452 1.522077 2.988396
 12093.000000 14.469785 1.541157 3.029348
 12096.000000 14.497550 1.562911 2.975256
 12099.000000 14.472200 1.558752 2.999342
 12102.000000 14.493616 1.562515 2.966969
 12105.000000 14.490379 1.554440 3.002588
 12108.000000 14.537065 1.558015 3.034264
 12111.000000 14.547290 1.547532 3.024899
 12114.000000 14.555898 1.545935 2.997574
 12117.000000 14.525831 1.565129 3.010022
 12120.000000 14.549988 1.577857 2.965919
 12123.000000 14.533474 1.567211 2.919651
 12126.000000 14.492319 1.538837 2.920177
 12129.000000 14.453088 1.563907 2.920187
 12132.000000 14.542193 1.566029 2.893160
 12135.000000 14.539824 1.566473 2.969986
 12138.000000 14.536283 1.554703 3.019804
 12141.000000 14.492762 1.540811 2.984055
 12144.000000 14.474865 1.588759 2.976012
 12147.000000 14.406496 1.584889 2.975676
 12150.000000 14.420575 1.589296 2.971807
 12153.000000 14.507267 1.580740 2.963330
 12156.000000 14.536745 1.598978 2.974396
 12159.000000 14.498442 1.569335 3.032124
 12162.000000 14.558926 1.577466 2.998325
 12165.000000 14.539159 1.595189 2.976162
 12168.000000 14.479111 1.594643 3.007980
 12171.000000 14.501911 1.595103 3.013736
 12174.000000 14.444802 1.604673 2.989167
 12177.000000 14.416060 1.592532 3.003041
 12180.000000 14.363943 1.588891 2.968530
 12183.000000 14.407332 1.602475 2.961606
 12186.000000 14.416304 1.592115 2.973387
 12189.000000 14.420555 1.583120 3.014695
 12192.000000 14.386544 1.594734 3.018505
 12195.000000 14.398785 1.594531 2.985092
 12198.000000 14.376069 1.603963 3.012219
 12201.000000 14.357142 1.626093 2.993101
 12204.000000 14.414318 1.622747 3.017452
 12207.000000 14.517414 1.606154 3.021358
 12210.000000 14.538106 1.606711 2.992168
 12213.000000 14.499027 1.590031 3.049201
 12216.000000 14.607559 1.607958 3.020513
 12219.000000 14.652994 1.631197 3.039483
 12222.000000 14.567131 1.635802 2.983292
 12225.000000 14.605071 1.629787 2.993702
 12228.000000 14.543902 1.578711 3.058786
 12231.000000 14.556364 1.592924 3.000843
 12234.000000 14.509708 1.580449 3.014532
 12237.000000 14.508212 1.607821 2.991157
 12240.000000 14.419057 1.578012 3.026445
 12243.000000 14.437008 1.571895 3.033773
 12246.000000 14.413691 1.587892 2.993442
 12249.000000 14.415221 1.607321 2.962249
 12252.000000 14.440457 1.585750 2.988632
 12255.000000 14.372716 1.599858 2.974438
 12258.000000 14.356043 1.601021 2.956019
 12261.000000 14.317204 1.607367 2.974587
 12264.000000 14.378065 1.619103 2.959551
 12267.000000 14.383102 1.612522 2.955385
 12270.000000 14.379468 1.583704 2.977883
 12273.000000 14.377303 1.599812 2.964602
 12276.000000 14.463320 1.571326 2.976018
 12279.000000 14.472820 1.562447 2.954462
 12282.000000 14.496327 1.575296 2.983626
 12285.000000 14.499067 1.607167 2.972312
 12288.000000 14.454325 1.575874 2.998007
 12291.000000 14.423401 1.583616 3.008747
 12294.000000 14.378356 1.584533 2.967474
 12297.000000 14.339579 1.569600 2.980209
 12300.000000 14.397659 1.553504 2.989433
 12303.000000 14.389456 1.561057 2.972814
 12306.000000 14.371126 1.563436 2.957400
 12309.000000 14.394671 1.563631 2.983539
 12312.000000 14.469220 1.541038 2.999423
 12315.000000 14.485486 1.536969 2.999119
 12318.000000 14.460088 1.565922 2.987875
 12321.000000 14.456958 1.567784 2.982067
 12324.000000 14.537110 1.578317 2.998831
 12327.000000 14.480943 1.567737 2.995241
 12330.000000 14.438177 1.574268 3.057291
 12333.000000 14.439409 1.568156 3.044200
 12336.000000 14.366112 1.588968 3.031549
 12339.000000 14.361973 1.585768 3.029007
 12342.000000 14.357298 1.576910 3.072229
 12345.000000 14.379856 1.580646 3.064752
 12348.000000 14.432067 1.583178 3.058622
 12351.000000 14.420644 1.558901 3.094968
 12354.000000 14.398598 1.552407 3.077612
 12357.000000 14.404853 1.572727 3.102343
 12360.000000 14.380936 1.571335 3.088574
 12363.000000 14.415649 1.542517 3.067491
 12366.000000 14.394222 1.559789 3.041987
 12369.000000 14.415220 1.543168 3.100980
 12372.000000 14.420712 1.550006 3.049008
 12375.000000 14.354066 1.547549 3.050480
 12378.000000 14.301297 1.570894 2.998031
 12381.000000 14.345758 1.596058 3.018418
 12384.000000 14.334231 1.581839 3.030456
 12387.000000 14.354174 1.559626 3.052498
 12390.000000 14.390436 1.562651 3.067983
 12393.000000 14.479396 1.554500 3.039944
 12396.000000 14.441396 1.565269 3.038392
 12399.000000 14.408266 1.573627 3.052653
 12402.000000 14.432866 1.577625 3.076712
 12405.000000 14.529002 1.592199 3.075410
 12408.000000 14.581945 1.620845 3.049098
 12411.000000 14.621391 1.611214 3.071973
 12414.000000 14.650068 1.615257 3.066137
 12417.000000 14.614798 1.630652 3.026978
 12420.000000 14.551123 1.625028 3.015087
 12423.000000 14.585676 1.594253 3.052507
 12426.000000 14.640539 1.618575 3.010101
 12429.000000 14.614487 1.605990 2.989299
 12432.000000 14.643284 1.619946 2.984587
 12435.000000 14.589676 1.628717 2.961824
 12438.000000 14.592476 1.623668 2.977645
 12441.000000 14.585040 1.637072 2.986302
 12444.000000 14.585975 1.617269 3.002333
 12447.000000 14.609975 1.585925 3.005101
 12450.000000 14.592928 1.586520 3.020194
 12453.000000 14.685817 1.642540 2.966578
 12456.000000 14.630298 1.617509 2.979932
 12459.000000 14.490734 1.621112 2.964925
 12462.000000 14.577704 1.628076 2.966352
 12465.000000 14.536696 1.628063 2.995810
 12468.000000 14.523066 1.621248 2.958641
 12471.000000 14.462428 1.638079 2.966086
 12474.000000 14.505014 1.609199 3.039070
 12477.000000 14.563057 1.600821 3.018208
 12480.000000 14.509113 1.604874 2.976339
 12483.000000 14.521312 1.575234 3.004379
 12486.000000 14.512670 1.561807 3.034583
 12489.000000 14.579188 1.569032 3.009673
 12492.000000 14.675315 1.595185 2.955177
 12495.000000 14.660332 1.572569 2.988244
 12498.000000 14.549693 1.564090 3.007521
 12501.000000 14.507887 1.583433 2.979802
 12504.000000 14.527784 1.558168 2.989110
 12507.000000 14.513112 1.580045 2.951070
 12510.000000 14.498632 1.571751 2.986432
 12513.000000 14.525905 1.597472 2.967061
 12516.000000 14.504842 1.605079 2.953413
 12519.000000 14.491322 1.568426 2.973193
 12522.000000 14.503540 1.570339 2.979855
 12525.000000 14.419150 1.569622 2.993996
 12528.000000 14.444924 1.554971 2.974982
 12531.000000 14.469659 1.553056 3.006377
 12534.000000 14.413724 1.544125 3.016764
 12537.000000 14.448592 1.517949 3.021316
 12540.000000 14.425865 1.562512 2.997455
 12543.000000 14.409344 1.542543 3.003785
 12546.000000 14.456920 1.570053 2.974141
 12549.000000 14.418660 1.579256 2.969620
 12552.000000 14.341883 1.563436 2.977379
 12555.000000 14.389148 1.558769 3.004947
 12558.000000 14.385251 1.580237 2.989502
 12561.000000 14.402939 1.570587 2.940681
 12564.000000 14.401911 1.597623 3.000219
 12567.000000 14.357717 1.598431 2.998912
 12570.000000 14.395042 1.591732 3.020597
 12573.000000 14.450344 1.600846 3.010258
 12576.000000 14.340206 1.566455 2.980412
 12579.000000 14.377029 1.586305 2.972082
 12582.000000 14.384776 1.554946 3.037358
 12585.000000 14.422495 1.556283 3.053403
 12588.000000 14.359862 1.568115 3.017804
 12591.000000 14.448024 1.556416 3.005404
 12594.000000 14.449033 1.566308 3.025125
 12597.000000 14.418686 1.554089 3.034977
 12600.000000 14.432425 1.555548 3.009648
 12603.000000 14.426513 1.552506 3.008843
 12606.000000 14.392591 1.547253 3.017353
 12609.000000 14.366837 1.561422 2.961154
 12612.000000 14.433471 1.552809 2.982491
 12615.000000 14.477528 1.557881 2.975630
 12618.000000 14.407746 1.554522 2.949832
 12621.000000 14.347668 1.571868 2.926751
 12624.000000 14.329388 1.561705 2.906906
 12627.000000 14.374757 1.583565 2.959387
 12630.000000 14.366311 1.600052 2.928948
 12633.000000 14.373782 1.573043 2.949113
 12636.000000 14.400422 1.572959 2.971624
 12639.000000 14.324607 1.559221 3.009495
 12642.000000 14.414000 1.553383 3.002478
 12645.000000 14.340086 1.566198 2.964812
 12648.000000 14.306597 1.572447 3.002733
 12651.000000 14.364991 1.574251 2.985641
 12654.000000 14.405263 1.577892 3.003059
 12657.000000 14.365839 1.595280 2.954189
 12660.000000 14.375426 1.570321 2.984917
 12663.000000 14.403134 1.564294 2.981266
 12666.000000 14.331380 1.574143 2.998391
 12669.000000 14.373488 1.571461 2.992892
 12672.000000 14.400651 1.568227 2.995446
 12675.000000 14.387175 1.554237 2.949601
 12678.000000 14.346558 1.541364 2.969576
 12681.000000 14.399993 1.565921 2.962954
 12684.000000 14.385684 1.571658 2.906214
 12687.000000 14.379795 1.592182 2.895452
 12690.000000 14.422865 1.559981 2.912701
 12693.000000 14.515949 1.581247 2.914417
 12696.000000 14.368847 1.574653 2.864683
 12699.000000 14.425265 1.543105 2.886839
 12702.000000 14.458142 1.564931 2.914932
 12705.000000 14.440891 1.575681 2.890803
 12708.000000 14.362160 1.552743 2.899626
 12711.000000 14.384633 1.586998 2.955162
 12714.000000 14.400226 1.608567 2.903129
 12717.000000 14.440695 1.581380 2.913128
 12720.000000 14.423155 1.601652 2.934575
 12723.000000 14.450183 1.585008 2.932396
 12726.000000 14.538112 1.586378 2.974387
 12729.000000 14.502724 1.562536 2.958196
 12732.000000 14.464551 1.578423 2.912522
 12735.000000 14.427861 1.564199 2.950260
 12738.000000 14.404783 1.565303 2.937470
 12741.000000 14.435769 1.565761 2.931578
 12744.000000 14.427731 1.570871 2.915682
 12747.000000 14.399274 1.561491 2.920197
 12750.000000 14.449455 1.544190 2.948342
 12753.000000 14.419457 1.561754 2.931972
 12756.000000 14.442093 1.566775 2.962418
 12759.000000 14.474628 1.558433 2.967222
 12762.000000 14.534657 1.567939 2.966602
 12765.000000 14.460388 1.562363 2.976673
 12768.000000 14.540609 1.563344 2.967779
 12771.000000 14.570373 1.532171 2.948057
 12774.000000 14.526297 1.542086 2.951050
 12777.000000 14.525026 1.534506 2.938798
 12780.000000 14.593785 1.540851 2.949534
 12783.000000 14.579512 1.562714 2.913973
 12786.000000 14.523806 1.553489 2.938424
 12789.000000 14.474187 1.549558 2.927224
 12792.000000 14.515349 1.552745 2.951609
 12795.000000 14.538361 1.550022 2.977145
 12798.000000 14.551624 1.573416 2.918892
 12801.000000 14.466048 1.563579 2.953490
 12804.000000 14.539082 1.565495 2.976810
 12807.000000 14.529194 1.590710 2.980307
 12810.000000 14.549245 1.583636 2.981250
 12813.000000 14.529499 1.560870 3.018645
 12816.000000 14.483479 1.545626 3.001773
 12819.000000 14.484732 1.552925 2.953194
 12822.000000 14.546968 1.558262 2.978279
 12825.000000 14.615880 1.547782 2.992992
 12828.000000 14.478877 1.531446 3.013473
 12831.000000 14.522211 1.525755 2.969099
 12834.000000 14.499407 1.531310 3.008308
 12837.000000 14.470302 1.544618 2.956991
 12840.000000 14.476029 1.537615 2.988261
 12843.000000 14.453136 1.553430 2.957229
 12846.000000 14.364804 1.536647 2.959639
 12849.000000 14.315178 1.576934 2.956891
 12852.000000 14.368655 1.600584 2.971562
 12855.000000 14.383510 1.581090 2.949151
 12858.000000 14.428495 1.583772 2.908528
 12861.000000 14.367839 1.572204 2.896491
 12864.000000 14.465475 1.555922 2.896818
 12867.000000 14.515875 1.572071 2.913227
 12870.000000 14.469061 1.576667 2.968733
 12873.000000 14.440074 1.575010 2.975000
 12876.000000 14.373477 1.563282 2.996031
 12879.000000 14.330732 1.585950 2.948871
 12882.000000 14.320983 1.576558 2.972313
 12885.000000 14.331094 1.586695 2.968099
 12888.000000 14.314159 1.581091 2.977097
 12891.000000 14.364932 1.556305 2.986884
 12894.000000 14.360132 1.572609 3.018880
 12897.000000 14.455669 1.572634 3.003921
 12900.000000 14.454062 1.579525 2.997086
 12903.000000 14.450465 1.565628 3.024803
 12906.000000 14.432110 1.542994 3.026555
 12909.000000 14.411262 1.549879 3.057926
 12912.000000 14.462051 1.523879 3.019376
 12915.000000 14.413581 1.544438 3.030009
 12918.000000 14.449624 1.553964 3.012266
 12921.000000 14.400769 1.563554 2.969908
 12924.000000 14.450341 1.577111 2.955970
 12927.000000 14.462383 1.584008 2.924692
 12930.000000 14.496693 1.573557 2.956919
 12933.000000 14.465049 1.586566 2.958378
 12936.000000 14.506307 1.550407 2.977167
 12939.000000 14.426987 1.582100 2.998753
 12942.000000 14.432390 1.569859 3.001091
 12945.000000 14.417137 1.578517 2.955645
 12948.000000 14.438543 1.572811 2.948448
 12951.000000 14.456834 1.554866 2.994933
 12954.000000 14.363211 1.568424 2.995129
 12957.000000 14.358765 1.552653 3.013374
 12960.000000 14.382317 1.595284 3.017801
 12963.000000 14.381810 1.602895 3.054047
 12966.000000 14.365220 1.594827 3.045524
 12969.000000 14.427707 1.602018 3.057731
 12972.000000 14.399400 1.602592 3.025827
 12975.000000 14.425274 1.598052 3.033739
 12978.000000 14.451347 1.614122 2.995130
 12981.000000 14.403524 1.608557 2.990936
 12984.000000 14.415680 1.617215 3.006119
 12987.000000 14.366269 1.601866 2.991090
 12990.000000 14.312093 1.596356 2.999713
 12993.000000 14.298543 1.599029 2.968770
 12996.000000 14.342958 1.575075 2.988886
 12999.000000 14.419969 1.599380 2.991825
 13002.000000 14.461886 1.553837 2.991080
 13005.000000 14.435153 1.582155 2.979979
 13008.000000 14.400944 1.600332 2.954832
 13011.000000 14.504354 1.605165 2.946733
 13014.000000 14.480953 1.565182 2.954174
 13017.000000 14.538890 1.589299 2.945319
 13020.000000 14.631561 1.606868 2.939259
 13023.000000 14.509040 1.588313 2.949201
 13026.000000 14.496983 1.555470 2.987354
 13029.000000 14.490915 1.589459 3.003666
 13032.000000 14.420212 1.603342 3.025648
 13035.000000 14.462091 1.626552 2.979265
 13038.000000 14.564648 1.626557 2.969419
 13041.000000 14.565029 1.638357 2.957980
 13044.000000 14.552177 1.642088 3.000691
 13047.000000 14.491583 1.621016 3.010606
 13050.000000 14.549230 1.631709 2.991511
 13053.000000 14.546273 1.608107 3.015883
 13056.000000 14.576244 1.595933 3.025433
 13059.000000 14.500123 1.585882 3.012454
 13062.000000 14.564742 1.580387 3.034116
 13065.000000 14.590343 1.593240 3.020525
 13068.000000 14.598656 1.569124 3.041640
 13071.000000 14.571745 1.597404 3.028511
 13074.000000 14.595037 1.575717 3.026416
 13077.000000 14.521975 1.553207 3.066635
 13080.000000 14.458137 1.561367 3.028780
 13083.000000 14.486556 1.564284 3.004415
 13086.000000 14.533489 1.553278 2.990645
 13089.000000 14.487931 1.577321 2.990210
 13092.000000 14.421164 1.579204 2.999791
 13095.000000 14.370623 1.550939 2.979902
 13098.000000 14.397051 1.552641 2.982388
 13101.000000 14.351721 1.564103 2.975342
 13104.000000 14.395869 1.567806 2.944568
 13107.000000 14.385162 1.564715 3.011653
 13110.000000 14.368631 1.578829 3.003511
 13113.000000 14.491946 1.581902 2.967311
 13116.000000 14.468955 1.574834 3.002461
 13119.000000 14.372997 1.579819 2.992808
 13122.000000 14.335893 1.582628 3.017014
 13125.000000 14.424043 1.594067 3.025756
 13128.000000 14.348686 1.606698 3.008245
 13131.000000 14.396186 1.608946 3.015226
 13134.000000 14.422708 1.582433 3.048438
 13137.000000 14.327635 1.599554 3.012740
 13140.000000 14.263656 1.597195 3.038595
 13143.000000 14.301916 1.606745 3.038055
 13146.000000 14.329891 1.569360 3.077111
 13149.000000 14.353628 1.580973 3.044009
 13152.000000 14.365557 1.574493 3.019638
 13155.000000 14.343559 1.575248 2.995691
 13158.000000 14.353682 1.576461 2.976137
 13161.000000 14.287487 1.579119 2.971909
 13164.000000 14.293438 1.562152 2.991025
 13167.000000 14.264580 1.569139 3.012795
 13170.000000 14.388614 1.576193 2.988746
 13173.000000 14.365154 1.558678 2.995103
 13176.000000 14.354922 1.572492 3.011494
 13179.000000 14.436028 1.559592 3.037745
 13182.000000 14.398806 1.553015 3.031550
 13185.000000 14.441570 1.577045 3.020781
 13188.000000 14.381149 1.544074 3.060933
 13191.000000 14.444232 1.562985 3.086965
 13194.000000 14.467304 1.572881 3.044075
 13197.000000 14.454955 1.565930 3.053880
 13200.000000 14.458189 1.557005 3.049890
 13203.000000 14.552968 1.570017 3.046354
 13206.000000 14.574165 1.580553 3.003513
 13209.000000 14.483282 1.570450 2.966293
 13212.000000 14.556588 1.554291 3.002128
 13215.000000 14.603739 1.545923 2.977034
 13218.000000 14.560244 1.574254 2.980837
 13221.000000 14.620606 1.540503 3.019314
 13224.000000 14.644554 1.555431 2.991284
 13227.000000 14.637441 1.555502 2.974233
 13230.000000 14.602910 1.557154 2.962063
 13233.000000 14.612785 1.541685 3.006857
 13236.000000 14.669405 1.529123 3.019625
 13239.000000 14.633661 1.527913 2.998750
 13242.000000 14.657258 1.489499 3.028129
 13245.000000 14.645256 1.512475 3.009918
 13248.000000 14.706163 1.500132 3.011584
 13251.000000 14.710844 1.513080 2.998278
 13254.000000 14.670018 1.511653 3.012464
 13257.000000 14.655716 1.551320 2.996026
 13260.000000 14.701600 1.554080 2.991464
 13263.000000 14.666861 1.549193 2.995310
 13266.000000 14.649298 1.566034 2.978364
 13269.000000 14.696036 1.547991 2.949400
 13272.000000 14.681145 1.574127 2.994455
 13275.000000 14.639507 1.545834 2.997118
 13278.000000 14.659535 1.525715 3.009988
 13281.000000 14.700282 1.515538 3.042476
 13284.000000 14.650729 1.521184 2.999534
 13287.000000 14.637792 1.529533 3.002346
 13290.000000 14.624874 1.528498 2.988753
 13293.000000 14.701423 1.500563 2.985563
 13296.000000 14.732936 1.494969 2.986479
 13299.000000 14.735847 1.509893 3.010357
 13302.000000 14.768289 1.510326 3.001750
 13305.000000 14.686096 1.543051 2.959015
 13308.000000 14.654893 1.549801 2.945876
 13311.000000 14.704834 1.571240 2.909665
 13314.000000 14.644429 1.560226 2.930094
 13317.000000 14.649286 1.565644 2.925414
 13320.000000 14.709945 1.593029 2.903668
 13323.000000 14.748972 1.590951 2.871942
 13326.000000 14.740745 1.585292 2.869063
 13329.000000 14.673152 1.576469 2.887239
 13332.000000 14.638996 1.574996 2.908153
 13335.000000 14.648233 1.570315 2.911837
 13338.000000 14.599301 1.583847 2.898175
 13341.000000 14.619290 1.584409 2.955240
 13344.000000 14.471792 1.561909 2.976553
 13347.000000 14.425453 1.561371 2.960755
 13350.000000 14.438155 1.545762 2.986593
 13353.000000 14.448262 1.560359 3.024465
 13356.000000 14.504039 1.547579 2.985576
 13359.000000 14.473611 1.539564 2.963144
 13362.000000 14.547469 1.547567 2.964503
 13365.000000 14.529547 1.574049 2.942441
 13368.000000 14.544236 1.590528 2.904521
 13371.000000 14.490420 1.569788 2.941538
 13374.000000 14.457815 1.553196 2.984370
 13377.000000 14.469715 1.564324 2.984405
 13380.000000 14.450798 1.570253 2.993530
 13383.000000 14.399956 1.573058 2.989646
 13386.000000 14.400477 1.550156 3.033543
 13389.000000 14.315668 1.559968 3.026346
 13392.000000 14.375597 1.572243 3.025345
 13395.000000 14.398549 1.553833 3.046683
 13398.000000 14.529430 1.577693 3.034323
 13401.000000 14.556230 1.556618 3.012182
 13404.000000 14.598916 1.562070 2.990447
 13407.000000 14.550392 1.560534 3.004149
 13410.000000 14.562464 1.563571 2.978277
 13413.000000 14.607128 1.548292 2.973970
 13416.000000 14.573470 1.540063 3.009920
 13419.000000 14.560710 1.527047 3.001468
 13422.000000 14.609861 1.502249 3.001385
 13425.000000 14.661496 1.534704 3.011772
 13428.000000 14.647053 1.533625 3.000563
 13431.000000 14.606497 1.528820 3.005160
 13434.000000 14.530769 1.549474 2.980782
 13437.000000 14.598023 1.552649 2.978128
 13440.000000 14.527894 1.521491 2.984229
 13443.000000 14.508012 1.532366 2.984816
 13446.000000 14.553823 1.529800 2.991249
 13449.000000 14.594743 1.549953 2.940384
 13452.000000 14.626932 1.534949 2.959533
 13455.000000 14.675899 1.530417 2.963273
 13458.000000 14.656235 1.545494 2.950873
 13461.000000 14.635112 1.541514 2.959768
 13464.000000 14.613181 1.559241 2.954227
 13467.000000 14.508732 1.549070 2.947151
 13470.000000 14.465161 1.547750 2.924759
 13473.000000 14.523287 1.550615 2.947473
 13476.000000 14.493383 1.552107 2.955889
 13479.000000 14.402459 1.528479 2.953934
 13482.000000 14.392499 1.549067 2.925219
 13485.000000 14.389495 1.544943 2.971638
 13488.000000 14.453822 1.556135 2.957982
 13491.000000 14.410794 1.552118 2.987181
 13494.000000 14.479288 1.555423 2.998524
 13497.000000 14.526031 1.548327 2.982863
 13500.000000 14.549934 1.566170 2.977439
 13503.000000 14.579336 1.557184 2.972189
 13506.000000 14.603229 1.559938 2.992547
 13509.000000 14.572297 1.549822 2.972578
 13512.000000 14.603315 1.558696 2.943979
 13515.000000 14.610777 1.556683 2.960991
 13518.000000 14.538472 1.537227 2.992096
 13521.000000 14.504859 1.515847 3.000163
 13524.000000 14.593739 1.546587 2.999965
 13527.000000 14.650442 1.568097 3.047539
 13530.000000 14.662298 1.576237 3.015874
 13533.000000 14.531153 1.559773 3.033825
 13536.000000 14.513501 1.577301 3.003604
 13539.000000 14.555321 1.561624 2.961940
 13542.000000 14.566317 1.558546 2.978366
 13545.000000 14.689004 1.559514 3.015832
 13548.000000 14.627483 1.569799 2.985632
 13551.000000 14.573450 1.558309 2.995682
 13554.000000 14.595316 1.553760 2.999854
 13557.000000 14.546048 1.565417 3.024018
 13560.000000 14.543548 1.573751 2.987081
 13563.000000 14.566798 1.569808 2.953104
 13566.000000 14.577141 1.555358 2.969071
 13569.000000 14.529325 1.577397 2.963008
 13572.000000 14.565448 1.538924 2.954320
 13575.000000 14.539857 1.570531 2.945171
 13578.000000 14.527876 1.544743 2.957808
 13581.000000 14.463246 1.549371 2.980014
 13584.000000 14.414414 1.549590 2.996257
 13587.000000 14.442409 1.539892 2.989152
 13590.000000 14.424486 1.576242 2.951578
 13593.000000 14.524872 1.574596 2.969591
 13596.000000 14.568432 1.539749 2.963175
 13599.000000 14.529473 1.530261 2.975925
 13602.000000 14.535936 1.544173 2.956296
 13605.000000 14.598475 1.529482 3.011988
 13608.000000 14.600598 1.546383 2.965155
 13611.000000 14.635888 1.545116 2.975830
 13614.000000 14.532881 1.545509 2.975287
 13617.000000 14.527199 1.527767 2.988007
 13620.000000 14.550133 1.538418 2.995707
 13623.000000 14.446960 1.555336 2.997740
 13626.000000 14.462332 1.566280 2.990578
 13629.000000 14.438313 1.552139 2.962802
 13632.000000 14.377119 1.562945 3.001705
 13635.000000 14.386016 1.561440 3.020536
 13638.000000 14.348910 1.571402 2.970708
 13641.000000 14.436063 1.565265 2.987774
 13644.000000 14.398495 1.550045 2.977293
 13647.000000 14.447992 1.536782 2.994260
 13650.000000 14.429458 1.554360 3.010168
 13653.000000 14.387548 1.571531 2.961314
 13656.000000 14.372973 1.575627 2.967310
 13659.000000 14.358826 1.573292 2.969315
 13662.000000 14.380633 1.565810 2.965710
 13665.000000 14.415556 1.541551 2.949787
 13668.000000 14.460429 1.541903 2.933642
 13671.000000 14.425711 1.536134 2.909943
 13674.000000 14.468405 1.509440 2.924372
 13677.000000 14.446186 1.524344 2.919443
 13680.000000 14.452048 1.533815 2.935188
 13683.000000 14.442424 1.517312 2.933656
 13686.000000 14.410761 1.531433 2.922224
 13689.000000 14.377287 1.546578 2.944429
 13692.000000 14.303433 1.525760 2.960067
 13695.000000 14.371177 1.539883 2.945837
 13698.000000 14.416947 1.528233 2.938341
 13701.000000 14.476116 1.505970 2.924832
 13704.000000 14.535867 1.517279 2.972115
 13707.000000 14.545416 1.514688 2.943014
 13710.000000 14.557301 1.497139 2.954505
 13713.000000 14.600270 1.491398 2.983553
 13716.000000 14.610822 1.479106 2.998935
 13719.000000 14.568831 1.489531 3.003461
 13722.000000 14.522486 1.514765 2.990700
 13725.000000 14.533175 1.537369 2.999972
 13728.000000 14.504754 1.544199 3.006197
 13731.000000 14.531674 1.568400 2.961328
 13734.000000 14.536415 1.548769 2.967622
 13737.000000 14.517920 1.538584 2.937556
 13740.000000 14.496796 1.529485 2.962908
 13743.000000 14.507780 1.532952 2.990201
 13746.000000 14.486952 1.533288 2.987373
 13749.000000 14.478981 1.559923 3.000194
 13752.000000 14.521697 1.555573 2.935132
 13755.000000 14.440428 1.538438 2.932537
 13758.000000 14.511983 1.543021 2.938281
 13761.000000 14.461451 1.532086 2.979585
 13764.000000 14.527469 1.531566 2.996043
 13767.000000 14.504107 1.528940 2.985932
 13770.000000 14.486777 1.518203 2.990059
 13773.000000 14.516255 1.517476 2.982496
 13776.000000 14.501086 1.537475 2.984646
 13779.000000 14.539038 1.537452 2.992586
 13782.000000 14.532299 1.547211 2.983240
 13785.000000 14.526731 1.553397 3.008850
 13788.000000 14.532933 1.557718 2.970802
 13791.000000 14.588690 1.550377 2.981471
 13794.000000 14.545830 1.575623 2.941668
 13797.000000 14.565553 1.576197 2.942546
 13800.000000 14.601974 1.529521 2.935360
 13803.000000 14.654846 1.548513 2.990535
 13806.000000 14.578326 1.514963 3.021622
 13809.000000 14.515660 1.510181 2.974816
 13812.000000 14.571984 1.538698 3.015272
 13815.000000 14.559756 1.507400 3.032880
 13818.000000 14.494102 1.534411 2.993645
 13821.000000 14.553604 1.528058 3.006496
 13824.000000 14.590566 1.509532 2.988717
 13827.000000 14.530551 1.503156 2.983093
 13830.000000 14.585675 1.478796 2.993677
 13833.000000 14.574401 1.473336 2.987006
 13836.000000 14.623559 1.501394 2.964964
 13839.000000 14.558597 1.485803 2.995389
 13842.000000 14.570146 1.486416 2.971636
 13845.000000 14.597645 1.481524 2.999884
 13848.000000 14.620215 1.492850 2.974096
 13851.000000 14.524426 1.516924 2.965437
 13854.000000 14.538188 1.497333 2.967571
 13857.000000 14.533832 1.495810 2.955833
 13860.000000 14.603132 1.517039 2.971212
 13863.000000 14.611718 1.504253 2.939340
 13866.000000 14.623353 1.498655 2.926162
 13869.000000 14.605596 1.500907 2.915554
 13872.000000 14.584986 1.509548 2.891753
 13875.000000 14.567928 1.511888 2.914857
 13878.000000 14.614557 1.485688 2.980205
 13881.000000 14.605076 1.505021 2.984753
 13884.000000 14.545296 1.536627 2.947324
 13887.000000 14.578495 1.530026 2.947004
 13890.000000 14.605489 1.525548 2.983702
 13893.000000 14.523096 1.527811 2.941203
 13896.000000 14.528022 1.539902 2.957286
 13899.000000 14.585797 1.512719 2.977457
 13902.000000 14.682560 1.529236 2.955407
 13905.000000 14.544328 1.553662 2.998392
 13908.000000 14.570798 1.536810 2.970465
 13911.000000 14.561880 1.551978 2.970003
 13914.000000 14.561962 1.538825 2.965279
 13917.000000 14.585807 1.558809 2.967460
 13920.000000 14.604547 1.553762 2.960666
 13923.000000 14.549998 1.548279 2.960420
 13926.000000 14.597716 1.559601 2.958608
 13929.000000 14.612479 1.549217 2.939565
 13932.000000 14.552525 1.536561 2.960036
 13935.000000 14.579407 1.553953 2.986379
 13938.000000 14.590381 1.524849 2.984450
 13941.000000 14.635150 1.529944 2.963361
 13944.000000 14.609002 1.507998 2.986941
 13947.000000 14.696390 1.534444 2.981819
 13950.000000 14.631440 1.536648 3.001366
 13953.000000 14.633133 1.552158 2.995740
 13956.000000 14.523909 1.529335 2.986395
 13959.000000 14.549585 1.525781 2.982601
 13962.000000 14.586279 1.519192 3.007345
 13965.000000 14.563456 1.522112 3.019577
 13968.000000 14.528260 1.522666 3.026952
 13971.000000 14.590204 1.525696 3.005162
 13974.000000 14.576565 1.513482 3.031204
 13977.000000 14.613975 1.510350 3.020646
 13980.000000 14.641947 1.503983 2.986515
 13983.000000 14.544289 1.515826 2.993600
 13986.000000 14.512985 1.509755 3.000123
 13989.000000 14.574884 1.515247 2.983142
 13992.000000 14.676363 1.500050 3.001388
 13995.000000 14.633989 1.515738 2.999764
 13998.000000 14.639459 1.497810 2.993332
 14001.000000 14.667732 1.494456 3.027581
 14004.000000 14.628528 1.483606 3.021879
 14007.000000 14.614762 1.482546 3.003345
 14010.000000 14.616013 1.477162 3.008684
 14013.000000 14.571401 1.481920 3.030894
 14016.000000 14.557801 1.474883 3.025869
 14019.000000 14.623352 1.469381 3.037952
 14022.000000 14.564295 1.497129 3.012529
 14025.000000 14.560836 1.475262 3.009642
 14028.000000 14.516835 1.486633 2.988956
 14031.000000 14.591405 1.528932 2.989514
 14034.000000 14.540015 1.512173 3.001396
 14037.000000 14.548490 1.499931 3.011710
 14040.000000 14.516902 1.501926 3.044153
 14043.000000 14.539553 1.504762 3.045559
 14046.000000 14.522318 1.510318 3.022460
 14049.000000 14.519918 1.495509 3.026500
 14052.000000 14.542214 1.488988 3.022703
 14055.000000 14.473841 1.477918 3.040222
 14058.000000 14.451737 1.472629 3.054750
 14061.000000 14.423591 1.453952 3.050460
 14064.000000 14.481830 1.465659 3.062779
 14067.000000 14.456391 1.491788 3.020058
 14070.000000 14.446847 1.489738 3.042408
 14073.000000 14.521101 1.508540 3.011701
 14076.000000 14.577188 1.517090 2.988310
 14079.000000 14.510508 1.504137 3.015753
 14082.000000 14.411267 1.512120 3.035757
 14085.000000 14.436753 1.544527 2.995404
 14088.000000 14.496927 1.540384 3.014760
 14091.000000 14.555595 1.551313 2.990558
 14094.000000 14.505146 1.539280 3.009599
 14097.000000 14.540012 1.524787 3.026924
 14100.000000 14.573914 1.526184 3.032189
 14103.000000 14.609202 1.523969 3.003191
 14106.000000 14.610812 1.500583 2.991174
 14109.000000 14.600173 1.504084 2.993102
 14112.000000 14.462968 1.514416 2.990621
 14115.000000 14.461266 1.504330 2.991196
 14118.000000 14.466872 1.510864 3.000379
 14121.000000 14.468909 1.488649 3.035439
 14124.000000 14.490670 1.496796 3.018752
 14127.000000 14.531283 1.477779 3.002890
 14130.000000 14.525805 1.511543 2.941925
 14133.000000 14.460498 1.482938 2.987754
 14136.000000 14.365875 1.484687 3.016928
 14139.000000 14.470380 1.496463 2.979478
 14142.000000 14.461701 1.479889 2.965748
 14145.000000 14.432789 1.496091 2.993837
 14148.000000 14.330724 1.466750 3.013151
 14151.000000 14.282630 1.482317 2.988577
 14154.000000 14.379355 1.444124 3.000655
 14157.000000 14.463274 1.450869 3.021904
 14160.000000 14.442712 1.442808 2.989215
 14163.000000 14.538701 1.433602 3.021129
 14166.000000 14.472672 1.449313 2.991177
 14169.000000 14.475441 1.480271 2.995555
 14172.000000 14.508718 1.486719 2.982830
 14175.000000 14.548935 1.480885 3.036344
 14178.000000 14.480626 1.494236 3.038788
 14181.000000 14.536628 1.473005 3.049367
 14184.000000 14.558349 1.475772 3.067354
 14187.000000 14.511122 1.481635 3.058082
 14190.000000 14.502783 1.491913 3.013440
 14193.000000 14.486356 1.499436 2.998902
 14196.000000 14.606782 1.512860 3.000517
 14199.000000 14.579605 1.515176 2.998156
 14202.000000 14.554770 1.499886 3.029294
 14205.000000 14.486597 1.519427 2.994902
 14208.000000 14.547360 1.519094 3.025930
 14211.000000 14.648728 1.527181 3.000036
 14214.000000 14.624952 1.556721 2.946476
 14217.000000 14.623065 1.533199 2.983405
 14220.000000 14.570674 1.542641 2.960207
 14223.000000 14.489565 1.542181 2.977516
 14226.000000 14.457219 1.520217 2.991777
 14229.000000 14.474038 1.505934 2.998997
 14232.000000 14.487948 1.505318 3.015360
 14235.000000 14.533630 1.506869 3.026176
 14238.000000 14.405198 1.519678 2.979122
 14241.000000 14.380192 1.516501 2.971130
 14244.000000 14.372830 1.506466 2.987080
 14247.000000 14.331077 1.498463 3.009356
 14250.000000 14.406450 1.539985 2.975739
 14253.000000 14.440533 1.523840 3.003852
 14256.000000 14.501028 1.513080 3.039461
 14259.000000 14.400511 1.528423 3.019852
 14262.000000 14.386974 1.544461 3.034996
 14265.000000 14.322139 1.520316 3.003570
 14268.000000 14.332931 1.509373 2.992971
 14271.000000 14.347499 1.519070 3.000708
 14274.000000 14.307262 1.537412 3.015993
 14277.000000 14.354543 1.530303 2.991704
 14280.000000 14.254789 1.510521 2.996468
 14283.000000 14.240901 1.555797 2.977718
 14286.000000 14.178322 1.551576 3.005771
 14289.000000 14.223226 1.552658 3.031755
 14292.000000 14.241866 1.537409 3.021099
 14295.000000 14.310060 1.552451 2.999447
 14298.000000 14.377051 1.553662 3.019905
 14301.000000 14.301521 1.551044 2.992743
 14304.000000 14.343767 1.522274 2.976824
 14307.000000 14.348213 1.528995 2.954277
 14310.000000 14.343055 1.550033 2.957280
 14313.000000 14.426282 1.545825 2.972786
 14316.000000 14.405442 1.535861 2.996211
 14319.000000 14.367398 1.538890 2.987948
 14322.000000 14.468496 1.510802 2.987183
 14325.000000 14.417247 1.507064 3.020337
 14328.000000 14.420469 1.517878 2.987145
 14331.000000 14.424352 1.516398 2.959895
 14334.000000 14.359305 1.532415 2.943941
 14337.000000 14.326886 1.538733 2.925531
 14340.000000 14.366918 1.533889 2.889594
 14343.000000 14.307799 1.517471 2.858550
 14346.000000 14.297790 1.519540 2.898398
 14349.000000 14.279561 1.524630 2.934144
 14352.000000 14.264220 1.505465 2.917417
 14355.000000 14.213851 1.488501 2.961711
 14358.000000 14.209919 1.490472 2.981540
 14361.000000 14.189540 1.497647 2.992284
 14364.000000 14.258957 1.494387 3.016443
 14367.000000 14.326024 1.519564 2.994061
 14370.000000 14.361838 1.530429 3.003395
 14373.000000 14.334273 1.517234 2.982712
 14376.000000 14.383652 1.512876 2.969205
 14379.000000 14.364138 1.520702 2.990818
 14382.000000 14.350609 1.533444 2.995270
 14385.000000 14.373145 1.519966 2.964301
 14388.000000 14.313377 1.532134 2.933562
 14391.000000 14.385305 1.521253 2.977027
 14394.000000 14.448625 1.523056 2.992739
 14397.000000 14.392142 1.509765 2.973804
 14400.000000 14.375407 1.526280 2.960958
 14403.000000 14.391140 1.525997 2.939892
 14406.000000 14.429058 1.525466 2.937985
 14409.000000 14.430657 1.525186 2.903546
 14412.000000 14.468099 1.557443 2.933866
 14415.000000 14.484436 1.573685 2.930125
 14418.000000 14.432704 1.567259 2.903488
 14421.000000 14.469987 1.558105 2.914168
 14424.000000 14.532012 1.551536 2.947676
 14427.000000 14.493112 1.573268 2.931748
 14430.000000 14.446298 1.570721 2.902592
 14433.000000 14.355442 1.546628 2.936623
 14436.000000 14.432289 1.562754 2.960674
 14439.000000 14.441762 1.585274 2.922642
 14442.000000 14.373859 1.591884 2.906261
 14445.000000 14.465179 1.571614 2.988378
 14448.000000 14.518314 1.586440 2.898831
 14451.000000 14.421005 1.572356 2.886015
 14454.000000 14.404913 1.573168 2.923805
 14457.000000 14.434615 1.559617 2.920749
 14460.000000 14.437981 1.559249 2.950719
 14463.000000 14.404361 1.546342 2.965752
 14466.000000 14.519856 1.547523 3.022163
 14469.000000 14.488130 1.570883 2.964592
 14472.000000 14.515053 1.572582 2.976210
 14475.000000 14.517256 1.552686 2.957633
 14478.000000 14.502121 1.561408 2.934496
 14481.000000 14.502609 1.581657 2.906026
 14484.000000 14.581065 1.583880 2.904636
 14487.000000 14.605044 1.567339 2.937663
 14490.000000 14.534140 1.582697 2.948467
 14493.000000 14.546321 1.573123 2.948083
 14496.000000 14.575273 1.547981 2.965135
 14499.000000 14.530812 1.565314 2.965181
 14502.000000 14.529761 1.572064 3.006877
 14505.000000 14.549706 1.553824 3.028875
 14508.000000 14.532476 1.552918 3.005548
 14511.000000 14.482184 1.568265 2.983747
 14514.000000 14.529411 1.581511 2.999892
 14517.000000 14.463518 1.559974 3.043519
 14520.000000 14.520898 1.557215 3.038773
 14523.000000 14.443796 1.550456 3.022013
 14526.000000 14.381428 1.601143 2.980426
 14529.000000 14.360396 1.561510 2.984747
 14532.000000 14.348407 1.553484 3.014849
 14535.000000 14.343541 1.589849 2.968776
 14538.000000 14.404305 1.590299 3.021130
 14541.000000 14.406527 1.602233 2.973844
 14544.000000 14.417749 1.582803 2.989218
 14547.000000 14.396961 1.573247 2.998492
 14550.000000 14.413447 1.590944 2.950568
 14553.000000 14.395971 1.596164 2.988686
 14556.000000 14.496489 1.612677 2.980748
 14559.000000 14.540084 1.609917 2.963054
 14562.000000 14.530086 1.597731 2.987409
 14565.000000 14.397533 1.599949 3.025044
 14568.000000 14.469887 1.581123 3.027237
 14571.000000 14.489260 1.588166 3.009414
 14574.000000 14.402296 1.615115 3.030283
 14577.000000 14.415931 1.619581 3.027634
 14580.000000 14.379733 1.612879 3.038031
 14583.000000 14.410323 1.592218 3.028175
 14586.000000 14.379272 1.607045 3.020942
 14589.000000 14.468211 1.594404 3.038093
 14592.000000 14.422613 1.635012 2.966020
 14595.000000 14.409805 1.594105 3.014756
 14598.000000 14.464886 1.601033 3.017066
 14601.000000 14.414211 1.609448 3.024091
 14604.000000 14.534957 1.623061 3.049093
 14607.000000 14.523571 1.628023 3.028906
 14610.000000 14.461677 1.624572 3.043819
 14613.000000 14.469428 1.623331 3.018179
 14616.000000 14.499941 1.616153 3.049500
 14619.000000 14.521893 1.617993 3.047152
 14622.000000 14.459948 1.602517 3.049760
 14625.000000 14.452803 1.606293 3.039534
 14628.000000 14.368121 1.590619 3.020747
 14631.000000 14.364058 1.583516 3.029455
 14634.000000 14.392813 1.570899 3.042534
 14637.000000 14.312686 1.541591 3.029789
 14640.000000 14.244285 1.583159 3.008957
 14643.000000 14.236756 1.598819 2.991905
 14646.000000 14.293319 1.595729 3.012001
 14649.000000 14.405648 1.590501 2.971847
 14652.000000 14.379621 1.565781 3.006524
 14655.000000 14.418754 1.573120 3.003549
 14658.000000 14.405996 1.566404 3.012998
 14661.000000 14.351259 1.570035 3.024720
 14664.000000 14.368423 1.575166 2.988423
 14667.000000 14.512587 1.556362 2.991518
 14670.000000 14.461623 1.560592 2.941923
 14673.000000 14.480260 1.576494 2.963890
 14676.000000 14.427088 1.602498 2.928691
 14679.000000 14.437349 1.598272 2.972615
 14682.000000 14.420811 1.576903 3.015605
 14685.000000 14.339701 1.568424 3.009610
 14688.000000 14.261580 1.585250 2.972718
 14691.000000 14.292913 1.591775 2.968344
 14694.000000 14.315775 1.580969 2.983625
 14697.000000 14.312697 1.567178 3.006096
 14700.000000 14.310636 1.586237 2.998167
 14703.000000 14.277174 1.578045 3.012778
 14706.000000 14.265365 1.572396 2.983487
 14709.000000 14.303503 1.590890 2.987525
 14712.000000 14.272373 1.561099 2.999402
 14715.000000 14.261599 1.576839 3.003738
 14718.000000 14.207582 1.576248 2.979531
 14721.000000 14.239891 1.594708 2.949818
 14724.000000 14.338542 1.579349 2.930711
 14727.000000 14.354957 1.579964 2.946250
 14730.000000 14.316698 1.614894 2.932688
 14733.000000 14.375974 1.598524 2.972590
 14736.000000 14.362584 1.612374 2.965345
 14739.000000 14.335179 1.608815 2.985955
 14742.000000 14.315842 1.639774 2.969436
 14745.000000 14.380910 1.602155 2.987481
 14748.000000 14.346490 1.616115 2.962454
 14751.000000 14.357798 1.614282 2.987914
 14754.000000 14.355964 1.609113 3.002344
 14757.000000 14.377986 1.611874 3.001677
 14760.000000 14.448437 1.613683 2.967596
 14763.000000 14.423967 1.610884 2.976263
 14766.000000 14.368609 1.601244 2.977298
 14769.000000 14.398696 1.597578 2.975190
 14772.000000 14.427490 1.608791 3.002153
 14775.000000 14.405074 1.603857 3.000105
 14778.000000 14.366104 1.602264 2.983215
 14781.000000 14.440827 1.611968 3.003348
 14784.000000 14.524346 1.613632 2.985998
 14787.000000 14.555739 1.607353 2.978855
 14790.000000 14.462923 1.602518 2.963485
 14793.000000 14.387717 1.600840 3.025559
 14796.000000 14.412951 1.603425 2.991448
 14799.000000 14.527109 1.598759 2.961988
 14802.000000 14.445350 1.616959 2.971716
 14805.000000 14.419720 1.614097 2.936858
 14808.000000 14.496827 1.598919 2.955996
 14811.000000 14.491886 1.589913 3.009530
 14814.000000 14.527568 1.596155 3.002846
 14817.000000 14.409954 1.589207 2.968362
 14820.000000 14.531645 1.567690 2.999341
 14823.000000 14.496402 1.589715 3.010047
 14826.000000 14.557534 1.564633 3.022663
 14829.000000 14.506523 1.556021 3.025513
 14832.000000 14.526508 1.538931 3.009012
 14835.000000 14.489255 1.547496 3.022593
 14838.000000 14.623709 1.538752 3.036738
 14841.000000 14.511674 1.549576 3.019828
 14844.000000 14.437830 1.524491 3.019256
 14847.000000 14.452056 1.513825 3.003756
 14850.000000 14.494017 1.546619 2.980400
 14853.000000 14.587048 1.582933 3.023635
 14856.000000 14.578382 1.584459 2.972663
 14859.000000 14.587244 1.573277 2.961835
 14862.000000 14.582420 1.571926 2.967268
 14865.000000 14.637183 1.589711 2.964153
 14868.000000 14.596984 1.598129 2.969470
 14871.000000 14.685072 1.610632 2.985461
 14874.000000 14.698387 1.624037 2.977043
 14877.000000 14.710730 1.607958 3.008974
 14880.000000 14.621057 1.606271 3.013479
 14883.000000 14.661701 1.605313 2.982883
 14886.000000 14.590700 1.580006 2.992318
 14889.000000 14.559669 1.595889 2.993265
 14892.000000 14.514849 1.598331 3.018737
 14895.000000 14.517092 1.577404 3.060246
 14898.000000 14.523817 1.593270 3.042062
 14901.000000 14.518908 1.578909 3.020316
 14904.000000 14.486460 1.563589 3.032578
 14907.000000 14.452014 1.567106 3.034119
 14910.000000 14.472443 1.581298 3.064687
 14913.000000 14.368094 1.585845 3.015445
 14916.000000 14.343916 1.587937 2.990555
 14919.000000 14.338515 1.580708 2.972978
 14922.000000 14.419376 1.564687 2.990973
 14925.000000 14.465375 1.583630 2.990787
 14928.000000 14.580946 1.575026 3.019451
 14931.000000 14.489453 1.555418 2.980027
 14934.000000 14.482655 1.540119 2.988609
 14937.000000 14.476245 1.552898 2.995056
 14940.000000 14.488277 1.548052 2.998812
 14943.000000 14.478470 1.549126 2.970671
 14946.000000 14.510390 1.570609 3.000868
 14949.000000 14.547964 1.568261 2.980315
 14952.000000 14.533118 1.562497 2.984288
 14955.000000 14.524512 1.558594 2.975839
 14958.000000 14.446904 1.572257 2.984216
 14961.000000 14.481821 1.578369 2.969981
 14964.000000 14.473011 1.553965 2.972290
 14967.000000 14.431169 1.545281 2.994519
 14970.000000 14.423343 1.553729 2.966025
 14973.000000 14.483129 1.551123 2.967403
 14976.000000 14.462553 1.579819 3.012404
 14979.000000 14.495011 1.564609 2.995175
 14982.000000 14.542407 1.553297 2.993085
 14985.000000 14.533663 1.537846 3.010311
 14988.000000 14.471701 1.570169 2.979766
 14991.000000 14.487315 1.561024 2.954071
 14994.000000 14.400012 1.532515 2.987202
 14997.000000 14.471503 1.590619 2.973106
 15000.000000 14.563149 1.599869 2.950332
 15003.000000 14.513343 1.592058 2.922495
 15006.000000 14.582135 1.595655 2.942055
 15009.000000 14.560277 1.588578 3.000548
 15012.000000 14.506823 1.587794 3.010066
 15015.000000 14.473053 1.585888 3.014557
 15018.000000 14.418299 1.580796 3.037800
 15021.000000 14.450346 1.587749 3.013060
 15024.000000 14.421730 1.591474 2.998091
 15027.000000 14.387266 1.577203 2.998711
 15030.000000 14.405738 1.581823 2.988150
 15033.000000 14.445244 1.580949 2.986677
 15036.000000 14.449593 1.574707 2.999266
 15039.000000 14.438613 1.561429 3.000635
 15042.000000 14.467653 1.552488 3.022199
 15045.000000 14.405124 1.557619 3.027795
 15048.000000 14.444378 1.576659 2.983287
 15051.000000 14.471875 1.556995 2.950982
 15054.000000 14.454234 1.554818 2.981412
 15057.000000 14.417955 1.552618 2.980624
 15060.000000 14.453427 1.546626 3.010170
 15063.000000 14.433851 1.504993 3.043841
 15066.000000 14.419315 1.519811 3.015689
 15069.000000 14.342145 1.531810 3.000873
 15072.000000 14.348925 1.560608 2.970960
 15075.000000 14.349830 1.528172 2.980495
 15078.000000 14.274612 1.547201 3.028754
 15081.000000 14.246426 1.569144 3.044874
 15084.000000 14.222776 1.545079 2.999830
 15087.000000 14.229554 1.560366 2.940076
 15090.000000 14.232544 1.560848 2.971590
 15093.000000 14.220615 1.541053 2.980960
 15096.000000 14.240885 1.536121 2.983666
 15099.000000 14.378738 1.549494 2.993153
 15102.000000 14.380597 1.564806 2.946406
 15105.000000 14.369456 1.573065 2.963072
 15108.000000 14.436218 1.568954 2.926475
 15111.000000 14.446284 1.560717 2.964111
 15114.000000 14.455169 1.544689 2.975076
 15117.000000 14.481979 1.549029 2.926317
 15120.000000 14.400593 1.554856 2.959913
 15123.000000 14.525955 1.547992 2.943853
 15126.000000 14.418052 1.544601 2.998085
 15129.000000 14.370832 1.551187 2.987607
 15132.000000 14.363115 1.563987 2.986602
 15135.000000 14.424454 1.569387 2.985900
 15138.000000 14.478099 1.545456 2.982524
 15141.000000 14.557990 1.545586 2.969194
 15144.000000 14.500636 1.574418 2.976842
 15147.000000 14.488327 1.575895 3.035833
 15150.000000 14.496756 1.590315 3.008805
 15153.000000 14.549394 1.573712 3.018966
 15156.000000 14.475412 1.587337 2.989754
 15159.000000 14.459550 1.550484 3.008001
 15162.000000 14.448925 1.574195 3.001628
 15165.000000 14.434866 1.548296 3.024916
 15168.000000 14.378496 1.554102 3.020863
 15171.000000 14.371285 1.575426 3.002715
 15174.000000 14.409619 1.551142 3.016895
 15177.000000 14.338644 1.563030 3.016489
 15180.000000 14.290555 1.570242 2.993839
 15183.000000 14.329251 1.568974 3.002708
 15186.000000 14.261002 1.542885 3.023778
 15189.000000 14.279355 1.533870 3.052867
 15192.000000 14.388411 1.539171 3.020178
 15195.000000 14.359187 1.560628 2.988130
 15198.000000 14.342364 1.561718 2.997530
 15201.000000 14.316994 1.558478 2.981398
 15204.000000 14.291632 1.587809 2.985003
 15207.000000 14.353707 1.583132 2.949710
 15210.000000 14.398919 1.555124 2.963275
 15213.000000 14.442885 1.539435 3.006334
 15216.000000 14.377852 1.555497 2.973999
 15219.000000 14.383023 1.561339 2.962735
 15222.000000 14.422198 1.529750 2.988808
 15225.000000 14.347705 1.542148 2.980783
 15228.000000 14.282618 1.545136 2.976103
 15231.000000 14.292488 1.528895 3.005174
 15234.000000 14.284741 1.535901 3.009093
 15237.000000 14.251279 1.577123 2.964550
 15240.000000 14.284006 1.586905 2.965820
 15243.000000 14.268408 1.588225 2.963165
 15246.000000 14.246655 1.582139 2.947621
 15249.000000 14.269803 1.587223 2.947686
 15252.000000 14.388396 1.581527 2.928397
 15255.000000 14.353319 1.580333 2.926552
 15258.000000 14.365591 1.579079 2.932308
 15261.000000 14.427447 1.592092 2.925260
 15264.000000 14.412248 1.584189 2.950845
 15267.000000 14.418517 1.591843 2.919580
 15270.000000 14.366263 1.584880 2.948920
 15273.000000 14.392198 1.576916 2.942655
 15276.000000 14.436814 1.559894 2.964157
 15279.000000 14.429041 1.540191 2.943199
 15282.000000 14.471663 1.541437 2.953872
 15285.000000 14.442830 1.569035 2.911418
 15288.000000 14.543909 1.550202 2.921433
 15291.000000 14.426672 1.564604 2.934739
 15294.000000 14.485192 1.576055 2.941046
 15297.000000 14.442921 1.543917 2.991622
 15300.000000 14.458759 1.550148 2.982715
 15303.000000 14.450315 1.555658 3.005266
 15306.000000 14.439533 1.561208 3.004207
 15309.000000 14.409974 1.571211 3.022442
 15312.000000 14.472795 1.589478 3.019002
 15315.000000 14.481066 1.573030 3.027765
 15318.000000 14.535602 1.554801 3.058863
 15321.000000 14.499844 1.546391 3.054116
 15324.000000 14.421779 1.556871 3.010445
 15327.000000 14.489283 1.562863 3.058560
 15330.000000 14.445135 1.538873 3.024892
 15333.000000 14.476531 1.557975 3.000796
 15336.000000 14.462489 1.547476 3.005512
 15339.000000 14.543689 1.548375 3.026701
 15342.000000 14.494389 1.544110 3.004931
 15345.000000 14.491767 1.555891 2.950995
 15348.000000 14.492904 1.549771 2.973673
 15351.000000 14.537710 1.555938 2.945380
 15354.000000 14.474791 1.568883 2.969471
 15357.000000 14.489738 1.567664 2.961151
 15360.000000 14.489122 1.557810 2.978993
 15363.000000 14.433984 1.548674 2.977936
 15366.000000 14.475174 1.553572 2.953255
 15369.000000 14.549795 1.554828 2.953077
 15372.000000 14.543067 1.566034 2.959135
 15375.000000 14.480836 1.559030 2.993287
 15378.000000 14.407336 1.566793 3.005355
 15381.000000 14.455096 1.566063 2.996416
 15384.000000 14.395946 1.562234 3.016975
 15387.000000 14.418346 1.554835 3.049691
 15390.000000 14.404218 1.578212 3.024408
 15393.000000 14.517801 1.591256 2.996583
 15396.000000 14.508861 1.564721 2.999304
 15399.000000 14.503196 1.553087 3.040044
 15402.000000 14.467661 1.563274 3.000943
 15405.000000 14.471402 1.561766 2.986146
 15408.000000 14.459333 1.548184 2.985460
 15411.000000 14.359735 1.534642 2.937211
 15414.000000 14.423182 1.564858 2.926774
 15417.000000 14.435826 1.546250 2.951140
 15420.000000 14.426708 1.542955 2.951031
 15423.000000 14.436544 1.556680 2.958761
 15426.000000 14.401349 1.535822 2.967690
 15429.000000 14.504139 1.515018 2.970378
 15432.000000 14.396262 1.503437 3.003893
 15435.000000 14.378224 1.517912 2.981293
 15438.000000 14.397212 1.520541 2.976247
 15441.000000 14.418872 1.518016 2.985345
 15444.000000 14.475003 1.520790 2.990045
 15447.000000 14.457557 1.526192 2.980928
 15450.000000 14.390650 1.518909 2.969369
 15453.000000 14.368763 1.548456 2.947118
 15456.000000 14.304568 1.547503 2.963334
 15459.000000 14.276840 1.541082 2.997429
 15462.000000 14.321103 1.574907 2.966170
 15465.000000 14.258848 1.579798 2.956880
 15468.000000 14.297546 1.569907 2.999881
 15471.000000 14.352316 1.560435 3.015314
 15474.000000 14.338580 1.557555 3.012535
 15477.000000 14.308536 1.583467 3.008630
 15480.000000 14.339413 1.567781 3.017366
 15483.000000 14.380426 1.571186 2.997440
 15486.000000 14.411757 1.583388 2.968333
 15489.000000 14.441882 1.576216 2.974424
 15492.000000 14.506800 1.598069 2.934396
 15495.000000 14.475651 1.585190 2.977324
 15498.000000 14.473401 1.585785 2.985359
 15501.000000 14.560273 1.585029 2.972177
 15504.000000 14.535635 1.571562 3.006068
 15507.000000 14.487098 1.560514 3.001716
 15510.000000 14.511727 1.550699 3.030784
 15513.000000 14.508268 1.551579 3.013341
 15516.000000 14.517111 1.552779 3.017834
 15519.000000 14.458153 1.572460 3.001789
 15522.000000 14.418444 1.556505 3.015752
 15525.000000 14.410610 1.578088 2.982444
 15528.000000 14.348951 1.587065 2.982133
 15531.000000 14.301383 1.562769 3.024044
 15534.000000 14.305303 1.549237 3.022593
 15537.000000 14.285680 1.554107 2.987005
 15540.000000 14.250896 1.546962 3.023463
 15543.000000 14.193435 1.571020 3.004210
 15546.000000 14.240636 1.548465 2.992778
 15549.000000 14.278669 1.570489 2.970649
 15552.000000 14.252233 1.566461 2.963147
 15555.000000 14.313411 1.571723 2.948425
 15558.000000 14.276588 1.566012 3.000530
 15561.000000 14.340364 1.579168 2.977441
 15564.000000 14.409451 1.543489 3.025521
 15567.000000 14.321710 1.543641 3.026949
 15570.000000 14.388756 1.543020 3.030819
 15573.000000 14.340981 1.519650 3.033690
 15576.000000 14.404505 1.498729 3.006156
 15579.000000 14.398692 1.503218 3.000333
 15582.000000 14.371214 1.522729 2.972008
 15585.000000 14.352126 1.510001 2.991155
 15588.000000 14.334991 1.491007 2.998170
 15591.000000 14.247607 1.501494 3.029974
 15594.000000 14.203564 1.493556 3.027719
 15597.000000 14.247113 1.526182 3.011367
 15600.000000 14.277359 1.506804 3.010210
 15603.000000 14.347249 1.482402 3.027847
 15606.000000 14.324422 1.488952 3.022756
 15609.000000 14.431605 1.507701 3.009757
 15612.000000 14.359660 1.519117 3.025086
 15615.000000 14.280321 1.513853 3.010262
 15618.000000 14.340230 1.516105 3.026251
 15621.000000 14.254203 1.506606 3.019307
 15624.000000 14.303047 1.503912 3.003347
 15627.000000 14.333136 1.472469 3.044073
 15630.000000 14.351974 1.489811 3.045413
 15633.000000 14.387864 1.464796 3.037434
 15636.000000 14.374353 1.452676 3.052713
 15639.000000 14.376120 1.464901 3.022556
 15642.000000 14.345533 1.486323 3.021959
 15645.000000 14.492052 1.515090 2.990461
 15648.000000 14.396292 1.492125 3.003940
 15651.000000 14.459060 1.499739 2.966569
 15654.000000 14.380312 1.516703 2.963696
 15657.000000 14.408317 1.518449 2.969641
 15660.000000 14.342173 1.505866 3.013198
 15663.000000 14.353463 1.529801 2.990129
 15666.000000 14.331192 1.523701 2.987212
 15669.000000 14.400182 1.508551 3.002618
 15672.000000 14.375840 1.479355 3.000918
 15675.000000 14.456342 1.503544 3.041719
 15678.000000 14.471756 1.496470 2.989621
 15681.000000 14.487770 1.491511 3.020640
 15684.000000 14.520580 1.496178 3.010000
 15687.000000 14.520848 1.500655 2.971655
 15690.000000 14.471260 1.501216 2.998134
 15693.000000 14.534160 1.492960 2.994007
 15696.000000 14.447969 1.500367 3.002435
 15699.000000 14.539621 1.477898 3.002266
 15702.000000 14.530170 1.461555 3.004259
 15705.000000 14.559097 1.486111 2.986356
 15708.000000 14.481991 1.495579 2.972108
 15711.000000 14.477165 1.482365 2.974821
 15714.000000 14.501573 1.498391 2.971784
 15717.000000 14.544125 1.471940 2.952209
 15720.000000 14.534100 1.479078 2.947037
 15723.000000 14.475723 1.492558 2.913807
 15726.000000 14.488960 1.470783 2.928404
 15729.000000 14.582489 1.464128 2.963825
 15732.000000 14.571260 1.464208 2.975864
 15735.000000 14.580572 1.476456 2.989451
 15738.000000 14.645214 1.458277 2.944909
 15741.000000 14.597237 1.474543 2.930967
 15744.000000 14.613038 1.465238 2.924639
 15747.000000 14.634552 1.449889 2.969740
 15750.000000 14.557447 1.474594 2.972358
 15753.000000 14.564828 1.490112 2.954913
 15756.000000 14.451227 1.498013 2.965813
 15759.000000 14.434859 1.483620 2.981146
 15762.000000 14.456061 1.497129 2.961070
 15765.000000 14.453727 1.508131 2.984294
 15768.000000 14.482583 1.517269 2.987282
 15771.000000 14.505354 1.522776 2.996162
 15774.000000 14.547739 1.535114 2.970172
 15777.000000 14.489163 1.511166 2.971718
 15780.000000 14.544566 1.522283 3.013348
 15783.000000 14.544090 1.532177 2.955440
 15786.000000 14.567812 1.530299 2.959619
 15789.000000 14.579090 1.532058 2.951528
 15792.000000 14.620318 1.504193 3.001098
 15795.000000 14.576420 1.499553 2.979321
 15798.000000 14.575234 1.544603 2.953727
 15801.000000 14.638144 1.548418 2.958753
 15804.000000 14.571812 1.563430 2.984102
 15807.000000 14.534426 1.570102 2.971831
 15810.000000 14.546468 1.569904 2.926254
 15813.000000 14.507932 1.557656 2.956721
 15816.000000 14.426180 1.536677 2.988754
 15819.000000 14.484514 1.524572 3.030780
 15822.000000 14.432393 1.535049 2.995753
 15825.000000 14.506832 1.535271 3.012938
 15828.000000 14.478355 1.551943 2.977917
 15831.000000 14.408067 1.524147 3.018363
 15834.000000 14.357264 1.540742 2.993257
 15837.000000 14.439397 1.540753 2.972820
 15840.000000 14.346035 1.563019 2.922929
 15843.000000 14.390364 1.554858 2.915823
 15846.000000 14.412421 1.528488 2.940199
 15849.000000 14.406842 1.547849 2.905052
 15852.000000 14.474167 1.527606 2.923843
 15855.000000 14.487623 1.525530 2.926494
 15858.000000 14.535495 1.497720 2.925618
 15861.000000 14.445207 1.513702 2.971438
 15864.000000 14.528214 1.514104 2.954658
 15867.000000 14.517158 1.527624 2.937046
 15870.000000 14.578259 1.511648 2.969641
 15873.000000 14.567381 1.506694 2.989840
 15876.000000 14.489790 1.517968 2.955508
 15879.000000 14.496645 1.522415 2.972796
 15882.000000 14.550065 1.529433 2.985717
 15885.000000 14.474601 1.533911 2.983850
 15888.000000 14.530904 1.514571 3.028768
 15891.000000 14.463705 1.539220 2.995093
 15894.000000 14.486608 1.534635 2.992828
 15897.000000 14.489572 1.526557 3.011893
 15900.000000 14.446833 1.523721 3.006260
 15903.000000 14.427366 1.518308 3.045165
 15906.000000 14.405411 1.493002 3.026429
 15909.000000 14.455772 1.512475 3.028933
 15912.000000 14.603006 1.499346 3.001426
 15915.000000 14.585608 1.540253 2.980211
 15918.000000 14.576471 1.544171 2.986681
 15921.000000 14.531927 1.522511 3.003769
 15924.000000 14.535093 1.538271 3.008167
 15927.000000 14.495225 1.543377 2.982601
 15930.000000 14.464621 1.533583 2.983180
 15933.000000 14.430869 1.540444 2.992377
 15936.000000 14.470830 1.526451 2.995823
 15939.000000 14.494988 1.561284 2.945714
 15942.000000 14.563693 1.568370 2.981678
 15945.000000 14.528506 1.572451 2.936308
 15948.000000 14.470170 1.571353 2.972779
 15951.000000 14.516929 1.575043 2.971239
 15954.000000 14.507521 1.556432 2.993733
 15957.000000 14.547651 1.560338 2.982318
 15960.000000 14.587655 1.542832 2.987346
 15963.000000 14.566996 1.535134 2.976232
 15966.000000 14.587919 1.555795 2.975105
 15969.000000 14.540507 1.535848 3.011617
 15972.000000 14.576992 1.535208 3.020860
 15975.000000 14.517642 1.538291 3.013743
 15978.000000 14.574364 1.546203 3.004203
 15981.000000 14.555876 1.559816 2.990097
 15984.000000 14.514246 1.545498 3.022282
 15987.000000 14.549306 1.530658 2.999222
 15990.000000 14.570617 1.532705 2.998212
 15993.000000 14.611471 1.526207 3.050753
 15996.000000 14.583158 1.508435 3.034734
 15999.000000 14.540227 1.521961 3.035119
 16002.000000 14.462488 1.545822 3.051497
 16005.000000 14.374807 1.541238 3.058286
 16008.000000 14.363825 1.568521 3.033935
 16011.000000 14.374365 1.570102 3.029854
 16014.000000 14.369637 1.559799 3.030861
 16017.000000 14.364906 1.550576 3.044275
 16020.000000 14.366368 1.552248 3.044712
 16023.000000 14.444289 1.554933 3.041952
 16026.000000 14.375839 1.551473 3.037181
 16029.000000 14.407239 1.540229 3.039577
 16032.000000 14.424427 1.539791 3.018905
 16035.000000 14.343707 1.513697 3.047732
 16038.000000 14.394415 1.498989 3.063660
 16041.000000 14.294970 1.505163 3.042405
 16044.000000 14.293918 1.507253 3.017927
 16047.000000 14.274253 1.507903 2.999485
 16050.000000 14.273815 1.512657 2.966071
 16053.000000 14.241624 1.529852 2.980622
 16056.000000 14.291963 1.545683 2.990397
 16059.000000 14.380363 1.533099 3.011143
 16062.000000 14.428526 1.551932 3.040031
 16065.000000 14.441827 1.546284 3.076925
 16068.000000 14.470212 1.567538 3.058596
 16071.000000 14.459517 1.546868 3.036051
 16074.000000 14.504239 1.540066 3.057488
 16077.000000 14.499025 1.514166 3.046804
 16080.000000 14.479833 1.528453 2.994472
 16083.000000 14.397279 1.525365 3.009281
 16086.000000 14.441316 1.540928 2.948512
 16089.000000 14.450614 1.513888 2.975033
 16092.000000 14.428137 1.512831 2.968290
 16095.000000 14.403509 1.534124 2.980912
 16098.000000 14.384447 1.527774 3.001149
 16101.000000 14.474502 1.522323 3.002333
 16104.000000 14.450417 1.513475 2.997253
 16107.000000 14.472753 1.507798 2.992953
 16110.000000 14.513928 1.512996 2.980081
 16113.000000 14.386725 1.500677 3.018702
 16116.000000 14.501039 1.502552 2.996268
 16119.000000 14.475100 1.528615 2.988414
 16122.000000 14.528129 1.520023 2.975135
 16125.000000 14.607669 1.528683 2.992292
 16128.000000 14.591632 1.523306 3.004090
 16131.000000 14.607876 1.514208 2.996937
 16134.000000 14.623419 1.543459 2.958132
 16137.000000 14.561015 1.529162 2.984992
 16140.000000 14.589414 1.516450 2.987569
 16143.000000 14.636157 1.494166 3.002796
 16146.000000 14.599009 1.502819 2.992387
 16149.000000 14.471625 1.501843 2.987968
 16152.000000 14.505949 1.494919 3.019673
 16155.000000 14.494957 1.477896 3.058841
 16158.000000 14.589531 1.491295 2.988477
 16161.000000 14.529792 1.500633 2.991029
 16164.000000 14.445340 1.506357 3.042850
 16167.000000 14.454442 1.506851 3.034251
 16170.000000 14.516290 1.500672 3.032905
 16173.000000 14.423214 1.488390 3.047330
 16176.000000 14.446288 1.499887 3.019352
 16179.000000 14.410890 1.510169 3.030412
 16182.000000 14.394906 1.515314 3.035714
 16185.000000 14.444568 1.515120 3.029333
 16188.000000 14.414632 1.517372 3.024475
 16191.000000 14.456287 1.525804 3.018773
 16194.000000 14.533367 1.505621 2.990409
 16197.000000 14.531965 1.504116 3.013045
 16200.000000 14.583924 1.529770 3.039874
 16203.000000 14.545289 1.552383 3.050510
 16206.000000 14.539849 1.553827 3.018498
 16209.000000 14.547081 1.553488 3.027979
 16212.000000 14.565025 1.547839 3.059895
 16215.000000 14.567252 1.542278 3.048019
 16218.000000 14.623070 1.560606 3.030621
 16221.000000 14.578788 1.577770 3.027355
 16224.000000 14.531359 1.564541 3.030563
 16227.000000 14.463932 1.560975 3.031945
 16230.000000 14.460300 1.562766 3.027419
 16233.000000 14.438267 1.567979 3.043733
 16236.000000 14.370283 1.555058 3.054962
 16239.000000 14.306098 1.560174 3.053276
 16242.000000 14.252065 1.564484 3.036071
 16245.000000 14.294136 1.586428 2.989516
 16248.000000 14.295201 1.549374 3.007745
 16251.000000 14.279871 1.570167 2.967292
 16254.000000 14.322771 1.564694 2.969051
 16257.000000 14.278637 1.538590 2.995474
 16260.000000 14.411015 1.529436 3.024207
 16263.000000 14.491200 1.541583 3.009527
 16266.000000 14.500768 1.521487 3.015987
 16269.000000 14.477496 1.512505 3.043215
 16272.000000 14.553609 1.519641 2.995282
 16275.000000 14.518044 1.537506 2.975860
 16278.000000 14.479653 1.551397 2.973867
 16281.000000 14.452772 1.550270 2.978926
 16284.000000 14.484970 1.547494 2.989987
 16287.000000 14.509699 1.550465 2.982600
 16290.000000 14.465988 1.550860 2.989529
 16293.000000 14.427164 1.555883 2.992309
 16296.000000 14.456752 1.551657 2.992042
 16299.000000 14.521076 1.562011 2.992132
 16302.000000 14.462585 1.529125 3.021772
 16305.000000 14.444622 1.527128 3.009485
 16308.000000 14.423969 1.547295 3.008380
 16311.000000 14.455210 1.522018 3.015552
 16314.000000 14.430835 1.532763 3.023167
 16317.000000 14.441792 1.518248 3.038159
 16320.000000 14.428945 1.533735 3.012334
 16323.000000 14.335671 1.554561 2.963679
 16326.000000 14.383908 1.533818 2.993388
 16329.000000 14.441161 1.545942 2.986969
 16332.000000 14.427095 1.526811 2.990108
 16335.000000 14.457015 1.528420 3.000731
 16338.000000 14.445244 1.520881 2.996024
 16341.000000 14.467484 1.516669 2.997808
 16344.000000 14.520126 1.561249 2.939331
 16347.000000 14.565292 1.553759 2.994985
 16350.000000 14.544773 1.537021 2.994680
 16353.000000 14.414143 1.522074 3.009275
 16356.000000 14.385429 1.515040 3.022642
 16359.000000 14.329767 1.508490 2.981095
 16362.000000 14.415949 1.488379 2.997871
 16365.000000 14.345699 1.517946 2.998100
 16368.000000 14.398759 1.526869 3.016174
 16371.000000 14.367950 1.536670 2.977450
 16374.000000 14.436658 1.543055 3.009672
 16377.000000 14.489923 1.527614 3.003451
 16380.000000 14.531732 1.518253 3.007767
 16383.000000 14.504761 1.539376 2.989272
 16386.000000 14.439259 1.543092 2.967186
 16389.000000 14.364570 1.548869 2.955126
 16392.000000 14.355611 1.541359 2.978265
 16395.000000 14.476620 1.547579 2.963781
 16398.000000 14.480921 1.543904 2.979926
 16401.000000 14.413736 1.532041 2.990479
 16404.000000 14.440856 1.554983 2.970579
 16407.000000 14.493724 1.543733 3.002451
 16410.000000 14.445440 1.551535 2.979742
 16413.000000 14.419983 1.569580 2.991874
 16416.000000 14.331395 1.571274 2.993657
 16419.000000 14.259726 1.567377 3.034990
 16422.000000 14.303501 1.580396 2.999232
 16425.000000 14.382698 1.577404 3.020171
 16428.000000 14.402867 1.569001 3.018178
 16431.000000 14.428178 1.559774 3.010659
 16434.000000 14.452675 1.584540 2.995720
 16437.000000 14.484665 1.571896 2.991939
 16440.000000 14.585897 1.574190 2.970963
 16443.000000 14.594010 1.552164 2.992928
 16446.000000 14.510861 1.559169 3.015329
 16449.000000 14.481703 1.572498 2.965626
 16452.000000 14.419293 1.550833 3.021025
 16455.000000 14.475355 1.566489 3.020359
 16458.000000 14.470527 1.543048 2.994940
 16461.000000 14.433826 1.550463 2.972040
 16464.000000 14.417379 1.528351 2.994766
 16467.000000 14.418914 1.529469 2.965855
 16470.000000 14.480665 1.516850 2.974759
 16473.000000 14.468499 1.515916 2.996698
 16476.000000 14.421844 1.501975 2.976131
 16479.000000 14.408031 1.510941 2.945249
 16482.000000 14.383522 1.529898 2.933193
 16485.000000 14.347340 1.525209 2.910165
 16488.000000 14.380865 1.535965 2.919134
 16491.000000 14.319783 1.542311 2.934863
 16494.000000 14.296687 1.531790 2.957702
 16497.000000 14.254840 1.524754 2.971220
 16500.000000 14.314052 1.527082 3.013809
 16503.000000 14.300403 1.546147 2.991838
 16506.000000 14.364110 1.521935 3.025846
 16509.000000 14.332458 1.513336 3.019874
 16512.000000 14.338418 1.550169 2.990761
 16515.000000 14.482767 1.530521 3.019093
 16518.000000 14.512689 1.545500 2.991115
 16521.000000 14.587112 1.535168 2.992154
 16524.000000 14.549346 1.539478 2.968773
 16527.000000 14.422945 1.544486 2.947886
 16530.000000 14.355019 1.562816 2.951155
 16533.000000 14.318746 1.557049 3.005265
 16536.000000 14.365481 1.558878 2.954050
 16539.000000 14.429238 1.559440 2.920889
 16542.000000 14.531672 1.576958 2.925189
 16545.000000 14.515003 1.575664 2.958067
 16548.000000 14.585001 1.559912 2.963378
 16551.000000 14.666869 1.554209 2.966999
 16554.000000 14.687101 1.575082 2.959255
 16557.000000 14.638265 1.568993 2.981854
 16560.000000 14.646554 1.585883 2.943096
 16563.000000 14.611794 1.556287 2.987149
 16566.000000 14.659750 1.538536 2.968917
 16569.000000 14.691817 1.569545 2.967829
 16572.000000 14.564609 1.549945 2.989546
 16575.000000 14.577814 1.560737 2.999805
 16578.000000 14.601442 1.562881 2.994067
 16581.000000 14.506641 1.580073 3.006629
 16584.000000 14.518572 1.562457 2.991319
 16587.000000 14.414565 1.577874 2.977658
 16590.000000 14.369400 1.574734 2.991717
 16593.000000 14.457451 1.580015 2.985698
 16596.000000 14.627521 1.595137 2.994805
 16599.000000 14.630984 1.577823 2.985661
 16602.000000 14.576024 1.562739 3.000407
 16605.000000 14.564085 1.561642 2.971548
 16608.000000 14.562691 1.548838 3.020088
 16611.000000 14.621999 1.572784 3.018250
 16614.000000 14.704279 1.525272 3.052590
 16617.000000 14.685063 1.568764 2.999744
 16620.000000 14.570956 1.555373 2.971314
 16623.000000 14.606663 1.537566 2.977473
 16626.000000 14.659639 1.535959 3.009299
 16629.000000 14.632915 1.520316 3.026863
 16632.000000 14.575934 1.500529 3.025432
 16635.000000 14.579979 1.512745 3.022547
 16638.000000 14.543066 1.499615 3.028118
 16641.000000 14.530323 1.502151 3.023933
 16644.000000 14.406335 1.480739 3.024890
 16647.000000 14.451280 1.514496 3.047026
 16650.000000 14.477190 1.501226 3.070414
 16653.000000 14.501983 1.515292 3.051564
 16656.000000 14.466913 1.519295 3.045321
 16659.000000 14.470480 1.475219 3.050420
 16662.000000 14.469682 1.501628 3.070136
 16665.000000 14.488677 1.483488 3.073398
 16668.000000 14.492358 1.469734 3.045140
 16671.000000 14.497167 1.454809 3.027183
 16674.000000 14.578413 1.461797 2.992134
 16677.000000 14.508526 1.490822 2.973244
 16680.000000 14.539192 1.514811 2.968724
 16683.000000 14.595405 1.509019 2.968391
 16686.000000 14.707826 1.537982 2.966839
 16689.000000 14.693994 1.547340 2.957738
 16692.000000 14.575523 1.511819 2.997639
 16695.000000 14.609209 1.510285 2.991564
 16698.000000 14.611377 1.516527 3.001497
 16701.000000 14.628809 1.501808 3.003100
 16704.000000 14.524193 1.477040 3.010882
 16707.000000 14.537726 1.493822 2.973529
 16710.000000 14.514047 1.491644 2.956443
 16713.000000 14.533381 1.491837 2.976529
 16716.000000 14.560092 1.486338 2.974441
 16719.000000 14.484530 1.476103 2.964455
 16722.000000 14.399469 1.471564 2.975024
 16725.000000 14.379851 1.476094 2.965123
 16728.000000 14.454331 1.493829 2.956843
 16731.000000 14.512735 1.506437 2.934562
 16734.000000 14.396522 1.505355 2.923478
 16737.000000 14.524983 1.507476 2.944468
 16740.000000 14.563226 1.511357 2.919498
 16743.000000 14.536054 1.525095 2.935609
 16746.000000 14.531393 1.506947 2.916665
 16749.000000 14.527176 1.523815 2.938312
 16752.000000 14.477314 1.520529 2.967900
 16755.000000 14.574403 1.518779 2.973216
 16758.000000 14.529959 1.508018 3.009667
 16761.000000 14.506949 1.508599 2.983074
 16764.000000 14.542183 1.525399 2.953682
 16767.000000 14.527564 1.537706 2.935378
 16770.000000 14.557271 1.540399 2.942992
 16773.000000 14.586943 1.526647 2.953230
 16776.000000 14.558059 1.534236 2.922123
 16779.000000 14.487558 1.501690 2.935016
 16782.000000 14.551089 1.513208 2.936923
 16785.000000 14.563577 1.499772 2.933506
 16788.000000 14.535029 1.518967 2.931649
 16791.000000 14.500393 1.512436 2.938034
 16794.000000 14.481932 1.500403 2.936333
 16797.000000 14.487699 1.510497 2.924280
 16800.000000 14.509191 1.492320 3.008614
 16803.000000 14.527671 1.510348 2.964878
 16806.000000 14.499325 1.509423 2.995800
 16809.000000 14.522692 1.528808 2.959288
 16812.000000 14.574759 1.511451 2.953259
 16815.000000 14.505220 1.533128 2.933032
 16818.000000 14.509332 1.530342 2.947915
 16821.000000 14.552257 1.529910 2.960703
 16824.000000 14.606515 1.518363 2.948316
 16827.000000 14.662210 1.510740 2.947250
 16830.000000 14.691769 1.519502 2.936260
 16833.000000 14.623782 1.502707 2.938374
 16836.000000 14.497553 1.497037 2.926395
 16839.000000 14.506415 1.498787 2.922411
 16842.000000 14.406143 1.505582 2.970286
 16845.000000 14.475962 1.499633 2.920511
 16848.000000 14.527313 1.508079 2.926487
 16851.000000 14.488431 1.532524 2.944932
 16854.000000 14.450248 1.523830 2.939435
 16857.000000 14.425758 1.526419 2.924074
 16860.000000 14.492296 1.540430 2.898156
 16863.000000 14.565956 1.519908 2.926498
 16866.000000 14.513349 1.522285 2.904201
 16869.000000 14.611114 1.513792 2.921496
 16872.000000 14.646772 1.518986 2.912535
 16875.000000 14.561397 1.516254 2.926302
 16878.000000 14.539443 1.529334 2.928746
 16881.000000 14.560081 1.549332 2.922471
 16884.000000 14.543879 1.531280 2.937464
 16887.000000 14.459672 1.505717 2.985990
 16890.000000 14.501966 1.537627 2.933948
 16893.000000 14.472085 1.530554 2.964877
 16896.000000 14.497398 1.519999 2.940115
 16899.000000 14.491539 1.516027 2.953437
 16902.000000 14.440965 1.519986 2.964285
 16905.000000 14.383162 1.515242 2.979763
 16908.000000 14.389697 1.520495 2.962388
 16911.000000 14.435842 1.530523 2.933908
 16914.000000 14.394182 1.544547 2.952524
 16917.000000 14.364850 1.512105 2.969874
 16920.000000 14.375143 1.521300 2.949370
 16923.000000 14.354298 1.529131 2.933699
 16926.000000 14.371360 1.538321 2.947101
 16929.000000 14.341756 1.521563 2.960476
 16932.000000 14.369397 1.519594 2.973674
 16935.000000 14.517572 1.537392 2.935362
 16938.000000 14.480563 1.524759 2.970714
 16941.000000 14.462044 1.526708 2.953367
 16944.000000 14.421669 1.531208 2.949050
 16947.000000 14.400716 1.549397 2.947873
 16950.000000 14.489747 1.550754 2.971089
 16953.000000 14.407531 1.546473 2.961121
 16956.000000 14.475661 1.557762 2.981821
 16959.000000 14.439964 1.549871 2.989610
 16962.000000 14.445308 1.532754 2.985959
 16965.000000 14.376385 1.537005 3.003054
 16968.000000 14.326830 1.514809 3.025837
 16971.000000 14.292484 1.521828 3.050733
 16974.000000 14.275870 1.538323 3.024421
 16977.000000 14.358438 1.532352 3.018447
 16980.000000 14.370738 1.544989 2.996494
 16983.000000 14.462141 1.538105 3.015509
 16986.000000 14.448100 1.533906 3.035557
 16989.000000 14.398539 1.525965 2.985780
 16992.000000 14.395536 1.535740 2.983677
 16995.000000 14.314862 1.499569 3.013654
 16998.000000 14.337441 1.527626 2.983138
 17001.000000 14.330385 1.517946 2.953409
 17004.000000 14.364001 1.546291 2.958911
 17007.000000 14.285217 1.544027 2.947647
 17010.000000 14.372626 1.556063 2.930624
 17013.000000 14.284448 1.548176 2.943720
 17016.000000 14.349126 1.566604 2.943295
 17019.000000 14.424797 1.580444 2.906829
 17022.000000 14.441375 1.555722 2.949625
 17025.000000 14.453368 1.545007 2.952171
 17028.000000 14.487776 1.540488 2.963200
 17031.000000 14.433072 1.540263 2.970093
 17034.000000 14.480004 1.542787 2.943306
 17037.000000 14.427406 1.555554 2.947815
 17040.000000 14.415406 1.540737 2.934824
 17043.000000 14.444331 1.543982 2.956094
 17046.000000 14.512955 1.532689 2.961519
 17049.000000 14.479272 1.536596 2.977521
 17052.000000 14.365160 1.532223 2.970572
 17055.000000 14.403993 1.529426 2.950149
 17058.000000 14.356094 1.523627 2.956978
 17061.000000 14.385368 1.511262 2.954973
 17064.000000 14.402665 1.503288 2.961945
 17067.000000 14.501912 1.493256 2.954616
 17070.000000 14.432908 1.519148 2.975294
 17073.000000 14.429918 1.508293 2.973438
 17076.000000 14.390460 1.520808 2.990069
 17079.000000 14.430615 1.515258 2.987343
 17082.000000 14.431978 1.523695 2.992616
 17085.000000 14.483013 1.501143 3.021092
 17088.000000 14.467079 1.502012 3.037352
 17091.000000 14.533633 1.492070 3.046278
 17094.000000 14.559706 1.520189 3.004541
 17097.000000 14.480359 1.495976 3.021226
 17100.000000 14.504760 1.518569 2.994466
 17103.000000 14.429499 1.505517 3.046951
 17106.000000 14.457746 1.526468 3.003785
 17109.000000 14.585727 1.507149 3.006649
 17112.000000 14.539835 1.498290 3.004089
 17115.000000 14.527391 1.511220 2.967410
 17118.000000 14.419417 1.515467 2.962321
 17121.000000 14.478434 1.515574 2.971170
 17124.000000 14.446636 1.493751 2.992450
 17127.000000 14.515021 1.484296 2.999593
 17130.000000 14.530456 1.504639 3.022432
 17133.000000 14.543972 1.532394 2.988215
 17136.000000 14.516935 1.522141 3.006276
 17139.000000 14.458142 1.501772 3.016820
 17142.000000 14.488675 1.500378 2.991655
 17145.000000 14.522425 1.497089 2.994259
 17148.000000 14.552681 1.499541 3.001766
 17151.000000 14.497871 1.482796 3.002600
 17154.000000 14.546937 1.465914 3.003140
 17157.000000 14.627726 1.497407 2.973416
 17160.000000 14.682045 1.490856 3.004127
 17163.000000 14.600797 1.477150 3.030790
 17166.000000 14.572322 1.502488 2.992764
 17169.000000 14.589057 1.492978 3.000416
 17172.000000 14.546489 1.516007 2.991659
 17175.000000 14.610014 1.536103 2.949690
 17178.000000 14.547974 1.518019 3.003328
 17181.000000 14.545795 1.504320 2.990424
 17184.000000 14.505147 1.518105 2.998295
 17187.000000 14.398400 1.531566 2.992601
 17190.000000 14.439722 1.530577 2.968044
 17193.000000 14.440897 1.563728 2.937061
 17196.000000 14.544653 1.557072 2.960491
 17199.000000 14.446631 1.587749 2.922228
 17202.000000 14.444571 1.565863 2.954867
 17205.000000 14.471492 1.532102 3.011515
 17208.000000 14.405040 1.537622 3.003259
 17211.000000 14.412587 1.541817 2.972483
 17214.000000 14.342413 1.526804 2.969113
 17217.000000 14.295876 1.520815 2.956352
 17220.000000 14.285105 1.512281 2.973772
 17223.000000 14.371424 1.539080 2.949635
 17226.000000 14.303936 1.526528 2.953611
 17229.000000 14.300156 1.524750 2.980107
 17232.000000 14.379760 1.547763 2.949584
 17235.000000 14.366907 1.558379 2.946659
 17238.000000 14.346578 1.547986 2.945655
 17241.000000 14.461157 1.512432 2.955156
 17244.000000 14.456933 1.510822 2.937529
 17247.000000 14.486473 1.505080 2.955746
 17250.000000 14.438211 1.512835 2.927052
 17253.000000 14.455271 1.532278 2.931210
 17256.000000 14.396955 1.535806 2.914508
 17259.000000 14.388818 1.542666 2.924689
 17262.000000 14.517399 1.531356 2.922166
 17265.000000 14.530840 1.539689 2.912312
 17268.000000 14.481893 1.515958 2.929391
 17271.000000 14.545721 1.547600 2.897285
 17274.000000 14.478606 1.515588 2.926149
 17277.000000 14.457262 1.530025 2.929463
 17280.000000 14.438950 1.515765 2.944753
 17283.000000 14.433554 1.526138 2.923627
 17286.000000 14.426276 1.515154 2.923050
 17289.000000 14.436114 1.532638 2.918929
 17292.000000 14.415858 1.539309 2.922270
 17295.000000 14.367056 1.548793 2.891474
 17298.000000 14.480333 1.544294 2.891898
 17301.000000 14.477998 1.525039 2.906717
 17304.000000 14.530745 1.501862 2.939280
 17307.000000 14.495247 1.504124 2.942092
 17310.000000 14.395879 1.488458 2.963721
 17313.000000 14.348451 1.491287 2.950194
 17316.000000 14.331403 1.489428 2.941065
 17319.000000 14.316079 1.501304 2.924217
 17322.000000 14.363638 1.514609 2.930315
 17325.000000 14.401876 1.524664 2.922145
 17328.000000 14.401386 1.501859 2.972075
 17331.000000 14.372532 1.519858 2.959347
 17334.000000 14.322397 1.505716 2.960114
 17337.000000 14.398720 1.510628 2.972143
 17340.000000 14.393597 1.518824 2.968652
 17343.000000 14.421900 1.520333 2.975573
 17346.000000 14.512358 1.513133 2.955158
 17349.000000 14.504615 1.512579 2.969253
 17352.000000 14.441452 1.516956 2.939433
 17355.000000 14.514844 1.513554 2.949602
 17358.000000 14.513439 1.498217 2.972462
 17361.000000 14.542317 1.525846 2.984249
 17364.000000 14.527809 1.526308 2.925179
 17367.000000 14.488602 1.530015 2.911211
 17370.000000 14.503855 1.520868 2.941741
 17373.000000 14.443784 1.529116 2.971600
 17376.000000 14.387826 1.508654 2.966529
 17379.000000 14.441560 1.524836 2.940898
 17382.000000 14.464443 1.530798 2.954463
 17385.000000 14.435383 1.545394 2.965131
 17388.000000 14.371746 1.556585 2.938363
 17391.000000 14.313696 1.545363 2.948765
 17394.000000 14.365575 1.526181 2.948828
 17397.000000 14.353082 1.524063 2.961599
 17400.000000 14.359605 1.529367 2.979836
 17403.000000 14.356217 1.546091 2.945595
 17406.000000 14.381714 1.535855 2.986199
 17409.000000 14.292409 1.539736 2.970168
 17412.000000 14.315834 1.529959 2.975969
 17415.000000 14.266240 1.556379 2.947920
 17418.000000 14.297191 1.556242 2.962014
 17421.000000 14.228818 1.557035 2.994397
 17424.000000 14.365625 1.561200 3.018064
 17427.000000 14.433659 1.544544 3.004162
 17430.000000 14.472052 1.552773 3.020972
 17433.000000 14.454905 1.529195 3.043172
 17436.000000 14.450231 1.551704 3.013129
 17439.000000 14.435478 1.561942 2.982277
 17442.000000 14.450848 1.585308 2.959846
 17445.000000 14.375791 1.567312 2.969411
 17448.000000 14.438873 1.562775 2.946084
 17451.000000 14.409352 1.553046 2.963564
 17454.000000 14.377446 1.550299 2.941749
 17457.000000 14.398045 1.528946 2.956845
 17460.000000 14.427460 1.552540 2.956092
 17463.000000 14.384295 1.575384 2.958331
 17466.000000 14.424393 1.565971 2.981558
 17469.000000 14.479767 1.557725 2.978868
 17472.000000 14.437691 1.543501 3.015947
 17475.000000 14.441040 1.547492 2.991256
 17478.000000 14.422026 1.552457 2.993035
 17481.000000 14.385983 1.549186 2.986323
 17484.000000 14.388559 1.556124 2.967381
 17487.000000 14.381580 1.522033 3.001166
 17490.000000 14.361854 1.520934 2.960767
 17493.000000 14.389046 1.541697 2.967055
 17496.000000 14.315545 1.553050 2.980756
 17499.000000 14.316312 1.549634 2.980437
 17502.000000 14.276473 1.552256 3.026105
 17505.000000 14.343528 1.542336 3.026918
 17508.000000 14.326072 1.574427 3.015406
 17511.000000 14.353765 1.574500 3.024516
 17514.000000 14.311144 1.543336 3.020306
 17517.000000 14.231424 1.578028 2.967949
 17520.000000 14.307091 1.572459 2.977074
 17523.000000 14.290575 1.558742 2.991972
 17526.000000 14.336531 1.572489 2.978776
 17529.000000 14.370221 1.577489 2.977235
 17532.000000 14.324206 1.586385 2.970203
 17535.000000 14.278781 1.586951 2.983140
 17538.000000 14.295090 1.584768 2.988466
 17541.000000 14.251578 1.581832 2.946769
 17544.000000 14.219134 1.590304 2.931363
 17547.000000 14.096928 1.594774 2.925455
 17550.000000 14.152443 1.562074 2.989631
 17553.000000 14.179590 1.562357 3.018819
 17556.000000 14.191124 1.529563 3.045948
 17559.000000 14.239631 1.557617 3.002897
 17562.000000 14.294089 1.545796 2.992282
 17565.000000 14.314307 1.577099 2.965520
 17568.000000 14.301873 1.554993 2.995440
 17571.000000 14.393595 1.528038 3.008535
 17574.000000 14.320478 1.547954 2.981016
 17577.000000 14.388003 1.551220 2.985832
 17580.000000 14.367101 1.554966 2.958939
 17583.000000 14.331685 1.542205 2.969850
 17586.000000 14.287711 1.524315 2.985612
 17589.000000 14.263315 1.535629 2.994349
 17592.000000 14.312059 1.548253 2.968037
 17595.000000 14.308774 1.539390 2.957366
 17598.000000 14.422746 1.533900 2.963841
 17601.000000 14.411032 1.565468 2.923640
 17604.000000 14.429933 1.571369 2.914755
 17607.000000 14.371314 1.523967 2.959093
 17610.000000 14.352081 1.548346 2.956471
 17613.000000 14.392749 1.546796 2.947680
 17616.000000 14.381798 1.579781 3.001454
 17619.000000 14.355033 1.553673 2.987778
 17622.000000 14.433589 1.550259 2.991744
 17625.000000 14.499950 1.541126 2.957529
 17628.000000 14.477576 1.513564 2.989220
 17631.000000 14.561945 1.524218 2.982776
 17634.000000 14.512125 1.491756 2.996779
 17637.000000 14.480123 1.525845 2.967512
 17640.000000 14.432197 1.526424 2.994889
 17643.000000 14.407908 1.536719 2.972574
 17646.000000 14.502943 1.559102 2.976504
 17649.000000 14.412990 1.578787 3.001784
 17652.000000 14.386008 1.570392 3.011041
 17655.000000 14.395862 1.565170 3.021520
 17658.000000 14.357402 1.559560 2.991639
 17661.000000 14.419441 1.560592 2.980893
 17664.000000 14.367124 1.552131 3.023408
 17667.000000 14.374188 1.576535 2.987628
 17670.000000 14.391455 1.587981 2.978544
 17673.000000 14.386334 1.588846 2.947058
 17676.000000 14.364081 1.566447 2.949616
 17679.000000 14.395583 1.565837 2.943506
 17682.000000 14.483761 1.548965 2.933279
 17685.000000 14.526226 1.575572 2.921596
 17688.000000 14.479604 1.576857 2.911673
 17691.000000 14.527326 1.573480 2.902579
 17694.000000 14.497717 1.580773 2.905778
 17697.000000 14.518765 1.563996 2.921434
 17700.000000 14.577260 1.573254 2.915799
 17703.000000 14.543730 1.582282 2.916356
 17706.000000 14.469483 1.566719 2.943923
 17709.000000 14.468730 1.537703 2.955354
 17712.000000 14.526526 1.541580 2.971422
 17715.000000 14.468436 1.536386 2.947813
 17718.000000 14.444374 1.537709 2.973139
 17721.000000 14.373605 1.527671 2.992888
 17724.000000 14.384726 1.511558 3.032233
 17727.000000 14.471354 1.526109 2.984911
 17730.000000 14.364829 1.548970 2.988910
 17733.000000 14.466980 1.553764 2.976842
 17736.000000 14.396458 1.564738 2.957295
 17739.000000 14.471081 1.559947 2.966007
 17742.000000 14.488177 1.533750 3.000889
 17745.000000 14.431485 1.543431 3.006243
 17748.000000 14.490785 1.537182 2.981688
 17751.000000 14.426776 1.547988 2.952336
 17754.000000 14.445262 1.516179 2.987811
 17757.000000 14.444399 1.510767 2.998344
 17760.000000 14.437907 1.524620 2.994074
 17763.000000 14.442865 1.520835 2.998244
 17766.000000 14.405907 1.577529 2.945673
 17769.000000 14.439012 1.543995 3.003601
 17772.000000 14.459437 1.559892 2.984650
 17775.000000 14.496952 1.570934 2.981034
 17778.000000 14.467011 1.572642 2.991981
 17781.000000 14.404115 1.571068 2.987207
 17784.000000 14.462731 1.580821 2.951430
 17787.000000 14.398246 1.568386 2.955122
 17790.000000 14.450650 1.579568 2.927185
 17793.000000 14.470377 1.565974 2.978939
 17796.000000 14.528531 1.563309 2.956765
 17799.000000 14.495526 1.553892 2.973431
 17802.000000 14.466347 1.537006 2.980654
 17805.000000 14.449812 1.536378 3.011003
 17808.000000 14.446114 1.517937 3.022861
 17811.000000 14.455466 1.529459 3.005357
 17814.000000 14.463539 1.516934 2.985844
 17817.000000 14.475667 1.515655 2.974691
 17820.000000 14.371547 1.504837 3.002775
 17823.000000 14.361706 1.531140 2.979799
 17826.000000 14.412999 1.526746 2.961139
 17829.000000 14.389451 1.518919 2.960134
 17832.000000 14.349310 1.525467 2.946053
 17835.000000 14.344741 1.543161 2.954850
 17838.000000 14.382027 1.544961 2.945065
 17841.000000 14.366523 1.543861 2.956827
 17844.000000 14.454704 1.543217 2.995167
 17847.000000 14.459574 1.542161 2.986534
 17850.000000 14.389286 1.546333 2.950413
 17853.000000 14.331723 1.498421 2.974644
 17856.000000 14.507892 1.509751 2.940714
 17859.000000 14.520174 1.510893 2.968296
 17862.000000 14.473216 1.540302 2.957243
 17865.000000 14.453554 1.546180 2.928085
 17868.000000 14.481608 1.509121 2.970918
 17871.000000 14.535415 1.518312 2.966848
 17874.000000 14.522905 1.524346 2.966641
 17877.000000 14.493942 1.522783 2.951182
 17880.000000 14.484507 1.514980 2.970449
 17883.000000 14.459870 1.537265 2.965743
 17886.000000 14.503171 1.521577 2.995499
 17889.000000 14.547272 1.540256 2.956949
 17892.000000 14.500608 1.545672 2.958421
 17895.000000 14.548834 1.530116 2.993207
 17898.000000 14.439853 1.543611 2.975004
 17901.000000 14.469753 1.546413 2.992134
 17904.000000 14.477085 1.544203 3.009157
 17907.000000 14.514287 1.554418 3.004978
 17910.000000 14.496055 1.544241 3.042308
 17913.000000 14.485005 1.538418 3.017530
 17916.000000 14.477091 1.535635 3.001875
 17919.000000 14.480198 1.547542 3.015665
 17922.000000 14.431416 1.561968 2.992071
 17925.000000 14.428549 1.554532 2.990033
 17928.000000 14.485161 1.570707 3.003446
 17931.000000 14.479169 1.557212 3.018297
 17934.000000 14.415002 1.546496 3.041193
 17937.000000 14.511978 1.542692 3.042396
 17940.000000 14.543709 1.561124 2.977347
 17943.000000 14.461333 1.545010 2.991225
 17946.000000 14.489762 1.547454 2.988001
 17949.000000 14.544436 1.550027 3.000247
 17952.000000 14.580533 1.537608 2.979953
 17955.000000 14.510401 1.528542 3.007787
 17958.000000 14.513393 1.543351 3.008281
 17961.000000 14.471164 1.544327 3.022228
 17964.000000 14.441693 1.558106 3.010559
 17967.000000 14.394007 1.554269 2.988032
 17970.000000 14.401454 1.534137 3.009527
 17973.000000 14.455698 1.550728 2.962370
 17976.000000 14.354577 1.543894 2.964203
 17979.000000 14.347412 1.536992 2.977302
 17982.000000 14.446673 1.540765 2.978278
 17985.000000 14.467388 1.561930 2.996210
 17988.000000 14.485232 1.583529 2.965472
 17991.000000 14.454052 1.573203 2.989250
 17994.000000 14.457923 1.554123 3.020568
 17997.000000 14.570816 1.572496 2.973508
 18000.000000 14.507242 1.564641 2.948384
 18003.000000 14.519414 1.577375 2.939088
 18006.000000 14.517373 1.583012 2.919982
 18009.000000 14.424862 1.589993 2.905029
 18012.000000 14.474174 1.585350 2.937607
 18015.000000 14.512734 1.570578 2.928206
 18018.000000 14.533301 1.573113 2.954053
 18021.000000 14.569411 1.562931 2.950300
 18024.000000 14.484063 1.564011 2.954456
 18027.000000 14.449316 1.562480 2.937184
 18030.000000 14.513964 1.607638 2.920113
 18033.000000 14.494834 1.583404 2.961993
 18036.000000 14.487154 1.586217 2.980631
 18039.000000 14.462842 1.556558 3.018044
 18042.000000 14.457027 1.564499 3.014784
 18045.000000 14.372020 1.549401 3.024622
 18048.000000 14.332182 1.567282 2.978665
 18051.000000 14.301151 1.559482 3.012370
 18054.000000 14.297461 1.562325 3.005995
 18057.000000 14.341315 1.558545 2.997988
 18060.000000 14.344370 1.576160 3.006568
 18063.000000 14.236585 1.569276 3.017375
 18066.000000 14.289419 1.565532 3.036730
 18069.000000 14.240134 1.598963 2.981475
 18072.000000 14.211784 1.565412 2.983328
 18075.000000 14.277788 1.587103 2.952075
 18078.000000 14.369348 1.565328 2.948237
 18081.000000 14.326569 1.554957 2.997563
 18084.000000 14.407384 1.555984 2.986692
 18087.000000 14.248528 1.559071 2.967122
 18090.000000 14.230451 1.594042 2.959245
 18093.000000 14.199345 1.598735 2.976553
 18096.000000 14.194589 1.601428 2.946878
 18099.000000 14.132506 1.584056 2.967429
 18102.000000 14.223093 1.580358 2.971295
 18105.000000 14.163030 1.580446 2.965053
 18108.000000 14.270016 1.553891 2.963929
 18111.000000 14.311724 1.556531 2.979051
 18114.000000 14.274638 1.579569 2.976011
 18117.000000 14.325013 1.583209 2.965730
 18120.000000 14.364077 1.575268 2.960993
 18123.000000 14.364832 1.553237 2.989933
 18126.000000 14.359847 1.549795 2.981761
 18129.000000 14.340793 1.565145 2.976845
 18132.000000 14.303633 1.531255 2.977326
 18135.000000 14.320958 1.520929 2.989587
 18138.000000 14.439873 1.506113 3.007105
 18141.000000 14.363581 1.529255 2.947668
 18144.000000 14.432569 1.496204 2.982950
 18147.000000 14.384553 1.508866 2.991805
 18150.000000 14.361837 1.525871 2.963023
 18153.000000 14.347563 1.525966 2.974496
 18156.000000 14.307117 1.524947 2.972343
 18159.000000 14.281199 1.531359 2.962286
 18162.000000 14.322792 1.520649 2.967551
 18165.000000 14.389114 1.525203 2.974048
 18168.000000 14.369328 1.524605 2.945396
 18171.000000 14.307375 1.537228 2.968814
 18174.000000 14.287884 1.544537 2.992579
 18177.000000 14.283884 1.538328 2.995285
 18180.000000 14.302862 1.533538 2.990959
 18183.000000 14.329059 1.530611 2.984801
 18186.000000 14.291782 1.526691 2.961462
 18189.000000 14.281394 1.505967 2.996922
 18192.000000 14.286470 1.508551 2.979081
 18195.000000 14.265360 1.520141 2.981693
 18198.000000 14.363526 1.539832 2.929491
 18201.000000 14.454169 1.530441 2.959538
 18204.000000 14.472615 1.491616 2.973661
 18207.000000 14.478305 1.488264 3.017535
 18210.000000 14.443916 1.490358 2.975316
 18213.000000 14.502442 1.495408 2.957936
 18216.000000 14.476301 1.493660 2.976395
 18219.000000 14.497732 1.498619 2.963242
 18222.000000 14.480156 1.474326 3.002315
 18225.000000 14.457585 1.492042 3.007857
 18228.000000 14.396826 1.504810 2.987222
 18231.000000 14.389991 1.523387 2.980943
 18234.000000 14.468034 1.519690 2.992717
 18237.000000 14.530005 1.525333 2.988350
 18240.000000 14.519750 1.549693 2.961640
 18243.000000 14.466373 1.550827 2.951083
 18246.000000 14.431095 1.544657 2.983473
 18249.000000 14.431301 1.529452 2.973296
 18252.000000 14.316131 1.542295 2.976206
 18255.000000 14.393436 1.530488 2.983389
 18258.000000 14.398536 1.527482 2.980358
 18261.000000 14.522210 1.527872 2.989484
 18264.000000 14.560939 1.523516 2.996685
 18267.000000 14.584407 1.523171 2.986633
 18270.000000 14.660208 1.510492 3.015722
 18273.000000 14.659940 1.496729 3.002201
 18276.000000 14.577988 1.518988 3.007713
 18279.000000 14.476849 1.516780 3.034478
 18282.000000 14.513585 1.495895 3.031433
 18285.000000 14.581358 1.500246 2.987545
 18288.000000 14.535780 1.531402 2.929763
 18291.000000 14.440762 1.520389 2.973891
 18294.000000 14.430850 1.521203 2.983732
 18297.000000 14.428469 1.510278 3.007351
 18300.000000 14.418446 1.497458 2.995181
 18303.000000 14.460203 1.502134 2.957311
 18306.000000 14.421757 1.507974 2.971277
 18309.000000 14.430457 1.514800 2.966909
 18312.000000 14.466689 1.526200 2.942987
 18315.000000 14.465654 1.538009 2.941196
 18318.000000 14.397606 1.518059 2.966980
 18321.000000 14.464596 1.531472 2.935257
 18324.000000 14.468687 1.516228 2.954484
 18327.000000 14.421156 1.519305 2.933784
 18330.000000 14.428664 1.522070 2.937506
 18333.000000 14.452938 1.522228 2.938537
 18336.000000 14.382973 1.550855 2.906656
 18339.000000 14.399361 1.569644 2.938712
 18342.000000 14.303785 1.565566 2.904932
 18345.000000 14.319796 1.561102 2.943950
 18348.000000 14.370503 1.549424 2.922328
 18351.000000 14.460214 1.543742 3.003466
 18354.000000 14.439746 1.562860 2.974515
 18357.000000 14.416766 1.571479 2.964803
 18360.000000 14.402178 1.593185 2.941246
 18363.000000 14.312903 1.575139 2.960212
 18366.000000 14.295132 1.587101 2.967268
 18369.000000 14.430426 1.571779 2.986164
 18372.000000 14.328651 1.558754 3.014724
 18375.000000 14.300350 1.557133 2.999957
 18378.000000 14.298849 1.549060 3.029746
 18381.000000 14.323799 1.556677 3.028982
 18384.000000 14.330846 1.565198 3.004980
 18387.000000 14.303276 1.554056 3.000031
 18390.000000 14.219552 1.572402 2.995044
 18393.000000 14.194481 1.557738 3.011859
 18396.000000 14.138337 1.540725 2.999310
 18399.000000 14.233680 1.579962 2.978403
 18402.000000 14.194640 1.558629 2.988718
 18405.000000 14.251119 1.586709 2.957012
 18408.000000 14.318003 1.564792 2.975522
 18411.000000 14.300856 1.580817 2.975940
 18414.000000 14.324444 1.591068 2.951474
 18417.000000 14.271370 1.554241 3.005495
 18420.000000 14.231403 1.549295 3.034087
 18423.000000 14.170890 1.546592 3.046195
 18426.000000 14.120974 1.569081 3.035407
 18429.000000 14.161654 1.554173 3.069142
 18432.000000 14.174400 1.552872 3.052360
 18435.000000 14.138649 1.541455 3.062324
 18438.000000 14.215498 1.550039 3.021542
 18441.000000 14.224636 1.553956 3.019406
 18444.000000 14.215987 1.556940 3.026721
 18447.000000 14.303998 1.584737 3.016924
 18450.000000 14.283439 1.552393 3.024511
 18453.000000 14.347707 1.552369 3.071824
 18456.000000 14.370329 1.553286 3.027744
 18459.000000 14.362984 1.554093 3.038718
 18462.000000 14.330114 1.538703 3.029604
 18465.000000 14.318545 1.540026 3.019665
 18468.000000 14.310109 1.550187 3.024173
 18471.000000 14.373089 1.565639 2.982117
 18474.000000 14.371666 1.546281 2.996063
 18477.000000 14.297253 1.536618 2.990646
 18480.000000 14.334416 1.539020 2.974937
 18483.000000 14.351438 1.540817 2.983813
 18486.000000 14.312247 1.541442 2.991616
 18489.000000 14.262565 1.532006 2.993581
 18492.000000 14.253774 1.545251 2.996225
 18495.000000 14.246438 1.541094 2.951791
 18498.000000 14.305811 1.539092 2.972330
 18501.000000 14.342846 1.523782 2.991295
 18504.000000 14.327620 1.512318 3.013513
 18507.000000 14.291615 1.523180 2.980750
 18510.000000 14.377120 1.511102 2.989375
 18513.000000 14.328926 1.533650 2.971267
 18516.000000 14.355881 1.526761 2.971448
 18519.000000 14.382518 1.498356 2.995135
 18522.000000 14.381627 1.499606 2.959257
 18525.000000 14.376329 1.511017 2.998340
 18528.000000 14.407535 1.493090 2.952706
 18531.000000 14.425988 1.500554 2.957724
 18534.000000 14.328751 1.523808 2.950157
 18537.000000 14.402918 1.519780 2.953003
 18540.000000 14.472224 1.502826 2.949195
 18543.000000 14.465760 1.496042 2.961245
 18546.000000 14.372601 1.493777 2.970082
 18549.000000 14.292757 1.502944 2.933169
 18552.000000 14.335649 1.518812 2.956545
 18555.000000 14.370267 1.525072 2.949403
 18558.000000 14.356664 1.504413 2.941971
 18561.000000 14.364728 1.505998 2.951351
 18564.000000 14.371567 1.508085 2.937715
 18567.000000 14.382119 1.496934 2.960149
 18570.000000 14.319523 1.500881 2.933361
 18573.000000 14.334391 1.511495 2.894503
 18576.000000 14.305789 1.481654 2.927298
 18579.000000 14.340510 1.465963 2.972008
 18582.000000 14.341710 1.476411 2.924987
 18585.000000 14.321035 1.492513 2.935242
 18588.000000 14.309941 1.484356 2.932968
 18591.000000 14.318544 1.481919 2.947135
 18594.000000 14.340260 1.460503 2.949247
 18597.000000 14.389772 1.478665 2.891311
 18600.000000 14.417341 1.486318 2.918482
 18603.000000 14.391269 1.482126 2.940407
 18606.000000 14.414022 1.499499 2.909993
 18609.000000 14.370816 1.494334 2.940165
 18612.000000 14.381278 1.476875 2.955236
 18615.000000 14.440671 1.488660 2.940719
 18618.000000 14.503686 1.462479 2.972551
 18621.000000 14.523375 1.474273 2.951300
 18624.000000 14.587116 1.489272 2.947435
 18627.000000 14.547910 1.472315 2.972018
 18630.000000 14.552137 1.498141 2.968226
 18633.000000 14.583561 1.466463 2.991729
 18636.000000 14.613432 1.506416 2.979767
 18639.000000 14.639111 1.481154 2.971655
 18642.000000 14.626122 1.510594 2.944151
 18645.000000 14.646936 1.502987 2.926688
 18648.000000 14.672728 1.500247 2.922804
 18651.000000 14.645975 1.501842 2.959464
 18654.000000 14.588736 1.512664 2.921039
 18657.000000 14.509819 1.507851 2.939310
 18660.000000 14.577555 1.516432 2.945236
 18663.000000 14.569920 1.512271 2.951487
 18666.000000 14.516797 1.550354 2.936068
 18669.000000 14.589968 1.533146 2.936787
 18672.000000 14.533366 1.552141 2.918285
 18675.000000 14.562246 1.544764 2.954899
 18678.000000 14.552080 1.559842 2.915959
 18681.000000 14.511097 1.546447 2.934382
 18684.000000 14.523677 1.564683 2.951903
 18687.000000 14.499189 1.531300 2.973481
 18690.000000 14.564571 1.533517 2.973387
 18693.000000 14.506634 1.532345 2.985847
 18696.000000 14.518936 1.545319 2.964618
 18699.000000 14.471607 1.513790 2.996611
 18702.000000 14.514308 1.547744 2.947169
 18705.000000 14.538442 1.551111 2.962054
 18708.000000 14.526441 1.561523 2.941828
 18711.000000 14.532780 1.546795 2.943114
 18714.000000 14.437394 1.541628 2.964842
 18717.000000 14.506711 1.548193 2.970281
 18720.000000 14.490513 1.540605 2.972907
 18723.000000 14.463921 1.553744 2.953065
 18726.000000 14.404864 1.569349 2.956850
 18729.000000 14.424337 1.535359 3.041322
 18732.000000 14.492097 1.555530 2.981846
 18735.000000 14.490704 1.531952 3.002706
 18738.000000 14.469979 1.535012 2.998263
 18741.000000 14.570271 1.534451 2.976240
 18744.000000 14.565566 1.536946 2.977000
 18747.000000 14.493597 1.524161 2.941508
 18750.000000 14.434551 1.504400 2.966368
 18753.000000 14.469116 1.525859 2.956426
 18756.000000 14.452559 1.531175 2.954906
 18759.000000 14.437540 1.534294 2.987011
 18762.000000 14.390841 1.507148 3.000283
 18765.000000 14.371265 1.487749 3.025946
 18768.000000 14.305094 1.497734 3.026610
 18771.000000 14.321648 1.528115 3.002019
 18774.000000 14.377871 1.516115 3.036069
 18777.000000 14.296969 1.528151 3.003870
 18780.000000 14.234370 1.539129 2.988838
 18783.000000 14.205855 1.534532 2.989542
 18786.000000 14.215245 1.534156 2.996420
 18789.000000 14.342239 1.569336 2.955590
 18792.000000 14.399693 1.551528 2.950096
 18795.000000 14.409421 1.555496 2.935578
 18798.000000 14.413474 1.561957 2.921977
 18801.000000 14.334550 1.569873 2.941704
 18804.000000 14.315995 1.564121 2.961774
 18807.000000 14.318440 1.537943 2.952554
 18810.000000 14.396964 1.572130 2.904973
 18813.000000 14.429572 1.553329 2.921184
 18816.000000 14.497571 1.560187 2.923812
 18819.000000 14.442712 1.563396 2.938376
 18822.000000 14.353961 1.574706 2.901546
 18825.000000 14.461733 1.562545 2.925685
 18828.000000 14.459459 1.572304 2.949177
 18831.000000 14.503058 1.573958 2.946632
 18834.000000 14.451877 1.587899 2.930697
 18837.000000 14.469540 1.585025 2.912537
 18840.000000 14.450134 1.583623 2.934665
 18843.000000 14.469336 1.597490 2.941258
 18846.000000 14.507825 1.575701 2.960029
 18849.000000 14.482711 1.585971 2.953142
 18852.000000 14.414851 1.571736 2.958892
 18855.000000 14.468346 1.579447 2.963400
 18858.000000 14.395827 1.552166 3.006414
 18861.000000 14.404648 1.569280 2.990876
 18864.000000 14.381474 1.579276 2.965801
 18867.000000 14.379247 1.562205 2.993256
 18870.000000 14.309772 1.578098 3.005805
 18873.000000 14.336437 1.570042 3.024331
 18876.000000 14.357911 1.565053 3.019930
 18879.000000 14.284429 1.575154 3.010534
 18882.000000 14.358510 1.573485 3.002596
 18885.000000 14.339789 1.562438 2.976553
 18888.000000 14.315092 1.570578 2.946152
 18891.000000 14.304503 1.548652 3.022803
 18894.000000 14.307575 1.573729 2.996930
 18897.000000 14.385099 1.568256 2.988159
 18900.000000 14.447466 1.570122 2.989932
 18903.000000 14.411539 1.606286 2.979706
 18906.000000 14.429406 1.576511 2.994219
 18909.000000 14.487844 1.559384 3.023008
 18912.000000 14.453477 1.556218 3.011553
 18915.000000 14.455173 1.540237 3.015066
 18918.000000 14.437401 1.554041 2.972553
 18921.000000 14.376765 1.541346 2.995741
 18924.000000 14.438710 1.529063 3.042136
 18927.000000 14.374490 1.567940 2.976673
 18930.000000 14.397221 1.562150 2.995649
 18933.000000 14.277144 1.535341 2.976421
 18936.000000 14.306641 1.550029 2.941779
 18939.000000 14.317284 1.534286 2.971890
 18942.000000 14.370485 1.541919 2.959432
 18945.000000 14.378986 1.556321 2.960774
 18948.000000 14.435820 1.574536 2.961201
 18951.000000 14.386130 1.565993 2.952075
 18954.000000 14.350700 1.549780 2.981995
 18957.000000 14.341192 1.555441 2.968134
 18960.000000 14.433021 1.560524 2.970115
 18963.000000 14.398675 1.550237 2.963871
 18966.000000 14.418118 1.542363 2.967583
 18969.000000 14.400158 1.551812 2.943643
 18972.000000 14.461987 1.516999 2.998454
 18975.000000 14.423475 1.534289 2.992261
 18978.000000 14.518121 1.529817 3.006559
 18981.000000 14.553870 1.544092 2.984250
 18984.000000 14.503215 1.542638 2.965573
 18987.000000 14.524964 1.539562 3.000502
 18990.000000 14.529609 1.544780 2.975487
 18993.000000 14.452173 1.526740 2.994632
 18996.000000 14.408659 1.525013 2.995226
 18999.000000 14.389904 1.536430 2.971879
 19002.000000 14.367457 1.519984 3.008120
 19005.000000 14.361424 1.512105 3.005806
 19008.000000 14.362136 1.526946 3.023163
 19011.000000 14.405715 1.545322 2.988243
 19014.000000 14.371474 1.533638 2.969889
 19017.000000 14.374418 1.542998 2.970824
 19020.000000 14.370606 1.559762 2.986455
 19023.000000 14.390302 1.551349 3.004701
 19026.000000 14.421195 1.579604 2.991469
 19029.000000 14.466514 1.549042 3.032980
 19032.000000 14.488891 1.556533 3.007971
 19035.000000 14.540291 1.559889 2.997558
 19038.000000 14.506688 1.559967 3.014015
 19041.000000 14.582499 1.545509 2.990274
 19044.000000 14.564372 1.545670 3.007495
 19047.000000 14.521812 1.521404 3.027628
 19050.000000 14.484378 1.540276 3.048197
 19053.000000 14.492533 1.551918 3.032533
 19056.000000 14.475135 1.573340 2.995729
 19059.000000 14.424522 1.561670 3.012273
 19062.000000 14.387032 1.528108 3.026590
 19065.000000 14.423552 1.529286 3.040358
 19068.000000 14.455388 1.497379 3.026782
 19071.000000 14.486952 1.523005 3.039249
 19074.000000 14.461008 1.523397 3.065809
 19077.000000 14.430361 1.532720 3.047000
 19080.000000 14.499952 1.549258 3.039639
 19083.000000 14.485436 1.555515 3.052233
 19086.000000 14.470414 1.560908 3.005102
 19089.000000 14.522411 1.529789 3.012387
 19092.000000 14.532889 1.546518 3.018459
 19095.000000 14.472693 1.526469 3.019042
 19098.000000 14.574477 1.534950 3.022870
 19101.000000 14.503562 1.499510 3.038691
 19104.000000 14.429844 1.510573 3.035963
 19107.000000 14.537258 1.510928 3.014226
 19110.000000 14.508538 1.479890 3.050450
 19113.000000 14.442755 1.524699 3.017537
 19116.000000 14.408189 1.502371 3.040786
 19119.000000 14.431790 1.508196 3.051718
 19122.000000 14.449930 1.505610 3.072322
 19125.000000 14.427756 1.520243 3.001221
 19128.000000 14.462371 1.511464 2.950401
 19131.000000 14.479264 1.516044 3.023671
 19134.000000 14.476814 1.510138 3.014854
 19137.000000 14.436980 1.525619 3.000929
 19140.000000 14.327594 1.526431 2.991471
 19143.000000 14.327888 1.522356 2.954199
 19146.000000 14.300896 1.559406 2.985620
 19149.000000 14.298349 1.537900 3.023079
 19152.000000 14.383657 1.522264 2.988529
 19155.000000 14.333319 1.545514 3.009961
 19158.000000 14.371763 1.540620 3.017022
 19161.000000 14.468540 1.565549 3.010424
 19164.000000 14.449053 1.545286 3.017164
 19167.000000 14.455653 1.554240 3.031661
 19170.000000 14.439623 1.537365 3.021058
 19173.000000 14.458178 1.527001 3.001280
 19176.000000 14.404200 1.512568 3.003260
 19179.000000 14.430469 1.526115 2.983706
 19182.000000 14.396707 1.508039 2.982864
 19185.000000 14.447825 1.516284 2.954459
 19188.000000 14.432137 1.533105 2.984952
 19191.000000 14.416956 1.538895 2.997072
 19194.000000 14.430298 1.564900 2.995199
 19197.000000 14.401063 1.537347 2.967365
 19200.000000 14.422822 1.557255 2.991027
 19203.000000 14.413508 1.536679 3.000773
 19206.000000 14.435632 1.537759 2.981967
 19209.000000 14.402498 1.567053 3.008483
 19212.000000 14.447373 1.574778 2.971197
 19215.000000 14.524352 1.550696 2.966295
 19218.000000 14.471410 1.555894 3.005977
 19221.000000 14.391156 1.577824 3.027458
 19224.000000 14.467047 1.541606 3.017967
 19227.000000 14.476261 1.555380 3.024107
 19230.000000 14.496667 1.555510 3.014909
 19233.000000 14.469043 1.551536 2.996634
 19236.000000 14.481697 1.536557 3.006889
 19239.000000 14.431394 1.545867 2.999040
 19242.000000 14.445264 1.563571 2.983264
 19245.000000 14.416868 1.571446 2.987921
 19248.000000 14.386942 1.568756 2.972878
 19251.000000 14.408936 1.565111 2.979025
 19254.000000 14.496720 1.565655 2.963969
 19257.000000 14.492727 1.567186 2.984376
 19260.000000 14.536222 1.564809 3.000166
 19263.000000 14.534507 1.569211 2.970306
 19266.000000 14.524523 1.570410 2.996163
 19269.000000 14.422427 1.559791 3.006741
 19272.000000 14.435105 1.553472 3.057639
 19275.000000 14.399574 1.571784 3.061105
 19278.000000 14.447819 1.598961 3.059784
 19281.000000 14.422793 1.563978 3.031444
 19284.000000 14.539607 1.545027 3.002484
 19287.000000 14.545368 1.570211 3.001894
 19290.000000 14.530514 1.558878 3.011040
 19293.000000 14.494973 1.554822 3.004695
 19296.000000 14.488833 1.533221 3.001826
 19299.000000 14.576738 1.539463 2.981969
 19302.000000 14.511534 1.548221 2.997366
 19305.000000 14.424175 1.562281 2.996329
 19308.000000 14.423907 1.518234 2.955549
 19311.000000 14.399447 1.526576 2.943656
 19314.000000 14.357967 1.534466 2.958423
 19317.000000 14.395866 1.541807 2.979065
 19320.000000 14.378653 1.556105 3.010116
 19323.000000 14.441325 1.569562 3.019301
 19326.000000 14.409650 1.589240 3.002861
 19329.000000 14.457740 1.553366 3.012088
 19332.000000 14.469749 1.555636 3.051851
 19335.000000 14.458056 1.531044 3.007044
 19338.000000 14.407823 1.552771 3.036358
 19341.000000 14.393295 1.553001 3.044390
 19344.000000 14.448623 1.546675 3.031239
 19347.000000 14.445844 1.545887 3.001903
 19350.000000 14.467583 1.551491 3.028787
 19353.000000 14.455170 1.550885 3.050448
 19356.000000 14.436586 1.560433 3.043036
 19359.000000 14.468746 1.577874 3.028316
 19362.000000 14.447412 1.575515 2.999922
 19365.000000 14.360367 1.545941 2.991006
 19368.000000 14.403642 1.551969 3.018956
 19371.000000 14.470190 1.562319 2.976325
 19374.000000 14.433781 1.556408 2.993918
 19377.000000 14.454162 1.545771 2.951574
 19380.000000 14.453994 1.529762 2.970414
 19383.000000 14.499657 1.545859 2.965077
 19386.000000 14.451310 1.536270 2.996472
 19389.000000 14.360445 1.526916 2.987813
 19392.000000 14.420995 1.525157 2.946399
 19395.000000 14.355306 1.519083 2.957375
 19398.000000 14.325928 1.515161 2.965798
 19401.000000 14.344604 1.524532 2.999880
 19404.000000 14.358642 1.534590 2.997066
 19407.000000 14.342129 1.534941 2.982078
 19410.000000 14.387507 1.506609 2.960926
 19413.000000 14.365011 1.501294 2.981859
 19416.000000 14.410588 1.487254 2.986743
 19419.000000 14.412449 1.484350 2.975434
 19422.000000 14.346038 1.508487 3.017729
 19425.000000 14.343801 1.522964 3.031098
 19428.000000 14.365793 1.516787 3.034513
 19431.000000 14.365246 1.521693 2.992056
 19434.000000 14.339824 1.516977 2.973926
 19437.000000 14.422894 1.531354 2.942150
 19440.000000 14.501412 1.539077 3.007042
 19443.000000 14.491990 1.562630 3.017701
 19446.000000 14.551571 1.562786 3.018107
 19449.000000 14.633856 1.567031 2.977362
 19452.000000 14.591328 1.580594 2.969692
 19455.000000 14.552660 1.570783 2.952941
 19458.000000 14.634350 1.562785 2.995449
 19461.000000 14.598335 1.578872 2.985655
 19464.000000 14.660242 1.556023 3.019155
 19467.000000 14.575911 1.572862 2.984738
 19470.000000 14.570814 1.553715 3.007527
 19473.000000 14.614103 1.538647 3.002781
 19476.000000 14.537705 1.538325 3.018780
 19479.000000 14.607957 1.558530 3.008571
 19482.000000 14.654445 1.562922 3.027712
 19485.000000 14.630651 1.563925 3.034162
 19488.000000 14.635997 1.562523 2.969050
 19491.000000 14.577547 1.570977 2.989180
 19494.000000 14.682409 1.565789 2.952479
 19497.000000 14.697535 1.584800 2.946805
 19500.000000 14.671242 1.582864 2.984057
 19503.000000 14.650223 1.594233 2.955696
 19506.000000 14.677708 1.596024 2.958252
 19509.000000 14.653630 1.564148 2.988605
 19512.000000 14.630111 1.565649 2.992162
 19515.000000 14.603992 1.570595 2.955899
 19518.000000 14.666238 1.579817 3.014198
 19521.000000 14.682902 1.565631 3.023760
 19524.000000 14.635790 1.569521 3.024702
 19527.000000 14.734778 1.550218 2.989664
 19530.000000 14.670734 1.571634 2.979845
 19533.000000 14.556556 1.560079 2.975439
 19536.000000 14.574409 1.550566 2.986972
 19539.000000 14.528059 1.542680 2.964888
 19542.000000 14.532447 1.532870 2.966663
 19545.000000 14.516499 1.518446 2.952297
 19548.000000 14.530848 1.526914 2.919058
 19551.000000 14.430075 1.557142 2.940352
 19554.000000 14.462080 1.560113 2.968280
 19557.000000 14.422523 1.564475 2.990992
 19560.000000 14.505329 1.544768 2.939967
 19563.000000 14.469704 1.532819 2.982207
 19566.000000 14.471038 1.540950 2.985013
 19569.000000 14.498758 1.534687 2.999731
 19572.000000 14.415781 1.532045 2.985817
 19575.000000 14.361929 1.526125 3.012235
 19578.000000 14.436369 1.550365 3.033943
 19581.000000 14.422825 1.553715 3.044122
 19584.000000 14.457948 1.549579 3.000802
 19587.000000 14.464980 1.562490 3.011014
 19590.000000 14.545451 1.555857 3.009890
 19593.000000 14.517580 1.529601 2.997889
 19596.000000 14.542380 1.573073 3.037352
 19599.000000 14.520118 1.579861 2.992561
 19602.000000 14.493544 1.558581 3.004536
 19605.000000 14.596357 1.559485 3.001384
 19608.000000 14.591815 1.576009 2.968802
 19611.000000 14.558730 1.568969 2.982446
 19614.000000 14.607629 1.582913 2.979103
 19617.000000 14.605994 1.572203 3.001465
 19620.000000 14.571295 1.573713 3.012448
 19623.000000 14.603547 1.576245 2.968640
 19626.000000 14.629191 1.574560 2.969286
 19629.000000 14.691076 1.573311 2.966465
 19632.000000 14.616341 1.572680 2.960132
 19635.000000 14.591568 1.589724 2.944409
 19638.000000 14.561518 1.575662 2.981508
 19641.000000 14.600488 1.559774 2.996793
 19644.000000 14.600818 1.551774 3.001849
 19647.000000 14.655154 1.531165 2.999404
 19650.000000 14.594520 1.525146 2.989298
 19653.000000 14.593217 1.540755 3.012414
 19656.000000 14.491900 1.553901 2.990230
 19659.000000 14.514896 1.553512 2.971130
 19662.000000 14.527300 1.553014 2.971284
 19665.000000 14.466112 1.542250 2.976549
 19668.000000 14.512084 1.553226 3.028884
 19671.000000 14.602482 1.533289 2.954181
 19674.000000 14.646549 1.530177 2.997020
 19677.000000 14.493922 1.525818 3.014644
 19680.000000 14.466529 1.534965 2.992834
 19683.000000 14.477569 1.542165 2.976948
 19686.000000 14.465794 1.546412 3.001448
 19689.000000 14.444160 1.556498 3.048127
 19692.000000 14.492708 1.550641 3.037182
 19695.000000 14.521620 1.551284 3.020254
 19698.000000 14.592511 1.560206 2.974205
 19701.000000 14.557706 1.574074 3.012255
 19704.000000 14.464601 1.567458 2.973544
 19707.000000 14.532205 1.558113 2.990161
 19710.000000 14.468075 1.551543 2.992318
 19713.000000 14.419079 1.547946 3.013867
 19716.000000 14.486583 1.546919 3.017506
 19719.000000 14.479699 1.569604 3.024538
 19722.000000 14.517877 1.579411 3.087291
 19725.000000 14.456525 1.597671 3.054436
 19728.000000 14.516391 1.610201 3.013775
 19731.000000 14.562717 1.569001 3.068019
 19734.000000 14.510160 1.589845 3.037060
 19737.000000 14.499499 1.572094 3.027426
 19740.000000 14.502404 1.604729 3.065423
 19743.000000 14.513361 1.627280 3.027205
 19746.000000 14.518868 1.615040 3.043464
 19749.000000 14.592101 1.610378 3.026760
 19752.000000 14.573925 1.616118 3.038441
 19755.000000 14.518794 1.613850 3.021557
 19758.000000 14.558829 1.590926 3.028880
 19761.000000 14.521966 1.597991 3.016477
 19764.000000 14.482982 1.589489 3.035845
 19767.000000 14.524377 1.582550 3.045144
 19770.000000 14.546260 1.589705 3.031607
 19773.000000 14.620421 1.587757 3.021670
 19776.000000 14.660296 1.601634 3.014593
 19779.000000 14.620802 1.543587 3.032627
 19782.000000 14.546588 1.556502 3.060887
 19785.000000 14.491392 1.548634 3.047693
 19788.000000 14.532162 1.547665 3.046504
 19791.000000 14.566081 1.534682 3.055231
 19794.000000 14.596958 1.553423 3.005289
 19797.000000 14.568301 1.575298 2.965459
 19800.000000 14.543105 1.547248 2.953473
 19803.000000 14.507494 1.560279 2.999529
 19806.000000 14.466748 1.575966 2.974597
 19809.000000 14.421948 1.556342 2.994788
 19812.000000 14.481797 1.556609 2.975037
 19815.000000 14.419909 1.558525 2.960056
 19818.000000 14.429312 1.572741 2.949990
 19821.000000 14.534861 1.561562 2.993551
 19824.000000 14.475304 1.551207 2.998892
 19827.000000 14.421864 1.548211 3.011041
 19830.000000 14.477574 1.573936 2.991770
 19833.000000 14.491857 1.568776 2.997965
 19836.000000 14.416558 1.559282 3.008778
 19839.000000 14.419746 1.573957 3.015152
 19842.000000 14.431249 1.571080 3.021452
 19845.000000 14.373281 1.576371 2.998943
 19848.000000 14.364123 1.607559 2.983539
 19851.000000 14.399231 1.607291 2.981013
 19854.000000 14.399364 1.603147 2.975731
 19857.000000 14.419003 1.585140 2.984038
 19860.000000 14.424502 1.580664 2.995404
 19863.000000 14.378537 1.549523 3.030244
 19866.000000 14.389703 1.581929 2.963500
 19869.000000 14.401491 1.568183 3.024392
 19872.000000 14.428765 1.550823 3.004813
 19875.000000 14.477416 1.562129 2.975527
 19878.000000 14.454131 1.547842 3.015516
 19881.000000 14.404663 1.566395 3.009510
 19884.000000 14.463511 1.538374 3.033321
 19887.000000 14.480963 1.539086 3.029108
 19890.000000 14.442621 1.537912 3.004771
 19893.000000 14.457433 1.535950 2.977745
 19896.000000 14.410406 1.547106 2.990134
 19899.000000 14.294634 1.530927 3.015657
 19902.000000 14.365734 1.531248 2.979969
 19905.000000 14.352515 1.548480 3.007759
 19908.000000 14.386204 1.553909 2.998195
 19911.000000 14.399734 1.521762 3.044975
 19914.000000 14.344984 1.546999 3.027515
 19917.000000 14.475882 1.538377 3.014829
 19920.000000 14.420371 1.570702 2.986791
 19923.000000 14.445867 1.568820 2.997918
 19926.000000 14.363590 1.573979 2.982613
 19929.000000 14.402360 1.579701 3.010496
 19932.000000 14.464965 1.563632 2.992207
 19935.000000 14.477979 1.589892 2.994419
 19938.000000 14.447805 1.579028 2.983224
 19941.000000 14.476695 1.580599 2.972339
 19944.000000 14.449928 1.577124 2.980277
 19947.000000 14.443835 1.591369 2.982418
 19950.000000 14.350422 1.563821 3.021056
 19953.000000 14.352332 1.570773 3.033323
 19956.000000 14.437410 1.585502 3.030527
 19959.000000 14.478384 1.587018 2.998043
 19962.000000 14.468381 1.582727 3.028946
 19965.000000 14.386179 1.563923 3.042849
 19968.000000 14.392536 1.599737 2.998341
 19971.000000 14.373799 1.600896 2.954631
 19974.000000 14.328517 1.618165 2.916973
 19977.000000 14.318203 1.588532 2.941464
 19980.000000 14.326324 1.586503 2.958318
 19983.000000 14.336491 1.572671 2.953737
 19986.000000 14.336563 1.613858 2.915829
 19989.000000 14.261917 1.591399 2.908286
 19992.000000 14.306132 1.601203 2.882606
 19995.000000 14.313580 1.607165 2.898490
 19998.000000 14.277841 1.618578 2.903487
 20001.000000 14.319632 1.609913 2.906834
 20004.000000 14.321519 1.618895 2.919727
 20007.000000 14.284915 1.607206 2.951679
 20010.000000 14.309327 1.635529 2.929500
 20013.000000 14.339570 1.603991 2.967269
 20016.000000 14.309845 1.621070 2.977383
 20019.000000 14.218115 1.640338 2.936017
 20022.000000 14.318488 1.617916 2.962692
 20025.000000 14.295590 1.606070 2.960746
 20028.000000 14.367695 1.606545 2.919103
 20031.000000 14.375201 1.609607 2.975587
 20034.000000 14.389422 1.608354 2.984616
 20037.000000 14.415629 1.615381 2.958434
 20040.000000 14.323019 1.607595 3.020700
 20043.000000 14.326398 1.606778 2.982656
 20046.000000 14.287898 1.615726 3.008007
 20049.000000 14.365952 1.613228 3.032290
 20052.000000 14.381541 1.607885 3.018708
 20055.000000 14.352746 1.595446 3.020292
 20058.000000 14.449389 1.604879 3.032776
 20061.000000 14.353198 1.618877 3.020641
 20064.000000 14.395050 1.634477 3.024872
 20067.000000 14.360453 1.623356 3.030471
 20070.000000 14.341832 1.619512 3.014950
 20073.000000 14.305824 1.598836 3.051984
 20076.000000 14.315339 1.607203 3.031065
 20079.000000 14.429204 1.608623 3.018297
 20082.000000 14.389947 1.574400 3.048065
 20085.000000 14.508934 1.606351 3.021170
 20088.000000 14.457470 1.596177 3.024373
 20091.000000 14.556412 1.612070 3.010098
 20094.000000 14.441652 1.581556 3.050177
 20097.000000 14.495200 1.611422 3.015872
 20100.000000 14.527035 1.598801 3.044875
 20103.000000 14.572287 1.608614 3.016796
 20106.000000 14.582996 1.578816 2.999605
 20109.000000 14.598193 1.610281 2.983382
 20112.000000 14.536261 1.610515 3.012933
 20115.000000 14.467384 1.605131 3.002181
 20118.000000 14.495554 1.609755 3.031027
 20121.000000 14.471915 1.605660 3.019902
 20124.000000 14.470569 1.579801 3.040153
 20127.000000 14.510880 1.599220 2.996881
 20130.000000 14.514092 1.587380 3.014522
 20133.000000 14.522890 1.584889 3.038261
 20136.000000 14.566999 1.580872 3.003003
 20139.000000 14.464728 1.617784 2.972908
 20142.000000 14.455238 1.583646 3.008811
 20145.000000 14.451259 1.580810 2.996166
 20148.000000 14.445334 1.570209 3.006150
 20151.000000 14.507401 1.574636 3.020036
 20154.000000 14.431853 1.577037 3.007885
 20157.000000 14.412071 1.555021 3.029211
 20160.000000 14.470138 1.567181 3.021581
 20163.000000 14.374643 1.594471 2.983368
 20166.000000 14.327329 1.571658 3.026653
 20169.000000 14.376450 1.602553 3.007730
 20172.000000 14.409383 1.564505 3.075791
 20175.000000 14.432477 1.574491 3.052749
 20178.000000 14.470330 1.589571 3.025270
 20181.000000 14.466030 1.565083 3.064916
 20184.000000 14.515822 1.594563 3.037911
 20187.000000 14.559384 1.608566 2.992558
 20190.000000 14.576647 1.591519 3.016353
 20193.000000 14.583229 1.594775 3.009105
 20196.000000 14.547632 1.592486 3.027437
 20199.000000 14.497263 1.599393 3.028410
 20202.000000 14.522776 1.595915 3.043172
 20205.000000 14.628035 1.576382 3.024333
 20208.000000 14.575139 1.560779 3.033174
 20211.000000 14.687138 1.561955 3.056330
 20214.000000 14.621136 1.584639 3.038025
 20217.000000 14.581420 1.576543 2.989008
 20220.000000 14.539800 1.592525 2.967353
 20223.000000 14.639542 1.588112 3.002615
 20226.000000 14.573346 1.578104 3.041901
 20229.000000 14.633747 1.571607 3.042301
 20232.000000 14.557658 1.570510 3.033420
 20235.000000 14.540398 1.561921 3.012165
 20238.000000 14.483879 1.565908 3.011131
 20241.000000 14.408357 1.581128 3.024965
 20244.000000 14.413083 1.595232 3.009516
 20247.000000 14.482999 1.573352 3.010318
 20250.000000 14.499087 1.554140 3.044550
 20253.000000 14.480399 1.521116 3.075815
 20256.000000 14.417374 1.540911 3.070003
 20259.000000 14.463755 1.525189 3.053902
 20262.000000 14.461152 1.540820 3.088124
 20265.000000 14.433571 1.542713 3.094360
 20268.000000 14.480490 1.547682 3.083576
 20271.000000 14.534232 1.555776 3.060785
 20274.000000 14.449157 1.560001 3.041453
 20277.000000 14.465214 1.565001 3.033850
 20280.000000 14.450879 1.555352 3.058598
 20283.000000 14.457949 1.560967 3.049702
 20286.000000 14.436387 1.556283 3.053321
 20289.000000 14.437616 1.560067 3.059510
 20292.000000 14.421593 1.567794 3.027397
 20295.000000 14.340394 1.580083 3.031878
 20298.000000 14.352880 1.553099 3.029790
 20301.000000 14.339877 1.587747 2.990831
 20304.000000 14.342040 1.560812 3.018244
 20307.000000 14.400497 1.569028 2.998512
 20310.000000 14.338270 1.574993 3.012768
 20313.000000 14.368005 1.565607 3.007737
 20316.000000 14.274881 1.564445 3.028028
 20319.000000 14.233638 1.562265 3.053041
 20322.000000 14.302367 1.593287 3.034663
 20325.000000 14.398389 1.611777 3.052319
 20328.000000 14.375732 1.610529 3.027491
 20331.000000 14.350771 1.601009 3.018664
 20334.000000 14.428207 1.613030 3.020596
 20337.000000 14.378061 1.597577 3.056572
 20340.000000 14.252889 1.615928 3.022682
 20343.000000 14.267895 1.618740 3.040258
 20346.000000 14.357605 1.623190 3.029834
 20349.000000 14.348759 1.628218 3.039107
 20352.000000 14.340575 1.615157 3.060522
 20355.000000 14.356444 1.601223 3.036278
 20358.000000 14.418296 1.610267 3.027519
 20361.000000 14.390957 1.594762 3.058089
 20364.000000 14.447977 1.596020 3.024598
 20367.000000 14.423123 1.620609 2.998900
 20370.000000 14.405874 1.614651 3.025001
 20373.000000 14.475104 1.619847 3.035579
 20376.000000 14.469067 1.645095 3.019702
 20379.000000 14.374381 1.631259 3.010747
 20382.000000 14.378229 1.607510 3.046963
 20385.000000 14.331011 1.597586 3.044132
 20388.000000 14.375447 1.610379 3.050603
 20391.000000 14.413664 1.594059 3.065820
 20394.000000 14.417358 1.541876 3.094726
 20397.000000 14.431972 1.579186 3.079543
 20400.000000 14.456526 1.595581 3.081162
 20403.000000 14.403830 1.602335 3.049045
 20406.000000 14.368208 1.605228 3.040666
 20409.000000 14.434481 1.603172 3.012567
 20412.000000 14.426717 1.590912 3.044283
 20415.000000 14.448718 1.609752 3.064367
 20418.000000 14.451367 1.579613 3.044309
 20421.000000 14.394684 1.554863 3.038470
 20424.000000 14.416971 1.573516 3.036330
 20427.000000 14.414592 1.563533 3.066795
 20430.000000 14.436759 1.550294 3.037148
 20433.000000 14.382825 1.577672 3.058261
 20436.000000 14.361577 1.587738 3.021682
 20439.000000 14.325828 1.570326 3.066256
 20442.000000 14.378909 1.567955 3.031117
 20445.000000 14.310052 1.575541 3.058095
 20448.000000 14.371505 1.572889 3.063405
 20451.000000 14.395047 1.566229 3.083025
 20454.000000 14.463704 1.561587 3.110618
 20457.000000 14.517033 1.556289 3.081037
 20460.000000 14.549384 1.604428 3.104136
 20463.000000 14.563061 1.592822 3.093095
 20466.000000 14.492312 1.620908 3.035667
 20469.000000 14.516490 1.636169 3.046230
 20472.000000 14.561857 1.623589 3.060278
 20475.000000 14.632228 1.595106 3.094053
 20478.000000 14.585313 1.607565 3.065456
 20481.000000 14.594168 1.600585 3.093549
 20484.000000 14.539016 1.618351 3.050942
 20487.000000 14.537139 1.622907 3.066506
 20490.000000 14.502705 1.629165 3.066597
 20493.000000 14.546324 1.610175 3.086454
 20496.000000 14.482533 1.605871 3.114599
 20499.000000 14.521422 1.590330 3.068539
 20502.000000 14.489574 1.591349 3.055748
 20505.000000 14.453582 1.596949 3.041671
 20508.000000 14.458082 1.602288 3.010916
 20511.000000 14.393188 1.586476 3.014422
 20514.000000 14.408620 1.571661 3.040894
 20517.000000 14.412011 1.577013 3.041369
 20520.000000 14.377992 1.594981 2.993864
 20523.000000 14.273404 1.592703 3.004280
 20526.000000 14.301607 1.582588 3.028469
 20529.000000 14.302018 1.602291 2.998777
 20532.000000 14.271745 1.587990 3.020665
 20535.000000 14.279335 1.586498 3.017971
 20538.000000 14.346974 1.593355 3.020870
 20541.000000 14.422172 1.585375 3.055673
 20544.000000 14.302730 1.593772 3.073043
 20547.000000 14.343276 1.582355 3.041239
 20550.000000 14.319553 1.568114 3.066779
 20553.000000 14.296598 1.584844 3.058633
 20556.000000 14.301156 1.572952 3.067653
 20559.000000 14.304502 1.582590 3.040894
 20562.000000 14.288646 1.578605 3.047010
 20565.000000 14.274133 1.579786 3.022291
 20568.000000 14.287903 1.606716 3.000898
 20571.000000 14.291660 1.590704 2.999251
 20574.000000 14.332687 1.597054 2.998184
 20577.000000 14.335021 1.588606 3.016498
 20580.000000 14.403656 1.587747 3.034782
 20583.000000 14.332353 1.580497 3.020519
 20586.000000 14.324040 1.567121 3.025422
 20589.000000 14.335199 1.574988 3.028456
 20592.000000 14.381924 1.577093 3.024583
 20595.000000 14.390796 1.583801 3.038182
 20598.000000 14.308533 1.599543 3.015220
 20601.000000 14.284746 1.575656 3.025940
 20604.000000 14.317941 1.569305 3.023596
 20607.000000 14.247308 1.580232 3.031016
 20610.000000 14.239824 1.580709 3.005427
 20613.000000 14.235900 1.571126 3.039331
 20616.000000 14.302238 1.554000 3.087558
 20619.000000 14.241966 1.554305 3.030388
 20622.000000 14.207172 1.545954 3.045241
 20625.000000 14.182315 1.587417 3.027392
 20628.000000 14.210846 1.562895 3.039240
 20631.000000 14.177452 1.578403 3.049335
 20634.000000 14.281609 1.601135 3.042980
 20637.000000 14.297665 1.581697 3.029536
 20640.000000 14.279009 1.586854 3.009164
 20643.000000 14.331210 1.604892 2.995421
 20646.000000 14.362391 1.565155 3.028490
 20649.000000 14.346378 1.576221 3.016029
 20652.000000 14.388150 1.584648 2.967724
 20655.000000 14.407179 1.600998 3.004943
 20658.000000 14.259396 1.606946 2.999452
 20661.000000 14.302120 1.572607 3.032669
 20664.000000 14.351509 1.562897 3.030597
 20667.000000 14.344452 1.586629 2.995631
 20670.000000 14.393340 1.592396 2.996222
 20673.000000 14.406634 1.598343 2.994800
 20676.000000 14.326528 1.586486 3.000998
 20679.000000 14.335127 1.592717 2.969773
 20682.000000 14.331909 1.589999 3.000713
 20685.000000 14.303465 1.594817 2.993140
 20688.000000 14.399911 1.590914 2.984476
 20691.000000 14.356856 1.578132 3.041625
 20694.000000 14.404463 1.573362 3.036009
 20697.000000 14.455336 1.548452 3.049671
 20700.000000 14.556389 1.564100 3.036041
 20703.000000 14.541213 1.571909 2.991058
 20706.000000 14.532790 1.593476 2.950653
 20709.000000 14.478049 1.576543 3.008193
 20712.000000 14.453233 1.543295 2.983147
 20715.000000 14.480851 1.563520 2.975076
 20718.000000 14.486668 1.576524 2.935849
 20721.000000 14.440397 1.567140 2.951397
 20724.000000 14.438948 1.565208 2.931068
 20727.000000 14.481669 1.602094 2.975704
 20730.000000 14.503194 1.585616 2.988005
 20733.000000 14.503768 1.584698 2.985627
 20736.000000 14.450639 1.579678 3.000330
 20739.000000 14.529493 1.574880 2.992858
 20742.000000 14.553608 1.561536 3.004123
 20745.000000 14.491461 1.556085 3.002801
 20748.000000 14.502824 1.556898 3.000716
 20751.000000 14.540068 1.564954 2.984638
 20754.000000 14.548713 1.565902 2.989957
 20757.000000 14.510568 1.585009 3.067965
 20760.000000 14.560927 1.544671 3.047009
 20763.000000 14.529260 1.571317 3.011842
 20766.000000 14.421162 1.566129 2.990170
 20769.000000 14.496032 1.599209 2.998853
 20772.000000 14.530988 1.599674 2.993454
 20775.000000 14.463978 1.558230 3.026686
 20778.000000 14.458666 1.562966 3.007222
 20781.000000 14.526818 1.552714 3.000185
 20784.000000 14.537400 1.545102 3.006567
 20787.000000 14.606199 1.536193 2.994841
 20790.000000 14.560098 1.561250 2.997182
 20793.000000 14.571748 1.560341 2.998018
 20796.000000 14.505030 1.587537 2.990724
 20799.000000 14.548448 1.558453 2.998404
 20802.000000 14.530112 1.554302 3.022995
 20805.000000 14.532980 1.532729 3.072633
 20808.000000 14.493946 1.524892 3.071967
 20811.000000 14.477245 1.542826 3.047531
 20814.000000 14.492205 1.541593 3.022361
 20817.000000 14.479358 1.566414 2.993079
 20820.000000 14.460566 1.539777 3.027452
 20823.000000 14.514057 1.595770 2.987006
 20826.000000 14.490293 1.566968 3.019197
 20829.000000 14.417828 1.557824 3.035943
 20832.000000 14.478568 1.552242 3.033186
 20835.000000 14.454799 1.570499 3.057153
 20838.000000 14.416203 1.574458 3.052924
 20841.000000 14.531048 1.579023 3.024813
 20844.000000 14.432455 1.566144 3.022036
 20847.000000 14.506332 1.524820 3.076947
 20850.000000 14.529319 1.541978 3.056565
 20853.000000 14.532315 1.568889 3.042371
 20856.000000 14.482080 1.546376 3.050270
 20859.000000 14.449015 1.547243 3.070585
 20862.000000 14.459672 1.556689 3.067148
 20865.000000 14.442877 1.547547 3.041104
 20868.000000 14.472143 1.524386 3.056991
 20871.000000 14.454637 1.528090 3.030024
 20874.000000 14.479997 1.550935 3.008545
 20877.000000 14.537674 1.537320 2.996153
 20880.000000 14.458422 1.549637 3.017843
 20883.000000 14.395688 1.565149 3.028234
 20886.000000 14.382597 1.532075 3.041384
 20889.000000 14.382954 1.526302 3.035213
 20892.000000 14.470488 1.527039 3.046187
 20895.000000 14.465706 1.523142 3.034645
 20898.000000 14.530929 1.501274 3.016668
 20901.000000 14.529417 1.523383 3.016961
 20904.000000 14.468589 1.535809 3.030233
 20907.000000 14.447342 1.513018 3.029033
 20910.000000 14.473194 1.514631 3.069750
 20913.000000 14.526991 1.507754 3.037239
 20916.000000 14.582367 1.522434 3.075993
 20919.000000 14.477785 1.541119 3.076700
 20922.000000 14.456893 1.537148 3.083649
 20925.000000 14.371591 1.548977 3.060814
 20928.000000 14.405690 1.551199 3.062171
 20931.000000 14.435027 1.550289 3.089560
 20934.000000 14.497225 1.542567 3.061022
 20937.000000 14.447091 1.542209 3.073817
 20940.000000 14.443127 1.547249 3.088055
 20943.000000 14.433300 1.559904 3.059043
 20946.000000 14.434417 1.563722 3.037530
 20949.000000 14.521615 1.548207 3.011165
 20952.000000 14.656626 1.556211 3.019416
 20955.000000 14.584282 1.564515 3.049765
 20958.000000 14.544757 1.567210 3.030260
 20961.000000 14.499155 1.523735 3.037463
 20964.000000 14.474079 1.538560 3.036489
 20967.000000 14.499308 1.566330 3.034612
 20970.000000 14.499574 1.537591 3.037527
 20973.000000 14.420322 1.547456 3.018455
 20976.000000 14.428517 1.562277 2.984714
 20979.000000 14.407181 1.552620 3.033840
 20982.000000 14.353849 1.565153 3.034509
 20985.000000 14.381388 1.568181 3.045827
 20988.000000 14.390660 1.567817 3.033032
 20991.000000 14.474855 1.552422 3.068921
 20994.000000 14.433737 1.555435 3.063927
 20997.000000 14.474461 1.565372 3.026711
 21000.000000 14.473722 1.562598 3.020637
