#! FIELDS time dmid theta gamma
 0.000000 2.482060 0.924652 2.670423
 3.000000 2.535659 0.947201 2.683706
 6.000000 2.558583 0.940487 2.688824
 9.000000 2.666170 0.933459 2.670117
 12.000000 2.642070 0.931270 2.700230
 15.000000 2.635459 0.936776 2.680708
 18.000000 2.689174 0.917154 2.698277
 21.000000 2.787660 0.954553 2.685238
 24.000000 2.821523 0.941093 2.679269
 27.000000 2.803192 0.968039 2.668503
 30.000000 2.748442 0.945236 2.701186
 33.000000 2.765736 0.999591 2.636771
 36.000000 2.859324 0.978011 2.695896
 39.000000 2.811519 0.989678 2.677168
 42.000000 2.767974 1.008247 2.655958
 45.000000 2.767127 0.984346 2.681043
 48.000000 2.759116 1.003055 2.683240
 51.000000 2.775546 1.016192 2.687046
 54.000000 2.806751 1.039444 2.664412
 57.000000 2.790895 1.037912 2.700753
 60.000000 2.832095 1.032752 2.707834
 63.000000 2.845612 1.061254 2.682150
 66.000000 2.896339 1.075730 2.682782
 69.000000 2.892295 1.048247 2.716880
 72.000000 2.936766 1.064084 2.710855
 75.000000 2.881503 1.038215 2.729003
 78.000000 2.915583 1.041601 2.731420
 81.000000 2.827867 1.043894 2.725752
 84.000000 2.923609 1.060849 2.740200
 87.000000 2.926446 1.075667 2.713450
 90.000000 2.902697 1.078941 2.728121
 93.000000 2.943947 1.090089 2.737533
 96.000000 2.969779 1.078937 2.719999
 99.000000 2.943558 1.082170 2.755425
 102.000000 2.966604 1.056252 2.779210
 105.000000 2.895968 1.057383 2.771555
 108.000000 2.964052 1.054213 2.752843
 111.000000 2.981080 1.076930 2.743068
 114.000000 2.930272 1.081535 2.749787
 117.000000 3.011891 1.058117 2.778470
 120.000000 3.018151 1.049939 2.784719
 123.000000 2.987652 1.045614 2.800565
 126.000000 3.025568 1.079048 2.810943
 129.000000 3.052340 1.093200 2.816691
 132.000000 3.041594 1.113909 2.803688
 135.000000 3.013853 1.130348 2.770888
 138.000000 3.059860 1.147309 2.778789
 141.000000 3.067151 1.174221 2.741733
 144.000000 3.014750 1.148678 2.764471
 147.000000 2.983175 1.145749 2.783286
 150.000000 3.114812 1.152068 2.808716
 153.000000 3.108357 1.162977 2.839092
 156.000000 3.100469 1.167650 2.815432
 159.000000 3.116083 1.167497 2.810912
 162.000000 3.089537 1.181721 2.812569
 165.000000 3.010368 1.183531 2.793189
 168.000000 3.093449 1.204898 2.770949
 171.000000 3.155810 1.231805 2.740669
 174.000000 3.173352 1.246720 2.740445
 177.000000 3.120957 1.251436 2.736389
 180.000000 3.065048 1.232473 2.739188
 183.000000 3.083518 1.237841 2.743412
 186.000000 3.040875 1.249018 2.749062
 189.000000 3.047716 1.202855 2.787054
 192.000000 3.114208 1.248199 2.772479
 195.000000 3.080767 1.245425 2.770248
 198.000000 3.039225 1.249106 2.799164
 201.000000 2.963604 1.258424 2.784332
 204.000000 2.947459 1.246734 2.803314
 207.000000 2.972214 1.263077 2.771487
 210.000000 2.973991 1.262744 2.776999
 213.000000 2.990810 1.250269 2.784518
 216.000000 2.918203 1.243316 2.777298
 219.000000 2.965142 1.250391 2.790061
 222.000000 3.011095 1.249169 2.780004
 225.000000 2.962137 1.255030 2.772254
 228.000000 2.990211 1.230359 2.815236
 231.000000 3.051468 1.239915 2.804228
 234.000000 3.011403 1.265395 2.767700
 237.000000 3.004944 1.245913 2.806598
 240.000000 3.057881 1.252389 2.813003
 243.000000 2.986154 1.247696 2.842760
 246.000000 2.998944 1.238542 2.820914
 249.000000 3.018353 1.248669 2.823700
 252.000000 3.015781 1.240728 2.823136
 255.000000 3.003958 1.238625 2.837859
 258.000000 2.942949 1.254749 2.818562
 261.000000 2.953807 1.256949 2.839321
 264.000000 2.933118 1.251307 2.831649
 267.000000 2.959075 1.280127 2.814330
 270.000000 3.007765 1.250143 2.836970
 273.000000 2.966993 1.250609 2.831025
 276.000000 2.967830 1.271179 2.828489
 279.000000 2.980345 1.252321 2.850251
 282.000000 3.015865 1.259068 2.821823
 285.000000 3.035583 1.249286 2.840181
 288.000000 3.001592 1.243998 2.844283
 291.000000 3.038795 1.258713 2.817958
 294.000000 3.045966 1.280689 2.829882
 297.000000 2.994588 1.231584 2.859622
 300.000000 2.948651 1.239788 2.862958
 303.000000 2.983741 1.246901 2.843100
 306.000000 3.050639 1.256339 2.835808
 309.000000 3.053709 1.264415 2.804935
 312.000000 3.033254 1.260077 2.824010
 315.000000 3.021838 1.299729 2.829854
 318.000000 3.060551 1.286233 2.845154
 321.000000 3.067230 1.283222 2.882928
 324.000000 3.090427 1.278351 2.895140
 327.000000 3.066186 1.293941 2.851296
 330.000000 3.060747 1.298771 2.843899
 333.000000 3.123162 1.275751 2.869926
 336.000000 3.005721 1.252239 2.865756
 339.000000 3.000871 1.263948 2.859844
 342.000000 3.044644 1.288941 2.843289
 345.000000 2.961646 1.265165 2.857068
 348.000000 3.016365 1.261616 2.846855
 351.000000 3.000693 1.269803 2.843356
 354.000000 3.064669 1.266639 2.864975
 357.000000 2.950787 1.257912 2.850662
 360.000000 2.987674 1.288187 2.850017
 363.000000 3.052073 1.259220 2.867715
 366.000000 2.999892 1.235647 2.882218
 369.000000 2.901582 1.245851 2.823999
 372.000000 2.957388 1.260495 2.849642
 375.000000 2.936560 1.255499 2.851044
 378.000000 2.899766 1.257659 2.819137
 381.000000 2.901621 1.239776 2.839562
 384.000000 2.986107 1.260697 2.822940
 387.000000 2.955494 1.280729 2.828057
 390.000000 3.037198 1.285644 2.787277
 393.000000 2.851837 1.262222 2.802800
 396.000000 2.886854 1.269461 2.773699
 399.000000 2.950101 1.290368 2.796960
 402.000000 2.971670 1.300141 2.794658
 405.000000 3.073161 1.311931 2.828319
 408.000000 3.035582 1.285384 2.828310
 411.000000 2.892776 1.291616 2.803525
 414.000000 3.011912 1.298260 2.837178
 417.000000 2.976617 1.289451 2.834431
 420.000000 2.950075 1.266755 2.828199
 423.000000 2.942233 1.279386 2.825413
 426.000000 2.991982 1.277592 2.827357
 429.000000 2.960366 1.285540 2.798377
 432.000000 3.098684 1.267608 2.835186
 435.000000 3.024837 1.269885 2.814252
 438.000000 3.072681 1.308113 2.804144
 441.000000 3.086076 1.301522 2.809231
 444.000000 3.135964 1.276081 2.846496
 447.000000 3.077820 1.295017 2.845038
 450.000000 2.980846 1.265760 2.855534
 453.000000 2.980566 1.276458 2.835816
 456.000000 2.945848 1.273362 2.829038
 459.000000 2.942897 1.310773 2.806887
 462.000000 2.959124 1.320238 2.768201
 465.000000 2.965294 1.334085 2.790071
 468.000000 2.935050 1.306132 2.845965
 471.000000 3.027627 1.364808 2.828846
 474.000000 2.984395 1.339274 2.872213
 477.000000 2.924058 1.347515 2.838074
 480.000000 2.921657 1.346472 2.865230
 483.000000 2.890472 1.322239 2.888251
 486.000000 2.985927 1.351562 2.874492
 489.000000 2.940933 1.363546 2.843178
 492.000000 2.909405 1.349533 2.845146
 495.000000 2.977948 1.363909 2.835341
 498.000000 2.910947 1.336004 2.862958
 501.000000 2.918353 1.337691 2.876270
 504.000000 2.908676 1.376494 2.836350
 507.000000 2.925702 1.384296 2.841149
 510.000000 2.954388 1.354080 2.864748
 513.000000 2.944638 1.336345 2.913290
 516.000000 3.007246 1.358031 2.855754
 519.000000 2.959659 1.361659 2.883341
 522.000000 2.885983 1.320499 2.890114
 525.000000 2.957781 1.343730 2.897431
 528.000000 2.919533 1.351476 2.876455
 531.000000 2.893027 1.325663 2.858246
 534.000000 2.848243 1.308617 2.872105
 537.000000 2.885421 1.320318 2.854707
 540.000000 2.840119 1.320052 2.876911
 543.000000 2.860707 1.334153 2.880057
 546.000000 2.851423 1.302393 2.897132
 549.000000 2.928233 1.317108 2.853896
 552.000000 2.902920 1.343123 2.834356
 555.000000 2.939437 1.365862 2.843406
 558.000000 2.891989 1.368621 2.840582
 561.000000 2.862801 1.347407 2.835010
 564.000000 2.928327 1.371378 2.827788
 567.000000 2.963805 1.378386 2.863603
 570.000000 2.927097 1.395809 2.813849
 573.000000 2.913102 1.387068 2.842922
 576.000000 2.883328 1.394808 2.824090
 579.000000 2.907820 1.397976 2.811659
 582.000000 2.857125 1.384998 2.852162
 585.000000 2.842065 1.395885 2.857777
 588.000000 2.803808 1.353711 2.865657
 591.000000 2.867179 1.381818 2.853238
 594.000000 2.869590 1.392420 2.817661
 597.000000 2.909363 1.381882 2.832969
 600.000000 2.956401 1.382401 2.847760
 603.000000 2.958054 1.361301 2.893166
 606.000000 2.934069 1.386412 2.886482
 609.000000 2.965210 1.366050 2.888714
 612.000000 2.892381 1.379884 2.891232
 615.000000 2.960385 1.371115 2.875760
 618.000000 2.878122 1.365231 2.887337
 621.000000 2.861164 1.361269 2.873038
 624.000000 2.912914 1.372070 2.886945
 627.000000 2.879412 1.374281 2.870026
 630.000000 2.936825 1.359554 2.874153
 633.000000 2.941852 1.363250 2.892436
 636.000000 2.971177 1.374914 2.860207
 639.000000 2.949256 1.412617 2.864632
 642.000000 2.944022 1.411632 2.856207
 645.000000 2.974218 1.412338 2.847461
 648.000000 2.958007 1.397365 2.848608
 651.000000 2.889325 1.373032 2.855818
 654.000000 2.896802 1.387795 2.875023
 657.000000 2.895232 1.387226 2.864067
 660.000000 2.848484 1.324871 2.905590
 663.000000 2.867784 1.367226 2.868719
 666.000000 2.860863 1.397101 2.837202
 669.000000 2.828513 1.372538 2.861879
 672.000000 2.822616 1.389361 2.834759
 675.000000 2.774381 1.385099 2.850728
 678.000000 2.799423 1.389679 2.827899
 681.000000 2.825040 1.379155 2.818271
 684.000000 2.754718 1.382427 2.831249
 687.000000 2.798466 1.364134 2.827332
 690.000000 2.843494 1.381944 2.833858
 693.000000 2.863492 1.426299 2.847732
 696.000000 2.893471 1.391499 2.844513
 699.000000 2.970662 1.397100 2.846119
 702.000000 2.961709 1.406379 2.847241
 705.000000 2.909471 1.403160 2.847814
 708.000000 2.875469 1.392250 2.851723
 711.000000 2.873835 1.414271 2.856028
 714.000000 2.818264 1.379763 2.864761
 717.000000 2.875506 1.376702 2.880567
 720.000000 2.788130 1.359601 2.857232
 723.000000 2.767754 1.398532 2.826977
 726.000000 2.752144 1.375009 2.848137
 729.000000 2.815128 1.420100 2.843719
 732.000000 2.831450 1.438782 2.857276
 735.000000 2.860303 1.433907 2.829758
 738.000000 2.825066 1.408325 2.809707
 741.000000 2.831228 1.427005 2.800386
 744.000000 2.783505 1.433672 2.805943
 747.000000 2.733391 1.400336 2.812409
 750.000000 2.744628 1.405961 2.809262
 753.000000 2.705103 1.425182 2.771563
 756.000000 2.828351 1.435919 2.814642
 759.000000 2.828484 1.424779 2.795112
 762.000000 2.800573 1.421143 2.806583
 765.000000 2.836476 1.412186 2.805683
 768.000000 2.807895 1.389315 2.805550
 771.000000 2.810716 1.390209 2.812172
 774.000000 2.773820 1.386332 2.812799
 777.000000 2.789630 1.391982 2.806522
 780.000000 2.749668 1.384437 2.817405
 783.000000 2.737717 1.389760 2.805968
 786.000000 2.818974 1.376607 2.834671
 789.000000 2.795604 1.384899 2.833710
 792.000000 2.721793 1.371568 2.809076
 795.000000 2.727125 1.362290 2.801778
 798.000000 2.771153 1.369551 2.819321
 801.000000 2.801877 1.366876 2.833490
 804.000000 2.782573 1.364141 2.854572
 807.000000 2.825259 1.377035 2.853991
 810.000000 2.797652 1.362183 2.870303
 813.000000 2.769194 1.336757 2.880403
 816.000000 2.741340 1.348761 2.886494
 819.000000 2.721908 1.340450 2.883697
 822.000000 2.690590 1.371134 2.863574
 825.000000 2.750228 1.390821 2.886132
 828.000000 2.776626 1.395241 2.867774
 831.000000 2.736786 1.363983 2.853871
 834.000000 2.734610 1.379804 2.847204
 837.000000 2.783192 1.398581 2.851496
 840.000000 2.840732 1.420499 2.854043
 843.000000 2.787213 1.402541 2.844037
 846.000000 2.760378 1.424509 2.817909
 849.000000 2.914065 1.418300 2.828241
 852.000000 2.909699 1.385369 2.850893
 855.000000 2.866938 1.386796 2.879013
 858.000000 2.821854 1.379349 2.875979
 861.000000 2.825111 1.386642 2.856603
 864.000000 2.833510 1.421840 2.827917
 867.000000 2.831296 1.389041 2.875090
 870.000000 2.851804 1.391159 2.856522
 873.000000 2.805954 1.373994 2.863435
 876.000000 2.749390 1.357226 2.884881
 879.000000 2.816181 1.401427 2.837922
 882.000000 2.745498 1.377838 2.882616
 885.000000 2.832619 1.406695 2.866281
 888.000000 2.834691 1.426272 2.852240
 891.000000 2.827296 1.426293 2.820090
 894.000000 2.869790 1.408595 2.835198
 897.000000 2.782707 1.400000 2.838406
 900.000000 2.717401 1.399311 2.833394
 903.000000 2.701925 1.387942 2.864030
 906.000000 2.787865 1.424996 2.833766
 909.000000 2.775334 1.380753 2.871154
 912.000000 2.826245 1.431074 2.837516
 915.000000 2.862501 1.480330 2.811208
 918.000000 2.888966 1.458613 2.846865
 921.000000 2.839302 1.427575 2.857655
 924.000000 2.781621 1.464022 2.821263
 927.000000 2.809730 1.461521 2.858535
 930.000000 2.806830 1.457818 2.869194
 933.000000 2.886126 1.460436 2.899133
 936.000000 2.875643 1.473740 2.891480
 939.000000 2.784712 1.454623 2.855776
 942.000000 2.865580 1.450458 2.861690
 945.000000 2.854179 1.462479 2.893796
 948.000000 2.825316 1.434588 2.901867
 951.000000 2.833068 1.416511 2.865908
 954.000000 2.836485 1.432409 2.863624
 957.000000 2.851209 1.441855 2.869941
 960.000000 2.789153 1.398335 2.910189
 963.000000 2.841442 1.419189 2.899512
 966.000000 2.865383 1.419685 2.904360
 969.000000 2.878885 1.413101 2.904581
 972.000000 2.935167 1.423370 2.894391
 975.000000 2.958083 1.434827 2.907392
 978.000000 2.991566 1.443427 2.906322
 981.000000 2.972013 1.423496 2.891290
 984.000000 2.993556 1.392516 2.888995
 987.000000 3.004117 1.413292 2.868504
 990.000000 3.057810 1.425094 2.867807
 993.000000 3.054858 1.420573 2.873623
 996.000000 2.995030 1.402515 2.875988
 999.000000 2.951829 1.392786 2.887600
 1002.000000 2.854696 1.353124 2.917626
 1005.000000 2.943668 1.418704 2.891098
 1008.000000 2.918649 1.377814 2.891933
 1011.000000 2.972944 1.377358 2.889301
 1014.000000 2.920665 1.399310 2.844354
 1017.000000 2.955232 1.382391 2.891363
 1020.000000 2.883103 1.366079 2.921115
 1023.000000 2.868133 1.397126 2.875748
 1026.000000 2.838044 1.336294 2.884539
 1029.000000 2.818565 1.343399 2.885064
 1032.000000 2.862257 1.370019 2.874138
 1035.000000 2.871860 1.361901 2.870814
 1038.000000 2.851888 1.371403 2.859668
 1041.000000 2.901827 1.360663 2.886329
 1044.000000 2.903999 1.343937 2.910887
 1047.000000 2.940414 1.366946 2.886674
 1050.000000 2.946802 1.358756 2.893748
 1053.000000 2.942883 1.381859 2.881212
 1056.000000 2.902253 1.357758 2.882681
 1059.000000 2.927247 1.370943 2.891850
 1062.000000 2.897078 1.347544 2.895107
 1065.000000 2.934793 1.359735 2.876937
 1068.000000 2.959772 1.356739 2.894723
 1071.000000 2.946641 1.353410 2.893076
 1074.000000 2.979052 1.372628 2.904385
 1077.000000 2.974874 1.361723 2.879156
 1080.000000 2.959661 1.361116 2.882638
 1083.000000 3.034417 1.373983 2.890220
 1086.000000 2.907444 1.351483 2.906669
 1089.000000 2.922130 1.336539 2.906235
 1092.000000 2.855542 1.324245 2.919461
 1095.000000 2.882260 1.326950 2.905076
 1098.000000 2.843254 1.318483 2.888449
 1101.000000 2.866140 1.307026 2.926974
 1104.000000 2.879651 1.325956 2.887374
 1107.000000 2.857308 1.348986 2.869499
 1110.000000 2.821060 1.331088 2.889785
 1113.000000 2.829992 1.329152 2.897527
 1116.000000 2.887779 1.362138 2.870172
 1119.000000 2.871332 1.361516 2.870500
 1122.000000 2.885017 1.362644 2.874376
 1125.000000 2.849631 1.347803 2.896612
 1128.000000 2.805811 1.365190 2.876335
 1131.000000 2.893143 1.406765 2.860784
 1134.000000 2.915880 1.358099 2.935697
 1137.000000 2.915453 1.362844 2.915016
 1140.000000 2.966381 1.374075 2.912837
 1143.000000 2.993825 1.380234 2.897972
 1146.000000 2.950958 1.360047 2.916620
 1149.000000 2.941088 1.384191 2.910553
 1152.000000 2.986665 1.404853 2.879086
 1155.000000 2.915933 1.384245 2.910884
 1158.000000 2.924870 1.367291 2.931245
 1161.000000 2.941388 1.386173 2.873439
 1164.000000 3.000839 1.411390 2.886585
 1167.000000 3.049043 1.397918 2.911402
 1170.000000 3.028206 1.431230 2.903158
 1173.000000 3.022062 1.446147 2.862565
 1176.000000 2.976421 1.424330 2.883368
 1179.000000 2.949080 1.396625 2.890130
 1182.000000 2.906811 1.362617 2.932579
 1185.000000 2.897603 1.378551 2.921263
 1188.000000 2.932727 1.387402 2.874579
 1191.000000 2.943533 1.361903 2.917924
 1194.000000 2.950388 1.380678 2.869508
 1197.000000 2.917200 1.356261 2.914451
 1200.000000 2.909036 1.381095 2.862918
 1203.000000 2.888119 1.363419 2.868410
 1206.000000 2.881941 1.368235 2.871864
 1209.000000 2.918479 1.400878 2.865124
 1212.000000 2.844669 1.336464 2.883367
 1215.000000 2.925504 1.361150 2.859826
 1218.000000 2.948238 1.386121 2.875207
 1221.000000 2.899144 1.361697 2.866791
 1224.000000 2.911497 1.393111 2.855250
 1227.000000 2.980924 1.357062 2.885313
 1230.000000 2.925648 1.337416 2.888901
 1233.000000 3.030623 1.338869 2.865475
 1236.000000 3.020624 1.363011 2.862083
 1239.000000 2.958230 1.337224 2.856505
 1242.000000 3.006140 1.339261 2.841474
 1245.000000 2.981820 1.348020 2.835695
 1248.000000 2.954019 1.332905 2.852378
 1251.000000 2.913061 1.362651 2.845432
 1254.000000 2.954068 1.357914 2.877101
 1257.000000 2.991188 1.341816 2.881729
 1260.000000 3.034906 1.347521 2.852127
 1263.000000 3.077015 1.348654 2.859879
 1266.000000 3.048000 1.320747 2.903365
 1269.000000 3.001360 1.331879 2.870932
 1272.000000 2.987904 1.332381 2.878283
 1275.000000 2.974888 1.336602 2.892811
 1278.000000 2.971177 1.333095 2.874759
 1281.000000 2.970414 1.334754 2.850896
 1284.000000 3.010500 1.334066 2.865098
 1287.000000 3.055165 1.360527 2.866330
 1290.000000 2.992246 1.345673 2.853765
 1293.000000 2.971862 1.334993 2.863207
 1296.000000 2.953355 1.362748 2.864888
 1299.000000 2.953280 1.352491 2.882195
 1302.000000 2.916116 1.350408 2.888513
 1305.000000 2.958419 1.333603 2.891968
 1308.000000 2.885402 1.340923 2.873377
 1311.000000 2.830693 1.328336 2.878917
 1314.000000 2.849766 1.345197 2.876487
 1317.000000 2.812028 1.308468 2.875461
 1320.000000 2.779039 1.291746 2.869835
 1323.000000 2.816135 1.298527 2.913638
 1326.000000 2.895377 1.327287 2.892521
 1329.000000 2.903251 1.327937 2.903071
 1332.000000 2.855458 1.334077 2.893845
 1335.000000 2.890364 1.376825 2.859236
 1338.000000 2.914967 1.358850 2.873299
 1341.000000 2.918805 1.358943 2.870304
 1344.000000 2.933294 1.375427 2.843079
 1347.000000 2.908580 1.393699 2.831973
 1350.000000 2.897740 1.352627 2.857074
 1353.000000 2.917206 1.356328 2.885885
 1356.000000 2.900312 1.379026 2.825836
 1359.000000 2.844503 1.356098 2.836947
 1362.000000 2.840882 1.333408 2.844645
 1365.000000 2.868744 1.351555 2.833868
 1368.000000 2.866906 1.334413 2.847243
 1371.000000 2.946900 1.341890 2.849265
 1374.000000 2.928524 1.319611 2.862701
 1377.000000 2.941449 1.344884 2.825338
 1380.000000 2.996213 1.334202 2.852844
 1383.000000 2.943657 1.321700 2.847908
 1386.000000 2.916802 1.320367 2.820816
 1389.000000 2.927676 1.330005 2.851062
 1392.000000 2.928541 1.323117 2.839746
 1395.000000 2.880421 1.320702 2.831004
 1398.000000 2.845454 1.332656 2.825452
 1401.000000 2.859437 1.324513 2.838664
 1404.000000 2.822769 1.344582 2.825158
 1407.000000 2.853388 1.351657 2.875490
 1410.000000 2.854005 1.343386 2.871102
 1413.000000 2.882295 1.333624 2.883032
 1416.000000 2.904256 1.368792 2.870772
 1419.000000 2.985874 1.362618 2.888728
 1422.000000 3.014907 1.378614 2.884172
 1425.000000 2.984296 1.376041 2.854760
 1428.000000 2.960746 1.363628 2.867049
 1431.000000 2.992252 1.402216 2.877707
 1434.000000 2.980558 1.378434 2.874331
 1437.000000 3.007838 1.384471 2.883715
 1440.000000 2.957543 1.373757 2.885208
 1443.000000 2.968284 1.380926 2.914055
 1446.000000 2.928405 1.391412 2.866996
 1449.000000 2.862108 1.360237 2.892296
 1452.000000 2.864404 1.362678 2.886978
 1455.000000 2.901318 1.398858 2.903116
 1458.000000 2.892656 1.381205 2.885818
 1461.000000 2.870394 1.370514 2.880469
 1464.000000 2.867668 1.379866 2.894620
 1467.000000 2.796750 1.367411 2.886345
 1470.000000 2.860076 1.383247 2.876563
 1473.000000 2.857857 1.359935 2.876962
 1476.000000 2.883736 1.349004 2.921987
 1479.000000 2.903729 1.378327 2.887644
 1482.000000 2.896664 1.375261 2.889601
 1485.000000 2.940014 1.361520 2.882602
 1488.000000 2.883672 1.341608 2.910461
 1491.000000 2.932000 1.349885 2.922710
 1494.000000 2.858020 1.352075 2.890398
 1497.000000 2.841223 1.348905 2.886695
 1500.000000 2.832646 1.369809 2.861364
 1503.000000 2.823702 1.361524 2.858711
 1506.000000 2.770414 1.368288 2.897156
 1509.000000 2.798387 1.367333 2.891265
 1512.000000 2.818331 1.369042 2.875784
 1515.000000 2.848045 1.343102 2.884338
 1518.000000 2.815785 1.352193 2.878135
 1521.000000 2.800830 1.357410 2.861896
 1524.000000 2.761581 1.344709 2.880021
 1527.000000 2.848522 1.366930 2.847020
 1530.000000 2.882430 1.358558 2.918124
 1533.000000 2.861380 1.370897 2.882131
 1536.000000 2.845166 1.378964 2.901352
 1539.000000 2.845552 1.408644 2.902369
 1542.000000 2.856523 1.384473 2.890680
 1545.000000 2.818646 1.385893 2.872378
 1548.000000 2.823634 1.392029 2.900520
 1551.000000 2.819611 1.402908 2.907394
 1554.000000 2.856732 1.420936 2.895017
 1557.000000 2.903889 1.414887 2.910409
 1560.000000 2.796134 1.397551 2.936074
 1563.000000 2.746441 1.389894 2.923503
 1566.000000 2.785239 1.391018 2.913371
 1569.000000 2.846494 1.402964 2.916207
 1572.000000 2.790349 1.424727 2.881977
 1575.000000 2.717197 1.379049 2.939433
 1578.000000 2.756486 1.383679 2.911543
 1581.000000 2.762668 1.393913 2.927327
 1584.000000 2.723626 1.355382 2.920427
 1587.000000 2.701217 1.360997 2.928921
 1590.000000 2.732166 1.359620 2.934104
 1593.000000 2.729809 1.326376 2.926014
 1596.000000 2.769866 1.351911 2.935380
 1599.000000 2.783356 1.337470 2.937990
 1602.000000 2.859657 1.354512 2.940251
 1605.000000 2.845745 1.357659 2.898165
 1608.000000 2.867543 1.378812 2.916758
 1611.000000 2.789800 1.364414 2.912829
 1614.000000 2.803167 1.343768 2.923672
 1617.000000 2.797396 1.375981 2.876515
 1620.000000 2.752873 1.354658 2.886284
 1623.000000 2.743362 1.364677 2.852154
 1626.000000 2.751602 1.342021 2.895414
 1629.000000 2.810131 1.361938 2.906178
 1632.000000 2.889893 1.388466 2.890438
 1635.000000 2.763586 1.364673 2.902295
 1638.000000 2.722358 1.331393 2.911317
 1641.000000 2.814404 1.347783 2.915853
 1644.000000 2.781608 1.352682 2.892610
 1647.000000 2.843422 1.383171 2.869754
 1650.000000 2.838147 1.392664 2.885894
 1653.000000 2.906283 1.402134 2.879840
 1656.000000 2.818304 1.393587 2.875852
 1659.000000 2.844917 1.405575 2.901912
 1662.000000 2.789336 1.394900 2.881444
 1665.000000 2.831268 1.402611 2.878088
 1668.000000 2.750552 1.379085 2.896555
 1671.000000 2.731449 1.381078 2.860629
 1674.000000 2.759213 1.404404 2.835887
 1677.000000 2.756178 1.422876 2.811636
 1680.000000 2.753784 1.371583 2.842079
 1683.000000 2.697535 1.371230 2.846799
 1686.000000 2.749248 1.364926 2.869169
 1689.000000 2.686746 1.388915 2.893984
 1692.000000 2.703979 1.400397 2.884896
 1695.000000 2.763618 1.428385 2.887865
 1698.000000 2.755594 1.425967 2.900917
 1701.000000 2.746766 1.381047 2.887150
 1704.000000 2.677198 1.395789 2.862152
 1707.000000 2.701104 1.361904 2.892431
 1710.000000 2.680105 1.395893 2.843452
 1713.000000 2.658372 1.400684 2.825385
 1716.000000 2.660449 1.404490 2.821996
 1719.000000 2.718037 1.427951 2.824029
 1722.000000 2.688998 1.422866 2.849806
 1725.000000 2.719441 1.434857 2.849023
 1728.000000 2.715017 1.409019 2.873090
 1731.000000 2.685284 1.433019 2.855524
 1734.000000 2.640760 1.446135 2.863535
 1737.000000 2.719175 1.457972 2.859471
 1740.000000 2.756922 1.448949 2.884277
 1743.000000 2.689855 1.399384 2.879709
 1746.000000 2.756550 1.431272 2.875911
 1749.000000 2.713340 1.421967 2.859343
 1752.000000 2.701912 1.421222 2.875224
 1755.000000 2.717214 1.400955 2.911490
 1758.000000 2.679749 1.419306 2.935042
 1761.000000 2.683525 1.418589 2.906575
 1764.000000 2.727542 1.409910 2.925596
 1767.000000 2.717136 1.441122 2.896333
 1770.000000 2.728228 1.410849 2.854792
 1773.000000 2.707325 1.419418 2.844196
 1776.000000 2.714990 1.402433 2.878693
 1779.000000 2.728832 1.398640 2.909045
 1782.000000 2.688807 1.419824 2.901007
 1785.000000 2.672667 1.392386 2.913478
 1788.000000 2.657637 1.417453 2.919797
 1791.000000 2.713031 1.396928 2.914281
 1794.000000 2.649037 1.379097 2.916386
 1797.000000 2.628365 1.388536 2.909308
 1800.000000 2.593090 1.418625 2.888202
 1803.000000 2.700401 1.454449 2.878632
 1806.000000 2.700228 1.427068 2.906063
 1809.000000 2.628840 1.421899 2.887226
 1812.000000 2.637129 1.415793 2.892463
 1815.000000 2.664333 1.441730 2.876319
 1818.000000 2.712235 1.427007 2.923492
 1821.000000 2.734940 1.411969 2.895733
 1824.000000 2.732072 1.410752 2.887295
 1827.000000 2.671068 1.395668 2.876247
 1830.000000 2.729992 1.380728 2.889822
 1833.000000 2.786388 1.378887 2.933421
 1836.000000 2.715224 1.381410 2.864606
 1839.000000 2.798601 1.384758 2.881843
 1842.000000 2.893768 1.397374 2.891828
 1845.000000 2.782457 1.386617 2.885743
 1848.000000 2.796135 1.387916 2.883909
 1851.000000 2.774535 1.396569 2.923927
 1854.000000 2.827039 1.411210 2.905588
 1857.000000 2.817507 1.399323 2.903458
 1860.000000 2.838227 1.414043 2.869898
 1863.000000 2.801898 1.376979 2.897535
 1866.000000 2.796938 1.393994 2.912761
 1869.000000 2.769608 1.381628 2.919771
 1872.000000 2.761164 1.402435 2.906094
 1875.000000 2.756919 1.384894 2.894755
 1878.000000 2.772350 1.386187 2.895753
 1881.000000 2.809200 1.383469 2.923398
 1884.000000 2.848137 1.415988 2.918724
 1887.000000 2.802560 1.414682 2.869137
 1890.000000 2.776172 1.430425 2.879033
 1893.000000 2.828419 1.444514 2.873899
 1896.000000 2.748814 1.402591 2.879366
 1899.000000 2.786308 1.441721 2.858258
 1902.000000 2.829401 1.469650 2.861102
 1905.000000 2.765540 1.438381 2.880592
 1908.000000 2.846659 1.448579 2.868821
 1911.000000 2.714431 1.444877 2.838061
 1914.000000 2.726924 1.403638 2.899168
 1917.000000 2.725002 1.427907 2.862560
 1920.000000 2.831344 1.415919 2.883133
 1923.000000 2.741035 1.403584 2.911861
 1926.000000 2.771932 1.444515 2.891153
 1929.000000 2.832876 1.394721 2.897269
 1932.000000 2.797684 1.391129 2.897721
 1935.000000 2.802550 1.378853 2.892024
 1938.000000 2.796338 1.404743 2.861656
 1941.000000 2.754269 1.392585 2.859674
 1944.000000 2.758200 1.374580 2.832133
 1947.000000 2.763103 1.396390 2.871603
 1950.000000 2.753141 1.399201 2.843793
 1953.000000 2.747808 1.390852 2.889167
 1956.000000 2.744442 1.379640 2.891477
 1959.000000 2.709380 1.381343 2.885223
 1962.000000 2.719789 1.394178 2.885392
 1965.000000 2.668181 1.367916 2.880983
 1968.000000 2.807077 1.409789 2.895328
 1971.000000 2.832564 1.423139 2.886618
 1974.000000 2.813850 1.415230 2.892806
 1977.000000 2.777588 1.408127 2.883252
 1980.000000 2.848199 1.413794 2.905656
 1983.000000 2.846092 1.401287 2.897136
 1986.000000 2.863678 1.428519 2.882897
 1989.000000 2.907519 1.421207 2.911022
 1992.000000 2.874266 1.448560 2.856503
 1995.000000 2.829960 1.451917 2.895596
 1998.000000 2.951388 1.435687 2.912636
 2001.000000 2.924710 1.444045 2.873500
 2004.000000 2.869217 1.429437 2.878919
 2007.000000 2.845665 1.450176 2.879451
 2010.000000 2.801128 1.408111 2.906453
 2013.000000 2.812248 1.393435 2.898698
 2016.000000 2.800394 1.396122 2.899138
 2019.000000 2.773326 1.401995 2.905631
 2022.000000 2.833336 1.443404 2.877375
 2025.000000 2.843684 1.446745 2.857508
 2028.000000 2.859455 1.435198 2.869073
 2031.000000 2.848930 1.434868 2.856408
 2034.000000 2.856483 1.454009 2.883281
 2037.000000 2.797139 1.458717 2.834053
 2040.000000 2.822593 1.455460 2.851920
 2043.000000 2.828160 1.440964 2.853046
 2046.000000 2.817255 1.477617 2.858716
 2049.000000 2.762476 1.465689 2.827084
 2052.000000 2.764670 1.471248 2.818147
 2055.000000 2.753366 1.427184 2.873509
 2058.000000 2.804402 1.422788 2.891601
 2061.000000 2.797737 1.382619 2.899664
 2064.000000 2.834982 1.421452 2.894643
 2067.000000 2.772714 1.408440 2.910963
 2070.000000 2.868136 1.432223 2.905872
 2073.000000 2.827111 1.460503 2.849618
 2076.000000 2.878591 1.428430 2.912410
 2079.000000 2.810988 1.426755 2.915095
 2082.000000 2.844251 1.418163 2.937366
 2085.000000 2.870970 1.443617 2.902906
 2088.000000 2.882603 1.465089 2.913373
 2091.000000 2.732616 1.412341 2.902343
 2094.000000 2.730495 1.417496 2.863137
 2097.000000 2.798140 1.419288 2.881172
 2100.000000 2.861352 1.440112 2.868141
 2103.000000 2.861541 1.441138 2.862625
 2106.000000 2.834730 1.438338 2.871920
 2109.000000 2.792110 1.435562 2.865898
 2112.000000 2.837844 1.432457 2.890423
 2115.000000 2.828194 1.442458 2.890134
 2118.000000 2.856088 1.464812 2.844892
 2121.000000 2.871498 1.432550 2.872970
 2124.000000 2.795808 1.440034 2.863529
 2127.000000 2.826755 1.460069 2.862879
 2130.000000 2.833223 1.440620 2.892119
 2133.000000 2.793592 1.439438 2.883754
 2136.000000 2.847258 1.446765 2.844893
 2139.000000 2.725432 1.415319 2.878321
 2142.000000 2.796399 1.417412 2.873698
 2145.000000 2.773448 1.411603 2.897589
 2148.000000 2.816058 1.451104 2.851576
 2151.000000 2.859461 1.452829 2.830122
 2154.000000 2.789796 1.427845 2.826113
 2157.000000 2.819069 1.420684 2.842160
 2160.000000 2.829887 1.415519 2.843936
 2163.000000 2.777176 1.425703 2.836125
 2166.000000 2.843253 1.401628 2.837326
 2169.000000 2.897792 1.432069 2.852336
 2172.000000 2.838743 1.410735 2.825950
 2175.000000 2.806355 1.428532 2.797081
 2178.000000 2.802355 1.388121 2.870337
 2181.000000 2.772833 1.410929 2.828702
 2184.000000 2.757506 1.381688 2.856270
 2187.000000 2.748830 1.388410 2.856314
 2190.000000 2.750924 1.380935 2.868220
 2193.000000 2.745116 1.370521 2.838705
 2196.000000 2.673354 1.349389 2.876797
 2199.000000 2.746442 1.375021 2.832499
 2202.000000 2.651285 1.368411 2.859684
 2205.000000 2.773500 1.367739 2.866729
 2208.000000 2.778649 1.384510 2.844550
 2211.000000 2.757389 1.377181 2.866252
 2214.000000 2.763688 1.386430 2.840262
 2217.000000 2.828880 1.398301 2.855332
 2220.000000 2.855385 1.417489 2.833924
 2223.000000 2.847206 1.440427 2.796615
 2226.000000 2.747815 1.400783 2.823286
 2229.000000 2.756242 1.403078 2.831698
 2232.000000 2.733264 1.456719 2.774021
 2235.000000 2.719730 1.410999 2.803238
 2238.000000 2.683604 1.389039 2.843650
 2241.000000 2.656268 1.376811 2.833187
 2244.000000 2.631132 1.343962 2.871314
 2247.000000 2.621392 1.375736 2.856724
 2250.000000 2.613837 1.360973 2.861396
 2253.000000 2.689803 1.397044 2.865481
 2256.000000 2.646484 1.368262 2.852233
 2259.000000 2.652615 1.398758 2.839859
 2262.000000 2.631770 1.361655 2.877829
 2265.000000 2.681061 1.391764 2.837880
 2268.000000 2.681681 1.397270 2.862391
 2271.000000 2.693335 1.404976 2.821680
 2274.000000 2.649121 1.426192 2.804524
 2277.000000 2.652956 1.397967 2.867692
 2280.000000 2.702096 1.418067 2.874621
 2283.000000 2.773279 1.415830 2.868169
 2286.000000 2.795396 1.422715 2.884504
 2289.000000 2.822499 1.412449 2.904338
 2292.000000 2.812659 1.421354 2.882467
 2295.000000 2.686656 1.376589 2.888111
 2298.000000 2.606614 1.370164 2.878056
 2301.000000 2.657997 1.370594 2.864667
 2304.000000 2.663143 1.372582 2.861646
 2307.000000 2.655790 1.359910 2.888034
 2310.000000 2.782201 1.396833 2.860933
 2313.000000 2.858360 1.430885 2.877210
 2316.000000 2.831607 1.440584 2.844376
 2319.000000 2.718881 1.427907 2.851782
 2322.000000 2.735362 1.416844 2.855116
 2325.000000 2.737311 1.404490 2.856412
 2328.000000 2.740948 1.443238 2.885407
 2331.000000 2.777393 1.428841 2.872955
 2334.000000 2.809989 1.445969 2.871619
 2337.000000 2.722265 1.414526 2.868042
 2340.000000 2.801847 1.447688 2.868472
 2343.000000 2.757628 1.430371 2.863040
 2346.000000 2.744053 1.394558 2.880158
 2349.000000 2.824361 1.440410 2.855181
 2352.000000 2.783519 1.416500 2.870639
 2355.000000 2.738367 1.428552 2.888933
 2358.000000 2.743718 1.433097 2.907272
 2361.000000 2.724427 1.416110 2.899103
 2364.000000 2.789688 1.400623 2.900998
 2367.000000 2.831247 1.437121 2.861293
 2370.000000 2.813246 1.424295 2.880313
 2373.000000 2.812143 1.437837 2.848411
 2376.000000 2.788121 1.391565 2.893694
 2379.000000 2.820368 1.432856 2.859420
 2382.000000 2.816321 1.403624 2.852735
 2385.000000 2.867603 1.406639 2.864663
 2388.000000 2.839748 1.383502 2.910849
 2391.000000 2.841721 1.436962 2.864644
 2394.000000 2.889868 1.407724 2.882724
 2397.000000 2.887456 1.398621 2.897563
 2400.000000 2.882580 1.398333 2.905060
 2403.000000 2.865121 1.412976 2.909952
 2406.000000 2.805396 1.401768 2.903926
 2409.000000 2.791992 1.411588 2.860582
 2412.000000 2.810205 1.428919 2.878433
 2415.000000 2.796249 1.395453 2.905290
 2418.000000 2.792359 1.424536 2.895146
 2421.000000 2.812026 1.402076 2.897609
 2424.000000 2.770352 1.401631 2.889862
 2427.000000 2.782686 1.386523 2.892597
 2430.000000 2.762564 1.400959 2.870826
 2433.000000 2.718563 1.357289 2.902563
 2436.000000 2.757631 1.420032 2.866153
 2439.000000 2.816614 1.420287 2.879584
 2442.000000 2.785896 1.411350 2.877384
 2445.000000 2.790465 1.423724 2.869457
 2448.000000 2.830204 1.437824 2.884667
 2451.000000 2.793420 1.442063 2.894875
 2454.000000 2.738895 1.411457 2.872753
 2457.000000 2.720248 1.395075 2.878506
 2460.000000 2.722567 1.367036 2.925432
 2463.000000 2.786413 1.380480 2.876794
 2466.000000 2.725137 1.350200 2.918679
 2469.000000 2.731969 1.379614 2.887803
 2472.000000 2.596505 1.370102 2.871462
 2475.000000 2.703175 1.374704 2.869501
 2478.000000 2.710516 1.356931 2.850902
 2481.000000 2.692571 1.350684 2.866023
 2484.000000 2.763173 1.368114 2.858384
 2487.000000 2.749319 1.374895 2.827763
 2490.000000 2.751995 1.388256 2.848549
 2493.000000 2.755943 1.380567 2.868189
 2496.000000 2.793207 1.392961 2.851959
 2499.000000 2.733105 1.374115 2.887084
 2502.000000 2.762121 1.373193 2.887801
 2505.000000 2.658555 1.368171 2.872066
 2508.000000 2.683517 1.401071 2.856211
 2511.000000 2.689011 1.382269 2.875721
 2514.000000 2.731403 1.363101 2.916154
 2517.000000 2.693039 1.404143 2.857415
 2520.000000 2.654620 1.379021 2.885106
 2523.000000 2.664406 1.406915 2.901865
 2526.000000 2.733271 1.418541 2.882500
 2529.000000 2.789165 1.444331 2.882556
 2532.000000 2.811360 1.427773 2.920439
 2535.000000 2.752681 1.429365 2.890800
 2538.000000 2.818454 1.430251 2.913794
 2541.000000 2.849775 1.440498 2.903845
 2544.000000 2.805126 1.413308 2.902660
 2547.000000 2.775352 1.396617 2.925873
 2550.000000 2.796563 1.403176 2.914209
 2553.000000 2.797890 1.445640 2.907318
 2556.000000 2.756924 1.428505 2.918460
 2559.000000 2.802495 1.430358 2.929877
 2562.000000 2.800491 1.433032 2.917926
 2565.000000 2.810630 1.447867 2.873626
 2568.000000 2.784057 1.406430 2.931638
 2571.000000 2.751693 1.392455 2.937568
 2574.000000 2.799890 1.403775 2.934009
 2577.000000 2.759867 1.405572 2.907525
 2580.000000 2.712872 1.382180 2.955994
 2583.000000 2.737308 1.412301 2.938154
 2586.000000 2.754401 1.421896 2.938607
 2589.000000 2.758726 1.413402 2.929218
 2592.000000 2.770503 1.438524 2.916711
 2595.000000 2.795743 1.446057 2.929438
 2598.000000 2.839399 1.430806 2.924267
 2601.000000 2.879658 1.413206 2.959627
 2604.000000 2.938243 1.431003 2.904830
 2607.000000 2.931007 1.453845 2.899903
 2610.000000 2.869666 1.434971 2.912078
 2613.000000 2.923035 1.434739 2.910790
 2616.000000 2.959285 1.459580 2.908392
 2619.000000 2.894999 1.474690 2.901018
 2622.000000 2.847543 1.476486 2.864602
 2625.000000 2.845907 1.456753 2.893409
 2628.000000 2.792028 1.422173 2.888695
 2631.000000 2.863217 1.427402 2.895442
 2634.000000 2.897803 1.448483 2.898177
 2637.000000 2.843788 1.435495 2.881116
 2640.000000 2.815767 1.435455 2.921238
 2643.000000 2.801088 1.458724 2.918934
 2646.000000 2.819452 1.426681 2.918239
 2649.000000 2.813563 1.444991 2.929082
 2652.000000 2.744761 1.446418 2.872561
 2655.000000 2.720197 1.415535 2.914619
 2658.000000 2.723806 1.406049 2.912165
 2661.000000 2.745302 1.403903 2.906249
 2664.000000 2.743230 1.420316 2.896136
 2667.000000 2.782424 1.414991 2.923452
 2670.000000 2.719938 1.402782 2.920980
 2673.000000 2.721694 1.422639 2.894332
 2676.000000 2.774676 1.461834 2.896522
 2679.000000 2.741659 1.428321 2.916956
 2682.000000 2.681334 1.421049 2.892536
 2685.000000 2.704477 1.420188 2.873880
 2688.000000 2.738574 1.402667 2.910002
 2691.000000 2.756202 1.426606 2.931832
 2694.000000 2.773582 1.409535 2.950998
 2697.000000 2.760568 1.425566 2.946734
 2700.000000 2.730924 1.387686 2.936878
 2703.000000 2.720010 1.399943 2.886663
 2706.000000 2.734115 1.407505 2.896266
 2709.000000 2.769880 1.437207 2.941462
 2712.000000 2.716637 1.439605 2.903996
 2715.000000 2.718648 1.450630 2.939730
 2718.000000 2.763996 1.449682 2.956078
 2721.000000 2.797737 1.480308 2.940337
 2724.000000 2.748119 1.430288 2.971128
 2727.000000 2.826326 1.480842 2.949523
 2730.000000 2.817569 1.454465 2.939361
 2733.000000 2.782112 1.436791 2.942638
 2736.000000 2.817394 1.437674 2.927113
 2739.000000 2.751618 1.419784 2.942626
 2742.000000 2.798927 1.427192 2.936584
 2745.000000 2.808563 1.389609 2.976225
 2748.000000 2.816736 1.425680 2.948895
 2751.000000 2.835434 1.400331 2.963541
 2754.000000 2.820786 1.433212 2.941264
 2757.000000 2.780221 1.435970 2.933901
 2760.000000 2.785809 1.431401 2.943263
 2763.000000 2.783557 1.420030 2.954744
 2766.000000 2.752678 1.427056 2.958715
 2769.000000 2.730901 1.410739 2.964885
 2772.000000 2.731210 1.401157 2.924669
 2775.000000 2.776147 1.415405 2.902231
 2778.000000 2.721151 1.412197 2.930275
 2781.000000 2.708005 1.403336 2.927936
 2784.000000 2.761185 1.429962 2.908379
 2787.000000 2.741150 1.413643 2.908991
 2790.000000 2.686727 1.414260 2.918326
 2793.000000 2.777032 1.429651 2.899269
 2796.000000 2.750163 1.414059 2.939995
 2799.000000 2.757144 1.395069 2.956960
 2802.000000 2.760235 1.409886 2.928768
 2805.000000 2.794171 1.439202 2.920481
 2808.000000 2.847992 1.461519 2.920211
 2811.000000 2.772366 1.420553 2.956470
 2814.000000 2.833269 1.446820 2.924497
 2817.000000 2.883745 1.474535 2.931914
 2820.000000 2.841726 1.462275 2.908749
 2823.000000 2.848536 1.462177 2.915679
 2826.000000 2.772217 1.433523 2.952178
 2829.000000 2.800023 1.445933 2.939979
 2832.000000 2.820810 1.460207 2.886403
 2835.000000 2.865533 1.467654 2.934650
 2838.000000 2.865724 1.493321 2.925845
 2841.000000 2.892828 1.477847 2.944954
 2844.000000 2.824209 1.482862 2.927691
 2847.000000 2.906661 1.480209 2.898529
 2850.000000 2.872551 1.492221 2.912477
 2853.000000 2.831581 1.461065 2.896492
 2856.000000 2.825740 1.453457 2.898049
 2859.000000 2.816300 1.471288 2.902245
 2862.000000 2.822962 1.434428 2.929405
 2865.000000 2.822402 1.445838 2.944242
 2868.000000 2.792856 1.467869 2.866554
 2871.000000 2.772007 1.436188 2.940659
 2874.000000 2.772894 1.446500 2.934891
 2877.000000 2.760620 1.468404 2.914304
 2880.000000 2.772153 1.445193 2.965475
 2883.000000 2.782252 1.450333 2.938545
 2886.000000 2.826784 1.481312 2.920892
 2889.000000 2.773199 1.471589 2.888204
 2892.000000 2.771122 1.468988 2.883547
 2895.000000 2.821256 1.481580 2.910638
 2898.000000 2.800063 1.483077 2.881015
 2901.000000 2.817407 1.450025 2.915635
 2904.000000 2.800091 1.451070 2.909981
 2907.000000 2.872072 1.476753 2.897815
 2910.000000 2.838241 1.478526 2.911382
 2913.000000 2.828865 1.439752 2.906296
 2916.000000 2.871576 1.456604 2.902377
 2919.000000 2.918083 1.470751 2.926392
 2922.000000 2.857068 1.471481 2.922254
 2925.000000 2.951673 1.469929 2.945786
 2928.000000 2.875191 1.463205 2.968615
 2931.000000 2.809979 1.472557 2.897208
 2934.000000 2.858004 1.478392 2.898088
 2937.000000 2.841778 1.500375 2.890436
 2940.000000 2.817126 1.497707 2.919230
 2943.000000 2.800497 1.471952 2.916728
 2946.000000 2.700709 1.423821 2.928015
 2949.000000 2.793236 1.455027 2.903227
 2952.000000 2.774292 1.445933 2.946955
 2955.000000 2.778351 1.438335 2.920640
 2958.000000 2.770988 1.431340 2.939435
 2961.000000 2.821092 1.441951 2.923998
 2964.000000 2.819176 1.427834 2.915523
 2967.000000 2.801039 1.399434 2.947698
 2970.000000 2.802334 1.432696 2.907916
 2973.000000 2.919431 1.460541 2.923543
 2976.000000 2.841004 1.434292 2.950025
 2979.000000 2.819851 1.426653 2.920978
 2982.000000 2.791443 1.481316 2.873956
 2985.000000 2.848287 1.480157 2.898522
 2988.000000 2.905861 1.487648 2.899581
 2991.000000 2.894622 1.486755 2.886405
 2994.000000 2.858645 1.477606 2.917011
 2997.000000 2.882727 1.506899 2.907718
 3000.000000 2.844113 1.481485 2.941133
 3003.000000 2.750188 1.477206 2.925395
 3006.000000 2.808882 1.480337 2.931232
 3009.000000 2.809055 1.477410 2.909409
 3012.000000 2.833553 1.465977 2.977489
 3015.000000 2.829691 1.474222 2.948572
 3018.000000 2.836964 1.497313 2.934205
 3021.000000 2.825606 1.460826 2.941185
 3024.000000 2.834889 1.497470 2.945276
 3027.000000 2.813067 1.501898 2.910980
 3030.000000 2.803366 1.505864 2.938998
 3033.000000 2.820527 1.502586 2.939698
 3036.000000 2.748891 1.487200 2.943266
 3039.000000 2.782596 1.494445 2.934356
 3042.000000 2.810288 1.484583 2.965227
 3045.000000 2.795255 1.458185 2.978903
 3048.000000 2.776420 1.504864 2.961690
 3051.000000 2.795959 1.452656 2.920824
 3054.000000 2.768302 1.469206 2.948980
 3057.000000 2.781300 1.469978 2.934893
 3060.000000 2.757591 1.477873 2.929827
 3063.000000 2.778288 1.494187 2.951372
 3066.000000 2.823365 1.464418 2.938596
 3069.000000 2.763015 1.479614 2.939524
 3072.000000 2.802418 1.479429 2.971353
 3075.000000 2.782105 1.484942 2.926251
 3078.000000 2.789289 1.451674 2.960604
 3081.000000 2.751606 1.452056 2.936985
 3084.000000 2.771500 1.456259 2.938731
 3087.000000 2.756365 1.427572 2.956633
 3090.000000 2.797706 1.446632 2.948158
 3093.000000 2.779217 1.454208 2.955202
 3096.000000 2.798731 1.462458 2.917052
 3099.000000 2.815400 1.457508 2.975396
 3102.000000 2.756904 1.448137 2.953254
 3105.000000 2.771173 1.454910 2.973951
 3108.000000 2.843888 1.450347 3.002189
 3111.000000 2.815946 1.461173 2.969526
 3114.000000 2.769035 1.451972 2.928697
 3117.000000 2.788447 1.459684 2.951495
 3120.000000 2.786042 1.441691 2.928819
 3123.000000 2.828926 1.483434 2.959998
 3126.000000 2.801166 1.454973 2.933845
 3129.000000 2.784790 1.471764 2.942409
 3132.000000 2.794857 1.481410 2.941934
 3135.000000 2.762872 1.454381 2.938556
 3138.000000 2.738642 1.435197 2.975061
 3141.000000 2.759912 1.477339 2.946465
 3144.000000 2.769154 1.472860 2.940586
 3147.000000 2.706015 1.449147 2.923661
 3150.000000 2.712707 1.444153 2.940498
 3153.000000 2.774276 1.462339 2.940418
 3156.000000 2.748110 1.460965 2.935829
 3159.000000 2.712395 1.441234 2.940903
 3162.000000 2.778531 1.476622 2.899999
 3165.000000 2.714963 1.426044 2.940197
 3168.000000 2.769292 1.450214 2.932442
 3171.000000 2.813800 1.509506 2.912346
 3174.000000 2.754896 1.458441 2.941967
 3177.000000 2.771184 1.462926 2.932154
 3180.000000 2.734488 1.451802 2.920253
 3183.000000 2.746260 1.462362 2.915395
 3186.000000 2.789198 1.452512 2.931951
 3189.000000 2.775472 1.458540 2.925769
 3192.000000 2.768742 1.440255 2.947141
 3195.000000 2.758905 1.440308 2.935506
 3198.000000 2.803142 1.458725 2.902465
 3201.000000 2.814868 1.440865 2.919960
 3204.000000 2.816807 1.438114 2.933055
 3207.000000 2.788777 1.433411 2.926412
 3210.000000 2.741805 1.439293 2.885958
 3213.000000 2.789410 1.503345 2.883682
 3216.000000 2.825803 1.484020 2.877348
 3219.000000 2.813365 1.473589 2.916049
 3222.000000 2.779472 1.448996 2.888823
 3225.000000 2.802012 1.446980 2.905377
 3228.000000 2.824603 1.464472 2.912565
 3231.000000 2.804650 1.459258 2.916085
 3234.000000 2.840561 1.477809 2.929096
 3237.000000 2.913373 1.501237 2.909252
 3240.000000 2.812943 1.445352 2.949291
 3243.000000 2.859140 1.495873 2.909890
 3246.000000 2.886276 1.484090 2.922346
 3249.000000 2.850221 1.439118 2.931422
 3252.000000 2.796616 1.428093 2.922396
 3255.000000 2.773601 1.421954 2.916241
 3258.000000 2.835212 1.449552 2.955255
 3261.000000 2.823601 1.450149 2.941343
 3264.000000 2.806894 1.441204 2.950275
 3267.000000 2.867536 1.468542 2.910532
 3270.000000 2.852594 1.467491 2.949590
 3273.000000 2.886483 1.449159 2.966495
 3276.000000 2.879931 1.441276 2.963198
 3279.000000 2.826204 1.432682 2.944229
 3282.000000 2.759134 1.428356 2.938761
 3285.000000 2.789373 1.441788 2.945421
 3288.000000 2.797550 1.442943 2.955367
 3291.000000 2.795104 1.467585 2.926137
 3294.000000 2.801170 1.482765 2.931560
 3297.000000 2.783990 1.476962 2.952454
 3300.000000 2.883091 1.500364 2.932366
 3303.000000 2.837732 1.512401 2.898069
 3306.000000 2.822238 1.474015 2.905129
 3309.000000 2.845974 1.486667 2.918396
 3312.000000 2.866355 1.509158 2.899093
 3315.000000 2.815574 1.477273 2.885029
 3318.000000 2.834529 1.483334 2.886936
 3321.000000 2.768637 1.471499 2.908626
 3324.000000 2.788367 1.466273 2.902714
 3327.000000 2.816587 1.458308 2.907177
 3330.000000 2.741990 1.438906 2.904998
 3333.000000 2.700608 1.436596 2.876599
 3336.000000 2.819590 1.456008 2.887709
 3339.000000 2.893225 1.445737 2.880206
 3342.000000 2.875870 1.432021 2.908085
 3345.000000 2.830581 1.444068 2.909097
 3348.000000 2.802689 1.425655 2.872683
 3351.000000 2.825682 1.405129 2.887109
 3354.000000 2.753990 1.409308 2.887728
 3357.000000 2.772902 1.418360 2.874801
 3360.000000 2.748748 1.389789 2.878992
 3363.000000 2.730665 1.390882 2.891949
 3366.000000 2.736030 1.410616 2.879711
 3369.000000 2.648867 1.382416 2.919076
 3372.000000 2.710900 1.412466 2.897586
 3375.000000 2.691996 1.371269 2.919016
 3378.000000 2.746540 1.393646 2.922655
 3381.000000 2.754304 1.385173 2.918201
 3384.000000 2.801263 1.401759 2.886724
 3387.000000 2.715537 1.388248 2.922286
 3390.000000 2.758938 1.410570 2.903824
 3393.000000 2.799035 1.431784 2.928031
 3396.000000 2.826824 1.399197 2.930565
 3399.000000 2.778467 1.418523 2.925894
 3402.000000 2.806347 1.433176 2.898328
 3405.000000 2.767375 1.405481 2.931417
 3408.000000 2.767889 1.417387 2.948117
 3411.000000 2.820027 1.417598 2.931261
 3414.000000 2.757532 1.405897 2.934550
 3417.000000 2.786875 1.425927 2.902763
 3420.000000 2.732131 1.405390 2.899185
 3423.000000 2.752112 1.376230 2.929523
 3426.000000 2.687509 1.395583 2.893306
 3429.000000 2.769893 1.449004 2.894146
 3432.000000 2.787159 1.414669 2.930348
 3435.000000 2.849388 1.409857 2.956735
 3438.000000 2.853234 1.454987 2.870895
 3441.000000 2.733755 1.401996 2.911734
 3444.000000 2.771498 1.419225 2.916090
 3447.000000 2.794219 1.448659 2.908237
 3450.000000 2.784533 1.426913 2.898910
 3453.000000 2.758548 1.438731 2.876222
 3456.000000 2.791178 1.440679 2.867984
 3459.000000 2.761286 1.422077 2.910331
 3462.000000 2.766358 1.448905 2.911321
 3465.000000 2.822796 1.436878 2.947054
 3468.000000 2.810547 1.445013 2.912857
 3471.000000 2.787415 1.442300 2.906299
 3474.000000 2.805408 1.452796 2.891614
 3477.000000 2.796066 1.431155 2.901052
 3480.000000 2.786797 1.416839 2.909128
 3483.000000 2.794212 1.412683 2.902811
 3486.000000 2.838600 1.423957 2.920751
 3489.000000 2.811274 1.420905 2.915748
 3492.000000 2.768270 1.404091 2.941488
 3495.000000 2.734004 1.387018 2.911308
 3498.000000 2.671374 1.391770 2.901051
 3501.000000 2.759415 1.403690 2.911939
 3504.000000 2.772282 1.409771 2.881829
 3507.000000 2.784420 1.414457 2.890072
 3510.000000 2.767442 1.399538 2.894905
 3513.000000 2.788381 1.372667 2.898572
 3516.000000 2.795409 1.396232 2.901317
 3519.000000 2.830734 1.375573 2.898463
 3522.000000 2.822069 1.358366 2.904564
 3525.000000 2.788426 1.351645 2.933912
 3528.000000 2.808801 1.385837 2.898804
 3531.000000 2.862964 1.408581 2.886179
 3534.000000 2.870626 1.422683 2.867980
 3537.000000 2.840429 1.383976 2.860946
 3540.000000 2.868238 1.417396 2.874028
 3543.000000 2.879968 1.460445 2.854250
 3546.000000 2.952004 1.435184 2.890334
 3549.000000 2.964509 1.456205 2.863949
 3552.000000 3.004241 1.481418 2.836960
 3555.000000 3.014824 1.469085 2.828465
 3558.000000 2.939905 1.436880 2.830862
 3561.000000 3.004913 1.438358 2.874577
 3564.000000 2.917185 1.413137 2.882355
 3567.000000 2.862971 1.422015 2.882136
 3570.000000 2.948273 1.440044 2.883590
 3573.000000 2.966096 1.455867 2.883683
 3576.000000 2.987796 1.472718 2.841050
 3579.000000 2.992549 1.423954 2.869767
 3582.000000 2.992341 1.417972 2.862880
 3585.000000 2.887393 1.405074 2.858132
 3588.000000 2.892465 1.435150 2.874255
 3591.000000 2.904569 1.421131 2.857361
 3594.000000 2.894690 1.418638 2.889906
 3597.000000 2.883274 1.395144 2.895216
 3600.000000 2.905697 1.408397 2.859042
 3603.000000 2.998984 1.394218 2.902021
 3606.000000 2.984732 1.402875 2.881383
 3609.000000 2.946347 1.399426 2.861092
 3612.000000 2.979282 1.406490 2.867563
 3615.000000 3.002590 1.395692 2.872309
 3618.000000 3.001427 1.373502 2.853959
 3621.000000 3.013149 1.374975 2.874813
 3624.000000 2.962089 1.362591 2.872912
 3627.000000 2.957826 1.384727 2.817009
 3630.000000 2.937852 1.384241 2.857509
 3633.000000 2.967798 1.386882 2.863987
 3636.000000 2.987527 1.382884 2.885967
 3639.000000 3.008472 1.386382 2.867818
 3642.000000 2.972482 1.386955 2.902835
 3645.000000 3.007182 1.397936 2.873028
 3648.000000 2.991395 1.379602 2.867922
 3651.000000 2.911296 1.355627 2.883820
 3654.000000 2.947542 1.369686 2.890561
 3657.000000 2.943364 1.340069 2.901626
 3660.000000 2.938257 1.353387 2.882653
 3663.000000 2.984659 1.365393 2.859061
 3666.000000 2.960724 1.369882 2.894553
 3669.000000 2.976279 1.392289 2.881593
 3672.000000 3.014340 1.422364 2.845297
 3675.000000 2.962313 1.403690 2.866377
 3678.000000 2.950213 1.397202 2.866549
 3681.000000 2.912452 1.381497 2.894502
 3684.000000 2.903099 1.383962 2.887575
 3687.000000 2.876344 1.366069 2.876676
 3690.000000 2.960497 1.419093 2.847759
 3693.000000 2.902934 1.383136 2.900506
 3696.000000 2.918280 1.411540 2.905280
 3699.000000 2.892884 1.422630 2.867672
 3702.000000 2.898926 1.384933 2.920052
 3705.000000 2.843465 1.385619 2.884914
 3708.000000 2.863671 1.419881 2.848661
 3711.000000 2.880212 1.397961 2.880313
 3714.000000 2.863613 1.399113 2.908637
 3717.000000 2.874678 1.384536 2.907415
 3720.000000 2.937123 1.393512 2.916886
 3723.000000 2.920764 1.385993 2.901435
 3726.000000 2.972907 1.378984 2.944854
 3729.000000 2.927038 1.392247 2.937576
 3732.000000 2.885030 1.410083 2.909783
 3735.000000 2.922580 1.407780 2.877078
 3738.000000 2.914061 1.434716 2.858036
 3741.000000 2.930423 1.434956 2.860386
 3744.000000 2.892336 1.417218 2.875565
 3747.000000 2.839238 1.415883 2.870035
 3750.000000 2.848050 1.446506 2.874872
 3753.000000 2.899252 1.439768 2.877217
 3756.000000 2.817449 1.388662 2.926223
 3759.000000 2.892123 1.424022 2.901484
 3762.000000 2.891022 1.434813 2.864148
 3765.000000 2.886382 1.405249 2.874576
 3768.000000 2.943741 1.431690 2.859112
 3771.000000 2.981457 1.404399 2.910648
 3774.000000 2.978533 1.422854 2.885181
 3777.000000 2.939735 1.373497 2.922386
 3780.000000 2.907008 1.415493 2.897836
 3783.000000 2.945047 1.407640 2.900269
 3786.000000 2.986133 1.436982 2.872882
 3789.000000 2.960296 1.392341 2.893161
 3792.000000 3.007792 1.425568 2.899775
 3795.000000 2.931385 1.399849 2.926367
 3798.000000 3.008391 1.394373 2.921181
 3801.000000 2.908905 1.430093 2.914604
 3804.000000 2.976101 1.396988 2.937404
 3807.000000 2.923972 1.405441 2.939252
 3810.000000 2.892745 1.388336 2.959686
 3813.000000 2.866477 1.401376 2.900134
 3816.000000 2.870994 1.403429 2.890956
 3819.000000 2.866435 1.404359 2.880913
 3822.000000 2.867110 1.409549 2.890259
 3825.000000 2.865109 1.384427 2.885995
 3828.000000 2.881231 1.384426 2.909622
 3831.000000 2.871587 1.367107 2.928002
 3834.000000 2.874711 1.361873 2.913827
 3837.000000 2.920207 1.356979 2.890720
 3840.000000 2.978046 1.402861 2.871303
 3843.000000 2.907755 1.392331 2.887966
 3846.000000 2.962299 1.354854 2.910053
 3849.000000 3.035795 1.336270 2.915762
 3852.000000 3.046461 1.332919 2.922510
 3855.000000 3.018192 1.347778 2.900191
 3858.000000 2.881638 1.361953 2.898988
 3861.000000 2.862655 1.376479 2.898395
 3864.000000 2.875634 1.377231 2.896144
 3867.000000 2.873079 1.356946 2.919822
 3870.000000 2.879595 1.386040 2.877592
 3873.000000 2.921106 1.365291 2.913209
 3876.000000 2.935884 1.398222 2.883745
 3879.000000 2.927026 1.395964 2.878213
 3882.000000 2.937590 1.392505 2.898547
 3885.000000 2.875354 1.368482 2.899506
 3888.000000 2.844445 1.368821 2.901350
 3891.000000 2.976539 1.406196 2.901985
 3894.000000 2.930329 1.392313 2.885338
 3897.000000 3.016584 1.397329 2.903997
 3900.000000 2.955241 1.391903 2.899070
 3903.000000 2.880312 1.371162 2.940353
 3906.000000 2.891967 1.379582 2.919049
 3909.000000 2.890068 1.377339 2.913803
 3912.000000 2.793390 1.390720 2.905890
 3915.000000 2.804275 1.374014 2.943442
 3918.000000 2.792499 1.395348 2.938148
 3921.000000 2.834149 1.408038 2.929153
 3924.000000 2.787980 1.406991 2.947962
 3927.000000 2.805622 1.400154 2.966362
 3930.000000 2.831425 1.423813 2.935989
 3933.000000 2.829599 1.422799 2.936146
 3936.000000 2.817036 1.436404 2.924222
 3939.000000 2.840084 1.422042 2.931177
 3942.000000 2.850151 1.435681 2.881565
 3945.000000 2.887003 1.402514 2.928085
 3948.000000 2.887661 1.416534 2.915389
 3951.000000 2.889019 1.440785 2.903814
 3954.000000 2.960133 1.455043 2.900318
 3957.000000 2.966202 1.424420 2.934826
 3960.000000 2.902646 1.442523 2.875571
 3963.000000 2.917148 1.436305 2.898311
 3966.000000 2.992129 1.439557 2.914405
 3969.000000 2.926862 1.465825 2.898018
 3972.000000 2.925793 1.447637 2.923222
 3975.000000 2.881967 1.432506 2.905783
 3978.000000 2.881275 1.433753 2.900863
 3981.000000 2.896562 1.434140 2.903720
 3984.000000 2.897805 1.442893 2.921493
 3987.000000 2.857691 1.412908 2.913553
 3990.000000 2.869834 1.450338 2.905531
 3993.000000 2.887493 1.416993 2.932454
 3996.000000 2.806921 1.427502 2.907077
 3999.000000 2.829963 1.408960 2.923023
 4002.000000 2.854402 1.417225 2.904801
 4005.000000 2.845118 1.399675 2.912599
 4008.000000 2.888029 1.394162 2.933416
 4011.000000 2.904264 1.412834 2.878067
 4014.000000 2.913156 1.390595 2.891063
 4017.000000 2.900171 1.386985 2.886636
 4020.000000 2.839601 1.385251 2.876472
 4023.000000 2.797896 1.364385 2.866995
 4026.000000 2.794214 1.374381 2.847699
 4029.000000 2.794344 1.376441 2.866320
 4032.000000 2.791202 1.349400 2.910739
 4035.000000 2.816506 1.366217 2.903389
 4038.000000 2.786451 1.363452 2.902403
 4041.000000 2.780677 1.397633 2.869018
 4044.000000 2.823098 1.355942 2.928207
 4047.000000 2.863086 1.358854 2.903536
 4050.000000 2.866749 1.351859 2.887898
 4053.000000 2.881561 1.362739 2.873234
 4056.000000 2.839611 1.365382 2.869906
 4059.000000 2.846926 1.378742 2.864239
 4062.000000 2.823752 1.351526 2.870148
 4065.000000 2.811652 1.353276 2.852499
 4068.000000 2.778568 1.343853 2.856797
 4071.000000 2.820648 1.369329 2.862248
 4074.000000 2.869501 1.366603 2.856873
 4077.000000 2.826783 1.369461 2.864934
 4080.000000 2.795201 1.352078 2.872464
 4083.000000 2.881713 1.379070 2.843472
 4086.000000 2.851586 1.381166 2.821056
 4089.000000 2.858749 1.385269 2.816540
 4092.000000 2.847989 1.357956 2.800203
 4095.000000 2.861916 1.402615 2.791481
 4098.000000 2.867367 1.367156 2.839690
 4101.000000 2.846306 1.385361 2.836928
 4104.000000 2.894446 1.347924 2.867932
 4107.000000 2.852544 1.348400 2.849667
 4110.000000 2.831312 1.381580 2.867445
 4113.000000 2.850539 1.389040 2.864564
 4116.000000 2.806429 1.385938 2.876247
 4119.000000 2.813977 1.395571 2.873447
 4122.000000 2.841530 1.416015 2.868004
 4125.000000 2.838157 1.411603 2.910921
 4128.000000 2.866643 1.415678 2.912907
 4131.000000 2.846997 1.409651 2.907113
 4134.000000 2.815840 1.423365 2.901304
 4137.000000 2.771101 1.400927 2.916535
 4140.000000 2.842606 1.420480 2.957494
 4143.000000 2.835238 1.416777 2.951842
 4146.000000 2.855556 1.435372 2.931264
 4149.000000 2.814959 1.396364 2.950944
 4152.000000 2.758487 1.426200 2.933516
 4155.000000 2.780270 1.416006 2.941780
 4158.000000 2.756236 1.416928 2.925014
 4161.000000 2.802104 1.432144 2.922683
 4164.000000 2.790533 1.400547 2.939735
 4167.000000 2.770916 1.393005 2.953755
 4170.000000 2.755371 1.423373 2.897962
 4173.000000 2.769954 1.424725 2.905654
 4176.000000 2.801441 1.432458 2.912420
 4179.000000 2.773671 1.425688 2.883077
 4182.000000 2.785219 1.445017 2.849395
 4185.000000 2.808059 1.448655 2.892991
 4188.000000 2.756849 1.467720 2.848388
 4191.000000 2.769972 1.441415 2.837976
 4194.000000 2.731640 1.456949 2.844332
 4197.000000 2.765391 1.495323 2.827593
 4200.000000 2.856979 1.450059 2.868263
 4203.000000 2.758599 1.454335 2.869376
 4206.000000 2.717371 1.428580 2.845454
 4209.000000 2.768206 1.434016 2.872530
 4212.000000 2.877946 1.458184 2.861283
 4215.000000 2.813353 1.417320 2.896906
 4218.000000 2.835132 1.458499 2.876778
 4221.000000 2.867969 1.472926 2.878426
 4224.000000 2.841575 1.472254 2.867588
 4227.000000 2.994434 1.503123 2.893022
 4230.000000 2.940007 1.486044 2.902571
 4233.000000 2.964938 1.524391 2.886325
 4236.000000 2.945380 1.476631 2.888825
 4239.000000 2.908006 1.494333 2.843710
 4242.000000 2.939996 1.494572 2.869486
 4245.000000 2.861510 1.475187 2.845431
 4248.000000 2.944282 1.497658 2.878567
 4251.000000 2.888576 1.469456 2.877325
 4254.000000 2.885241 1.446077 2.867516
 4257.000000 2.813487 1.417705 2.896700
 4260.000000 2.840599 1.419473 2.875847
 4263.000000 2.835363 1.435095 2.866377
 4266.000000 2.863467 1.459105 2.836513
 4269.000000 2.889540 1.416046 2.862379
 4272.000000 2.838562 1.384300 2.877669
 4275.000000 2.859815 1.420696 2.850055
 4278.000000 2.932025 1.421743 2.840978
 4281.000000 2.911231 1.410420 2.852224
 4284.000000 2.860971 1.386266 2.877813
 4287.000000 2.905025 1.385067 2.883948
 4290.000000 2.971203 1.420891 2.878982
 4293.000000 2.976958 1.401517 2.895327
 4296.000000 2.936994 1.411932 2.906022
 4299.000000 2.909864 1.388220 2.865759
 4302.000000 2.926820 1.393767 2.850920
 4305.000000 2.892839 1.401013 2.864920
 4308.000000 2.878025 1.384375 2.858733
 4311.000000 2.889058 1.411292 2.836801
 4314.000000 2.873337 1.434215 2.830330
 4317.000000 2.901580 1.452806 2.823167
 4320.000000 2.877793 1.412536 2.836326
 4323.000000 2.838426 1.445725 2.795981
 4326.000000 2.802566 1.419620 2.778785
 4329.000000 2.804585 1.391566 2.830052
 4332.000000 2.790654 1.398788 2.814026
 4335.000000 2.824295 1.446450 2.803834
 4338.000000 2.845101 1.428333 2.840944
 4341.000000 2.853616 1.450246 2.838578
 4344.000000 2.909958 1.435463 2.825554
 4347.000000 2.863707 1.394752 2.865781
 4350.000000 2.868173 1.413700 2.872247
 4353.000000 2.858814 1.432985 2.870188
 4356.000000 2.803190 1.454410 2.831192
 4359.000000 2.843792 1.456759 2.870401
 4362.000000 2.840947 1.436597 2.874569
 4365.000000 2.831839 1.389347 2.903353
 4368.000000 2.803284 1.405369 2.905485
 4371.000000 2.873130 1.421426 2.906336
 4374.000000 2.856987 1.398189 2.888692
 4377.000000 2.828100 1.371352 2.895920
 4380.000000 2.779899 1.357529 2.910390
 4383.000000 2.901261 1.386490 2.899800
 4386.000000 2.913664 1.407564 2.891645
 4389.000000 3.009921 1.419379 2.917741
 4392.000000 2.973088 1.416732 2.917371
 4395.000000 2.989802 1.459690 2.858832
 4398.000000 2.911398 1.425374 2.866853
 4401.000000 2.859953 1.403586 2.896834
 4404.000000 2.874986 1.428472 2.905944
 4407.000000 2.938916 1.445422 2.889432
 4410.000000 2.862147 1.398028 2.904657
 4413.000000 2.917848 1.439602 2.877502
 4416.000000 2.875636 1.411805 2.914366
 4419.000000 2.864952 1.405577 2.877861
 4422.000000 2.906732 1.431985 2.881491
 4425.000000 2.813284 1.403734 2.889286
 4428.000000 2.870979 1.429404 2.871609
 4431.000000 2.927378 1.401761 2.896952
 4434.000000 2.838344 1.398968 2.882798
 4437.000000 2.877663 1.412094 2.864871
 4440.000000 2.980347 1.417998 2.912343
 4443.000000 2.879110 1.431916 2.857870
 4446.000000 2.922360 1.414731 2.939872
 4449.000000 2.920672 1.429328 2.917383
 4452.000000 2.871153 1.421973 2.914114
 4455.000000 2.901420 1.425694 2.871721
 4458.000000 2.908788 1.449919 2.879289
 4461.000000 2.924292 1.441373 2.899456
 4464.000000 2.897964 1.437073 2.886811
 4467.000000 2.878878 1.449556 2.880506
 4470.000000 2.870925 1.428919 2.859954
 4473.000000 2.855804 1.425164 2.870553
 4476.000000 2.899946 1.413065 2.866468
 4479.000000 2.950823 1.442928 2.854903
 4482.000000 2.964181 1.426835 2.888997
 4485.000000 2.974250 1.410954 2.873643
 4488.000000 2.984957 1.442274 2.841270
 4491.000000 2.972586 1.438368 2.871104
 4494.000000 2.977370 1.450785 2.854453
 4497.000000 2.971579 1.450256 2.887704
 4500.000000 3.032561 1.424238 2.892265
 4503.000000 2.971020 1.412088 2.875954
 4506.000000 2.928442 1.384660 2.895540
 4509.000000 2.858980 1.413749 2.869038
 4512.000000 2.859780 1.396344 2.877963
 4515.000000 2.885430 1.381972 2.857570
 4518.000000 2.919187 1.393303 2.882659
 4521.000000 2.891469 1.381824 2.891285
 4524.000000 2.849995 1.369375 2.882791
 4527.000000 2.885679 1.404404 2.858475
 4530.000000 2.938915 1.402062 2.879263
 4533.000000 2.910082 1.399073 2.877021
 4536.000000 2.854861 1.392887 2.874771
 4539.000000 2.903550 1.388738 2.875638
 4542.000000 2.958054 1.371963 2.887283
 4545.000000 2.978643 1.389078 2.880660
 4548.000000 2.951588 1.391020 2.886512
 4551.000000 2.954830 1.391130 2.862182
 4554.000000 2.934731 1.365411 2.859340
 4557.000000 2.857111 1.347589 2.909860
 4560.000000 2.887647 1.368036 2.895775
 4563.000000 2.873129 1.380489 2.903974
 4566.000000 2.840277 1.380619 2.890298
 4569.000000 2.908959 1.418138 2.870562
 4572.000000 2.930900 1.421505 2.876907
 4575.000000 2.885688 1.379212 2.906239
 4578.000000 2.934515 1.400621 2.909944
 4581.000000 2.950588 1.411654 2.900869
 4584.000000 2.916821 1.386876 2.929018
 4587.000000 2.925361 1.403197 2.910749
 4590.000000 2.905314 1.403054 2.913753
 4593.000000 2.979191 1.437536 2.900795
 4596.000000 2.913012 1.415955 2.897884
 4599.000000 2.956742 1.422469 2.906178
 4602.000000 2.939991 1.454789 2.832511
 4605.000000 3.028615 1.433203 2.872235
 4608.000000 2.978516 1.425652 2.860720
 4611.000000 3.015855 1.446272 2.873962
 4614.000000 3.031619 1.438561 2.912528
 4617.000000 3.002535 1.455170 2.925782
 4620.000000 2.988878 1.469571 2.922094
 4623.000000 2.986285 1.462507 2.917781
 4626.000000 3.002810 1.452778 2.940383
 4629.000000 2.894739 1.454165 2.938852
 4632.000000 2.889132 1.482816 2.925974
 4635.000000 2.870905 1.469603 2.925746
 4638.000000 2.935341 1.474424 2.933314
 4641.000000 2.938277 1.476549 2.921127
 4644.000000 2.975258 1.456905 2.931494
 4647.000000 2.871801 1.474498 2.914395
 4650.000000 2.890476 1.468477 2.898271
 4653.000000 2.933049 1.480746 2.866592
 4656.000000 2.958067 1.483587 2.899066
 4659.000000 2.880923 1.438871 2.894172
 4662.000000 2.876667 1.448278 2.918962
 4665.000000 2.927063 1.445197 2.909514
 4668.000000 2.851874 1.427786 2.924886
 4671.000000 2.899718 1.437019 2.877881
 4674.000000 2.868536 1.415814 2.913703
 4677.000000 2.871405 1.404759 2.937127
 4680.000000 2.852088 1.426131 2.911175
 4683.000000 2.882291 1.434451 2.903004
 4686.000000 2.878843 1.424204 2.930880
 4689.000000 2.920638 1.421676 2.927091
 4692.000000 2.902748 1.432326 2.926870
 4695.000000 2.880758 1.459379 2.902161
 4698.000000 2.880096 1.466162 2.917439
 4701.000000 2.823488 1.441850 2.910396
 4704.000000 2.813114 1.442411 2.896779
 4707.000000 2.802693 1.441990 2.875896
 4710.000000 2.801011 1.456410 2.845126
 4713.000000 2.861045 1.463350 2.878750
 4716.000000 2.850422 1.439978 2.874118
 4719.000000 2.947955 1.444307 2.870799
 4722.000000 2.885552 1.423661 2.898307
 4725.000000 2.912652 1.450415 2.886757
 4728.000000 2.939174 1.436948 2.901927
 4731.000000 2.974594 1.429997 2.885644
 4734.000000 2.886576 1.446169 2.868886
 4737.000000 2.854785 1.411630 2.895752
 4740.000000 2.895482 1.473227 2.842170
 4743.000000 2.878872 1.478003 2.871728
 4746.000000 2.876463 1.445329 2.874626
 4749.000000 2.896982 1.455925 2.860428
 4752.000000 2.846575 1.472113 2.853010
 4755.000000 2.902897 1.503441 2.849162
 4758.000000 2.862989 1.468384 2.876364
 4761.000000 2.960109 1.477733 2.876482
 4764.000000 2.988735 1.492743 2.891874
 4767.000000 2.983307 1.484899 2.868329
 4770.000000 2.953098 1.500584 2.850201
 4773.000000 2.901094 1.461212 2.882057
 4776.000000 2.906666 1.480479 2.893880
 4779.000000 2.914912 1.462985 2.896011
 4782.000000 2.827749 1.457590 2.874543
 4785.000000 2.831283 1.454597 2.863547
 4788.000000 2.921885 1.440340 2.928079
 4791.000000 2.852912 1.428809 2.895011
 4794.000000 2.802588 1.428885 2.865278
 4797.000000 2.834515 1.436956 2.877764
 4800.000000 2.822050 1.439952 2.884465
 4803.000000 2.806679 1.430898 2.851779
 4806.000000 2.881980 1.441612 2.878622
 4809.000000 2.897642 1.439738 2.914211
 4812.000000 2.883946 1.463284 2.896751
 4815.000000 2.844121 1.444391 2.901955
 4818.000000 2.813761 1.439002 2.892327
 4821.000000 2.904758 1.470258 2.870421
 4824.000000 2.831238 1.450747 2.880181
 4827.000000 2.921946 1.457842 2.898780
 4830.000000 2.842276 1.406780 2.867948
 4833.000000 2.773427 1.398405 2.888356
 4836.000000 2.766330 1.437112 2.885501
 4839.000000 2.769943 1.442050 2.862673
 4842.000000 2.782646 1.399165 2.899073
 4845.000000 2.699830 1.384828 2.899103
 4848.000000 2.709483 1.403906 2.888066
 4851.000000 2.712416 1.416943 2.886307
 4854.000000 2.729111 1.421337 2.890008
 4857.000000 2.749960 1.407997 2.881273
 4860.000000 2.772734 1.423580 2.851068
 4863.000000 2.735853 1.380128 2.853234
 4866.000000 2.709669 1.384724 2.865227
 4869.000000 2.708165 1.385869 2.876929
 4872.000000 2.738178 1.379452 2.897591
 4875.000000 2.705304 1.367826 2.887707
 4878.000000 2.734841 1.391542 2.829001
 4881.000000 2.721787 1.416294 2.837125
 4884.000000 2.746584 1.392813 2.864839
 4887.000000 2.762368 1.430921 2.859549
 4890.000000 2.771600 1.429303 2.856972
 4893.000000 2.762883 1.439285 2.858759
 4896.000000 2.767985 1.404285 2.875871
 4899.000000 2.709401 1.392342 2.883862
 4902.000000 2.773570 1.423355 2.891736
 4905.000000 2.769161 1.410751 2.893511
 4908.000000 2.761580 1.462444 2.848564
 4911.000000 2.841190 1.456253 2.861135
 4914.000000 2.785196 1.443022 2.852534
 4917.000000 2.788601 1.427237 2.873530
 4920.000000 2.760833 1.422556 2.873182
 4923.000000 2.761882 1.450923 2.904209
 4926.000000 2.796382 1.441208 2.876893
 4929.000000 2.857020 1.470746 2.879272
 4932.000000 2.901775 1.489754 2.875797
 4935.000000 2.812854 1.481268 2.866461
 4938.000000 2.821855 1.448100 2.855176
 4941.000000 2.826639 1.436560 2.888640
 4944.000000 2.881028 1.442611 2.872791
 4947.000000 2.919538 1.478587 2.853558
 4950.000000 2.957196 1.516590 2.860356
 4953.000000 2.883341 1.429418 2.879879
 4956.000000 2.912626 1.469564 2.847796
 4959.000000 2.923929 1.475216 2.867388
 4962.000000 3.006995 1.467588 2.890310
 4965.000000 2.918230 1.442561 2.922100
 4968.000000 2.943512 1.450062 2.905989
 4971.000000 2.891232 1.440537 2.900601
 4974.000000 2.936143 1.442904 2.913560
 4977.000000 2.814770 1.439338 2.890743
 4980.000000 2.843964 1.413203 2.949771
 4983.000000 2.883626 1.429739 2.915946
 4986.000000 2.927094 1.447177 2.883864
 4989.000000 2.872057 1.449750 2.900621
 4992.000000 2.821316 1.453851 2.868687
 4995.000000 2.785512 1.430651 2.886805
 4998.000000 2.857943 1.456322 2.884341
 5001.000000 2.899836 1.465716 2.898563
 5004.000000 2.891933 1.474304 2.905871
 5007.000000 2.849963 1.483052 2.902303
 5010.000000 2.775810 1.459313 2.910376
 5013.000000 2.810234 1.452118 2.943632
 5016.000000 2.851757 1.463987 2.971263
 5019.000000 2.858442 1.500354 2.922322
 5022.000000 2.795888 1.495303 2.896966
 5025.000000 2.798616 1.477260 2.878651
 5028.000000 2.880391 1.506540 2.899966
 5031.000000 2.808651 1.474977 2.922714
 5034.000000 2.787287 1.479543 2.903824
 5037.000000 2.774647 1.454444 2.911753
 5040.000000 2.841513 1.467730 2.913573
 5043.000000 2.812385 1.453522 2.893424
 5046.000000 2.797843 1.460539 2.887998
 5049.000000 2.778876 1.458358 2.863684
 5052.000000 2.809878 1.448249 2.878989
 5055.000000 2.790108 1.457805 2.898612
 5058.000000 2.818560 1.454900 2.887581
 5061.000000 2.857511 1.484173 2.909126
 5064.000000 2.820405 1.463678 2.885180
 5067.000000 2.807546 1.477628 2.879152
 5070.000000 2.814991 1.469761 2.877773
 5073.000000 2.829239 1.489168 2.893725
 5076.000000 2.865216 1.512096 2.882320
 5079.000000 2.865856 1.474745 2.916463
 5082.000000 2.942176 1.499731 2.905253
 5085.000000 2.873040 1.456775 2.923751
 5088.000000 2.870344 1.482154 2.904425
 5091.000000 2.797344 1.461049 2.898425
 5094.000000 2.818572 1.470112 2.912161
 5097.000000 2.844489 1.459527 2.941464
 5100.000000 2.862879 1.447268 2.936449
 5103.000000 2.913138 1.465157 2.944898
 5106.000000 2.884967 1.478239 2.932344
 5109.000000 2.940436 1.463927 2.912133
 5112.000000 2.862441 1.443831 2.944667
 5115.000000 2.815671 1.442933 2.935312
 5118.000000 2.744568 1.455526 2.918912
 5121.000000 2.835785 1.441728 2.927783
 5124.000000 2.872764 1.430708 2.937646
 5127.000000 2.853926 1.441356 2.892016
 5130.000000 2.772770 1.404814 2.908222
 5133.000000 2.857138 1.443887 2.913016
 5136.000000 2.889639 1.467435 2.928160
 5139.000000 2.824432 1.437223 2.920101
 5142.000000 2.845607 1.455144 2.928916
 5145.000000 2.750578 1.450864 2.922338
 5148.000000 2.904396 1.446533 2.949612
 5151.000000 2.850991 1.452109 2.928781
 5154.000000 2.844096 1.468508 2.906918
 5157.000000 2.881752 1.476218 2.918590
 5160.000000 2.893103 1.457675 2.957592
 5163.000000 2.853955 1.464400 2.926307
 5166.000000 2.827982 1.436697 2.956183
 5169.000000 2.876432 1.454623 2.961888
 5172.000000 2.841447 1.445446 2.987969
 5175.000000 2.797651 1.429972 2.995292
 5178.000000 2.790288 1.439380 2.958859
 5181.000000 2.851288 1.424945 2.991873
 5184.000000 2.826590 1.455069 2.964650
 5187.000000 2.815751 1.453767 2.966025
 5190.000000 2.828392 1.462675 2.943252
 5193.000000 2.792966 1.460193 2.929405
 5196.000000 2.759876 1.415474 2.960703
 5199.000000 2.804257 1.460963 2.947075
 5202.000000 2.809984 1.451728 2.976302
 5205.000000 2.831279 1.471170 2.964047
 5208.000000 2.866135 1.453498 2.973513
 5211.000000 2.778037 1.410873 2.989804
 5214.000000 2.860572 1.429014 2.973532
 5217.000000 2.902710 1.425096 2.972185
 5220.000000 2.898298 1.445677 2.983003
 5223.000000 2.886881 1.464714 2.952687
 5226.000000 2.910079 1.446165 2.980419
 5229.000000 2.964658 1.473792 3.002918
 5232.000000 2.952299 1.477625 2.953246
 5235.000000 2.949210 1.483299 2.949577
 5238.000000 2.978699 1.467150 2.959775
 5241.000000 2.913432 1.467048 2.933942
 5244.000000 2.968739 1.484101 2.944370
 5247.000000 2.847284 1.465851 2.935665
 5250.000000 2.877694 1.432335 2.928587
 5253.000000 2.872419 1.459809 2.919509
 5256.000000 2.927184 1.454874 2.916265
 5259.000000 2.897718 1.471219 2.937520
 5262.000000 2.890960 1.431636 2.932088
 5265.000000 2.898597 1.420945 2.948476
 5268.000000 2.882630 1.417347 2.926603
 5271.000000 2.882697 1.451713 2.907892
 5274.000000 2.797782 1.411858 2.931187
 5277.000000 2.855127 1.438800 2.899497
 5280.000000 2.897870 1.433041 2.906974
 5283.000000 2.851749 1.439455 2.906138
 5286.000000 2.835374 1.415831 2.897574
 5289.000000 2.866304 1.406258 2.909276
 5292.000000 2.797837 1.393727 2.939477
 5295.000000 2.812281 1.408138 2.901449
 5298.000000 2.785412 1.412088 2.890693
 5301.000000 2.776857 1.392235 2.928773
 5304.000000 2.836249 1.411208 2.877503
 5307.000000 2.810702 1.390509 2.896076
 5310.000000 2.853841 1.414738 2.889208
 5313.000000 2.804606 1.410482 2.878122
 5316.000000 2.886058 1.402036 2.918654
 5319.000000 2.853398 1.403484 2.908702
 5322.000000 2.860060 1.432280 2.895004
 5325.000000 2.851664 1.394460 2.908281
 5328.000000 2.878506 1.449053 2.852639
 5331.000000 2.935282 1.437238 2.862762
 5334.000000 2.836701 1.427899 2.895861
 5337.000000 2.896979 1.425031 2.917941
 5340.000000 2.908925 1.471267 2.854616
 5343.000000 2.889326 1.475004 2.851043
 5346.000000 2.914999 1.473060 2.853791
 5349.000000 2.875036 1.484501 2.884994
 5352.000000 2.849536 1.457671 2.874344
 5355.000000 2.919461 1.499221 2.892901
 5358.000000 2.788300 1.454007 2.905911
 5361.000000 2.849188 1.484738 2.917213
 5364.000000 2.772460 1.475745 2.947654
 5367.000000 2.840270 1.462435 2.924977
 5370.000000 2.813052 1.475968 2.913472
 5373.000000 2.797776 1.457871 2.923961
 5376.000000 2.772336 1.455087 2.903143
 5379.000000 2.752226 1.471801 2.893318
 5382.000000 2.786576 1.461633 2.882169
 5385.000000 2.747322 1.447123 2.874381
 5388.000000 2.776290 1.449537 2.901408
 5391.000000 2.819501 1.444168 2.883001
 5394.000000 2.811085 1.448530 2.863028
 5397.000000 2.809482 1.450936 2.864232
 5400.000000 2.825866 1.482117 2.914524
 5403.000000 2.854505 1.503997 2.875925
 5406.000000 2.852891 1.464986 2.913773
 5409.000000 2.834888 1.473929 2.893892
 5412.000000 2.808677 1.404336 2.975957
 5415.000000 2.823124 1.437980 2.916135
 5418.000000 2.719183 1.413961 2.903674
 5421.000000 2.785309 1.441054 2.919534
 5424.000000 2.769767 1.449392 2.896394
 5427.000000 2.795868 1.420700 2.905598
 5430.000000 2.764965 1.436249 2.888008
 5433.000000 2.843561 1.459103 2.945196
 5436.000000 2.815998 1.432114 2.932283
 5439.000000 2.787771 1.459304 2.916524
 5442.000000 2.800476 1.441665 2.959506
 5445.000000 2.772458 1.444640 2.955136
 5448.000000 2.807012 1.501036 2.924311
 5451.000000 2.745300 1.495875 2.902860
 5454.000000 2.750639 1.464641 2.934254
 5457.000000 2.774806 1.470754 2.941725
 5460.000000 2.786280 1.472255 2.948140
 5463.000000 2.785476 1.472370 2.936304
 5466.000000 2.750742 1.447077 2.932118
 5469.000000 2.762400 1.458109 2.918338
 5472.000000 2.774491 1.490556 2.922361
 5475.000000 2.790973 1.505352 2.898475
 5478.000000 2.840199 1.486560 2.913207
 5481.000000 2.792815 1.504268 2.884238
 5484.000000 2.780982 1.471878 2.921580
 5487.000000 2.717292 1.455387 2.944587
 5490.000000 2.855784 1.489633 2.919970
 5493.000000 2.889954 1.465935 2.933817
 5496.000000 2.811740 1.476069 2.932054
 5499.000000 2.832812 1.510863 2.910740
 5502.000000 2.867334 1.499841 2.922501
 5505.000000 2.875243 1.496686 2.918803
 5508.000000 2.848250 1.461816 2.929742
 5511.000000 2.798185 1.455552 2.911237
 5514.000000 2.791927 1.452339 2.892723
 5517.000000 2.762618 1.448598 2.882276
 5520.000000 2.802745 1.465752 2.885400
 5523.000000 2.779914 1.485924 2.891593
 5526.000000 2.872351 1.500127 2.884736
 5529.000000 2.799346 1.486486 2.860907
 5532.000000 2.848063 1.490982 2.876458
 5535.000000 2.871025 1.462734 2.914978
 5538.000000 2.900964 1.513906 2.893708
 5541.000000 2.910374 1.489862 2.910671
 5544.000000 2.900949 1.497440 2.914507
 5547.000000 2.903568 1.493300 2.936982
 5550.000000 2.901447 1.492264 2.899455
 5553.000000 2.847125 1.485046 2.921823
 5556.000000 2.893429 1.512564 2.902497
 5559.000000 2.872613 1.508735 2.872468
 5562.000000 2.907225 1.507788 2.876760
 5565.000000 2.944616 1.494344 2.923630
 5568.000000 2.917901 1.491993 2.902428
 5571.000000 2.879800 1.488522 2.911977
 5574.000000 2.859906 1.467582 2.895480
 5577.000000 2.782934 1.462840 2.916721
 5580.000000 2.831973 1.505774 2.865723
 5583.000000 2.801639 1.489922 2.869862
 5586.000000 2.796794 1.501548 2.884131
 5589.000000 2.744374 1.468000 2.898686
 5592.000000 2.766919 1.480674 2.886462
 5595.000000 2.701492 1.466086 2.898363
 5598.000000 2.761290 1.471591 2.883244
 5601.000000 2.759004 1.494159 2.875799
 5604.000000 2.773685 1.474154 2.902226
 5607.000000 2.760031 1.497256 2.887533
 5610.000000 2.805134 1.477491 2.888362
 5613.000000 2.789593 1.469414 2.889326
 5616.000000 2.708110 1.442032 2.900403
 5619.000000 2.762860 1.453651 2.929506
 5622.000000 2.696240 1.455234 2.883057
 5625.000000 2.717580 1.451602 2.863393
 5628.000000 2.666199 1.428626 2.878605
 5631.000000 2.726109 1.448485 2.864623
 5634.000000 2.631301 1.425793 2.901223
 5637.000000 2.654439 1.451995 2.871600
 5640.000000 2.701976 1.469778 2.861324
 5643.000000 2.768033 1.474031 2.890493
 5646.000000 2.739398 1.432008 2.910977
 5649.000000 2.653995 1.419568 2.887085
 5652.000000 2.671778 1.432072 2.890031
 5655.000000 2.732100 1.446155 2.916073
 5658.000000 2.792798 1.443393 2.897261
 5661.000000 2.767241 1.469129 2.896815
 5664.000000 2.809552 1.495574 2.876232
 5667.000000 2.778037 1.471901 2.878885
 5670.000000 2.711991 1.499894 2.860390
 5673.000000 2.650124 1.465194 2.891101
 5676.000000 2.718251 1.476760 2.901504
 5679.000000 2.705579 1.485858 2.928131
 5682.000000 2.719680 1.479437 2.893002
 5685.000000 2.711158 1.485002 2.897892
 5688.000000 2.719895 1.490654 2.877009
 5691.000000 2.657683 1.483171 2.871761
 5694.000000 2.727817 1.480728 2.884011
 5697.000000 2.745674 1.501389 2.867175
 5700.000000 2.718665 1.443651 2.909661
 5703.000000 2.725978 1.465086 2.882519
 5706.000000 2.697658 1.468255 2.912737
 5709.000000 2.685880 1.489453 2.844362
 5712.000000 2.756907 1.463529 2.881099
 5715.000000 2.813745 1.478711 2.923998
 5718.000000 2.750410 1.448053 2.905498
 5721.000000 2.729070 1.478294 2.877589
 5724.000000 2.735790 1.458375 2.895855
 5727.000000 2.771001 1.475995 2.890269
 5730.000000 2.745362 1.457765 2.899844
 5733.000000 2.751681 1.490651 2.871969
 5736.000000 2.727868 1.470143 2.890964
 5739.000000 2.746840 1.466367 2.867856
 5742.000000 2.699831 1.431226 2.863804
 5745.000000 2.742629 1.428820 2.926328
 5748.000000 2.752897 1.439598 2.902980
 5751.000000 2.732648 1.441043 2.911085
 5754.000000 2.782229 1.466457 2.902731
 5757.000000 2.784188 1.493357 2.870111
 5760.000000 2.780433 1.480763 2.893692
 5763.000000 2.800836 1.477958 2.898743
 5766.000000 2.824577 1.504538 2.896523
 5769.000000 2.889351 1.491900 2.895702
 5772.000000 2.817467 1.479697 2.910422
 5775.000000 2.867816 1.482740 2.908469
 5778.000000 2.831347 1.498060 2.915990
 5781.000000 2.844790 1.478922 2.939756
 5784.000000 2.814346 1.476843 2.898706
 5787.000000 2.857970 1.470705 2.926584
 5790.000000 2.881221 1.469515 2.936616
 5793.000000 2.814709 1.464063 2.922035
 5796.000000 2.845288 1.447917 2.928145
 5799.000000 2.889832 1.464335 2.934602
 5802.000000 2.881637 1.464910 2.940204
 5805.000000 2.871855 1.442495 2.940306
 5808.000000 2.883295 1.453213 2.958978
 5811.000000 2.961138 1.502385 2.934481
 5814.000000 2.915731 1.442943 2.923865
 5817.000000 2.904855 1.469480 2.907949
 5820.000000 2.922977 1.466375 2.887473
 5823.000000 2.959506 1.422924 2.928885
 5826.000000 2.977481 1.434823 2.920306
 5829.000000 2.907809 1.441317 2.907512
 5832.000000 2.908165 1.430282 2.917630
 5835.000000 2.971240 1.432507 2.908531
 5838.000000 2.906630 1.446552 2.922526
 5841.000000 2.928101 1.463856 2.909088
 5844.000000 2.988773 1.465576 2.927575
 5847.000000 2.933398 1.473450 2.881368
 5850.000000 2.945872 1.487411 2.926303
 5853.000000 2.949770 1.478243 2.923621
 5856.000000 2.876579 1.484120 2.887103
 5859.000000 2.793110 1.513075 2.850986
 5862.000000 2.856572 1.478623 2.885897
 5865.000000 2.887135 1.462596 2.913504
 5868.000000 2.891590 1.483833 2.924967
 5871.000000 2.902143 1.491420 2.891293
 5874.000000 2.864754 1.454599 2.890922
 5877.000000 2.856212 1.470553 2.897717
 5880.000000 2.912269 1.474948 2.872362
 5883.000000 2.918433 1.465915 2.896792
 5886.000000 2.800178 1.435307 2.895783
 5889.000000 2.850793 1.460375 2.865231
 5892.000000 2.857153 1.439853 2.899763
 5895.000000 2.884380 1.423947 2.919041
 5898.000000 2.866937 1.423512 2.898148
 5901.000000 2.932173 1.434912 2.917965
 5904.000000 2.852798 1.433631 2.908178
 5907.000000 2.843812 1.443606 2.898632
 5910.000000 2.876385 1.450742 2.874416
 5913.000000 2.827130 1.427986 2.874803
 5916.000000 2.912149 1.469379 2.880580
 5919.000000 2.856019 1.420072 2.881429
 5922.000000 2.904302 1.457135 2.847209
 5925.000000 2.921797 1.433928 2.848634
 5928.000000 2.914715 1.418293 2.866845
 5931.000000 2.963062 1.440583 2.880992
 5934.000000 2.989728 1.455682 2.842075
 5937.000000 2.985621 1.436259 2.872944
 5940.000000 2.973804 1.420959 2.894425
 5943.000000 2.932954 1.390327 2.910134
 5946.000000 2.943016 1.372710 2.901777
 5949.000000 3.005348 1.384265 2.897690
 5952.000000 2.990727 1.397080 2.852495
 5955.000000 3.028510 1.391955 2.888827
 5958.000000 3.026088 1.383082 2.893386
 5961.000000 3.052017 1.404771 2.869292
 5964.000000 2.938205 1.423086 2.825786
 5967.000000 3.041539 1.416141 2.862400
 5970.000000 2.914575 1.389318 2.871353
 5973.000000 2.985071 1.424846 2.878085
 5976.000000 2.972361 1.402872 2.889524
 5979.000000 2.996352 1.415579 2.878793
 5982.000000 2.926375 1.389040 2.891222
 5985.000000 2.879554 1.422532 2.856880
 5988.000000 2.933656 1.397338 2.875318
 5991.000000 2.839210 1.374910 2.871199
 5994.000000 2.815680 1.359502 2.886860
 5997.000000 2.866768 1.384916 2.874953
 6000.000000 2.873990 1.358280 2.919877
 6003.000000 2.859997 1.391552 2.933060
 6006.000000 2.852103 1.397045 2.893815
 6009.000000 2.846608 1.407540 2.860286
 6012.000000 2.764870 1.383917 2.869703
 6015.000000 2.798019 1.363229 2.894312
 6018.000000 2.824508 1.364903 2.898946
 6021.000000 2.800045 1.350290 2.869927
 6024.000000 2.808896 1.346435 2.884558
 6027.000000 2.777343 1.316910 2.899599
 6030.000000 2.852790 1.360735 2.845027
 6033.000000 2.884587 1.353868 2.854981
 6036.000000 2.858000 1.329247 2.897178
 6039.000000 2.851541 1.352917 2.870282
 6042.000000 2.850023 1.371178 2.890603
 6045.000000 2.892244 1.327982 2.916623
 6048.000000 2.815711 1.332630 2.919041
 6051.000000 2.812956 1.348913 2.883623
 6054.000000 2.775657 1.344603 2.866334
 6057.000000 2.809978 1.360769 2.848823
 6060.000000 2.725470 1.346549 2.859971
 6063.000000 2.801958 1.361395 2.867838
 6066.000000 2.891012 1.354785 2.883573
 6069.000000 2.904561 1.361547 2.876417
 6072.000000 2.866088 1.342086 2.871865
 6075.000000 2.866061 1.367119 2.868325
 6078.000000 2.883170 1.353456 2.891336
 6081.000000 2.781664 1.315824 2.913291
 6084.000000 2.814055 1.363672 2.888740
 6087.000000 2.801434 1.350350 2.861317
 6090.000000 2.833068 1.370182 2.892885
 6093.000000 2.856433 1.378391 2.861172
 6096.000000 2.901627 1.396139 2.888153
 6099.000000 2.916362 1.413308 2.863367
 6102.000000 2.926403 1.427921 2.880831
 6105.000000 2.932752 1.396359 2.908091
 6108.000000 2.995639 1.417160 2.896044
 6111.000000 2.962235 1.413973 2.917720
 6114.000000 2.956405 1.435274 2.891945
 6117.000000 2.914686 1.413720 2.904139
 6120.000000 2.825980 1.417201 2.898313
 6123.000000 2.889728 1.401019 2.898416
 6126.000000 2.964446 1.433448 2.890579
 6129.000000 2.961757 1.432284 2.886633
 6132.000000 3.036432 1.427467 2.914091
 6135.000000 3.077946 1.413427 2.910695
 6138.000000 3.025970 1.420558 2.904548
 6141.000000 2.993488 1.415050 2.900642
 6144.000000 2.984197 1.407803 2.934228
 6147.000000 3.082170 1.423602 2.911079
 6150.000000 2.990099 1.406036 2.904350
 6153.000000 2.995479 1.406371 2.919546
 6156.000000 3.070631 1.430205 2.887840
 6159.000000 3.008055 1.419868 2.871116
 6162.000000 2.973813 1.422061 2.870532
 6165.000000 3.005037 1.401502 2.910393
 6168.000000 3.085607 1.445368 2.872824
 6171.000000 2.948651 1.405826 2.868169
 6174.000000 2.983496 1.408199 2.866252
 6177.000000 2.951377 1.414564 2.866911
 6180.000000 2.961392 1.414818 2.843664
 6183.000000 2.966042 1.433572 2.845043
 6186.000000 2.888979 1.402351 2.882486
 6189.000000 2.923780 1.433225 2.885761
 6192.000000 2.917157 1.444821 2.891410
 6195.000000 2.936307 1.398242 2.938539
 6198.000000 2.893370 1.430862 2.896044
 6201.000000 2.880353 1.400338 2.916632
 6204.000000 2.945759 1.427092 2.935048
 6207.000000 2.858805 1.403551 2.924177
 6210.000000 2.931040 1.427276 2.924086
 6213.000000 2.821690 1.385817 2.940205
 6216.000000 2.804296 1.382766 2.970570
 6219.000000 2.818158 1.406225 2.949188
 6222.000000 2.776303 1.427420 2.911727
 6225.000000 2.784259 1.436678 2.913290
 6228.000000 2.869949 1.440143 2.940838
 6231.000000 2.857217 1.485866 2.924515
 6234.000000 2.841637 1.457050 2.900035
 6237.000000 2.856285 1.431605 2.928333
 6240.000000 2.818382 1.426665 2.910083
 6243.000000 2.824730 1.456704 2.902192
 6246.000000 2.838854 1.481026 2.889794
 6249.000000 2.874230 1.454303 2.919527
 6252.000000 2.901948 1.466492 2.948249
 6255.000000 2.842021 1.420966 2.939876
 6258.000000 2.873712 1.440591 2.942205
 6261.000000 2.846495 1.432576 2.937438
 6264.000000 2.805407 1.430380 2.951395
 6267.000000 2.857679 1.421616 2.929475
 6270.000000 2.796032 1.416023 2.939909
 6273.000000 2.869303 1.433724 2.946684
 6276.000000 2.828105 1.410316 2.958289
 6279.000000 2.818208 1.418893 2.936207
 6282.000000 2.779735 1.446325 2.931039
 6285.000000 2.797907 1.460446 2.934541
 6288.000000 2.888334 1.466931 2.974304
 6291.000000 2.823467 1.479470 2.927398
 6294.000000 2.854588 1.484526 2.955230
 6297.000000 2.860107 1.467868 2.968343
 6300.000000 2.918040 1.483969 2.919226
 6303.000000 2.885990 1.496240 2.863352
 6306.000000 2.793608 1.485846 2.902535
 6309.000000 2.801825 1.489972 2.903661
 6312.000000 2.751606 1.464940 2.906550
 6315.000000 2.790034 1.448385 2.941470
 6318.000000 2.800903 1.449832 2.883287
 6321.000000 2.705190 1.423092 2.887402
 6324.000000 2.739126 1.425137 2.912536
 6327.000000 2.690053 1.428350 2.884222
 6330.000000 2.724988 1.417872 2.933267
 6333.000000 2.747719 1.448466 2.901351
 6336.000000 2.713420 1.439908 2.909041
 6339.000000 2.731080 1.455318 2.916054
 6342.000000 2.684499 1.457093 2.931931
 6345.000000 2.712821 1.451952 2.887623
 6348.000000 2.776493 1.486592 2.884713
 6351.000000 2.817108 1.467099 2.935935
 6354.000000 2.791588 1.470488 2.922987
 6357.000000 2.811755 1.452445 2.921263
 6360.000000 2.865225 1.491147 2.960077
 6363.000000 2.846004 1.496361 2.921786
 6366.000000 2.832490 1.442903 2.966619
 6369.000000 2.838538 1.467669 2.902447
 6372.000000 2.873687 1.452744 2.944375
 6375.000000 2.819858 1.446668 2.943195
 6378.000000 2.835370 1.438852 2.938663
 6381.000000 2.832797 1.456398 2.955319
 6384.000000 2.848488 1.482107 2.946688
 6387.000000 2.847058 1.461503 2.960033
 6390.000000 2.860494 1.490310 2.947329
 6393.000000 2.809935 1.451340 2.954757
 6396.000000 2.845204 1.440079 2.945870
 6399.000000 2.808039 1.469170 2.932578
 6402.000000 2.845701 1.469889 2.915910
 6405.000000 2.865166 1.452527 2.934579
 6408.000000 2.826561 1.467362 2.933624
 6411.000000 2.795810 1.481961 2.905679
 6414.000000 2.825419 1.468255 2.906959
 6417.000000 2.765342 1.441249 2.933146
 6420.000000 2.799185 1.473037 2.927913
 6423.000000 2.763049 1.463167 2.927278
 6426.000000 2.804712 1.468041 2.945484
 6429.000000 2.748138 1.422840 2.958385
 6432.000000 2.878873 1.460909 2.953858
 6435.000000 2.841535 1.457255 2.937316
 6438.000000 2.820723 1.458691 2.933834
 6441.000000 2.828473 1.450896 2.937224
 6444.000000 2.755639 1.455269 2.914369
 6447.000000 2.820976 1.475119 2.907490
 6450.000000 2.774064 1.440670 2.900314
 6453.000000 2.766842 1.448635 2.893541
 6456.000000 2.757390 1.423113 2.920951
 6459.000000 2.739304 1.441091 2.892776
 6462.000000 2.770977 1.431132 2.898342
 6465.000000 2.815383 1.451265 2.910232
 6468.000000 2.749097 1.422835 2.917822
 6471.000000 2.791204 1.440548 2.929041
 6474.000000 2.863276 1.458346 2.933985
 6477.000000 2.882534 1.477761 2.918048
 6480.000000 2.888080 1.484181 2.914792
 6483.000000 2.936207 1.534617 2.870972
 6486.000000 2.844601 1.467604 2.901022
 6489.000000 2.844401 1.450661 2.920029
 6492.000000 2.841577 1.461859 2.938703
 6495.000000 2.816017 1.439866 2.924966
 6498.000000 2.785165 1.416056 2.918063
 6501.000000 2.788073 1.465035 2.889484
 6504.000000 2.792959 1.434987 2.904007
 6507.000000 2.805177 1.467713 2.925948
 6510.000000 2.765299 1.468837 2.954145
 6513.000000 2.764380 1.471447 2.912354
 6516.000000 2.799364 1.504392 2.906058
 6519.000000 2.745247 1.466415 2.903868
 6522.000000 2.754610 1.496303 2.850764
 6525.000000 2.749208 1.495596 2.887428
 6528.000000 2.767417 1.510618 2.876042
 6531.000000 2.672996 1.455646 2.884008
 6534.000000 2.744447 1.494500 2.868161
 6537.000000 2.748030 1.504234 2.850444
 6540.000000 2.770846 1.498472 2.837535
 6543.000000 2.780268 1.476959 2.880856
 6546.000000 2.770360 1.524620 2.871800
 6549.000000 2.762418 1.514707 2.877281
 6552.000000 2.719642 1.457265 2.881254
 6555.000000 2.769681 1.497247 2.863846
 6558.000000 2.746980 1.479280 2.880447
 6561.000000 2.766532 1.467576 2.891646
 6564.000000 2.723167 1.464326 2.879181
 6567.000000 2.699251 1.443446 2.920749
 6570.000000 2.692258 1.445899 2.898840
 6573.000000 2.772562 1.471713 2.886750
 6576.000000 2.712642 1.468601 2.882384
 6579.000000 2.788913 1.465277 2.923124
 6582.000000 2.797990 1.434594 2.954117
 6585.000000 2.806736 1.467095 2.949692
 6588.000000 2.819237 1.440139 2.937638
 6591.000000 2.815201 1.444183 2.934583
 6594.000000 2.807539 1.440006 2.896746
 6597.000000 2.831028 1.454160 2.908660
 6600.000000 2.795594 1.409158 2.945809
 6603.000000 2.820716 1.451022 2.899326
 6606.000000 2.812167 1.412062 2.926874
 6609.000000 2.811647 1.440742 2.917201
 6612.000000 2.805981 1.441162 2.894269
 6615.000000 2.740322 1.423089 2.924912
 6618.000000 2.750972 1.442342 2.889851
 6621.000000 2.733330 1.426733 2.848877
 6624.000000 2.774539 1.413511 2.884283
 6627.000000 2.859929 1.418830 2.893009
 6630.000000 2.850546 1.431704 2.889136
 6633.000000 2.824255 1.421007 2.917101
 6636.000000 2.870104 1.448120 2.905825
 6639.000000 2.813930 1.438342 2.905386
 6642.000000 2.802238 1.451237 2.893337
 6645.000000 2.791393 1.427558 2.883273
 6648.000000 2.799879 1.440680 2.886468
 6651.000000 2.843395 1.431601 2.888164
 6654.000000 2.821008 1.406914 2.880146
 6657.000000 2.821423 1.437239 2.863266
 6660.000000 2.782905 1.402742 2.895046
 6663.000000 2.723528 1.426627 2.873758
 6666.000000 2.832781 1.428039 2.886865
 6669.000000 2.723283 1.422106 2.854088
 6672.000000 2.802675 1.432209 2.864411
 6675.000000 2.843680 1.443042 2.894509
 6678.000000 2.828269 1.423199 2.921992
 6681.000000 2.767180 1.431022 2.894898
 6684.000000 2.745814 1.433761 2.899344
 6687.000000 2.759298 1.428146 2.923907
 6690.000000 2.799398 1.439812 2.916539
 6693.000000 2.843696 1.452834 2.941210
 6696.000000 2.811056 1.436629 2.956763
 6699.000000 2.751675 1.438110 2.952349
 6702.000000 2.726495 1.425054 2.958892
 6705.000000 2.777633 1.450809 2.958287
 6708.000000 2.767579 1.448693 2.946293
 6711.000000 2.723246 1.449008 2.974693
 6714.000000 2.732562 1.450480 2.946541
 6717.000000 2.711517 1.419627 2.936196
 6720.000000 2.708225 1.454636 2.928655
 6723.000000 2.744363 1.456437 2.932568
 6726.000000 2.764892 1.471525 2.953985
 6729.000000 2.673649 1.463639 2.913402
 6732.000000 2.687541 1.475118 2.902401
 6735.000000 2.730187 1.464515 2.944794
 6738.000000 2.777823 1.488055 2.961678
 6741.000000 2.857912 1.463502 2.956112
 6744.000000 2.868022 1.477837 2.959573
 6747.000000 2.930102 1.506786 2.937504
 6750.000000 2.834626 1.487239 2.942228
 6753.000000 2.824882 1.508447 2.923826
 6756.000000 2.823318 1.483537 2.951041
 6759.000000 2.739085 1.453124 2.870802
 6762.000000 2.737346 1.456271 2.915906
 6765.000000 2.815253 1.521596 2.876147
 6768.000000 2.751634 1.474429 2.936515
 6771.000000 2.693391 1.426650 2.960545
 6774.000000 2.722846 1.440345 2.933369
 6777.000000 2.776173 1.445015 2.930944
 6780.000000 2.742642 1.454026 2.907309
 6783.000000 2.818787 1.478837 2.923554
 6786.000000 2.805179 1.480323 2.939744
 6789.000000 2.783003 1.494233 2.917878
 6792.000000 2.778358 1.476077 2.921591
 6795.000000 2.666689 1.429670 2.960685
 6798.000000 2.725349 1.462993 2.905232
 6801.000000 2.724890 1.450703 2.901958
 6804.000000 2.772204 1.413024 2.922654
 6807.000000 2.681394 1.434852 2.885392
 6810.000000 2.731196 1.458021 2.904569
 6813.000000 2.738908 1.471443 2.924481
 6816.000000 2.771995 1.499207 2.888798
 6819.000000 2.690814 1.470990 2.894033
 6822.000000 2.790553 1.456647 2.940450
 6825.000000 2.817561 1.486536 2.965584
 6828.000000 2.833168 1.475697 2.926828
 6831.000000 2.831287 1.477997 2.928368
 6834.000000 2.777969 1.465521 2.903651
 6837.000000 2.841464 1.473997 2.907341
 6840.000000 2.879619 1.496053 2.866031
 6843.000000 2.822772 1.461001 2.893182
 6846.000000 2.820258 1.459995 2.855722
 6849.000000 2.784091 1.448543 2.891943
 6852.000000 2.829597 1.496078 2.894059
 6855.000000 2.826909 1.486620 2.890186
 6858.000000 2.901650 1.491971 2.895001
 6861.000000 2.851953 1.479630 2.890888
 6864.000000 2.875525 1.491738 2.920458
 6867.000000 2.898593 1.473428 2.929008
 6870.000000 2.871812 1.486327 2.902150
 6873.000000 2.880317 1.513684 2.904212
 6876.000000 2.890808 1.497806 2.939137
 6879.000000 2.825798 1.506708 2.896032
 6882.000000 2.893172 1.503687 2.933862
 6885.000000 2.786819 1.478198 2.900803
 6888.000000 2.726012 1.470160 2.914236
 6891.000000 2.803028 1.469780 2.921401
 6894.000000 2.743168 1.452121 2.910050
 6897.000000 2.749299 1.434791 2.915718
 6900.000000 2.788569 1.454874 2.888518
 6903.000000 2.770768 1.414176 2.901578
 6906.000000 2.772897 1.440085 2.900423
 6909.000000 2.863205 1.501011 2.918752
 6912.000000 2.810203 1.466695 2.904387
 6915.000000 2.776926 1.464695 2.854804
 6918.000000 2.698190 1.415699 2.871817
 6921.000000 2.749980 1.429164 2.872378
 6924.000000 2.758983 1.458929 2.874984
 6927.000000 2.726178 1.426419 2.882598
 6930.000000 2.807202 1.454979 2.885939
 6933.000000 2.788819 1.417388 2.896186
 6936.000000 2.799037 1.457271 2.871117
 6939.000000 2.796160 1.476795 2.874104
 6942.000000 2.780689 1.448994 2.904523
 6945.000000 2.801659 1.431518 2.902996
 6948.000000 2.838184 1.466515 2.956204
 6951.000000 2.815090 1.434640 2.927789
 6954.000000 2.851011 1.452944 2.919715
 6957.000000 2.799563 1.459721 2.943740
 6960.000000 2.784046 1.435444 2.935139
 6963.000000 2.764860 1.444385 2.929407
 6966.000000 2.797200 1.415972 2.949626
 6969.000000 2.855684 1.479074 2.908888
 6972.000000 2.794313 1.411356 2.925980
 6975.000000 2.849776 1.434826 2.912239
 6978.000000 2.840847 1.451398 2.934738
 6981.000000 2.879459 1.469302 2.929503
 6984.000000 2.810001 1.433721 2.941331
 6987.000000 2.840910 1.472214 2.911576
 6990.000000 2.797211 1.426619 2.958714
 6993.000000 2.797911 1.449097 2.896170
 6996.000000 2.791945 1.424985 2.941590
 6999.000000 2.865345 1.471674 2.941643
 7002.000000 2.821749 1.460723 2.954535
 7005.000000 2.837047 1.456198 2.961575
 7008.000000 2.848912 1.485606 2.968306
 7011.000000 2.830500 1.499956 2.929380
 7014.000000 2.775727 1.467599 2.938287
 7017.000000 2.757955 1.460584 2.948134
 7020.000000 2.835440 1.513670 2.927587
 7023.000000 2.807200 1.462747 2.913242
 7026.000000 2.743469 1.445084 2.917523
 7029.000000 2.771932 1.478179 2.914869
 7032.000000 2.700988 1.428409 2.915805
 7035.000000 2.740850 1.448455 2.896402
 7038.000000 2.755406 1.480271 2.904495
 7041.000000 2.732273 1.474719 2.882151
 7044.000000 2.778090 1.486707 2.898447
 7047.000000 2.738836 1.457126 2.901592
 7050.000000 2.762868 1.459864 2.883528
 7053.000000 2.682270 1.434030 2.855515
 7056.000000 2.702282 1.431988 2.878622
 7059.000000 2.631371 1.422216 2.872512
 7062.000000 2.644999 1.416332 2.862764
 7065.000000 2.660700 1.445033 2.864058
 7068.000000 2.606971 1.431403 2.849506
 7071.000000 2.692070 1.476516 2.840813
 7074.000000 2.642697 1.433835 2.896003
 7077.000000 2.618136 1.437722 2.916767
 7080.000000 2.674518 1.430542 2.907983
 7083.000000 2.692087 1.443306 2.935489
 7086.000000 2.699698 1.448940 2.924823
 7089.000000 2.632842 1.444067 2.912985
 7092.000000 2.659333 1.440642 2.920657
 7095.000000 2.681439 1.475177 2.939709
 7098.000000 2.706398 1.490229 2.919401
 7101.000000 2.664648 1.462570 2.927267
 7104.000000 2.741444 1.481158 2.920354
 7107.000000 2.673210 1.484999 2.891197
 7110.000000 2.682966 1.463427 2.904148
 7113.000000 2.642110 1.444881 2.868302
 7116.000000 2.683121 1.490612 2.862925
 7119.000000 2.627134 1.479469 2.864503
 7122.000000 2.680579 1.468987 2.876366
 7125.000000 2.737982 1.484089 2.867871
 7128.000000 2.728003 1.470488 2.836604
 7131.000000 2.706462 1.471006 2.817946
 7134.000000 2.693926 1.447014 2.870204
 7137.000000 2.683079 1.441158 2.901535
 7140.000000 2.578469 1.422038 2.881200
 7143.000000 2.542034 1.429142 2.904621
 7146.000000 2.541749 1.412162 2.914456
 7149.000000 2.596346 1.422540 2.908104
 7152.000000 2.553448 1.405306 2.922065
 7155.000000 2.590647 1.408199 2.927230
 7158.000000 2.612185 1.424133 2.942076
 7161.000000 2.595035 1.395053 2.929844
 7164.000000 2.621701 1.393230 2.901750
 7167.000000 2.592410 1.401725 2.926698
 7170.000000 2.660523 1.406719 2.913661
 7173.000000 2.639395 1.430357 2.871080
 7176.000000 2.556372 1.419788 2.857149
 7179.000000 2.561786 1.403665 2.857967
 7182.000000 2.640990 1.420419 2.890875
 7185.000000 2.640108 1.446758 2.864048
 7188.000000 2.641078 1.446971 2.905306
 7191.000000 2.570010 1.433981 2.912915
 7194.000000 2.608770 1.445036 2.895877
 7197.000000 2.603586 1.476397 2.877553
 7200.000000 2.672741 1.456008 2.897406
 7203.000000 2.715324 1.458023 2.911868
 7206.000000 2.712613 1.457956 2.889863
 7209.000000 2.794336 1.480876 2.912897
 7212.000000 2.740260 1.473596 2.926583
 7215.000000 2.770767 1.463790 2.934822
 7218.000000 2.749292 1.465138 2.883579
 7221.000000 2.703234 1.444408 2.868763
 7224.000000 2.704486 1.436191 2.903491
 7227.000000 2.713260 1.453074 2.865678
 7230.000000 2.665001 1.426388 2.892724
 7233.000000 2.671548 1.427905 2.907794
 7236.000000 2.693943 1.445203 2.927864
 7239.000000 2.683877 1.439193 2.898557
 7242.000000 2.671479 1.447871 2.908501
 7245.000000 2.677692 1.437302 2.910715
 7248.000000 2.713968 1.442053 2.919398
 7251.000000 2.722799 1.437465 2.927977
 7254.000000 2.779971 1.433479 2.949380
 7257.000000 2.800145 1.496266 2.918998
 7260.000000 2.819607 1.458990 2.935760
 7263.000000 2.841737 1.492780 2.922934
 7266.000000 2.812476 1.472574 2.910172
 7269.000000 2.891228 1.470210 2.958910
 7272.000000 2.906129 1.464746 2.952835
 7275.000000 2.899959 1.477478 2.931136
 7278.000000 2.841431 1.477799 2.938101
 7281.000000 2.836089 1.484720 2.901986
 7284.000000 2.825551 1.457502 2.933968
 7287.000000 2.855698 1.463092 2.980658
 7290.000000 2.846579 1.417982 3.010312
 7293.000000 2.786726 1.439298 2.959221
 7296.000000 2.751719 1.440719 2.972922
 7299.000000 2.730958 1.451915 2.951694
 7302.000000 2.745541 1.444480 2.963207
 7305.000000 2.825626 1.475818 2.973178
 7308.000000 2.727447 1.456765 2.958618
 7311.000000 2.793738 1.483137 2.940739
 7314.000000 2.770138 1.484380 2.943874
 7317.000000 2.779958 1.484045 2.936635
 7320.000000 2.768283 1.488985 2.944278
 7323.000000 2.706846 1.447618 2.935515
 7326.000000 2.754558 1.436671 2.938812
 7329.000000 2.747040 1.452662 2.886961
 7332.000000 2.709818 1.421829 2.898893
 7335.000000 2.831156 1.485568 2.898875
 7338.000000 2.724829 1.455256 2.884143
 7341.000000 2.787539 1.475919 2.896902
 7344.000000 2.786193 1.432018 2.921430
 7347.000000 2.729171 1.430357 2.936577
 7350.000000 2.722366 1.441077 2.888018
 7353.000000 2.762753 1.473006 2.912630
 7356.000000 2.728030 1.476534 2.887455
 7359.000000 2.669299 1.442759 2.886629
 7362.000000 2.696840 1.472572 2.890086
 7365.000000 2.691614 1.426571 2.916756
 7368.000000 2.720947 1.469438 2.906538
 7371.000000 2.719143 1.467820 2.913907
 7374.000000 2.710512 1.486812 2.897146
 7377.000000 2.710309 1.483034 2.907832
 7380.000000 2.765548 1.478312 2.948806
 7383.000000 2.658151 1.459528 2.918939
 7386.000000 2.719697 1.476282 2.924349
 7389.000000 2.752923 1.498236 2.918341
 7392.000000 2.705778 1.484717 2.970457
 7395.000000 2.698438 1.478762 2.963522
 7398.000000 2.730989 1.490042 2.948257
 7401.000000 2.765449 1.501212 2.929117
 7404.000000 2.781489 1.481790 2.926189
 7407.000000 2.797844 1.488824 2.950827
 7410.000000 2.713460 1.471767 2.950852
 7413.000000 2.704014 1.460381 2.936885
 7416.000000 2.678564 1.460457 2.930618
 7419.000000 2.674164 1.454215 2.958517
 7422.000000 2.716116 1.437559 2.968204
 7425.000000 2.663489 1.457355 2.961303
 7428.000000 2.677465 1.435840 2.953921
 7431.000000 2.664420 1.442461 2.921186
 7434.000000 2.737986 1.444103 2.936450
 7437.000000 2.756790 1.470005 2.878391
 7440.000000 2.679239 1.426594 2.932703
 7443.000000 2.730154 1.430273 2.920965
 7446.000000 2.743831 1.469210 2.910392
 7449.000000 2.710504 1.437539 2.924288
 7452.000000 2.726354 1.455123 2.942129
 7455.000000 2.723046 1.456849 2.970769
 7458.000000 2.746453 1.457893 2.947137
 7461.000000 2.757684 1.438086 2.926973
 7464.000000 2.737478 1.425637 2.938704
 7467.000000 2.730290 1.457373 2.918493
 7470.000000 2.725357 1.468955 2.926778
 7473.000000 2.714321 1.490247 2.918585
 7476.000000 2.730269 1.466128 2.938853
 7479.000000 2.718657 1.484588 2.925995
 7482.000000 2.743362 1.501918 2.927016
 7485.000000 2.755257 1.460514 2.949377
 7488.000000 2.763353 1.483192 2.944183
 7491.000000 2.786864 1.461626 2.988922
 7494.000000 2.739098 1.450163 2.964240
 7497.000000 2.653703 1.461240 2.941526
 7500.000000 2.720134 1.483514 2.920971
 7503.000000 2.681215 1.462342 2.935865
 7506.000000 2.659294 1.451029 2.925301
 7509.000000 2.685563 1.472655 2.919976
 7512.000000 2.699452 1.477533 2.929414
 7515.000000 2.716166 1.472025 2.896180
 7518.000000 2.643885 1.418264 2.913978
 7521.000000 2.645869 1.422709 2.934510
 7524.000000 2.686132 1.420102 2.924885
 7527.000000 2.682292 1.446669 2.947135
 7530.000000 2.666146 1.453178 2.944707
 7533.000000 2.667905 1.419767 2.980929
 7536.000000 2.650101 1.424332 2.980538
 7539.000000 2.642259 1.439392 2.958552
 7542.000000 2.654084 1.462903 2.951632
 7545.000000 2.669532 1.442833 2.938827
 7548.000000 2.637009 1.420505 2.941234
 7551.000000 2.624304 1.410296 2.977631
 7554.000000 2.716250 1.421752 2.995713
 7557.000000 2.714587 1.451611 3.002837
 7560.000000 2.638820 1.395236 2.998149
 7563.000000 2.654701 1.430683 2.986789
 7566.000000 2.709135 1.431304 2.964287
 7569.000000 2.766395 1.470475 2.933404
 7572.000000 2.677895 1.441048 2.953059
 7575.000000 2.697022 1.452140 2.926111
 7578.000000 2.726630 1.473206 2.912897
 7581.000000 2.751963 1.473493 2.915327
 7584.000000 2.745890 1.461411 2.949105
 7587.000000 2.765871 1.461974 2.939362
 7590.000000 2.829072 1.488319 2.945917
 7593.000000 2.758360 1.488796 2.955527
 7596.000000 2.734415 1.446087 2.958445
 7599.000000 2.761909 1.466007 2.941066
 7602.000000 2.798976 1.479020 2.993034
 7605.000000 2.782115 1.467892 2.999034
 7608.000000 2.793606 1.472796 2.997181
 7611.000000 2.740964 1.475378 2.963539
 7614.000000 2.832114 1.496991 2.979205
 7617.000000 2.738198 1.469912 2.967033
 7620.000000 2.817685 1.471650 2.991512
 7623.000000 2.822463 1.492521 2.977796
 7626.000000 2.737586 1.490653 2.962762
 7629.000000 2.782258 1.469506 2.959315
 7632.000000 2.838246 1.529160 2.913446
 7635.000000 2.816709 1.507807 2.906112
 7638.000000 2.808694 1.513082 2.899876
 7641.000000 2.816886 1.503043 2.939326
 7644.000000 2.788885 1.505834 2.942312
 7647.000000 2.833616 1.479251 2.933081
 7650.000000 2.852113 1.508686 2.934348
 7653.000000 2.837816 1.483435 2.931865
 7656.000000 2.880684 1.482109 2.983877
 7659.000000 2.867957 1.475593 2.965676
 7662.000000 2.881955 1.499936 2.951875
 7665.000000 2.822609 1.492293 2.942277
 7668.000000 2.834309 1.489946 2.947175
 7671.000000 2.816655 1.507698 2.926314
 7674.000000 2.823103 1.501942 2.944935
 7677.000000 2.830427 1.528029 2.903498
 7680.000000 2.776311 1.506489 2.924870
 7683.000000 2.789811 1.491077 2.926167
 7686.000000 2.779363 1.502086 2.931334
 7689.000000 2.730253 1.476206 2.960706
 7692.000000 2.703860 1.472752 2.946811
 7695.000000 2.845714 1.476364 2.953264
 7698.000000 2.825543 1.470021 3.008657
 7701.000000 2.819439 1.485786 2.977387
 7704.000000 2.852899 1.495608 2.979507
 7707.000000 2.852134 1.522448 2.956193
 7710.000000 2.839610 1.514955 2.962636
 7713.000000 2.887256 1.526829 2.964027
 7716.000000 2.887443 1.538322 2.964708
 7719.000000 2.853009 1.496501 2.971256
 7722.000000 2.872299 1.483945 2.991699
 7725.000000 2.854620 1.482594 2.982363
 7728.000000 2.822954 1.511163 2.974379
 7731.000000 2.851698 1.529622 2.960008
 7734.000000 2.835589 1.525343 2.946103
 7737.000000 2.839809 1.496802 2.946011
 7740.000000 2.781414 1.496770 2.956051
 7743.000000 2.834294 1.478778 2.989749
 7746.000000 2.864518 1.516296 2.988739
 7749.000000 2.874067 1.538540 2.993967
 7752.000000 2.881899 1.548025 2.967483
 7755.000000 2.910586 1.532280 2.947274
 7758.000000 2.848142 1.529033 2.962698
 7761.000000 2.884935 1.521252 2.962466
 7764.000000 2.860524 1.507691 2.979379
 7767.000000 2.937248 1.526403 2.951683
 7770.000000 2.850105 1.511339 2.959829
 7773.000000 2.915486 1.493759 2.973031
 7776.000000 2.929932 1.498880 2.955203
 7779.000000 2.900140 1.478362 2.934337
 7782.000000 2.883138 1.490839 2.969832
 7785.000000 2.896143 1.505566 2.936319
 7788.000000 2.879782 1.499283 2.939213
 7791.000000 2.856152 1.474436 2.956037
 7794.000000 2.898112 1.493518 2.954989
 7797.000000 2.903338 1.496361 2.955108
 7800.000000 2.887588 1.496306 2.964426
 7803.000000 2.850314 1.482761 2.953427
 7806.000000 2.839044 1.490916 2.948950
 7809.000000 2.805203 1.483176 2.964044
 7812.000000 2.811099 1.481656 2.969687
 7815.000000 2.836663 1.497856 2.969525
 7818.000000 2.800590 1.510631 2.915302
 7821.000000 2.757406 1.486087 2.972109
 7824.000000 2.797856 1.482086 2.982298
 7827.000000 2.841185 1.505028 2.966445
 7830.000000 2.830556 1.493510 2.972036
 7833.000000 2.801463 1.501340 2.942709
 7836.000000 2.790817 1.486139 2.966488
 7839.000000 2.773370 1.472833 2.944762
 7842.000000 2.744757 1.469710 2.976609
 7845.000000 2.775559 1.475095 2.957705
 7848.000000 2.691048 1.472054 2.942556
 7851.000000 2.732720 1.453860 2.966271
 7854.000000 2.678412 1.444677 2.952583
 7857.000000 2.709476 1.431344 2.959309
 7860.000000 2.668721 1.422907 2.999864
 7863.000000 2.692832 1.439620 2.966005
 7866.000000 2.694495 1.461501 2.960214
 7869.000000 2.723747 1.458559 2.970577
 7872.000000 2.692962 1.468244 2.956508
 7875.000000 2.734477 1.435846 2.965316
 7878.000000 2.793624 1.463094 2.974977
 7881.000000 2.804911 1.495830 2.964997
 7884.000000 2.824853 1.509705 2.938622
 7887.000000 2.835555 1.499296 2.921961
 7890.000000 2.798179 1.474927 2.949900
 7893.000000 2.780468 1.517599 2.923306
 7896.000000 2.772720 1.496440 2.955913
 7899.000000 2.781068 1.502003 2.936482
 7902.000000 2.767448 1.518747 2.935389
 7905.000000 2.706904 1.493463 2.958626
 7908.000000 2.762949 1.499172 2.937606
 7911.000000 2.810563 1.520735 2.957106
 7914.000000 2.714863 1.475753 2.949935
 7917.000000 2.766486 1.488196 2.919144
 7920.000000 2.781514 1.481149 2.942914
 7923.000000 2.808758 1.494572 2.937775
 7926.000000 2.831315 1.478095 2.948618
 7929.000000 2.808041 1.463690 2.938987
 7932.000000 2.805255 1.447847 2.955966
 7935.000000 2.749882 1.435593 2.983323
 7938.000000 2.773003 1.468106 2.984576
 7941.000000 2.755969 1.448403 2.954394
 7944.000000 2.791938 1.482586 2.970879
 7947.000000 2.817168 1.472827 2.941760
 7950.000000 2.734939 1.434876 2.950527
 7953.000000 2.803492 1.455923 2.930625
 7956.000000 2.834836 1.452239 2.940630
 7959.000000 2.830672 1.445769 2.966930
 7962.000000 2.814441 1.449489 2.982148
 7965.000000 2.863732 1.461320 2.995099
 7968.000000 2.856841 1.468813 2.990805
 7971.000000 2.859807 1.476886 2.999572
 7974.000000 2.786519 1.495139 2.972395
 7977.000000 2.850352 1.466951 2.984884
 7980.000000 2.831745 1.500599 2.922290
 7983.000000 2.885694 1.478205 2.971697
 7986.000000 2.838404 1.497884 2.964698
 7989.000000 2.902166 1.496074 2.973951
 7992.000000 2.867306 1.485884 2.960173
 7995.000000 2.886562 1.489608 2.956223
 7998.000000 2.834462 1.486423 2.936250
 8001.000000 2.823070 1.479846 2.955081
 8004.000000 2.823676 1.500028 2.926432
 8007.000000 2.810495 1.492044 2.947319
 8010.000000 2.857004 1.497684 2.959983
 8013.000000 2.892320 1.529470 2.937204
 8016.000000 2.850129 1.525938 2.969836
 8019.000000 2.869029 1.487219 2.968159
 8022.000000 2.845383 1.493700 2.949968
 8025.000000 2.777876 1.470486 2.998598
 8028.000000 2.725392 1.442275 2.936296
 8031.000000 2.744332 1.480259 2.946061
 8034.000000 2.782503 1.441387 2.977302
 8037.000000 2.802943 1.478559 2.934858
 8040.000000 2.721633 1.459074 2.948321
 8043.000000 2.809545 1.472968 2.970397
 8046.000000 2.825857 1.488285 2.992596
 8049.000000 2.838135 1.522316 2.930809
 8052.000000 2.830788 1.512230 2.982375
 8055.000000 2.730775 1.496723 2.986274
 8058.000000 2.789465 1.498743 2.955819
 8061.000000 2.841056 1.495703 2.975246
 8064.000000 2.820403 1.516649 2.963564
 8067.000000 2.913163 1.546734 2.958981
 8070.000000 2.803185 1.478625 2.969464
 8073.000000 2.753202 1.508633 2.967455
 8076.000000 2.765277 1.484688 2.974714
 8079.000000 2.781503 1.500053 2.956905
 8082.000000 2.821301 1.483399 2.961987
 8085.000000 2.808258 1.471873 2.945070
 8088.000000 2.874587 1.515040 2.961185
 8091.000000 2.841010 1.524449 2.932157
 8094.000000 2.939435 1.552311 2.941609
 8097.000000 2.960166 1.554718 2.968746
 8100.000000 2.897002 1.495112 2.963822
 8103.000000 2.847213 1.518031 2.944770
 8106.000000 2.886914 1.507482 2.931039
 8109.000000 2.843023 1.496329 2.916887
 8112.000000 2.795582 1.500895 2.913399
 8115.000000 2.862288 1.510670 2.943126
 8118.000000 2.835170 1.506252 2.923678
 8121.000000 2.839611 1.530469 2.939101
 8124.000000 2.906938 1.544660 2.975975
 8127.000000 2.930314 1.527168 2.991088
 8130.000000 2.894294 1.517023 2.924281
 8133.000000 2.855777 1.501954 2.910345
 8136.000000 2.882681 1.514360 2.888039
 8139.000000 2.872595 1.499063 2.913485
 8142.000000 2.809506 1.515543 2.923378
 8145.000000 2.802436 1.506658 2.946987
 8148.000000 2.819196 1.471380 2.962870
 8151.000000 2.823907 1.473046 2.970001
 8154.000000 2.776926 1.485157 2.989065
 8157.000000 2.809598 1.504410 2.979302
 8160.000000 2.882107 1.503880 2.997906
 8163.000000 2.864531 1.511430 2.977109
 8166.000000 2.868982 1.505866 2.959312
 8169.000000 2.868369 1.486788 2.990914
 8172.000000 2.870944 1.521499 2.949559
 8175.000000 2.855310 1.521108 2.923685
 8178.000000 2.840602 1.485674 2.972868
 8181.000000 2.828334 1.495755 2.937116
 8184.000000 2.799188 1.478510 2.950162
 8187.000000 2.844034 1.456363 2.982178
 8190.000000 2.788737 1.531090 2.917115
 8193.000000 2.768677 1.483981 2.956774
 8196.000000 2.744410 1.501478 2.951293
 8199.000000 2.734136 1.489150 2.931470
 8202.000000 2.758754 1.489337 2.959979
 8205.000000 2.746799 1.524274 2.969523
 8208.000000 2.728357 1.493993 2.964931
 8211.000000 2.709737 1.521890 2.946105
 8214.000000 2.675053 1.488955 2.944959
 8217.000000 2.737659 1.506180 2.935065
 8220.000000 2.718238 1.501802 2.959996
 8223.000000 2.793493 1.525701 2.968122
 8226.000000 2.711211 1.487350 2.979119
 8229.000000 2.573626 1.439574 2.943260
 8232.000000 2.631492 1.462293 2.919060
 8235.000000 2.596285 1.473033 2.926740
 8238.000000 2.708064 1.489564 2.903311
 8241.000000 2.681320 1.466425 2.937642
 8244.000000 2.712604 1.486950 2.957614
 8247.000000 2.785194 1.482839 2.966118
 8250.000000 2.805633 1.490500 2.969008
 8253.000000 2.736555 1.494263 2.925002
 8256.000000 2.786546 1.506299 2.946555
 8259.000000 2.748502 1.504488 2.928092
 8262.000000 2.679264 1.477484 2.937143
 8265.000000 2.782835 1.522024 2.934058
 8268.000000 2.695310 1.488568 2.943906
 8271.000000 2.740885 1.486147 2.937531
 8274.000000 2.763268 1.509010 2.907656
 8277.000000 2.745924 1.471487 2.914050
 8280.000000 2.747657 1.500812 2.905901
 8283.000000 2.798416 1.502989 2.932502
 8286.000000 2.760233 1.490279 2.920597
 8289.000000 2.726265 1.490062 2.932532
 8292.000000 2.763382 1.473189 2.939957
 8295.000000 2.720997 1.482813 2.923958
 8298.000000 2.709209 1.459592 2.934577
 8301.000000 2.702555 1.456123 2.954796
 8304.000000 2.696636 1.469627 2.976045
 8307.000000 2.651666 1.457551 2.977605
 8310.000000 2.716301 1.502729 2.968983
 8313.000000 2.684773 1.466215 2.976668
 8316.000000 2.737400 1.487335 2.960703
 8319.000000 2.691024 1.482246 2.937275
 8322.000000 2.674713 1.479235 2.946818
 8325.000000 2.727561 1.495613 2.960030
 8328.000000 2.706264 1.466221 2.975970
 8331.000000 2.714037 1.475866 2.953494
 8334.000000 2.739072 1.496252 2.926904
 8337.000000 2.741095 1.500089 2.936900
 8340.000000 2.634474 1.461182 2.932077
 8343.000000 2.692399 1.461487 2.902454
 8346.000000 2.733904 1.461892 2.931357
 8349.000000 2.735333 1.460597 2.917890
 8352.000000 2.797536 1.484675 2.926766
 8355.000000 2.868791 1.507286 2.908713
 8358.000000 2.850323 1.474199 2.930885
 8361.000000 2.920114 1.511686 2.929458
 8364.000000 2.919908 1.534772 2.925264
 8367.000000 2.868669 1.486902 2.933899
 8370.000000 2.878782 1.493390 2.929000
 8373.000000 2.927638 1.506756 2.929925
 8376.000000 2.904613 1.497567 2.919601
 8379.000000 2.933697 1.493718 2.914912
 8382.000000 2.893957 1.534567 2.912335
 8385.000000 2.842733 1.504718 2.918091
 8388.000000 2.873059 1.516856 2.890431
 8391.000000 2.932508 1.525648 2.920460
 8394.000000 2.953563 1.532983 2.906340
 8397.000000 2.903750 1.537675 2.892864
 8400.000000 2.865221 1.513450 2.912477
 8403.000000 2.826919 1.521541 2.887775
 8406.000000 2.912121 1.539533 2.921557
 8409.000000 2.874235 1.502712 2.955670
 8412.000000 2.904750 1.544165 2.909737
 8415.000000 2.866287 1.519833 2.943910
 8418.000000 2.898508 1.535728 2.953837
 8421.000000 2.873845 1.512724 2.981927
 8424.000000 2.794664 1.469983 2.964664
 8427.000000 2.887627 1.499745 2.975974
 8430.000000 2.880462 1.522065 2.934476
 8433.000000 2.918854 1.539045 2.941831
 8436.000000 2.854370 1.512643 2.935127
 8439.000000 2.848506 1.534587 2.879999
 8442.000000 2.865413 1.506020 2.888263
 8445.000000 2.946085 1.539562 2.926507
 8448.000000 2.882789 1.513101 2.932092
 8451.000000 2.873486 1.510383 2.908202
 8454.000000 2.851675 1.508736 2.930810
 8457.000000 2.804293 1.480250 2.912342
 8460.000000 2.911271 1.504244 2.921598
 8463.000000 2.854668 1.472062 2.935079
 8466.000000 2.899488 1.492823 2.940490
 8469.000000 2.893677 1.475896 2.927008
 8472.000000 2.878145 1.474091 2.915997
 8475.000000 2.911485 1.505408 2.880983
 8478.000000 2.811760 1.463691 2.882882
 8481.000000 2.767817 1.467224 2.893754
 8484.000000 2.792875 1.467290 2.948090
 8487.000000 2.814653 1.502775 2.906291
 8490.000000 2.793385 1.466068 2.932531
 8493.000000 2.792039 1.445634 2.951333
 8496.000000 2.805998 1.451061 2.955888
 8499.000000 2.826566 1.461223 2.973197
 8502.000000 2.793652 1.453215 2.965690
 8505.000000 2.801311 1.444102 2.940300
 8508.000000 2.795619 1.482339 2.924073
 8511.000000 2.770845 1.510472 2.918961
 8514.000000 2.749500 1.474090 2.960698
 8517.000000 2.771262 1.485695 2.948671
 8520.000000 2.786598 1.493422 2.928043
 8523.000000 2.672030 1.470227 2.897763
 8526.000000 2.687659 1.482077 2.877786
 8529.000000 2.715934 1.476842 2.892359
 8532.000000 2.752029 1.481067 2.909261
 8535.000000 2.784792 1.485903 2.938766
 8538.000000 2.803290 1.471300 2.963033
 8541.000000 2.866949 1.478528 2.987455
 8544.000000 2.900525 1.465571 2.953542
 8547.000000 2.897433 1.508208 2.926500
 8550.000000 2.826223 1.490003 2.932798
 8553.000000 2.818613 1.461758 2.934469
 8556.000000 2.770240 1.445236 2.976265
 8559.000000 2.763090 1.447568 2.966683
 8562.000000 2.746116 1.436863 2.970963
 8565.000000 2.763386 1.445454 2.945865
 8568.000000 2.831978 1.496222 2.982010
 8571.000000 2.774213 1.435771 2.991469
 8574.000000 2.782074 1.468840 2.938464
 8577.000000 2.814895 1.467919 2.955658
 8580.000000 2.819645 1.464814 2.957227
 8583.000000 2.732992 1.459446 2.939843
 8586.000000 2.772954 1.451708 2.959647
 8589.000000 2.766721 1.489074 2.896991
 8592.000000 2.773320 1.449784 2.948435
 8595.000000 2.749566 1.456845 2.956499
 8598.000000 2.862035 1.472842 2.974938
 8601.000000 2.821487 1.440886 2.955508
 8604.000000 2.822784 1.454761 2.943933
 8607.000000 2.855369 1.464223 2.943241
 8610.000000 2.809909 1.476687 2.924770
 8613.000000 2.829180 1.468810 2.954128
 8616.000000 2.761498 1.434023 2.949498
 8619.000000 2.771015 1.416584 2.958603
 8622.000000 2.842073 1.424606 2.948074
 8625.000000 2.844564 1.452737 2.966547
 8628.000000 2.839649 1.439319 2.954382
 8631.000000 2.841585 1.440343 2.945388
 8634.000000 2.803548 1.446784 2.918222
 8637.000000 2.872693 1.459786 2.948526
 8640.000000 2.840954 1.459346 2.926611
 8643.000000 2.866788 1.473668 2.927874
 8646.000000 2.775292 1.457450 2.876250
 8649.000000 2.815208 1.458056 2.922377
 8652.000000 2.779327 1.454529 2.933944
 8655.000000 2.798962 1.456339 2.935272
 8658.000000 2.799073 1.477194 2.915052
 8661.000000 2.774430 1.444875 2.920471
 8664.000000 2.795547 1.438556 2.949245
 8667.000000 2.793559 1.463691 2.925986
 8670.000000 2.798527 1.452513 2.924903
 8673.000000 2.791852 1.460125 2.925600
 8676.000000 2.762305 1.429897 2.960362
 8679.000000 2.813593 1.466044 2.953714
 8682.000000 2.742889 1.447336 2.953847
 8685.000000 2.722132 1.449657 2.932485
 8688.000000 2.673057 1.420301 2.944678
 8691.000000 2.762269 1.402459 2.982698
 8694.000000 2.714966 1.435286 2.942169
 8697.000000 2.769256 1.467022 2.956182
 8700.000000 2.751152 1.456529 2.943670
 8703.000000 2.780114 1.446363 2.945541
 8706.000000 2.780534 1.475430 2.925754
 8709.000000 2.762319 1.451832 2.940570
 8712.000000 2.727482 1.439176 2.946747
 8715.000000 2.700314 1.432043 2.947635
 8718.000000 2.640161 1.441891 2.917522
 8721.000000 2.721721 1.441103 2.938352
 8724.000000 2.691677 1.440965 2.919702
 8727.000000 2.754915 1.476415 2.921249
 8730.000000 2.639385 1.411470 2.917882
 8733.000000 2.681744 1.434723 2.905482
 8736.000000 2.655370 1.430008 2.915528
 8739.000000 2.733554 1.456447 2.916015
 8742.000000 2.722543 1.470374 2.904171
 8745.000000 2.700077 1.426177 2.920288
 8748.000000 2.729472 1.453381 2.933587
 8751.000000 2.691228 1.424703 2.927916
 8754.000000 2.637828 1.394465 2.921840
 8757.000000 2.719580 1.429510 2.923814
 8760.000000 2.744171 1.443059 2.932134
 8763.000000 2.723779 1.417121 2.944299
 8766.000000 2.788197 1.434185 2.956690
 8769.000000 2.758804 1.449365 2.928883
 8772.000000 2.705966 1.438417 2.935493
 8775.000000 2.718712 1.429160 2.921316
 8778.000000 2.781960 1.449256 2.937358
 8781.000000 2.753741 1.432575 2.927817
 8784.000000 2.786790 1.447444 2.908799
 8787.000000 2.732683 1.439126 2.900794
 8790.000000 2.702430 1.444903 2.941192
 8793.000000 2.748217 1.437739 2.919952
 8796.000000 2.770060 1.460332 2.906378
 8799.000000 2.796422 1.469735 2.916724
 8802.000000 2.746891 1.417006 2.932571
 8805.000000 2.764650 1.422536 2.939744
 8808.000000 2.790542 1.425741 2.948416
 8811.000000 2.695197 1.440729 2.910737
 8814.000000 2.747437 1.408912 2.926319
 8817.000000 2.727159 1.430977 2.923337
 8820.000000 2.676091 1.433281 2.934227
 8823.000000 2.715825 1.455234 2.934202
 8826.000000 2.770735 1.448320 2.948336
 8829.000000 2.715818 1.441754 2.926862
 8832.000000 2.772249 1.448004 2.936758
 8835.000000 2.754239 1.417905 2.970650
 8838.000000 2.746209 1.410899 2.946458
 8841.000000 2.696680 1.409424 2.963216
 8844.000000 2.790303 1.426036 2.953096
 8847.000000 2.741765 1.392375 2.978484
 8850.000000 2.772070 1.426150 2.916485
 8853.000000 2.734987 1.377176 2.955222
 8856.000000 2.781478 1.388017 2.960803
 8859.000000 2.765415 1.393276 2.952592
 8862.000000 2.729423 1.418752 2.919295
 8865.000000 2.719241 1.396743 2.945222
 8868.000000 2.687293 1.408529 2.918404
 8871.000000 2.664487 1.375265 2.954991
 8874.000000 2.775778 1.400543 2.968168
 8877.000000 2.769752 1.402219 2.962477
 8880.000000 2.774275 1.399861 2.965846
 8883.000000 2.745117 1.366839 2.990697
 8886.000000 2.741745 1.384072 2.975664
 8889.000000 2.685658 1.400684 2.965887
 8892.000000 2.766611 1.402837 2.966974
 8895.000000 2.757732 1.425002 2.924252
 8898.000000 2.729392 1.427306 2.929444
 8901.000000 2.800440 1.445723 2.919652
 8904.000000 2.811609 1.450778 2.943734
 8907.000000 2.787938 1.461946 2.957127
 8910.000000 2.831613 1.462681 2.965468
 8913.000000 2.818214 1.478376 2.951888
 8916.000000 2.752139 1.450553 2.931615
 8919.000000 2.779447 1.460459 2.943609
 8922.000000 2.776466 1.454507 2.944654
 8925.000000 2.775390 1.453941 2.930410
 8928.000000 2.821228 1.458321 2.937154
 8931.000000 2.758616 1.443229 2.945154
 8934.000000 2.786377 1.473508 2.943442
 8937.000000 2.827311 1.478546 2.935554
 8940.000000 2.849195 1.452781 2.959240
 8943.000000 2.837794 1.470951 2.953637
 8946.000000 2.821393 1.437177 2.944853
 8949.000000 2.768732 1.445746 2.926169
 8952.000000 2.749594 1.438333 2.968827
 8955.000000 2.820314 1.462390 2.969162
 8958.000000 2.803543 1.452631 2.945923
 8961.000000 2.760049 1.465932 2.943684
 8964.000000 2.757061 1.459531 2.958428
 8967.000000 2.779748 1.459769 2.931476
 8970.000000 2.831664 1.449307 2.956960
 8973.000000 2.785106 1.446292 2.944459
 8976.000000 2.802124 1.453358 2.927870
 8979.000000 2.790071 1.459425 2.958203
 8982.000000 2.757174 1.465054 2.939620
 8985.000000 2.755500 1.418081 2.961080
 8988.000000 2.721251 1.423124 2.944435
 8991.000000 2.691670 1.411533 2.947270
 8994.000000 2.733652 1.424002 2.927377
 8997.000000 2.729872 1.422715 2.940341
 9000.000000 2.784345 1.432638 2.944352
 9003.000000 2.775286 1.424055 2.946614
 9006.000000 2.747185 1.423448 2.933041
 9009.000000 2.741495 1.405848 2.917076
 9012.000000 2.657695 1.396273 2.906608
 9015.000000 2.739998 1.433306 2.901312
 9018.000000 2.794883 1.430080 2.910484
 9021.000000 2.756297 1.425625 2.959774
 9024.000000 2.712108 1.408804 2.939495
 9027.000000 2.677355 1.401333 2.957469
 9030.000000 2.725507 1.396596 2.971015
 9033.000000 2.672662 1.385434 2.931961
 9036.000000 2.758472 1.399762 2.968663
 9039.000000 2.632229 1.420385 2.904351
 9042.000000 2.645735 1.413598 2.904433
 9045.000000 2.603833 1.431915 2.893876
 9048.000000 2.657776 1.397724 2.941194
 9051.000000 2.684076 1.422956 2.926917
 9054.000000 2.669003 1.424539 2.958252
 9057.000000 2.727657 1.455261 2.933883
 9060.000000 2.701270 1.439845 2.942415
 9063.000000 2.695345 1.437993 2.968045
 9066.000000 2.687956 1.455868 2.955546
 9069.000000 2.678474 1.447205 2.956384
 9072.000000 2.715063 1.419516 3.020354
 9075.000000 2.712994 1.427598 3.021901
 9078.000000 2.681409 1.447233 3.022828
 9081.000000 2.742393 1.474009 2.994463
 9084.000000 2.723274 1.429471 3.015576
 9087.000000 2.729196 1.449505 2.984121
 9090.000000 2.726200 1.435768 2.959892
 9093.000000 2.745982 1.433517 2.939399
 9096.000000 2.668919 1.380843 2.984270
 9099.000000 2.686465 1.405872 2.935777
 9102.000000 2.703043 1.431476 2.954595
 9105.000000 2.670644 1.419525 2.979615
 9108.000000 2.729365 1.423960 2.935410
 9111.000000 2.686867 1.437113 2.948780
 9114.000000 2.692507 1.448633 2.924487
 9117.000000 2.702490 1.487609 2.908432
 9120.000000 2.712530 1.453171 2.905441
 9123.000000 2.732555 1.479241 2.924093
 9126.000000 2.781122 1.456608 2.929708
 9129.000000 2.786809 1.508073 2.929595
 9132.000000 2.819626 1.486336 2.905607
 9135.000000 2.806481 1.437015 2.927768
 9138.000000 2.799786 1.437490 2.933623
 9141.000000 2.835754 1.470585 2.901684
 9144.000000 2.806583 1.464751 2.916486
 9147.000000 2.829185 1.442375 2.941539
 9150.000000 2.859708 1.454089 2.943527
 9153.000000 2.817151 1.440409 2.940504
 9156.000000 2.726697 1.441246 2.931221
 9159.000000 2.802206 1.441975 2.919113
 9162.000000 2.805485 1.426888 2.947674
 9165.000000 2.699703 1.401361 2.981850
 9168.000000 2.814261 1.426054 2.968338
 9171.000000 2.816684 1.442398 2.972814
 9174.000000 2.783206 1.438724 2.948325
 9177.000000 2.796628 1.424356 2.967409
 9180.000000 2.817237 1.477022 2.957765
 9183.000000 2.790692 1.430290 2.972169
 9186.000000 2.817917 1.433201 2.998541
 9189.000000 2.836780 1.490051 2.927593
 9192.000000 2.830462 1.468409 2.972116
 9195.000000 2.794946 1.447571 2.992082
 9198.000000 2.850448 1.490806 2.989113
 9201.000000 2.850864 1.504996 2.994270
 9204.000000 2.823999 1.484297 2.964389
 9207.000000 2.788867 1.459092 2.957920
 9210.000000 2.837376 1.471065 2.962122
 9213.000000 2.774341 1.450280 2.961063
 9216.000000 2.804318 1.462815 2.978855
 9219.000000 2.861492 1.473551 2.949006
 9222.000000 2.858535 1.475430 2.980079
 9225.000000 2.757797 1.447215 2.952739
 9228.000000 2.828477 1.467606 2.946536
 9231.000000 2.901698 1.511752 2.948844
 9234.000000 2.918200 1.498810 2.940964
 9237.000000 2.864492 1.465329 2.920760
 9240.000000 2.881506 1.463804 2.930191
 9243.000000 2.838206 1.450301 2.934372
 9246.000000 2.871670 1.461810 2.937164
 9249.000000 2.823955 1.506470 2.923800
 9252.000000 2.758606 1.458968 2.951770
 9255.000000 2.823510 1.511561 2.893596
 9258.000000 2.769674 1.494262 2.903130
 9261.000000 2.725602 1.454354 2.922027
 9264.000000 2.798130 1.478768 2.928517
 9267.000000 2.789639 1.472309 2.943751
 9270.000000 2.777110 1.515182 2.899401
 9273.000000 2.802636 1.472626 2.916052
 9276.000000 2.759846 1.485652 2.884003
 9279.000000 2.814895 1.480103 2.893825
 9282.000000 2.798061 1.472928 2.895537
 9285.000000 2.788211 1.464067 2.924112
 9288.000000 2.764401 1.486626 2.928032
 9291.000000 2.794562 1.482032 2.964633
 9294.000000 2.837872 1.478927 2.926219
 9297.000000 2.766662 1.465337 2.924495
 9300.000000 2.722233 1.473850 2.934250
 9303.000000 2.736229 1.438017 2.945800
 9306.000000 2.755786 1.488035 2.938607
 9309.000000 2.742126 1.466377 2.957048
 9312.000000 2.716096 1.442229 2.955549
 9315.000000 2.734425 1.452908 2.945612
 9318.000000 2.740011 1.445610 2.941089
 9321.000000 2.776705 1.473903 2.929236
 9324.000000 2.754740 1.498028 2.936645
 9327.000000 2.745368 1.491401 2.933344
 9330.000000 2.792208 1.482986 2.930138
 9333.000000 2.718418 1.439967 2.957547
 9336.000000 2.780423 1.452849 3.001698
 9339.000000 2.685968 1.451630 2.982078
 9342.000000 2.714500 1.450541 2.977433
 9345.000000 2.686242 1.416986 2.980501
 9348.000000 2.662574 1.415342 2.966378
 9351.000000 2.628644 1.415343 2.985729
 9354.000000 2.625021 1.412994 2.964119
 9357.000000 2.569458 1.380714 2.964995
 9360.000000 2.605342 1.407067 2.982043
 9363.000000 2.609069 1.386801 2.971133
 9366.000000 2.578170 1.400016 2.965467
 9369.000000 2.573571 1.366794 2.966774
 9372.000000 2.616312 1.390718 2.970230
 9375.000000 2.704954 1.417294 2.945135
 9378.000000 2.777063 1.439539 2.969563
 9381.000000 2.750483 1.455398 2.938315
 9384.000000 2.712338 1.430473 2.934556
 9387.000000 2.646357 1.417207 2.956897
 9390.000000 2.649959 1.416172 2.924992
 9393.000000 2.711818 1.437844 2.962180
 9396.000000 2.796295 1.479130 2.968502
 9399.000000 2.873131 1.495645 2.960974
 9402.000000 2.850587 1.492453 2.969037
 9405.000000 2.811610 1.456001 2.977543
 9408.000000 2.865076 1.507131 3.005311
 9411.000000 2.769673 1.505691 2.971979
 9414.000000 2.781404 1.507006 2.958854
 9417.000000 2.762603 1.505644 2.946417
 9420.000000 2.748095 1.493067 2.959649
 9423.000000 2.768387 1.488465 2.960373
 9426.000000 2.723558 1.489031 2.936011
 9429.000000 2.673024 1.491588 2.917231
 9432.000000 2.660187 1.458701 2.939090
 9435.000000 2.693192 1.486513 2.923345
 9438.000000 2.743236 1.528131 2.946521
 9441.000000 2.768628 1.531957 2.958831
 9444.000000 2.731918 1.513804 2.964484
 9447.000000 2.688050 1.479809 2.958909
 9450.000000 2.764655 1.509696 2.964069
 9453.000000 2.670377 1.481551 2.949727
 9456.000000 2.642536 1.443154 2.976195
 9459.000000 2.713736 1.464686 2.964484
 9462.000000 2.744172 1.481426 2.958357
 9465.000000 2.742985 1.459342 3.007766
 9468.000000 2.721648 1.452926 3.010226
 9471.000000 2.682019 1.447137 2.983073
 9474.000000 2.669427 1.444851 2.963530
 9477.000000 2.646442 1.447866 2.987532
 9480.000000 2.700046 1.455503 2.971036
 9483.000000 2.568407 1.423612 2.962456
 9486.000000 2.572518 1.436772 2.964240
 9489.000000 2.642243 1.451488 3.013348
 9492.000000 2.571767 1.429621 2.981436
 9495.000000 2.631262 1.441658 2.988853
 9498.000000 2.685745 1.449030 2.989891
 9501.000000 2.677055 1.467663 2.973966
 9504.000000 2.681358 1.490986 2.963423
 9507.000000 2.617848 1.452187 2.963701
 9510.000000 2.598240 1.434618 2.959745
 9513.000000 2.614423 1.432062 2.953993
 9516.000000 2.600770 1.443594 2.972348
 9519.000000 2.627423 1.442384 2.985786
 9522.000000 2.584789 1.452847 2.954103
 9525.000000 2.527987 1.452383 2.951153
 9528.000000 2.526974 1.450453 2.949645
 9531.000000 2.620940 1.464571 2.927320
 9534.000000 2.604621 1.482112 2.914026
 9537.000000 2.642098 1.444453 2.943385
 9540.000000 2.624168 1.454249 2.929145
 9543.000000 2.620812 1.457591 2.913380
 9546.000000 2.589514 1.421898 2.912034
 9549.000000 2.620799 1.452693 2.907678
 9552.000000 2.582451 1.438488 2.891827
 9555.000000 2.575445 1.445302 2.926372
 9558.000000 2.615887 1.441148 2.939544
 9561.000000 2.568070 1.449829 2.928478
 9564.000000 2.572582 1.432909 2.936463
 9567.000000 2.576903 1.460502 2.901790
 9570.000000 2.610571 1.443431 2.921030
 9573.000000 2.662273 1.463600 2.945573
 9576.000000 2.663387 1.473081 2.951482
 9579.000000 2.654703 1.475379 2.945664
 9582.000000 2.600534 1.478329 2.901702
 9585.000000 2.581614 1.457631 2.925156
 9588.000000 2.616853 1.435298 2.954442
 9591.000000 2.636254 1.477393 2.922326
 9594.000000 2.615491 1.485127 2.952569
 9597.000000 2.694625 1.479838 2.948043
 9600.000000 2.680411 1.489898 2.967526
 9603.000000 2.639936 1.463342 2.982184
 9606.000000 2.687652 1.459902 2.987784
 9609.000000 2.702768 1.472490 2.966976
 9612.000000 2.715270 1.450122 2.964573
 9615.000000 2.672046 1.444788 2.968136
 9618.000000 2.643202 1.449860 2.964462
 9621.000000 2.733343 1.486200 2.960856
 9624.000000 2.693912 1.465996 2.970987
 9627.000000 2.719509 1.471580 2.995826
 9630.000000 2.663167 1.488778 2.910854
 9633.000000 2.730940 1.515803 2.921282
 9636.000000 2.709495 1.482825 2.923758
 9639.000000 2.711958 1.468871 2.967873
 9642.000000 2.719995 1.481253 2.932611
 9645.000000 2.708534 1.464568 2.952739
 9648.000000 2.731344 1.484479 2.949057
 9651.000000 2.746808 1.473756 2.936762
 9654.000000 2.734533 1.473450 2.924257
 9657.000000 2.719772 1.480827 2.934488
 9660.000000 2.770779 1.487480 2.965042
 9663.000000 2.782229 1.504405 2.956922
 9666.000000 2.803732 1.492931 2.972700
 9669.000000 2.822836 1.487007 2.967710
 9672.000000 2.882884 1.462341 2.966884
 9675.000000 2.862353 1.452676 2.947572
 9678.000000 2.830191 1.477600 2.959693
 9681.000000 2.883062 1.474398 2.964985
 9684.000000 2.861608 1.447937 2.975238
 9687.000000 2.827994 1.463176 2.969391
 9690.000000 2.812917 1.427736 2.972590
 9693.000000 2.828480 1.441186 3.007681
 9696.000000 2.879611 1.461243 2.994295
 9699.000000 2.930418 1.466142 3.006849
 9702.000000 2.830177 1.438344 2.991901
 9705.000000 2.807207 1.443586 2.984832
 9708.000000 2.845972 1.450837 3.015146
 9711.000000 2.881587 1.464320 3.010864
 9714.000000 2.858159 1.465396 2.961245
 9717.000000 2.881711 1.470191 2.996153
 9720.000000 2.765886 1.452131 2.974433
 9723.000000 2.809873 1.482386 2.981924
 9726.000000 2.813836 1.476362 2.970819
 9729.000000 2.801375 1.465301 3.028549
 9732.000000 2.730368 1.484642 3.014063
 9735.000000 2.696559 1.489590 2.957142
 9738.000000 2.746498 1.491877 2.934438
 9741.000000 2.727420 1.473204 2.957600
 9744.000000 2.787749 1.503543 2.974129
 9747.000000 2.733869 1.501778 2.945765
 9750.000000 2.763412 1.508397 2.950299
 9753.000000 2.759809 1.537815 2.932491
 9756.000000 2.765465 1.545209 2.913947
 9759.000000 2.733187 1.518821 2.941431
 9762.000000 2.784749 1.547620 2.956430
 9765.000000 2.784513 1.533451 2.955728
 9768.000000 2.767508 1.516984 2.960033
 9771.000000 2.724292 1.506948 2.943490
 9774.000000 2.719271 1.502002 2.941958
 9777.000000 2.760010 1.497293 2.964424
 9780.000000 2.775445 1.508341 2.970403
 9783.000000 2.755886 1.475993 2.987996
 9786.000000 2.751546 1.485499 3.007356
 9789.000000 2.779856 1.496704 2.983522
 9792.000000 2.702325 1.485030 2.991975
 9795.000000 2.738354 1.489611 2.951361
 9798.000000 2.735703 1.482778 2.947618
 9801.000000 2.732620 1.474142 2.964277
 9804.000000 2.742043 1.523056 2.919297
 9807.000000 2.763089 1.510642 2.959637
 9810.000000 2.749442 1.500263 2.934336
 9813.000000 2.735414 1.487361 2.954123
 9816.000000 2.703757 1.502713 2.911519
 9819.000000 2.670112 1.475708 2.903851
 9822.000000 2.734885 1.507767 2.891716
 9825.000000 2.743778 1.487134 2.907253
 9828.000000 2.708722 1.462349 2.905159
 9831.000000 2.729300 1.482171 2.907698
 9834.000000 2.676508 1.476456 2.898613
 9837.000000 2.625582 1.489278 2.876736
 9840.000000 2.659803 1.485069 2.894774
 9843.000000 2.704158 1.487261 2.881205
 9846.000000 2.721893 1.507879 2.898220
 9849.000000 2.617175 1.466867 2.891947
 9852.000000 2.677651 1.502666 2.887391
 9855.000000 2.666176 1.510059 2.878324
 9858.000000 2.686203 1.479954 2.883355
 9861.000000 2.683346 1.499419 2.883326
 9864.000000 2.706566 1.505796 2.858154
 9867.000000 2.689706 1.502730 2.896610
 9870.000000 2.672322 1.453937 2.897399
 9873.000000 2.724855 1.490841 2.884654
 9876.000000 2.727794 1.478362 2.893464
 9879.000000 2.722635 1.487254 2.890249
 9882.000000 2.696331 1.467238 2.909726
 9885.000000 2.741741 1.507756 2.895120
 9888.000000 2.666581 1.486221 2.902265
 9891.000000 2.605928 1.438877 2.922571
 9894.000000 2.666667 1.463315 2.905657
 9897.000000 2.640659 1.460261 2.933143
 9900.000000 2.663404 1.470379 2.965247
 9903.000000 2.707855 1.501562 2.929505
 9906.000000 2.722317 1.495251 2.937107
 9909.000000 2.738909 1.507031 2.916496
 9912.000000 2.707946 1.514328 2.908103
 9915.000000 2.673272 1.504411 2.940562
 9918.000000 2.590086 1.447483 2.952970
 9921.000000 2.588932 1.457941 2.943656
 9924.000000 2.607359 1.443307 2.986912
 9927.000000 2.579614 1.482400 2.964703
 9930.000000 2.523488 1.443273 2.990017
 9933.000000 2.580358 1.486059 2.935739
 9936.000000 2.527276 1.442446 2.960401
 9939.000000 2.588853 1.494154 2.959070
 9942.000000 2.585120 1.512424 2.952331
 9945.000000 2.582452 1.488669 2.961782
 9948.000000 2.517157 1.503345 2.930813
 9951.000000 2.605768 1.474400 2.997965
 9954.000000 2.579646 1.490243 2.953545
 9957.000000 2.642932 1.498245 2.990604
 9960.000000 2.652868 1.527932 2.976560
 9963.000000 2.650227 1.523075 2.975312
 9966.000000 2.620706 1.478023 2.972368
 9969.000000 2.688511 1.495517 2.979612
 9972.000000 2.681727 1.501204 2.936882
 9975.000000 2.725261 1.516493 2.964232
 9978.000000 2.670211 1.505941 2.946399
 9981.000000 2.707639 1.504306 2.922515
 9984.000000 2.576145 1.477998 2.920684
 9987.000000 2.698156 1.476819 2.966183
 9990.000000 2.638032 1.467571 2.948325
 9993.000000 2.639605 1.496844 2.952836
 9996.000000 2.694598 1.503202 2.945135
 9999.000000 2.772439 1.518840 2.971387
 10002.000000 2.716843 1.505291 2.979246
 10005.000000 2.724570 1.532464 2.955719
 10008.000000 2.650046 1.503751 2.940358
 10011.000000 2.682781 1.501692 2.961012
 10014.000000 2.678747 1.544708 2.949857
 10017.000000 2.677434 1.500253 2.960341
 10020.000000 2.686547 1.515111 2.920809
 10023.000000 2.696341 1.518186 2.966336
 10026.000000 2.688810 1.529193 2.931755
 10029.000000 2.724180 1.502934 2.978739
 10032.000000 2.787488 1.515782 2.950672
 10035.000000 2.735583 1.482073 2.970394
 10038.000000 2.693555 1.504363 2.928901
 10041.000000 2.601868 1.465017 2.920294
 10044.000000 2.594042 1.464755 2.920251
 10047.000000 2.541409 1.463933 2.909860
 10050.000000 2.585917 1.454300 2.879255
 10053.000000 2.639164 1.443486 2.905374
 10056.000000 2.742093 1.481467 2.928925
 10059.000000 2.708193 1.445467 2.964673
 10062.000000 2.721438 1.442741 2.954548
 10065.000000 2.767646 1.455527 2.947206
 10068.000000 2.778223 1.456034 2.937663
 10071.000000 2.788651 1.447445 2.908533
 10074.000000 2.773200 1.478323 2.913336
 10077.000000 2.777582 1.466385 2.905389
 10080.000000 2.736056 1.472976 2.927691
 10083.000000 2.740362 1.480741 2.947267
 10086.000000 2.798420 1.474936 2.959195
 10089.000000 2.730402 1.455424 2.948507
 10092.000000 2.747874 1.473713 2.928246
 10095.000000 2.772155 1.481956 2.965315
 10098.000000 2.678712 1.467482 2.934772
 10101.000000 2.643164 1.460701 2.956004
 10104.000000 2.675884 1.489688 2.911530
 10107.000000 2.755817 1.503613 2.862558
 10110.000000 2.744837 1.505489 2.931360
 10113.000000 2.785707 1.545658 2.899221
 10116.000000 2.780762 1.517892 2.907667
 10119.000000 2.818304 1.513305 2.887888
 10122.000000 2.710035 1.483786 2.904076
 10125.000000 2.779917 1.494522 2.901084
 10128.000000 2.741848 1.477469 2.911162
 10131.000000 2.779558 1.489720 2.871037
 10134.000000 2.784017 1.496951 2.868010
 10137.000000 2.769722 1.461873 2.878018
 10140.000000 2.851526 1.502619 2.890891
 10143.000000 2.789730 1.506997 2.907068
 10146.000000 2.794105 1.494284 2.947216
 10149.000000 2.775249 1.504943 2.926715
 10152.000000 2.747569 1.487407 2.942074
 10155.000000 2.741820 1.488960 2.914535
 10158.000000 2.777196 1.519919 2.899225
 10161.000000 2.656968 1.480053 2.929017
 10164.000000 2.730629 1.463841 2.932111
 10167.000000 2.748661 1.493389 2.908396
 10170.000000 2.661842 1.476741 2.904959
 10173.000000 2.768264 1.523883 2.909026
 10176.000000 2.721668 1.481018 2.955166
 10179.000000 2.767747 1.515547 2.923948
 10182.000000 2.672702 1.459995 2.945881
 10185.000000 2.703941 1.491850 2.952441
 10188.000000 2.657834 1.445669 2.948722
 10191.000000 2.708137 1.487712 2.939443
 10194.000000 2.730317 1.462163 2.974183
 10197.000000 2.722329 1.459779 2.975448
 10200.000000 2.706400 1.445035 2.973268
 10203.000000 2.673064 1.442067 2.973374
 10206.000000 2.694443 1.454395 2.985874
 10209.000000 2.712804 1.466505 2.976513
 10212.000000 2.763408 1.481812 2.987299
 10215.000000 2.740321 1.471945 2.993851
 10218.000000 2.748017 1.464793 2.995234
 10221.000000 2.753548 1.483949 2.966667
 10224.000000 2.750380 1.464210 2.990099
 10227.000000 2.766747 1.496376 2.931843
 10230.000000 2.750398 1.485710 2.955004
 10233.000000 2.779402 1.484494 2.957531
 10236.000000 2.772706 1.471972 2.968892
 10239.000000 2.754834 1.516173 2.940887
 10242.000000 2.746431 1.486831 2.946069
 10245.000000 2.792164 1.458308 2.962801
 10248.000000 2.758488 1.467019 2.935298
 10251.000000 2.829541 1.464734 2.968811
 10254.000000 2.797786 1.513022 2.970026
 10257.000000 2.746598 1.479702 2.947597
 10260.000000 2.838751 1.506993 2.962295
 10263.000000 2.825608 1.504193 2.990027
 10266.000000 2.755202 1.490702 3.022003
 10269.000000 2.723491 1.490710 2.946574
 10272.000000 2.693869 1.474075 2.976106
 10275.000000 2.667025 1.500140 2.931476
 10278.000000 2.685398 1.477218 2.944489
 10281.000000 2.669911 1.477737 2.936905
 10284.000000 2.732123 1.509837 2.919803
 10287.000000 2.749905 1.523517 2.920523
 10290.000000 2.724031 1.524157 2.895367
 10293.000000 2.704134 1.475614 2.929169
 10296.000000 2.784295 1.526463 2.942157
 10299.000000 2.682343 1.461610 2.959785
 10302.000000 2.661398 1.467307 2.926855
 10305.000000 2.711659 1.505856 2.918913
 10308.000000 2.715076 1.494698 2.931457
 10311.000000 2.733840 1.493494 2.933073
 10314.000000 2.753345 1.492770 2.917976
 10317.000000 2.735209 1.497260 2.936570
 10320.000000 2.782097 1.481788 2.931210
 10323.000000 2.776781 1.487871 2.929559
 10326.000000 2.721956 1.472258 2.956583
 10329.000000 2.786483 1.462508 2.947933
 10332.000000 2.769523 1.499393 2.936396
 10335.000000 2.756437 1.500294 2.915923
 10338.000000 2.783302 1.510171 2.895968
 10341.000000 2.794391 1.519947 2.907496
 10344.000000 2.869918 1.544428 2.927440
 10347.000000 2.773253 1.499465 2.959972
 10350.000000 2.752700 1.491748 2.948989
 10353.000000 2.744426 1.491841 2.917037
 10356.000000 2.725002 1.476543 2.932892
 10359.000000 2.732473 1.489576 2.935810
 10362.000000 2.750627 1.474365 2.935119
 10365.000000 2.723645 1.514070 2.912877
 10368.000000 2.749999 1.525788 2.912107
 10371.000000 2.705494 1.500174 2.905901
 10374.000000 2.662847 1.513477 2.920677
 10377.000000 2.750848 1.541052 2.924391
 10380.000000 2.716010 1.521841 2.908221
 10383.000000 2.691825 1.526509 2.900538
 10386.000000 2.668258 1.524412 2.884057
 10389.000000 2.702359 1.506763 2.893707
 10392.000000 2.750277 1.533524 2.912336
 10395.000000 2.776350 1.506135 2.942262
 10398.000000 2.794543 1.522847 2.940509
 10401.000000 2.774541 1.512945 2.948843
 10404.000000 2.757859 1.519777 2.926861
 10407.000000 2.715801 1.525656 2.917216
 10410.000000 2.666442 1.528413 2.916865
 10413.000000 2.655661 1.484240 2.937971
 10416.000000 2.699723 1.471329 2.947649
 10419.000000 2.755113 1.500134 2.937220
 10422.000000 2.768824 1.521656 2.925896
 10425.000000 2.732178 1.489435 2.950265
 10428.000000 2.696041 1.476019 2.937136
 10431.000000 2.732821 1.494337 2.959776
 10434.000000 2.729429 1.486572 2.957607
 10437.000000 2.711772 1.489356 2.972518
 10440.000000 2.732943 1.484949 2.977830
 10443.000000 2.770451 1.499345 2.971376
 10446.000000 2.776927 1.505786 2.937987
 10449.000000 2.802793 1.486657 2.942946
 10452.000000 2.731492 1.488204 2.952124
 10455.000000 2.735205 1.480061 2.951732
 10458.000000 2.729026 1.495774 2.941474
 10461.000000 2.722956 1.472668 2.932182
 10464.000000 2.675801 1.476286 2.977075
 10467.000000 2.727154 1.487238 2.968181
 10470.000000 2.694900 1.481270 2.948679
 10473.000000 2.696426 1.452712 2.990689
 10476.000000 2.771690 1.463317 2.972102
 10479.000000 2.696431 1.442443 2.991912
 10482.000000 2.773858 1.472699 2.982135
 10485.000000 2.762946 1.442078 2.971673
 10488.000000 2.731506 1.441078 2.970696
 10491.000000 2.794555 1.486553 2.959525
 10494.000000 2.721791 1.457356 2.941757
 10497.000000 2.737161 1.452311 2.929637
 10500.000000 2.738348 1.457174 2.931760
 10503.000000 2.781670 1.460927 2.937530
 10506.000000 2.786803 1.434954 2.968422
 10509.000000 2.740022 1.450093 2.987670
 10512.000000 2.715985 1.444631 2.979487
 10515.000000 2.738149 1.464972 2.985025
 10518.000000 2.711461 1.435535 2.960679
 10521.000000 2.729641 1.447779 2.950626
 10524.000000 2.753070 1.481207 2.963132
 10527.000000 2.821945 1.485233 2.997918
 10530.000000 2.721365 1.448867 3.013588
 10533.000000 2.773417 1.469230 3.022867
 10536.000000 2.790252 1.475618 3.020090
 10539.000000 2.775426 1.478398 3.000229
 10542.000000 2.729540 1.467439 3.003123
 10545.000000 2.742114 1.473857 3.008268
 10548.000000 2.761301 1.491329 2.987870
 10551.000000 2.802007 1.472986 3.021567
 10554.000000 2.726012 1.473115 2.994334
 10557.000000 2.655570 1.472920 2.995557
 10560.000000 2.627668 1.447326 2.985703
 10563.000000 2.710646 1.482343 2.984180
 10566.000000 2.727335 1.470841 2.986504
 10569.000000 2.803858 1.473594 2.990995
 10572.000000 2.726953 1.501308 2.944662
 10575.000000 2.722384 1.471482 2.952972
 10578.000000 2.675738 1.492073 2.957360
 10581.000000 2.632746 1.499297 2.930124
 10584.000000 2.691084 1.482993 2.976670
 10587.000000 2.648123 1.450586 2.978703
 10590.000000 2.692855 1.442628 2.975738
 10593.000000 2.682017 1.439618 2.945860
 10596.000000 2.658499 1.449233 2.935664
 10599.000000 2.742243 1.465934 2.944043
 10602.000000 2.675147 1.456043 2.902482
 10605.000000 2.690227 1.462307 2.888124
 10608.000000 2.720433 1.479925 2.934548
 10611.000000 2.682364 1.468594 2.915473
 10614.000000 2.723060 1.472264 2.958641
 10617.000000 2.700218 1.468000 2.951651
 10620.000000 2.750341 1.459867 2.955389
 10623.000000 2.757569 1.477817 2.937751
 10626.000000 2.670165 1.447732 2.941758
 10629.000000 2.712906 1.459858 2.977965
 10632.000000 2.761007 1.493173 2.971803
 10635.000000 2.802248 1.515782 2.988557
 10638.000000 2.709160 1.456778 2.974494
 10641.000000 2.722026 1.445353 2.983837
 10644.000000 2.737617 1.514266 2.930478
 10647.000000 2.714585 1.478698 2.959457
 10650.000000 2.733178 1.468876 2.959163
 10653.000000 2.734789 1.495730 2.932509
 10656.000000 2.786179 1.496592 2.962521
 10659.000000 2.835993 1.511277 2.979528
 10662.000000 2.738502 1.470768 2.970316
 10665.000000 2.785041 1.480434 3.003420
 10668.000000 2.775237 1.491376 2.969452
 10671.000000 2.769019 1.485148 2.943170
 10674.000000 2.755373 1.485621 2.953934
 10677.000000 2.767856 1.500074 2.940111
 10680.000000 2.742321 1.484635 2.944802
 10683.000000 2.769322 1.511626 2.920035
 10686.000000 2.770894 1.486841 2.934760
 10689.000000 2.795744 1.504691 2.901794
 10692.000000 2.791058 1.505979 2.923695
 10695.000000 2.779818 1.498083 2.905363
 10698.000000 2.742594 1.531358 2.866631
 10701.000000 2.743112 1.483062 2.900055
 10704.000000 2.752923 1.493841 2.919211
 10707.000000 2.711971 1.467083 2.937537
 10710.000000 2.750840 1.492463 2.907858
 10713.000000 2.723491 1.464589 2.921361
 10716.000000 2.767808 1.515903 2.881731
 10719.000000 2.753927 1.504054 2.907598
 10722.000000 2.782865 1.468152 2.952920
 10725.000000 2.774576 1.477676 2.931977
 10728.000000 2.803833 1.501957 2.926876
 10731.000000 2.799628 1.490345 2.950547
 10734.000000 2.809927 1.528444 2.929251
 10737.000000 2.734581 1.516245 2.924554
 10740.000000 2.757855 1.539142 2.911958
 10743.000000 2.688623 1.499595 2.941312
 10746.000000 2.750516 1.519305 2.941502
 10749.000000 2.698344 1.530125 2.935977
 10752.000000 2.732929 1.504744 2.950899
 10755.000000 2.722352 1.517577 2.962968
 10758.000000 2.698039 1.491654 2.977487
 10761.000000 2.716453 1.531473 2.933771
 10764.000000 2.743698 1.538478 2.925299
 10767.000000 2.748146 1.502651 2.942818
 10770.000000 2.733953 1.503254 2.934796
 10773.000000 2.687445 1.488213 2.935560
 10776.000000 2.644628 1.476260 2.940308
 10779.000000 2.684785 1.470724 2.935648
 10782.000000 2.676594 1.480325 2.942599
 10785.000000 2.735154 1.510824 2.932494
 10788.000000 2.737925 1.485480 2.921678
 10791.000000 2.699375 1.466796 2.921122
 10794.000000 2.669704 1.462978 2.918599
 10797.000000 2.722196 1.479816 2.956938
 10800.000000 2.741149 1.494965 2.956247
 10803.000000 2.718043 1.501387 2.933850
 10806.000000 2.710162 1.481793 2.962675
 10809.000000 2.658771 1.487896 2.938999
 10812.000000 2.668155 1.477492 2.973215
 10815.000000 2.679489 1.472581 3.003491
 10818.000000 2.650189 1.464613 2.991710
 10821.000000 2.617220 1.477960 2.980770
 10824.000000 2.616620 1.454705 2.968407
 10827.000000 2.638410 1.467519 2.957438
 10830.000000 2.669032 1.449113 2.967087
 10833.000000 2.669469 1.494681 2.932676
 10836.000000 2.632309 1.483269 2.928446
 10839.000000 2.671984 1.495386 2.921672
 10842.000000 2.655437 1.480373 2.943025
 10845.000000 2.659147 1.493554 2.918247
 10848.000000 2.663320 1.496345 2.934149
 10851.000000 2.633485 1.482624 2.933764
 10854.000000 2.691120 1.450681 2.969475
 10857.000000 2.688494 1.452049 2.968616
 10860.000000 2.713113 1.466860 2.963476
 10863.000000 2.744853 1.468479 2.982974
 10866.000000 2.703357 1.472211 3.022615
 10869.000000 2.738286 1.441896 3.067555
 10872.000000 2.731846 1.455449 3.037059
 10875.000000 2.714725 1.467886 2.998420
 10878.000000 2.726378 1.490615 2.994763
 10881.000000 2.709799 1.501758 2.982022
 10884.000000 2.711574 1.484114 2.979577
 10887.000000 2.653010 1.450295 2.942311
 10890.000000 2.706071 1.457345 2.959903
 10893.000000 2.698514 1.453175 2.939269
 10896.000000 2.756079 1.428377 2.965287
 10899.000000 2.759952 1.462618 2.937781
 10902.000000 2.733378 1.501801 2.897467
 10905.000000 2.739598 1.464997 2.935174
 10908.000000 2.743408 1.479173 2.918401
 10911.000000 2.789677 1.499335 2.924595
 10914.000000 2.752385 1.503344 2.907054
 10917.000000 2.728989 1.464117 2.913861
 10920.000000 2.814953 1.497292 2.915020
 10923.000000 2.754636 1.474604 2.919125
 10926.000000 2.725684 1.504356 2.893412
 10929.000000 2.746466 1.458396 2.925692
 10932.000000 2.718792 1.464758 2.886243
 10935.000000 2.720259 1.447893 2.898368
 10938.000000 2.723854 1.462618 2.889885
 10941.000000 2.746869 1.471532 2.909455
 10944.000000 2.781820 1.500794 2.904599
 10947.000000 2.742487 1.478437 2.926009
 10950.000000 2.749650 1.459872 2.948826
 10953.000000 2.690553 1.457166 2.936793
 10956.000000 2.665546 1.449791 2.935761
 10959.000000 2.636437 1.447329 2.938050
 10962.000000 2.639078 1.455492 2.951995
 10965.000000 2.685904 1.451643 2.944233
 10968.000000 2.738178 1.460478 2.928733
 10971.000000 2.678221 1.467956 2.920405
 10974.000000 2.762760 1.482427 2.906169
 10977.000000 2.764482 1.469983 2.931878
 10980.000000 2.737679 1.465185 2.924848
 10983.000000 2.648588 1.462454 2.916771
 10986.000000 2.693692 1.432383 2.926463
 10989.000000 2.793794 1.458930 2.903301
 10992.000000 2.783880 1.473919 2.916003
 10995.000000 2.778936 1.482465 2.932899
 10998.000000 2.792389 1.477437 2.935221
 11001.000000 2.849310 1.524896 2.943519
 11004.000000 2.779210 1.485090 2.922254
 11007.000000 2.793591 1.509381 2.944398
 11010.000000 2.738912 1.469348 2.945014
 11013.000000 2.825132 1.491013 2.951540
 11016.000000 2.823694 1.538311 2.922825
 11019.000000 2.823687 1.532108 2.897642
 11022.000000 2.820605 1.506304 2.876394
 11025.000000 2.854045 1.520718 2.883867
 11028.000000 2.815320 1.513785 2.926550
 11031.000000 2.816052 1.507150 2.883623
 11034.000000 2.846035 1.499864 2.910420
 11037.000000 2.773427 1.495447 2.894059
 11040.000000 2.782107 1.484384 2.875732
 11043.000000 2.784879 1.483888 2.872069
 11046.000000 2.796797 1.476612 2.902815
 11049.000000 2.829692 1.471041 2.895450
 11052.000000 2.797711 1.473923 2.912991
 11055.000000 2.795615 1.445355 2.935955
 11058.000000 2.812438 1.479916 2.938328
 11061.000000 2.846816 1.512011 2.911090
 11064.000000 2.845146 1.508839 2.903685
 11067.000000 2.802356 1.473326 2.901846
 11070.000000 2.815394 1.499196 2.906195
 11073.000000 2.870426 1.475070 2.892396
 11076.000000 2.855679 1.465513 2.942533
 11079.000000 2.850837 1.466904 2.929139
 11082.000000 2.801235 1.457358 2.955013
 11085.000000 2.836457 1.474169 2.946534
 11088.000000 2.809998 1.454838 2.919279
 11091.000000 2.803663 1.510469 2.914738
 11094.000000 2.858789 1.496131 2.909590
 11097.000000 2.801089 1.498021 2.924015
 11100.000000 2.864226 1.501385 2.913489
 11103.000000 2.840650 1.497473 2.934612
 11106.000000 2.830914 1.513635 2.923076
 11109.000000 2.845464 1.483046 2.950530
 11112.000000 2.811101 1.471649 2.940904
 11115.000000 2.840336 1.473550 2.923869
 11118.000000 2.800027 1.502083 2.917132
 11121.000000 2.809939 1.492642 2.927799
 11124.000000 2.769557 1.490976 2.903829
 11127.000000 2.791303 1.465383 2.952296
 11130.000000 2.745111 1.470046 2.917456
 11133.000000 2.775510 1.500738 2.939712
 11136.000000 2.807017 1.491372 2.975486
 11139.000000 2.805065 1.503415 2.963185
 11142.000000 2.817259 1.511285 2.943443
 11145.000000 2.820610 1.483955 2.942788
 11148.000000 2.782947 1.506959 2.898539
 11151.000000 2.852036 1.505166 2.923916
 11154.000000 2.898145 1.541389 2.868170
 11157.000000 2.829680 1.514909 2.870266
 11160.000000 2.828055 1.501967 2.911159
 11163.000000 2.848962 1.478131 2.928689
 11166.000000 2.841605 1.458802 2.935769
 11169.000000 2.885926 1.532378 2.894567
 11172.000000 2.873818 1.489796 2.907354
 11175.000000 2.836257 1.502192 2.911527
 11178.000000 2.877072 1.542163 2.878107
 11181.000000 2.833505 1.519920 2.890881
 11184.000000 2.840489 1.557891 2.887724
 11187.000000 2.840809 1.535371 2.887027
 11190.000000 2.851442 1.512151 2.901826
 11193.000000 2.782114 1.454773 2.902818
 11196.000000 2.793069 1.497797 2.892300
 11199.000000 2.767063 1.505259 2.918180
 11202.000000 2.723112 1.466304 2.925391
 11205.000000 2.714356 1.477448 2.920302
 11208.000000 2.707838 1.470908 2.916629
 11211.000000 2.739386 1.480853 2.935035
 11214.000000 2.769980 1.531621 2.899242
 11217.000000 2.771763 1.537736 2.901183
 11220.000000 2.703256 1.509341 2.900353
 11223.000000 2.795014 1.502309 2.941205
 11226.000000 2.808020 1.539014 2.927086
 11229.000000 2.738325 1.518580 2.907615
 11232.000000 2.742117 1.479401 2.949610
 11235.000000 2.777683 1.502877 2.926128
 11238.000000 2.790516 1.514725 2.932764
 11241.000000 2.780581 1.465759 2.953600
 11244.000000 2.843550 1.511590 2.925027
 11247.000000 2.854884 1.484429 2.960080
 11250.000000 2.834561 1.512845 2.951833
 11253.000000 2.820990 1.497108 2.917526
 11256.000000 2.848404 1.494256 2.934403
 11259.000000 2.762413 1.484904 2.947501
 11262.000000 2.874778 1.499220 2.939039
 11265.000000 2.868753 1.483385 2.930340
 11268.000000 2.833693 1.486627 2.913772
 11271.000000 2.801187 1.484179 2.940158
 11274.000000 2.781059 1.476440 2.931856
 11277.000000 2.778678 1.484848 2.934178
 11280.000000 2.804885 1.501732 2.943297
 11283.000000 2.766005 1.544581 2.908529
 11286.000000 2.793111 1.538125 2.956269
 11289.000000 2.804320 1.467715 2.974218
 11292.000000 2.759292 1.502297 2.959603
 11295.000000 2.758154 1.505271 2.961476
 11298.000000 2.788939 1.503754 2.978412
 11301.000000 2.800245 1.487637 2.950026
 11304.000000 2.837621 1.513901 2.931359
 11307.000000 2.831518 1.508614 2.911306
 11310.000000 2.769960 1.495945 2.932114
 11313.000000 2.784967 1.511863 2.948218
 11316.000000 2.776372 1.488269 2.939571
 11319.000000 2.721746 1.460803 2.968943
 11322.000000 2.823122 1.473978 2.984425
 11325.000000 2.769147 1.495737 2.962589
 11328.000000 2.760087 1.499171 2.946080
 11331.000000 2.767434 1.508913 2.965574
 11334.000000 2.711389 1.515618 2.937695
 11337.000000 2.658026 1.495734 2.917941
 11340.000000 2.697134 1.476613 2.928883
 11343.000000 2.801970 1.497220 2.981042
 11346.000000 2.728700 1.475631 2.970037
 11349.000000 2.788315 1.500821 2.973051
 11352.000000 2.785937 1.510780 2.958677
 11355.000000 2.747994 1.500834 2.976595
 11358.000000 2.795670 1.533395 2.957434
 11361.000000 2.789169 1.489455 2.964601
 11364.000000 2.800300 1.515641 2.944651
 11367.000000 2.798470 1.503054 2.958103
 11370.000000 2.799554 1.528127 2.925209
 11373.000000 2.765330 1.509238 2.958852
 11376.000000 2.754395 1.489606 2.958093
 11379.000000 2.715195 1.476464 2.952090
 11382.000000 2.744503 1.515103 2.978829
 11385.000000 2.760647 1.528015 2.951182
 11388.000000 2.718242 1.501345 2.948285
 11391.000000 2.765279 1.547131 2.979173
 11394.000000 2.720105 1.524056 2.967083
 11397.000000 2.742557 1.527191 3.010752
 11400.000000 2.759456 1.546404 2.969942
 11403.000000 2.733047 1.527256 2.979427
 11406.000000 2.717831 1.521956 2.944892
 11409.000000 2.727264 1.500020 2.967948
 11412.000000 2.760002 1.533674 2.982611
 11415.000000 2.702532 1.503781 2.964188
 11418.000000 2.806564 1.532292 2.949822
 11421.000000 2.744420 1.510542 2.949920
 11424.000000 2.748220 1.546821 2.943437
 11427.000000 2.784589 1.529441 2.952380
 11430.000000 2.805974 1.530978 2.960574
 11433.000000 2.805607 1.526433 2.986050
 11436.000000 2.765793 1.513616 2.961846
 11439.000000 2.812926 1.554748 2.912188
 11442.000000 2.737851 1.499009 2.911702
 11445.000000 2.787587 1.532773 2.968951
 11448.000000 2.790938 1.516826 2.911732
 11451.000000 2.814756 1.522914 2.961607
 11454.000000 2.855394 1.537382 2.919773
 11457.000000 2.786361 1.506548 2.927285
 11460.000000 2.748573 1.505278 2.919469
 11463.000000 2.807002 1.536270 2.917918
 11466.000000 2.783014 1.525359 2.919213
 11469.000000 2.869140 1.551619 2.936682
 11472.000000 2.851832 1.522561 2.935743
 11475.000000 2.860965 1.518462 2.949972
 11478.000000 2.868317 1.517183 2.948469
 11481.000000 2.860676 1.549130 2.902081
 11484.000000 2.875653 1.539425 2.922574
 11487.000000 2.898721 1.558369 2.915857
 11490.000000 2.824190 1.514406 2.931711
 11493.000000 2.789285 1.506037 2.923518
 11496.000000 2.772616 1.518667 2.923305
 11499.000000 2.779472 1.522480 2.908577
 11502.000000 2.748776 1.497658 2.917700
 11505.000000 2.775952 1.539100 2.896807
 11508.000000 2.801834 1.516187 2.915998
 11511.000000 2.746369 1.517573 2.863720
 11514.000000 2.785558 1.517131 2.895532
 11517.000000 2.802194 1.496938 2.918428
 11520.000000 2.769017 1.473962 2.911287
 11523.000000 2.836757 1.496494 2.939691
 11526.000000 2.840135 1.519440 2.931006
 11529.000000 2.776402 1.507205 2.954718
 11532.000000 2.802554 1.503076 2.954848
 11535.000000 2.849380 1.518691 2.945000
 11538.000000 2.803110 1.508886 2.907674
 11541.000000 2.795573 1.504961 2.920419
 11544.000000 2.801443 1.496188 2.953703
 11547.000000 2.758842 1.469945 2.918373
 11550.000000 2.747329 1.462174 2.914605
 11553.000000 2.757970 1.493345 2.885895
 11556.000000 2.735928 1.484259 2.901601
 11559.000000 2.744976 1.482960 2.917989
 11562.000000 2.712712 1.497468 2.871246
 11565.000000 2.764951 1.491174 2.897917
 11568.000000 2.721213 1.495325 2.887020
 11571.000000 2.668386 1.474270 2.897450
 11574.000000 2.802562 1.479889 2.920050
 11577.000000 2.696305 1.473494 2.907552
 11580.000000 2.761042 1.483585 2.935185
 11583.000000 2.682631 1.484539 2.910181
 11586.000000 2.690655 1.491211 2.949874
 11589.000000 2.767016 1.502667 2.959921
 11592.000000 2.750880 1.502510 2.941370
 11595.000000 2.744782 1.514886 2.914185
 11598.000000 2.800250 1.540250 2.930880
 11601.000000 2.729494 1.501113 2.956872
 11604.000000 2.792889 1.490777 2.982863
 11607.000000 2.734924 1.478702 2.975662
 11610.000000 2.767356 1.489260 3.034989
 11613.000000 2.818560 1.500494 2.974804
 11616.000000 2.756225 1.496346 2.995059
 11619.000000 2.755526 1.471783 2.977731
 11622.000000 2.819409 1.506949 2.967749
 11625.000000 2.814714 1.519960 2.956688
 11628.000000 2.891328 1.507052 2.985434
 11631.000000 2.907384 1.526181 2.973464
 11634.000000 2.875174 1.502721 2.958093
 11637.000000 2.825069 1.503019 2.928132
 11640.000000 2.814004 1.504281 2.955989
 11643.000000 2.800356 1.503397 2.961437
 11646.000000 2.813088 1.505434 2.942776
 11649.000000 2.774108 1.481598 2.929427
 11652.000000 2.751741 1.477602 2.941347
 11655.000000 2.786957 1.494811 2.922756
 11658.000000 2.755942 1.476526 2.926867
 11661.000000 2.780143 1.479141 2.914345
 11664.000000 2.762632 1.475101 2.905253
 11667.000000 2.783711 1.498678 2.893639
 11670.000000 2.753434 1.460120 2.939986
 11673.000000 2.756399 1.483111 2.899643
 11676.000000 2.790165 1.456256 2.951970
 11679.000000 2.719572 1.443003 2.926026
 11682.000000 2.718153 1.426729 2.925508
 11685.000000 2.692355 1.433043 2.938642
 11688.000000 2.691514 1.437302 2.943323
 11691.000000 2.696376 1.454215 2.956426
 11694.000000 2.669401 1.407587 2.980065
 11697.000000 2.679406 1.430907 2.954324
 11700.000000 2.708570 1.472042 2.927831
 11703.000000 2.715219 1.457022 2.913211
 11706.000000 2.722259 1.469175 2.881419
 11709.000000 2.777361 1.497619 2.890520
 11712.000000 2.762917 1.459130 2.887649
 11715.000000 2.703938 1.449036 2.905162
 11718.000000 2.724866 1.472014 2.888718
 11721.000000 2.776742 1.473758 2.915864
 11724.000000 2.817467 1.491804 2.916950
 11727.000000 2.758661 1.495533 2.924850
 11730.000000 2.727296 1.444189 2.937760
 11733.000000 2.744790 1.456211 2.944263
 11736.000000 2.769143 1.432541 2.950129
 11739.000000 2.779926 1.443373 2.953837
 11742.000000 2.798874 1.472160 2.930470
 11745.000000 2.788325 1.491266 2.932707
 11748.000000 2.816370 1.459073 2.960300
 11751.000000 2.808461 1.474218 2.931393
 11754.000000 2.832321 1.475718 2.937808
 11757.000000 2.850880 1.491633 2.918182
 11760.000000 2.826092 1.450591 2.936262
 11763.000000 2.742620 1.449474 2.913506
 11766.000000 2.713654 1.461086 2.918095
 11769.000000 2.682542 1.443674 2.922376
 11772.000000 2.766227 1.484990 2.888708
 11775.000000 2.747488 1.479823 2.913091
 11778.000000 2.791243 1.499878 2.935053
 11781.000000 2.730558 1.495373 2.924199
 11784.000000 2.720874 1.470021 2.899387
 11787.000000 2.668191 1.432304 2.935310
 11790.000000 2.647640 1.461470 2.922505
 11793.000000 2.702605 1.474314 2.919304
 11796.000000 2.661008 1.451434 2.915950
 11799.000000 2.747252 1.494444 2.910391
 11802.000000 2.760869 1.459160 2.919015
 11805.000000 2.788872 1.462648 2.917506
 11808.000000 2.700361 1.458740 2.917415
 11811.000000 2.695005 1.446432 2.926196
 11814.000000 2.731372 1.460447 2.919232
 11817.000000 2.703616 1.459730 2.926974
 11820.000000 2.775657 1.455916 2.948129
 11823.000000 2.717869 1.454069 2.932377
 11826.000000 2.723749 1.452029 2.945565
 11829.000000 2.761223 1.492067 2.940570
 11832.000000 2.755115 1.512923 2.923075
 11835.000000 2.689000 1.448985 2.912234
 11838.000000 2.686924 1.462315 2.892892
 11841.000000 2.739838 1.469918 2.876126
 11844.000000 2.706233 1.428139 2.926294
 11847.000000 2.708736 1.418383 2.908742
 11850.000000 2.739363 1.460723 2.875209
 11853.000000 2.722377 1.449991 2.905210
 11856.000000 2.776738 1.456828 2.940528
 11859.000000 2.810652 1.500152 2.897600
 11862.000000 2.722709 1.478727 2.906192
 11865.000000 2.740662 1.479018 2.890005
 11868.000000 2.722194 1.491465 2.868785
 11871.000000 2.714451 1.463412 2.916840
 11874.000000 2.749088 1.467895 2.907019
 11877.000000 2.801044 1.461858 2.943823
 11880.000000 2.788235 1.465667 2.924701
 11883.000000 2.743822 1.469444 2.898203
 11886.000000 2.766950 1.444935 2.949260
 11889.000000 2.747301 1.446985 2.928601
 11892.000000 2.709747 1.440931 2.950825
 11895.000000 2.700834 1.442778 2.951948
 11898.000000 2.750549 1.455173 2.934791
 11901.000000 2.735302 1.438990 2.955946
 11904.000000 2.764216 1.452405 2.935072
 11907.000000 2.758884 1.450834 2.929740
 11910.000000 2.748516 1.437767 2.927151
 11913.000000 2.737195 1.452547 2.913341
 11916.000000 2.766774 1.456437 2.891272
 11919.000000 2.791854 1.434308 2.930324
 11922.000000 2.765166 1.456557 2.895120
 11925.000000 2.743867 1.434364 2.923838
 11928.000000 2.751291 1.439333 2.899710
 11931.000000 2.740918 1.435101 2.910455
 11934.000000 2.720623 1.450575 2.893831
 11937.000000 2.783898 1.472262 2.910822
 11940.000000 2.718894 1.442526 2.919206
 11943.000000 2.719947 1.464034 2.892435
 11946.000000 2.759148 1.468804 2.926191
 11949.000000 2.721411 1.444907 2.920995
 11952.000000 2.698045 1.436895 2.920629
 11955.000000 2.740793 1.465012 2.892031
 11958.000000 2.808459 1.469392 2.911969
 11961.000000 2.733961 1.457823 2.880915
 11964.000000 2.801602 1.477713 2.911189
 11967.000000 2.787668 1.456711 2.922179
 11970.000000 2.828618 1.480001 2.912567
 11973.000000 2.881652 1.494523 2.910813
 11976.000000 2.801283 1.472663 2.895288
 11979.000000 2.822526 1.449684 2.900428
 11982.000000 2.750656 1.436266 2.890220
 11985.000000 2.701733 1.423672 2.911685
 11988.000000 2.764880 1.446263 2.902287
 11991.000000 2.812630 1.465829 2.875778
 11994.000000 2.787290 1.442207 2.908282
 11997.000000 2.809614 1.443933 2.911225
 12000.000000 2.723918 1.490363 2.869695
 12003.000000 2.733263 1.456954 2.894812
 12006.000000 2.777314 1.475626 2.890321
 12009.000000 2.734906 1.458715 2.912478
 12012.000000 2.783977 1.466637 2.909375
 12015.000000 2.743461 1.454342 2.922165
 12018.000000 2.752408 1.458919 2.936095
 12021.000000 2.724187 1.475908 2.910859
 12024.000000 2.777999 1.489280 2.925251
 12027.000000 2.783099 1.528104 2.907044
 12030.000000 2.790807 1.490331 2.929867
 12033.000000 2.765084 1.509071 2.938960
 12036.000000 2.748314 1.517985 2.916692
 12039.000000 2.779526 1.488986 2.932168
 12042.000000 2.719002 1.488081 2.951440
 12045.000000 2.745147 1.503927 2.930592
 12048.000000 2.746814 1.507722 2.933198
 12051.000000 2.781612 1.529178 2.929525
 12054.000000 2.759591 1.529506 2.933295
 12057.000000 2.745673 1.485267 2.963911
 12060.000000 2.715575 1.478805 2.959312
 12063.000000 2.689205 1.472858 2.943045
 12066.000000 2.642434 1.499583 2.903199
 12069.000000 2.671120 1.503124 2.920817
 12072.000000 2.613460 1.457055 2.896951
 12075.000000 2.649400 1.459338 2.932906
 12078.000000 2.689298 1.456258 2.944381
 12081.000000 2.725232 1.463104 2.966112
 12084.000000 2.738568 1.473026 2.967718
 12087.000000 2.731903 1.465275 2.945361
 12090.000000 2.698395 1.474285 2.924763
 12093.000000 2.686180 1.474682 2.931802
 12096.000000 2.717030 1.456404 2.950247
 12099.000000 2.636640 1.465179 2.941211
 12102.000000 2.686590 1.471401 2.947857
 12105.000000 2.664496 1.477841 2.926804
 12108.000000 2.698968 1.433076 2.948200
 12111.000000 2.662698 1.463096 2.890843
 12114.000000 2.653993 1.467133 2.881440
 12117.000000 2.585656 1.468597 2.895155
 12120.000000 2.689308 1.492349 2.910897
 12123.000000 2.765929 1.523991 2.904666
 12126.000000 2.741858 1.501954 2.918751
 12129.000000 2.724911 1.508747 2.903748
 12132.000000 2.733626 1.492361 2.902504
 12135.000000 2.727744 1.488623 2.924005
 12138.000000 2.767529 1.518481 2.918362
 12141.000000 2.806720 1.484088 2.964910
 12144.000000 2.772378 1.498141 2.917334
 12147.000000 2.788935 1.480337 2.910522
 12150.000000 2.729416 1.462251 2.918905
 12153.000000 2.717949 1.441418 2.919331
 12156.000000 2.741238 1.457672 2.906187
 12159.000000 2.730643 1.455455 2.942768
 12162.000000 2.781123 1.473766 2.935681
 12165.000000 2.737661 1.483995 2.931063
 12168.000000 2.784152 1.502292 2.934497
 12171.000000 2.733817 1.470789 2.946673
 12174.000000 2.755696 1.471643 2.949745
 12177.000000 2.704432 1.477446 2.920771
 12180.000000 2.674096 1.455055 2.918703
 12183.000000 2.672000 1.453399 2.948510
 12186.000000 2.758839 1.485774 2.939082
 12189.000000 2.741641 1.485046 2.946600
 12192.000000 2.727481 1.460612 2.955543
 12195.000000 2.709455 1.455475 2.920886
 12198.000000 2.667992 1.465992 2.903831
 12201.000000 2.753767 1.479423 2.931583
 12204.000000 2.699623 1.449827 2.947734
 12207.000000 2.741026 1.476761 2.932543
 12210.000000 2.774754 1.456620 2.936099
 12213.000000 2.782190 1.474083 2.943497
 12216.000000 2.793940 1.495714 2.933849
 12219.000000 2.741190 1.480572 2.939020
 12222.000000 2.743080 1.471780 2.919892
 12225.000000 2.747962 1.465625 2.941444
 12228.000000 2.738352 1.471633 2.930740
 12231.000000 2.663626 1.469823 2.924126
 12234.000000 2.696560 1.489110 2.921170
 12237.000000 2.769012 1.491059 2.925786
 12240.000000 2.673319 1.467120 2.927936
 12243.000000 2.708945 1.446197 2.926503
 12246.000000 2.683117 1.467589 2.913755
 12249.000000 2.705792 1.481723 2.918647
 12252.000000 2.674508 1.450699 2.933221
 12255.000000 2.619961 1.437162 2.929048
 12258.000000 2.607083 1.439238 2.937686
 12261.000000 2.670710 1.465907 2.926672
 12264.000000 2.676766 1.483945 2.903195
 12267.000000 2.681512 1.476151 2.921451
 12270.000000 2.654397 1.459521 2.926283
 12273.000000 2.698030 1.454701 2.920605
 12276.000000 2.740031 1.473007 2.945474
 12279.000000 2.743742 1.454385 2.960220
 12282.000000 2.733466 1.463889 2.937958
 12285.000000 2.738115 1.473279 2.949731
 12288.000000 2.696843 1.475537 2.943361
 12291.000000 2.694042 1.472583 2.906425
 12294.000000 2.708594 1.490469 2.909069
 12297.000000 2.714306 1.470933 2.918083
 12300.000000 2.721847 1.469916 2.917204
 12303.000000 2.685540 1.440196 2.943019
 12306.000000 2.770680 1.439636 2.982261
 12309.000000 2.763205 1.459963 2.972162
 12312.000000 2.795229 1.466177 2.940589
 12315.000000 2.745398 1.445209 2.944286
 12318.000000 2.750305 1.437101 2.971908
 12321.000000 2.764388 1.451943 2.965814
 12324.000000 2.801553 1.449451 2.961359
 12327.000000 2.811078 1.463625 2.945981
 12330.000000 2.805423 1.458882 2.934139
 12333.000000 2.756316 1.459659 2.919911
 12336.000000 2.752469 1.427660 2.956159
 12339.000000 2.781838 1.436885 2.916156
 12342.000000 2.739036 1.423455 2.947724
 12345.000000 2.777971 1.422484 2.916338
 12348.000000 2.808553 1.425488 2.909190
 12351.000000 2.775674 1.429949 2.945037
 12354.000000 2.808226 1.430867 2.969656
 12357.000000 2.759724 1.414556 2.962102
 12360.000000 2.789680 1.454048 2.916286
 12363.000000 2.762017 1.460095 2.914166
 12366.000000 2.800092 1.455696 2.939259
 12369.000000 2.807667 1.447217 2.952858
 12372.000000 2.775054 1.424203 2.993160
 12375.000000 2.802747 1.428626 2.967334
 12378.000000 2.784486 1.410223 2.999161
 12381.000000 2.763863 1.444978 2.959400
 12384.000000 2.686094 1.413776 2.951432
 12387.000000 2.682012 1.403596 2.939016
 12390.000000 2.649546 1.439013 2.906839
 12393.000000 2.678391 1.415260 2.942218
 12396.000000 2.766956 1.434045 2.965060
 12399.000000 2.755201 1.462235 2.980909
 12402.000000 2.813624 1.463538 2.961622
 12405.000000 2.768638 1.463038 2.954559
 12408.000000 2.762716 1.454456 2.942871
 12411.000000 2.776362 1.481072 2.959653
 12414.000000 2.777659 1.481818 2.930222
 12417.000000 2.839486 1.493592 2.917620
 12420.000000 2.801441 1.502731 2.909498
 12423.000000 2.743444 1.461908 2.916319
 12426.000000 2.824208 1.477778 2.944867
 12429.000000 2.824687 1.486054 2.949394
 12432.000000 2.767996 1.455160 2.974201
 12435.000000 2.729717 1.468107 2.950867
 12438.000000 2.656573 1.447477 2.925087
 12441.000000 2.662827 1.485030 2.905734
 12444.000000 2.673550 1.488373 2.869415
 12447.000000 2.695872 1.490351 2.886891
 12450.000000 2.703275 1.473546 2.890918
 12453.000000 2.640290 1.443382 2.909459
 12456.000000 2.700364 1.499865 2.869702
 12459.000000 2.696599 1.482387 2.934447
 12462.000000 2.759438 1.529649 2.930470
 12465.000000 2.775118 1.509233 2.914794
 12468.000000 2.840045 1.507693 2.889295
 12471.000000 2.780998 1.485680 2.947544
 12474.000000 2.785062 1.489376 2.942300
 12477.000000 2.730235 1.465808 2.917020
 12480.000000 2.679372 1.448471 2.898716
 12483.000000 2.749836 1.468398 2.845605
 12486.000000 2.789069 1.486758 2.864564
 12489.000000 2.762387 1.448461 2.870928
 12492.000000 2.794429 1.494845 2.851385
 12495.000000 2.802405 1.478107 2.886241
 12498.000000 2.820360 1.473787 2.894599
 12501.000000 2.810764 1.495604 2.884881
 12504.000000 2.745800 1.482531 2.911876
 12507.000000 2.704750 1.488005 2.891886
 12510.000000 2.757642 1.500787 2.866693
 12513.000000 2.728082 1.492617 2.868826
 12516.000000 2.764942 1.499604 2.897500
 12519.000000 2.756377 1.476397 2.886960
 12522.000000 2.703130 1.460524 2.943973
 12525.000000 2.700898 1.467674 2.952583
 12528.000000 2.709312 1.484835 2.971337
 12531.000000 2.730771 1.511945 2.925732
 12534.000000 2.701145 1.487454 2.932474
 12537.000000 2.703719 1.502568 2.934355
 12540.000000 2.700775 1.481784 2.959892
 12543.000000 2.606386 1.489163 2.906256
 12546.000000 2.637330 1.471975 2.862228
 12549.000000 2.699749 1.489461 2.887609
 12552.000000 2.726135 1.499809 2.919212
 12555.000000 2.696034 1.508571 2.939503
 12558.000000 2.728465 1.527792 2.918415
 12561.000000 2.749161 1.501350 2.933596
 12564.000000 2.776166 1.547744 2.910708
 12567.000000 2.764583 1.537381 2.916712
 12570.000000 2.711108 1.504955 2.916196
 12573.000000 2.700538 1.505791 2.917082
 12576.000000 2.703628 1.504055 2.908139
 12579.000000 2.715801 1.480865 2.923019
 12582.000000 2.693788 1.481975 2.953823
 12585.000000 2.705204 1.468955 2.929326
 12588.000000 2.704297 1.478550 2.911990
 12591.000000 2.733538 1.489962 2.909857
 12594.000000 2.702255 1.487385 2.878901
 12597.000000 2.674452 1.470244 2.888991
 12600.000000 2.695618 1.463925 2.878261
 12603.000000 2.682660 1.455881 2.874087
 12606.000000 2.659488 1.456947 2.903819
 12609.000000 2.682526 1.469893 2.924949
 12612.000000 2.729044 1.465628 2.940348
 12615.000000 2.729355 1.487252 2.928847
 12618.000000 2.730610 1.476666 2.927036
 12621.000000 2.690892 1.496716 2.888767
 12624.000000 2.701566 1.502522 2.916593
 12627.000000 2.745082 1.501576 2.888607
 12630.000000 2.673233 1.489773 2.860524
 12633.000000 2.711593 1.517735 2.875361
 12636.000000 2.695124 1.499497 2.897264
 12639.000000 2.775437 1.532159 2.941981
 12642.000000 2.798937 1.536719 2.946478
 12645.000000 2.793584 1.516264 2.981391
 12648.000000 2.745379 1.488410 2.971514
 12651.000000 2.694685 1.493914 2.967459
 12654.000000 2.747893 1.491317 3.002418
 12657.000000 2.818310 1.524585 2.981045
 12660.000000 2.715305 1.526173 2.950749
 12663.000000 2.758012 1.528211 2.947279
 12666.000000 2.705384 1.526772 2.957017
 12669.000000 2.718886 1.511159 2.960819
 12672.000000 2.666194 1.516860 2.950418
 12675.000000 2.701689 1.496378 2.942616
 12678.000000 2.706354 1.518323 2.936989
 12681.000000 2.646783 1.517304 2.902177
 12684.000000 2.566152 1.513580 2.887651
 12687.000000 2.577044 1.462929 2.916998
 12690.000000 2.600886 1.482256 2.912830
 12693.000000 2.628520 1.455326 2.957480
 12696.000000 2.669002 1.498287 2.924285
 12699.000000 2.701436 1.503724 2.925131
 12702.000000 2.683427 1.483122 2.983972
 12705.000000 2.631435 1.478153 2.972351
 12708.000000 2.723119 1.506483 2.965207
 12711.000000 2.739250 1.503958 2.965712
 12714.000000 2.726019 1.493897 2.946446
 12717.000000 2.709578 1.480341 2.952233
 12720.000000 2.747973 1.509810 2.935933
 12723.000000 2.725633 1.460722 2.917645
 12726.000000 2.678340 1.454176 2.912877
 12729.000000 2.734938 1.461629 2.953330
 12732.000000 2.738088 1.493254 2.937308
 12735.000000 2.796532 1.497807 2.938810
 12738.000000 2.791145 1.536481 2.921041
 12741.000000 2.799473 1.546103 2.887244
 12744.000000 2.759541 1.522733 2.904992
 12747.000000 2.740477 1.531049 2.879092
 12750.000000 2.714668 1.472503 2.899705
 12753.000000 2.696250 1.481533 2.861819
 12756.000000 2.739320 1.515923 2.881518
 12759.000000 2.711372 1.501977 2.879056
 12762.000000 2.621706 1.459073 2.913135
 12765.000000 2.690432 1.459531 2.919806
 12768.000000 2.676329 1.455389 2.916313
 12771.000000 2.679264 1.473285 2.927374
 12774.000000 2.693388 1.464229 2.938168
 12777.000000 2.708449 1.496274 2.944441
 12780.000000 2.726650 1.484732 2.931944
 12783.000000 2.718329 1.508057 2.936806
 12786.000000 2.741129 1.480818 2.960120
 12789.000000 2.588782 1.472131 2.959465
 12792.000000 2.704095 1.498132 2.935718
 12795.000000 2.604076 1.471687 2.939264
 12798.000000 2.552863 1.429048 2.927026
 12801.000000 2.592497 1.470670 2.912149
 12804.000000 2.584101 1.435135 2.941179
 12807.000000 2.514137 1.438670 2.920815
 12810.000000 2.540089 1.452793 2.888280
 12813.000000 2.534195 1.423188 2.918437
 12816.000000 2.539111 1.442804 2.913000
 12819.000000 2.559996 1.430156 2.935254
 12822.000000 2.542530 1.481915 2.882950
 12825.000000 2.560968 1.479649 2.878822
 12828.000000 2.542888 1.450708 2.900871
 12831.000000 2.563818 1.465626 2.894117
 12834.000000 2.582616 1.455253 2.897809
 12837.000000 2.543898 1.455868 2.868137
 12840.000000 2.562124 1.450260 2.883049
 12843.000000 2.583956 1.446742 2.898079
 12846.000000 2.622204 1.429460 2.921471
 12849.000000 2.594134 1.437421 2.908223
 12852.000000 2.602002 1.438583 2.895941
 12855.000000 2.637462 1.448097 2.906813
 12858.000000 2.634914 1.457872 2.904697
 12861.000000 2.621176 1.453823 2.913528
 12864.000000 2.599519 1.441767 2.924772
 12867.000000 2.634330 1.452858 2.935035
 12870.000000 2.582455 1.460416 2.899051
 12873.000000 2.574814 1.471198 2.902144
 12876.000000 2.529947 1.443530 2.889392
 12879.000000 2.536988 1.444559 2.923230
 12882.000000 2.548455 1.479368 2.900103
 12885.000000 2.527557 1.493173 2.888913
 12888.000000 2.612203 1.480234 2.917934
 12891.000000 2.556783 1.495858 2.911557
 12894.000000 2.598743 1.459066 2.940348
 12897.000000 2.618351 1.458418 2.925879
 12900.000000 2.602869 1.472218 2.914276
 12903.000000 2.622779 1.460761 2.941904
 12906.000000 2.601486 1.476297 2.929331
 12909.000000 2.618287 1.441980 2.963711
 12912.000000 2.572949 1.468573 2.955267
 12915.000000 2.645610 1.495331 2.954153
 12918.000000 2.657110 1.497756 2.929521
 12921.000000 2.639385 1.503960 2.924735
 12924.000000 2.607851 1.494083 2.932188
 12927.000000 2.614775 1.489560 2.935065
 12930.000000 2.574214 1.466258 2.923470
 12933.000000 2.639210 1.471854 2.948165
 12936.000000 2.713407 1.504543 2.951569
 12939.000000 2.702465 1.522956 2.950986
 12942.000000 2.636400 1.501989 2.906609
 12945.000000 2.651612 1.511639 2.910963
 12948.000000 2.687553 1.518665 2.888817
 12951.000000 2.687077 1.518665 2.926523
 12954.000000 2.709354 1.495477 2.936754
 12957.000000 2.716992 1.516983 2.933270
 12960.000000 2.695941 1.524286 2.930177
 12963.000000 2.601246 1.486124 2.921919
 12966.000000 2.659288 1.492239 2.936218
 12969.000000 2.680670 1.509380 2.934727
 12972.000000 2.618653 1.506847 2.938009
 12975.000000 2.668626 1.524310 2.947760
 12978.000000 2.649596 1.506876 2.956284
 12981.000000 2.706043 1.500910 2.953755
 12984.000000 2.664153 1.486343 2.948444
 12987.000000 2.655222 1.530654 2.947702
 12990.000000 2.664152 1.506048 2.915509
 12993.000000 2.593260 1.483208 2.905242
 12996.000000 2.600570 1.490981 2.913395
 12999.000000 2.635360 1.483804 2.887528
 13002.000000 2.633114 1.505085 2.902533
 13005.000000 2.658002 1.500246 2.889769
 13008.000000 2.565079 1.478844 2.891495
 13011.000000 2.601321 1.446001 2.900587
 13014.000000 2.601735 1.495277 2.918258
 13017.000000 2.614901 1.464025 2.930790
 13020.000000 2.560373 1.448712 2.934717
 13023.000000 2.640348 1.496205 2.907804
 13026.000000 2.653652 1.441588 2.960116
 13029.000000 2.709066 1.468352 2.982653
 13032.000000 2.681790 1.441771 2.968425
 13035.000000 2.667702 1.439267 2.944555
 13038.000000 2.636717 1.438215 2.943190
 13041.000000 2.610319 1.437643 2.925726
 13044.000000 2.662205 1.477195 2.939019
 13047.000000 2.620503 1.441563 2.949741
 13050.000000 2.604665 1.455448 2.897885
 13053.000000 2.647203 1.472577 2.886741
 13056.000000 2.540602 1.455767 2.890201
 13059.000000 2.615644 1.475964 2.887489
 13062.000000 2.571034 1.452395 2.916730
 13065.000000 2.562872 1.464503 2.908142
 13068.000000 2.486808 1.466561 2.872376
 13071.000000 2.497157 1.449520 2.869583
 13074.000000 2.517527 1.467772 2.891103
 13077.000000 2.577933 1.475183 2.901254
 13080.000000 2.558951 1.491944 2.864173
 13083.000000 2.515193 1.445367 2.888919
 13086.000000 2.556055 1.437463 2.886113
 13089.000000 2.587943 1.461633 2.878564
 13092.000000 2.606737 1.502724 2.872129
 13095.000000 2.681056 1.519847 2.874834
 13098.000000 2.596462 1.468851 2.907509
 13101.000000 2.614456 1.482341 2.909034
 13104.000000 2.608311 1.481169 2.906267
 13107.000000 2.635613 1.494920 2.921837
 13110.000000 2.603104 1.486740 2.928966
 13113.000000 2.576970 1.447690 2.961774
 13116.000000 2.602852 1.474758 2.939384
 13119.000000 2.576229 1.490347 2.917886
 13122.000000 2.558311 1.474941 2.914676
 13125.000000 2.528880 1.479501 2.893734
 13128.000000 2.508972 1.465506 2.902901
 13131.000000 2.489814 1.461398 2.902488
 13134.000000 2.571378 1.475933 2.899723
 13137.000000 2.544069 1.509278 2.914124
 13140.000000 2.524270 1.462224 2.913180
 13143.000000 2.569989 1.468758 2.903917
 13146.000000 2.540132 1.473101 2.890451
 13149.000000 2.545674 1.476451 2.916479
 13152.000000 2.593782 1.507682 2.906708
 13155.000000 2.628540 1.537789 2.892992
 13158.000000 2.519467 1.487383 2.919773
 13161.000000 2.526440 1.502532 2.906381
 13164.000000 2.547616 1.513647 2.914385
 13167.000000 2.532106 1.478124 2.896141
 13170.000000 2.572335 1.503682 2.906852
 13173.000000 2.526133 1.457454 2.935437
 13176.000000 2.531590 1.462740 2.937270
 13179.000000 2.508635 1.447280 2.931676
 13182.000000 2.546552 1.459473 2.928945
 13185.000000 2.566753 1.514528 2.878276
 13188.000000 2.522417 1.488567 2.920478
 13191.000000 2.560272 1.506280 2.901373
 13194.000000 2.545962 1.488508 2.914375
 13197.000000 2.528645 1.449818 2.923562
 13200.000000 2.551712 1.466249 2.932021
 13203.000000 2.520207 1.465254 2.885597
 13206.000000 2.526172 1.504433 2.889226
 13209.000000 2.568638 1.483785 2.903968
 13212.000000 2.612096 1.481357 2.916137
 13215.000000 2.585187 1.471589 2.915817
 13218.000000 2.608381 1.493219 2.887272
 13221.000000 2.630401 1.496355 2.889334
 13224.000000 2.610628 1.482027 2.896694
 13227.000000 2.595762 1.493396 2.908843
 13230.000000 2.535078 1.459021 2.921481
 13233.000000 2.565099 1.478442 2.901248
 13236.000000 2.558380 1.474791 2.922242
 13239.000000 2.535269 1.496702 2.882692
 13242.000000 2.585159 1.501582 2.883452
 13245.000000 2.570830 1.468406 2.869728
 13248.000000 2.604730 1.492971 2.878990
 13251.000000 2.616630 1.497458 2.893601
 13254.000000 2.587138 1.484797 2.894335
 13257.000000 2.594770 1.517002 2.886565
 13260.000000 2.558378 1.487014 2.899607
 13263.000000 2.515641 1.492502 2.899478
 13266.000000 2.580225 1.485931 2.890413
 13269.000000 2.522566 1.467708 2.907556
 13272.000000 2.614672 1.498924 2.880887
 13275.000000 2.603033 1.476221 2.911487
 13278.000000 2.514604 1.463207 2.901461
 13281.000000 2.566693 1.464375 2.935350
 13284.000000 2.591677 1.503260 2.906420
 13287.000000 2.658805 1.543554 2.903666
 13290.000000 2.646753 1.508937 2.946829
 13293.000000 2.608257 1.496844 2.931717
 13296.000000 2.614915 1.506854 2.918535
 13299.000000 2.569094 1.501405 2.938794
 13302.000000 2.565538 1.504779 2.920446
 13305.000000 2.602888 1.479045 2.931619
 13308.000000 2.613822 1.524280 2.904344
 13311.000000 2.631879 1.528818 2.917462
 13314.000000 2.585673 1.505776 2.903938
 13317.000000 2.593031 1.510425 2.919567
 13320.000000 2.645315 1.526256 2.919277
 13323.000000 2.568213 1.519379 2.916472
 13326.000000 2.548442 1.500407 2.900732
 13329.000000 2.527292 1.502994 2.908133
 13332.000000 2.555641 1.488204 2.903432
 13335.000000 2.585881 1.478815 2.918669
 13338.000000 2.577773 1.504629 2.892454
 13341.000000 2.544490 1.468621 2.933389
 13344.000000 2.585696 1.481912 2.903662
 13347.000000 2.566436 1.487098 2.912346
 13350.000000 2.532869 1.495555 2.896611
 13353.000000 2.615665 1.533430 2.888015
 13356.000000 2.596188 1.510625 2.893919
 13359.000000 2.599565 1.517541 2.897915
 13362.000000 2.615315 1.529965 2.875762
 13365.000000 2.613992 1.513813 2.904534
 13368.000000 2.691260 1.553071 2.896747
 13371.000000 2.620838 1.520839 2.885217
 13374.000000 2.622383 1.509534 2.888020
 13377.000000 2.589230 1.502793 2.891712
 13380.000000 2.573072 1.464204 2.903238
 13383.000000 2.627157 1.499153 2.876473
 13386.000000 2.563585 1.511917 2.901377
 13389.000000 2.591044 1.522933 2.878167
 13392.000000 2.613609 1.508577 2.918820
 13395.000000 2.616338 1.486335 2.921505
 13398.000000 2.656512 1.503958 2.920111
 13401.000000 2.630003 1.514691 2.896469
 13404.000000 2.631717 1.501177 2.881388
 13407.000000 2.582726 1.484519 2.903248
 13410.000000 2.605672 1.517656 2.914871
 13413.000000 2.612998 1.512399 2.907847
 13416.000000 2.618654 1.518346 2.928988
 13419.000000 2.646915 1.533796 2.917531
 13422.000000 2.650277 1.532206 2.894452
 13425.000000 2.569172 1.497336 2.887326
 13428.000000 2.604150 1.492100 2.903887
 13431.000000 2.642239 1.486227 2.897753
 13434.000000 2.563004 1.476829 2.896855
 13437.000000 2.590676 1.476332 2.909465
 13440.000000 2.620574 1.508698 2.924250
 13443.000000 2.583898 1.489015 2.938264
 13446.000000 2.654105 1.486014 2.979600
 13449.000000 2.604832 1.450835 2.957805
 13452.000000 2.550016 1.470223 2.930157
 13455.000000 2.554078 1.448784 2.947562
 13458.000000 2.534938 1.463697 2.961503
 13461.000000 2.546438 1.463583 2.931964
 13464.000000 2.526857 1.477248 2.933479
 13467.000000 2.524585 1.464560 2.919459
 13470.000000 2.549924 1.466472 2.926787
 13473.000000 2.600632 1.501928 2.931053
 13476.000000 2.601277 1.526147 2.897828
 13479.000000 2.596480 1.493742 2.964078
 13482.000000 2.594763 1.537757 2.930100
 13485.000000 2.584926 1.483251 2.970252
 13488.000000 2.616468 1.489492 2.980986
 13491.000000 2.624032 1.489828 2.941887
 13494.000000 2.579678 1.482953 2.937185
 13497.000000 2.612518 1.518093 2.936009
 13500.000000 2.608803 1.479038 2.966938
 13503.000000 2.603982 1.518773 2.933898
 13506.000000 2.633677 1.543017 2.947904
 13509.000000 2.616329 1.552990 2.925081
 13512.000000 2.600535 1.521237 2.934855
 13515.000000 2.651331 1.518428 2.934496
 13518.000000 2.618295 1.492571 2.952459
 13521.000000 2.576252 1.510873 2.943818
 13524.000000 2.591209 1.503616 2.948403
 13527.000000 2.577533 1.482860 2.987248
 13530.000000 2.589991 1.498660 2.977473
 13533.000000 2.644140 1.499639 2.949178
 13536.000000 2.560699 1.460775 2.964693
 13539.000000 2.560639 1.472547 2.982491
 13542.000000 2.621791 1.478497 2.978365
 13545.000000 2.646547 1.521163 2.942906
 13548.000000 2.626415 1.528185 2.930405
 13551.000000 2.696422 1.533485 2.951410
 13554.000000 2.662503 1.552093 2.899162
 13557.000000 2.698553 1.552151 2.904801
 13560.000000 2.719073 1.540184 2.941602
 13563.000000 2.676087 1.543485 2.950854
 13566.000000 2.633247 1.512661 2.960152
 13569.000000 2.645090 1.531611 2.951148
 13572.000000 2.641151 1.557439 2.911898
 13575.000000 2.577442 1.545941 2.901586
 13578.000000 2.631014 1.533080 2.916573
 13581.000000 2.580932 1.522516 2.919469
 13584.000000 2.530115 1.519579 2.920923
 13587.000000 2.507467 1.509313 2.905318
 13590.000000 2.513882 1.518839 2.918774
 13593.000000 2.567129 1.518855 2.922104
 13596.000000 2.575198 1.491077 2.939643
 13599.000000 2.634567 1.516270 2.939227
 13602.000000 2.609651 1.528981 2.922474
 13605.000000 2.597717 1.514796 2.900030
 13608.000000 2.654982 1.508646 2.948021
 13611.000000 2.618475 1.521306 2.939910
 13614.000000 2.587969 1.484890 2.951190
 13617.000000 2.593554 1.516689 2.950507
 13620.000000 2.596005 1.540577 2.937355
 13623.000000 2.540023 1.515441 2.937723
 13626.000000 2.567740 1.526777 2.939481
 13629.000000 2.640689 1.550543 2.943062
 13632.000000 2.635657 1.536980 2.926183
 13635.000000 2.631515 1.526280 2.924146
 13638.000000 2.651198 1.547064 2.939997
 13641.000000 2.638932 1.538335 2.951038
 13644.000000 2.650518 1.492615 2.936559
 13647.000000 2.647059 1.517207 2.917111
 13650.000000 2.675144 1.537306 2.879598
 13653.000000 2.595173 1.544134 2.910322
 13656.000000 2.633249 1.542653 2.918285
 13659.000000 2.656408 1.565965 2.932176
 13662.000000 2.614352 1.547513 2.923854
 13665.000000 2.648326 1.529033 2.918848
 13668.000000 2.593956 1.512024 2.915441
 13671.000000 2.633386 1.511754 2.895887
 13674.000000 2.545982 1.496074 2.876353
 13677.000000 2.565027 1.496497 2.864910
 13680.000000 2.576901 1.504800 2.877410
 13683.000000 2.599783 1.518379 2.874430
 13686.000000 2.552741 1.494861 2.884276
 13689.000000 2.586573 1.494084 2.892342
 13692.000000 2.606039 1.508438 2.908250
 13695.000000 2.598754 1.485289 2.919132
 13698.000000 2.632811 1.490656 2.930828
 13701.000000 2.651316 1.522646 2.932047
 13704.000000 2.590636 1.505883 2.922881
 13707.000000 2.613530 1.511061 2.913244
 13710.000000 2.652367 1.526087 2.920881
 13713.000000 2.632550 1.501782 2.944799
 13716.000000 2.676000 1.534565 2.937425
 13719.000000 2.661164 1.542288 2.929194
 13722.000000 2.631274 1.527214 2.907463
 13725.000000 2.650654 1.519867 2.943268
 13728.000000 2.626193 1.532006 2.878074
 13731.000000 2.628241 1.493676 2.938556
 13734.000000 2.640223 1.518599 2.928392
 13737.000000 2.603082 1.518077 2.950050
 13740.000000 2.601795 1.501957 2.922978
 13743.000000 2.545682 1.488905 2.947542
 13746.000000 2.590108 1.510493 2.909557
 13749.000000 2.607665 1.510971 2.949323
 13752.000000 2.619158 1.508456 2.959859
 13755.000000 2.586032 1.478129 2.959630
 13758.000000 2.570545 1.520397 2.908835
 13761.000000 2.592837 1.507041 2.928567
 13764.000000 2.603907 1.498944 2.933519
 13767.000000 2.630961 1.530450 2.955912
 13770.000000 2.619023 1.502278 2.979070
 13773.000000 2.614249 1.500583 2.946302
 13776.000000 2.626308 1.514630 2.932791
 13779.000000 2.606746 1.484847 2.946619
 13782.000000 2.628439 1.503779 2.947900
 13785.000000 2.566900 1.480909 2.935386
 13788.000000 2.526050 1.489578 2.936254
 13791.000000 2.589702 1.525361 2.919192
 13794.000000 2.650751 1.559609 2.907003
 13797.000000 2.646226 1.542786 2.897706
 13800.000000 2.597036 1.566511 2.891282
 13803.000000 2.599525 1.543992 2.899255
 13806.000000 2.636297 1.563490 2.906798
 13809.000000 2.661290 1.556713 2.895068
 13812.000000 2.692161 1.589187 2.885667
 13815.000000 2.655300 1.575081 2.881820
 13818.000000 2.585483 1.546627 2.893497
 13821.000000 2.599672 1.568283 2.907581
 13824.000000 2.638343 1.550462 2.904038
 13827.000000 2.679105 1.525551 2.930798
 13830.000000 2.656219 1.537076 2.905598
 13833.000000 2.646941 1.510888 2.943943
 13836.000000 2.602945 1.499249 2.934196
 13839.000000 2.672382 1.514638 2.948258
 13842.000000 2.672798 1.530911 2.930117
 13845.000000 2.681997 1.539415 2.957541
 13848.000000 2.697815 1.553859 2.930525
 13851.000000 2.680750 1.555326 2.947495
 13854.000000 2.677641 1.551371 2.925323
 13857.000000 2.680195 1.544956 2.860787
 13860.000000 2.666966 1.530801 2.897083
 13863.000000 2.713639 1.534662 2.919813
 13866.000000 2.589131 1.487302 2.896650
 13869.000000 2.667829 1.496705 2.909441
 13872.000000 2.668737 1.507189 2.893434
 13875.000000 2.672833 1.533358 2.915833
 13878.000000 2.667228 1.510414 2.937041
 13881.000000 2.693330 1.537373 2.911698
 13884.000000 2.697539 1.534314 2.952503
 13887.000000 2.697003 1.547255 2.933506
 13890.000000 2.690780 1.529420 2.926626
 13893.000000 2.659627 1.527051 2.923754
 13896.000000 2.693387 1.501902 2.950401
 13899.000000 2.653490 1.514329 2.895973
 13902.000000 2.670886 1.502169 2.942751
 13905.000000 2.694273 1.527232 2.941669
 13908.000000 2.644271 1.522843 2.931344
 13911.000000 2.589735 1.506322 2.912837
 13914.000000 2.683444 1.515559 2.915041
 13917.000000 2.697609 1.503585 2.944649
 13920.000000 2.627615 1.504005 2.920783
 13923.000000 2.637173 1.520449 2.932033
 13926.000000 2.567182 1.513273 2.920477
 13929.000000 2.600135 1.485814 2.980301
 13932.000000 2.543964 1.484830 2.954314
 13935.000000 2.606540 1.529730 2.905996
 13938.000000 2.580939 1.483963 2.950065
 13941.000000 2.616191 1.507144 2.889679
 13944.000000 2.635180 1.517389 2.950712
 13947.000000 2.594930 1.512525 2.912727
 13950.000000 2.616247 1.500681 2.931723
 13953.000000 2.615377 1.529937 2.891460
 13956.000000 2.648249 1.513774 2.920729
 13959.000000 2.648495 1.536255 2.877822
 13962.000000 2.692823 1.519545 2.928075
 13965.000000 2.644450 1.532945 2.895669
 13968.000000 2.601647 1.503160 2.935942
 13971.000000 2.651398 1.533130 2.930006
 13974.000000 2.582654 1.499405 2.929098
 13977.000000 2.603263 1.495405 2.947305
 13980.000000 2.630678 1.501229 2.926540
 13983.000000 2.614562 1.500619 2.943040
 13986.000000 2.610442 1.535332 2.921353
 13989.000000 2.636869 1.534322 2.909833
 13992.000000 2.719732 1.555416 2.909436
 13995.000000 2.601602 1.510918 2.934422
 13998.000000 2.669297 1.550763 2.915282
 14001.000000 2.637765 1.537220 2.917637
 14004.000000 2.612952 1.528581 2.897706
 14007.000000 2.680760 1.543192 2.901485
 14010.000000 2.720573 1.538488 2.938490
 14013.000000 2.709587 1.554100 2.893273
 14016.000000 2.787283 1.562871 2.912099
 14019.000000 2.773668 1.548976 2.907086
 14022.000000 2.700234 1.505744 2.919275
 14025.000000 2.667111 1.533572 2.866123
 14028.000000 2.622071 1.502621 2.879922
 14031.000000 2.728126 1.555622 2.864855
 14034.000000 2.703348 1.538316 2.851363
 14037.000000 2.688517 1.548990 2.846047
 14040.000000 2.631943 1.536955 2.884485
 14043.000000 2.606541 1.499138 2.910750
 14046.000000 2.578912 1.473553 2.930212
 14049.000000 2.555128 1.478818 2.906584
 14052.000000 2.605214 1.492062 2.936785
 14055.000000 2.640937 1.517681 2.921932
 14058.000000 2.644610 1.506847 2.926400
 14061.000000 2.586580 1.484635 2.939417
 14064.000000 2.629159 1.493961 2.922489
 14067.000000 2.645126 1.509375 2.905239
 14070.000000 2.586500 1.470195 2.914307
 14073.000000 2.598520 1.485768 2.943457
 14076.000000 2.645159 1.515505 2.922531
 14079.000000 2.602171 1.505608 2.894057
 14082.000000 2.594934 1.502060 2.905906
 14085.000000 2.641627 1.514825 2.912415
 14088.000000 2.622497 1.514548 2.913823
 14091.000000 2.630899 1.530206 2.903576
 14094.000000 2.630876 1.531542 2.924471
 14097.000000 2.648297 1.525131 2.927172
 14100.000000 2.698560 1.521887 2.930161
 14103.000000 2.630610 1.515054 2.943442
 14106.000000 2.639303 1.500695 2.936479
 14109.000000 2.653715 1.509619 2.930532
 14112.000000 2.646676 1.503964 2.930216
 14115.000000 2.646065 1.534712 2.885443
 14118.000000 2.667721 1.534165 2.913543
 14121.000000 2.647788 1.531904 2.877914
 14124.000000 2.647278 1.525183 2.890620
 14127.000000 2.620700 1.543088 2.879817
 14130.000000 2.593519 1.536839 2.904922
 14133.000000 2.654580 1.575245 2.835987
 14136.000000 2.606957 1.516396 2.873759
 14139.000000 2.616872 1.525452 2.869669
 14142.000000 2.628719 1.513800 2.926308
 14145.000000 2.625285 1.511369 2.923475
 14148.000000 2.641108 1.533614 2.910498
 14151.000000 2.661667 1.520615 2.912905
 14154.000000 2.663336 1.545682 2.883492
 14157.000000 2.694217 1.526899 2.904237
 14160.000000 2.720490 1.544301 2.891293
 14163.000000 2.606434 1.505849 2.907599
 14166.000000 2.565005 1.509243 2.903165
 14169.000000 2.542968 1.465261 2.918756
 14172.000000 2.510810 1.445185 2.892173
 14175.000000 2.506187 1.471350 2.895893
 14178.000000 2.522597 1.422280 2.910525
 14181.000000 2.557427 1.459852 2.900221
 14184.000000 2.617982 1.461405 2.904773
 14187.000000 2.641232 1.450989 2.931628
 14190.000000 2.615170 1.444582 2.942468
 14193.000000 2.615172 1.496633 2.917734
 14196.000000 2.587455 1.465852 2.906392
 14199.000000 2.583090 1.461318 2.886276
 14202.000000 2.606235 1.440571 2.918998
 14205.000000 2.618499 1.455603 2.920344
 14208.000000 2.723308 1.531080 2.887682
 14211.000000 2.662613 1.511985 2.911996
 14214.000000 2.579158 1.467187 2.911207
 14217.000000 2.546004 1.455820 2.897681
 14220.000000 2.515665 1.475623 2.888172
 14223.000000 2.576178 1.496011 2.886669
 14226.000000 2.605746 1.484571 2.920804
 14229.000000 2.624199 1.482943 2.910486
 14232.000000 2.610760 1.509926 2.902031
 14235.000000 2.629872 1.485054 2.916112
 14238.000000 2.573589 1.478961 2.898744
 14241.000000 2.564942 1.478875 2.903248
 14244.000000 2.621744 1.465736 2.902058
 14247.000000 2.591237 1.464816 2.924972
 14250.000000 2.539328 1.458333 2.894442
 14253.000000 2.614473 1.480502 2.916452
 14256.000000 2.600709 1.477211 2.939139
 14259.000000 2.570490 1.481489 2.920225
 14262.000000 2.576048 1.508322 2.898372
 14265.000000 2.618910 1.485341 2.935058
 14268.000000 2.600343 1.483170 2.887267
 14271.000000 2.637990 1.523526 2.895638
 14274.000000 2.638207 1.478695 2.905168
 14277.000000 2.630014 1.475807 2.930915
 14280.000000 2.653225 1.498484 2.926667
 14283.000000 2.678049 1.518938 2.898208
 14286.000000 2.630357 1.501886 2.882675
 14289.000000 2.687769 1.511511 2.915259
 14292.000000 2.635649 1.486369 2.893561
 14295.000000 2.644892 1.478210 2.908474
 14298.000000 2.692843 1.504491 2.930128
 14301.000000 2.656669 1.492543 2.912018
 14304.000000 2.708127 1.501093 2.919408
 14307.000000 2.721072 1.532594 2.903928
 14310.000000 2.651808 1.495275 2.906993
 14313.000000 2.694028 1.532072 2.901854
 14316.000000 2.671826 1.529027 2.907915
 14319.000000 2.735351 1.563700 2.917106
 14322.000000 2.711100 1.508703 2.923210
 14325.000000 2.695180 1.511947 2.932018
 14328.000000 2.701639 1.527222 2.878973
 14331.000000 2.678607 1.543743 2.880195
 14334.000000 2.702530 1.536433 2.907752
 14337.000000 2.698827 1.543618 2.881474
 14340.000000 2.653127 1.512255 2.885736
 14343.000000 2.641076 1.530179 2.886314
 14346.000000 2.664494 1.520485 2.879137
 14349.000000 2.699185 1.545672 2.875339
 14352.000000 2.644089 1.534416 2.888433
 14355.000000 2.653463 1.545913 2.887903
 14358.000000 2.650118 1.531930 2.876347
 14361.000000 2.659316 1.521475 2.897769
 14364.000000 2.692508 1.526440 2.891193
 14367.000000 2.679616 1.551994 2.894147
 14370.000000 2.691301 1.540963 2.908899
 14373.000000 2.719239 1.548184 2.898218
 14376.000000 2.700595 1.528456 2.940653
 14379.000000 2.642287 1.540205 2.923722
 14382.000000 2.680774 1.522175 2.935187
 14385.000000 2.666822 1.514143 2.933062
 14388.000000 2.624488 1.499641 2.936786
 14391.000000 2.589084 1.503449 2.936782
 14394.000000 2.657070 1.534317 2.934579
 14397.000000 2.679229 1.541485 2.920760
 14400.000000 2.691416 1.545425 2.887812
 14403.000000 2.661515 1.528283 2.900000
 14406.000000 2.720072 1.495321 2.936049
 14409.000000 2.629926 1.505273 2.936044
 14412.000000 2.684555 1.545123 2.911050
 14415.000000 2.607250 1.554563 2.872132
 14418.000000 2.635958 1.501053 2.910517
 14421.000000 2.680818 1.545602 2.874307
 14424.000000 2.730897 1.531523 2.917722
 14427.000000 2.705845 1.519462 2.941540
 14430.000000 2.678754 1.523138 2.917221
 14433.000000 2.716032 1.546872 2.949783
 14436.000000 2.732091 1.551517 2.901542
 14439.000000 2.686832 1.536502 2.916066
 14442.000000 2.729493 1.544230 2.956607
 14445.000000 2.721308 1.553028 2.945045
 14448.000000 2.761910 1.590372 2.918702
 14451.000000 2.699752 1.562834 2.941822
 14454.000000 2.697520 1.543578 2.934516
 14457.000000 2.731235 1.553471 2.956852
 14460.000000 2.693631 1.546209 2.949980
 14463.000000 2.687761 1.531886 2.978337
 14466.000000 2.686061 1.535229 2.974265
 14469.000000 2.704036 1.561797 2.931202
 14472.000000 2.672731 1.528118 2.954196
 14475.000000 2.695438 1.531245 2.958600
 14478.000000 2.741584 1.562119 2.952129
 14481.000000 2.787540 1.573247 2.951248
 14484.000000 2.723057 1.558712 2.991823
 14487.000000 2.693443 1.541068 2.941660
 14490.000000 2.630214 1.515515 2.946650
 14493.000000 2.659660 1.515682 2.941509
 14496.000000 2.631621 1.526405 2.921723
 14499.000000 2.663519 1.530523 2.923333
 14502.000000 2.673415 1.535607 2.907266
 14505.000000 2.670404 1.522905 2.912840
 14508.000000 2.652360 1.532771 2.919571
 14511.000000 2.673510 1.541479 2.915238
 14514.000000 2.674352 1.575058 2.907185
 14517.000000 2.730671 1.547732 2.907610
 14520.000000 2.656090 1.514425 2.917096
 14523.000000 2.678916 1.558147 2.908503
 14526.000000 2.631494 1.546121 2.899501
 14529.000000 2.647476 1.540741 2.883171
 14532.000000 2.636702 1.536101 2.890833
 14535.000000 2.607767 1.518154 2.928270
 14538.000000 2.624184 1.543153 2.896566
 14541.000000 2.620839 1.543762 2.892811
 14544.000000 2.605662 1.547014 2.874548
 14547.000000 2.616293 1.545946 2.895539
 14550.000000 2.621532 1.519131 2.904742
 14553.000000 2.630283 1.525249 2.907432
 14556.000000 2.616960 1.539997 2.906492
 14559.000000 2.667104 1.556004 2.882401
 14562.000000 2.648986 1.520671 2.902386
 14565.000000 2.627785 1.556105 2.874465
 14568.000000 2.591659 1.525748 2.896437
 14571.000000 2.636297 1.539412 2.897849
 14574.000000 2.657991 1.551524 2.894573
 14577.000000 2.676870 1.551644 2.926150
 14580.000000 2.647795 1.534870 2.928218
 14583.000000 2.644931 1.543072 2.915928
 14586.000000 2.622788 1.537204 2.898097
 14589.000000 2.661161 1.521694 2.923404
 14592.000000 2.572010 1.520872 2.901167
 14595.000000 2.652560 1.564557 2.876658
 14598.000000 2.679989 1.541458 2.877619
 14601.000000 2.657428 1.552683 2.934188
 14604.000000 2.607199 1.510417 2.893362
 14607.000000 2.656934 1.553543 2.874771
 14610.000000 2.666061 1.536735 2.923298
 14613.000000 2.643529 1.552276 2.936143
 14616.000000 2.639633 1.533260 2.904421
 14619.000000 2.663324 1.539774 2.925082
 14622.000000 2.670863 1.570609 2.931319
 14625.000000 2.649012 1.549967 2.939681
 14628.000000 2.630447 1.534309 2.917425
 14631.000000 2.635514 1.515250 2.931460
 14634.000000 2.591727 1.534826 2.893855
 14637.000000 2.591657 1.527406 2.890315
 14640.000000 2.577610 1.484786 2.933162
 14643.000000 2.617408 1.492441 2.952911
 14646.000000 2.613909 1.518388 2.928410
 14649.000000 2.652251 1.512693 2.933179
 14652.000000 2.646435 1.515515 2.926911
 14655.000000 2.642373 1.502384 2.929350
 14658.000000 2.617965 1.520431 2.926297
 14661.000000 2.648166 1.513394 2.933919
 14664.000000 2.707334 1.543647 2.956236
 14667.000000 2.688984 1.547663 2.928673
 14670.000000 2.614852 1.548911 2.874749
 14673.000000 2.620621 1.529050 2.893107
 14676.000000 2.628812 1.539573 2.891095
 14679.000000 2.690675 1.545143 2.940256
 14682.000000 2.684200 1.549022 2.919431
 14685.000000 2.750651 1.536746 2.928638
 14688.000000 2.704657 1.551073 2.923506
 14691.000000 2.721139 1.563773 2.943863
 14694.000000 2.732057 1.601436 2.898465
 14697.000000 2.784160 1.585824 2.905343
 14700.000000 2.734016 1.550110 2.896006
 14703.000000 2.680583 1.542222 2.922172
 14706.000000 2.761262 1.556956 2.931831
 14709.000000 2.707026 1.562230 2.888088
 14712.000000 2.702802 1.530583 2.912410
 14715.000000 2.705821 1.552129 2.900572
 14718.000000 2.737052 1.532669 2.905361
 14721.000000 2.671159 1.551258 2.865374
 14724.000000 2.713040 1.538894 2.918464
 14727.000000 2.724567 1.536572 2.931491
 14730.000000 2.698829 1.525484 2.950071
 14733.000000 2.658515 1.519153 2.938774
 14736.000000 2.757962 1.534281 2.934184
 14739.000000 2.740752 1.571296 2.923435
 14742.000000 2.648008 1.495050 2.978511
 14745.000000 2.705928 1.554262 2.910504
 14748.000000 2.690436 1.560539 2.930470
 14751.000000 2.701698 1.558705 2.925657
 14754.000000 2.668204 1.527411 2.889773
 14757.000000 2.661563 1.531688 2.937406
 14760.000000 2.671388 1.517478 2.905675
 14763.000000 2.675461 1.539869 2.910722
 14766.000000 2.704343 1.528630 2.936610
 14769.000000 2.699517 1.564378 2.935185
 14772.000000 2.710126 1.572011 2.902686
 14775.000000 2.648425 1.495573 2.917109
 14778.000000 2.650132 1.538189 2.905330
 14781.000000 2.670295 1.547678 2.923821
 14784.000000 2.642430 1.511665 2.908489
 14787.000000 2.672676 1.533529 2.899766
 14790.000000 2.638467 1.551440 2.839862
 14793.000000 2.662130 1.538040 2.845799
 14796.000000 2.656534 1.516419 2.852198
 14799.000000 2.645314 1.546852 2.873777
 14802.000000 2.670561 1.545395 2.891692
 14805.000000 2.566116 1.520015 2.863961
 14808.000000 2.642769 1.556216 2.845868
 14811.000000 2.665717 1.540940 2.824206
 14814.000000 2.673124 1.587495 2.814166
 14817.000000 2.642655 1.569806 2.844173
 14820.000000 2.656029 1.549521 2.881016
 14823.000000 2.735554 1.582144 2.860499
 14826.000000 2.635072 1.542653 2.849376
 14829.000000 2.638926 1.541679 2.863292
 14832.000000 2.652037 1.534923 2.862326
 14835.000000 2.719201 1.563834 2.894106
 14838.000000 2.710733 1.560277 2.882220
 14841.000000 2.712943 1.569206 2.853120
 14844.000000 2.735261 1.576823 2.862353
 14847.000000 2.682163 1.557245 2.846444
 14850.000000 2.664898 1.544282 2.867472
 14853.000000 2.689587 1.557415 2.857011
 14856.000000 2.711693 1.543858 2.892664
 14859.000000 2.721536 1.558052 2.865280
 14862.000000 2.662998 1.567584 2.876749
 14865.000000 2.638164 1.540367 2.881745
 14868.000000 2.712823 1.565042 2.899492
 14871.000000 2.688856 1.536703 2.884548
 14874.000000 2.605883 1.538352 2.880556
 14877.000000 2.644433 1.530897 2.894571
 14880.000000 2.660822 1.580213 2.871989
 14883.000000 2.613106 1.551443 2.860840
 14886.000000 2.631550 1.534623 2.844684
 14889.000000 2.603174 1.519615 2.877548
 14892.000000 2.598333 1.536578 2.870639
 14895.000000 2.664048 1.567673 2.874965
 14898.000000 2.589171 1.534103 2.899386
 14901.000000 2.582740 1.540953 2.871337
 14904.000000 2.557067 1.516837 2.857298
 14907.000000 2.638094 1.557879 2.835553
 14910.000000 2.601222 1.521252 2.879407
 14913.000000 2.605949 1.523761 2.854762
 14916.000000 2.554707 1.499262 2.857515
 14919.000000 2.597641 1.509459 2.905689
 14922.000000 2.597718 1.524647 2.876582
 14925.000000 2.655704 1.533845 2.881131
 14928.000000 2.653574 1.547065 2.878052
 14931.000000 2.605791 1.530479 2.853715
 14934.000000 2.649896 1.550274 2.874696
 14937.000000 2.687484 1.525969 2.914132
 14940.000000 2.706714 1.514491 2.950317
 14943.000000 2.699485 1.529311 2.923417
 14946.000000 2.697622 1.537993 2.911557
 14949.000000 2.702806 1.555467 2.906085
 14952.000000 2.688705 1.568900 2.884512
 14955.000000 2.737575 1.558488 2.914713
 14958.000000 2.748941 1.540998 2.933429
 14961.000000 2.735649 1.534647 2.941109
 14964.000000 2.748368 1.547277 2.949532
 14967.000000 2.726688 1.526107 2.964307
 14970.000000 2.766300 1.593415 2.913851
 14973.000000 2.722718 1.547465 2.926097
 14976.000000 2.679325 1.523129 2.946890
 14979.000000 2.735507 1.562254 2.938871
 14982.000000 2.782809 1.532192 2.967519
 14985.000000 2.744124 1.551929 2.946534
 14988.000000 2.688927 1.565709 2.912267
 14991.000000 2.715351 1.570231 2.909826
 14994.000000 2.674327 1.535473 2.939436
 14997.000000 2.697540 1.563474 2.939302
 15000.000000 2.733592 1.547718 2.970985
 15003.000000 2.716033 1.528299 2.966652
 15006.000000 2.722171 1.551008 2.950101
 15009.000000 2.682985 1.522693 2.945795
 15012.000000 2.674865 1.573767 2.900399
 15015.000000 2.633415 1.525029 2.920944
 15018.000000 2.706098 1.569488 2.943038
 15021.000000 2.707448 1.542255 2.925063
 15024.000000 2.699259 1.537209 2.936087
 15027.000000 2.687822 1.540687 2.956569
 15030.000000 2.662265 1.537498 2.948575
 15033.000000 2.689198 1.566847 2.906466
 15036.000000 2.723301 1.566114 2.914282
 15039.000000 2.653918 1.540474 2.927376
 15042.000000 2.643048 1.561834 2.928888
 15045.000000 2.661064 1.557776 2.915581
 15048.000000 2.666437 1.591310 2.904676
 15051.000000 2.688660 1.591323 2.932394
 15054.000000 2.686359 1.600929 2.875327
 15057.000000 2.688148 1.594764 2.895006
 15060.000000 2.623317 1.553516 2.872234
 15063.000000 2.634920 1.560291 2.885835
 15066.000000 2.637508 1.550628 2.851383
 15069.000000 2.682657 1.556089 2.899699
 15072.000000 2.682480 1.564080 2.889621
 15075.000000 2.660925 1.556063 2.879916
 15078.000000 2.650904 1.547643 2.900216
 15081.000000 2.631349 1.536038 2.906316
 15084.000000 2.670099 1.571654 2.879896
 15087.000000 2.680909 1.591419 2.911104
 15090.000000 2.650900 1.562256 2.868352
 15093.000000 2.634446 1.564849 2.877276
 15096.000000 2.614639 1.570348 2.847797
 15099.000000 2.657476 1.571722 2.855294
 15102.000000 2.637675 1.526625 2.916751
 15105.000000 2.584327 1.546598 2.856921
 15108.000000 2.625236 1.537800 2.884330
 15111.000000 2.634088 1.544439 2.919803
 15114.000000 2.634969 1.550960 2.901569
 15117.000000 2.671030 1.551377 2.879477
 15120.000000 2.650130 1.549406 2.854680
 15123.000000 2.662557 1.534422 2.894750
 15126.000000 2.649183 1.495414 2.937269
 15129.000000 2.693958 1.528714 2.933023
 15132.000000 2.660336 1.534803 2.925951
 15135.000000 2.751063 1.564316 2.902209
 15138.000000 2.660249 1.578114 2.863736
 15141.000000 2.749361 1.582297 2.901642
 15144.000000 2.755012 1.595795 2.899356
 15147.000000 2.695187 1.572033 2.880394
 15150.000000 2.684886 1.601717 2.889237
 15153.000000 2.648232 1.565588 2.886075
 15156.000000 2.596059 1.530374 2.888761
 15159.000000 2.607100 1.531539 2.905824
 15162.000000 2.626601 1.542218 2.903018
 15165.000000 2.712247 1.585815 2.912215
 15168.000000 2.726300 1.579929 2.926673
 15171.000000 2.660780 1.559517 2.896384
 15174.000000 2.675529 1.552591 2.910535
 15177.000000 2.673340 1.543395 2.898414
 15180.000000 2.635816 1.559669 2.895057
 15183.000000 2.626457 1.566563 2.887071
 15186.000000 2.658372 1.546320 2.902285
 15189.000000 2.627867 1.555247 2.907764
 15192.000000 2.653769 1.575377 2.867890
 15195.000000 2.676256 1.568343 2.882398
 15198.000000 2.704868 1.576134 2.918677
 15201.000000 2.719956 1.590906 2.908648
 15204.000000 2.648941 1.583879 2.920573
 15207.000000 2.658179 1.594585 2.897646
 15210.000000 2.685284 1.570915 2.943937
 15213.000000 2.631609 1.553977 2.944439
 15216.000000 2.602108 1.565605 2.927101
 15219.000000 2.615655 1.574202 2.907854
 15222.000000 2.587520 1.554678 2.874237
 15225.000000 2.605584 1.554809 2.902151
 15228.000000 2.637843 1.558451 2.882443
 15231.000000 2.634493 1.559570 2.894190
 15234.000000 2.687071 1.601165 2.856727
 15237.000000 2.597558 1.582761 2.877089
 15240.000000 2.730250 1.594024 2.893086
 15243.000000 2.685380 1.604180 2.890089
 15246.000000 2.679540 1.594045 2.863637
 15249.000000 2.675738 1.573167 2.879139
 15252.000000 2.659384 1.592854 2.855450
 15255.000000 2.639506 1.585663 2.847357
 15258.000000 2.666641 1.566648 2.881574
 15261.000000 2.671679 1.592959 2.853022
 15264.000000 2.647059 1.581924 2.825427
 15267.000000 2.696589 1.579798 2.856027
 15270.000000 2.625960 1.551097 2.886521
 15273.000000 2.670559 1.573550 2.868950
 15276.000000 2.725066 1.609215 2.851520
 15279.000000 2.712533 1.573901 2.894928
 15282.000000 2.698276 1.546411 2.926214
 15285.000000 2.675045 1.550193 2.909736
 15288.000000 2.667685 1.580176 2.893150
 15291.000000 2.733005 1.591693 2.883624
 15294.000000 2.730018 1.585434 2.877951
 15297.000000 2.691969 1.550868 2.915916
 15300.000000 2.730776 1.595688 2.864038
 15303.000000 2.681825 1.570897 2.899572
 15306.000000 2.676440 1.576079 2.881204
 15309.000000 2.728144 1.572439 2.886092
 15312.000000 2.717863 1.579974 2.876288
 15315.000000 2.741514 1.590995 2.881552
 15318.000000 2.737947 1.577933 2.895705
 15321.000000 2.713197 1.580353 2.921946
 15324.000000 2.701506 1.573618 2.937625
 15327.000000 2.680760 1.586920 2.857235
 15330.000000 2.671595 1.544561 2.924439
 15333.000000 2.624418 1.546413 2.886967
 15336.000000 2.696907 1.587471 2.884938
 15339.000000 2.687442 1.551008 2.891090
 15342.000000 2.647778 1.579314 2.843258
 15345.000000 2.642577 1.566682 2.891082
 15348.000000 2.699447 1.564353 2.873597
 15351.000000 2.722129 1.577447 2.862207
 15354.000000 2.763882 1.581209 2.893489
 15357.000000 2.720443 1.543751 2.940985
 15360.000000 2.708717 1.578669 2.887467
 15363.000000 2.651944 1.549788 2.873457
 15366.000000 2.677932 1.533913 2.904013
 15369.000000 2.707365 1.546372 2.904771
 15372.000000 2.704429 1.552017 2.915104
 15375.000000 2.716867 1.590754 2.903275
 15378.000000 2.674283 1.549833 2.937880
 15381.000000 2.708452 1.567595 2.915838
 15384.000000 2.675841 1.571775 2.930495
 15387.000000 2.696048 1.582483 2.879423
 15390.000000 2.783954 1.554192 2.905404
 15393.000000 2.745933 1.593283 2.902007
 15396.000000 2.726248 1.584010 2.901393
 15399.000000 2.715573 1.584281 2.908563
 15402.000000 2.692345 1.595584 2.892674
 15405.000000 2.673754 1.582548 2.889058
 15408.000000 2.715961 1.593551 2.907827
 15411.000000 2.719072 1.617255 2.894866
 15414.000000 2.681327 1.589081 2.929592
 15417.000000 2.671216 1.575629 2.948123
 15420.000000 2.638258 1.557249 2.920955
 15423.000000 2.611650 1.537071 2.923230
 15426.000000 2.634693 1.563783 2.924086
 15429.000000 2.646864 1.578433 2.911223
 15432.000000 2.721900 1.597222 2.888948
 15435.000000 2.690988 1.599608 2.884459
 15438.000000 2.677250 1.565283 2.915137
 15441.000000 2.667787 1.600591 2.885257
 15444.000000 2.679422 1.594871 2.911669
 15447.000000 2.663386 1.586333 2.903895
 15450.000000 2.623010 1.573652 2.892516
 15453.000000 2.611394 1.571604 2.890095
 15456.000000 2.599515 1.561416 2.883048
 15459.000000 2.604130 1.563073 2.866894
 15462.000000 2.619397 1.556408 2.862982
 15465.000000 2.680255 1.580592 2.861574
 15468.000000 2.618296 1.543673 2.859966
 15471.000000 2.676334 1.550948 2.908843
 15474.000000 2.679874 1.560792 2.896023
 15477.000000 2.701681 1.546491 2.888098
 15480.000000 2.682908 1.522868 2.877653
 15483.000000 2.687165 1.511924 2.932123
 15486.000000 2.683356 1.548172 2.885045
 15489.000000 2.666983 1.554391 2.882692
 15492.000000 2.731871 1.600597 2.875672
 15495.000000 2.727021 1.578099 2.885617
 15498.000000 2.713956 1.576437 2.890520
 15501.000000 2.660085 1.546423 2.909941
 15504.000000 2.690616 1.533889 2.916276
 15507.000000 2.603919 1.501586 2.912006
 15510.000000 2.683513 1.535919 2.903877
 15513.000000 2.666485 1.529301 2.915815
 15516.000000 2.710430 1.518727 2.951487
 15519.000000 2.690892 1.532125 2.926546
 15522.000000 2.716865 1.529121 2.930265
 15525.000000 2.690733 1.552014 2.919949
 15528.000000 2.708137 1.550023 2.918436
 15531.000000 2.737748 1.554941 2.887983
 15534.000000 2.696779 1.561990 2.890972
 15537.000000 2.669351 1.558774 2.874085
 15540.000000 2.674148 1.560604 2.877845
 15543.000000 2.695736 1.544081 2.882941
 15546.000000 2.694386 1.556203 2.860277
 15549.000000 2.712989 1.534541 2.911854
 15552.000000 2.668162 1.528698 2.855285
 15555.000000 2.672302 1.532164 2.906823
 15558.000000 2.700749 1.552501 2.876028
 15561.000000 2.703871 1.555102 2.881630
 15564.000000 2.669657 1.547914 2.907421
 15567.000000 2.698437 1.560832 2.884877
 15570.000000 2.643159 1.537766 2.891041
 15573.000000 2.605442 1.538297 2.905249
 15576.000000 2.656119 1.548232 2.905574
 15579.000000 2.668214 1.538157 2.910281
 15582.000000 2.699616 1.567174 2.904560
 15585.000000 2.684392 1.586848 2.858289
 15588.000000 2.681285 1.553797 2.899952
 15591.000000 2.656610 1.558845 2.886757
 15594.000000 2.702810 1.573204 2.911702
 15597.000000 2.709762 1.586439 2.911097
 15600.000000 2.773576 1.570034 2.910807
 15603.000000 2.722975 1.556361 2.940642
 15606.000000 2.726421 1.535308 2.946660
 15609.000000 2.762516 1.580816 2.916302
 15612.000000 2.716790 1.544660 2.914027
 15615.000000 2.768256 1.573768 2.928323
 15618.000000 2.716263 1.549595 2.913837
 15621.000000 2.736204 1.561973 2.929494
 15624.000000 2.708232 1.560138 2.941878
 15627.000000 2.666474 1.543584 2.911414
 15630.000000 2.671874 1.542984 2.901233
 15633.000000 2.660261 1.541353 2.907832
 15636.000000 2.668301 1.537201 2.917777
 15639.000000 2.696011 1.538940 2.914626
 15642.000000 2.707925 1.559975 2.912454
 15645.000000 2.655390 1.537119 2.929067
 15648.000000 2.655814 1.530462 2.905161
 15651.000000 2.704033 1.546946 2.905975
 15654.000000 2.686242 1.499361 2.952189
 15657.000000 2.706416 1.547318 2.924287
 15660.000000 2.725819 1.539549 2.934792
 15663.000000 2.754037 1.548985 2.944702
 15666.000000 2.743871 1.550944 2.938888
 15669.000000 2.699243 1.532379 2.917424
 15672.000000 2.761361 1.559919 2.924151
 15675.000000 2.743058 1.553211 2.906755
 15678.000000 2.686618 1.559112 2.895827
 15681.000000 2.709786 1.534135 2.921681
 15684.000000 2.687771 1.568629 2.881995
 15687.000000 2.681840 1.526762 2.922065
 15690.000000 2.625942 1.521480 2.941385
 15693.000000 2.633530 1.512232 2.946290
 15696.000000 2.623212 1.523992 2.939252
 15699.000000 2.669190 1.490567 2.944862
 15702.000000 2.762834 1.558159 2.922548
 15705.000000 2.706096 1.517539 2.957480
 15708.000000 2.641014 1.492557 2.947729
 15711.000000 2.646142 1.481604 2.956311
 15714.000000 2.607485 1.488492 2.956593
 15717.000000 2.620838 1.515492 2.948601
 15720.000000 2.671245 1.531549 2.952248
 15723.000000 2.706778 1.533311 2.915253
 15726.000000 2.652153 1.498364 2.942191
 15729.000000 2.697245 1.523506 2.935061
 15732.000000 2.675946 1.540202 2.894248
 15735.000000 2.637925 1.536507 2.922777
 15738.000000 2.654327 1.539778 2.881243
 15741.000000 2.662867 1.541455 2.880697
 15744.000000 2.635714 1.547211 2.897701
 15747.000000 2.730307 1.572866 2.891937
 15750.000000 2.703785 1.536536 2.904085
 15753.000000 2.665015 1.529850 2.909534
 15756.000000 2.674501 1.561296 2.888478
 15759.000000 2.581231 1.467836 2.929477
 15762.000000 2.698753 1.518727 2.942342
 15765.000000 2.661245 1.524165 2.913849
 15768.000000 2.640103 1.551806 2.888816
 15771.000000 2.654019 1.523263 2.908188
 15774.000000 2.634297 1.549903 2.886237
 15777.000000 2.663331 1.536229 2.883422
 15780.000000 2.640159 1.496557 2.927451
 15783.000000 2.669035 1.532269 2.909739
 15786.000000 2.637900 1.511204 2.914977
 15789.000000 2.602491 1.499322 2.917466
 15792.000000 2.593816 1.463284 2.931795
 15795.000000 2.595752 1.501259 2.923333
 15798.000000 2.633799 1.490289 2.911619
 15801.000000 2.654416 1.517762 2.875158
 15804.000000 2.657536 1.510288 2.886658
 15807.000000 2.622149 1.525971 2.890588
 15810.000000 2.626837 1.514515 2.872034
 15813.000000 2.555507 1.492018 2.895289
 15816.000000 2.630536 1.517684 2.848766
 15819.000000 2.586050 1.509099 2.898658
 15822.000000 2.601028 1.508869 2.895059
 15825.000000 2.552922 1.487145 2.914465
 15828.000000 2.583013 1.498038 2.915708
 15831.000000 2.551370 1.499385 2.889310
 15834.000000 2.595686 1.508247 2.923609
 15837.000000 2.658652 1.551059 2.901267
 15840.000000 2.672032 1.518296 2.914035
 15843.000000 2.575370 1.501958 2.926434
 15846.000000 2.597543 1.497883 2.909173
 15849.000000 2.669019 1.525094 2.920638
 15852.000000 2.661975 1.543400 2.926970
 15855.000000 2.710531 1.524537 2.958583
 15858.000000 2.674571 1.509667 2.964531
 15861.000000 2.690244 1.534453 2.945703
 15864.000000 2.701264 1.527940 2.925583
 15867.000000 2.642379 1.506995 2.942524
 15870.000000 2.703714 1.520492 2.954265
 15873.000000 2.686539 1.503604 2.975398
 15876.000000 2.725671 1.577552 2.937116
 15879.000000 2.696707 1.541916 2.970266
 15882.000000 2.737575 1.542204 2.957060
 15885.000000 2.670395 1.506152 2.953305
 15888.000000 2.690422 1.523972 2.945782
 15891.000000 2.679394 1.508597 2.958086
 15894.000000 2.639708 1.504469 2.965522
 15897.000000 2.689012 1.524296 2.939778
 15900.000000 2.702645 1.539535 2.950766
 15903.000000 2.733024 1.527566 2.965562
 15906.000000 2.752377 1.567162 2.903626
 15909.000000 2.712584 1.551281 2.927653
 15912.000000 2.763282 1.578260 2.956072
 15915.000000 2.759362 1.576372 2.955182
 15918.000000 2.705996 1.529279 2.958462
 15921.000000 2.678276 1.531176 2.939094
 15924.000000 2.721910 1.590191 2.915462
 15927.000000 2.724055 1.549910 2.912643
 15930.000000 2.710642 1.569011 2.920051
 15933.000000 2.693313 1.556430 2.909446
 15936.000000 2.702886 1.602820 2.871085
 15939.000000 2.750991 1.612889 2.905142
 15942.000000 2.737548 1.593407 2.918946
 15945.000000 2.696867 1.592546 2.878542
 15948.000000 2.696306 1.568534 2.917368
 15951.000000 2.698042 1.578120 2.911117
 15954.000000 2.726612 1.586144 2.888037
 15957.000000 2.710870 1.562647 2.900930
 15960.000000 2.714118 1.554593 2.924076
 15963.000000 2.735453 1.590855 2.905789
 15966.000000 2.708042 1.594368 2.886889
 15969.000000 2.675001 1.541544 2.925510
 15972.000000 2.670705 1.542351 2.919538
 15975.000000 2.646223 1.532735 2.903898
 15978.000000 2.628182 1.562495 2.906030
 15981.000000 2.632437 1.548963 2.912043
 15984.000000 2.633190 1.527055 2.898726
 15987.000000 2.625830 1.576762 2.882627
 15990.000000 2.603363 1.508997 2.921482
 15993.000000 2.546572 1.509735 2.899656
 15996.000000 2.640643 1.564084 2.910450
 15999.000000 2.574495 1.539353 2.917825
 16002.000000 2.561762 1.540805 2.920556
 16005.000000 2.592986 1.505652 2.938641
 16008.000000 2.607760 1.493205 2.944170
 16011.000000 2.667472 1.554710 2.923732
 16014.000000 2.638600 1.526517 2.944498
 16017.000000 2.708211 1.579216 2.936253
 16020.000000 2.623552 1.544766 2.930128
 16023.000000 2.665442 1.549070 2.924882
 16026.000000 2.641170 1.522962 2.938441
 16029.000000 2.610158 1.521627 2.929475
 16032.000000 2.636193 1.512533 2.951833
 16035.000000 2.648218 1.546528 2.915387
 16038.000000 2.676156 1.539285 2.942254
 16041.000000 2.676286 1.521817 2.929651
 16044.000000 2.684455 1.525626 2.936733
 16047.000000 2.634115 1.518084 2.888749
 16050.000000 2.671056 1.524839 2.882477
 16053.000000 2.638648 1.512087 2.936783
 16056.000000 2.640489 1.522916 2.894678
 16059.000000 2.644712 1.560045 2.873219
 16062.000000 2.638889 1.517349 2.913813
 16065.000000 2.605683 1.523171 2.896733
 16068.000000 2.591915 1.510164 2.918091
 16071.000000 2.650535 1.536551 2.911509
 16074.000000 2.611230 1.528074 2.928181
 16077.000000 2.661939 1.522135 2.908037
 16080.000000 2.576866 1.519471 2.870642
 16083.000000 2.620469 1.517030 2.916305
 16086.000000 2.620156 1.512826 2.881414
 16089.000000 2.668439 1.542580 2.901775
 16092.000000 2.613733 1.543062 2.874204
 16095.000000 2.606043 1.523758 2.891971
 16098.000000 2.568607 1.549467 2.888700
 16101.000000 2.570097 1.516734 2.892088
 16104.000000 2.616671 1.525745 2.916987
 16107.000000 2.557886 1.504319 2.909642
 16110.000000 2.568063 1.523211 2.917415
 16113.000000 2.615395 1.521522 2.907926
 16116.000000 2.491413 1.487822 2.909211
 16119.000000 2.571098 1.507902 2.893948
 16122.000000 2.585297 1.501763 2.920855
 16125.000000 2.642164 1.495957 2.929963
 16128.000000 2.576932 1.502614 2.899242
 16131.000000 2.580681 1.520393 2.873263
 16134.000000 2.554024 1.535136 2.899291
 16137.000000 2.589626 1.499623 2.918301
 16140.000000 2.570591 1.513292 2.883488
 16143.000000 2.578549 1.533667 2.874582
 16146.000000 2.662309 1.529327 2.889195
 16149.000000 2.587174 1.516201 2.878473
 16152.000000 2.604934 1.531777 2.885866
 16155.000000 2.591238 1.505987 2.898612
 16158.000000 2.649601 1.499913 2.942719
 16161.000000 2.588223 1.501712 2.882041
 16164.000000 2.622944 1.530775 2.889849
 16167.000000 2.670019 1.492570 2.932898
 16170.000000 2.666596 1.500018 2.918580
 16173.000000 2.664022 1.501270 2.911333
 16176.000000 2.649474 1.469630 2.917743
 16179.000000 2.683521 1.522387 2.904078
 16182.000000 2.602928 1.465763 2.905214
 16185.000000 2.692390 1.484853 2.929920
 16188.000000 2.664754 1.491397 2.916196
 16191.000000 2.612861 1.481112 2.892708
 16194.000000 2.648756 1.497351 2.898784
 16197.000000 2.650604 1.506323 2.893388
 16200.000000 2.650505 1.495361 2.895385
 16203.000000 2.650960 1.492880 2.910918
 16206.000000 2.613551 1.477333 2.899706
 16209.000000 2.657803 1.504772 2.895923
 16212.000000 2.658680 1.497196 2.914709
 16215.000000 2.654424 1.521102 2.884832
 16218.000000 2.652149 1.513050 2.885452
 16221.000000 2.639086 1.484596 2.918973
 16224.000000 2.643941 1.508511 2.886953
 16227.000000 2.648635 1.515847 2.876297
 16230.000000 2.647518 1.525782 2.848598
 16233.000000 2.648782 1.524892 2.863857
 16236.000000 2.634136 1.494134 2.890059
 16239.000000 2.648488 1.503320 2.888668
 16242.000000 2.646161 1.471675 2.874562
 16245.000000 2.658376 1.464611 2.870162
 16248.000000 2.639073 1.485476 2.845217
 16251.000000 2.638872 1.485094 2.874243
 16254.000000 2.644872 1.479099 2.888703
 16257.000000 2.628379 1.508691 2.854259
 16260.000000 2.568557 1.446415 2.884604
 16263.000000 2.642492 1.497691 2.853542
 16266.000000 2.630160 1.462731 2.876803
 16269.000000 2.622609 1.464282 2.897377
 16272.000000 2.637281 1.483813 2.860132
 16275.000000 2.662849 1.515605 2.864728
 16278.000000 2.640736 1.481314 2.862528
 16281.000000 2.622922 1.477647 2.871558
 16284.000000 2.634817 1.483320 2.861931
 16287.000000 2.662312 1.486781 2.876636
 16290.000000 2.610702 1.480806 2.867878
 16293.000000 2.579818 1.471395 2.855114
 16296.000000 2.535664 1.468819 2.867035
 16299.000000 2.591053 1.511292 2.871531
 16302.000000 2.608320 1.504329 2.848869
 16305.000000 2.582173 1.473170 2.891817
 16308.000000 2.643197 1.494123 2.872306
 16311.000000 2.620886 1.486875 2.850452
 16314.000000 2.626284 1.502887 2.829081
 16317.000000 2.609363 1.497558 2.873183
 16320.000000 2.588720 1.475655 2.914522
 16323.000000 2.631465 1.505512 2.877319
 16326.000000 2.641949 1.491875 2.895222
 16329.000000 2.618354 1.490597 2.861604
 16332.000000 2.562913 1.470116 2.843719
 16335.000000 2.535534 1.446480 2.891084
 16338.000000 2.566800 1.467743 2.847750
 16341.000000 2.607173 1.489982 2.875036
 16344.000000 2.592236 1.485709 2.911721
 16347.000000 2.577583 1.485798 2.894853
 16350.000000 2.598947 1.501952 2.887877
 16353.000000 2.572444 1.488580 2.895237
 16356.000000 2.581903 1.490183 2.880186
 16359.000000 2.664833 1.490809 2.908596
 16362.000000 2.613730 1.483928 2.895034
 16365.000000 2.592496 1.484085 2.892106
 16368.000000 2.545973 1.452421 2.904761
 16371.000000 2.612214 1.480314 2.880964
 16374.000000 2.628803 1.459094 2.909463
 16377.000000 2.644413 1.491471 2.880179
 16380.000000 2.703170 1.512402 2.928731
 16383.000000 2.628430 1.467362 2.894067
 16386.000000 2.638000 1.461732 2.905082
 16389.000000 2.601882 1.478563 2.856597
 16392.000000 2.642614 1.482380 2.879439
 16395.000000 2.646805 1.470194 2.886425
 16398.000000 2.626921 1.495981 2.863993
 16401.000000 2.611977 1.492933 2.867002
 16404.000000 2.639940 1.507486 2.870778
 16407.000000 2.658181 1.504419 2.847421
 16410.000000 2.639738 1.498955 2.862004
 16413.000000 2.611549 1.474297 2.875940
 16416.000000 2.610573 1.482633 2.834199
 16419.000000 2.512943 1.431856 2.857432
 16422.000000 2.568945 1.458861 2.854034
 16425.000000 2.608936 1.482944 2.875228
 16428.000000 2.623289 1.461530 2.872509
 16431.000000 2.622721 1.483042 2.865366
 16434.000000 2.569944 1.444557 2.857015
 16437.000000 2.591036 1.463126 2.862714
 16440.000000 2.579590 1.480088 2.865998
 16443.000000 2.634043 1.504153 2.861315
 16446.000000 2.566353 1.487624 2.833735
 16449.000000 2.572431 1.498087 2.864546
 16452.000000 2.578826 1.506737 2.859492
 16455.000000 2.603060 1.476927 2.885517
 16458.000000 2.589825 1.491398 2.867711
 16461.000000 2.591173 1.494384 2.856871
 16464.000000 2.535500 1.486632 2.882056
 16467.000000 2.612728 1.504343 2.878410
 16470.000000 2.547403 1.484082 2.870963
 16473.000000 2.601046 1.519095 2.864524
 16476.000000 2.582350 1.481464 2.875764
 16479.000000 2.537317 1.485756 2.851038
 16482.000000 2.619255 1.483275 2.868126
 16485.000000 2.614549 1.486981 2.874496
 16488.000000 2.571508 1.459848 2.907919
 16491.000000 2.513114 1.484205 2.885723
 16494.000000 2.505303 1.483147 2.871332
 16497.000000 2.557604 1.477051 2.890951
 16500.000000 2.557105 1.464638 2.907606
 16503.000000 2.546866 1.446121 2.889616
 16506.000000 2.589353 1.502600 2.884154
 16509.000000 2.609657 1.475727 2.894518
 16512.000000 2.591471 1.457672 2.919174
 16515.000000 2.570293 1.485610 2.852104
 16518.000000 2.642721 1.481577 2.893288
 16521.000000 2.633788 1.483181 2.922380
 16524.000000 2.578695 1.456863 2.893225
 16527.000000 2.600095 1.498978 2.881379
 16530.000000 2.595341 1.493135 2.881621
 16533.000000 2.539354 1.464369 2.883343
 16536.000000 2.604915 1.483849 2.913367
 16539.000000 2.586700 1.481949 2.899674
 16542.000000 2.612975 1.484505 2.908439
 16545.000000 2.598105 1.462386 2.934391
 16548.000000 2.583275 1.468844 2.904850
 16551.000000 2.608769 1.493195 2.910047
 16554.000000 2.585222 1.471350 2.911409
 16557.000000 2.596828 1.470195 2.933608
 16560.000000 2.578410 1.452897 2.890282
 16563.000000 2.581935 1.458016 2.900924
 16566.000000 2.595611 1.449209 2.930301
 16569.000000 2.587147 1.460225 2.944550
 16572.000000 2.527835 1.450282 2.884867
 16575.000000 2.620884 1.493620 2.894197
 16578.000000 2.609263 1.479847 2.905184
 16581.000000 2.584730 1.473444 2.895758
 16584.000000 2.612273 1.495098 2.876508
 16587.000000 2.529244 1.452328 2.853158
 16590.000000 2.560392 1.463148 2.893490
 16593.000000 2.575555 1.474448 2.879901
 16596.000000 2.581244 1.437830 2.911334
 16599.000000 2.611042 1.482447 2.890979
 16602.000000 2.543959 1.444089 2.892263
 16605.000000 2.589550 1.495185 2.882259
 16608.000000 2.558299 1.460531 2.915735
 16611.000000 2.498446 1.430873 2.920942
 16614.000000 2.547867 1.458030 2.925367
 16617.000000 2.570909 1.452553 2.903262
 16620.000000 2.616014 1.464865 2.889772
 16623.000000 2.582885 1.466973 2.893984
 16626.000000 2.619577 1.477250 2.932490
 16629.000000 2.575466 1.485104 2.859646
 16632.000000 2.563254 1.474062 2.890515
 16635.000000 2.528311 1.467272 2.896806
 16638.000000 2.576472 1.478055 2.914877
 16641.000000 2.605650 1.507156 2.894500
 16644.000000 2.529291 1.472769 2.881834
 16647.000000 2.573049 1.496831 2.893607
 16650.000000 2.637789 1.493376 2.925707
 16653.000000 2.630115 1.488090 2.952642
 16656.000000 2.622709 1.512388 2.928945
 16659.000000 2.574894 1.471158 2.926844
 16662.000000 2.564364 1.470262 2.938841
 16665.000000 2.523124 1.477249 2.950282
 16668.000000 2.573600 1.502985 2.906549
 16671.000000 2.564519 1.506442 2.913305
 16674.000000 2.594381 1.484197 2.921272
 16677.000000 2.610186 1.505287 2.899431
 16680.000000 2.580525 1.494567 2.932383
 16683.000000 2.625465 1.490615 2.918442
 16686.000000 2.560213 1.490300 2.876159
 16689.000000 2.616141 1.485615 2.899423
 16692.000000 2.544749 1.474093 2.891405
 16695.000000 2.543819 1.485817 2.892903
 16698.000000 2.563201 1.488591 2.898581
 16701.000000 2.517744 1.464970 2.918048
 16704.000000 2.568699 1.480165 2.883359
 16707.000000 2.508528 1.476139 2.875551
 16710.000000 2.598715 1.511793 2.914530
 16713.000000 2.582689 1.492956 2.912862
 16716.000000 2.557390 1.475894 2.933691
 16719.000000 2.551704 1.488743 2.923593
 16722.000000 2.582764 1.489651 2.914472
 16725.000000 2.620117 1.508444 2.905311
 16728.000000 2.577253 1.485380 2.905788
 16731.000000 2.578165 1.490333 2.916329
 16734.000000 2.564123 1.506951 2.857586
 16737.000000 2.555275 1.476110 2.877607
 16740.000000 2.490706 1.455526 2.899427
 16743.000000 2.604272 1.479852 2.916098
 16746.000000 2.576866 1.474338 2.923162
 16749.000000 2.570193 1.480839 2.912590
 16752.000000 2.567952 1.467518 2.948388
 16755.000000 2.544854 1.468651 2.904656
 16758.000000 2.553787 1.454707 2.928819
 16761.000000 2.564828 1.465964 2.942797
 16764.000000 2.579575 1.490288 2.918955
 16767.000000 2.542818 1.433039 2.933609
 16770.000000 2.521646 1.446431 2.912952
 16773.000000 2.475940 1.419540 2.940051
 16776.000000 2.499156 1.420796 2.908335
 16779.000000 2.453758 1.410605 2.926877
 16782.000000 2.477832 1.425865 2.912903
 16785.000000 2.471176 1.435776 2.920463
 16788.000000 2.464239 1.415853 2.945868
 16791.000000 2.516494 1.455110 2.896564
 16794.000000 2.478611 1.439954 2.913213
 16797.000000 2.495620 1.453671 2.909295
 16800.000000 2.496782 1.446342 2.904593
 16803.000000 2.510697 1.465327 2.907537
 16806.000000 2.520673 1.482443 2.909994
 16809.000000 2.549461 1.492793 2.918004
 16812.000000 2.483962 1.424386 2.901193
 16815.000000 2.486456 1.437762 2.928621
 16818.000000 2.484785 1.455579 2.903197
 16821.000000 2.479847 1.439978 2.925078
 16824.000000 2.442255 1.467685 2.891752
 16827.000000 2.527023 1.470667 2.900433
 16830.000000 2.543124 1.483589 2.938178
 16833.000000 2.511265 1.490975 2.924245
 16836.000000 2.493989 1.481411 2.885038
 16839.000000 2.495227 1.461519 2.910477
 16842.000000 2.501330 1.460937 2.896911
 16845.000000 2.509411 1.493154 2.865669
 16848.000000 2.495468 1.459648 2.905429
 16851.000000 2.493029 1.458529 2.915030
 16854.000000 2.476874 1.452260 2.910246
 16857.000000 2.478708 1.453058 2.894173
 16860.000000 2.496503 1.458505 2.888044
 16863.000000 2.505648 1.483211 2.876686
 16866.000000 2.525251 1.472610 2.917885
 16869.000000 2.587313 1.493170 2.916711
 16872.000000 2.561775 1.509941 2.926748
 16875.000000 2.527300 1.473110 2.934694
 16878.000000 2.574531 1.468108 2.960026
 16881.000000 2.517498 1.450828 2.946584
 16884.000000 2.558142 1.460476 2.943731
 16887.000000 2.563190 1.478572 2.944666
 16890.000000 2.552636 1.474935 2.945458
 16893.000000 2.525020 1.447670 2.964641
 16896.000000 2.552021 1.481544 2.934356
 16899.000000 2.541413 1.467370 2.946273
 16902.000000 2.495606 1.451084 2.945008
 16905.000000 2.584565 1.502271 2.968587
 16908.000000 2.530770 1.491018 2.923702
 16911.000000 2.540786 1.478246 2.925936
 16914.000000 2.557488 1.477559 2.944412
 16917.000000 2.529661 1.466553 2.947791
 16920.000000 2.516798 1.476562 2.946098
 16923.000000 2.494878 1.472152 2.913445
 16926.000000 2.506007 1.493789 2.895455
 16929.000000 2.505266 1.459383 2.933288
 16932.000000 2.523243 1.474369 2.898146
 16935.000000 2.517660 1.462987 2.934663
 16938.000000 2.535582 1.478050 2.901414
 16941.000000 2.559516 1.493226 2.876792
 16944.000000 2.539338 1.476173 2.910087
 16947.000000 2.550332 1.493395 2.888563
 16950.000000 2.587981 1.508937 2.914538
 16953.000000 2.509124 1.462505 2.919045
 16956.000000 2.503539 1.479069 2.899577
 16959.000000 2.516986 1.488595 2.908101
 16962.000000 2.454200 1.442594 2.921776
 16965.000000 2.590081 1.495503 2.925237
 16968.000000 2.587655 1.474136 2.948685
 16971.000000 2.599660 1.498769 2.949807
 16974.000000 2.545039 1.478567 2.929531
 16977.000000 2.564456 1.481331 2.954308
 16980.000000 2.574693 1.487184 2.958989
 16983.000000 2.589688 1.472742 2.932226
 16986.000000 2.525286 1.453628 2.964780
 16989.000000 2.510424 1.476901 2.914217
 16992.000000 2.525533 1.484053 2.890111
 16995.000000 2.504490 1.454906 2.897487
 16998.000000 2.509644 1.455417 2.931062
 17001.000000 2.520636 1.470224 2.934027
 17004.000000 2.568420 1.480645 2.909499
 17007.000000 2.437273 1.436937 2.938526
 17010.000000 2.563136 1.502070 2.908612
 17013.000000 2.478741 1.459792 2.901573
 17016.000000 2.449001 1.465067 2.916848
 17019.000000 2.499880 1.486080 2.919205
 17022.000000 2.533740 1.450813 2.942190
 17025.000000 2.496546 1.461191 2.918375
 17028.000000 2.486517 1.448486 2.942192
 17031.000000 2.555776 1.455387 2.902071
 17034.000000 2.488606 1.453191 2.931811
 17037.000000 2.497804 1.458531 2.932474
 17040.000000 2.572235 1.490822 2.913154
 17043.000000 2.588939 1.490931 2.944168
 17046.000000 2.542786 1.473756 2.944617
 17049.000000 2.528050 1.449098 2.934855
 17052.000000 2.541839 1.455096 2.971710
 17055.000000 2.505547 1.457369 2.931717
 17058.000000 2.551785 1.477289 2.924068
 17061.000000 2.530949 1.430937 2.939783
 17064.000000 2.545172 1.459188 2.923782
 17067.000000 2.525172 1.472048 2.928327
 17070.000000 2.548562 1.480864 2.921057
 17073.000000 2.528362 1.457381 2.895286
 17076.000000 2.543002 1.449606 2.929237
 17079.000000 2.549546 1.472303 2.908990
 17082.000000 2.532929 1.491015 2.889019
 17085.000000 2.512814 1.478654 2.908185
 17088.000000 2.514560 1.466257 2.898991
 17091.000000 2.512322 1.453637 2.914203
 17094.000000 2.531846 1.504501 2.887135
 17097.000000 2.518851 1.495343 2.878113
 17100.000000 2.575180 1.513395 2.900023
 17103.000000 2.552475 1.484905 2.891696
 17106.000000 2.588153 1.468821 2.914557
 17109.000000 2.521679 1.461606 2.896726
 17112.000000 2.483227 1.422383 2.923103
 17115.000000 2.592084 1.501317 2.850186
 17118.000000 2.535836 1.480295 2.872600
 17121.000000 2.529552 1.487463 2.887512
 17124.000000 2.545760 1.482551 2.860354
 17127.000000 2.526837 1.490572 2.852715
 17130.000000 2.571303 1.519522 2.847243
 17133.000000 2.551770 1.497846 2.846063
 17136.000000 2.520270 1.489657 2.847530
 17139.000000 2.619060 1.474905 2.926773
 17142.000000 2.587448 1.508424 2.861921
 17145.000000 2.564809 1.498208 2.874502
 17148.000000 2.603400 1.502086 2.881388
 17151.000000 2.623822 1.509092 2.887275
 17154.000000 2.611618 1.492361 2.900168
 17157.000000 2.620688 1.510107 2.880369
 17160.000000 2.514689 1.473249 2.902290
 17163.000000 2.517953 1.477014 2.895332
 17166.000000 2.539355 1.478090 2.867199
 17169.000000 2.536280 1.490744 2.871713
 17172.000000 2.528677 1.484705 2.858301
 17175.000000 2.574836 1.551703 2.847691
 17178.000000 2.533674 1.516157 2.828533
 17181.000000 2.519648 1.493508 2.828587
 17184.000000 2.590283 1.513856 2.847545
 17187.000000 2.574091 1.521328 2.850409
 17190.000000 2.598205 1.536445 2.853105
 17193.000000 2.592510 1.536705 2.830423
 17196.000000 2.579665 1.476735 2.871059
 17199.000000 2.586031 1.487050 2.872480
 17202.000000 2.571088 1.489661 2.840573
 17205.000000 2.563652 1.489082 2.829064
 17208.000000 2.538595 1.499901 2.837914
 17211.000000 2.581958 1.472839 2.865872
 17214.000000 2.607876 1.487717 2.873580
 17217.000000 2.613760 1.480014 2.863042
 17220.000000 2.623078 1.496664 2.874578
 17223.000000 2.615011 1.490596 2.876926
 17226.000000 2.616100 1.467061 2.880144
 17229.000000 2.595827 1.477178 2.861693
 17232.000000 2.588359 1.477052 2.909350
 17235.000000 2.544343 1.474145 2.884702
 17238.000000 2.582995 1.489394 2.883690
 17241.000000 2.602804 1.477579 2.873531
 17244.000000 2.640439 1.536573 2.871644
 17247.000000 2.590149 1.462131 2.909297
 17250.000000 2.583737 1.476142 2.922568
 17253.000000 2.569625 1.483555 2.890180
 17256.000000 2.585499 1.505256 2.902272
 17259.000000 2.602616 1.484626 2.906690
 17262.000000 2.579179 1.475055 2.897670
 17265.000000 2.600387 1.513873 2.847664
 17268.000000 2.574328 1.499398 2.870192
 17271.000000 2.569265 1.504441 2.864670
 17274.000000 2.566244 1.489240 2.865411
 17277.000000 2.575842 1.505184 2.856249
 17280.000000 2.533969 1.451257 2.885010
 17283.000000 2.565286 1.488776 2.866418
 17286.000000 2.544781 1.493636 2.854530
 17289.000000 2.500470 1.474175 2.865366
 17292.000000 2.580733 1.466146 2.891613
 17295.000000 2.575477 1.486194 2.906615
 17298.000000 2.533267 1.435450 2.908396
 17301.000000 2.653163 1.474195 2.928388
 17304.000000 2.621426 1.498924 2.888983
 17307.000000 2.656021 1.486783 2.892119
 17310.000000 2.704465 1.499000 2.913365
 17313.000000 2.730525 1.499801 2.881072
 17316.000000 2.662735 1.456417 2.918863
 17319.000000 2.679954 1.476407 2.903024
 17322.000000 2.715597 1.528819 2.875427
 17325.000000 2.593343 1.466191 2.886157
 17328.000000 2.678554 1.511118 2.886336
 17331.000000 2.644003 1.495158 2.885682
 17334.000000 2.641855 1.480365 2.911384
 17337.000000 2.622485 1.491011 2.922606
 17340.000000 2.615523 1.451359 2.938176
 17343.000000 2.717395 1.513402 2.906411
 17346.000000 2.648157 1.497352 2.910801
 17349.000000 2.668305 1.475901 2.927570
 17352.000000 2.660451 1.471857 2.966060
 17355.000000 2.665237 1.492693 2.934432
 17358.000000 2.657058 1.473016 2.946193
 17361.000000 2.626919 1.460045 2.971817
 17364.000000 2.693501 1.493433 2.929991
 17367.000000 2.716151 1.511696 2.943203
 17370.000000 2.740194 1.516321 2.923662
 17373.000000 2.722894 1.535279 2.907273
 17376.000000 2.667180 1.534966 2.907235
 17379.000000 2.689103 1.501501 2.935161
 17382.000000 2.687368 1.486013 2.953487
 17385.000000 2.680856 1.505943 2.933566
 17388.000000 2.642689 1.489960 2.928888
 17391.000000 2.677830 1.505308 2.933380
 17394.000000 2.717090 1.521003 2.936448
 17397.000000 2.705457 1.513431 2.942940
 17400.000000 2.660547 1.521945 2.937237
 17403.000000 2.684812 1.516524 2.934324
 17406.000000 2.624253 1.487865 2.926289
 17409.000000 2.704607 1.507061 2.922311
 17412.000000 2.712461 1.503731 2.952029
 17415.000000 2.703713 1.514629 2.944647
 17418.000000 2.657680 1.505061 2.926096
 17421.000000 2.647354 1.486352 2.916191
 17424.000000 2.629114 1.485179 2.937225
 17427.000000 2.662345 1.475189 2.948937
 17430.000000 2.651085 1.469475 2.950614
 17433.000000 2.638239 1.500215 2.924533
 17436.000000 2.698384 1.494588 2.928552
 17439.000000 2.631423 1.515645 2.927027
 17442.000000 2.640519 1.510334 2.919961
 17445.000000 2.640317 1.514907 2.911980
 17448.000000 2.669008 1.493949 2.922807
 17451.000000 2.654223 1.492144 2.908044
 17454.000000 2.656063 1.488550 2.908365
 17457.000000 2.708014 1.492400 2.906159
 17460.000000 2.694206 1.521010 2.919507
 17463.000000 2.644845 1.488214 2.909554
 17466.000000 2.675137 1.463656 2.932884
 17469.000000 2.677999 1.482670 2.938349
 17472.000000 2.690833 1.470400 2.951454
 17475.000000 2.704746 1.484379 2.947265
 17478.000000 2.650298 1.476226 2.928465
 17481.000000 2.704881 1.500327 2.946759
 17484.000000 2.696033 1.489250 2.934392
 17487.000000 2.640135 1.468738 2.929744
 17490.000000 2.630043 1.467039 2.912328
 17493.000000 2.623459 1.492422 2.912536
 17496.000000 2.606671 1.477757 2.931801
 17499.000000 2.599746 1.474067 2.928270
 17502.000000 2.654664 1.493276 2.933778
 17505.000000 2.569958 1.463746 2.921287
 17508.000000 2.610868 1.472604 2.932913
 17511.000000 2.582870 1.452379 2.928944
 17514.000000 2.619201 1.474095 2.956485
 17517.000000 2.641557 1.462375 2.936207
 17520.000000 2.683316 1.453986 2.957251
 17523.000000 2.697075 1.492166 2.899146
 17526.000000 2.652771 1.441735 2.925494
 17529.000000 2.685717 1.481358 2.919322
 17532.000000 2.663430 1.499451 2.925840
 17535.000000 2.659726 1.477238 2.918166
 17538.000000 2.700613 1.498303 2.921201
 17541.000000 2.636126 1.480477 2.913283
 17544.000000 2.652410 1.491840 2.922449
 17547.000000 2.607568 1.444742 2.931675
 17550.000000 2.650982 1.451617 2.944585
 17553.000000 2.623923 1.450162 2.924167
 17556.000000 2.625413 1.464045 2.930785
 17559.000000 2.604002 1.447454 2.938953
 17562.000000 2.598616 1.449273 2.931858
 17565.000000 2.599631 1.456304 2.945476
 17568.000000 2.644680 1.445696 2.953888
 17571.000000 2.624356 1.480587 2.903821
 17574.000000 2.667778 1.488675 2.942182
 17577.000000 2.642266 1.496797 2.927267
 17580.000000 2.643848 1.453745 2.981322
 17583.000000 2.674142 1.486898 2.985662
 17586.000000 2.661046 1.505168 2.960659
 17589.000000 2.737434 1.516014 2.946043
 17592.000000 2.664072 1.497102 2.918452
 17595.000000 2.708849 1.520050 2.952851
 17598.000000 2.680529 1.490314 2.962559
 17601.000000 2.623555 1.497752 2.948945
 17604.000000 2.646502 1.511397 2.935746
 17607.000000 2.695688 1.532824 2.947725
 17610.000000 2.619140 1.522627 2.930927
 17613.000000 2.614672 1.519025 2.918092
 17616.000000 2.605358 1.499786 2.933502
 17619.000000 2.622737 1.494060 2.928407
 17622.000000 2.608541 1.523787 2.890854
 17625.000000 2.579951 1.484054 2.898161
 17628.000000 2.530533 1.470527 2.911538
 17631.000000 2.644930 1.499182 2.930416
 17634.000000 2.648385 1.525192 2.931942
 17637.000000 2.694346 1.517983 2.946583
 17640.000000 2.716860 1.541535 2.951734
 17643.000000 2.696331 1.505574 2.939235
 17646.000000 2.725037 1.523594 2.947083
 17649.000000 2.741246 1.500372 2.969721
 17652.000000 2.621071 1.504264 2.926406
 17655.000000 2.697945 1.502220 2.962909
 17658.000000 2.700446 1.495329 2.956510
 17661.000000 2.671175 1.476867 2.954134
 17664.000000 2.672668 1.480754 2.934061
 17667.000000 2.711364 1.521583 2.948922
 17670.000000 2.667530 1.508918 2.940381
 17673.000000 2.676592 1.514812 2.945221
 17676.000000 2.686426 1.508107 2.953588
 17679.000000 2.657217 1.508390 2.929704
 17682.000000 2.635398 1.506434 2.931917
 17685.000000 2.693783 1.506775 2.933525
 17688.000000 2.663586 1.489631 2.942698
 17691.000000 2.641274 1.501888 2.949806
 17694.000000 2.612264 1.485204 2.966432
 17697.000000 2.707530 1.506545 2.931607
 17700.000000 2.661301 1.490047 2.918665
 17703.000000 2.697113 1.483508 2.951135
 17706.000000 2.687627 1.486893 2.964629
 17709.000000 2.663009 1.460806 2.971394
 17712.000000 2.697889 1.489965 2.939734
 17715.000000 2.691150 1.458770 2.977979
 17718.000000 2.633976 1.473440 2.943565
 17721.000000 2.638974 1.464323 2.940759
 17724.000000 2.669585 1.469990 2.935498
 17727.000000 2.661252 1.480574 2.939247
 17730.000000 2.614418 1.474488 2.940183
 17733.000000 2.631400 1.497916 2.904209
 17736.000000 2.627196 1.473235 2.962057
 17739.000000 2.607475 1.490553 2.939890
 17742.000000 2.660388 1.492621 2.933420
 17745.000000 2.604451 1.480318 2.936766
 17748.000000 2.604139 1.492804 2.924250
 17751.000000 2.656378 1.521495 2.918118
 17754.000000 2.709108 1.512212 2.961570
 17757.000000 2.674754 1.501475 2.969805
 17760.000000 2.699377 1.541066 2.951677
 17763.000000 2.667382 1.517824 2.947856
 17766.000000 2.663568 1.484355 2.957773
 17769.000000 2.734303 1.523389 2.918415
 17772.000000 2.701523 1.494581 2.943963
 17775.000000 2.650862 1.475631 2.929400
 17778.000000 2.699941 1.495523 2.963789
 17781.000000 2.657583 1.485886 2.960525
 17784.000000 2.700323 1.504410 2.949340
 17787.000000 2.666495 1.504534 2.934774
 17790.000000 2.650785 1.479859 2.932076
 17793.000000 2.652702 1.500420 2.909853
 17796.000000 2.631301 1.456662 2.950299
 17799.000000 2.694361 1.452943 2.929390
 17802.000000 2.677635 1.492053 2.930249
 17805.000000 2.639009 1.461025 2.966524
 17808.000000 2.652856 1.492009 2.952761
 17811.000000 2.677377 1.493120 2.963496
 17814.000000 2.658742 1.487838 2.938080
 17817.000000 2.683571 1.469773 2.955578
 17820.000000 2.695936 1.534213 2.917393
 17823.000000 2.718704 1.495310 2.941131
 17826.000000 2.753752 1.510567 2.966810
 17829.000000 2.690486 1.517666 2.939894
 17832.000000 2.687224 1.514279 2.960658
 17835.000000 2.701471 1.523448 2.963408
 17838.000000 2.739701 1.489651 2.946506
 17841.000000 2.715489 1.479536 2.955405
 17844.000000 2.724579 1.488139 2.931755
 17847.000000 2.693429 1.472903 2.944859
 17850.000000 2.635320 1.450137 2.964097
 17853.000000 2.664180 1.473912 2.908892
 17856.000000 2.644463 1.456376 2.932146
 17859.000000 2.721098 1.499009 2.955709
 17862.000000 2.712444 1.492198 2.927744
 17865.000000 2.663532 1.498961 2.921121
 17868.000000 2.637541 1.482659 2.954978
 17871.000000 2.657926 1.484769 2.938551
 17874.000000 2.627553 1.504418 2.919852
 17877.000000 2.628129 1.459629 2.951950
 17880.000000 2.677474 1.511700 2.927561
 17883.000000 2.600185 1.454183 2.932627
 17886.000000 2.630773 1.487163 2.959259
 17889.000000 2.608558 1.466044 2.949855
 17892.000000 2.680269 1.470633 2.943763
 17895.000000 2.681362 1.497585 2.947702
 17898.000000 2.657659 1.454043 2.960074
 17901.000000 2.581981 1.460106 2.950543
 17904.000000 2.668548 1.488922 2.960184
 17907.000000 2.634628 1.475410 2.954322
 17910.000000 2.641825 1.501347 2.965298
 17913.000000 2.669032 1.497990 2.958974
 17916.000000 2.615236 1.490860 2.959203
 17919.000000 2.606662 1.472709 2.978350
 17922.000000 2.633244 1.479151 2.963722
 17925.000000 2.643677 1.509548 2.947576
 17928.000000 2.646131 1.496231 2.940133
 17931.000000 2.656585 1.512387 2.961173
 17934.000000 2.620359 1.470608 2.985020
 17937.000000 2.609147 1.481476 2.975442
 17940.000000 2.647687 1.500262 2.967158
 17943.000000 2.662078 1.513435 2.927668
 17946.000000 2.585222 1.512032 2.921574
 17949.000000 2.594817 1.488273 2.892842
 17952.000000 2.586160 1.478390 2.953893
 17955.000000 2.601014 1.461682 2.972185
 17958.000000 2.643477 1.445229 2.974014
 17961.000000 2.594877 1.478321 2.935483
 17964.000000 2.677847 1.469476 2.987628
 17967.000000 2.657680 1.491135 2.965828
 17970.000000 2.653054 1.518628 2.951399
 17973.000000 2.673682 1.494422 2.949724
 17976.000000 2.669064 1.484995 2.959653
 17979.000000 2.581310 1.474556 2.971857
 17982.000000 2.589821 1.446149 2.964642
 17985.000000 2.600154 1.459687 2.950798
 17988.000000 2.641537 1.499431 2.936441
 17991.000000 2.615243 1.478601 2.963616
 17994.000000 2.626025 1.505198 2.920085
 17997.000000 2.629581 1.475472 2.936074
 18000.000000 2.586647 1.438589 2.910873
 18003.000000 2.647187 1.513850 2.905357
 18006.000000 2.651102 1.498016 2.934140
 18009.000000 2.622179 1.493705 2.940296
 18012.000000 2.641946 1.506973 2.958490
 18015.000000 2.616048 1.464036 2.956811
 18018.000000 2.682798 1.490796 2.962215
 18021.000000 2.627965 1.478065 2.963580
 18024.000000 2.635500 1.470458 2.958691
 18027.000000 2.577776 1.481930 2.952008
 18030.000000 2.612890 1.478732 2.950196
 18033.000000 2.640184 1.489849 2.960288
 18036.000000 2.612726 1.482314 2.949384
 18039.000000 2.643256 1.485586 2.949636
 18042.000000 2.638698 1.492105 2.948424
 18045.000000 2.572314 1.477744 2.934807
 18048.000000 2.501282 1.462567 2.939130
 18051.000000 2.541314 1.464763 2.917820
 18054.000000 2.513358 1.493746 2.889996
 18057.000000 2.536439 1.485741 2.915604
 18060.000000 2.584717 1.448558 2.940137
 18063.000000 2.588595 1.494113 2.913955
 18066.000000 2.591176 1.475478 2.925399
 18069.000000 2.626866 1.469800 2.923642
 18072.000000 2.569204 1.468236 2.908307
 18075.000000 2.635428 1.492126 2.907254
 18078.000000 2.592977 1.479175 2.933867
 18081.000000 2.612307 1.473450 2.948739
 18084.000000 2.623593 1.506883 2.915176
 18087.000000 2.634357 1.508470 2.928676
 18090.000000 2.663874 1.506156 2.929626
 18093.000000 2.652288 1.493301 2.927997
 18096.000000 2.660687 1.508101 2.900379
 18099.000000 2.600888 1.464085 2.917140
 18102.000000 2.640737 1.482345 2.921453
 18105.000000 2.607336 1.477916 2.887955
 18108.000000 2.636422 1.516469 2.905212
 18111.000000 2.640119 1.485370 2.896467
 18114.000000 2.674630 1.508580 2.911041
 18117.000000 2.646873 1.502098 2.923646
 18120.000000 2.678721 1.483179 2.924442
 18123.000000 2.653971 1.498957 2.923772
 18126.000000 2.678748 1.473295 2.941250
 18129.000000 2.634692 1.482791 2.941133
 18132.000000 2.621741 1.478161 2.944077
 18135.000000 2.592344 1.476262 2.903344
 18138.000000 2.606042 1.465952 2.952399
 18141.000000 2.591377 1.458558 2.972234
 18144.000000 2.620801 1.429456 2.956778
 18147.000000 2.612535 1.452705 2.964426
 18150.000000 2.643111 1.469024 2.977907
 18153.000000 2.666953 1.468015 2.981946
 18156.000000 2.648847 1.470827 2.963670
 18159.000000 2.633766 1.493861 2.937596
 18162.000000 2.645123 1.512854 2.944424
 18165.000000 2.640862 1.495900 2.934322
 18168.000000 2.663321 1.512072 2.939584
 18171.000000 2.623279 1.482014 2.955664
 18174.000000 2.650688 1.516675 2.934075
 18177.000000 2.638528 1.508055 2.968607
 18180.000000 2.666920 1.510212 2.950025
 18183.000000 2.604291 1.460344 2.978884
 18186.000000 2.562209 1.417407 2.981957
 18189.000000 2.576897 1.440615 2.950852
 18192.000000 2.625167 1.465010 2.940192
 18195.000000 2.564637 1.442594 2.937809
 18198.000000 2.611117 1.484332 2.938544
 18201.000000 2.633801 1.454042 2.977573
 18204.000000 2.612397 1.444144 2.970258
 18207.000000 2.538274 1.420401 2.988571
 18210.000000 2.609442 1.439741 3.022642
 18213.000000 2.627107 1.430507 3.012080
 18216.000000 2.614541 1.467888 2.976096
 18219.000000 2.567357 1.451692 2.969933
 18222.000000 2.622479 1.492928 2.958625
 18225.000000 2.619335 1.455414 2.987826
 18228.000000 2.614701 1.441488 2.974985
 18231.000000 2.686290 1.487502 2.976658
 18234.000000 2.647666 1.470458 2.991084
 18237.000000 2.685940 1.488062 2.997712
 18240.000000 2.646849 1.437972 3.007430
 18243.000000 2.678218 1.485652 3.000360
 18246.000000 2.723448 1.479407 3.024918
 18249.000000 2.658157 1.470411 2.976229
 18252.000000 2.593001 1.469552 2.971127
 18255.000000 2.629869 1.443443 2.981343
 18258.000000 2.673627 1.460005 2.975687
 18261.000000 2.685098 1.477926 3.005848
 18264.000000 2.658506 1.499003 2.939377
 18267.000000 2.573044 1.448588 2.975213
 18270.000000 2.588936 1.450561 2.988071
 18273.000000 2.643705 1.472698 2.946009
 18276.000000 2.582534 1.462665 2.951162
 18279.000000 2.647037 1.477130 2.950991
 18282.000000 2.626838 1.477975 2.959824
 18285.000000 2.602544 1.470081 2.951565
 18288.000000 2.665374 1.453440 2.951061
 18291.000000 2.579229 1.479355 2.927459
 18294.000000 2.653194 1.508425 2.940508
 18297.000000 2.685305 1.502508 2.964750
 18300.000000 2.821605 1.505711 2.985433
 18303.000000 2.742853 1.487781 2.956720
 18306.000000 2.753746 1.509505 2.970265
 18309.000000 2.763548 1.484027 2.990804
 18312.000000 2.701422 1.449319 2.995584
 18315.000000 2.744546 1.479684 3.021504
 18318.000000 2.690728 1.454655 3.006903
 18321.000000 2.743427 1.485329 2.990532
 18324.000000 2.760447 1.483638 2.978682
 18327.000000 2.663679 1.446923 2.958462
 18330.000000 2.726830 1.455962 2.951613
 18333.000000 2.638729 1.443006 2.991857
 18336.000000 2.751847 1.484886 2.969734
 18339.000000 2.683198 1.476184 2.955344
 18342.000000 2.700546 1.499570 2.924039
 18345.000000 2.661036 1.474043 2.946433
 18348.000000 2.675432 1.455201 2.977229
 18351.000000 2.663798 1.452560 2.954799
 18354.000000 2.727823 1.496063 2.912515
 18357.000000 2.688097 1.455079 2.938841
 18360.000000 2.652538 1.458842 2.912231
 18363.000000 2.663840 1.487963 2.901548
 18366.000000 2.705993 1.467987 2.931882
 18369.000000 2.719619 1.457743 2.948747
 18372.000000 2.669390 1.464251 2.922815
 18375.000000 2.649094 1.412122 2.938823
 18378.000000 2.674335 1.438936 2.903426
 18381.000000 2.577353 1.407271 2.951832
 18384.000000 2.689046 1.443828 2.932127
 18387.000000 2.659783 1.448156 2.941821
 18390.000000 2.671347 1.449600 2.952967
 18393.000000 2.683386 1.500568 2.926298
 18396.000000 2.689814 1.478538 2.930389
 18399.000000 2.681254 1.497685 2.951208
 18402.000000 2.725143 1.479175 2.915604
 18405.000000 2.692378 1.475825 2.960814
 18408.000000 2.707298 1.450579 2.969801
 18411.000000 2.725965 1.473643 2.977395
 18414.000000 2.696180 1.490819 2.980699
 18417.000000 2.735591 1.498336 2.966391
 18420.000000 2.687187 1.445107 2.965419
 18423.000000 2.724295 1.469090 2.956061
 18426.000000 2.692892 1.463909 2.926540
 18429.000000 2.697674 1.486033 2.930107
 18432.000000 2.632842 1.459657 2.955856
 18435.000000 2.669038 1.472491 2.920553
 18438.000000 2.672531 1.472890 2.920313
 18441.000000 2.659454 1.470269 2.927665
 18444.000000 2.665594 1.491249 2.872441
 18447.000000 2.603394 1.471219 2.925319
 18450.000000 2.636373 1.463426 2.930258
 18453.000000 2.587301 1.471396 2.913706
 18456.000000 2.682014 1.503759 2.931720
 18459.000000 2.661669 1.464305 2.936574
 18462.000000 2.652882 1.499804 2.916752
 18465.000000 2.717696 1.506710 2.931398
 18468.000000 2.667022 1.477791 2.916034
 18471.000000 2.615358 1.463573 2.941173
 18474.000000 2.631395 1.486539 2.931675
 18477.000000 2.614077 1.484123 2.959350
 18480.000000 2.681036 1.499981 2.972893
 18483.000000 2.660326 1.518846 2.938678
 18486.000000 2.612569 1.533891 2.934383
 18489.000000 2.629344 1.552836 2.912105
 18492.000000 2.740253 1.548569 2.937573
 18495.000000 2.717933 1.528800 2.949772
 18498.000000 2.721034 1.520745 2.938790
 18501.000000 2.661824 1.534226 2.911638
 18504.000000 2.643383 1.510326 2.915590
 18507.000000 2.602715 1.520361 2.875826
 18510.000000 2.655172 1.482925 2.897799
 18513.000000 2.651927 1.494446 2.888288
 18516.000000 2.687996 1.528156 2.887710
 18519.000000 2.634634 1.475591 2.882754
 18522.000000 2.546834 1.464840 2.924687
 18525.000000 2.571737 1.522376 2.866512
 18528.000000 2.646576 1.527947 2.917450
 18531.000000 2.654692 1.545771 2.884027
 18534.000000 2.678586 1.511797 2.920500
 18537.000000 2.614172 1.498618 2.910033
 18540.000000 2.651929 1.491374 2.897284
 18543.000000 2.595156 1.497722 2.907641
 18546.000000 2.624897 1.533303 2.891773
 18549.000000 2.627139 1.511578 2.903157
 18552.000000 2.743238 1.526312 2.947015
 18555.000000 2.705290 1.547161 2.916870
 18558.000000 2.739523 1.538843 2.921232
 18561.000000 2.639928 1.511175 2.918003
 18564.000000 2.674124 1.528249 2.934151
 18567.000000 2.641613 1.513631 2.916603
 18570.000000 2.664782 1.515958 2.899210
 18573.000000 2.633794 1.514404 2.911774
 18576.000000 2.649122 1.498384 2.914523
 18579.000000 2.671975 1.534586 2.903415
 18582.000000 2.654740 1.512861 2.911289
 18585.000000 2.616656 1.518523 2.906566
 18588.000000 2.650801 1.526188 2.921072
 18591.000000 2.649427 1.521129 2.955284
 18594.000000 2.682522 1.510548 2.913176
 18597.000000 2.656334 1.531727 2.887228
 18600.000000 2.604770 1.510666 2.904517
 18603.000000 2.621161 1.501033 2.935892
 18606.000000 2.667714 1.458170 2.964831
 18609.000000 2.634928 1.501274 2.927954
 18612.000000 2.664956 1.503514 2.977699
 18615.000000 2.726667 1.533784 2.912195
 18618.000000 2.683423 1.511903 2.906600
 18621.000000 2.642811 1.481811 2.945960
 18624.000000 2.642611 1.520283 2.944169
 18627.000000 2.619315 1.480163 2.924126
 18630.000000 2.663936 1.529647 2.915163
 18633.000000 2.628866 1.509709 2.959211
 18636.000000 2.649792 1.517307 2.951703
 18639.000000 2.657945 1.506873 2.978998
 18642.000000 2.662952 1.518275 2.944370
 18645.000000 2.660142 1.521290 2.976135
 18648.000000 2.671643 1.489681 2.985770
 18651.000000 2.652400 1.487469 2.977580
 18654.000000 2.648398 1.499422 2.981539
 18657.000000 2.607835 1.480350 2.992233
 18660.000000 2.634124 1.483392 2.975164
 18663.000000 2.631073 1.466421 2.971958
 18666.000000 2.668903 1.472853 2.973490
 18669.000000 2.707776 1.505993 2.981193
 18672.000000 2.667652 1.480984 2.966497
 18675.000000 2.610931 1.465849 2.997226
 18678.000000 2.676032 1.482676 3.003919
 18681.000000 2.623925 1.456532 3.036390
 18684.000000 2.709893 1.493939 2.989450
 18687.000000 2.690018 1.483843 2.996340
 18690.000000 2.675682 1.505465 2.967338
 18693.000000 2.644219 1.493730 2.953214
 18696.000000 2.657706 1.503374 2.943190
 18699.000000 2.637012 1.506886 2.952721
 18702.000000 2.632769 1.510060 2.929481
 18705.000000 2.702685 1.511162 2.944713
 18708.000000 2.671668 1.491217 2.940641
 18711.000000 2.634492 1.492446 2.952815
 18714.000000 2.649060 1.461033 2.945385
 18717.000000 2.655437 1.500854 2.955921
 18720.000000 2.612045 1.497709 2.910888
 18723.000000 2.550816 1.473045 2.914103
 18726.000000 2.548701 1.476273 2.914872
 18729.000000 2.637190 1.484012 2.954551
 18732.000000 2.625154 1.471062 2.928364
 18735.000000 2.622548 1.520625 2.937254
 18738.000000 2.649798 1.527786 2.936652
 18741.000000 2.585316 1.494306 2.922083
 18744.000000 2.615393 1.494610 2.922197
 18747.000000 2.571893 1.467654 2.946794
 18750.000000 2.600663 1.438854 2.939296
 18753.000000 2.607649 1.476354 2.909322
 18756.000000 2.657534 1.511649 2.904499
 18759.000000 2.672210 1.482628 2.943451
 18762.000000 2.638825 1.493276 2.963542
 18765.000000 2.687529 1.508817 2.924633
 18768.000000 2.694469 1.510179 2.961300
 18771.000000 2.717403 1.512365 2.973285
 18774.000000 2.688302 1.515634 2.924974
 18777.000000 2.622977 1.487905 2.959876
 18780.000000 2.718071 1.505169 2.959770
 18783.000000 2.688140 1.517868 2.974081
 18786.000000 2.758805 1.533302 2.959621
 18789.000000 2.704708 1.506546 2.966942
 18792.000000 2.628405 1.532348 2.925215
 18795.000000 2.697313 1.518455 2.950035
 18798.000000 2.667881 1.536260 2.913141
 18801.000000 2.715704 1.561050 2.907772
 18804.000000 2.669880 1.558542 2.886812
 18807.000000 2.665107 1.543512 2.918332
 18810.000000 2.704328 1.537122 2.922150
 18813.000000 2.652099 1.532686 2.898091
 18816.000000 2.726415 1.541625 2.945046
 18819.000000 2.741724 1.540828 2.931409
 18822.000000 2.673163 1.534939 2.947495
 18825.000000 2.669721 1.518749 2.946224
 18828.000000 2.641642 1.524894 2.964625
 18831.000000 2.638724 1.535386 2.948326
 18834.000000 2.623491 1.531269 2.939452
 18837.000000 2.615774 1.492802 2.953428
 18840.000000 2.636496 1.527231 2.964442
 18843.000000 2.669600 1.501120 2.967518
 18846.000000 2.612075 1.491560 2.961110
 18849.000000 2.613959 1.511077 2.943885
 18852.000000 2.612226 1.513655 2.955530
 18855.000000 2.588459 1.503485 2.950060
 18858.000000 2.639852 1.518371 2.952708
 18861.000000 2.617065 1.487773 3.006683
 18864.000000 2.660488 1.511248 3.001330
 18867.000000 2.699579 1.500813 3.009598
 18870.000000 2.691695 1.518119 3.007904
 18873.000000 2.616944 1.500631 2.967759
 18876.000000 2.656867 1.522358 2.993107
 18879.000000 2.626856 1.475081 2.994783
 18882.000000 2.674837 1.506166 2.986508
 18885.000000 2.615214 1.473991 2.999796
 18888.000000 2.630689 1.502497 2.976859
 18891.000000 2.624520 1.478733 2.981420
 18894.000000 2.639599 1.489359 2.995399
 18897.000000 2.702546 1.503699 2.995326
 18900.000000 2.668292 1.501016 2.970409
 18903.000000 2.664408 1.493680 2.964558
 18906.000000 2.644027 1.496489 2.995571
 18909.000000 2.648697 1.504981 2.994851
 18912.000000 2.660272 1.488955 2.955132
 18915.000000 2.591899 1.454636 2.972047
 18918.000000 2.652082 1.497936 2.951855
 18921.000000 2.679274 1.500575 2.974522
 18924.000000 2.642399 1.483044 3.006693
 18927.000000 2.674089 1.502153 2.972733
 18930.000000 2.661611 1.458939 3.001355
 18933.000000 2.655720 1.459063 3.002713
 18936.000000 2.619106 1.438366 3.006318
 18939.000000 2.671525 1.475931 2.992166
 18942.000000 2.723485 1.494939 2.994573
 18945.000000 2.688605 1.512208 2.967591
 18948.000000 2.658769 1.513524 2.977650
 18951.000000 2.643062 1.501516 2.956359
 18954.000000 2.682367 1.517879 2.954870
 18957.000000 2.647451 1.491000 2.968308
 18960.000000 2.655809 1.529089 2.974236
 18963.000000 2.726423 1.564321 2.958583
 18966.000000 2.678660 1.507985 2.981573
 18969.000000 2.702769 1.509957 3.002391
 18972.000000 2.645742 1.496986 2.995183
 18975.000000 2.614912 1.489551 2.967407
 18978.000000 2.675297 1.533962 2.961593
 18981.000000 2.707008 1.513829 2.968721
 18984.000000 2.726927 1.540458 2.932977
 18987.000000 2.716119 1.523407 2.911572
 18990.000000 2.717949 1.518745 2.932161
 18993.000000 2.651223 1.518193 2.911521
 18996.000000 2.649993 1.532045 2.903744
 18999.000000 2.657017 1.509388 2.928327
 19002.000000 2.689195 1.509910 2.905026
 19005.000000 2.656130 1.506606 2.919923
 19008.000000 2.682614 1.509650 2.942747
 19011.000000 2.628752 1.508573 2.929941
 19014.000000 2.641676 1.499187 2.965380
 19017.000000 2.697422 1.555479 2.951130
 19020.000000 2.643597 1.515401 2.941293
 19023.000000 2.694179 1.532523 2.951205
 19026.000000 2.580322 1.487115 2.985688
 19029.000000 2.614847 1.527698 2.948131
 19032.000000 2.595570 1.481670 2.963062
 19035.000000 2.590069 1.472277 2.963773
 19038.000000 2.598909 1.461967 2.996961
 19041.000000 2.608598 1.495833 2.986863
 19044.000000 2.641322 1.499271 3.002430
 19047.000000 2.700993 1.525843 3.013752
 19050.000000 2.674915 1.512808 2.977473
 19053.000000 2.705796 1.533732 2.945543
 19056.000000 2.669162 1.469861 2.987341
 19059.000000 2.676062 1.507239 2.954295
 19062.000000 2.605264 1.497073 2.919311
 19065.000000 2.612982 1.493385 2.951178
 19068.000000 2.660684 1.513581 2.924712
 19071.000000 2.642084 1.514671 2.917509
 19074.000000 2.630762 1.514267 2.910533
 19077.000000 2.650823 1.525345 2.919441
 19080.000000 2.703816 1.570557 2.911981
 19083.000000 2.653709 1.552227 2.886322
 19086.000000 2.651948 1.543194 2.930858
 19089.000000 2.640526 1.510023 2.926602
 19092.000000 2.620488 1.492349 2.914769
 19095.000000 2.611667 1.497593 2.921026
 19098.000000 2.627341 1.522798 2.934420
 19101.000000 2.581887 1.500594 2.914586
 19104.000000 2.592896 1.508413 2.911023
 19107.000000 2.573884 1.502106 2.910492
 19110.000000 2.551159 1.492103 2.910945
 19113.000000 2.540813 1.470110 2.936875
 19116.000000 2.564029 1.497444 2.899021
 19119.000000 2.618735 1.496887 2.939713
 19122.000000 2.570358 1.465907 2.965521
 19125.000000 2.599535 1.466851 2.947939
 19128.000000 2.599721 1.525691 2.926394
 19131.000000 2.533817 1.491429 2.931055
 19134.000000 2.541177 1.474256 2.941106
 19137.000000 2.554950 1.459047 2.945766
 19140.000000 2.606916 1.482200 2.913881
 19143.000000 2.582172 1.457398 2.943969
 19146.000000 2.544381 1.475193 2.936406
 19149.000000 2.638503 1.480633 2.943949
 19152.000000 2.622498 1.493667 2.920602
 19155.000000 2.535894 1.446492 2.927012
 19158.000000 2.575996 1.452540 2.940513
 19161.000000 2.547977 1.468622 2.924364
 19164.000000 2.526050 1.486985 2.914720
 19167.000000 2.576263 1.489614 2.925075
 19170.000000 2.533116 1.460625 2.924614
 19173.000000 2.561881 1.434603 2.968286
 19176.000000 2.581015 1.447090 2.976932
 19179.000000 2.565342 1.479885 2.939890
 19182.000000 2.557299 1.468450 2.956100
 19185.000000 2.557499 1.475471 2.984767
 19188.000000 2.574627 1.455230 2.969315
 19191.000000 2.532408 1.455050 2.942887
 19194.000000 2.535100 1.463748 2.943826
 19197.000000 2.558043 1.488391 2.919876
 19200.000000 2.604322 1.494755 2.922744
 19203.000000 2.593428 1.510570 2.910149
 19206.000000 2.536311 1.510043 2.889482
 19209.000000 2.615106 1.516073 2.925003
 19212.000000 2.593098 1.512452 2.914479
 19215.000000 2.595229 1.471957 2.975221
 19218.000000 2.670156 1.502588 2.976114
 19221.000000 2.674698 1.529724 2.968206
 19224.000000 2.688160 1.512745 2.976376
 19227.000000 2.667734 1.525580 2.956099
 19230.000000 2.665196 1.524908 2.983012
 19233.000000 2.633972 1.516207 2.958664
 19236.000000 2.605203 1.490012 2.992945
 19239.000000 2.683485 1.519932 2.985956
 19242.000000 2.707732 1.531000 2.942162
 19245.000000 2.704641 1.501056 2.975884
 19248.000000 2.662770 1.504355 2.977414
 19251.000000 2.714995 1.560332 2.952749
 19254.000000 2.684928 1.545218 2.976083
 19257.000000 2.667551 1.538637 2.962523
 19260.000000 2.672556 1.542722 2.938455
 19263.000000 2.682667 1.578115 2.937417
 19266.000000 2.730566 1.541744 2.951314
 19269.000000 2.686678 1.516040 2.957403
 19272.000000 2.705083 1.502446 2.965258
 19275.000000 2.647747 1.516783 2.947925
 19278.000000 2.677073 1.519320 2.957026
 19281.000000 2.664551 1.492635 2.963608
 19284.000000 2.636735 1.497575 2.983634
 19287.000000 2.680491 1.499650 2.968760
 19290.000000 2.680933 1.511692 2.956808
 19293.000000 2.658361 1.517134 2.967001
 19296.000000 2.667012 1.500663 2.982017
 19299.000000 2.658094 1.506332 2.947897
 19302.000000 2.702932 1.536954 2.929846
 19305.000000 2.654274 1.494178 2.937133
 19308.000000 2.663500 1.512172 2.921824
 19311.000000 2.669291 1.490917 2.965892
 19314.000000 2.609382 1.468808 2.964617
 19317.000000 2.598952 1.468975 2.947825
 19320.000000 2.604831 1.503094 2.935288
 19323.000000 2.642094 1.488899 2.974465
 19326.000000 2.536364 1.467194 2.953011
 19329.000000 2.603490 1.492450 2.965569
 19332.000000 2.622077 1.475644 2.948544
 19335.000000 2.645782 1.511160 2.934225
 19338.000000 2.636453 1.494376 2.949752
 19341.000000 2.647017 1.511568 2.956472
 19344.000000 2.617868 1.481963 2.950828
 19347.000000 2.589001 1.453210 2.973894
 19350.000000 2.656154 1.503917 2.945909
 19353.000000 2.598162 1.489942 2.902744
 19356.000000 2.612001 1.489615 2.930241
 19359.000000 2.619876 1.491312 2.945468
 19362.000000 2.584595 1.498798 2.918071
 19365.000000 2.577550 1.480368 2.952742
 19368.000000 2.603328 1.496434 2.923426
 19371.000000 2.628264 1.488283 2.941874
 19374.000000 2.581764 1.478762 2.944694
 19377.000000 2.574473 1.493330 2.927357
 19380.000000 2.591395 1.513922 2.917171
 19383.000000 2.588793 1.502534 2.903671
 19386.000000 2.610921 1.522505 2.902249
 19389.000000 2.587302 1.508814 2.896433
 19392.000000 2.605193 1.531663 2.879436
 19395.000000 2.621036 1.509006 2.926412
 19398.000000 2.630222 1.528911 2.915660
 19401.000000 2.603467 1.511676 2.907764
 19404.000000 2.613963 1.533272 2.879763
 19407.000000 2.616008 1.519002 2.892706
 19410.000000 2.578196 1.502033 2.928524
 19413.000000 2.546649 1.483095 2.908933
 19416.000000 2.555919 1.472432 2.931066
 19419.000000 2.568650 1.481498 2.948384
 19422.000000 2.637154 1.510963 2.948503
 19425.000000 2.555089 1.495272 2.941506
 19428.000000 2.612605 1.509421 2.931978
 19431.000000 2.579459 1.511906 2.951549
 19434.000000 2.620435 1.507062 2.968318
 19437.000000 2.618651 1.497328 2.972335
 19440.000000 2.669159 1.521308 2.948988
 19443.000000 2.679426 1.511522 2.943429
 19446.000000 2.647256 1.545222 2.933384
 19449.000000 2.609507 1.490091 2.965794
 19452.000000 2.564613 1.510155 2.941490
 19455.000000 2.585667 1.527996 2.958250
 19458.000000 2.635657 1.510411 2.968716
 19461.000000 2.618335 1.522138 2.965914
 19464.000000 2.647956 1.534898 2.923601
 19467.000000 2.595519 1.489352 2.958449
 19470.000000 2.655544 1.535088 2.954973
 19473.000000 2.611576 1.481386 2.975223
 19476.000000 2.598867 1.498010 2.937869
 19479.000000 2.554826 1.504024 2.955431
 19482.000000 2.486778 1.488549 2.953810
 19485.000000 2.539735 1.481856 2.939333
 19488.000000 2.525218 1.474271 2.938184
 19491.000000 2.502729 1.450227 2.932541
 19494.000000 2.519700 1.472258 2.949246
 19497.000000 2.547940 1.463863 2.948878
 19500.000000 2.627520 1.498898 2.934451
 19503.000000 2.605338 1.533048 2.894882
 19506.000000 2.592341 1.495771 2.936843
 19509.000000 2.586754 1.495508 2.938870
 19512.000000 2.588276 1.489951 2.950849
 19515.000000 2.639356 1.526655 2.941752
 19518.000000 2.633978 1.516238 2.942565
 19521.000000 2.564107 1.466689 2.941174
 19524.000000 2.636451 1.507011 2.931298
 19527.000000 2.501017 1.465309 2.951119
 19530.000000 2.530320 1.476713 2.914347
 19533.000000 2.581481 1.486150 2.898196
 19536.000000 2.599288 1.504817 2.914706
 19539.000000 2.538098 1.462113 2.920821
 19542.000000 2.606145 1.478772 2.951161
 19545.000000 2.591016 1.462359 2.947676
 19548.000000 2.565216 1.450332 2.940365
 19551.000000 2.597764 1.469119 2.987899
 19554.000000 2.625420 1.506583 2.936873
 19557.000000 2.665331 1.483061 2.978900
 19560.000000 2.687901 1.503802 2.943620
 19563.000000 2.692666 1.508750 2.917293
 19566.000000 2.729660 1.538080 2.951020
 19569.000000 2.629708 1.479129 2.978729
 19572.000000 2.638039 1.474049 2.967808
 19575.000000 2.599219 1.473139 2.985807
 19578.000000 2.613281 1.492166 2.947441
 19581.000000 2.647908 1.510922 2.964028
 19584.000000 2.665857 1.509606 2.954640
 19587.000000 2.611092 1.454396 2.958534
 19590.000000 2.583502 1.454622 2.951985
 19593.000000 2.614980 1.472077 2.956831
 19596.000000 2.586426 1.458764 2.960143
 19599.000000 2.560196 1.466777 2.932739
 19602.000000 2.590144 1.514936 2.900988
 19605.000000 2.602574 1.539229 2.879014
 19608.000000 2.606779 1.525344 2.919055
 19611.000000 2.599131 1.484339 2.903070
 19614.000000 2.601769 1.485018 2.932412
 19617.000000 2.635165 1.498377 2.915527
 19620.000000 2.543511 1.479339 2.935588
 19623.000000 2.527562 1.464611 2.927340
 19626.000000 2.573719 1.479035 2.953649
 19629.000000 2.533825 1.479747 2.937209
 19632.000000 2.492883 1.480840 2.940573
 19635.000000 2.459242 1.453652 2.941408
 19638.000000 2.470359 1.496732 2.882629
 19641.000000 2.499263 1.483670 2.936330
 19644.000000 2.607844 1.502743 2.926493
 19647.000000 2.576970 1.497362 2.952294
 19650.000000 2.558296 1.490194 2.923305
 19653.000000 2.597874 1.515184 2.929567
 19656.000000 2.543890 1.492816 2.923806
 19659.000000 2.552385 1.468654 2.954375
 19662.000000 2.576195 1.471513 2.937241
 19665.000000 2.560300 1.471805 2.933513
 19668.000000 2.548218 1.512153 2.913934
 19671.000000 2.524603 1.490273 2.952297
 19674.000000 2.597030 1.517345 2.913402
 19677.000000 2.540330 1.488754 2.900703
 19680.000000 2.595546 1.503475 2.922319
 19683.000000 2.599677 1.523510 2.897160
 19686.000000 2.571706 1.507291 2.901106
 19689.000000 2.605543 1.490632 2.929101
 19692.000000 2.577998 1.495038 2.927981
 19695.000000 2.635042 1.542458 2.905810
 19698.000000 2.648075 1.551299 2.923785
 19701.000000 2.581594 1.506456 2.925814
 19704.000000 2.649755 1.520385 2.918430
 19707.000000 2.592770 1.494670 2.922927
 19710.000000 2.628642 1.484114 2.951982
 19713.000000 2.607256 1.487561 2.933470
 19716.000000 2.628220 1.510389 2.926133
 19719.000000 2.668500 1.537429 2.945001
 19722.000000 2.585637 1.460133 2.916561
 19725.000000 2.644728 1.503784 2.942308
 19728.000000 2.643895 1.473944 2.919272
 19731.000000 2.607995 1.490082 2.909941
 19734.000000 2.569583 1.486477 2.937287
 19737.000000 2.564123 1.477419 2.917954
 19740.000000 2.568340 1.500298 2.919749
 19743.000000 2.637314 1.508630 2.928447
 19746.000000 2.541279 1.471775 2.940610
 19749.000000 2.515789 1.465644 2.899034
 19752.000000 2.580218 1.477607 2.948558
 19755.000000 2.613407 1.451548 2.975381
 19758.000000 2.670764 1.520995 2.947943
 19761.000000 2.645991 1.490939 2.953311
 19764.000000 2.615397 1.495817 2.926441
 19767.000000 2.641665 1.499961 2.948529
 19770.000000 2.586068 1.460496 2.943736
 19773.000000 2.625932 1.459717 2.971290
 19776.000000 2.585469 1.450296 2.968254
 19779.000000 2.559532 1.450554 2.915298
 19782.000000 2.596346 1.470847 2.910762
 19785.000000 2.607693 1.493440 2.933073
 19788.000000 2.635861 1.471193 2.923743
 19791.000000 2.640687 1.477620 2.922233
 19794.000000 2.607032 1.494596 2.924677
 19797.000000 2.608467 1.505629 2.924442
 19800.000000 2.630340 1.482350 2.962025
 19803.000000 2.607948 1.494726 2.952066
 19806.000000 2.626386 1.514515 2.935430
 19809.000000 2.606585 1.480057 2.945244
 19812.000000 2.641204 1.515228 2.936683
 19815.000000 2.617673 1.493303 2.947248
 19818.000000 2.620014 1.506148 2.930752
 19821.000000 2.593265 1.514084 2.935258
 19824.000000 2.529380 1.487771 2.908211
 19827.000000 2.551384 1.497911 2.900521
 19830.000000 2.545182 1.464817 2.936684
 19833.000000 2.536729 1.444310 2.959784
 19836.000000 2.539891 1.445848 2.936440
 19839.000000 2.556628 1.478563 2.918134
 19842.000000 2.550313 1.492585 2.917625
 19845.000000 2.561394 1.475162 2.916357
 19848.000000 2.515031 1.479254 2.888531
 19851.000000 2.595568 1.490161 2.895865
 19854.000000 2.590874 1.478723 2.911698
 19857.000000 2.591278 1.474627 2.932504
 19860.000000 2.583105 1.455473 2.907803
 19863.000000 2.607919 1.487196 2.931005
 19866.000000 2.495998 1.445300 2.918618
 19869.000000 2.531097 1.433038 2.944041
 19872.000000 2.543906 1.461020 2.904990
 19875.000000 2.589238 1.437737 2.945196
 19878.000000 2.598781 1.462253 2.930576
 19881.000000 2.572220 1.462253 2.936298
 19884.000000 2.517317 1.428917 2.949751
 19887.000000 2.549871 1.442368 2.950739
 19890.000000 2.517275 1.444333 2.934429
 19893.000000 2.579663 1.447098 2.946840
 19896.000000 2.619222 1.470276 2.958730
 19899.000000 2.629719 1.506275 2.921943
 19902.000000 2.581948 1.464517 2.956962
 19905.000000 2.550753 1.453631 2.967984
 19908.000000 2.537743 1.461539 2.956241
 19911.000000 2.615315 1.465377 2.950688
 19914.000000 2.603282 1.493727 2.943936
 19917.000000 2.668753 1.512872 2.923947
 19920.000000 2.605750 1.474891 2.948927
 19923.000000 2.648435 1.492246 2.927315
 19926.000000 2.626596 1.512734 2.913141
 19929.000000 2.621560 1.523384 2.894494
 19932.000000 2.653848 1.500268 2.934160
 19935.000000 2.586662 1.502050 2.897846
 19938.000000 2.611479 1.492543 2.924556
 19941.000000 2.648017 1.502555 2.909940
 19944.000000 2.602411 1.517491 2.885181
 19947.000000 2.588920 1.514660 2.901415
 19950.000000 2.647092 1.512640 2.935033
 19953.000000 2.545891 1.495466 2.927587
 19956.000000 2.540937 1.488578 2.936272
 19959.000000 2.544338 1.481178 2.926589
 19962.000000 2.652532 1.524889 2.921289
 19965.000000 2.605125 1.511900 2.938350
 19968.000000 2.670241 1.511932 2.929445
 19971.000000 2.677310 1.530262 2.942106
 19974.000000 2.669556 1.523714 2.932877
 19977.000000 2.701639 1.546286 2.941499
 19980.000000 2.681228 1.526976 2.913187
 19983.000000 2.639759 1.527999 2.936619
 19986.000000 2.623152 1.513566 2.901224
 19989.000000 2.591358 1.520796 2.908035
 19992.000000 2.666544 1.513273 2.942603
 19995.000000 2.617103 1.523111 2.927625
 19998.000000 2.622169 1.496686 2.942110
 20001.000000 2.570536 1.500090 2.941262
 20004.000000 2.569327 1.528512 2.905792
 20007.000000 2.623846 1.507343 2.933994
 20010.000000 2.624146 1.540017 2.916528
 20013.000000 2.653777 1.542981 2.935469
 20016.000000 2.566107 1.474390 2.959147
 20019.000000 2.622626 1.505488 2.934281
 20022.000000 2.665981 1.541817 2.922107
 20025.000000 2.597668 1.495563 2.920003
 20028.000000 2.644198 1.501045 2.916525
 20031.000000 2.600202 1.484230 2.943443
 20034.000000 2.650135 1.502047 2.957123
 20037.000000 2.687736 1.527825 2.931194
 20040.000000 2.631952 1.496681 2.965427
 20043.000000 2.639624 1.515601 2.958587
 20046.000000 2.628990 1.512602 2.932374
 20049.000000 2.661725 1.549634 2.940961
 20052.000000 2.575357 1.511859 2.920054
 20055.000000 2.675270 1.520691 2.941714
 20058.000000 2.621065 1.540580 2.905490
 20061.000000 2.622739 1.529783 2.956469
 20064.000000 2.653080 1.506158 2.963258
 20067.000000 2.626406 1.489467 2.939869
 20070.000000 2.605642 1.458689 2.962461
 20073.000000 2.637135 1.497375 2.975310
 20076.000000 2.648973 1.523597 2.977552
 20079.000000 2.668000 1.486379 2.995435
 20082.000000 2.662242 1.493409 2.992359
 20085.000000 2.677053 1.492654 2.995112
 20088.000000 2.679609 1.465908 2.982282
 20091.000000 2.706944 1.486837 2.981489
 20094.000000 2.663001 1.486134 2.977557
 20097.000000 2.664919 1.464599 2.977172
 20100.000000 2.682218 1.469516 2.982323
 20103.000000 2.688479 1.475010 2.977338
 20106.000000 2.695652 1.478941 2.974837
 20109.000000 2.679934 1.493529 2.963549
 20112.000000 2.693469 1.481481 2.999049
 20115.000000 2.685244 1.486292 2.969263
 20118.000000 2.692382 1.494604 2.944526
 20121.000000 2.615144 1.480352 2.963205
 20124.000000 2.660381 1.489021 2.968601
 20127.000000 2.652575 1.480915 2.954194
 20130.000000 2.644018 1.489402 2.986945
 20133.000000 2.630182 1.476576 2.956914
 20136.000000 2.605172 1.487392 2.967456
 20139.000000 2.546075 1.467907 2.955667
 20142.000000 2.470699 1.429363 2.984529
 20145.000000 2.526827 1.458879 2.964184
 20148.000000 2.611359 1.506471 2.978544
 20151.000000 2.585742 1.488587 2.954558
 20154.000000 2.594341 1.479296 2.974211
 20157.000000 2.591893 1.454349 2.949573
 20160.000000 2.605760 1.477370 2.977363
 20163.000000 2.578292 1.461420 2.999783
 20166.000000 2.583270 1.466167 2.960986
 20169.000000 2.606276 1.445856 2.954752
 20172.000000 2.578483 1.453535 2.939476
 20175.000000 2.549709 1.476882 2.937964
 20178.000000 2.561442 1.447923 2.952026
 20181.000000 2.571044 1.473216 2.914280
 20184.000000 2.591101 1.484060 2.939396
 20187.000000 2.565659 1.465616 2.943051
 20190.000000 2.599386 1.491501 2.936684
 20193.000000 2.601762 1.438289 2.984843
 20196.000000 2.570044 1.449392 2.922456
 20199.000000 2.580673 1.494733 2.894465
 20202.000000 2.562480 1.469783 2.935093
 20205.000000 2.580166 1.495204 2.920476
 20208.000000 2.534859 1.479131 2.941746
 20211.000000 2.509443 1.436564 2.913518
 20214.000000 2.594884 1.494506 2.909265
 20217.000000 2.554951 1.483301 2.898357
 20220.000000 2.558318 1.478569 2.962364
 20223.000000 2.593947 1.485844 2.989255
 20226.000000 2.612416 1.480360 2.954113
 20229.000000 2.654666 1.498252 2.955286
 20232.000000 2.625742 1.515631 2.939342
 20235.000000 2.613634 1.468687 2.953109
 20238.000000 2.613636 1.485625 2.985247
 20241.000000 2.621544 1.459734 2.990156
 20244.000000 2.686530 1.501311 2.972472
 20247.000000 2.688212 1.512362 2.948887
 20250.000000 2.671965 1.507215 2.973482
 20253.000000 2.705273 1.490960 2.994627
 20256.000000 2.663572 1.489618 2.966090
 20259.000000 2.662142 1.493274 2.961749
 20262.000000 2.643020 1.462606 3.012346
 20265.000000 2.665691 1.494100 2.970544
 20268.000000 2.603922 1.456987 2.980704
 20271.000000 2.617267 1.444049 2.964986
 20274.000000 2.634140 1.449884 2.977894
 20277.000000 2.627872 1.478659 2.940026
 20280.000000 2.601502 1.474992 2.926220
 20283.000000 2.625479 1.493374 2.961222
 20286.000000 2.649879 1.512466 2.929279
 20289.000000 2.705488 1.517759 2.954511
 20292.000000 2.658939 1.493345 2.962107
 20295.000000 2.630002 1.486495 2.981793
 20298.000000 2.586906 1.472565 2.985101
 20301.000000 2.569454 1.479832 2.960838
 20304.000000 2.572766 1.450994 2.982937
 20307.000000 2.532406 1.467975 2.964077
 20310.000000 2.604558 1.515204 2.916377
 20313.000000 2.614348 1.540485 2.907597
 20316.000000 2.529583 1.480686 2.938799
 20319.000000 2.603488 1.509162 2.941086
 20322.000000 2.591419 1.482049 2.934728
 20325.000000 2.531590 1.464192 2.945896
 20328.000000 2.588715 1.471538 2.951285
 20331.000000 2.533437 1.468015 2.921470
 20334.000000 2.613122 1.496211 2.963463
 20337.000000 2.586433 1.499939 2.944106
 20340.000000 2.593088 1.474687 2.951783
 20343.000000 2.647866 1.526711 2.957670
 20346.000000 2.626491 1.498720 2.974370
 20349.000000 2.589016 1.488189 2.964595
 20352.000000 2.608048 1.500474 2.975378
 20355.000000 2.671304 1.524733 2.965209
 20358.000000 2.681842 1.514717 2.977753
 20361.000000 2.649564 1.492064 3.001433
 20364.000000 2.603659 1.489862 2.950298
 20367.000000 2.662329 1.502693 2.963624
 20370.000000 2.651538 1.518390 2.945603
 20373.000000 2.638967 1.521531 2.962994
 20376.000000 2.657869 1.506909 2.960027
 20379.000000 2.626917 1.502553 2.984238
 20382.000000 2.643612 1.509368 2.941725
 20385.000000 2.661188 1.520460 2.930473
 20388.000000 2.673524 1.525191 2.922673
 20391.000000 2.694820 1.545009 2.951140
 20394.000000 2.659263 1.531022 2.978451
 20397.000000 2.719853 1.524203 2.975914
 20400.000000 2.685968 1.523504 2.948241
 20403.000000 2.674542 1.505600 2.975291
 20406.000000 2.716290 1.496888 2.998237
 20409.000000 2.700902 1.504332 2.984555
 20412.000000 2.671165 1.483022 2.986449
 20415.000000 2.722742 1.496295 3.007127
 20418.000000 2.688824 1.486170 3.023537
 20421.000000 2.727318 1.531847 3.004809
 20424.000000 2.689947 1.496369 3.013981
 20427.000000 2.708108 1.477776 3.038983
 20430.000000 2.676769 1.485856 3.032735
 20433.000000 2.672222 1.477505 3.016127
 20436.000000 2.746139 1.532306 2.975748
 20439.000000 2.755969 1.542694 2.955363
 20442.000000 2.656552 1.485576 2.962129
 20445.000000 2.695503 1.532261 2.945717
 20448.000000 2.687806 1.522417 2.964876
 20451.000000 2.687567 1.512844 2.950346
 20454.000000 2.729834 1.542481 2.927924
 20457.000000 2.705097 1.519641 2.951012
 20460.000000 2.654301 1.525138 2.949692
 20463.000000 2.607925 1.502181 2.937381
 20466.000000 2.659064 1.539668 2.936795
 20469.000000 2.662859 1.515390 2.949767
 20472.000000 2.676186 1.568649 2.926248
 20475.000000 2.673779 1.517267 2.972088
 20478.000000 2.720819 1.542827 2.950649
 20481.000000 2.669725 1.505149 2.959532
 20484.000000 2.677971 1.501605 2.984510
 20487.000000 2.711079 1.503199 2.982593
 20490.000000 2.734177 1.562716 2.960671
 20493.000000 2.662842 1.508385 2.971642
 20496.000000 2.713322 1.531957 2.960974
 20499.000000 2.678054 1.518302 2.950005
 20502.000000 2.684716 1.539142 2.952628
 20505.000000 2.706067 1.534985 2.952950
 20508.000000 2.616588 1.544706 2.930172
 20511.000000 2.658921 1.533832 2.938370
 20514.000000 2.625672 1.546877 2.942351
 20517.000000 2.636038 1.570255 2.906297
 20520.000000 2.639581 1.549400 2.918627
 20523.000000 2.621905 1.548903 2.943763
 20526.000000 2.686327 1.529467 2.975028
 20529.000000 2.616548 1.545983 2.965795
 20532.000000 2.574392 1.520212 2.947390
 20535.000000 2.641872 1.499696 2.968887
 20538.000000 2.618853 1.539554 2.952862
 20541.000000 2.622643 1.478193 2.977503
 20544.000000 2.594173 1.501097 2.949173
 20547.000000 2.641444 1.522565 2.940886
 20550.000000 2.619710 1.515225 2.965591
 20553.000000 2.610061 1.508240 2.952913
 20556.000000 2.652215 1.521867 2.933467
 20559.000000 2.657138 1.483725 2.953677
 20562.000000 2.708296 1.521516 2.921942
 20565.000000 2.661281 1.490047 2.927872
 20568.000000 2.654062 1.505187 2.934813
 20571.000000 2.632942 1.508138 2.947923
 20574.000000 2.605408 1.522518 2.923964
 20577.000000 2.579244 1.497719 2.902670
 20580.000000 2.583801 1.504869 2.914397
 20583.000000 2.609924 1.511304 2.927926
 20586.000000 2.627693 1.516777 2.913209
 20589.000000 2.589409 1.523988 2.885261
 20592.000000 2.583054 1.489692 2.925545
 20595.000000 2.633671 1.531718 2.931284
 20598.000000 2.680936 1.536638 2.931077
 20601.000000 2.642217 1.514636 2.908537
 20604.000000 2.637101 1.508901 2.911645
 20607.000000 2.646883 1.507667 2.906716
 20610.000000 2.608928 1.484279 2.931074
 20613.000000 2.686603 1.547450 2.911150
 20616.000000 2.664888 1.512165 2.922708
 20619.000000 2.615201 1.513116 2.917791
 20622.000000 2.661486 1.514881 2.905848
 20625.000000 2.566496 1.491281 2.933545
 20628.000000 2.602717 1.500363 2.944291
 20631.000000 2.642379 1.533324 2.951030
 20634.000000 2.612846 1.508630 2.921529
 20637.000000 2.646977 1.517841 2.942635
 20640.000000 2.602886 1.480531 2.958314
 20643.000000 2.662409 1.532732 2.937931
 20646.000000 2.661721 1.532361 2.934019
 20649.000000 2.620593 1.491611 2.952791
 20652.000000 2.616646 1.490569 2.953264
 20655.000000 2.593761 1.494183 2.962039
 20658.000000 2.613301 1.498339 2.961303
 20661.000000 2.666285 1.536150 2.960470
 20664.000000 2.680644 1.547612 2.976929
 20667.000000 2.613958 1.523327 2.979568
 20670.000000 2.610219 1.505544 2.982188
 20673.000000 2.627343 1.480890 2.953261
 20676.000000 2.610721 1.471599 2.979676
 20679.000000 2.574639 1.470760 2.996609
 20682.000000 2.560228 1.496775 2.967872
 20685.000000 2.555045 1.470589 2.972064
 20688.000000 2.587311 1.497263 2.986056
 20691.000000 2.595687 1.500992 2.985176
 20694.000000 2.582683 1.472264 3.006543
 20697.000000 2.625385 1.519185 2.969378
 20700.000000 2.590447 1.481258 2.965800
 20703.000000 2.631636 1.456912 2.987346
 20706.000000 2.623654 1.458567 2.990335
 20709.000000 2.628115 1.496032 2.972397
 20712.000000 2.629146 1.498180 2.973352
 20715.000000 2.616353 1.465718 2.943886
 20718.000000 2.537537 1.472390 2.963875
 20721.000000 2.603104 1.433507 2.980585
 20724.000000 2.526462 1.408142 3.002279
 20727.000000 2.583520 1.468269 2.942779
 20730.000000 2.495921 1.388221 2.954093
 20733.000000 2.552543 1.441669 2.961292
 20736.000000 2.508017 1.436980 2.966117
 20739.000000 2.559433 1.438029 2.955374
 20742.000000 2.579765 1.410382 2.965912
 20745.000000 2.610853 1.442533 2.970637
 20748.000000 2.532078 1.439563 2.943539
 20751.000000 2.583834 1.473675 2.931436
 20754.000000 2.510085 1.426266 2.983278
 20757.000000 2.563265 1.438408 2.988931
 20760.000000 2.538912 1.434702 2.971304
 20763.000000 2.500893 1.397883 3.014463
 20766.000000 2.482435 1.440149 2.969346
 20769.000000 2.460302 1.445062 2.967850
 20772.000000 2.492275 1.443970 2.960272
 20775.000000 2.539397 1.456453 2.963045
 20778.000000 2.540372 1.467308 2.981109
 20781.000000 2.520278 1.440243 2.966679
 20784.000000 2.537073 1.468617 2.978317
 20787.000000 2.621010 1.469327 2.973524
 20790.000000 2.589761 1.441937 2.972217
 20793.000000 2.626393 1.489047 2.921692
 20796.000000 2.608070 1.493638 2.921861
 20799.000000 2.616388 1.502369 2.957445
 20802.000000 2.620809 1.498169 2.964321
 20805.000000 2.605030 1.495349 2.956772
 20808.000000 2.610671 1.493986 2.986904
 20811.000000 2.595968 1.482347 2.942601
 20814.000000 2.584349 1.476543 2.950888
 20817.000000 2.584422 1.508653 2.944054
 20820.000000 2.605110 1.537413 2.922809
 20823.000000 2.565638 1.481196 2.949045
 20826.000000 2.562735 1.457463 2.955805
 20829.000000 2.576622 1.478628 2.965169
 20832.000000 2.586047 1.469693 2.972799
 20835.000000 2.631825 1.498112 2.963675
 20838.000000 2.615324 1.483233 2.971875
 20841.000000 2.610099 1.492191 2.975276
 20844.000000 2.556745 1.467802 2.958471
 20847.000000 2.497656 1.449974 2.962928
 20850.000000 2.555501 1.463990 2.965677
 20853.000000 2.570342 1.470034 2.953974
 20856.000000 2.639143 1.512687 2.978877
 20859.000000 2.606588 1.482740 2.949343
 20862.000000 2.612303 1.527346 2.945352
 20865.000000 2.631679 1.552279 2.920966
 20868.000000 2.632186 1.516646 2.951663
 20871.000000 2.643665 1.561477 2.946444
 20874.000000 2.638303 1.533052 2.958751
 20877.000000 2.612233 1.505352 2.979879
 20880.000000 2.628066 1.529318 2.926756
 20883.000000 2.586608 1.528105 2.928697
 20886.000000 2.631572 1.535307 2.948180
 20889.000000 2.674084 1.545561 2.938300
 20892.000000 2.629521 1.541418 2.923466
 20895.000000 2.639747 1.535421 2.930778
 20898.000000 2.643640 1.492719 2.960382
 20901.000000 2.639472 1.509969 2.945056
 20904.000000 2.674974 1.530008 2.949069
 20907.000000 2.678750 1.512638 2.959424
 20910.000000 2.684269 1.551175 2.939263
 20913.000000 2.678709 1.490509 2.993854
 20916.000000 2.676771 1.515809 2.951788
 20919.000000 2.667723 1.474498 2.983502
 20922.000000 2.594574 1.485290 2.957779
 20925.000000 2.646448 1.513976 2.968197
 20928.000000 2.675668 1.510265 2.977313
 20931.000000 2.670424 1.503867 2.983985
 20934.000000 2.688443 1.532022 2.973058
 20937.000000 2.640531 1.534762 2.942462
 20940.000000 2.696333 1.503224 2.961972
 20943.000000 2.637317 1.489048 2.971484
 20946.000000 2.649459 1.471858 2.971609
 20949.000000 2.737623 1.480154 2.965899
 20952.000000 2.640304 1.498711 2.950547
 20955.000000 2.732531 1.519052 2.940703
 20958.000000 2.740559 1.508719 2.921155
 20961.000000 2.728142 1.508709 2.921861
 20964.000000 2.685642 1.479220 2.945604
 20967.000000 2.706316 1.508897 2.913149
 20970.000000 2.691951 1.500230 2.881453
 20973.000000 2.670309 1.496549 2.908869
 20976.000000 2.687476 1.488829 2.920385
 20979.000000 2.681960 1.507664 2.891025
 20982.000000 2.641041 1.472021 2.901472
 20985.000000 2.637629 1.499220 2.892432
 20988.000000 2.643515 1.470427 2.947711
 20991.000000 2.684363 1.492878 2.959098
 20994.000000 2.627111 1.447387 2.944810
 20997.000000 2.610290 1.453553 2.958878
 21000.000000 2.610441 1.468791 2.898527
