#! FIELDS time dmid theta gamma
 0.000000 9.978056 1.604008 2.950354
 3.000000 9.839980 1.588434 2.959982
 6.000000 9.918761 1.596336 2.969599
 9.000000 10.139352 1.604603 2.938319
 12.000000 9.980747 1.613726 2.960252
 15.000000 10.003120 1.594582 2.958560
 18.000000 10.073241 1.574110 2.966175
 21.000000 9.848840 1.574645 3.002086
 24.000000 10.008592 1.577391 2.975305
 27.000000 10.077677 1.601512 2.974597
 30.000000 9.960319 1.595095 2.973869
 33.000000 9.984801 1.595429 2.970870
 36.000000 9.950059 1.602229 2.981038
 39.000000 9.924598 1.585226 2.988212
 42.000000 9.912854 1.558917 3.002563
 45.000000 9.846410 1.595658 2.969511
 48.000000 9.792361 1.566866 2.959382
 51.000000 9.784935 1.573218 2.977981
 54.000000 9.833596 1.596390 2.985192
 57.000000 9.875067 1.598913 2.985351
 60.000000 9.919780 1.588832 2.970240
 63.000000 9.884154 1.595317 2.976099
 66.000000 9.973912 1.603381 2.952491
 69.000000 9.887942 1.570434 2.977770
 72.000000 9.887167 1.581633 2.945578
 75.000000 9.817660 1.587674 2.976718
 78.000000 9.830467 1.587956 2.957123
 81.000000 9.863242 1.560074 2.982973
 84.000000 9.816786 1.591700 2.988223
 87.000000 9.738917 1.586507 3.002113
 90.000000 9.792849 1.566051 3.033359
 93.000000 9.819490 1.588551 2.995635
 96.000000 9.840721 1.627492 3.003717
 99.000000 9.937769 1.612231 3.000148
 102.000000 9.898893 1.605151 3.000816
 105.000000 9.915538 1.612889 2.990117
 108.000000 9.907624 1.614974 2.951184
 111.000000 9.856606 1.615981 2.964573
 114.000000 9.780557 1.611155 2.989332
 117.000000 9.793994 1.617283 3.017322
 120.000000 9.741082 1.596980 3.062053
 123.000000 9.757386 1.563702 3.073988
 126.000000 9.856920 1.591278 3.053259
 129.000000 9.829550 1.598081 3.078159
 132.000000 9.865976 1.627981 3.054287
 135.000000 9.825283 1.590165 3.069450
 138.000000 9.819091 1.634833 3.040790
 141.000000 9.889534 1.626078 3.003569
 144.000000 9.945393 1.617284 2.990308
 147.000000 9.916833 1.606662 3.008449
 150.000000 9.939565 1.588202 3.047915
 153.000000 9.981332 1.572300 3.047933
 156.000000 10.002867 1.594950 3.018583
 159.000000 10.019124 1.587765 3.001193
 162.000000 10.008587 1.602078 2.996216
 165.000000 9.990631 1.597581 3.035687
 168.000000 9.989852 1.576735 3.002843
 171.000000 9.952303 1.540578 3.026329
 174.000000 9.979850 1.574637 3.032586
 177.000000 9.966457 1.592145 3.001832
 180.000000 9.926347 1.576440 3.015149
 183.000000 9.968782 1.590254 2.981726
 186.000000 9.872097 1.596525 2.970601
 189.000000 9.938888 1.586483 2.980312
 192.000000 9.893123 1.594445 2.985360
 195.000000 9.880181 1.595016 2.962003
 198.000000 9.938403 1.581936 2.981821
 201.000000 9.958233 1.584934 2.968860
 204.000000 9.920904 1.589534 2.957128
 207.000000 9.931464 1.569831 2.976936
 210.000000 9.931620 1.557564 2.991511
 213.000000 9.857237 1.563990 3.010499
 216.000000 9.971872 1.568790 2.965731
 219.000000 9.937431 1.539972 2.970979
 222.000000 9.935956 1.544603 2.973974
 225.000000 9.925462 1.545836 2.972319
 228.000000 9.843082 1.548348 2.978489
 231.000000 9.855136 1.553439 2.985500
 234.000000 9.876553 1.554652 2.986383
 237.000000 9.893139 1.546808 2.994120
 240.000000 9.916541 1.561424 2.973116
 243.000000 9.873380 1.550619 2.964007
 246.000000 9.872611 1.554530 2.985428
 249.000000 9.874496 1.562638 2.960329
 252.000000 9.848607 1.552654 2.993252
 255.000000 9.865889 1.569679 2.949111
 258.000000 9.877531 1.562467 2.922164
 261.000000 9.833154 1.532035 2.977373
 264.000000 9.825054 1.540792 2.955052
 267.000000 9.882186 1.544723 2.953462
 270.000000 9.892261 1.572289 2.909769
 273.000000 9.845593 1.576095 2.900547
 276.000000 9.842814 1.548138 2.924144
 279.000000 9.806205 1.536007 2.919867
 282.000000 9.777194 1.536849 2.928118
 285.000000 9.813465 1.565588 2.893149
 288.000000 9.794633 1.561628 2.916779
 291.000000 9.819782 1.582335 2.906644
 294.000000 9.818356 1.571515 2.876124
 297.000000 9.893107 1.548183 2.938950
 300.000000 9.891131 1.566733 2.957975
 303.000000 9.917043 1.583186 2.922292
 306.000000 9.927314 1.577905 2.951472
 309.000000 9.934015 1.576852 2.953403
 312.000000 9.970132 1.586229 2.902394
 315.000000 9.963202 1.574673 2.947540
 318.000000 9.887609 1.578145 2.941345
 321.000000 9.869360 1.571472 2.948043
 324.000000 9.877173 1.578499 2.954299
 327.000000 9.836516 1.590693 2.918650
 330.000000 9.857281 1.585701 2.943531
 333.000000 9.812587 1.575423 2.941731
 336.000000 9.822211 1.569449 2.937557
 339.000000 9.858290 1.570533 2.927058
 342.000000 9.854926 1.558804 2.957716
 345.000000 9.860559 1.554049 2.967076
 348.000000 9.916573 1.533807 2.937466
 351.000000 9.867802 1.485591 2.996327
 354.000000 9.791464 1.499186 3.000399
 357.000000 9.830359 1.503453 3.004238
 360.000000 9.839207 1.520528 2.981199
 363.000000 9.889452 1.482595 3.025835
 366.000000 9.879986 1.506257 3.003515
 369.000000 9.966486 1.509090 3.029972
 372.000000 9.885475 1.521336 3.035848
 375.000000 9.872282 1.513738 3.040621
 378.000000 9.893727 1.497220 3.056034
 381.000000 9.817267 1.520357 3.025349
 384.000000 9.778785 1.547258 3.000995
 387.000000 9.721383 1.526863 3.008160
 390.000000 9.812743 1.503270 3.030372
 393.000000 9.781233 1.504016 2.991089
 396.000000 9.769435 1.516303 2.990632
 399.000000 9.820627 1.508134 3.015783
 402.000000 9.826832 1.502663 3.021466
 405.000000 9.831126 1.473733 3.044329
 408.000000 9.875262 1.498946 3.036538
 411.000000 9.917577 1.486090 3.034575
 414.000000 9.788789 1.507418 3.024831
 417.000000 9.835025 1.509392 3.016438
 420.000000 9.907643 1.481206 3.007102
 423.000000 9.879167 1.502644 2.999799
 426.000000 9.924851 1.497305 3.005445
 429.000000 9.886045 1.508162 3.023860
 432.000000 9.855790 1.539600 2.984177
 435.000000 9.894121 1.547333 3.024348
 438.000000 9.922305 1.544004 3.011825
 441.000000 9.987214 1.537172 3.043063
 444.000000 9.964072 1.556888 3.029460
 447.000000 9.865117 1.553293 3.050127
 450.000000 9.834723 1.568092 3.027509
 453.000000 9.846171 1.567130 3.035434
 456.000000 9.843871 1.570830 3.038409
 459.000000 9.972658 1.586038 3.025706
 462.000000 9.928162 1.579960 3.003318
 465.000000 9.828732 1.582079 2.987286
 468.000000 9.942347 1.581066 2.977331
 471.000000 9.874553 1.574276 3.013093
 474.000000 9.793305 1.579278 2.984289
 477.000000 9.735237 1.588887 3.012997
 480.000000 9.796499 1.604577 2.976809
 483.000000 9.889676 1.568087 3.013702
 486.000000 9.913346 1.571271 3.038035
 489.000000 9.939117 1.546694 3.044021
 492.000000 9.935877 1.545554 3.017425
 495.000000 9.951764 1.552489 3.003171
 498.000000 9.889235 1.576204 2.978027
 501.000000 9.860622 1.586272 2.968230
 504.000000 9.858884 1.590180 2.969418
 507.000000 9.927974 1.562682 2.986929
 510.000000 9.836727 1.563720 2.965717
 513.000000 9.897045 1.566432 2.964356
 516.000000 9.897369 1.558540 2.969898
 519.000000 9.976070 1.558432 3.007914
 522.000000 9.934131 1.522918 3.036836
 525.000000 9.978681 1.532076 2.979906
 528.000000 9.928823 1.528714 2.981671
 531.000000 9.865162 1.503562 2.983174
 534.000000 9.911674 1.534203 2.960876
 537.000000 9.830436 1.506308 3.004072
 540.000000 9.715310 1.531882 2.995634
 543.000000 9.697370 1.538567 2.996220
 546.000000 9.757259 1.530088 2.989640
 549.000000 9.834670 1.534816 2.968422
 552.000000 9.900327 1.499575 3.008653
 555.000000 9.785870 1.533062 2.981654
 558.000000 9.761226 1.515485 2.984445
 561.000000 9.828422 1.494820 2.986414
 564.000000 9.767853 1.476178 2.994181
 567.000000 9.829555 1.512703 2.987116
 570.000000 9.904291 1.515433 2.995528
 573.000000 9.911447 1.491884 2.993986
 576.000000 9.941319 1.518481 2.956920
 579.000000 9.919636 1.535958 2.948977
 582.000000 9.866185 1.527390 2.965196
 585.000000 9.878861 1.542239 2.969848
 588.000000 9.861214 1.513764 2.990792
 591.000000 9.907852 1.494967 3.009288
 594.000000 9.771755 1.485550 3.009505
 597.000000 9.937968 1.477609 3.016652
 600.000000 9.879017 1.491770 3.003137
 603.000000 9.901738 1.494302 2.980718
 606.000000 9.844558 1.496902 2.978187
 609.000000 9.838508 1.499327 2.980078
 612.000000 9.768408 1.534547 2.964846
 615.000000 9.827705 1.539270 2.966738
 618.000000 9.790091 1.535778 2.952703
 621.000000 9.857778 1.516589 2.958661
 624.000000 9.819201 1.514560 2.983295
 627.000000 9.843097 1.520889 2.971297
 630.000000 9.814907 1.503123 2.991873
 633.000000 9.822633 1.503582 2.965870
 636.000000 9.812896 1.524764 2.973024
 639.000000 9.805442 1.512372 3.009746
 642.000000 9.742577 1.505342 2.988956
 645.000000 9.778016 1.531516 2.993930
 648.000000 9.880472 1.531242 3.014639
 651.000000 9.838068 1.540580 2.995918
 654.000000 9.758033 1.540169 3.013909
 657.000000 9.780036 1.530041 3.029283
 660.000000 9.785738 1.528327 3.000076
 663.000000 9.805073 1.519729 3.018098
 666.000000 9.854767 1.519717 3.032798
 669.000000 9.880990 1.571471 2.987650
 672.000000 9.866929 1.558450 2.992870
 675.000000 9.886716 1.544728 2.992265
 678.000000 9.900263 1.560486 2.957583
 681.000000 9.918946 1.570038 2.943785
 684.000000 9.865961 1.562027 2.993738
 687.000000 9.851279 1.552893 2.994746
 690.000000 9.850594 1.547096 2.984984
 693.000000 9.815085 1.552473 2.989110
 696.000000 9.881209 1.564806 3.000945
 699.000000 9.765914 1.552850 3.023650
 702.000000 9.778207 1.563142 2.975093
 705.000000 9.769869 1.563950 2.982671
 708.000000 9.713704 1.540638 2.974174
 711.000000 9.655679 1.551360 2.987258
 714.000000 9.729303 1.561338 2.988936
 717.000000 9.717930 1.549202 3.010907
 720.000000 9.765745 1.541417 2.994851
 723.000000 9.689270 1.558258 2.944521
 726.000000 9.704876 1.562111 2.950402
 729.000000 9.677749 1.551772 2.954793
 732.000000 9.622662 1.512649 2.974186
 735.000000 9.626785 1.542818 2.944916
 738.000000 9.599601 1.551161 2.962768
 741.000000 9.699335 1.559018 2.938868
 744.000000 9.734616 1.548137 2.982900
 747.000000 9.739085 1.564787 2.959288
 750.000000 9.743988 1.558617 2.946465
 753.000000 9.682773 1.575758 2.944919
 756.000000 9.691388 1.579234 2.957675
 759.000000 9.738487 1.583693 2.943551
 762.000000 9.739127 1.609644 2.942301
 765.000000 9.755941 1.582983 2.948887
 768.000000 9.759974 1.555950 2.961989
 771.000000 9.770609 1.526561 2.986281
 774.000000 9.795510 1.546333 2.954968
 777.000000 9.852583 1.527922 2.966509
 780.000000 9.755725 1.498669 2.972883
 783.000000 9.755693 1.504796 2.933938
 786.000000 9.806736 1.519026 2.969040
 789.000000 9.820295 1.550901 2.961243
 792.000000 9.874394 1.524827 2.975787
 795.000000 9.877355 1.522191 2.943607
 798.000000 9.827380 1.502078 2.930177
 801.000000 9.796314 1.476065 2.949293
 804.000000 9.816651 1.476038 2.933544
 807.000000 9.873033 1.468364 2.926277
 810.000000 9.895039 1.499538 2.939420
 813.000000 9.900962 1.507719 2.920332
 816.000000 9.940339 1.497195 2.966781
 819.000000 9.919421 1.512387 2.956634
 822.000000 9.898559 1.498491 2.963109
 825.000000 9.904757 1.522036 2.950411
 828.000000 9.994854 1.508971 2.950657
 831.000000 10.015430 1.494281 2.940892
 834.000000 9.941575 1.476307 2.943623
 837.000000 9.952235 1.494421 2.924706
 840.000000 9.894336 1.502577 2.906831
 843.000000 9.836526 1.486966 2.944871
 846.000000 9.859534 1.486792 2.924311
 849.000000 9.812765 1.464709 2.947738
 852.000000 9.783517 1.470705 2.971834
 855.000000 9.730659 1.456677 2.968760
 858.000000 9.808147 1.447159 2.960860
 861.000000 9.782574 1.468650 2.953383
 864.000000 9.698728 1.475069 2.980168
 867.000000 9.664013 1.489415 2.948843
 870.000000 9.727460 1.487439 2.938318
 873.000000 9.775324 1.461619 2.967169
 876.000000 9.646015 1.456404 2.983887
 879.000000 9.736913 1.467450 2.986936
 882.000000 9.728012 1.465979 3.000974
 885.000000 9.741128 1.496434 2.974095
 888.000000 9.758746 1.510728 2.983404
 891.000000 9.715838 1.520902 2.952708
 894.000000 9.720926 1.511082 2.954479
 897.000000 9.703556 1.534764 2.944556
 900.000000 9.711945 1.514990 2.972029
 903.000000 9.709210 1.544425 2.953008
 906.000000 9.755967 1.544608 2.942738
 909.000000 9.713950 1.551501 2.962491
 912.000000 9.723748 1.570006 2.953781
 915.000000 9.703983 1.541296 2.990486
 918.000000 9.773247 1.546922 2.982163
 921.000000 9.748822 1.555581 2.981959
 924.000000 9.726594 1.550944 2.988545
 927.000000 9.863477 1.529135 2.976023
 930.000000 9.808614 1.498043 2.995139
 933.000000 9.787533 1.518808 2.959307
 936.000000 9.821072 1.521623 2.966166
 939.000000 9.821688 1.513664 2.961511
 942.000000 9.832096 1.485325 2.977364
 945.000000 9.848752 1.502544 2.997160
 948.000000 9.862712 1.498319 2.998445
 951.000000 9.805008 1.485298 2.997042
 954.000000 9.806116 1.493331 3.016068
 957.000000 9.781509 1.504980 2.997020
 960.000000 9.871517 1.523686 2.994600
 963.000000 9.795099 1.523521 3.017875
 966.000000 9.831778 1.546663 2.992517
 969.000000 9.866452 1.578304 2.955971
 972.000000 9.827452 1.549103 2.980493
 975.000000 9.765858 1.535863 2.972432
 978.000000 9.695253 1.529812 2.977908
 981.000000 9.728513 1.523724 2.994162
 984.000000 9.746283 1.519339 2.999920
 987.000000 9.723509 1.540763 2.985620
 990.000000 9.667700 1.534920 2.990056
 993.000000 9.689090 1.532524 2.976147
 996.000000 9.720766 1.529993 2.992341
 999.000000 9.701677 1.541535 3.011692
 1002.000000 9.747812 1.535736 3.019179
 1005.000000 9.777276 1.516781 3.022723
 1008.000000 9.725053 1.510981 3.013147
 1011.000000 9.660225 1.553636 2.979066
 1014.000000 9.719485 1.539402 3.004738
 1017.000000 9.664308 1.561952 2.978695
 1020.000000 9.731600 1.577137 2.955866
 1023.000000 9.783659 1.571436 2.955827
 1026.000000 9.851037 1.549681 2.988425
 1029.000000 9.853950 1.572510 2.982870
 1032.000000 9.807095 1.574838 2.929115
 1035.000000 9.832382 1.592760 2.957081
 1038.000000 9.890692 1.567434 2.947245
 1041.000000 9.867112 1.575719 2.931104
 1044.000000 9.883501 1.545620 2.945058
 1047.000000 9.884355 1.536089 2.988815
 1050.000000 9.817128 1.508901 2.999373
 1053.000000 9.839792 1.542575 2.975156
 1056.000000 9.867217 1.551166 2.935950
 1059.000000 9.870923 1.563561 2.936359
 1062.000000 9.871771 1.560429 2.959718
 1065.000000 9.844061 1.539253 2.946350
 1068.000000 9.906855 1.538779 2.954000
 1071.000000 9.918071 1.545064 2.927723
 1074.000000 9.895696 1.535013 2.930391
 1077.000000 9.843029 1.540644 2.956990
 1080.000000 9.809632 1.532694 2.975098
 1083.000000 9.820353 1.522671 2.998024
 1086.000000 9.864445 1.521534 2.992267
 1089.000000 9.845603 1.551922 2.962233
 1092.000000 9.844447 1.537073 2.971100
 1095.000000 9.869424 1.500974 3.010644
 1098.000000 9.893804 1.534663 2.957156
 1101.000000 9.925962 1.516572 2.985837
 1104.000000 9.872797 1.518188 2.986512
 1107.000000 9.867624 1.502847 2.975373
 1110.000000 9.888934 1.534672 2.925979
 1113.000000 9.967277 1.524460 2.923866
 1116.000000 9.884627 1.527160 2.937277
 1119.000000 9.956340 1.509074 2.958370
 1122.000000 9.968159 1.534964 2.958640
 1125.000000 9.963908 1.532392 2.953907
 1128.000000 9.938299 1.519998 2.956408
 1131.000000 9.937435 1.518812 2.974759
 1134.000000 9.984238 1.520468 2.986058
 1137.000000 10.031068 1.518979 2.981192
 1140.000000 9.926849 1.531294 2.947846
 1143.000000 9.845614 1.536013 2.976794
 1146.000000 9.883768 1.540944 2.946936
 1149.000000 9.884527 1.526835 2.933114
 1152.000000 9.921250 1.502316 2.914097
 1155.000000 9.906113 1.509895 2.909207
 1158.000000 9.903354 1.518597 2.861625
 1161.000000 9.854389 1.503691 2.915800
 1164.000000 9.771300 1.513738 2.873064
 1167.000000 9.743968 1.498701 2.912760
 1170.000000 9.770863 1.519737 2.926986
 1173.000000 9.833377 1.515553 2.933484
 1176.000000 9.905752 1.523867 2.955638
 1179.000000 9.849300 1.519401 2.945343
 1182.000000 9.844367 1.513158 2.949580
 1185.000000 9.935618 1.485906 2.973591
 1188.000000 10.013756 1.532293 2.929953
 1191.000000 9.907324 1.546531 2.928458
 1194.000000 9.961799 1.536480 2.967059
 1197.000000 9.938181 1.555533 2.942231
 1200.000000 10.004850 1.551707 2.989773
 1203.000000 9.972821 1.560705 2.970013
 1206.000000 9.924880 1.562933 2.947743
 1209.000000 9.901282 1.544952 3.017527
 1212.000000 9.904527 1.545627 2.971885
 1215.000000 9.909254 1.548430 2.964688
 1218.000000 9.927852 1.569828 2.967439
 1221.000000 9.908916 1.556471 2.977417
 1224.000000 9.831005 1.534093 2.975152
 1227.000000 9.842360 1.536762 2.985326
 1230.000000 9.884293 1.534554 3.000822
 1233.000000 9.817200 1.547981 2.937476
 1236.000000 9.665268 1.551184 2.954241
 1239.000000 9.751076 1.555056 2.936245
 1242.000000 9.768175 1.563955 2.951765
 1245.000000 9.806315 1.554399 2.970721
 1248.000000 9.760565 1.582473 2.985051
 1251.000000 9.734447 1.564665 3.021551
 1254.000000 9.733274 1.602781 2.942563
 1257.000000 9.722839 1.591317 3.010892
 1260.000000 9.759705 1.590339 2.964732
 1263.000000 9.795207 1.586694 2.953010
 1266.000000 9.770728 1.587821 2.959491
 1269.000000 9.819301 1.602198 2.937280
 1272.000000 9.866155 1.590384 2.954893
 1275.000000 9.902125 1.579841 2.957227
 1278.000000 9.814821 1.563629 2.968493
 1281.000000 9.820199 1.562845 2.983152
 1284.000000 9.761912 1.560935 2.996987
 1287.000000 9.770540 1.558682 2.972392
 1290.000000 9.763782 1.562288 2.944731
 1293.000000 9.748665 1.570239 2.946698
 1296.000000 9.801953 1.581356 2.960965
 1299.000000 9.762112 1.593015 2.919579
 1302.000000 9.716981 1.573660 2.954524
 1305.000000 9.787407 1.577000 2.930037
 1308.000000 9.861050 1.567005 2.957109
 1311.000000 9.852693 1.576405 2.937028
 1314.000000 9.832805 1.562351 2.925599
 1317.000000 9.823040 1.549618 2.915667
 1320.000000 9.825912 1.559783 2.915137
 1323.000000 9.889887 1.579788 2.917757
 1326.000000 9.845522 1.563545 2.955714
 1329.000000 9.959699 1.575357 2.961719
 1332.000000 9.954265 1.571747 2.908082
 1335.000000 9.990270 1.553340 2.937417
 1338.000000 10.030994 1.571999 2.909697
 1341.000000 9.974272 1.539708 2.916695
 1344.000000 9.924361 1.551348 2.939315
 1347.000000 9.864423 1.538629 2.953911
 1350.000000 9.851165 1.539049 2.929368
 1353.000000 9.892558 1.510014 2.967457
 1356.000000 9.936740 1.551032 2.930226
 1359.000000 9.968138 1.557503 2.941315
 1362.000000 9.911565 1.580232 2.917119
 1365.000000 9.914871 1.568812 2.930113
 1368.000000 9.861995 1.547405 2.934578
 1371.000000 9.867768 1.563990 2.956758
 1374.000000 9.963397 1.536752 2.984880
 1377.000000 9.946750 1.545449 2.973030
 1380.000000 9.970662 1.541480 3.002781
 1383.000000 9.920992 1.537267 3.020443
 1386.000000 9.950554 1.534277 3.021363
 1389.000000 9.965463 1.543913 3.019517
 1392.000000 9.963283 1.559905 2.996928
 1395.000000 10.017939 1.549513 3.009583
 1398.000000 9.998061 1.540747 2.983825
 1401.000000 9.941039 1.560398 2.938647
 1404.000000 10.044399 1.536719 2.917494
 1407.000000 9.959444 1.543837 2.907303
 1410.000000 9.941783 1.549355 2.900813
 1413.000000 9.901565 1.531837 2.933715
 1416.000000 9.964516 1.531525 2.979284
 1419.000000 9.927543 1.520208 2.966694
 1422.000000 9.894229 1.513192 2.988873
 1425.000000 9.846439 1.515240 2.950567
 1428.000000 9.843466 1.521860 2.966628
 1431.000000 9.904586 1.526231 2.981584
 1434.000000 9.825578 1.534401 2.976240
 1437.000000 9.813531 1.530086 2.980693
 1440.000000 9.802528 1.513755 3.013802
 1443.000000 9.888326 1.529781 2.983193
 1446.000000 9.924829 1.538475 2.963425
 1449.000000 9.981465 1.535553 2.965825
 1452.000000 9.968898 1.546732 2.994745
 1455.000000 9.937712 1.537475 2.970792
 1458.000000 9.912880 1.541010 2.987253
 1461.000000 9.841912 1.565754 2.971713
 1464.000000 9.865852 1.568543 2.947668
 1467.000000 9.911788 1.570712 2.952380
 1470.000000 9.900727 1.585882 2.926577
 1473.000000 9.917705 1.601631 2.914559
 1476.000000 9.904316 1.583427 2.901486
 1479.000000 9.918872 1.593350 2.910650
 1482.000000 9.902078 1.595210 2.937714
 1485.000000 9.882794 1.597495 2.924282
 1488.000000 9.808870 1.615785 2.899176
 1491.000000 9.753194 1.583252 2.939640
 1494.000000 9.777948 1.583648 2.946714
 1497.000000 9.820453 1.559948 2.966231
 1500.000000 9.884959 1.577490 2.975734
 1503.000000 9.743980 1.572784 2.945227
 1506.000000 9.759302 1.551225 2.984730
 1509.000000 9.772489 1.547093 2.966665
 1512.000000 9.772873 1.533974 2.990135
 1515.000000 9.685546 1.539291 2.952231
 1518.000000 9.744357 1.571268 2.936999
 1521.000000 9.729895 1.540016 2.960222
 1524.000000 9.769942 1.548844 2.965063
 1527.000000 9.675659 1.556161 2.955121
 1530.000000 9.715614 1.570188 2.948380
 1533.000000 9.656296 1.552452 2.942035
 1536.000000 9.583147 1.558878 2.991009
 1539.000000 9.588657 1.568700 2.992888
 1542.000000 9.677540 1.553564 2.994361
 1545.000000 9.648551 1.577225 2.955776
 1548.000000 9.662927 1.551359 2.997277
 1551.000000 9.576894 1.551714 2.967244
 1554.000000 9.588460 1.564116 2.942082
 1557.000000 9.558153 1.547194 2.989651
 1560.000000 9.555187 1.562599 2.944353
 1563.000000 9.613914 1.564944 2.965572
 1566.000000 9.658411 1.558934 2.953933
 1569.000000 9.672371 1.547222 2.980065
 1572.000000 9.867143 1.544161 2.951959
 1575.000000 9.763771 1.559468 2.917805
 1578.000000 9.838773 1.537774 2.958413
 1581.000000 9.811684 1.545519 2.935860
 1584.000000 9.792696 1.541954 2.944071
 1587.000000 9.816970 1.547854 2.951052
 1590.000000 9.798745 1.562864 2.904762
 1593.000000 9.734160 1.561712 2.930622
 1596.000000 9.783546 1.546146 2.920163
 1599.000000 9.787873 1.537940 2.919346
 1602.000000 9.773123 1.547470 2.905484
 1605.000000 9.637110 1.549035 2.935382
 1608.000000 9.694066 1.548233 2.941676
 1611.000000 9.599278 1.540263 2.953910
 1614.000000 9.661700 1.556298 2.924139
 1617.000000 9.653209 1.562395 2.920186
 1620.000000 9.615694 1.534454 2.943665
 1623.000000 9.565675 1.554669 2.944355
 1626.000000 9.525525 1.545248 2.983475
 1629.000000 9.595036 1.535514 2.959333
 1632.000000 9.611734 1.525593 2.983257
 1635.000000 9.689913 1.534088 2.965626
 1638.000000 9.724469 1.527444 2.960485
 1641.000000 9.674545 1.510363 2.957958
 1644.000000 9.695007 1.505314 2.965085
 1647.000000 9.722753 1.489650 2.973057
 1650.000000 9.749273 1.501924 2.968790
 1653.000000 9.850152 1.505418 2.982756
 1656.000000 9.837112 1.531801 2.981988
 1659.000000 9.926125 1.539545 2.940007
 1662.000000 9.902449 1.539512 2.934688
 1665.000000 9.868331 1.539993 2.908765
 1668.000000 9.830799 1.569343 2.870409
 1671.000000 9.886406 1.546781 2.885418
 1674.000000 9.891095 1.553429 2.919333
 1677.000000 9.722151 1.533400 2.915616
 1680.000000 9.786581 1.542633 2.942685
 1683.000000 9.877879 1.549601 2.931219
 1686.000000 9.826081 1.544802 2.933062
 1689.000000 9.783274 1.543722 2.932439
 1692.000000 9.839849 1.519766 2.948538
 1695.000000 9.823796 1.495338 2.965222
 1698.000000 9.886487 1.513610 2.943350
 1701.000000 9.822472 1.526075 2.947046
 1704.000000 9.931921 1.524137 2.922240
 1707.000000 9.925852 1.559535 2.874206
 1710.000000 9.969798 1.565897 2.866444
 1713.000000 9.886139 1.533198 2.916410
 1716.000000 9.962569 1.565622 2.878182
 1719.000000 9.929858 1.587232 2.871494
 1722.000000 9.884483 1.580510 2.857901
 1725.000000 9.880354 1.563801 2.891637
 1728.000000 9.903732 1.551472 2.885966
 1731.000000 9.828675 1.552419 2.916065
 1734.000000 9.797021 1.562783 2.906652
 1737.000000 9.782883 1.569946 2.952102
 1740.000000 9.759073 1.559743 2.961739
 1743.000000 9.765465 1.588182 2.959536
 1746.000000 9.762922 1.569745 2.952574
 1749.000000 9.753966 1.583474 2.928258
 1752.000000 9.714848 1.579737 2.964933
 1755.000000 9.789533 1.581927 2.975521
 1758.000000 9.739374 1.582111 2.954885
 1761.000000 9.791276 1.593776 2.975712
 1764.000000 9.767066 1.590323 2.978168
 1767.000000 9.770481 1.587111 2.980765
 1770.000000 9.884528 1.591038 2.968929
 1773.000000 9.895350 1.598852 2.955531
 1776.000000 9.873408 1.592435 2.940258
 1779.000000 9.912838 1.591237 2.931200
 1782.000000 9.953656 1.609884 2.948011
 1785.000000 9.962909 1.617071 2.947264
 1788.000000 9.914034 1.586755 2.970680
 1791.000000 9.919978 1.585544 2.968525
 1794.000000 9.896912 1.571889 3.014563
 1797.000000 9.980595 1.561456 3.024216
 1800.000000 10.009484 1.542905 3.005886
 1803.000000 10.087907 1.555420 3.011559
 1806.000000 10.005132 1.572996 3.002924
 1809.000000 10.026458 1.573092 2.983577
 1812.000000 10.059816 1.582352 2.956727
 1815.000000 10.050180 1.572471 2.997565
 1818.000000 10.021203 1.564300 2.976370
 1821.000000 10.070560 1.569206 2.955745
 1824.000000 9.983523 1.568085 2.958010
 1827.000000 9.973326 1.552315 2.972857
 1830.000000 9.962641 1.579184 2.918671
 1833.000000 9.982136 1.539240 2.937460
 1836.000000 9.977278 1.552198 2.945040
 1839.000000 9.915098 1.561436 2.923682
 1842.000000 9.979704 1.578397 2.904015
 1845.000000 9.916977 1.568628 2.944091
 1848.000000 9.891441 1.561045 2.949865
 1851.000000 9.954014 1.553560 2.975464
 1854.000000 9.976631 1.550315 2.981469
 1857.000000 10.010709 1.554547 2.956736
 1860.000000 9.868879 1.565026 2.926887
 1863.000000 9.920854 1.548194 2.954544
 1866.000000 9.918208 1.554193 2.965046
 1869.000000 9.829317 1.570359 2.965247
 1872.000000 9.834101 1.580662 2.949435
 1875.000000 9.879004 1.580319 2.950980
 1878.000000 9.855700 1.599552 2.937550
 1881.000000 9.816030 1.571496 2.953872
 1884.000000 9.821242 1.560101 2.961708
 1887.000000 9.916792 1.555645 2.968115
 1890.000000 9.843652 1.523294 3.009775
 1893.000000 9.833930 1.534942 3.007730
 1896.000000 9.772870 1.537970 2.997798
 1899.000000 9.746785 1.556804 2.952221
 1902.000000 9.806532 1.555738 2.962356
 1905.000000 9.824231 1.574810 2.907212
 1908.000000 9.801438 1.569953 2.933855
 1911.000000 9.860305 1.560064 2.965659
 1914.000000 9.864055 1.536337 2.964541
 1917.000000 9.838136 1.545791 2.937738
 1920.000000 9.878822 1.545031 2.953851
 1923.000000 9.888102 1.552358 2.979981
 1926.000000 9.844645 1.553356 2.975344
 1929.000000 9.850252 1.532996 2.979769
 1932.000000 9.862991 1.558616 2.997266
 1935.000000 9.877602 1.600634 2.955409
 1938.000000 9.782383 1.584132 2.951848
 1941.000000 9.774267 1.592045 2.947876
 1944.000000 9.825482 1.579848 2.985112
 1947.000000 9.853953 1.585639 3.004068
 1950.000000 9.844456 1.585703 3.002622
 1953.000000 9.772270 1.576687 3.025890
 1956.000000 9.884502 1.585847 3.008437
 1959.000000 9.895004 1.580198 3.055856
 1962.000000 9.870186 1.578342 3.054300
 1965.000000 9.929458 1.577108 3.078463
 1968.000000 10.021147 1.587249 3.061599
 1971.000000 9.984245 1.588334 3.087803
 1974.000000 9.878765 1.614516 3.047264
 1977.000000 9.927292 1.613108 3.023328
 1980.000000 9.922368 1.609240 3.024062
 1983.000000 9.828785 1.623886 3.059996
 1986.000000 9.835822 1.600648 3.036222
 1989.000000 9.878504 1.594789 3.025103
 1992.000000 9.882078 1.605956 3.020448
 1995.000000 9.907939 1.616750 3.052505
 1998.000000 9.917239 1.604022 3.076705
 2001.000000 9.928487 1.621154 3.035244
 2004.000000 9.911017 1.612568 3.018930
 2007.000000 9.828639 1.612295 2.993213
 2010.000000 9.895760 1.630914 2.934335
 2013.000000 9.851548 1.629047 2.950308
 2016.000000 9.863469 1.640799 2.905360
 2019.000000 9.926464 1.614620 2.933899
 2022.000000 9.847833 1.612045 2.960595
 2025.000000 9.984906 1.633921 2.923869
 2028.000000 9.819901 1.619673 2.943660
 2031.000000 9.798424 1.613854 2.957552
 2034.000000 9.792111 1.623079 2.923396
 2037.000000 9.744196 1.591943 2.921682
 2040.000000 9.764443 1.608511 2.923630
 2043.000000 9.824097 1.611888 2.953122
 2046.000000 9.854142 1.607792 2.963338
 2049.000000 10.004388 1.604780 2.955145
 2052.000000 9.951657 1.591747 3.012709
 2055.000000 9.846832 1.616133 2.933192
 2058.000000 9.975550 1.593227 2.930532
 2061.000000 9.974534 1.592577 2.943543
 2064.000000 9.967867 1.613923 2.985625
 2067.000000 9.934387 1.616436 2.964712
 2070.000000 10.054165 1.624179 2.954539
 2073.000000 10.046095 1.611157 2.947703
 2076.000000 10.042540 1.614123 2.915341
 2079.000000 10.007158 1.574611 2.942119
 2082.000000 9.919461 1.571893 2.918944
 2085.000000 9.930273 1.587862 2.971617
 2088.000000 9.879926 1.601732 2.940036
 2091.000000 9.886981 1.579313 2.968042
 2094.000000 9.883150 1.588461 2.926232
 2097.000000 9.874772 1.587071 2.907753
 2100.000000 9.881429 1.574376 2.974583
 2103.000000 9.846548 1.565304 2.999989
 2106.000000 9.799394 1.590234 2.964397
 2109.000000 9.828638 1.590396 2.938237
 2112.000000 9.863477 1.588726 2.966729
 2115.000000 9.811854 1.594589 2.966835
 2118.000000 9.796430 1.599689 2.963936
 2121.000000 9.858112 1.596812 2.991527
 2124.000000 9.859573 1.584190 2.999499
 2127.000000 9.866902 1.574473 2.998213
 2130.000000 9.895021 1.581914 2.992700
 2133.000000 9.824349 1.608752 2.983109
 2136.000000 9.796074 1.553523 3.025773
 2139.000000 9.831905 1.550092 3.013161
 2142.000000 9.884211 1.570239 2.969144
 2145.000000 9.882935 1.559954 3.014427
 2148.000000 9.825474 1.528741 3.013494
 2151.000000 9.877842 1.540614 3.001813
 2154.000000 9.844401 1.554797 3.007650
 2157.000000 9.879574 1.566173 2.999284
 2160.000000 9.917460 1.559420 2.991518
 2163.000000 9.943761 1.548959 3.011023
 2166.000000 9.936872 1.559445 2.990262
 2169.000000 10.012168 1.597171 2.974989
 2172.000000 9.984991 1.545883 2.987545
 2175.000000 10.002763 1.580475 2.960025
 2178.000000 10.017195 1.583680 2.962023
 2181.000000 9.921428 1.550713 2.990107
 2184.000000 9.971122 1.564826 2.989409
 2187.000000 10.039633 1.547941 2.999618
 2190.000000 9.919427 1.576013 2.971296
 2193.000000 9.930511 1.564249 2.993288
 2196.000000 9.961175 1.580833 2.981444
 2199.000000 9.996225 1.558503 3.016145
 2202.000000 10.016936 1.539846 3.026731
 2205.000000 10.077748 1.559866 3.045291
 2208.000000 9.983846 1.571886 2.988785
 2211.000000 9.934870 1.571244 2.977418
 2214.000000 9.921652 1.599098 2.971506
 2217.000000 9.876868 1.596247 2.962940
 2220.000000 9.887041 1.572665 2.997367
 2223.000000 9.881301 1.586153 2.985061
 2226.000000 9.913981 1.559423 3.004279
 2229.000000 9.859854 1.576865 3.020787
 2232.000000 9.922200 1.582170 2.977924
 2235.000000 9.868552 1.587696 2.994508
 2238.000000 9.874063 1.612470 2.973892
 2241.000000 9.877163 1.585481 2.995466
 2244.000000 9.904660 1.599679 2.977291
 2247.000000 9.955922 1.629113 2.957899
 2250.000000 10.037083 1.635672 2.972266
 2253.000000 10.029606 1.664114 2.940561
 2256.000000 10.004845 1.612913 2.980444
 2259.000000 9.998594 1.613031 2.951340
 2262.000000 10.053389 1.615300 2.992402
 2265.000000 10.180381 1.624517 2.977790
 2268.000000 10.137413 1.632757 2.981003
 2271.000000 10.072484 1.620161 2.984788
 2274.000000 10.206425 1.631127 2.957372
 2277.000000 10.162965 1.619371 2.946888
 2280.000000 10.172329 1.625114 2.948803
 2283.000000 10.041508 1.629559 2.917537
 2286.000000 10.060714 1.586102 2.927688
 2289.000000 10.089675 1.613123 2.942118
 2292.000000 10.014170 1.594266 2.945292
 2295.000000 10.052923 1.599675 2.958893
 2298.000000 10.107674 1.607102 2.940719
 2301.000000 10.117229 1.587877 2.977580
 2304.000000 10.136674 1.568336 2.969295
 2307.000000 10.074154 1.572946 2.991710
 2310.000000 10.053058 1.572573 2.970979
 2313.000000 10.098114 1.579454 2.994043
 2316.000000 10.024904 1.563250 2.997765
 2319.000000 10.050623 1.551079 3.003871
 2322.000000 9.991924 1.554602 2.966480
 2325.000000 10.021092 1.569499 2.937737
 2328.000000 10.088022 1.549769 2.954217
 2331.000000 10.126906 1.548606 2.931284
 2334.000000 10.270103 1.548804 2.947472
 2337.000000 10.123246 1.523885 2.981381
 2340.000000 10.150054 1.517990 2.961604
 2343.000000 10.200129 1.533702 2.969093
 2346.000000 10.091465 1.560260 2.893446
 2349.000000 10.191586 1.568701 2.891785
 2352.000000 10.101173 1.532748 2.959860
 2355.000000 10.128281 1.536991 2.985999
 2358.000000 10.139955 1.530443 2.999670
 2361.000000 10.171676 1.510179 3.027229
 2364.000000 10.105253 1.535303 2.969583
 2367.000000 10.062147 1.538477 2.962954
 2370.000000 10.065629 1.539617 2.954457
 2373.000000 10.064314 1.528016 2.935307
 2376.000000 10.100985 1.529762 2.964596
 2379.000000 10.049909 1.522612 2.982265
 2382.000000 10.006951 1.559555 2.973524
 2385.000000 10.011936 1.563285 2.953481
 2388.000000 9.951023 1.536663 2.978992
 2391.000000 9.961528 1.541521 2.961263
 2394.000000 9.955614 1.542169 2.958096
 2397.000000 9.942654 1.534960 2.977472
 2400.000000 9.905365 1.544065 2.958396
 2403.000000 10.016236 1.553257 2.955541
 2406.000000 10.024043 1.536629 2.964999
 2409.000000 10.081283 1.559914 2.911101
 2412.000000 10.032968 1.553211 2.922795
 2415.000000 10.012950 1.551868 2.913955
 2418.000000 9.913260 1.555877 2.904531
 2421.000000 9.853889 1.542869 2.918225
 2424.000000 9.839737 1.571686 2.889268
 2427.000000 9.994734 1.568344 2.900516
 2430.000000 9.988934 1.573776 2.911976
 2433.000000 9.974184 1.549828 2.904888
 2436.000000 10.015683 1.548418 2.927480
 2439.000000 9.946271 1.555333 2.913030
 2442.000000 9.912302 1.543923 2.952988
 2445.000000 9.872334 1.529020 2.934593
 2448.000000 9.930675 1.518366 2.956448
 2451.000000 9.887436 1.519987 2.920151
 2454.000000 9.953508 1.488171 2.963428
 2457.000000 10.002723 1.511124 2.986343
 2460.000000 9.940702 1.516332 2.999440
 2463.000000 9.950013 1.522468 2.973832
 2466.000000 9.859849 1.512491 2.997379
 2469.000000 9.887468 1.542652 3.011559
 2472.000000 9.900580 1.542632 2.990297
 2475.000000 9.910763 1.548673 3.011685
 2478.000000 9.955361 1.548909 3.017051
 2481.000000 9.956575 1.555680 2.998798
 2484.000000 9.973430 1.575272 2.971095
 2487.000000 9.911589 1.563142 2.980310
 2490.000000 9.996397 1.554811 2.974073
 2493.000000 10.078895 1.552909 2.967534
 2496.000000 10.066377 1.542174 2.974065
 2499.000000 10.063502 1.535488 2.960026
 2502.000000 10.085972 1.527153 2.951789
 2505.000000 10.117519 1.526354 2.957687
 2508.000000 10.082568 1.544399 2.955493
 2511.000000 10.046444 1.553226 2.954771
 2514.000000 10.021798 1.524565 2.940405
 2517.000000 9.965900 1.541030 2.939038
 2520.000000 9.932639 1.526904 2.983188
 2523.000000 9.948743 1.592409 2.970863
 2526.000000 9.934310 1.577941 2.995868
 2529.000000 9.864580 1.601714 2.979687
 2532.000000 9.862642 1.630114 2.957007
 2535.000000 9.926791 1.617626 2.978954
 2538.000000 9.962332 1.628904 2.997004
 2541.000000 9.936609 1.621842 3.015734
 2544.000000 9.931646 1.600565 3.012252
 2547.000000 9.867975 1.593028 3.045796
 2550.000000 9.955594 1.597551 3.018366
 2553.000000 9.875836 1.590736 3.006458
 2556.000000 9.839651 1.594906 2.999905
 2559.000000 9.864188 1.601276 3.006344
 2562.000000 9.846873 1.589140 2.998873
 2565.000000 9.888846 1.580513 3.003565
 2568.000000 9.932136 1.575594 3.016155
 2571.000000 9.872725 1.553662 3.054080
 2574.000000 9.841922 1.539345 3.005807
 2577.000000 9.843758 1.558595 2.987654
 2580.000000 9.884463 1.532307 3.015099
 2583.000000 9.905604 1.558946 2.996153
 2586.000000 9.854780 1.564061 2.991523
 2589.000000 9.945117 1.566997 3.002369
 2592.000000 9.919452 1.553243 3.023713
 2595.000000 9.886746 1.573686 2.986040
 2598.000000 9.930256 1.570304 3.014825
 2601.000000 9.964983 1.556751 3.008577
 2604.000000 9.928073 1.589694 2.991111
 2607.000000 9.875627 1.592221 3.008623
 2610.000000 9.866494 1.619803 2.953168
 2613.000000 9.873732 1.601664 2.992411
 2616.000000 9.946678 1.622187 2.958228
 2619.000000 9.941875 1.592760 3.013742
 2622.000000 9.893623 1.589959 3.000203
 2625.000000 9.895388 1.610210 3.009608
 2628.000000 9.855783 1.598736 3.008539
 2631.000000 9.813981 1.618179 2.964719
 2634.000000 9.833645 1.603860 2.972736
 2637.000000 9.902663 1.605331 3.009449
 2640.000000 9.889338 1.582634 2.981024
 2643.000000 9.871790 1.592746 2.957816
 2646.000000 9.915440 1.615846 2.947801
 2649.000000 9.989693 1.575368 2.985910
 2652.000000 9.990748 1.589544 2.984899
 2655.000000 10.040897 1.602081 2.948033
 2658.000000 9.915003 1.613839 2.960946
 2661.000000 9.926668 1.607185 2.961017
 2664.000000 9.979487 1.618494 2.952234
 2667.000000 10.055635 1.587265 2.981917
 2670.000000 10.080647 1.590652 2.986524
 2673.000000 10.069384 1.597943 2.997992
 2676.000000 10.016474 1.609556 2.989441
 2679.000000 10.017127 1.637194 2.958136
 2682.000000 9.997659 1.616785 3.000384
 2685.000000 9.981663 1.619871 2.989409
 2688.000000 9.927517 1.602351 3.042687
 2691.000000 9.911048 1.604954 3.026028
 2694.000000 9.878579 1.596864 3.042062
 2697.000000 9.949539 1.607835 3.018357
 2700.000000 9.944900 1.586984 3.023256
 2703.000000 9.977106 1.620055 2.971210
 2706.000000 9.965150 1.628253 2.958424
 2709.000000 9.942187 1.584016 3.039836
 2712.000000 9.962120 1.596202 2.978786
 2715.000000 9.942308 1.609916 2.986069
 2718.000000 9.916326 1.601974 2.970353
 2721.000000 9.984232 1.634168 2.960950
 2724.000000 9.957048 1.627411 2.959533
 2727.000000 9.974919 1.627958 2.967359
 2730.000000 9.998287 1.576591 3.006420
 2733.000000 10.070906 1.577374 2.986798
 2736.000000 9.989303 1.571304 2.987575
 2739.000000 9.991194 1.584947 2.953943
 2742.000000 10.012671 1.568688 2.963595
 2745.000000 10.034720 1.575670 2.943831
 2748.000000 10.108139 1.579387 2.972615
 2751.000000 10.045539 1.578411 2.985860
 2754.000000 9.995417 1.581929 3.004160
 2757.000000 10.079192 1.561528 3.014955
 2760.000000 10.001851 1.574391 2.986046
 2763.000000 9.979711 1.564622 3.002003
 2766.000000 10.008940 1.585084 2.955884
 2769.000000 10.044030 1.578459 2.966894
 2772.000000 10.020692 1.573692 2.960081
 2775.000000 10.042007 1.562427 2.974835
 2778.000000 10.075216 1.583789 2.970304
 2781.000000 10.038559 1.588856 2.936946
 2784.000000 10.017490 1.578936 2.928222
 2787.000000 10.045602 1.577393 2.909996
 2790.000000 10.025988 1.571622 2.924828
 2793.000000 10.029717 1.546923 2.946711
 2796.000000 10.036106 1.578609 2.919197
 2799.000000 10.068399 1.570627 2.935460
 2802.000000 9.998458 1.556878 2.949205
 2805.000000 9.929835 1.559688 2.977271
 2808.000000 9.952748 1.571837 2.951511
 2811.000000 9.873642 1.549784 2.953776
 2814.000000 9.864558 1.516938 2.983368
 2817.000000 9.879513 1.509636 2.997034
 2820.000000 9.858136 1.504951 2.993079
 2823.000000 9.875028 1.500414 2.991139
 2826.000000 9.940553 1.521692 2.988743
 2829.000000 9.978283 1.548857 2.992033
 2832.000000 9.879683 1.536494 3.000191
 2835.000000 9.814303 1.525970 3.022574
 2838.000000 9.854257 1.524953 3.028829
 2841.000000 9.888753 1.536041 3.021670
 2844.000000 9.861576 1.531167 3.042322
 2847.000000 9.839516 1.509804 3.044495
 2850.000000 9.832209 1.516229 3.033783
 2853.000000 9.893604 1.529979 3.009646
 2856.000000 9.832203 1.526866 2.966155
 2859.000000 9.876772 1.518202 2.978281
 2862.000000 9.876040 1.519226 3.004248
 2865.000000 9.921019 1.516945 2.981911
 2868.000000 9.878268 1.525832 2.970578
 2871.000000 9.871906 1.515600 2.956924
 2874.000000 9.900372 1.546388 2.949179
 2877.000000 9.959630 1.537750 2.960213
 2880.000000 9.906729 1.545321 2.958693
 2883.000000 9.912135 1.535447 3.027105
 2886.000000 9.894678 1.554078 3.012004
 2889.000000 9.920690 1.546441 2.985875
 2892.000000 9.982370 1.540810 2.995651
 2895.000000 9.961854 1.555726 2.956894
 2898.000000 9.841001 1.549368 2.966362
 2901.000000 9.853032 1.518200 2.992967
 2904.000000 9.902479 1.542127 2.931020
 2907.000000 9.812507 1.564197 2.951643
 2910.000000 9.824415 1.557633 2.945134
 2913.000000 9.857550 1.535498 2.977319
 2916.000000 9.799262 1.539223 2.956786
 2919.000000 9.817025 1.549267 2.940134
 2922.000000 9.822356 1.492627 3.024998
 2925.000000 9.824640 1.523379 2.987596
 2928.000000 9.781347 1.521397 3.014313
 2931.000000 9.831908 1.527945 3.010194
 2934.000000 9.880189 1.557423 2.996894
 2937.000000 9.906900 1.550834 3.017967
 2940.000000 9.920890 1.523234 3.047270
 2943.000000 9.888359 1.526072 3.070911
 2946.000000 9.895819 1.538876 3.008480
 2949.000000 9.942703 1.529427 3.029493
 2952.000000 9.950447 1.543440 2.964950
 2955.000000 9.894198 1.547444 3.000772
 2958.000000 9.833214 1.563117 2.976012
 2961.000000 9.782458 1.565707 2.990643
 2964.000000 9.851132 1.587449 2.986461
 2967.000000 9.791254 1.589298 2.998675
 2970.000000 9.794645 1.593230 2.969028
 2973.000000 9.817979 1.574417 2.965973
 2976.000000 9.761912 1.557621 2.996544
 2979.000000 9.811908 1.547392 3.003723
 2982.000000 9.819859 1.530257 3.020887
 2985.000000 9.882319 1.561758 2.991475
 2988.000000 9.851819 1.568540 2.979866
 2991.000000 9.829078 1.591641 2.967606
 2994.000000 9.895439 1.584279 2.991254
 2997.000000 9.821386 1.593344 2.985029
 3000.000000 9.759853 1.568463 3.026757
 3003.000000 9.791858 1.594401 2.977788
 3006.000000 9.818406 1.572821 3.021793
 3009.000000 9.782188 1.588512 2.985469
 3012.000000 9.811159 1.591984 2.997223
 3015.000000 9.799168 1.597814 3.006219
 3018.000000 9.820725 1.613109 2.978228
 3021.000000 9.771416 1.596690 3.003272
 3024.000000 9.767082 1.578773 3.005840
 3027.000000 9.851160 1.586114 2.971215
 3030.000000 9.874230 1.570383 2.953798
 3033.000000 9.888113 1.553384 2.966758
 3036.000000 9.841792 1.564990 2.958993
 3039.000000 9.857304 1.557256 2.975071
 3042.000000 9.866736 1.560526 3.000838
 3045.000000 9.893662 1.542030 3.028552
 3048.000000 9.940693 1.568646 3.000586
 3051.000000 9.940573 1.568567 3.007036
 3054.000000 9.952203 1.590911 2.955332
 3057.000000 9.944408 1.599579 2.964591
 3060.000000 9.988272 1.603502 2.953395
 3063.000000 9.991809 1.570033 2.987575
 3066.000000 10.000427 1.563774 2.996607
 3069.000000 10.083237 1.566783 3.003855
 3072.000000 10.035993 1.552676 3.006750
 3075.000000 9.971465 1.584338 2.990679
 3078.000000 9.972012 1.595512 2.981219
 3081.000000 9.944737 1.603987 2.962654
 3084.000000 9.852422 1.611229 2.957767
 3087.000000 9.886854 1.610085 2.958887
 3090.000000 9.834732 1.611236 2.965502
 3093.000000 9.905964 1.612799 2.952263
 3096.000000 9.870450 1.616601 2.939566
 3099.000000 9.803797 1.612207 2.938031
 3102.000000 9.894444 1.609836 2.966093
 3105.000000 9.867327 1.573085 3.020151
 3108.000000 9.878997 1.589570 2.927517
 3111.000000 10.009176 1.593330 2.931767
 3114.000000 9.956542 1.597346 2.965954
 3117.000000 9.923842 1.582299 3.000968
 3120.000000 9.922923 1.598404 3.000610
 3123.000000 9.919154 1.573070 2.984399
 3126.000000 9.866144 1.559461 2.977958
 3129.000000 9.818673 1.608669 2.957082
 3132.000000 9.835592 1.591208 2.949520
 3135.000000 9.838561 1.590275 2.964274
 3138.000000 9.892832 1.595825 2.935753
 3141.000000 9.884093 1.590123 2.937211
 3144.000000 9.933325 1.575739 2.985685
 3147.000000 9.930364 1.556505 2.956325
 3150.000000 9.957625 1.574731 2.945461
 3153.000000 10.022500 1.566407 2.930006
 3156.000000 9.990200 1.564987 2.976161
 3159.000000 9.972570 1.544251 2.955969
 3162.000000 10.033560 1.547450 2.959223
 3165.000000 9.932786 1.536202 2.975318
 3168.000000 10.001611 1.539593 2.977313
 3171.000000 9.886319 1.559868 2.944241
 3174.000000 9.932149 1.554962 2.951214
 3177.000000 9.870292 1.548323 2.952879
 3180.000000 9.895949 1.553303 2.961211
 3183.000000 9.861896 1.568375 2.954830
 3186.000000 9.836524 1.559393 2.965087
 3189.000000 9.929134 1.561144 2.968089
 3192.000000 9.870975 1.586917 2.967497
 3195.000000 9.868402 1.591597 2.975443
 3198.000000 9.862667 1.597283 2.973455
 3201.000000 9.879811 1.592603 2.950753
 3204.000000 9.777566 1.602601 2.932198
 3207.000000 9.754410 1.604434 2.951494
 3210.000000 9.798641 1.641285 2.940962
 3213.000000 9.703514 1.612163 2.944147
 3216.000000 9.787336 1.592194 2.934202
 3219.000000 9.769748 1.597531 2.911361
 3222.000000 9.793769 1.580187 2.908078
 3225.000000 9.858607 1.570269 2.921634
 3228.000000 9.809948 1.580912 2.925020
 3231.000000 9.827476 1.580264 2.921924
 3234.000000 9.818346 1.594745 2.932534
 3237.000000 9.808369 1.576940 2.952270
 3240.000000 9.808734 1.552466 2.957407
 3243.000000 9.870410 1.559006 2.959048
 3246.000000 9.909537 1.571964 2.943974
 3249.000000 9.858590 1.551975 2.979578
 3252.000000 9.890880 1.565699 2.966884
 3255.000000 9.910432 1.560125 2.968403
 3258.000000 9.918425 1.549918 2.974386
 3261.000000 10.003309 1.569298 2.944832
 3264.000000 9.984829 1.533934 2.985564
 3267.000000 10.015930 1.554847 2.952578
 3270.000000 9.980263 1.570225 2.978278
 3273.000000 9.982905 1.574628 2.966241
 3276.000000 9.959342 1.578144 2.970144
 3279.000000 9.926618 1.573625 3.002476
 3282.000000 9.816212 1.594844 2.963674
 3285.000000 9.764723 1.573070 2.969285
 3288.000000 9.808276 1.588967 2.947704
 3291.000000 9.827911 1.548180 2.971473
 3294.000000 9.791206 1.544856 2.985306
 3297.000000 9.823340 1.583777 2.935236
 3300.000000 9.790433 1.608457 2.936280
 3303.000000 9.847370 1.619121 2.905967
 3306.000000 9.900681 1.589984 2.909904
 3309.000000 9.997027 1.581052 2.912257
 3312.000000 10.067877 1.585282 2.906821
 3315.000000 9.963474 1.562623 2.951393
 3318.000000 9.871138 1.557678 2.956939
 3321.000000 9.918584 1.554187 2.966785
 3324.000000 10.038502 1.564627 2.939074
 3327.000000 10.033873 1.554771 2.947768
 3330.000000 10.197972 1.569758 2.931155
 3333.000000 10.163503 1.532327 2.943338
 3336.000000 10.157026 1.539147 2.980288
 3339.000000 10.151942 1.557775 2.965797
 3342.000000 10.135832 1.564853 2.963609
 3345.000000 10.064357 1.568513 2.951920
 3348.000000 10.077562 1.577917 2.982559
 3351.000000 10.034900 1.569578 2.979173
 3354.000000 9.977122 1.593291 2.970782
 3357.000000 9.985578 1.608687 2.969890
 3360.000000 9.978197 1.597673 2.972895
 3363.000000 9.966349 1.586931 2.970517
 3366.000000 9.970421 1.585799 2.981514
 3369.000000 9.920070 1.572791 2.996872
 3372.000000 9.963271 1.587487 2.998258
 3375.000000 9.924347 1.582381 2.995773
 3378.000000 9.983876 1.585665 2.979972
 3381.000000 9.979889 1.604546 2.938448
 3384.000000 9.917931 1.591957 2.930475
 3387.000000 9.867068 1.575002 2.950123
 3390.000000 9.804783 1.588309 2.942177
 3393.000000 9.877966 1.584509 2.959231
 3396.000000 9.866059 1.538214 3.000573
 3399.000000 9.917326 1.576363 2.968730
 3402.000000 9.913468 1.540679 3.007202
 3405.000000 9.838926 1.584913 2.965134
 3408.000000 9.917097 1.569667 2.995394
 3411.000000 9.910147 1.561364 3.000112
 3414.000000 9.848213 1.548537 2.987697
 3417.000000 9.859725 1.533749 2.996059
 3420.000000 9.805990 1.541986 3.005137
 3423.000000 9.867024 1.547685 2.976615
 3426.000000 9.803983 1.540841 2.938202
 3429.000000 9.839999 1.521006 2.936012
 3432.000000 9.875326 1.537348 2.910926
 3435.000000 9.889219 1.531933 2.952258
 3438.000000 9.930365 1.534346 2.954488
 3441.000000 9.944988 1.525879 2.985655
 3444.000000 9.919295 1.547722 2.946033
 3447.000000 9.903089 1.556007 2.990568
 3450.000000 9.902011 1.567482 2.946949
 3453.000000 9.903265 1.562854 2.951016
 3456.000000 9.848527 1.578136 2.944691
 3459.000000 9.837947 1.569702 2.955028
 3462.000000 9.790990 1.587373 2.944424
 3465.000000 9.878430 1.572208 2.938949
 3468.000000 9.841438 1.562068 2.944887
 3471.000000 9.886556 1.557223 2.956125
 3474.000000 9.915322 1.570096 2.949594
 3477.000000 9.936713 1.557906 2.933997
 3480.000000 9.918432 1.540482 2.920782
 3483.000000 10.035301 1.553307 2.913265
 3486.000000 9.997477 1.550274 2.917553
 3489.000000 9.982255 1.558537 2.931577
 3492.000000 10.043043 1.557334 2.954180
 3495.000000 10.030243 1.546509 2.943214
 3498.000000 10.042277 1.543952 2.952244
 3501.000000 10.040595 1.540397 2.985474
 3504.000000 9.961857 1.561782 2.942368
 3507.000000 10.035885 1.578211 2.942070
 3510.000000 10.074699 1.558824 2.974886
 3513.000000 10.071407 1.552719 2.990654
 3516.000000 10.121620 1.535477 3.015151
 3519.000000 10.085085 1.547469 2.987901
 3522.000000 10.006783 1.541672 3.011717
 3525.000000 9.994268 1.511856 3.025238
 3528.000000 9.954007 1.541517 2.996634
 3531.000000 9.924794 1.522295 2.996659
 3534.000000 9.885929 1.534902 2.988990
 3537.000000 9.837542 1.546034 2.986764
 3540.000000 9.811176 1.561977 2.983608
 3543.000000 9.908674 1.568960 3.007732
 3546.000000 9.859984 1.546471 3.025133
 3549.000000 9.843878 1.535035 3.024819
 3552.000000 9.902241 1.525401 3.029077
 3555.000000 9.836677 1.532646 3.030908
 3558.000000 9.807524 1.535030 3.018515
 3561.000000 9.819813 1.522516 3.049997
 3564.000000 9.813247 1.507504 3.023622
 3567.000000 9.888236 1.520276 3.027874
 3570.000000 9.866839 1.518612 3.035940
 3573.000000 9.947919 1.533492 3.048553
 3576.000000 9.835663 1.535238 3.023593
 3579.000000 9.932666 1.513632 3.012497
 3582.000000 9.924963 1.522412 3.015633
 3585.000000 10.096784 1.535531 3.028330
 3588.000000 10.029441 1.546414 2.986132
 3591.000000 10.010730 1.536131 2.974168
 3594.000000 10.059701 1.568718 2.946188
 3597.000000 9.975894 1.558308 2.979770
 3600.000000 10.044056 1.574776 2.954725
 3603.000000 9.959145 1.574845 2.938209
 3606.000000 9.908044 1.569846 2.922558
 3609.000000 9.948152 1.560397 2.965353
 3612.000000 9.970189 1.568637 2.962984
 3615.000000 9.948518 1.559186 2.985545
 3618.000000 9.904946 1.549903 3.024467
 3621.000000 9.958184 1.554362 3.000930
 3624.000000 9.907661 1.573628 2.993307
 3627.000000 9.973325 1.563797 3.005083
 3630.000000 9.938026 1.569328 3.013505
 3633.000000 9.894369 1.571334 3.003250
 3636.000000 9.857122 1.584265 2.988221
 3639.000000 9.866130 1.585848 2.988181
 3642.000000 9.858117 1.568175 2.999786
 3645.000000 9.894403 1.563619 2.981304
 3648.000000 9.908834 1.580945 3.034374
 3651.000000 9.960705 1.567652 3.026039
 3654.000000 9.988158 1.572664 3.014649
 3657.000000 10.024090 1.543217 2.999984
 3660.000000 10.064827 1.581710 2.974490
 3663.000000 10.098284 1.589221 2.983716
 3666.000000 10.087413 1.562982 3.015987
 3669.000000 10.013699 1.590171 2.987250
 3672.000000 10.037561 1.602926 2.977939
 3675.000000 9.987556 1.594894 3.009322
 3678.000000 9.911922 1.563154 3.018071
 3681.000000 9.989445 1.576485 2.984478
 3684.000000 10.006860 1.620780 2.977068
 3687.000000 10.041019 1.642727 2.975511
 3690.000000 10.007335 1.629167 2.974549
 3693.000000 10.004445 1.637971 2.957971
 3696.000000 9.936874 1.614713 2.977839
 3699.000000 9.974207 1.618743 2.972318
 3702.000000 10.011448 1.589599 2.976669
 3705.000000 9.903667 1.571027 2.992147
 3708.000000 9.938903 1.576421 2.959182
 3711.000000 9.956456 1.574514 2.982829
 3714.000000 9.964310 1.589106 2.954234
 3717.000000 9.968319 1.541923 2.974605
 3720.000000 9.992702 1.565185 2.974541
 3723.000000 9.993450 1.599093 2.961021
 3726.000000 9.983394 1.555579 2.965268
 3729.000000 9.902089 1.556787 2.944040
 3732.000000 9.884915 1.539893 2.965283
 3735.000000 9.939155 1.554876 2.982647
 3738.000000 9.898206 1.518346 3.029071
 3741.000000 9.893139 1.497082 3.010841
 3744.000000 9.917689 1.511928 3.015715
 3747.000000 9.920687 1.532812 3.024194
 3750.000000 9.982413 1.568401 2.994152
 3753.000000 10.010454 1.577959 2.963076
 3756.000000 9.954722 1.561985 2.992133
 3759.000000 9.941914 1.570037 2.959013
 3762.000000 9.925120 1.556321 2.997223
 3765.000000 9.888413 1.522176 3.006377
 3768.000000 9.826881 1.501950 2.990595
 3771.000000 9.785194 1.525751 3.011676
 3774.000000 9.833487 1.551695 3.002356
 3777.000000 9.819771 1.555842 2.986003
 3780.000000 9.776342 1.554175 3.000616
 3783.000000 9.845275 1.545240 3.027251
 3786.000000 9.780518 1.555870 3.013971
 3789.000000 9.818919 1.594874 2.985634
 3792.000000 9.870454 1.546284 3.016726
 3795.000000 9.912105 1.552904 2.993114
 3798.000000 9.815879 1.533076 3.009405
 3801.000000 9.759945 1.550424 2.974295
 3804.000000 9.768414 1.561355 2.953456
 3807.000000 9.770360 1.569308 2.966853
 3810.000000 9.715193 1.568973 2.975486
 3813.000000 9.751605 1.561157 2.962048
 3816.000000 9.781981 1.562785 2.977870
 3819.000000 9.754235 1.557318 2.944629
 3822.000000 9.791947 1.558423 2.921298
 3825.000000 9.792609 1.569011 2.925371
 3828.000000 9.839966 1.570995 2.927428
 3831.000000 9.915030 1.553930 2.938220
 3834.000000 9.947391 1.512928 2.964025
 3837.000000 9.935156 1.515907 2.972081
 3840.000000 9.965451 1.522569 2.907074
 3843.000000 9.889522 1.514804 2.924811
 3846.000000 9.876379 1.510151 2.954053
 3849.000000 9.876860 1.511041 2.933628
 3852.000000 9.920100 1.518887 2.972662
 3855.000000 9.944364 1.486241 2.980622
 3858.000000 9.938809 1.486944 2.955075
 3861.000000 9.961060 1.523664 2.966641
 3864.000000 9.992455 1.531527 2.954168
 3867.000000 9.923458 1.548660 2.927443
 3870.000000 9.861119 1.520014 2.971295
 3873.000000 9.870900 1.507063 2.981848
 3876.000000 9.908833 1.511185 3.008180
 3879.000000 9.849385 1.554967 2.969617
 3882.000000 9.824536 1.548442 2.970677
 3885.000000 9.741929 1.508155 3.010157
 3888.000000 9.808655 1.553404 2.977571
 3891.000000 9.791674 1.539602 2.968676
 3894.000000 9.661413 1.546877 3.001080
 3897.000000 9.759898 1.538735 3.006113
 3900.000000 9.785762 1.536001 3.009148
 3903.000000 9.759883 1.541958 2.991596
 3906.000000 9.700494 1.537203 3.013281
 3909.000000 9.714953 1.525373 3.014737
 3912.000000 9.728744 1.525082 2.996035
 3915.000000 9.751940 1.535462 2.992948
 3918.000000 9.756809 1.516682 2.985964
 3921.000000 9.784314 1.529710 2.964391
 3924.000000 9.720170 1.545338 2.961503
 3927.000000 9.708756 1.533144 2.993527
 3930.000000 9.732774 1.519670 2.987049
 3933.000000 9.736913 1.509634 3.008192
 3936.000000 9.768617 1.511441 2.992459
 3939.000000 9.784618 1.558802 2.976504
 3942.000000 9.861262 1.554605 2.952562
 3945.000000 9.899901 1.548976 2.989111
 3948.000000 9.950046 1.539650 2.990681
 3951.000000 9.912488 1.554386 2.989187
 3954.000000 9.877397 1.551997 2.949376
 3957.000000 9.954021 1.585503 2.948574
 3960.000000 9.972409 1.573058 2.928975
 3963.000000 9.964927 1.553238 2.935632
 3966.000000 10.038335 1.520016 2.962933
 3969.000000 10.091404 1.562249 2.907262
 3972.000000 9.983301 1.538988 2.925179
 3975.000000 9.987768 1.512796 2.933272
 3978.000000 9.908661 1.507239 2.954424
 3981.000000 9.944210 1.524233 2.955839
 3984.000000 9.918749 1.512142 2.994057
 3987.000000 9.957183 1.503244 3.027061
 3990.000000 9.940878 1.528731 3.032739
 3993.000000 9.943462 1.522742 3.004478
 3996.000000 9.918706 1.508823 3.030580
 3999.000000 9.877588 1.550848 2.963933
 4002.000000 9.936222 1.532220 3.000852
 4005.000000 9.892544 1.521082 2.996627
 4008.000000 9.849186 1.511077 2.976137
 4011.000000 9.944833 1.544835 2.957544
 4014.000000 9.922960 1.582885 2.929460
 4017.000000 9.863914 1.571553 2.910280
 4020.000000 9.843843 1.569936 2.917423
 4023.000000 9.837368 1.573645 2.937774
 4026.000000 9.817569 1.551518 2.950425
 4029.000000 9.899553 1.560427 2.947488
 4032.000000 9.987238 1.565883 2.920302
 4035.000000 9.973635 1.553608 2.947704
 4038.000000 9.967480 1.560696 2.939234
 4041.000000 9.938365 1.557057 2.904491
 4044.000000 9.924250 1.549089 2.913896
 4047.000000 9.998941 1.569477 2.936624
 4050.000000 10.004956 1.594487 2.940631
 4053.000000 10.042205 1.607152 2.950885
 4056.000000 9.987944 1.594029 2.974491
 4059.000000 9.987812 1.595198 2.962226
 4062.000000 9.970207 1.608974 2.974653
 4065.000000 9.933896 1.590221 2.988214
 4068.000000 9.949213 1.577421 2.974682
 4071.000000 9.936042 1.582973 2.974236
 4074.000000 9.873391 1.623402 2.943575
 4077.000000 9.867229 1.605781 2.982669
 4080.000000 9.840995 1.595575 2.985296
 4083.000000 9.803598 1.616980 2.974674
 4086.000000 9.825424 1.597166 2.991649
 4089.000000 9.853414 1.602889 2.992128
 4092.000000 9.809071 1.605950 2.971863
 4095.000000 9.829101 1.566235 2.990863
 4098.000000 9.845758 1.578989 2.983321
 4101.000000 9.911809 1.572311 2.942315
 4104.000000 9.826235 1.536279 2.968218
 4107.000000 9.883913 1.554262 2.966621
 4110.000000 9.814629 1.547161 2.982536
 4113.000000 9.863234 1.545458 2.991219
 4116.000000 9.879735 1.543728 2.993880
 4119.000000 9.871910 1.559103 2.985260
 4122.000000 9.834693 1.522276 3.014972
 4125.000000 9.778228 1.524931 3.034450
 4128.000000 9.915191 1.525410 3.026765
 4131.000000 9.936779 1.540263 3.008242
 4134.000000 9.978951 1.550708 2.992689
 4137.000000 9.965941 1.574561 2.956769
 4140.000000 9.974425 1.578266 2.964302
 4143.000000 9.863141 1.578167 2.960197
 4146.000000 9.807894 1.593917 2.928702
 4149.000000 9.779672 1.562769 2.964726
 4152.000000 9.814174 1.536366 2.977125
 4155.000000 9.746006 1.551066 2.959230
 4158.000000 9.717431 1.574790 2.947282
 4161.000000 9.741022 1.561402 2.924487
 4164.000000 9.753583 1.538910 2.942794
 4167.000000 9.694225 1.538726 2.958331
 4170.000000 9.766021 1.563676 2.972942
 4173.000000 9.707940 1.533641 3.002048
 4176.000000 9.680888 1.535664 3.010643
 4179.000000 9.829463 1.549319 3.023199
 4182.000000 9.788561 1.556901 2.990675
 4185.000000 9.800335 1.538593 3.007525
 4188.000000 9.814920 1.547169 2.989959
 4191.000000 9.764508 1.555643 2.978990
 4194.000000 9.837448 1.565603 2.982410
 4197.000000 9.837101 1.567625 2.961366
 4200.000000 9.876866 1.570158 2.954976
 4203.000000 9.905519 1.589437 2.923449
 4206.000000 9.930773 1.585088 2.925290
 4209.000000 9.833731 1.575806 2.931414
 4212.000000 9.850664 1.559738 2.951651
 4215.000000 9.847226 1.544057 2.959098
 4218.000000 9.862818 1.550498 2.962031
 4221.000000 9.849761 1.544883 2.966402
 4224.000000 9.918373 1.545648 2.945353
 4227.000000 9.957055 1.573397 2.953758
 4230.000000 9.920239 1.560822 2.998149
 4233.000000 9.834180 1.547867 3.000384
 4236.000000 9.856727 1.559531 3.041275
 4239.000000 9.998080 1.565419 3.013102
 4242.000000 9.950751 1.572210 2.986899
 4245.000000 9.919440 1.594199 2.956793
 4248.000000 9.923034 1.612454 2.980427
 4251.000000 9.866430 1.578678 3.000934
 4254.000000 9.861447 1.578157 2.987027
 4257.000000 9.935266 1.583910 2.983431
 4260.000000 9.988663 1.573629 3.009394
 4263.000000 9.984959 1.566530 3.013240
 4266.000000 9.963513 1.598865 3.004838
 4269.000000 10.024803 1.592988 3.000161
 4272.000000 9.942755 1.577013 3.008732
 4275.000000 9.942625 1.604473 2.990142
 4278.000000 9.900570 1.583609 3.018962
 4281.000000 9.836081 1.560452 2.998538
 4284.000000 9.917901 1.578446 2.995282
 4287.000000 9.974619 1.589139 3.021799
 4290.000000 9.949490 1.575497 2.998669
 4293.000000 9.958472 1.574227 3.026894
 4296.000000 9.824956 1.562358 3.012823
 4299.000000 9.884636 1.568840 3.012800
 4302.000000 9.918729 1.577345 2.954024
 4305.000000 9.916110 1.553184 2.965774
 4308.000000 9.947560 1.544192 2.975413
 4311.000000 9.869043 1.512190 3.013633
 4314.000000 9.829095 1.527499 3.052328
 4317.000000 9.766630 1.539474 3.029801
 4320.000000 9.762350 1.520988 3.027989
 4323.000000 9.738354 1.549003 3.009691
 4326.000000 9.801477 1.558004 2.987082
 4329.000000 9.776170 1.584314 2.990839
 4332.000000 9.721740 1.590961 2.976691
 4335.000000 9.823717 1.593371 2.983129
 4338.000000 9.921714 1.594846 3.001213
 4341.000000 9.811831 1.597768 2.977097
 4344.000000 9.877786 1.560586 3.002367
 4347.000000 9.835887 1.589625 2.987650
 4350.000000 9.855228 1.575541 2.985962
 4353.000000 9.807900 1.566967 2.980262
 4356.000000 9.747181 1.547279 3.008648
 4359.000000 9.734835 1.545542 3.003395
 4362.000000 9.724576 1.537587 3.013608
 4365.000000 9.705202 1.551058 3.005133
 4368.000000 9.706941 1.566049 2.985345
 4371.000000 9.675033 1.577031 2.983950
 4374.000000 9.756767 1.571105 2.954041
 4377.000000 9.781490 1.571843 2.975488
 4380.000000 9.845618 1.597016 2.978055
 4383.000000 9.912347 1.594415 2.987101
 4386.000000 9.893107 1.612656 2.988831
 4389.000000 9.839725 1.610898 2.971294
 4392.000000 9.810318 1.603412 2.996524
 4395.000000 9.829747 1.613908 2.971445
 4398.000000 9.787014 1.608175 2.965076
 4401.000000 9.819950 1.604883 3.015728
 4404.000000 9.890178 1.609882 3.019860
 4407.000000 9.910429 1.605701 3.019588
 4410.000000 9.865768 1.576415 3.020983
 4413.000000 9.838641 1.595422 2.998488
 4416.000000 9.842882 1.603255 3.012072
 4419.000000 9.897833 1.593303 3.020140
 4422.000000 9.818706 1.594507 3.005855
 4425.000000 9.726676 1.596599 2.987835
 4428.000000 9.725042 1.600754 2.978162
 4431.000000 9.756279 1.583764 2.994516
 4434.000000 9.859251 1.599027 2.987958
 4437.000000 9.929613 1.562639 3.012346
 4440.000000 9.831390 1.579123 2.994700
 4443.000000 9.899348 1.593340 2.975048
 4446.000000 9.930884 1.607212 2.930514
 4449.000000 9.896754 1.581393 2.967382
 4452.000000 9.861217 1.596938 2.952646
 4455.000000 9.855732 1.601515 2.956827
 4458.000000 9.941742 1.592117 2.961242
 4461.000000 9.919765 1.606604 2.935706
 4464.000000 9.921247 1.591467 2.943977
 4467.000000 9.876934 1.587650 2.942549
 4470.000000 9.959715 1.599742 2.955023
 4473.000000 9.907077 1.568967 2.988242
 4476.000000 9.949536 1.579156 2.967143
 4479.000000 9.903265 1.567978 2.987605
 4482.000000 9.915188 1.582446 2.965347
 4485.000000 9.942504 1.555358 2.992772
 4488.000000 9.913516 1.567178 2.988850
 4491.000000 9.839122 1.580061 2.986954
 4494.000000 9.881596 1.576597 3.001616
 4497.000000 9.867230 1.574056 2.967082
 4500.000000 9.927048 1.555682 3.005867
 4503.000000 9.930937 1.564033 3.028237
 4506.000000 9.958117 1.568993 2.992929
 4509.000000 9.961433 1.562588 2.979927
 4512.000000 9.972928 1.570653 2.956375
 4515.000000 9.960619 1.572228 2.953207
 4518.000000 9.963077 1.571546 2.917575
 4521.000000 9.938174 1.575068 2.933674
 4524.000000 9.963467 1.579410 2.935038
 4527.000000 9.999587 1.579701 2.929215
 4530.000000 10.028132 1.565059 2.943616
 4533.000000 9.867825 1.580687 2.976306
 4536.000000 9.834161 1.569539 2.990052
 4539.000000 9.925692 1.588928 2.960801
 4542.000000 9.972019 1.586618 2.973822
 4545.000000 9.996483 1.585439 2.997326
 4548.000000 10.025032 1.595179 2.983161
 4551.000000 9.992307 1.553687 3.005537
 4554.000000 9.906234 1.546646 2.998603
 4557.000000 9.909876 1.557968 3.016587
 4560.000000 9.928173 1.545461 3.045878
 4563.000000 9.907880 1.550202 3.013349
 4566.000000 9.921575 1.555754 3.005811
 4569.000000 9.856106 1.540532 3.021531
 4572.000000 9.817719 1.537706 3.020927
 4575.000000 9.802623 1.544435 2.979423
 4578.000000 9.797723 1.575612 2.964188
 4581.000000 9.818515 1.559783 3.020457
 4584.000000 9.735740 1.574301 2.975310
 4587.000000 9.864881 1.560923 3.006349
 4590.000000 9.784737 1.546101 3.023988
 4593.000000 9.780447 1.569631 2.998860
 4596.000000 9.763615 1.559185 3.007306
 4599.000000 9.752237 1.540286 3.021244
 4602.000000 9.783279 1.535517 3.027999
 4605.000000 9.804557 1.546179 2.997145
 4608.000000 9.862870 1.544728 2.987148
 4611.000000 9.911056 1.528201 3.004061
 4614.000000 9.883421 1.540467 3.030244
 4617.000000 9.901360 1.569865 2.975630
 4620.000000 9.875504 1.537341 3.026780
 4623.000000 9.907052 1.550289 3.003063
 4626.000000 9.895706 1.540224 2.996985
 4629.000000 9.826629 1.521865 2.992120
 4632.000000 9.754519 1.524504 3.004897
 4635.000000 9.850404 1.530957 3.065017
 4638.000000 9.845374 1.539150 3.016318
 4641.000000 9.887179 1.524875 3.031160
 4644.000000 9.882463 1.523969 3.013899
 4647.000000 9.904563 1.538760 2.979730
 4650.000000 9.934496 1.509819 3.022242
 4653.000000 9.919665 1.518559 2.995045
 4656.000000 9.906778 1.523965 2.975698
 4659.000000 9.880443 1.493098 3.000147
 4662.000000 9.879122 1.504709 2.972550
 4665.000000 9.830921 1.514890 2.988461
 4668.000000 9.784736 1.515010 2.989093
 4671.000000 9.830794 1.494093 3.005197
 4674.000000 9.842475 1.522277 2.949473
 4677.000000 9.820916 1.489524 2.969589
 4680.000000 9.845817 1.497626 2.958957
 4683.000000 9.839894 1.489345 2.972410
 4686.000000 9.778301 1.518832 2.953997
 4689.000000 9.796800 1.544604 2.948933
 4692.000000 9.808492 1.510773 2.969687
 4695.000000 9.835980 1.535192 2.956763
 4698.000000 9.880408 1.545796 2.924372
 4701.000000 9.914637 1.545602 2.953363
 4704.000000 9.896028 1.515461 2.959010
 4707.000000 9.807782 1.535655 2.961565
 4710.000000 9.805296 1.539588 2.989859
 4713.000000 9.888765 1.547301 2.949243
 4716.000000 9.902275 1.517752 2.984201
 4719.000000 9.835228 1.499559 2.991239
 4722.000000 9.867681 1.495061 3.025940
 4725.000000 9.861897 1.514354 3.029240
 4728.000000 9.927266 1.501186 3.063114
 4731.000000 9.891527 1.537873 3.010752
 4734.000000 9.857240 1.531835 3.010673
 4737.000000 9.820945 1.536096 2.961351
 4740.000000 9.760984 1.558436 2.989741
 4743.000000 9.809000 1.556301 2.981808
 4746.000000 9.806267 1.556892 2.984430
 4749.000000 9.749969 1.597399 2.962614
 4752.000000 9.851092 1.564990 3.024545
 4755.000000 9.841413 1.611343 2.942234
 4758.000000 9.896919 1.599525 2.928734
 4761.000000 9.894399 1.580593 2.919523
 4764.000000 9.952020 1.551846 2.976830
 4767.000000 9.873910 1.539247 2.983601
 4770.000000 9.873282 1.572461 2.971098
 4773.000000 9.914988 1.550431 2.987628
 4776.000000 9.874154 1.548940 2.967599
 4779.000000 9.907490 1.532366 2.946543
 4782.000000 9.946227 1.535450 2.957173
 4785.000000 9.919056 1.565801 2.945153
 4788.000000 9.865418 1.569837 2.913676
 4791.000000 9.839087 1.571069 2.943338
 4794.000000 9.809736 1.541548 2.971407
 4797.000000 9.848351 1.553013 2.972370
 4800.000000 9.845435 1.562563 2.962323
 4803.000000 9.894548 1.530245 2.998779
 4806.000000 9.902376 1.542323 2.983862
 4809.000000 9.886244 1.555590 2.960950
 4812.000000 9.855411 1.556653 2.971514
 4815.000000 9.784101 1.536069 2.957629
 4818.000000 9.841944 1.537336 2.927197
 4821.000000 9.754432 1.536800 2.936201
 4824.000000 9.760450 1.548837 2.915809
 4827.000000 9.790562 1.568055 2.893763
 4830.000000 9.763350 1.565111 2.889949
 4833.000000 9.831126 1.553577 2.908460
 4836.000000 9.852471 1.564628 2.900872
 4839.000000 9.799747 1.571979 2.897121
 4842.000000 9.824413 1.556819 2.919036
 4845.000000 9.895192 1.508304 2.944823
 4848.000000 9.890433 1.530393 2.953401
 4851.000000 9.815472 1.528616 2.927561
 4854.000000 9.780738 1.548643 2.923897
 4857.000000 9.783404 1.517601 2.953012
 4860.000000 9.834173 1.535879 2.942557
 4863.000000 9.907376 1.532033 2.941053
 4866.000000 9.824281 1.551816 2.909698
 4869.000000 9.838628 1.552414 2.894029
 4872.000000 9.815254 1.539440 2.957955
 4875.000000 9.830465 1.539044 2.989726
 4878.000000 9.794371 1.534578 3.001109
 4881.000000 9.807436 1.544584 3.005175
 4884.000000 9.801713 1.527061 3.027094
 4887.000000 9.794175 1.540001 2.997363
 4890.000000 9.891850 1.548735 2.985294
 4893.000000 9.870210 1.558817 3.000538
 4896.000000 9.920893 1.561316 2.989853
 4899.000000 9.882525 1.556258 2.978385
 4902.000000 9.816110 1.575563 2.972270
 4905.000000 9.891401 1.572715 2.988549
 4908.000000 9.934978 1.566556 2.997042
 4911.000000 9.886918 1.581532 2.989981
 4914.000000 9.848692 1.563574 3.017747
 4917.000000 9.883519 1.586250 3.008142
 4920.000000 9.836752 1.569366 3.004840
 4923.000000 9.804496 1.563201 3.015278
 4926.000000 9.857280 1.572513 3.031388
 4929.000000 9.807331 1.553001 3.055444
 4932.000000 9.830224 1.563465 3.036958
 4935.000000 9.868430 1.539879 2.990255
 4938.000000 9.797476 1.568325 3.009956
 4941.000000 9.893662 1.569828 3.003140
 4944.000000 9.920970 1.586734 2.989787
 4947.000000 9.861965 1.564769 3.002562
 4950.000000 9.907354 1.554611 3.011692
 4953.000000 9.945474 1.585620 2.987933
 4956.000000 10.051091 1.584509 2.983391
 4959.000000 10.023312 1.616105 2.940900
 4962.000000 10.089716 1.592138 2.945053
 4965.000000 10.053096 1.553959 2.974041
 4968.000000 10.019012 1.546081 2.977979
 4971.000000 10.031772 1.532125 2.937348
 4974.000000 9.988043 1.531652 2.972204
 4977.000000 9.933257 1.548062 2.961513
 4980.000000 9.914784 1.541620 2.974279
 4983.000000 9.868295 1.540265 2.999934
 4986.000000 9.773182 1.540707 3.020159
 4989.000000 9.903762 1.520247 3.036656
 4992.000000 9.967103 1.547725 3.016779
 4995.000000 10.007199 1.528673 3.016913
 4998.000000 9.928715 1.535729 3.012796
 5001.000000 9.917121 1.538586 2.987254
 5004.000000 9.983491 1.551756 3.015303
 5007.000000 9.858561 1.538189 2.997193
 5010.000000 9.987625 1.534585 3.029941
 5013.000000 9.999531 1.548748 3.009273
 5016.000000 9.986167 1.583205 2.976930
 5019.000000 9.945001 1.557682 2.975478
 5022.000000 10.020250 1.555171 3.013005
 5025.000000 9.983788 1.563365 3.009848
 5028.000000 9.982437 1.554141 3.033039
 5031.000000 9.994880 1.545988 3.013418
 5034.000000 9.912199 1.564944 3.007961
 5037.000000 9.970781 1.578922 2.983026
 5040.000000 10.008617 1.574703 2.995922
 5043.000000 10.056541 1.577441 2.997214
 5046.000000 10.045561 1.571245 3.031271
 5049.000000 10.006424 1.570599 3.036031
 5052.000000 10.017018 1.606207 2.997417
 5055.000000 10.032577 1.599922 2.963860
 5058.000000 9.995647 1.599814 2.982724
 5061.000000 10.002218 1.557347 3.012966
 5064.000000 10.044615 1.607854 2.988122
 5067.000000 10.047709 1.628372 2.946654
 5070.000000 10.098395 1.657021 2.919327
 5073.000000 10.111355 1.634834 2.921428
 5076.000000 10.074630 1.642096 2.952602
 5079.000000 10.051603 1.624739 2.970428
 5082.000000 10.017303 1.618298 2.968965
 5085.000000 10.064851 1.595470 2.955205
 5088.000000 10.110542 1.624986 2.919666
 5091.000000 10.123246 1.656065 2.959817
 5094.000000 10.086988 1.666942 2.923905
 5097.000000 10.087107 1.654748 2.951713
 5100.000000 10.073935 1.650469 2.948737
 5103.000000 10.060029 1.638091 2.966741
 5106.000000 10.081541 1.663221 2.970600
 5109.000000 10.087447 1.647725 2.966957
 5112.000000 9.965367 1.646156 2.986020
 5115.000000 9.995575 1.645172 2.989933
 5118.000000 9.924332 1.644501 2.976775
 5121.000000 9.881815 1.622317 2.980673
 5124.000000 9.931644 1.627639 2.965653
 5127.000000 9.887113 1.611967 2.988384
 5130.000000 9.862193 1.588592 3.010819
 5133.000000 9.916938 1.601568 2.966936
 5136.000000 9.972921 1.608367 2.951430
 5139.000000 10.022039 1.575475 2.999029
 5142.000000 9.934671 1.571059 2.990222
 5145.000000 9.930879 1.589582 2.993938
 5148.000000 9.856278 1.570481 2.975825
 5151.000000 9.899207 1.571017 2.986180
 5154.000000 9.928317 1.591909 2.981696
 5157.000000 9.938763 1.602783 2.970542
 5160.000000 9.947578 1.586190 2.955995
 5163.000000 9.961637 1.598621 2.941356
 5166.000000 9.922776 1.590864 2.984905
 5169.000000 9.849339 1.576647 3.023364
 5172.000000 9.788694 1.578827 3.006114
 5175.000000 9.774466 1.558494 3.013410
 5178.000000 9.841534 1.563273 3.025533
 5181.000000 9.875770 1.581233 2.987825
 5184.000000 9.905291 1.568447 2.988192
 5187.000000 9.925440 1.540854 2.998227
 5190.000000 9.901239 1.564856 2.955387
 5193.000000 10.043277 1.565730 2.977881
 5196.000000 9.900929 1.572700 2.925062
 5199.000000 9.853668 1.549271 2.957308
 5202.000000 9.828592 1.534631 2.990540
 5205.000000 9.909813 1.531647 2.980521
 5208.000000 9.806054 1.528117 2.981823
 5211.000000 9.837369 1.562345 2.977418
 5214.000000 9.836527 1.550648 2.986289
 5217.000000 9.843487 1.545986 3.018360
 5220.000000 9.803732 1.547809 2.998153
 5223.000000 9.795700 1.553199 2.978346
 5226.000000 9.755081 1.562956 2.968126
 5229.000000 9.762240 1.560065 2.988399
 5232.000000 9.790453 1.589718 2.926625
 5235.000000 9.790056 1.560404 2.979650
 5238.000000 9.782038 1.561749 2.933979
 5241.000000 9.861849 1.576555 2.923019
 5244.000000 9.912344 1.577885 2.932539
 5247.000000 9.929206 1.584699 2.898950
 5250.000000 9.978779 1.560648 2.931315
 5253.000000 9.995134 1.566169 2.933647
 5256.000000 10.014326 1.570838 2.944052
 5259.000000 10.092575 1.561248 2.975148
 5262.000000 10.064822 1.571351 2.978818
 5265.000000 10.116374 1.551816 2.985946
 5268.000000 10.055757 1.560595 3.009936
 5271.000000 10.025756 1.572956 2.976946
 5274.000000 9.984294 1.558905 2.966976
 5277.000000 9.962080 1.559737 2.963924
 5280.000000 9.945494 1.522958 3.019408
 5283.000000 10.007150 1.514856 3.003827
 5286.000000 9.945020 1.529341 3.039239
 5289.000000 9.879448 1.561948 3.024952
 5292.000000 9.863326 1.549731 3.021303
 5295.000000 9.939875 1.560637 2.968138
 5298.000000 9.875846 1.574438 2.955457
 5301.000000 9.916587 1.555074 2.962333
 5304.000000 9.918969 1.548105 2.945361
 5307.000000 9.922340 1.558941 2.921129
 5310.000000 9.863408 1.536362 2.940921
 5313.000000 9.911584 1.543001 2.933136
 5316.000000 9.893823 1.533692 2.953221
 5319.000000 9.891990 1.547997 2.964700
 5322.000000 9.933880 1.553420 2.979677
 5325.000000 9.959460 1.560929 2.959010
 5328.000000 9.990301 1.562487 2.969084
 5331.000000 9.969643 1.552539 2.978811
 5334.000000 9.946784 1.531647 2.980599
 5337.000000 9.961790 1.571612 2.955272
 5340.000000 9.986148 1.563842 2.958705
 5343.000000 9.955593 1.521387 3.003570
 5346.000000 9.914402 1.555942 2.955799
 5349.000000 9.931072 1.584198 2.972108
 5352.000000 9.874220 1.546070 2.991247
 5355.000000 9.902245 1.540715 3.009219
 5358.000000 9.931575 1.550630 2.968476
 5361.000000 9.916667 1.567508 2.980462
 5364.000000 9.993200 1.583547 2.957016
 5367.000000 9.948090 1.545688 2.990492
 5370.000000 9.999619 1.544915 2.992472
 5373.000000 10.024051 1.548395 2.968172
 5376.000000 9.970058 1.529445 3.019532
 5379.000000 9.910438 1.550450 2.974649
 5382.000000 9.929356 1.550999 2.964959
 5385.000000 9.969026 1.565531 2.977846
 5388.000000 10.005286 1.541096 2.993870
 5391.000000 10.035384 1.553247 2.976660
 5394.000000 10.070689 1.564143 2.952460
 5397.000000 10.124960 1.558194 2.994356
 5400.000000 10.147643 1.569777 2.956183
 5403.000000 10.160408 1.567517 2.973733
 5406.000000 10.218494 1.568501 2.965655
 5409.000000 10.166621 1.574139 2.953139
 5412.000000 10.214817 1.576168 2.948154
 5415.000000 10.084763 1.557201 2.969652
 5418.000000 10.085462 1.522424 3.015612
 5421.000000 9.988565 1.513036 3.009285
 5424.000000 9.958825 1.511553 3.020171
 5427.000000 9.970287 1.517143 3.024090
 5430.000000 9.962052 1.500515 3.033574
 5433.000000 9.944288 1.513154 3.010933
 5436.000000 10.051574 1.540130 2.978615
 5439.000000 9.951019 1.511523 2.994648
 5442.000000 9.942317 1.528357 2.974988
 5445.000000 9.949352 1.520666 2.943361
 5448.000000 9.979121 1.534213 2.939677
 5451.000000 9.942701 1.542998 2.919554
 5454.000000 10.052268 1.543346 2.960987
 5457.000000 10.129736 1.519686 2.985396
 5460.000000 10.170929 1.543565 2.983218
 5463.000000 10.121522 1.506550 2.990033
 5466.000000 10.052004 1.512087 3.024451
 5469.000000 10.056454 1.522986 3.017040
 5472.000000 10.011464 1.527817 2.961590
 5475.000000 10.001780 1.541569 2.967850
 5478.000000 10.074079 1.548033 2.974146
 5481.000000 9.981589 1.533213 3.023293
 5484.000000 9.907919 1.514353 3.025609
 5487.000000 10.040356 1.526287 2.989730
 5490.000000 10.019994 1.521559 2.987991
 5493.000000 10.009732 1.553081 2.969695
 5496.000000 10.079677 1.528371 2.989110
 5499.000000 10.009687 1.517428 2.985267
 5502.000000 9.941669 1.532791 2.996582
 5505.000000 9.978420 1.529327 2.988357
 5508.000000 9.981645 1.565243 2.983686
 5511.000000 9.982645 1.553719 2.993653
 5514.000000 9.949659 1.534771 2.986931
 5517.000000 10.084181 1.508642 3.025461
 5520.000000 10.067659 1.510452 3.042785
 5523.000000 9.940188 1.507647 3.045565
 5526.000000 9.941665 1.543884 2.970620
 5529.000000 10.014893 1.552702 2.980740
 5532.000000 9.995378 1.533163 2.989222
 5535.000000 9.907256 1.525488 2.990136
 5538.000000 9.936274 1.549955 2.948968
 5541.000000 9.882038 1.546061 2.986142
 5544.000000 9.816278 1.503827 3.005744
 5547.000000 9.824248 1.528100 2.978654
 5550.000000 9.857563 1.529418 2.985670
 5553.000000 9.820803 1.530890 2.998889
 5556.000000 9.850030 1.532680 3.001163
 5559.000000 9.851467 1.534186 3.003556
 5562.000000 9.880354 1.518450 2.990059
 5565.000000 9.883295 1.523085 3.004809
 5568.000000 9.882526 1.494463 2.986614
 5571.000000 9.928027 1.507001 2.984580
 5574.000000 9.925438 1.529080 2.906651
 5577.000000 9.923135 1.512267 2.960103
 5580.000000 9.914332 1.546119 2.970886
 5583.000000 9.941484 1.526248 2.977207
 5586.000000 9.943006 1.550730 2.946462
 5589.000000 10.019470 1.536211 2.970601
 5592.000000 10.023788 1.563924 2.939346
 5595.000000 9.997970 1.560847 2.964972
 5598.000000 10.021404 1.562292 2.967717
 5601.000000 10.139405 1.575683 2.953467
 5604.000000 10.112522 1.545298 2.964316
 5607.000000 10.038322 1.529585 2.965782
 5610.000000 9.987027 1.527071 2.950206
 5613.000000 9.974619 1.512295 2.998949
 5616.000000 9.983087 1.523208 2.969804
 5619.000000 9.940884 1.538663 2.937097
 5622.000000 9.955288 1.527681 2.940894
 5625.000000 9.961691 1.506513 2.991157
 5628.000000 10.009975 1.532013 2.963174
 5631.000000 10.022697 1.507501 2.972776
 5634.000000 10.049823 1.530392 2.987535
 5637.000000 9.981297 1.501085 2.983907
 5640.000000 9.981804 1.529208 2.942313
 5643.000000 9.976079 1.519474 2.929001
 5646.000000 10.009616 1.529936 2.903138
 5649.000000 10.025411 1.514856 2.963257
 5652.000000 9.986712 1.521042 2.937935
 5655.000000 10.000575 1.522158 2.919600
 5658.000000 10.055443 1.518636 2.925498
 5661.000000 10.126640 1.520792 2.977853
 5664.000000 10.082626 1.530601 2.971108
 5667.000000 9.982105 1.520742 2.931596
 5670.000000 9.946183 1.528259 2.949381
 5673.000000 10.030674 1.516621 2.973036
 5676.000000 10.067315 1.520824 2.974947
 5679.000000 10.077763 1.526483 2.953822
 5682.000000 9.999396 1.537147 2.962024
 5685.000000 9.928032 1.546167 2.929617
 5688.000000 9.900694 1.529255 2.983064
 5691.000000 9.892135 1.533701 2.980040
 5694.000000 9.904386 1.534434 3.022619
 5697.000000 10.010908 1.533564 3.035615
 5700.000000 9.942809 1.546944 3.012101
 5703.000000 9.901688 1.540469 2.981055
 5706.000000 9.938027 1.540349 2.987511
 5709.000000 9.911104 1.527473 2.997001
 5712.000000 9.869709 1.565244 2.966845
 5715.000000 9.962992 1.579033 2.950030
 5718.000000 10.044328 1.577098 2.988417
 5721.000000 10.066702 1.574167 2.947144
 5724.000000 9.976688 1.552829 2.961031
 5727.000000 9.943274 1.560263 2.950267
 5730.000000 10.003573 1.571716 2.966578
 5733.000000 10.024612 1.575755 2.965401
 5736.000000 10.005154 1.561323 2.966874
 5739.000000 10.028056 1.553763 2.944795
 5742.000000 10.078200 1.574341 2.928067
 5745.000000 10.064747 1.567078 2.929720
 5748.000000 9.982961 1.553621 2.920369
 5751.000000 9.977025 1.552406 2.912275
 5754.000000 10.048568 1.549729 2.902543
 5757.000000 10.018302 1.527207 2.907083
 5760.000000 9.993231 1.535731 2.858755
 5763.000000 10.009776 1.539791 2.873714
 5766.000000 10.011539 1.540161 2.858477
 5769.000000 10.032854 1.521116 2.878626
 5772.000000 9.996965 1.541134 2.894784
 5775.000000 10.172205 1.545236 2.932359
 5778.000000 10.117341 1.546925 2.913531
 5781.000000 10.155651 1.559658 2.911530
 5784.000000 10.156168 1.560516 2.929762
 5787.000000 10.219463 1.563481 2.936437
 5790.000000 10.235804 1.605476 2.915563
 5793.000000 10.200754 1.591259 2.933236
 5796.000000 10.158120 1.595590 2.933872
 5799.000000 10.190377 1.595490 2.937752
 5802.000000 10.026910 1.561805 2.993747
 5805.000000 10.051889 1.582126 2.958780
 5808.000000 10.026909 1.561417 2.961745
 5811.000000 9.984557 1.552828 2.946942
 5814.000000 9.983165 1.527242 2.992355
 5817.000000 9.964600 1.528502 2.988366
 5820.000000 10.149438 1.554062 2.969291
 5823.000000 9.964037 1.556115 2.949727
 5826.000000 10.010894 1.549386 2.963648
 5829.000000 10.032076 1.575875 2.958235
 5832.000000 9.988091 1.588016 2.912519
 5835.000000 9.910963 1.567499 2.963163
 5838.000000 10.001692 1.573255 2.962263
 5841.000000 10.037576 1.566192 2.963162
 5844.000000 9.935977 1.565207 2.977914
 5847.000000 9.946875 1.554134 2.973965
 5850.000000 10.010371 1.573739 2.968459
 5853.000000 9.965133 1.565742 2.991562
 5856.000000 9.954817 1.524266 3.017104
 5859.000000 9.984439 1.544577 2.986994
 5862.000000 10.030375 1.490222 3.005035
 5865.000000 10.020112 1.522241 2.997527
 5868.000000 9.970536 1.538897 2.984643
 5871.000000 10.003049 1.541823 2.965587
 5874.000000 10.027967 1.541100 2.963381
 5877.000000 9.966392 1.580165 2.943028
 5880.000000 9.959396 1.574992 2.953623
 5883.000000 9.939333 1.573921 2.972597
 5886.000000 10.028693 1.584332 2.947543
 5889.000000 10.013878 1.585216 2.885412
 5892.000000 10.111754 1.569952 2.942872
 5895.000000 10.036779 1.558940 2.943538
 5898.000000 9.999674 1.551217 2.947292
 5901.000000 10.055793 1.577096 2.919523
 5904.000000 10.066813 1.572398 2.911420
 5907.000000 10.041609 1.568802 2.914212
 5910.000000 10.000383 1.583140 2.917449
 5913.000000 9.932020 1.565705 2.956850
 5916.000000 9.935155 1.577393 2.953169
 5919.000000 9.959293 1.581454 2.947292
 5922.000000 9.953380 1.568234 2.911632
 5925.000000 9.918561 1.576914 2.917676
 5928.000000 9.940671 1.554432 2.939813
 5931.000000 9.898604 1.582517 2.930145
 5934.000000 9.948200 1.547107 2.977936
 5937.000000 10.044589 1.549577 2.972227
 5940.000000 10.053940 1.582346 2.934775
 5943.000000 9.996965 1.565350 2.926809
 5946.000000 9.927556 1.554617 2.971305
 5949.000000 9.983831 1.560915 2.977635
 5952.000000 10.013447 1.548190 2.950754
 5955.000000 10.032815 1.533144 2.957766
 5958.000000 9.989990 1.557650 2.939022
 5961.000000 9.973075 1.542548 2.956684
 5964.000000 9.927343 1.551523 2.952948
 5967.000000 9.970214 1.532661 2.968040
 5970.000000 9.925514 1.521144 3.006747
 5973.000000 9.929995 1.543920 2.987174
 5976.000000 9.913530 1.539708 2.982627
 5979.000000 9.935353 1.531174 2.978879
 5982.000000 9.920239 1.529643 2.981440
 5985.000000 9.913305 1.523364 3.001361
 5988.000000 9.905926 1.564921 2.950005
 5991.000000 9.952002 1.541520 2.985429
 5994.000000 9.993021 1.545298 2.977746
 5997.000000 9.987239 1.545809 2.971056
 6000.000000 10.005038 1.559937 2.963243
 6003.000000 10.024968 1.546212 3.012089
 6006.000000 9.910962 1.535005 2.979072
 6009.000000 9.874811 1.544234 2.940947
 6012.000000 9.874968 1.516344 2.956303
 6015.000000 9.905305 1.532551 2.953171
 6018.000000 9.939401 1.529893 2.963525
 6021.000000 9.899020 1.548731 2.951301
 6024.000000 9.938813 1.533893 2.949314
 6027.000000 9.859929 1.530989 2.964340
 6030.000000 9.842234 1.517196 2.959855
 6033.000000 9.855570 1.535395 2.941873
 6036.000000 9.913402 1.541711 2.967446
 6039.000000 9.857523 1.542800 2.983088
 6042.000000 9.917753 1.573996 2.975469
 6045.000000 9.933601 1.572317 2.955991
 6048.000000 9.997422 1.560312 2.959493
 6051.000000 10.025039 1.562775 2.958260
 6054.000000 10.030681 1.564169 2.958359
 6057.000000 10.077832 1.529784 2.972567
 6060.000000 10.080981 1.561444 2.962441
 6063.000000 10.026915 1.554235 2.939008
 6066.000000 10.008670 1.540893 2.981090
 6069.000000 10.016162 1.552865 2.984168
 6072.000000 9.977302 1.547123 2.972655
 6075.000000 9.955742 1.581190 2.929719
 6078.000000 9.943000 1.544543 2.971865
 6081.000000 9.999662 1.553213 2.996759
 6084.000000 9.975298 1.562225 2.990443
 6087.000000 9.962577 1.578391 2.957917
 6090.000000 10.054618 1.588798 2.955616
 6093.000000 9.980590 1.557349 2.975099
 6096.000000 10.010285 1.557115 2.946217
 6099.000000 9.945756 1.556625 2.961466
 6102.000000 9.931433 1.566025 2.931679
 6105.000000 9.935893 1.566641 2.920658
 6108.000000 9.968604 1.558122 2.919737
 6111.000000 10.102870 1.535819 2.933198
 6114.000000 10.007153 1.523491 2.965083
 6117.000000 9.975489 1.523699 2.973973
 6120.000000 10.032149 1.536399 2.948857
 6123.000000 10.022900 1.536615 2.922559
 6126.000000 9.987014 1.532473 2.943837
 6129.000000 9.980056 1.546493 2.927359
 6132.000000 9.941416 1.531876 2.951667
 6135.000000 9.909646 1.517226 2.967646
 6138.000000 9.932860 1.514958 2.959844
 6141.000000 9.918578 1.515241 2.967777
 6144.000000 9.887774 1.526932 2.960911
 6147.000000 9.885066 1.534268 2.964238
 6150.000000 9.835049 1.536612 2.968385
 6153.000000 9.899416 1.539651 2.974163
 6156.000000 9.904210 1.537499 2.974163
 6159.000000 10.029010 1.542570 2.996666
 6162.000000 10.060495 1.563793 2.981437
 6165.000000 10.090443 1.547980 2.961043
 6168.000000 10.043062 1.567228 2.929598
 6171.000000 10.036212 1.546326 2.952964
 6174.000000 10.016501 1.549669 2.941040
 6177.000000 10.110945 1.588223 2.904390
 6180.000000 10.045729 1.528900 2.971624
 6183.000000 10.062462 1.542510 2.938412
 6186.000000 9.979681 1.552001 2.944861
 6189.000000 10.011939 1.582905 2.929613
 6192.000000 10.032140 1.559380 2.972408
 6195.000000 10.064046 1.574619 2.978783
 6198.000000 9.997460 1.585353 2.954884
 6201.000000 9.990407 1.582360 2.969461
 6204.000000 9.969837 1.595699 2.933469
 6207.000000 9.958502 1.587474 2.924846
 6210.000000 9.917381 1.572710 2.940566
 6213.000000 9.929703 1.577705 2.947146
 6216.000000 9.979448 1.564061 2.973274
 6219.000000 9.957772 1.548858 2.985022
 6222.000000 9.958491 1.554747 2.984402
 6225.000000 9.997398 1.542930 3.000429
 6228.000000 9.986350 1.553691 2.981599
 6231.000000 9.970088 1.553121 2.955699
 6234.000000 9.959778 1.560731 2.955365
 6237.000000 10.018408 1.610600 2.949907
 6240.000000 10.059344 1.581476 2.972179
 6243.000000 10.077563 1.596809 2.956282
 6246.000000 10.071831 1.586237 2.958944
 6249.000000 10.045696 1.568589 2.960557
 6252.000000 10.037418 1.583177 2.964003
 6255.000000 9.983852 1.577061 2.969994
 6258.000000 10.056653 1.589193 2.949377
 6261.000000 10.051718 1.594983 2.929188
 6264.000000 10.060541 1.599668 2.948643
 6267.000000 9.987604 1.599199 2.935306
 6270.000000 9.985209 1.595852 2.952702
 6273.000000 9.943762 1.592198 2.958097
 6276.000000 9.888006 1.576825 2.952990
 6279.000000 9.838671 1.572108 2.949923
 6282.000000 9.861930 1.568007 2.921155
 6285.000000 9.838382 1.555464 2.945214
 6288.000000 9.806704 1.569151 2.948939
 6291.000000 9.796210 1.574010 2.935330
 6294.000000 9.725599 1.550124 2.961322
 6297.000000 9.812702 1.538211 2.968389
 6300.000000 9.799945 1.530084 2.955514
 6303.000000 9.783065 1.532980 2.954444
 6306.000000 9.741599 1.521518 2.942014
 6309.000000 9.752986 1.541539 2.937689
 6312.000000 9.789192 1.547063 2.977787
 6315.000000 9.847341 1.555218 2.946143
 6318.000000 9.882808 1.542636 2.957807
 6321.000000 9.827548 1.545151 2.982528
 6324.000000 9.841212 1.561687 2.974278
 6327.000000 9.860465 1.587449 2.944021
 6330.000000 9.920220 1.579512 2.970880
 6333.000000 9.859702 1.588537 2.961451
 6336.000000 9.858417 1.592328 2.939654
 6339.000000 9.892956 1.576493 2.960704
 6342.000000 9.950831 1.582971 2.959406
 6345.000000 9.867721 1.582322 2.957138
 6348.000000 9.922761 1.579343 2.977179
 6351.000000 9.957294 1.585925 2.948659
 6354.000000 9.928185 1.605427 2.929175
 6357.000000 9.914092 1.587676 2.936364
 6360.000000 9.910040 1.579755 2.936270
 6363.000000 9.895110 1.560824 2.966132
 6366.000000 9.973501 1.562510 2.968646
 6369.000000 9.948366 1.585035 2.955295
 6372.000000 9.863562 1.575815 2.969548
 6375.000000 9.839989 1.589496 2.962101
 6378.000000 9.892501 1.550473 3.022566
 6381.000000 9.961704 1.581927 2.977522
 6384.000000 10.000239 1.590010 2.990821
 6387.000000 9.958926 1.580747 2.993266
 6390.000000 10.009493 1.560941 3.029841
 6393.000000 10.076802 1.554496 3.017689
 6396.000000 10.053638 1.555614 2.947943
 6399.000000 10.053333 1.557983 2.958515
 6402.000000 10.038303 1.565733 2.920086
 6405.000000 9.974933 1.508377 2.971932
 6408.000000 10.062245 1.512766 3.007626
 6411.000000 10.019266 1.508105 3.005392
 6414.000000 10.049890 1.501139 3.021347
 6417.000000 10.113418 1.530025 3.008118
 6420.000000 10.080340 1.528925 2.996066
 6423.000000 10.058000 1.533039 3.000705
 6426.000000 10.055407 1.522302 3.035392
 6429.000000 10.036846 1.531645 3.027190
 6432.000000 10.070737 1.544344 3.007726
 6435.000000 10.030363 1.546267 3.000750
 6438.000000 10.032803 1.544890 2.982232
 6441.000000 10.089507 1.526658 3.011616
 6444.000000 9.989950 1.549320 3.012618
 6447.000000 9.937371 1.551386 3.025107
 6450.000000 10.013375 1.545540 3.011413
 6453.000000 10.041840 1.572555 2.984910
 6456.000000 10.043187 1.567746 2.981138
 6459.000000 10.022133 1.587689 3.002280
 6462.000000 10.039107 1.603309 3.000286
 6465.000000 10.054296 1.602900 3.024306
 6468.000000 10.014958 1.583921 3.019964
 6471.000000 9.991755 1.550864 3.051877
 6474.000000 9.995069 1.563356 3.002238
 6477.000000 9.885176 1.553769 2.982609
 6480.000000 9.987052 1.544131 2.987839
 6483.000000 9.990996 1.549009 2.986044
 6486.000000 9.947364 1.583491 2.972284
 6489.000000 9.984536 1.590065 2.966562
 6492.000000 10.026289 1.570933 2.981869
 6495.000000 9.993558 1.550826 3.023161
 6498.000000 9.977724 1.578274 3.007030
 6501.000000 9.957974 1.573615 3.009488
 6504.000000 9.943618 1.529694 2.982065
 6507.000000 9.910419 1.537824 2.970934
 6510.000000 9.948109 1.526486 3.004222
 6513.000000 9.911103 1.528721 3.021240
 6516.000000 9.897117 1.527172 3.013874
 6519.000000 9.958617 1.525107 2.982091
 6522.000000 9.916613 1.541976 3.002167
 6525.000000 9.939702 1.536698 2.997240
 6528.000000 9.971676 1.545118 3.034261
 6531.000000 10.011585 1.551713 2.962799
 6534.000000 10.037555 1.550267 2.969582
 6537.000000 9.976807 1.522781 2.983091
 6540.000000 9.955573 1.525086 2.993319
 6543.000000 10.009437 1.523618 3.007452
 6546.000000 10.029886 1.543141 2.983983
 6549.000000 9.963481 1.519653 3.005539
 6552.000000 9.929569 1.516632 3.012032
 6555.000000 9.925855 1.529595 3.014110
 6558.000000 9.885700 1.521326 2.999458
 6561.000000 9.931628 1.526405 3.016453
 6564.000000 9.937202 1.514808 2.988172
 6567.000000 10.007146 1.508441 3.008157
 6570.000000 9.926524 1.507379 3.004573
 6573.000000 9.959444 1.517057 3.004087
 6576.000000 9.960480 1.534127 2.970019
 6579.000000 9.965978 1.540383 2.972105
 6582.000000 9.985923 1.564714 2.948845
 6585.000000 10.054012 1.522373 2.945395
 6588.000000 10.010856 1.524444 2.961447
 6591.000000 10.047140 1.519226 2.965355
 6594.000000 10.034546 1.527962 2.966623
 6597.000000 10.002095 1.513034 2.973030
 6600.000000 10.022459 1.510823 2.964725
 6603.000000 10.044104 1.517406 2.953285
 6606.000000 10.027652 1.519136 2.993302
 6609.000000 10.032965 1.505260 2.983701
 6612.000000 9.976629 1.525025 2.963542
 6615.000000 9.986227 1.510098 2.967680
 6618.000000 9.893167 1.500593 2.976437
 6621.000000 9.936868 1.489654 3.001129
 6624.000000 9.935798 1.514249 2.972544
 6627.000000 9.955469 1.526784 2.979716
 6630.000000 9.939035 1.495812 3.028192
 6633.000000 9.961321 1.532382 3.004522
 6636.000000 9.939790 1.509371 3.020796
 6639.000000 10.057575 1.513649 2.990679
 6642.000000 9.984810 1.537181 2.920795
 6645.000000 9.906106 1.545697 2.936156
 6648.000000 9.940262 1.539346 2.933309
 6651.000000 9.949163 1.526594 2.961198
 6654.000000 9.969407 1.518263 2.964216
 6657.000000 10.031283 1.513915 2.952635
 6660.000000 10.031566 1.491682 3.019893
 6663.000000 9.946218 1.509520 3.002306
 6666.000000 9.816093 1.496445 3.003780
 6669.000000 9.872337 1.509407 2.991781
 6672.000000 9.906796 1.493553 3.005562
 6675.000000 9.897190 1.499208 3.014635
 6678.000000 9.944548 1.499698 3.014312
 6681.000000 9.966394 1.503831 3.027787
 6684.000000 10.027627 1.533514 2.981185
 6687.000000 10.024980 1.537956 2.990400
 6690.000000 10.033870 1.527096 2.978723
 6693.000000 9.957646 1.535609 3.018542
 6696.000000 9.967465 1.535038 2.996562
 6699.000000 10.051154 1.538380 3.004845
 6702.000000 10.015847 1.554418 2.997748
 6705.000000 9.982510 1.569639 2.958802
 6708.000000 10.070683 1.569961 2.970892
 6711.000000 10.034632 1.566396 2.983557
 6714.000000 10.070498 1.574042 2.944458
 6717.000000 10.015518 1.567868 2.963964
 6720.000000 10.002860 1.570514 2.954370
 6723.000000 9.949717 1.552616 2.972636
 6726.000000 10.003406 1.548930 2.987635
 6729.000000 9.998386 1.544628 2.959370
 6732.000000 10.016725 1.541407 2.971479
 6735.000000 9.919991 1.532530 3.028907
 6738.000000 9.951905 1.531047 3.022659
 6741.000000 10.009888 1.537667 2.988285
 6744.000000 10.097848 1.547072 3.011111
 6747.000000 10.071578 1.564174 2.991870
 6750.000000 10.047144 1.556722 2.966256
 6753.000000 10.024979 1.566538 2.928044
 6756.000000 10.013521 1.573043 2.948255
 6759.000000 9.932259 1.558491 2.952154
 6762.000000 10.015087 1.527029 2.955330
 6765.000000 9.985472 1.521160 2.956206
 6768.000000 10.025778 1.553050 2.992743
 6771.000000 10.021526 1.541215 2.979369
 6774.000000 9.967694 1.526985 3.008173
 6777.000000 10.062751 1.524338 2.989795
 6780.000000 10.044320 1.527801 2.976825
 6783.000000 10.054182 1.519627 3.004931
 6786.000000 10.081941 1.534904 2.987232
 6789.000000 10.037103 1.523663 2.965992
 6792.000000 10.020760 1.529064 2.942593
 6795.000000 10.077535 1.534572 2.951935
 6798.000000 10.102222 1.567026 2.919827
 6801.000000 10.185076 1.544867 2.975605
 6804.000000 10.116848 1.567208 2.986898
 6807.000000 10.127899 1.573820 2.966159
 6810.000000 10.168374 1.562048 2.976494
 6813.000000 10.215388 1.561307 2.964387
 6816.000000 10.218974 1.568755 2.949615
 6819.000000 10.258577 1.556674 2.988344
 6822.000000 10.237902 1.569318 2.972478
 6825.000000 10.181955 1.547052 2.986408
 6828.000000 10.227459 1.543455 2.967317
 6831.000000 10.246059 1.562565 2.927491
 6834.000000 10.209946 1.532674 2.976265
 6837.000000 10.096236 1.532389 2.944119
 6840.000000 10.120904 1.502689 2.962406
 6843.000000 10.035053 1.508348 2.963844
 6846.000000 10.095400 1.498581 2.996690
 6849.000000 10.094702 1.489461 2.984831
 6852.000000 10.102486 1.498070 2.988468
 6855.000000 10.107841 1.515300 2.963726
 6858.000000 10.128233 1.522370 2.973163
 6861.000000 10.158566 1.521888 2.985492
 6864.000000 10.199635 1.505875 2.982434
 6867.000000 10.286189 1.514377 2.986294
 6870.000000 10.228916 1.496812 2.999223
 6873.000000 10.107144 1.521601 2.965732
 6876.000000 10.163100 1.529136 2.970651
 6879.000000 10.165257 1.513637 3.017870
 6882.000000 10.139925 1.528910 3.003026
 6885.000000 10.138929 1.520462 2.988206
 6888.000000 10.040923 1.505837 2.988138
 6891.000000 10.025664 1.537803 2.965212
 6894.000000 10.021729 1.526877 2.952655
 6897.000000 10.047227 1.530980 2.936094
 6900.000000 10.022074 1.523813 2.952155
 6903.000000 10.007750 1.552626 2.903883
 6906.000000 10.042852 1.551500 2.921433
 6909.000000 10.011756 1.531648 2.933488
 6912.000000 10.075482 1.523098 2.938429
 6915.000000 10.005293 1.526912 2.938757
 6918.000000 9.969266 1.504300 2.986418
 6921.000000 9.975432 1.518768 2.957214
 6924.000000 9.970849 1.529721 2.964847
 6927.000000 9.974323 1.547935 2.959405
 6930.000000 10.012403 1.535402 2.952937
 6933.000000 9.965697 1.500116 3.002287
 6936.000000 9.943499 1.524942 2.990485
 6939.000000 9.883488 1.542541 2.959114
 6942.000000 9.829053 1.554530 2.945982
 6945.000000 9.873986 1.551390 2.942774
 6948.000000 9.859703 1.565181 2.942617
 6951.000000 9.847986 1.571369 2.942952
 6954.000000 9.806397 1.600342 2.913021
 6957.000000 9.764813 1.629165 2.916187
 6960.000000 9.746238 1.608934 2.936920
 6963.000000 9.754755 1.599779 2.937920
 6966.000000 9.687877 1.616387 2.947843
 6969.000000 9.663497 1.604402 2.966636
 6972.000000 9.680358 1.578080 2.987337
 6975.000000 9.706038 1.597305 2.959344
 6978.000000 9.710399 1.617708 2.957420
 6981.000000 9.791498 1.592127 2.956116
 6984.000000 9.807093 1.589545 2.964427
 6987.000000 9.767113 1.565536 2.994099
 6990.000000 9.775241 1.578785 2.986861
 6993.000000 9.837877 1.601600 2.986357
 6996.000000 9.885906 1.616088 2.940815
 6999.000000 9.899521 1.624520 2.950106
 7002.000000 9.887515 1.603092 2.964562
 7005.000000 9.811290 1.613778 2.949272
 7008.000000 9.765794 1.599576 2.963742
 7011.000000 9.837421 1.595637 2.966779
 7014.000000 9.904250 1.595821 2.979662
 7017.000000 9.883410 1.578945 2.961993
 7020.000000 9.811492 1.567156 2.986154
 7023.000000 9.851526 1.576003 2.951394
 7026.000000 9.845000 1.543525 2.949497
 7029.000000 9.866249 1.551838 2.950964
 7032.000000 9.962955 1.555563 2.934145
 7035.000000 9.864624 1.553410 2.950739
 7038.000000 9.914178 1.565363 2.944706
 7041.000000 9.944222 1.553296 2.932867
 7044.000000 9.981030 1.556446 2.960535
 7047.000000 9.923530 1.572765 2.953169
 7050.000000 9.889654 1.570790 2.960986
 7053.000000 9.902997 1.561561 3.001281
 7056.000000 9.906680 1.554616 2.978127
 7059.000000 9.902291 1.565835 2.980980
 7062.000000 9.905868 1.559862 2.977535
 7065.000000 10.034306 1.567172 2.946741
 7068.000000 9.969832 1.565399 2.933597
 7071.000000 9.953747 1.542915 2.982268
 7074.000000 9.903494 1.556174 2.945266
 7077.000000 9.902778 1.553376 3.007717
 7080.000000 9.936487 1.537591 2.985569
 7083.000000 9.884524 1.546112 2.993349
 7086.000000 9.955163 1.567782 2.988755
 7089.000000 9.957006 1.583152 2.976378
 7092.000000 9.987896 1.565726 2.965812
 7095.000000 10.092716 1.556433 2.991878
 7098.000000 10.047454 1.539241 2.960448
 7101.000000 10.006598 1.523019 2.964193
 7104.000000 10.017911 1.492376 2.979961
 7107.000000 10.087417 1.526924 2.965579
 7110.000000 10.017068 1.530939 2.978108
 7113.000000 9.975576 1.556582 2.955133
 7116.000000 10.074847 1.540376 2.992290
 7119.000000 10.009217 1.530399 2.979458
 7122.000000 10.008008 1.552750 2.968541
 7125.000000 10.011899 1.570523 2.948264
 7128.000000 10.040766 1.557290 2.965608
 7131.000000 9.959554 1.550186 2.978219
 7134.000000 10.017144 1.550586 2.935595
 7137.000000 10.018011 1.559362 2.941097
 7140.000000 10.057710 1.557161 2.959957
 7143.000000 10.133121 1.555170 2.936730
 7146.000000 10.134495 1.527823 2.950427
 7149.000000 10.144500 1.551722 2.918493
 7152.000000 10.126693 1.530228 2.955180
 7155.000000 10.093560 1.536854 2.981283
 7158.000000 10.088846 1.542547 2.954150
 7161.000000 10.045454 1.533942 2.968298
 7164.000000 9.988205 1.535445 2.971036
 7167.000000 10.007058 1.510899 2.964795
 7170.000000 10.069291 1.538511 2.952107
 7173.000000 9.988121 1.494943 2.937953
 7176.000000 9.966806 1.518830 2.952666
 7179.000000 9.991798 1.523973 2.947736
 7182.000000 9.980370 1.511467 2.960804
 7185.000000 9.962380 1.500565 2.974189
 7188.000000 9.933964 1.490150 3.007481
 7191.000000 9.923998 1.511711 2.971088
 7194.000000 9.989562 1.517859 2.975918
 7197.000000 10.019577 1.523355 2.963026
 7200.000000 9.960362 1.513794 2.970810
 7203.000000 10.012446 1.526149 2.945741
 7206.000000 10.119023 1.544267 2.956700
 7209.000000 10.125113 1.538192 2.942040
 7212.000000 10.098650 1.525587 2.982452
 7215.000000 10.084717 1.527913 2.981724
 7218.000000 10.033922 1.533083 2.993762
 7221.000000 9.976533 1.553475 2.988866
 7224.000000 9.942157 1.581893 2.969927
 7227.000000 9.989874 1.564203 2.963814
 7230.000000 10.119972 1.579746 2.980553
 7233.000000 10.048351 1.585369 2.953006
 7236.000000 10.110762 1.578557 2.967196
 7239.000000 10.108014 1.584573 2.953835
 7242.000000 10.121617 1.587458 2.970455
 7245.000000 10.041330 1.582736 2.978316
 7248.000000 9.989497 1.581268 2.986447
 7251.000000 10.113287 1.564736 3.005518
 7254.000000 10.103905 1.569834 2.987776
 7257.000000 10.095839 1.592089 2.968316
 7260.000000 10.130701 1.607492 2.944183
 7263.000000 10.113593 1.603121 2.919885
 7266.000000 10.118424 1.580540 2.937205
 7269.000000 9.935735 1.572364 2.980454
 7272.000000 9.961637 1.581664 2.998945
 7275.000000 10.002142 1.589698 2.967672
 7278.000000 10.019606 1.589326 2.984182
 7281.000000 10.056126 1.589172 2.958320
 7284.000000 10.034651 1.579727 2.971307
 7287.000000 9.958920 1.568987 2.988585
 7290.000000 10.029028 1.552147 2.993439
 7293.000000 9.994873 1.564405 2.961872
 7296.000000 9.988937 1.593877 2.936162
 7299.000000 10.005799 1.586623 2.944973
 7302.000000 9.991701 1.562224 2.956342
 7305.000000 10.116485 1.558321 2.972470
 7308.000000 10.088283 1.563949 2.944614
 7311.000000 10.116091 1.556629 2.953160
 7314.000000 10.019735 1.548098 2.955251
 7317.000000 9.986803 1.553567 2.954617
 7320.000000 10.021816 1.536359 2.976659
 7323.000000 10.015607 1.567681 2.958961
 7326.000000 10.016453 1.551934 2.969883
 7329.000000 10.037901 1.536573 2.952105
 7332.000000 10.024299 1.552039 2.971874
 7335.000000 9.935429 1.561773 2.993382
 7338.000000 10.001136 1.572738 3.008372
 7341.000000 9.999681 1.555744 3.003282
 7344.000000 10.011685 1.550337 2.991426
 7347.000000 10.018733 1.527839 3.000556
 7350.000000 10.110335 1.558540 2.988438
 7353.000000 10.048628 1.569109 2.960376
 7356.000000 10.043334 1.572185 2.967043
 7359.000000 10.058864 1.564266 2.976204
 7362.000000 10.007982 1.569490 2.957472
 7365.000000 10.073046 1.560456 2.954659
 7368.000000 10.017615 1.556850 2.942525
 7371.000000 10.054840 1.517105 2.998631
 7374.000000 10.059594 1.538413 2.958198
 7377.000000 10.063340 1.542713 2.944806
 7380.000000 10.060345 1.564272 2.917501
 7383.000000 10.053716 1.577748 2.908451
 7386.000000 10.108349 1.558312 2.910005
 7389.000000 10.046304 1.551566 2.940780
 7392.000000 9.988235 1.551549 2.954138
 7395.000000 9.968123 1.570760 2.937831
 7398.000000 10.048522 1.575816 2.922319
 7401.000000 10.112527 1.565782 2.961906
 7404.000000 10.098953 1.565292 2.941582
 7407.000000 10.086155 1.558275 2.960613
 7410.000000 10.087858 1.551974 2.984390
 7413.000000 10.064469 1.581875 2.962774
 7416.000000 10.099964 1.555797 2.969812
 7419.000000 10.105117 1.578798 2.946028
 7422.000000 10.094727 1.573384 2.962904
 7425.000000 10.159990 1.572220 2.989812
 7428.000000 10.179750 1.588505 2.970033
 7431.000000 10.192873 1.558645 2.989540
 7434.000000 10.098780 1.552817 3.010777
 7437.000000 10.175610 1.575507 2.970088
 7440.000000 10.195208 1.580413 2.981729
 7443.000000 10.207489 1.583698 2.983646
 7446.000000 10.151316 1.573234 2.972224
 7449.000000 10.090805 1.555035 2.976968
 7452.000000 10.064065 1.556393 2.953543
 7455.000000 9.929915 1.560075 2.969257
 7458.000000 9.977026 1.541927 2.957851
 7461.000000 9.996587 1.557647 2.941033
 7464.000000 9.993390 1.518588 2.941175
 7467.000000 9.962780 1.530333 2.958426
 7470.000000 9.904337 1.555996 2.981459
 7473.000000 9.887829 1.567297 3.051389
 7476.000000 9.980102 1.553702 3.011199
 7479.000000 9.891847 1.553242 3.016423
 7482.000000 9.805737 1.545498 3.023920
 7485.000000 9.871597 1.566752 2.989127
 7488.000000 9.881958 1.590880 2.967708
 7491.000000 9.935914 1.566515 2.998890
 7494.000000 10.004971 1.576334 2.997651
 7497.000000 10.050373 1.569081 2.983061
 7500.000000 10.075437 1.575415 2.978064
 7503.000000 10.074263 1.589379 2.937099
 7506.000000 9.984268 1.591626 2.963621
 7509.000000 9.984690 1.585618 2.948642
 7512.000000 10.015521 1.591199 2.946241
 7515.000000 10.019217 1.593646 2.962782
 7518.000000 10.006452 1.594889 2.927951
 7521.000000 9.996484 1.546378 2.979912
 7524.000000 9.952824 1.550031 2.986787
 7527.000000 10.017780 1.557602 2.972673
 7530.000000 9.981767 1.543768 2.985161
 7533.000000 10.059114 1.590743 2.977298
 7536.000000 10.003716 1.580846 2.979971
 7539.000000 9.996853 1.590442 2.999243
 7542.000000 10.021405 1.598105 2.997105
 7545.000000 9.954830 1.617007 2.972226
 7548.000000 9.919788 1.635149 2.975300
 7551.000000 9.936869 1.633726 2.980059
 7554.000000 9.951983 1.624175 2.989682
 7557.000000 9.958093 1.617510 3.002972
 7560.000000 9.995976 1.641129 2.975765
 7563.000000 9.948725 1.629018 3.012248
 7566.000000 9.891248 1.645384 2.972192
 7569.000000 9.888498 1.626784 2.999280
 7572.000000 9.852814 1.636708 2.979430
 7575.000000 9.859375 1.601908 2.966014
 7578.000000 9.942950 1.611239 2.994519
 7581.000000 9.923583 1.614216 3.004723
 7584.000000 9.954350 1.617382 3.011659
 7587.000000 10.001481 1.626561 2.998415
 7590.000000 9.976541 1.639401 3.013613
 7593.000000 9.973456 1.628559 3.025553
 7596.000000 10.000100 1.631271 3.017360
 7599.000000 10.009664 1.613207 3.006293
 7602.000000 10.047176 1.617075 3.002933
 7605.000000 9.947153 1.615336 2.985943
 7608.000000 10.117697 1.618959 3.008929
 7611.000000 10.113405 1.623259 2.993826
 7614.000000 10.124000 1.637516 3.006041
 7617.000000 10.135030 1.626732 3.006089
 7620.000000 10.108420 1.674956 2.959414
 7623.000000 10.184018 1.628729 2.977525
 7626.000000 10.136917 1.624138 2.954099
 7629.000000 10.064205 1.615214 2.976069
 7632.000000 10.063276 1.617284 3.003246
 7635.000000 9.958304 1.604023 3.019271
 7638.000000 9.926895 1.624976 2.998543
 7641.000000 9.844770 1.630838 2.987946
 7644.000000 9.824953 1.608616 2.982249
 7647.000000 9.892921 1.598863 3.009038
 7650.000000 9.851648 1.620934 2.972186
 7653.000000 9.897279 1.597519 3.001965
 7656.000000 9.908365 1.608871 2.975549
 7659.000000 9.935507 1.617609 2.992841
 7662.000000 9.911684 1.587545 3.013007
 7665.000000 9.957234 1.592034 3.018179
 7668.000000 9.955443 1.599374 2.965658
 7671.000000 9.905378 1.577077 2.960993
 7674.000000 9.923374 1.572190 2.971030
 7677.000000 9.915490 1.564779 2.972170
 7680.000000 9.935293 1.563754 2.969799
 7683.000000 9.941730 1.544692 2.996802
 7686.000000 9.967579 1.556320 2.978190
 7689.000000 9.991078 1.533632 2.982654
 7692.000000 9.976556 1.527390 2.986593
 7695.000000 10.008769 1.534497 2.999656
 7698.000000 10.041952 1.553260 2.990652
 7701.000000 10.042367 1.559035 2.969979
 7704.000000 10.040814 1.552755 2.959353
 7707.000000 9.982573 1.545303 3.000615
 7710.000000 9.916170 1.539615 2.995614
 7713.000000 9.875553 1.564166 2.956516
 7716.000000 9.906859 1.551140 2.946700
 7719.000000 9.842321 1.567943 2.904948
 7722.000000 9.858885 1.541540 2.952597
 7725.000000 9.841841 1.511957 2.962014
 7728.000000 9.872217 1.517311 2.959424
 7731.000000 9.848652 1.492362 2.958932
 7734.000000 9.761150 1.458527 3.013545
 7737.000000 9.821382 1.470085 2.988367
 7740.000000 9.854003 1.484468 2.953542
 7743.000000 9.876916 1.452796 2.988782
 7746.000000 9.872660 1.447439 3.008121
 7749.000000 9.854120 1.467374 2.985347
 7752.000000 9.911216 1.448686 3.003858
 7755.000000 9.955180 1.461908 2.992891
 7758.000000 9.965795 1.481627 3.007840
 7761.000000 9.938806 1.489302 2.979089
 7764.000000 9.852595 1.521488 2.953239
 7767.000000 9.848837 1.499573 2.970938
 7770.000000 9.914047 1.513397 2.965806
 7773.000000 9.820466 1.494481 2.998073
 7776.000000 9.873559 1.499501 2.978771
 7779.000000 9.899412 1.516283 3.012079
 7782.000000 9.934374 1.538622 2.984317
 7785.000000 9.900126 1.533166 3.003109
 7788.000000 9.934680 1.573881 2.994203
 7791.000000 9.892470 1.593938 2.995421
 7794.000000 9.907120 1.568267 3.027376
 7797.000000 9.900901 1.536673 3.054858
 7800.000000 9.869263 1.555644 3.034720
 7803.000000 9.849792 1.563384 2.982394
 7806.000000 9.881782 1.539942 2.985245
 7809.000000 9.879205 1.539854 2.988949
 7812.000000 9.886620 1.510147 2.996324
 7815.000000 9.970053 1.562603 2.932070
 7818.000000 9.938015 1.552969 2.962546
 7821.000000 9.979470 1.565767 2.975135
 7824.000000 9.967481 1.551826 2.961075
 7827.000000 9.993597 1.557602 2.973648
 7830.000000 9.994519 1.583256 2.939191
 7833.000000 9.939380 1.557641 2.958675
 7836.000000 9.962623 1.558795 2.967795
 7839.000000 10.028513 1.559017 2.964964
 7842.000000 10.061183 1.556631 2.989625
 7845.000000 10.038984 1.549994 3.016131
 7848.000000 10.019211 1.548435 2.978716
 7851.000000 10.010438 1.555092 2.989541
 7854.000000 9.979409 1.537749 2.992169
 7857.000000 9.959136 1.564169 2.925859
 7860.000000 9.975215 1.579949 2.939667
 7863.000000 9.915791 1.551709 2.968890
 7866.000000 9.858977 1.549855 2.943764
 7869.000000 9.878046 1.564198 2.900694
 7872.000000 9.834161 1.524812 2.945532
 7875.000000 9.906313 1.533324 2.947361
 7878.000000 9.869500 1.511565 2.974163
 7881.000000 9.862007 1.538574 2.946253
 7884.000000 9.790260 1.524891 2.956470
 7887.000000 9.832183 1.529697 2.948414
 7890.000000 9.837667 1.518148 2.954310
 7893.000000 9.813728 1.491342 2.994205
 7896.000000 9.870506 1.515265 2.966441
 7899.000000 9.827023 1.513427 2.960143
 7902.000000 9.907991 1.505455 2.946014
 7905.000000 9.868177 1.506771 2.940984
 7908.000000 9.824933 1.492964 2.938534
 7911.000000 9.779875 1.481489 2.976342
 7914.000000 9.836825 1.516278 2.931749
 7917.000000 9.879138 1.502950 2.939434
 7920.000000 9.847238 1.516537 2.935427
 7923.000000 9.905569 1.515780 2.914339
 7926.000000 9.893013 1.468028 2.978230
 7929.000000 9.876193 1.476056 2.981421
 7932.000000 9.879622 1.469858 2.980189
 7935.000000 9.823688 1.459112 3.016722
 7938.000000 9.860421 1.488353 2.989346
 7941.000000 9.868556 1.480525 2.965431
 7944.000000 9.908332 1.479251 2.962706
 7947.000000 9.914709 1.496020 2.953502
 7950.000000 9.870211 1.479261 2.955533
 7953.000000 9.933057 1.486265 2.970249
 7956.000000 9.987148 1.509605 2.953079
 7959.000000 9.978277 1.487631 2.948095
 7962.000000 10.011933 1.500333 2.952941
 7965.000000 10.001464 1.507295 2.959618
 7968.000000 9.949772 1.507920 2.993917
 7971.000000 9.922594 1.510845 2.968118
 7974.000000 9.948093 1.552247 2.938414
 7977.000000 9.878178 1.545175 2.968148
 7980.000000 9.851327 1.531370 2.964378
 7983.000000 9.872663 1.524815 2.974530
 7986.000000 9.937882 1.504018 2.977924
 7989.000000 9.930307 1.510459 2.988607
 7992.000000 9.829420 1.499111 3.004943
 7995.000000 9.843042 1.531419 2.985859
 7998.000000 9.833809 1.511249 3.011111
 8001.000000 9.812952 1.522465 2.972122
 8004.000000 9.850478 1.511071 2.983654
 8007.000000 9.838216 1.508909 3.018123
 8010.000000 9.896214 1.526863 2.974657
 8013.000000 9.889123 1.545732 2.956701
 8016.000000 9.833461 1.545759 2.957436
 8019.000000 9.887178 1.526818 2.974350
 8022.000000 9.892711 1.542878 2.993358
 8025.000000 9.871113 1.524349 3.015390
 8028.000000 9.910537 1.525364 3.002311
 8031.000000 9.915280 1.521879 3.030253
 8034.000000 9.933750 1.517483 2.995096
 8037.000000 9.890964 1.544973 3.009786
 8040.000000 9.823123 1.534110 2.995861
 8043.000000 9.874702 1.538901 2.998651
 8046.000000 9.885217 1.537184 3.003289
 8049.000000 9.926686 1.559496 2.973582
 8052.000000 9.927878 1.568313 2.951789
 8055.000000 9.947510 1.567501 2.960059
 8058.000000 10.022862 1.547534 2.991753
 8061.000000 10.068887 1.532495 3.013055
 8064.000000 9.980561 1.562557 3.012713
 8067.000000 9.945264 1.550961 3.009046
 8070.000000 9.906701 1.554518 2.977352
 8073.000000 9.836291 1.541451 2.998534
 8076.000000 9.867513 1.545971 2.976590
 8079.000000 9.922368 1.544975 2.963632
 8082.000000 9.961539 1.554988 2.972103
 8085.000000 9.919653 1.540905 2.986994
 8088.000000 9.910209 1.487869 3.016854
 8091.000000 9.826062 1.521406 2.983274
 8094.000000 9.819535 1.530537 2.958309
 8097.000000 9.804454 1.531487 2.950495
 8100.000000 9.813431 1.521446 2.962962
 8103.000000 9.817046 1.531846 2.943967
 8106.000000 9.801489 1.536758 2.915008
 8109.000000 9.787646 1.535189 2.927333
 8112.000000 9.730774 1.531396 2.907655
 8115.000000 9.728379 1.540704 2.928502
 8118.000000 9.765923 1.548129 2.932639
 8121.000000 9.731355 1.532937 2.950071
 8124.000000 9.807654 1.550677 2.914266
 8127.000000 9.721297 1.529542 2.981937
 8130.000000 9.785954 1.513850 2.998231
 8133.000000 9.854180 1.520274 2.971935
 8136.000000 9.900092 1.494880 2.968651
 8139.000000 9.921127 1.472809 2.979190
 8142.000000 9.901579 1.485622 2.964586
 8145.000000 9.943419 1.490879 3.002373
 8148.000000 9.921532 1.517434 2.968559
 8151.000000 10.008492 1.538957 2.961927
 8154.000000 9.985955 1.525687 2.975485
 8157.000000 9.944484 1.551092 2.955134
 8160.000000 10.063808 1.533645 2.980889
 8163.000000 10.027394 1.556706 2.979477
 8166.000000 10.076423 1.589587 2.976831
 8169.000000 10.096433 1.578812 3.013439
 8172.000000 9.963882 1.572447 3.006553
 8175.000000 10.013148 1.556468 3.037044
 8178.000000 10.017023 1.566289 3.025972
 8181.000000 10.051528 1.561304 3.013504
 8184.000000 10.066864 1.549051 3.028773
 8187.000000 10.094348 1.584223 3.004211
 8190.000000 10.116657 1.587221 3.009336
 8193.000000 10.144747 1.586289 2.957208
 8196.000000 10.160068 1.569138 2.964293
 8199.000000 10.174832 1.545889 2.970018
 8202.000000 10.116839 1.550064 2.986765
 8205.000000 10.156343 1.565350 2.970995
 8208.000000 10.153801 1.535067 2.993444
 8211.000000 10.107379 1.551926 2.960962
 8214.000000 10.162495 1.553439 2.960420
 8217.000000 10.135962 1.556187 2.960490
 8220.000000 10.087867 1.544210 2.997875
 8223.000000 10.081949 1.549931 2.989412
 8226.000000 10.025691 1.533189 2.991892
 8229.000000 10.017525 1.535595 3.014790
 8232.000000 10.050300 1.539283 3.009071
 8235.000000 10.036873 1.540282 3.014764
 8238.000000 10.108316 1.550638 2.959819
 8241.000000 10.131552 1.576467 2.947456
 8244.000000 10.098994 1.544530 2.944406
 8247.000000 10.058264 1.541606 2.957948
 8250.000000 10.122439 1.543897 2.990179
 8253.000000 10.031339 1.531918 3.012712
 8256.000000 10.104665 1.529375 2.982979
 8259.000000 10.111985 1.510864 2.987949
 8262.000000 10.191834 1.523811 3.028483
 8265.000000 10.225169 1.532849 3.034103
 8268.000000 10.147490 1.507782 3.017153
 8271.000000 10.063386 1.528715 2.981255
 8274.000000 10.078936 1.534249 2.998636
 8277.000000 10.142904 1.528006 3.011470
 8280.000000 10.167248 1.542196 2.965990
 8283.000000 10.169187 1.538439 2.961980
 8286.000000 10.131186 1.522646 3.001228
 8289.000000 10.074267 1.548447 2.992710
 8292.000000 10.166771 1.560632 2.976805
 8295.000000 10.091514 1.570623 2.955956
 8298.000000 10.075265 1.576638 3.010602
 8301.000000 10.043013 1.587245 3.009012
 8304.000000 10.071298 1.568762 3.011978
 8307.000000 10.030579 1.570569 2.985113
 8310.000000 10.014274 1.557100 2.992023
 8313.000000 10.003627 1.574013 2.983827
 8316.000000 10.062794 1.588209 3.023349
 8319.000000 10.066707 1.603525 2.992385
 8322.000000 10.024627 1.585095 3.013001
 8325.000000 10.069202 1.603605 3.016433
 8328.000000 10.066745 1.584414 3.021942
 8331.000000 10.117266 1.572278 2.997522
 8334.000000 10.098833 1.593920 2.957469
 8337.000000 10.088640 1.574662 2.987895
 8340.000000 10.094424 1.561770 3.009231
 8343.000000 10.144505 1.573005 2.984040
 8346.000000 10.166063 1.583337 2.968331
 8349.000000 10.183978 1.603202 2.956594
 8352.000000 10.112666 1.585753 2.951430
 8355.000000 10.060185 1.580062 2.951361
 8358.000000 9.987405 1.566977 2.952383
 8361.000000 9.998394 1.576989 2.957685
 8364.000000 9.978734 1.580840 2.960462
 8367.000000 10.044429 1.589103 2.961152
 8370.000000 10.001339 1.579570 2.969188
 8373.000000 10.039710 1.596526 2.962740
 8376.000000 10.068559 1.581298 2.943128
 8379.000000 10.015379 1.571352 2.988456
 8382.000000 9.947258 1.576038 3.029659
 8385.000000 9.969807 1.572226 3.018551
 8388.000000 9.935374 1.546507 3.059164
 8391.000000 9.961953 1.572377 3.026137
 8394.000000 9.921604 1.578431 3.005712
 8397.000000 9.958736 1.545648 2.993928
 8400.000000 9.915207 1.576996 2.986370
 8403.000000 10.007113 1.573089 3.002219
 8406.000000 9.936183 1.613415 2.972450
 8409.000000 10.020146 1.596268 2.983952
 8412.000000 10.001185 1.616462 2.972319
 8415.000000 10.054929 1.611110 2.978358
 8418.000000 10.083464 1.573319 3.023043
 8421.000000 10.053304 1.603460 2.991160
 8424.000000 10.085414 1.604266 2.977806
 8427.000000 10.021152 1.616211 3.003651
 8430.000000 10.095414 1.626140 2.981837
 8433.000000 10.055838 1.606012 2.995316
 8436.000000 10.121796 1.586198 3.049161
 8439.000000 10.049729 1.602595 3.001385
 8442.000000 10.029926 1.598613 2.992809
 8445.000000 10.028072 1.570641 2.986574
 8448.000000 10.011634 1.582006 2.985414
 8451.000000 9.986879 1.576973 2.948297
 8454.000000 9.985772 1.566234 2.985008
 8457.000000 10.026117 1.576897 2.932762
 8460.000000 10.076323 1.584647 2.949875
 8463.000000 10.000145 1.594637 2.955049
 8466.000000 9.996331 1.590007 3.004297
 8469.000000 10.016936 1.576850 2.976701
 8472.000000 10.016824 1.570199 3.021564
 8475.000000 9.972220 1.536262 3.021590
 8478.000000 9.961799 1.549521 2.967193
 8481.000000 9.974184 1.542832 2.982906
 8484.000000 9.971366 1.543220 2.961794
 8487.000000 9.916003 1.524038 2.951877
 8490.000000 9.977791 1.542183 2.936813
 8493.000000 9.996947 1.541199 2.979542
 8496.000000 10.031307 1.555399 2.988016
 8499.000000 9.962437 1.542390 3.000392
 8502.000000 9.985204 1.563807 2.973249
 8505.000000 9.948984 1.536239 2.977399
 8508.000000 9.957056 1.530833 2.994590
 8511.000000 9.963478 1.524446 2.989337
 8514.000000 9.975336 1.553741 2.930144
 8517.000000 10.049202 1.527132 2.932334
 8520.000000 10.035412 1.570270 2.892236
 8523.000000 9.998599 1.545402 2.945859
 8526.000000 10.033489 1.532297 2.983042
 8529.000000 10.016189 1.559045 2.975790
 8532.000000 10.008854 1.562044 2.966729
 8535.000000 10.037982 1.544787 3.000899
 8538.000000 10.055380 1.571015 2.970830
 8541.000000 10.064677 1.543254 2.986983
 8544.000000 10.036318 1.561010 2.990930
 8547.000000 9.993382 1.564433 2.985619
 8550.000000 9.915595 1.531006 3.007345
 8553.000000 9.902473 1.577306 2.966592
 8556.000000 9.915757 1.534063 3.008161
 8559.000000 9.874938 1.543001 3.017060
 8562.000000 9.845824 1.542199 2.982464
 8565.000000 9.877421 1.552119 2.973782
 8568.000000 9.895105 1.568564 2.994847
 8571.000000 9.873128 1.578510 2.963945
 8574.000000 9.917813 1.585166 2.983203
 8577.000000 9.903308 1.556536 2.982566
 8580.000000 9.888909 1.566630 2.975026
 8583.000000 9.935954 1.522742 2.973435
 8586.000000 9.941855 1.528882 2.974085
 8589.000000 9.923016 1.501694 2.968016
 8592.000000 9.937480 1.517929 2.976527
 8595.000000 9.951810 1.517942 2.976141
 8598.000000 9.957277 1.518930 2.959100
 8601.000000 9.888198 1.521040 2.971071
 8604.000000 9.887710 1.508493 3.032557
 8607.000000 9.867987 1.484583 3.048522
 8610.000000 9.893639 1.495351 3.021498
 8613.000000 9.956630 1.518872 2.997794
 8616.000000 9.996964 1.525206 3.001722
 8619.000000 9.972976 1.536267 3.032832
 8622.000000 9.944638 1.534832 3.031426
 8625.000000 9.831869 1.541463 3.024676
 8628.000000 9.919515 1.562175 2.990221
 8631.000000 9.945990 1.539988 2.999844
 8634.000000 9.929879 1.546184 2.997572
 8637.000000 9.879055 1.553253 2.923212
 8640.000000 9.869136 1.573601 2.958805
 8643.000000 9.902421 1.551860 2.959444
 8646.000000 9.873415 1.554478 2.988291
 8649.000000 9.962531 1.559751 3.008844
 8652.000000 10.024785 1.572504 2.967442
 8655.000000 10.017797 1.573471 2.951101
 8658.000000 10.047524 1.562589 2.952323
 8661.000000 9.978993 1.544526 2.981803
 8664.000000 9.987465 1.562668 2.954440
 8667.000000 9.893904 1.594564 2.944627
 8670.000000 10.009219 1.581370 2.979569
 8673.000000 10.038651 1.565582 2.955011
 8676.000000 9.974519 1.585169 2.904876
 8679.000000 9.999726 1.530176 2.925399
 8682.000000 9.935057 1.539221 2.964630
 8685.000000 9.933779 1.509592 2.965867
 8688.000000 9.891995 1.556080 2.983264
 8691.000000 9.986056 1.538070 2.966607
 8694.000000 9.874022 1.520799 2.979909
 8697.000000 9.946404 1.549927 2.965919
 8700.000000 10.057856 1.546282 2.964289
 8703.000000 9.969176 1.533798 2.951991
 8706.000000 9.968234 1.513048 2.945348
 8709.000000 10.020513 1.525105 2.922895
 8712.000000 10.058280 1.491190 2.957215
 8715.000000 10.007378 1.516097 2.933646
 8718.000000 9.925441 1.498941 2.988366
 8721.000000 9.969328 1.493473 2.983308
 8724.000000 10.007271 1.507012 2.930264
 8727.000000 10.032596 1.499994 3.001488
 8730.000000 10.094286 1.528150 2.957388
 8733.000000 10.036949 1.527080 2.989792
 8736.000000 9.971875 1.508743 2.987894
 8739.000000 10.022691 1.536164 2.943752
 8742.000000 10.060485 1.539931 2.939766
 8745.000000 10.058986 1.555969 2.926481
 8748.000000 10.024063 1.559487 2.930702
 8751.000000 9.922682 1.537752 2.945572
 8754.000000 9.957863 1.507466 2.935509
 8757.000000 9.959812 1.499667 2.932036
 8760.000000 10.057076 1.501289 2.912699
 8763.000000 10.096543 1.512801 2.941622
 8766.000000 10.070435 1.510815 2.937048
 8769.000000 10.066903 1.536768 2.878084
 8772.000000 10.024999 1.533248 2.923845
 8775.000000 9.915971 1.538176 2.903650
 8778.000000 9.880248 1.560798 2.883877
 8781.000000 9.943893 1.545093 2.919732
 8784.000000 9.951253 1.534328 2.936349
 8787.000000 9.942888 1.528191 2.940967
 8790.000000 9.927448 1.529808 2.967422
 8793.000000 9.909553 1.506923 2.976127
 8796.000000 9.950938 1.541516 2.929655
 8799.000000 9.857118 1.522821 2.949147
 8802.000000 9.873079 1.521481 2.916128
 8805.000000 9.891211 1.520992 2.946502
 8808.000000 9.914356 1.519966 2.982496
 8811.000000 9.949780 1.565464 2.956399
 8814.000000 9.960066 1.531300 2.998266
 8817.000000 9.959072 1.538427 2.973365
 8820.000000 9.894897 1.522577 2.953075
 8823.000000 9.916606 1.500644 2.979720
 8826.000000 9.915413 1.506803 3.002293
 8829.000000 9.878870 1.522975 2.987967
 8832.000000 9.905303 1.516923 2.993038
 8835.000000 9.885639 1.501657 3.005216
 8838.000000 9.822124 1.514797 2.975200
 8841.000000 9.811089 1.509603 2.983460
 8844.000000 9.847497 1.501890 2.973356
 8847.000000 9.864382 1.516065 2.979324
 8850.000000 9.905083 1.509445 2.967168
 8853.000000 9.812712 1.511299 2.976880
 8856.000000 9.874103 1.519202 2.976814
 8859.000000 9.808529 1.532898 2.970529
 8862.000000 9.880942 1.531284 3.017751
 8865.000000 9.822899 1.547414 2.991128
 8868.000000 9.811578 1.540638 2.947839
 8871.000000 9.794309 1.527361 2.982505
 8874.000000 9.875978 1.508340 2.996262
 8877.000000 9.872787 1.500896 2.984279
 8880.000000 9.803181 1.523961 2.940622
 8883.000000 9.773174 1.514958 2.927646
 8886.000000 9.846200 1.478705 2.956153
 8889.000000 9.804423 1.506295 2.961209
 8892.000000 9.728258 1.489610 2.971916
 8895.000000 9.764469 1.506633 2.929447
 8898.000000 9.728741 1.517012 2.956653
 8901.000000 9.745465 1.541201 2.951455
 8904.000000 9.841096 1.564719 2.948548
 8907.000000 9.764034 1.549081 2.937869
 8910.000000 9.711437 1.521994 2.950667
 8913.000000 9.760170 1.524906 2.962373
 8916.000000 9.709174 1.513562 2.967398
 8919.000000 9.739993 1.504027 2.983513
 8922.000000 9.724443 1.501597 2.989058
 8925.000000 9.761048 1.472783 3.020145
 8928.000000 9.778548 1.495052 2.990910
 8931.000000 9.728799 1.506026 2.996746
 8934.000000 9.765891 1.479060 3.025927
 8937.000000 9.788647 1.516655 3.005434
 8940.000000 9.809946 1.507937 2.979917
 8943.000000 9.828758 1.510118 2.989379
 8946.000000 9.954064 1.532067 2.930321
 8949.000000 9.933710 1.510371 2.942543
 8952.000000 9.957879 1.527417 2.959827
 8955.000000 9.850518 1.527248 2.926863
 8958.000000 9.873088 1.497692 2.977902
 8961.000000 9.904784 1.504218 2.981122
 8964.000000 9.945691 1.497180 2.968830
 8967.000000 9.963846 1.514260 2.991716
 8970.000000 9.919143 1.482563 3.011261
 8973.000000 9.926088 1.486753 3.008961
 8976.000000 9.936217 1.477129 3.041608
 8979.000000 9.961219 1.477698 3.028400
 8982.000000 9.951894 1.515922 2.996421
 8985.000000 9.994093 1.518915 3.009815
 8988.000000 9.937910 1.513273 2.996447
 8991.000000 9.956245 1.511464 3.004458
 8994.000000 9.936188 1.508044 3.002930
 8997.000000 9.793944 1.512994 3.016165
 9000.000000 9.904539 1.513325 3.029887
 9003.000000 9.968224 1.540568 3.010909
 9006.000000 9.905049 1.554794 2.972609
 9009.000000 9.937973 1.548908 2.983446
 9012.000000 9.939864 1.537869 2.979181
 9015.000000 9.943488 1.546894 2.982568
 9018.000000 9.934631 1.551112 2.960891
 9021.000000 9.935657 1.545825 2.979749
 9024.000000 9.857877 1.524936 2.976765
 9027.000000 9.895686 1.524773 2.987135
 9030.000000 9.857875 1.559257 2.980392
 9033.000000 9.831620 1.551678 2.965278
 9036.000000 9.832036 1.550946 2.967205
 9039.000000 9.791758 1.538991 2.973294
 9042.000000 9.728434 1.537217 2.999903
 9045.000000 9.720978 1.531567 2.982107
 9048.000000 9.703514 1.525638 2.967909
 9051.000000 9.721045 1.536551 2.950505
 9054.000000 9.676657 1.548492 2.962974
 9057.000000 9.741912 1.549129 2.974198
 9060.000000 9.739793 1.539589 2.983656
 9063.000000 9.691987 1.541280 2.955298
 9066.000000 9.754533 1.524004 2.991215
 9069.000000 9.722370 1.526720 2.975045
 9072.000000 9.732730 1.532424 2.967886
 9075.000000 9.852224 1.552456 2.965658
 9078.000000 9.847024 1.548988 2.967046
 9081.000000 9.789060 1.543151 2.969201
 9084.000000 9.787655 1.569454 2.973491
 9087.000000 9.751198 1.566911 2.981588
 9090.000000 9.695675 1.561901 2.997935
 9093.000000 9.714768 1.546607 2.994882
 9096.000000 9.829143 1.548089 2.950863
 9099.000000 9.830286 1.569173 2.931298
 9102.000000 9.871099 1.572148 2.923356
 9105.000000 9.871564 1.553713 2.939619
 9108.000000 9.906012 1.565266 2.935059
 9111.000000 9.879881 1.557902 2.929903
 9114.000000 9.861600 1.552876 2.929731
 9117.000000 9.895359 1.555932 2.958685
 9120.000000 9.924674 1.561497 2.971439
 9123.000000 9.941231 1.562520 2.973656
 9126.000000 9.883203 1.551398 2.998381
 9129.000000 9.822833 1.576572 2.983467
 9132.000000 9.888802 1.559287 2.981005
 9135.000000 9.896961 1.532367 2.979610
 9138.000000 9.939279 1.518195 2.969831
 9141.000000 9.985311 1.513766 3.007782
 9144.000000 9.984669 1.504103 3.039091
 9147.000000 9.914321 1.506254 3.023029
 9150.000000 9.906533 1.512195 2.989779
 9153.000000 9.966650 1.516832 3.018028
 9156.000000 10.002384 1.509235 3.036054
 9159.000000 9.956038 1.509011 3.065885
 9162.000000 9.911781 1.540513 3.041751
 9165.000000 9.942728 1.520424 3.058071
 9168.000000 9.992559 1.543707 3.052347
 9171.000000 9.937514 1.529540 3.046811
 9174.000000 9.923492 1.533049 3.044147
 9177.000000 9.944907 1.531441 3.037007
 9180.000000 9.945461 1.551104 3.040588
 9183.000000 9.906459 1.590666 2.990529
 9186.000000 9.841419 1.595934 3.009611
 9189.000000 9.880859 1.593502 3.030968
 9192.000000 9.914018 1.611309 3.046270
 9195.000000 9.825576 1.609053 3.020782
 9198.000000 9.920565 1.628124 2.998047
 9201.000000 9.886953 1.630638 2.990413
 9204.000000 9.921109 1.638109 2.993578
 9207.000000 9.951298 1.641810 2.985076
 9210.000000 9.921585 1.611335 2.999840
 9213.000000 9.848742 1.595122 3.018886
 9216.000000 9.928481 1.562773 3.028267
 9219.000000 9.897348 1.569157 3.019449
 9222.000000 9.931198 1.551704 3.016093
 9225.000000 9.976658 1.588180 3.017600
 9228.000000 9.920741 1.581215 3.034422
 9231.000000 9.929447 1.598608 3.024201
 9234.000000 10.019088 1.595102 3.007817
 9237.000000 9.995616 1.597873 3.013478
 9240.000000 10.052165 1.591612 2.998717
 9243.000000 10.017905 1.558489 3.010309
 9246.000000 9.966496 1.581949 2.991739
 9249.000000 10.058451 1.589336 2.990486
 9252.000000 10.000102 1.608325 2.960159
 9255.000000 9.944305 1.585981 2.999255
 9258.000000 9.955651 1.572653 3.005885
 9261.000000 9.921762 1.541117 3.036863
 9264.000000 10.013433 1.568865 3.011297
 9267.000000 10.017462 1.596960 2.963695
 9270.000000 10.024544 1.594577 2.979796
 9273.000000 10.042060 1.623196 2.952271
 9276.000000 9.955349 1.598561 2.958577
 9279.000000 10.005285 1.566450 3.000220
 9282.000000 9.925001 1.578567 2.983512
 9285.000000 9.925157 1.579426 3.012645
 9288.000000 9.947615 1.585544 3.005274
 9291.000000 9.881555 1.604020 2.968029
 9294.000000 9.912617 1.603477 2.955808
 9297.000000 9.952441 1.582881 2.970917
 9300.000000 10.007173 1.586920 2.981542
 9303.000000 9.844662 1.555494 2.988455
 9306.000000 9.819291 1.576547 2.966792
 9309.000000 9.912353 1.563301 2.978451
 9312.000000 9.973471 1.561048 2.947884
 9315.000000 9.986637 1.579024 2.958093
 9318.000000 9.880884 1.595485 2.953530
 9321.000000 9.853640 1.586961 2.994061
 9324.000000 9.847883 1.564391 2.965468
 9327.000000 9.858553 1.565799 2.962642
 9330.000000 9.882651 1.569820 2.989705
 9333.000000 9.953146 1.565303 2.993660
 9336.000000 9.948282 1.597736 2.957693
 9339.000000 9.991519 1.582220 2.967539
 9342.000000 10.023018 1.581932 2.971308
 9345.000000 9.956760 1.556326 2.996703
 9348.000000 9.953848 1.547057 2.995221
 9351.000000 9.948101 1.542876 3.006794
 9354.000000 10.040082 1.594314 2.976775
 9357.000000 10.067507 1.557477 3.039502
 9360.000000 10.015680 1.591562 3.038222
 9363.000000 9.916376 1.586609 3.030215
 9366.000000 10.081170 1.576537 3.044873
 9369.000000 10.070583 1.558591 3.015946
 9372.000000 10.041191 1.567277 3.016540
 9375.000000 10.029646 1.568091 2.968046
 9378.000000 10.001998 1.583048 2.971774
 9381.000000 9.960693 1.583827 2.977249
 9384.000000 9.976391 1.557114 2.982776
 9387.000000 10.002019 1.547887 2.988885
 9390.000000 9.984664 1.549024 2.989787
 9393.000000 9.992960 1.515516 2.986072
 9396.000000 9.997901 1.530808 2.980944
 9399.000000 10.059242 1.546038 2.956963
 9402.000000 10.014282 1.528688 2.958113
 9405.000000 10.060961 1.534362 2.995314
 9408.000000 10.068684 1.553265 3.005529
 9411.000000 10.009817 1.548539 3.039272
 9414.000000 10.044873 1.543182 3.047513
 9417.000000 10.039169 1.532661 3.016822
 9420.000000 10.018448 1.567287 3.041759
 9423.000000 10.049510 1.572976 3.046216
 9426.000000 9.958697 1.577216 3.032812
 9429.000000 9.899701 1.558690 2.989202
 9432.000000 9.991377 1.555077 3.001063
 9435.000000 9.949521 1.574170 2.956991
 9438.000000 9.953762 1.571702 2.979346
 9441.000000 9.911349 1.558038 3.012364
 9444.000000 9.871580 1.571924 3.022722
 9447.000000 9.831210 1.579805 2.971715
 9450.000000 9.879219 1.577412 2.980625
 9453.000000 9.910462 1.562567 3.006336
 9456.000000 9.941738 1.593011 3.000601
 9459.000000 9.931908 1.557216 2.968326
 9462.000000 9.912350 1.559364 2.986988
 9465.000000 9.918145 1.521230 2.988866
 9468.000000 9.909138 1.538889 3.013668
 9471.000000 9.904883 1.530397 2.994485
 9474.000000 9.974649 1.538848 2.946367
 9477.000000 9.983554 1.548373 2.963952
 9480.000000 9.982499 1.545994 2.974466
 9483.000000 9.963242 1.561985 2.937023
 9486.000000 9.988188 1.553442 2.938396
 9489.000000 9.984887 1.535353 2.942857
 9492.000000 10.004299 1.543613 2.958478
 9495.000000 9.920390 1.531889 2.951505
 9498.000000 9.962233 1.519131 3.007780
 9501.000000 9.883431 1.510571 3.045003
 9504.000000 9.854366 1.539264 3.001312
 9507.000000 9.805149 1.574841 2.977945
 9510.000000 9.773132 1.578740 2.983068
 9513.000000 9.804494 1.581910 2.990456
 9516.000000 9.813842 1.593968 2.990911
 9519.000000 9.817120 1.593892 2.971852
 9522.000000 9.754811 1.579960 2.946507
 9525.000000 9.808847 1.563553 2.978440
 9528.000000 9.831548 1.567201 2.973516
 9531.000000 9.943092 1.567093 2.993361
 9534.000000 9.922876 1.570201 2.963217
 9537.000000 9.828217 1.549696 2.947430
 9540.000000 9.906297 1.543685 2.981486
 9543.000000 9.928910 1.581962 2.947378
 9546.000000 9.881901 1.560460 2.944185
 9549.000000 9.920848 1.588741 2.951133
 9552.000000 9.870188 1.576313 2.977931
 9555.000000 9.801525 1.562540 2.991745
 9558.000000 9.772005 1.560867 2.977927
 9561.000000 9.815225 1.559577 3.001540
 9564.000000 9.735213 1.580458 2.994449
 9567.000000 9.753087 1.580945 2.950961
 9570.000000 9.684089 1.558260 2.957719
 9573.000000 9.802891 1.589588 2.955482
 9576.000000 9.838934 1.597287 2.942028
 9579.000000 9.793583 1.596043 2.951276
 9582.000000 9.848023 1.597354 2.972097
 9585.000000 9.770820 1.580114 2.944343
 9588.000000 9.755951 1.549517 2.982411
 9591.000000 9.682691 1.590709 2.946236
 9594.000000 9.772971 1.565848 2.966330
 9597.000000 9.789295 1.567367 2.965496
 9600.000000 9.867553 1.564414 2.956487
 9603.000000 9.788267 1.560046 2.984102
 9606.000000 9.768989 1.576005 2.981359
 9609.000000 9.797945 1.590131 2.947570
 9612.000000 9.826332 1.587004 2.957788
 9615.000000 9.833742 1.559368 2.972301
 9618.000000 9.910746 1.574302 2.959616
 9621.000000 9.888141 1.550428 2.970030
 9624.000000 9.945025 1.572518 2.949126
 9627.000000 9.926583 1.564196 2.970612
 9630.000000 9.936890 1.550634 2.996075
 9633.000000 9.986668 1.555524 2.962671
 9636.000000 9.911832 1.588649 2.957729
 9639.000000 9.934879 1.591435 2.964105
 9642.000000 9.908961 1.584650 2.961152
 9645.000000 9.871449 1.600895 2.987165
 9648.000000 9.824863 1.586361 3.014842
 9651.000000 9.816343 1.572024 3.002167
 9654.000000 9.813484 1.550889 3.001332
 9657.000000 9.834946 1.542184 3.027737
 9660.000000 9.867600 1.555245 3.005763
 9663.000000 9.914604 1.545458 3.010015
 9666.000000 9.839690 1.545125 3.001391
 9669.000000 9.764086 1.547376 2.986243
 9672.000000 9.790145 1.549142 2.991657
 9675.000000 9.765197 1.542405 3.013232
 9678.000000 9.860589 1.531716 2.971882
 9681.000000 9.839118 1.511228 2.979490
 9684.000000 9.821824 1.504521 2.991189
 9687.000000 9.799656 1.512504 2.953558
 9690.000000 9.853327 1.529537 2.956986
 9693.000000 9.875204 1.517618 2.993412
 9696.000000 9.894294 1.508723 2.985811
 9699.000000 9.884688 1.492117 2.956528
 9702.000000 9.918366 1.505650 3.006623
 9705.000000 9.886078 1.510345 3.000774
 9708.000000 9.914471 1.535066 3.016856
 9711.000000 9.939530 1.554205 3.023300
 9714.000000 10.002237 1.590781 2.995849
 9717.000000 10.047417 1.596161 3.005661
 9720.000000 9.920601 1.602704 3.002794
 9723.000000 9.966191 1.615737 2.987269
 9726.000000 10.078163 1.591858 3.006891
 9729.000000 10.075636 1.581653 2.992229
 9732.000000 10.019895 1.588405 2.978115
 9735.000000 9.983871 1.586065 2.975908
 9738.000000 9.975308 1.596548 2.972544
 9741.000000 10.007699 1.577694 2.979224
 9744.000000 10.037462 1.582947 3.012102
 9747.000000 9.973533 1.568795 2.971984
 9750.000000 10.064132 1.569487 2.969956
 9753.000000 10.055635 1.585430 2.990794
 9756.000000 10.051624 1.570395 3.018757
 9759.000000 10.019178 1.599864 3.013338
 9762.000000 10.069444 1.577441 3.043820
 9765.000000 10.026218 1.562439 2.995497
 9768.000000 9.985181 1.551375 2.982781
 9771.000000 10.054879 1.562801 3.005981
 9774.000000 10.021775 1.547005 3.013588
 9777.000000 9.998700 1.533304 3.011719
 9780.000000 9.959724 1.498265 3.008891
 9783.000000 9.943906 1.505010 3.049944
 9786.000000 9.914938 1.537844 3.051279
 9789.000000 9.909338 1.530728 3.034451
 9792.000000 9.963573 1.530003 3.011409
 9795.000000 9.953905 1.543041 3.005906
 9798.000000 10.026876 1.546744 2.989227
 9801.000000 10.017821 1.541729 3.011874
 9804.000000 10.000188 1.522668 2.983631
 9807.000000 10.039161 1.536922 2.972912
 9810.000000 9.993003 1.514118 2.961252
 9813.000000 9.838889 1.511844 2.959649
 9816.000000 9.861752 1.533976 3.016087
 9819.000000 9.877192 1.535527 3.059663
 9822.000000 9.884614 1.523264 3.011326
 9825.000000 9.878195 1.519586 2.993382
 9828.000000 9.879173 1.525584 3.008673
 9831.000000 9.934303 1.530873 2.963128
 9834.000000 9.951359 1.515048 2.947287
 9837.000000 9.983716 1.536519 2.947461
 9840.000000 10.037381 1.548551 2.960567
 9843.000000 10.063414 1.580434 2.996516
 9846.000000 10.004592 1.553694 2.992892
 9849.000000 10.056270 1.559030 2.948337
 9852.000000 10.006261 1.550083 3.027666
 9855.000000 10.081194 1.551638 3.039000
 9858.000000 10.118110 1.549676 3.037908
 9861.000000 10.093162 1.562887 3.012196
 9864.000000 10.109886 1.571914 3.030460
 9867.000000 10.124920 1.559245 3.010567
 9870.000000 10.064270 1.559085 3.038147
 9873.000000 10.094933 1.557238 3.007147
 9876.000000 10.147557 1.574527 2.988035
 9879.000000 10.123213 1.596917 2.965202
 9882.000000 10.074395 1.594422 2.963165
 9885.000000 10.128889 1.591692 2.939491
 9888.000000 10.186694 1.579860 2.918990
 9891.000000 10.188267 1.585332 2.945918
 9894.000000 10.045231 1.595840 2.912183
 9897.000000 10.036060 1.602273 2.910578
 9900.000000 10.091426 1.598700 2.896143
 9903.000000 10.033234 1.588036 2.886011
 9906.000000 10.108693 1.595146 2.922431
 9909.000000 10.062391 1.577111 2.925234
 9912.000000 10.122169 1.560260 2.927543
 9915.000000 10.016687 1.541917 2.904592
 9918.000000 9.999765 1.542151 2.941172
 9921.000000 10.045306 1.532348 2.923395
 9924.000000 10.049051 1.515846 2.912395
 9927.000000 10.125938 1.542907 2.916303
 9930.000000 10.111771 1.544118 2.951848
 9933.000000 10.115059 1.558762 2.960084
 9936.000000 10.127320 1.555679 2.950501
 9939.000000 10.149640 1.571079 2.940114
 9942.000000 10.191212 1.570675 2.887506
 9945.000000 10.235727 1.586863 2.882580
 9948.000000 10.173287 1.574107 2.951139
 9951.000000 10.127322 1.564175 2.938737
 9954.000000 10.146990 1.555363 2.950479
 9957.000000 10.207134 1.546982 2.940086
 9960.000000 10.098281 1.522483 2.984396
 9963.000000 10.107418 1.551815 2.991757
 9966.000000 10.102260 1.558613 2.966052
 9969.000000 10.032732 1.537803 2.961808
 9972.000000 10.077588 1.535851 2.978747
 9975.000000 10.044793 1.543421 2.943911
 9978.000000 10.123418 1.536227 2.966795
 9981.000000 10.108379 1.489075 3.002321
 9984.000000 10.066376 1.512086 2.961880
 9987.000000 10.047590 1.494604 3.022375
 9990.000000 9.984264 1.495644 3.007302
 9993.000000 10.007048 1.512014 3.020717
 9996.000000 10.031734 1.487867 3.037937
 9999.000000 10.051276 1.516801 3.012331
 10002.000000 10.092698 1.538118 2.948504
 10005.000000 10.038763 1.502525 2.951794
 10008.000000 10.096692 1.506157 2.958281
 10011.000000 10.025041 1.515294 2.981317
 10014.000000 10.000078 1.541733 2.952858
 10017.000000 9.963815 1.529504 2.935979
 10020.000000 9.976241 1.529034 2.970684
 10023.000000 10.001754 1.522266 2.973594
 10026.000000 10.005746 1.518696 2.961428
 10029.000000 10.095380 1.533211 2.968491
 10032.000000 10.015832 1.529888 2.975605
 10035.000000 10.032887 1.526768 2.909981
 10038.000000 9.995608 1.520235 2.972127
 10041.000000 10.003967 1.525280 2.993723
 10044.000000 9.988672 1.544086 3.014886
 10047.000000 10.001341 1.537285 3.023947
 10050.000000 9.977011 1.520601 3.039532
 10053.000000 9.975287 1.520607 3.017823
 10056.000000 9.966491 1.533634 3.032512
 10059.000000 9.927998 1.505585 3.036066
 10062.000000 9.869596 1.535200 3.032193
 10065.000000 9.993581 1.546498 2.987432
 10068.000000 10.005734 1.523523 2.986984
 10071.000000 9.902450 1.535140 2.988614
 10074.000000 9.958504 1.524577 3.008209
 10077.000000 9.918590 1.527280 3.002515
 10080.000000 9.880348 1.547646 3.007499
 10083.000000 9.967011 1.559173 2.996930
 10086.000000 9.982090 1.556926 2.963634
 10089.000000 10.030688 1.572297 2.969909
 10092.000000 10.038086 1.586234 2.976049
 10095.000000 10.082207 1.582844 3.011759
 10098.000000 10.002894 1.577465 3.025051
 10101.000000 10.007874 1.575107 3.041124
 10104.000000 9.983809 1.578988 2.992557
 10107.000000 9.938097 1.578610 2.998025
 10110.000000 9.999098 1.548694 2.977490
 10113.000000 10.007202 1.580311 2.962436
 10116.000000 10.014192 1.575639 2.984370
 10119.000000 9.957631 1.565629 2.995552
 10122.000000 9.943903 1.587051 2.940640
 10125.000000 10.002996 1.570995 2.961598
 10128.000000 10.022939 1.585026 2.967801
 10131.000000 10.076252 1.587297 2.948521
 10134.000000 9.997143 1.567731 2.992652
 10137.000000 9.996601 1.545065 3.020442
 10140.000000 9.934446 1.555441 2.991198
 10143.000000 9.889154 1.579225 2.967600
 10146.000000 9.955787 1.570402 2.977036
 10149.000000 9.890900 1.542094 2.972039
 10152.000000 9.853872 1.529961 3.017363
 10155.000000 9.883802 1.512225 3.018773
 10158.000000 9.861579 1.523128 3.016490
 10161.000000 9.860683 1.531708 2.993570
 10164.000000 9.813921 1.558013 3.034178
 10167.000000 9.873021 1.547681 3.059011
 10170.000000 9.903202 1.559186 3.063753
 10173.000000 9.991722 1.533315 3.021197
 10176.000000 9.926010 1.552019 3.032919
 10179.000000 9.909053 1.546403 3.017023
 10182.000000 10.032581 1.550338 3.000706
 10185.000000 10.018254 1.563780 3.011861
 10188.000000 9.994324 1.556898 3.026266
 10191.000000 9.961797 1.559344 3.001103
 10194.000000 10.026326 1.570999 3.021818
 10197.000000 9.953680 1.562135 3.020560
 10200.000000 10.012457 1.589268 3.015470
 10203.000000 9.969750 1.589243 3.008667
 10206.000000 10.035803 1.596991 2.983237
 10209.000000 9.988701 1.593825 3.013795
 10212.000000 9.959000 1.604085 3.002601
 10215.000000 9.966245 1.579325 3.006951
 10218.000000 9.968256 1.572523 2.999967
 10221.000000 9.992225 1.552862 3.031343
 10224.000000 9.998847 1.539395 3.017284
 10227.000000 9.965019 1.549625 3.039058
 10230.000000 9.986883 1.580491 2.998554
 10233.000000 9.918238 1.562229 3.031682
 10236.000000 9.893021 1.563922 3.005052
 10239.000000 9.862236 1.527537 3.062724
 10242.000000 9.794994 1.532425 3.062648
 10245.000000 9.845170 1.548973 3.013172
 10248.000000 9.823682 1.516146 3.031626
 10251.000000 9.897683 1.518319 3.019055
 10254.000000 9.888798 1.529024 3.013911
 10257.000000 9.795971 1.528226 3.027256
 10260.000000 9.773934 1.517509 3.012796
 10263.000000 9.814483 1.491249 3.045186
 10266.000000 9.821754 1.540248 3.050882
 10269.000000 9.867105 1.530011 3.012749
 10272.000000 9.995902 1.525929 3.024192
 10275.000000 9.959039 1.548515 3.001539
 10278.000000 9.979236 1.565362 2.968743
 10281.000000 9.956536 1.549155 3.005655
 10284.000000 10.007462 1.573967 2.991918
 10287.000000 10.028587 1.577281 2.970451
 10290.000000 10.034681 1.524499 2.994006
 10293.000000 9.984838 1.523929 2.988522
 10296.000000 9.970853 1.532641 2.960645
 10299.000000 9.973244 1.531916 2.955195
 10302.000000 9.914299 1.517889 2.961432
 10305.000000 9.848212 1.519251 2.966788
 10308.000000 9.861073 1.525160 2.950164
 10311.000000 9.967299 1.524104 2.998801
 10314.000000 9.939527 1.513994 2.971896
 10317.000000 10.003220 1.536416 2.951363
 10320.000000 10.015868 1.540254 2.973320
 10323.000000 10.003462 1.532482 3.004482
 10326.000000 10.018601 1.550914 3.016693
 10329.000000 10.006454 1.542310 3.021916
 10332.000000 10.006807 1.546475 2.986447
 10335.000000 9.987646 1.542272 3.005800
 10338.000000 9.915673 1.551854 2.990327
 10341.000000 9.888915 1.547131 3.011853
 10344.000000 9.924896 1.543249 2.976790
 10347.000000 9.869124 1.554398 2.998548
 10350.000000 9.872456 1.541086 2.961671
 10353.000000 9.884869 1.537021 2.982203
 10356.000000 9.863653 1.553797 2.969472
 10359.000000 9.880674 1.569241 2.956598
 10362.000000 9.929699 1.551263 2.948979
 10365.000000 9.868009 1.572405 2.917349
 10368.000000 9.927984 1.567257 2.964850
 10371.000000 9.878395 1.521314 2.935969
 10374.000000 9.969797 1.520042 2.930802
 10377.000000 9.934849 1.514010 2.977753
 10380.000000 9.970037 1.523834 2.979973
 10383.000000 9.996383 1.516560 2.970630
 10386.000000 10.014029 1.519469 2.982578
 10389.000000 10.043104 1.510228 2.962033
 10392.000000 10.013906 1.516822 2.996529
 10395.000000 10.066377 1.510418 3.011624
 10398.000000 9.972963 1.488999 3.012662
 10401.000000 9.929281 1.484802 2.970135
 10404.000000 10.005813 1.463659 2.995777
 10407.000000 9.993200 1.486668 2.960452
 10410.000000 10.022366 1.499294 2.944413
 10413.000000 10.024829 1.516960 2.934446
 10416.000000 10.022238 1.497341 2.986262
 10419.000000 9.977836 1.485283 2.964455
 10422.000000 10.027175 1.491789 2.964292
 10425.000000 10.065387 1.488304 2.949691
 10428.000000 10.051569 1.494434 2.954932
 10431.000000 9.970596 1.453589 2.964780
 10434.000000 10.016718 1.480381 2.935058
 10437.000000 9.920359 1.472411 2.942845
 10440.000000 9.966219 1.476097 2.931626
 10443.000000 9.955050 1.476047 2.929983
 10446.000000 9.995305 1.483486 2.932264
 10449.000000 9.964388 1.490521 2.938085
 10452.000000 9.954078 1.488223 2.944263
 10455.000000 9.968939 1.491287 2.955275
 10458.000000 9.954204 1.506777 2.953279
 10461.000000 9.978398 1.502566 2.963543
 10464.000000 9.893994 1.500734 2.951058
 10467.000000 9.915498 1.493293 2.987118
 10470.000000 9.816450 1.490104 2.990420
 10473.000000 9.909521 1.493424 2.992571
 10476.000000 9.899767 1.499653 2.976500
 10479.000000 9.822915 1.496063 2.949448
 10482.000000 9.858197 1.508131 2.907864
 10485.000000 9.860985 1.486827 2.933557
 10488.000000 9.898834 1.479691 2.953146
 10491.000000 9.897437 1.487796 2.937759
 10494.000000 9.991822 1.494776 2.956367
 10497.000000 10.036122 1.522858 2.903577
 10500.000000 10.083849 1.500604 2.931623
 10503.000000 10.122283 1.487956 2.954050
 10506.000000 10.134354 1.477483 2.986696
 10509.000000 10.103891 1.519297 2.955631
 10512.000000 10.036044 1.494452 2.956423
 10515.000000 10.118309 1.505204 2.947379
 10518.000000 10.063310 1.503075 2.964850
 10521.000000 10.021536 1.479659 2.972681
 10524.000000 10.068236 1.501070 2.943958
 10527.000000 10.112031 1.507065 2.972141
 10530.000000 10.092625 1.513111 2.976563
 10533.000000 10.045087 1.536301 2.948004
 10536.000000 10.050114 1.513181 2.947760
 10539.000000 10.064747 1.523354 2.963770
 10542.000000 10.042282 1.519618 2.964704
 10545.000000 9.965012 1.521341 2.988368
 10548.000000 9.959065 1.535097 2.989454
 10551.000000 9.983318 1.519698 2.995825
 10554.000000 9.954275 1.518985 2.990712
 10557.000000 10.063508 1.537977 2.988113
 10560.000000 10.021885 1.521185 3.009631
 10563.000000 10.011441 1.553918 2.980307
 10566.000000 10.063564 1.579349 2.955429
 10569.000000 10.001094 1.591576 2.947962
 10572.000000 9.923019 1.567590 3.003932
 10575.000000 9.951477 1.563951 2.990941
 10578.000000 9.980127 1.560358 3.007274
 10581.000000 9.987786 1.567145 2.990247
 10584.000000 9.989323 1.573661 2.967861
 10587.000000 10.021410 1.586729 2.962824
 10590.000000 9.981752 1.586346 2.987956
 10593.000000 10.100513 1.594805 2.969989
 10596.000000 10.070250 1.590119 3.018372
 10599.000000 10.037015 1.596229 3.021714
 10602.000000 9.987963 1.568319 3.026726
 10605.000000 9.995272 1.590148 3.020936
 10608.000000 10.059880 1.574619 3.030130
 10611.000000 10.037233 1.575304 3.033975
 10614.000000 10.083396 1.574563 3.008776
 10617.000000 10.026283 1.566502 3.026860
 10620.000000 10.101160 1.592802 3.024082
 10623.000000 10.034748 1.594139 3.037883
 10626.000000 10.015748 1.604062 3.022353
 10629.000000 10.002055 1.580555 3.033771
 10632.000000 10.076064 1.605821 3.022510
 10635.000000 10.023844 1.582796 3.016559
 10638.000000 10.013361 1.603969 3.026453
 10641.000000 10.014517 1.597860 2.971780
 10644.000000 10.031379 1.613380 2.984513
 10647.000000 10.010720 1.606824 2.998217
 10650.000000 10.066862 1.594978 2.978128
 10653.000000 9.989123 1.580377 2.989750
 10656.000000 9.989364 1.572318 2.981903
 10659.000000 9.979061 1.593615 2.990279
 10662.000000 9.870572 1.592688 2.976461
 10665.000000 9.846052 1.626196 2.966679
 10668.000000 9.871696 1.606914 2.971348
 10671.000000 9.883215 1.582806 3.007579
 10674.000000 9.902524 1.581754 2.965325
 10677.000000 9.919470 1.595844 2.984045
 10680.000000 9.933013 1.589561 2.950022
 10683.000000 9.897560 1.579389 2.975167
 10686.000000 9.938507 1.567903 3.017224
 10689.000000 9.977094 1.592319 2.996808
 10692.000000 9.976076 1.579403 2.999662
 10695.000000 9.915329 1.578377 2.971418
 10698.000000 9.837110 1.585225 2.964338
 10701.000000 9.793995 1.576944 2.991355
 10704.000000 9.784457 1.553635 3.005120
 10707.000000 9.765722 1.530561 3.016559
 10710.000000 9.878606 1.553085 2.989114
 10713.000000 9.871435 1.564894 2.979252
 10716.000000 9.791145 1.577011 2.958310
 10719.000000 9.792876 1.542021 3.005092
 10722.000000 9.774400 1.551847 2.969332
 10725.000000 9.852577 1.560995 2.951265
 10728.000000 9.925201 1.549188 2.994703
 10731.000000 9.878460 1.549875 3.015302
 10734.000000 9.855476 1.552147 3.020123
 10737.000000 9.852128 1.558301 2.970226
 10740.000000 9.861160 1.567535 2.940911
 10743.000000 9.874158 1.554528 2.960146
 10746.000000 9.834519 1.545903 2.978414
 10749.000000 9.892671 1.556979 2.985179
 10752.000000 9.990469 1.569188 2.961119
 10755.000000 10.013367 1.556956 2.977672
 10758.000000 9.943899 1.535282 3.002921
 10761.000000 9.916509 1.533741 2.982713
 10764.000000 9.919970 1.514388 3.029230
 10767.000000 9.941940 1.523824 3.030778
 10770.000000 9.917554 1.537662 2.983775
 10773.000000 9.932889 1.542087 2.971780
 10776.000000 9.908941 1.555768 2.936978
 10779.000000 9.951752 1.531925 2.987110
 10782.000000 9.924982 1.525342 3.000072
 10785.000000 9.925612 1.553553 2.983597
 10788.000000 9.947064 1.509191 2.994631
 10791.000000 9.965685 1.521264 2.999007
 10794.000000 9.987241 1.507186 3.007847
 10797.000000 10.072095 1.507229 2.981885
 10800.000000 10.045179 1.539083 2.955296
 10803.000000 10.013620 1.550930 2.963873
 10806.000000 9.990187 1.539701 2.975287
 10809.000000 9.983675 1.562837 2.949388
 10812.000000 10.001468 1.566304 2.965351
 10815.000000 9.991297 1.568937 2.959704
 10818.000000 9.990532 1.559695 2.948952
 10821.000000 9.991790 1.570313 2.926930
 10824.000000 9.976377 1.522112 2.954528
 10827.000000 9.958608 1.519872 2.972505
 10830.000000 9.938809 1.545379 2.989157
 10833.000000 9.952876 1.558566 2.990624
 10836.000000 9.945717 1.551292 2.994129
 10839.000000 10.002103 1.547498 2.971612
 10842.000000 10.063130 1.568231 2.980870
 10845.000000 10.028708 1.548752 2.987785
 10848.000000 9.923686 1.545344 3.002747
 10851.000000 9.904294 1.542816 2.965425
 10854.000000 9.850096 1.550162 2.971591
 10857.000000 9.925654 1.568281 2.980945
 10860.000000 10.022170 1.591169 3.000073
 10863.000000 9.945743 1.584719 2.997579
 10866.000000 9.951188 1.585666 3.017356
 10869.000000 9.902831 1.574020 3.054144
 10872.000000 9.949682 1.570659 3.034299
 10875.000000 9.945464 1.569586 3.011639
 10878.000000 9.912139 1.570865 2.991279
 10881.000000 9.898692 1.567538 3.039729
 10884.000000 9.945864 1.550258 3.012228
 10887.000000 10.038644 1.575177 3.010585
 10890.000000 9.936907 1.559840 2.986322
 10893.000000 9.958081 1.561829 2.963391
 10896.000000 9.974205 1.574917 2.991317
 10899.000000 9.999253 1.588656 2.995246
 10902.000000 9.974138 1.599789 2.952972
 10905.000000 9.952212 1.573144 2.985823
 10908.000000 9.961148 1.585319 3.012129
 10911.000000 9.958018 1.595807 3.010796
 10914.000000 9.958934 1.602018 3.025091
 10917.000000 9.922907 1.577703 3.044014
 10920.000000 9.884652 1.596805 2.993709
 10923.000000 9.903326 1.561684 3.030963
 10926.000000 9.869165 1.571501 3.041421
 10929.000000 9.939150 1.625127 3.003568
 10932.000000 9.996866 1.620481 3.004446
 10935.000000 9.996793 1.571813 3.048464
 10938.000000 9.973020 1.563143 3.035233
 10941.000000 9.964618 1.569646 3.028872
 10944.000000 9.959974 1.554857 3.031941
 10947.000000 9.966926 1.565077 3.027160
 10950.000000 9.965617 1.565912 3.048184
 10953.000000 9.819820 1.545831 3.059211
 10956.000000 9.890950 1.569694 3.035575
 10959.000000 9.891282 1.565322 3.020856
 10962.000000 9.860082 1.553692 2.997225
 10965.000000 9.853040 1.581154 2.951296
 10968.000000 9.961761 1.588346 2.967497
 10971.000000 9.972287 1.579239 2.958630
 10974.000000 10.029469 1.576807 2.942403
 10977.000000 9.997658 1.580910 2.939263
 10980.000000 10.019521 1.566720 2.966681
 10983.000000 9.984520 1.580624 2.950018
 10986.000000 10.093450 1.543436 2.976878
 10989.000000 10.023893 1.557745 2.968706
 10992.000000 10.046141 1.543642 2.968510
 10995.000000 10.097328 1.537407 2.991162
 10998.000000 10.089997 1.518028 3.044938
 11001.000000 10.056829 1.520069 3.059392
 11004.000000 10.006563 1.523838 3.039074
 11007.000000 9.920323 1.558692 3.020571
 11010.000000 9.883320 1.527370 3.035622
 11013.000000 9.881836 1.543015 3.008542
 11016.000000 9.894625 1.550834 2.981180
 11019.000000 9.943311 1.546565 3.015213
 11022.000000 9.931091 1.532346 3.051226
 11025.000000 9.892252 1.554231 3.049974
 11028.000000 9.877345 1.538592 3.061419
 11031.000000 9.906496 1.521952 3.101666
 11034.000000 9.911378 1.554072 3.040411
 11037.000000 9.867861 1.553929 3.044697
 11040.000000 9.835863 1.550354 3.044707
 11043.000000 9.850838 1.554016 3.013870
 11046.000000 9.818450 1.537749 3.055098
 11049.000000 9.820021 1.526498 3.070125
 11052.000000 9.834354 1.556946 3.049055
 11055.000000 9.897769 1.576135 3.021859
 11058.000000 9.874316 1.583769 3.038977
 11061.000000 9.916873 1.566291 3.019987
 11064.000000 9.898562 1.593492 3.016361
 11067.000000 9.963052 1.607665 3.007033
 11070.000000 9.968755 1.599434 3.008151
 11073.000000 9.935699 1.617890 2.999286
 11076.000000 9.875165 1.637303 2.945603
 11079.000000 9.849951 1.614392 2.977314
 11082.000000 9.919124 1.617486 2.968199
 11085.000000 9.892303 1.610003 2.967574
 11088.000000 9.921132 1.596951 2.964634
 11091.000000 9.878340 1.587718 3.011521
 11094.000000 9.781174 1.605643 2.923593
 11097.000000 9.841127 1.611789 2.946656
 11100.000000 9.720067 1.632957 2.953860
 11103.000000 9.740226 1.626697 2.978667
 11106.000000 9.800298 1.581748 3.036647
 11109.000000 9.792271 1.578300 3.037820
 11112.000000 9.778946 1.576857 3.038319
 11115.000000 9.763419 1.583401 3.030080
 11118.000000 9.733601 1.586018 2.985353
 11121.000000 9.816398 1.591972 3.041302
 11124.000000 9.741747 1.584844 3.038850
 11127.000000 9.753611 1.569251 3.044942
 11130.000000 9.823986 1.572211 3.080592
 11133.000000 9.817518 1.544424 3.011812
 11136.000000 9.755090 1.558662 3.054153
 11139.000000 9.799394 1.530217 3.024664
 11142.000000 9.852752 1.549738 3.004343
 11145.000000 9.844766 1.559436 3.012382
 11148.000000 9.778340 1.553919 3.018848
 11151.000000 9.757943 1.556290 3.030293
 11154.000000 9.846584 1.562469 2.998522
 11157.000000 9.793833 1.553800 2.974028
 11160.000000 9.885979 1.567709 2.956433
 11163.000000 9.878337 1.581740 2.968862
 11166.000000 9.892473 1.610119 2.928656
 11169.000000 9.807843 1.582563 2.920045
 11172.000000 9.795135 1.579504 2.948405
 11175.000000 9.706420 1.582645 2.980800
 11178.000000 9.764799 1.597112 3.016593
 11181.000000 9.676846 1.584618 2.969975
 11184.000000 9.683581 1.560909 2.977219
 11187.000000 9.743678 1.586345 2.964276
 11190.000000 9.692933 1.610286 2.978476
 11193.000000 9.768847 1.597562 2.987823
 11196.000000 9.780056 1.580260 2.971109
 11199.000000 9.734350 1.575618 2.972352
 11202.000000 9.777431 1.608560 3.008390
 11205.000000 9.830423 1.599499 2.988049
 11208.000000 9.839806 1.569377 2.951538
 11211.000000 9.852675 1.565475 2.953530
 11214.000000 9.778333 1.568192 2.964972
 11217.000000 9.807941 1.549772 2.965179
 11220.000000 9.819318 1.520275 2.929945
 11223.000000 9.834830 1.520675 2.936826
 11226.000000 9.799677 1.527422 2.958224
 11229.000000 9.861257 1.542552 2.930469
 11232.000000 9.858426 1.516668 2.950409
 11235.000000 9.911539 1.487537 2.952143
 11238.000000 9.930108 1.494670 2.974623
 11241.000000 9.937819 1.492852 2.958482
 11244.000000 9.937817 1.493226 2.960598
 11247.000000 9.947010 1.501630 2.951701
 11250.000000 9.986128 1.502524 2.938664
 11253.000000 10.004262 1.495311 2.995184
 11256.000000 10.039402 1.496082 2.968827
 11259.000000 9.984107 1.539246 2.948152
 11262.000000 9.952134 1.515063 2.982063
 11265.000000 9.897975 1.530290 2.910258
 11268.000000 9.958869 1.522824 2.908436
 11271.000000 9.913607 1.485770 2.921273
 11274.000000 9.897021 1.485183 2.964411
 11277.000000 9.939489 1.473417 2.971420
 11280.000000 9.927587 1.511466 2.982389
 11283.000000 10.015736 1.499908 2.992213
 11286.000000 10.007980 1.524464 2.969736
 11289.000000 9.911845 1.488509 3.012828
 11292.000000 9.909574 1.494575 3.030858
 11295.000000 9.885540 1.518023 2.978106
 11298.000000 9.916667 1.535351 2.987464
 11301.000000 9.961081 1.517560 2.979796
 11304.000000 9.991974 1.534887 3.002945
 11307.000000 9.968590 1.488071 2.996719
 11310.000000 10.002084 1.494547 2.974542
 11313.000000 9.960526 1.469708 2.961075
 11316.000000 9.948011 1.494587 3.019684
 11319.000000 9.998378 1.509176 3.008983
 11322.000000 9.921728 1.510903 2.983514
 11325.000000 9.927249 1.494041 2.953784
 11328.000000 9.840997 1.527659 3.015866
 11331.000000 9.884128 1.551765 3.005776
 11334.000000 9.987498 1.527891 3.006550
 11337.000000 10.069989 1.562170 3.062127
 11340.000000 10.078741 1.537220 3.057884
 11343.000000 10.030023 1.538846 3.051956
 11346.000000 10.057005 1.552857 3.011092
 11349.000000 9.944235 1.548317 2.984948
 11352.000000 9.980193 1.572315 2.952543
 11355.000000 9.924103 1.563063 2.960593
 11358.000000 9.955844 1.537806 2.988683
 11361.000000 10.013829 1.530714 3.003732
 11364.000000 9.934505 1.544618 2.948496
 11367.000000 9.963501 1.537647 2.957865
 11370.000000 9.886651 1.511471 2.959562
 11373.000000 9.879833 1.473253 2.974444
 11376.000000 9.916547 1.471583 2.967812
 11379.000000 9.897096 1.484512 2.962067
 11382.000000 9.856219 1.487836 2.964801
 11385.000000 9.835774 1.464215 2.957182
 11388.000000 9.879272 1.470993 2.962452
 11391.000000 9.853294 1.458937 2.974378
 11394.000000 9.828177 1.435533 2.975862
 11397.000000 9.909596 1.455227 3.011982
 11400.000000 9.913983 1.467896 2.995046
 11403.000000 9.879587 1.482744 2.978343
 11406.000000 9.861284 1.484050 2.957738
 11409.000000 9.864719 1.504394 2.964741
 11412.000000 9.938469 1.528957 2.962724
 11415.000000 10.021493 1.533761 2.951378
 11418.000000 9.986765 1.544511 2.954366
 11421.000000 9.951445 1.538261 2.965985
 11424.000000 9.963854 1.508828 2.992414
 11427.000000 9.997127 1.513681 2.994247
 11430.000000 9.993888 1.530806 2.959568
 11433.000000 9.946182 1.541411 2.959981
 11436.000000 9.878814 1.520950 2.944773
 11439.000000 9.863073 1.520894 2.946708
 11442.000000 9.867456 1.521644 2.990851
 11445.000000 9.822960 1.544247 3.006479
 11448.000000 9.803691 1.551155 2.992396
 11451.000000 9.769137 1.527181 2.996730
 11454.000000 9.803716 1.522202 3.018108
 11457.000000 9.777515 1.529268 2.987414
 11460.000000 9.790277 1.515752 3.004588
 11463.000000 9.755227 1.522072 3.036785
 11466.000000 9.708681 1.518943 3.008254
 11469.000000 9.657901 1.523819 2.955813
 11472.000000 9.695862 1.500180 2.993231
 11475.000000 9.713863 1.503894 2.994482
 11478.000000 9.810739 1.517766 2.983427
 11481.000000 9.828143 1.552938 2.980656
 11484.000000 9.819185 1.554437 2.999200
 11487.000000 9.868141 1.536107 3.031876
 11490.000000 9.915311 1.518134 2.997773
 11493.000000 9.987111 1.528986 2.946312
 11496.000000 9.953054 1.505991 2.950911
 11499.000000 9.976706 1.529050 2.963388
 11502.000000 9.916631 1.508632 2.957546
 11505.000000 9.950244 1.538082 2.961947
 11508.000000 9.919315 1.531672 2.966210
 11511.000000 9.755313 1.542362 2.976809
 11514.000000 9.737287 1.559423 2.965738
 11517.000000 9.847674 1.555039 2.948579
 11520.000000 9.811504 1.542718 2.953160
 11523.000000 9.887741 1.520985 2.968482
 11526.000000 9.948437 1.550542 2.989000
 11529.000000 9.862036 1.527359 2.953035
 11532.000000 9.958813 1.533490 2.956614
 11535.000000 9.890892 1.575329 2.992884
 11538.000000 9.895060 1.571752 2.981803
 11541.000000 9.915260 1.592406 2.998252
 11544.000000 9.923275 1.567129 2.956961
 11547.000000 9.850910 1.578350 2.966886
 11550.000000 9.831331 1.567525 2.957241
 11553.000000 9.822911 1.554642 2.975903
 11556.000000 9.915249 1.554614 2.975049
 11559.000000 9.799625 1.552151 2.980926
 11562.000000 9.862446 1.559402 2.956689
 11565.000000 9.927080 1.573343 2.976714
 11568.000000 9.915130 1.566131 2.974823
 11571.000000 9.918740 1.554011 2.955890
 11574.000000 9.860335 1.542917 2.986101
 11577.000000 9.956203 1.546389 2.979801
 11580.000000 9.935538 1.525203 2.992689
 11583.000000 9.911734 1.532196 2.969929
 11586.000000 9.973992 1.551271 2.946343
 11589.000000 9.958397 1.588747 2.939675
 11592.000000 10.056280 1.574059 2.956461
 11595.000000 10.004407 1.566965 2.988468
 11598.000000 10.057769 1.556844 2.968501
 11601.000000 10.088334 1.583029 2.956194
 11604.000000 10.095478 1.563397 2.966051
 11607.000000 10.047117 1.562195 2.982035
 11610.000000 10.101426 1.560885 2.977371
 11613.000000 10.037112 1.553780 2.966606
 11616.000000 9.978289 1.581430 2.989151
 11619.000000 10.046180 1.549282 3.020186
 11622.000000 9.996346 1.541298 3.000481
 11625.000000 9.932917 1.535270 3.028654
 11628.000000 9.936194 1.531947 3.003375
 11631.000000 9.884592 1.558643 2.997923
 11634.000000 9.788546 1.580805 2.994794
 11637.000000 9.874081 1.599104 2.998508
 11640.000000 9.917198 1.601357 2.962079
 11643.000000 9.923649 1.593348 2.966654
 11646.000000 9.976027 1.565565 2.977514
 11649.000000 10.044575 1.590890 2.941790
 11652.000000 10.039503 1.587257 2.919776
 11655.000000 9.950212 1.578071 2.979516
 11658.000000 9.939801 1.580881 2.971975
 11661.000000 9.848196 1.575210 2.969105
 11664.000000 9.828293 1.589215 2.989882
 11667.000000 9.814134 1.579832 3.018233
 11670.000000 9.748813 1.567648 3.013218
 11673.000000 9.841454 1.572373 3.012337
 11676.000000 9.842876 1.589337 2.982298
 11679.000000 9.922626 1.577430 2.981110
 11682.000000 9.989796 1.565425 2.960276
 11685.000000 9.941048 1.582251 2.902960
 11688.000000 9.927104 1.564714 2.907441
 11691.000000 9.986874 1.596100 2.871189
 11694.000000 9.990132 1.561528 2.925535
 11697.000000 9.993388 1.583634 2.941689
 11700.000000 9.972109 1.585647 2.944666
 11703.000000 9.940884 1.591173 2.944001
 11706.000000 9.988923 1.565424 2.930213
 11709.000000 9.947296 1.570654 2.935479
 11712.000000 9.874601 1.579443 2.956640
 11715.000000 9.867168 1.561629 2.979036
 11718.000000 9.873304 1.564558 2.956947
 11721.000000 9.940076 1.562620 2.970768
 11724.000000 9.873770 1.563013 2.973670
 11727.000000 9.918341 1.529332 3.037224
 11730.000000 9.851264 1.552458 3.027515
 11733.000000 9.834877 1.564028 2.983941
 11736.000000 9.720690 1.578278 2.956097
 11739.000000 9.794863 1.583382 2.919608
 11742.000000 9.822516 1.579129 2.958811
 11745.000000 9.838864 1.570508 2.950272
 11748.000000 9.903746 1.584094 2.966031
 11751.000000 9.858402 1.564131 2.984314
 11754.000000 9.920609 1.591921 2.934512
 11757.000000 9.879055 1.565823 2.931802
 11760.000000 9.883174 1.565748 2.941374
 11763.000000 9.978755 1.580868 2.958561
 11766.000000 9.990529 1.587321 2.946164
 11769.000000 9.982668 1.573634 2.939385
 11772.000000 9.972581 1.567858 2.949008
 11775.000000 9.943400 1.553453 2.961237
 11778.000000 10.042164 1.531501 2.975711
 11781.000000 10.023107 1.527748 2.950101
 11784.000000 9.997618 1.523643 2.950343
 11787.000000 9.963849 1.529183 2.970162
 11790.000000 9.945579 1.538152 2.974980
 11793.000000 9.888651 1.532536 2.965649
 11796.000000 9.856024 1.514922 2.962687
 11799.000000 9.917176 1.509291 2.964675
 11802.000000 9.966109 1.530421 2.975111
 11805.000000 9.991981 1.532602 2.996765
 11808.000000 10.009632 1.529061 2.960107
 11811.000000 9.980014 1.545651 2.985060
 11814.000000 9.925365 1.532975 2.986891
 11817.000000 9.885139 1.543172 2.992638
 11820.000000 9.886229 1.535030 3.018639
 11823.000000 9.907285 1.547917 2.984752
 11826.000000 9.920941 1.562177 2.992642
 11829.000000 9.957931 1.580757 2.942203
 11832.000000 9.996645 1.581837 2.948586
 11835.000000 9.975342 1.557872 2.964570
 11838.000000 10.049498 1.567680 2.968485
 11841.000000 10.029898 1.588935 2.925644
 11844.000000 10.081560 1.570996 2.929967
 11847.000000 10.187281 1.559616 2.945805
 11850.000000 10.184866 1.568563 2.960832
 11853.000000 10.186074 1.565752 2.981127
 11856.000000 10.172205 1.566177 2.970498
 11859.000000 10.024345 1.570524 2.949064
 11862.000000 10.031565 1.552255 2.940928
 11865.000000 10.030805 1.556415 2.979019
 11868.000000 10.086650 1.573007 2.988465
 11871.000000 10.148805 1.578549 2.999055
 11874.000000 10.098699 1.570592 2.940449
 11877.000000 10.111434 1.564631 2.956931
 11880.000000 10.049794 1.557328 2.939876
 11883.000000 10.082852 1.574763 2.942800
 11886.000000 10.066339 1.573982 2.948140
 11889.000000 10.072097 1.576599 2.968078
 11892.000000 10.067018 1.602239 2.948661
 11895.000000 10.024439 1.608145 2.913902
 11898.000000 9.993143 1.602264 2.945212
 11901.000000 10.024231 1.583121 3.000046
 11904.000000 10.006898 1.575374 3.002001
 11907.000000 10.040183 1.587371 3.018654
 11910.000000 10.017564 1.551925 3.040126
 11913.000000 9.958331 1.565744 3.002020
 11916.000000 9.907557 1.554641 2.974755
 11919.000000 9.860090 1.561614 2.996399
 11922.000000 9.864384 1.551888 3.005026
 11925.000000 9.920678 1.593418 2.972420
 11928.000000 9.954467 1.607713 2.988211
 11931.000000 9.872347 1.597935 2.978601
 11934.000000 9.830644 1.600957 2.991997
 11937.000000 9.850729 1.562943 2.997527
 11940.000000 9.865690 1.600533 2.983075
 11943.000000 9.762831 1.582486 2.961567
 11946.000000 9.772398 1.580476 2.960617
 11949.000000 9.732708 1.575073 2.991029
 11952.000000 9.705651 1.553954 2.982714
 11955.000000 9.765764 1.576163 2.943808
 11958.000000 9.857952 1.580232 2.959768
 11961.000000 9.812317 1.580073 2.951279
 11964.000000 9.936165 1.600032 2.977209
 11967.000000 9.943564 1.582364 2.954181
 11970.000000 9.971160 1.574840 2.997171
 11973.000000 9.990841 1.581930 2.974319
 11976.000000 9.951583 1.563967 2.963589
 11979.000000 9.926902 1.551284 2.976272
 11982.000000 10.003985 1.579665 2.985044
 11985.000000 10.076940 1.561519 2.992333
 11988.000000 10.085606 1.558137 2.991764
 11991.000000 10.070251 1.586035 2.999627
 11994.000000 10.025293 1.562084 2.989583
 11997.000000 10.010837 1.578069 2.970363
 12000.000000 10.063237 1.599483 2.974660
 12003.000000 10.037021 1.574091 3.005538
 12006.000000 9.951850 1.555344 2.982806
 12009.000000 10.051502 1.534308 3.018325
 12012.000000 10.048905 1.520028 3.000229
 12015.000000 10.041974 1.517967 2.996557
 12018.000000 9.985496 1.506681 3.014885
 12021.000000 10.017437 1.514995 3.029790
 12024.000000 10.009660 1.515301 2.992787
 12027.000000 9.990977 1.530774 2.964470
 12030.000000 10.053359 1.528479 2.992129
 12033.000000 9.956367 1.509212 2.992596
 12036.000000 10.005789 1.559583 3.003274
 12039.000000 10.088853 1.565672 2.991260
 12042.000000 10.071400 1.582452 3.013482
 12045.000000 10.031735 1.584466 2.978984
 12048.000000 10.034936 1.566055 3.017206
 12051.000000 10.007951 1.563447 3.016671
 12054.000000 9.944206 1.554233 3.042331
 12057.000000 9.967830 1.530448 3.051677
 12060.000000 9.898815 1.535522 3.043434
 12063.000000 9.853504 1.571023 3.024636
 12066.000000 9.911176 1.598641 3.013890
 12069.000000 9.899694 1.570322 3.015790
 12072.000000 9.911602 1.550746 3.029509
 12075.000000 9.921186 1.537561 3.028044
 12078.000000 10.018946 1.555906 2.996717
 12081.000000 9.972081 1.545839 2.996127
 12084.000000 9.938665 1.545043 3.015871
 12087.000000 9.903126 1.512448 3.009146
 12090.000000 9.961413 1.542245 2.980656
 12093.000000 9.970491 1.562763 2.986481
 12096.000000 9.916828 1.585143 2.972997
 12099.000000 10.013940 1.611691 2.991157
 12102.000000 9.971067 1.597299 2.996794
 12105.000000 9.892540 1.596053 3.003125
 12108.000000 9.919974 1.559423 3.012816
 12111.000000 9.781988 1.558055 2.980894
 12114.000000 9.855179 1.569302 2.997320
 12117.000000 9.860114 1.567445 2.990489
 12120.000000 9.956050 1.572421 2.984598
 12123.000000 9.896747 1.599718 2.960562
 12126.000000 9.907538 1.609173 2.965108
 12129.000000 9.869323 1.608144 2.955755
 12132.000000 9.890864 1.583344 2.975826
 12135.000000 9.856571 1.557473 2.960883
 12138.000000 9.893783 1.554096 2.956447
 12141.000000 9.878510 1.595414 2.943037
 12144.000000 9.859232 1.617302 2.942543
 12147.000000 9.791932 1.574657 2.939008
 12150.000000 9.827239 1.563177 2.947055
 12153.000000 9.933414 1.583489 2.951254
 12156.000000 9.895348 1.589629 2.909087
 12159.000000 9.917457 1.596968 2.952268
 12162.000000 9.932206 1.576360 2.969349
 12165.000000 10.000373 1.574872 2.931619
 12168.000000 9.972965 1.593457 2.903341
 12171.000000 10.001823 1.581400 2.887695
 12174.000000 9.917215 1.577731 2.900396
 12177.000000 9.959910 1.579225 2.932044
 12180.000000 9.983647 1.590773 2.913857
 12183.000000 9.873521 1.609803 2.892850
 12186.000000 9.904746 1.605420 2.911371
 12189.000000 9.899391 1.595424 2.947385
 12192.000000 9.885434 1.598153 2.926741
 12195.000000 9.962583 1.603456 2.958224
 12198.000000 9.957698 1.601137 2.940831
 12201.000000 9.824005 1.584664 2.925992
 12204.000000 9.857482 1.581368 2.949422
 12207.000000 9.879486 1.601674 2.948253
 12210.000000 9.882906 1.582146 2.939930
 12213.000000 9.880888 1.634921 2.926098
 12216.000000 9.912565 1.616550 2.949179
 12219.000000 9.777385 1.602511 2.955492
 12222.000000 9.798497 1.615342 2.901303
 12225.000000 9.870095 1.606632 2.949690
 12228.000000 9.859570 1.593460 2.977030
 12231.000000 9.937464 1.611603 2.954246
 12234.000000 9.834426 1.620977 2.945297
 12237.000000 9.773776 1.570264 2.994427
 12240.000000 9.759114 1.579162 2.959073
 12243.000000 9.841296 1.583070 2.962564
 12246.000000 9.852450 1.592821 2.965274
 12249.000000 9.816825 1.593414 2.981269
 12252.000000 9.823250 1.605056 2.960146
 12255.000000 9.744223 1.596733 2.953676
 12258.000000 9.813542 1.584303 3.001450
 12261.000000 9.806569 1.592670 2.986787
 12264.000000 9.755230 1.556286 3.010936
 12267.000000 9.782245 1.567231 3.029753
 12270.000000 9.906209 1.589614 3.002485
 12273.000000 9.952342 1.599976 3.019340
 12276.000000 9.991453 1.612910 2.973639
 12279.000000 10.044356 1.599232 2.989098
 12282.000000 10.017486 1.611441 2.990279
 12285.000000 10.021111 1.587702 3.009934
 12288.000000 10.072436 1.589910 3.018702
 12291.000000 10.059844 1.607149 3.011401
 12294.000000 10.072009 1.613711 2.993111
 12297.000000 10.111911 1.621807 2.951627
 12300.000000 10.051676 1.597833 2.940718
 12303.000000 10.025310 1.612780 2.948981
 12306.000000 9.951763 1.583024 2.922785
 12309.000000 9.957410 1.611592 2.966182
 12312.000000 10.003073 1.607887 2.998368
 12315.000000 9.987457 1.611733 3.019087
 12318.000000 10.009765 1.596115 3.011283
 12321.000000 10.020585 1.549152 3.032038
 12324.000000 9.958742 1.529925 3.037947
 12327.000000 9.939235 1.536431 3.075797
 12330.000000 9.960173 1.545493 3.034276
 12333.000000 9.942076 1.529055 2.984497
 12336.000000 9.888526 1.521264 2.993240
 12339.000000 9.889326 1.554240 2.992011
 12342.000000 9.894501 1.579385 3.002640
 12345.000000 9.893003 1.580758 3.005187
 12348.000000 9.967021 1.600847 2.994997
 12351.000000 9.903362 1.588597 3.012656
 12354.000000 9.930002 1.591902 3.040198
 12357.000000 9.866601 1.567918 3.031032
 12360.000000 9.874334 1.618141 3.010385
 12363.000000 9.975881 1.597986 3.017605
 12366.000000 9.925764 1.586664 3.028937
 12369.000000 9.950081 1.594329 3.028532
 12372.000000 9.934716 1.587376 3.035437
 12375.000000 10.019865 1.588777 2.996615
 12378.000000 9.893074 1.597137 3.001087
 12381.000000 9.821137 1.578305 2.999700
 12384.000000 9.889310 1.589482 2.970920
 12387.000000 9.915809 1.578253 3.001240
 12390.000000 10.057956 1.578053 2.996315
 12393.000000 10.078713 1.596955 3.015901
 12396.000000 10.002404 1.573577 3.013986
 12399.000000 10.034318 1.558538 2.987526
 12402.000000 10.066785 1.572075 2.999565
 12405.000000 10.091922 1.558651 2.991420
 12408.000000 10.074876 1.592907 2.973536
 12411.000000 9.982666 1.583681 2.978142
 12414.000000 9.976631 1.579029 2.983550
 12417.000000 9.992125 1.584355 3.011995
 12420.000000 10.022880 1.577416 2.997323
 12423.000000 9.993990 1.580193 2.998170
 12426.000000 10.072896 1.583661 2.993661
 12429.000000 9.992986 1.600636 2.984975
 12432.000000 9.990892 1.605624 2.972894
 12435.000000 9.988274 1.585036 2.970782
 12438.000000 9.984707 1.588322 2.981422
 12441.000000 9.926941 1.582099 2.995785
 12444.000000 9.937521 1.600795 2.966584
 12447.000000 9.895333 1.571017 3.022060
 12450.000000 9.867615 1.564438 3.014563
 12453.000000 9.887762 1.543453 3.027169
 12456.000000 9.849152 1.563120 3.015515
 12459.000000 9.852737 1.577188 2.985194
 12462.000000 9.885969 1.573194 2.997611
 12465.000000 9.810394 1.557641 3.003170
 12468.000000 9.868306 1.579888 2.980294
 12471.000000 9.923188 1.585086 2.977236
 12474.000000 9.884673 1.539913 3.010226
 12477.000000 9.846959 1.585117 2.961521
 12480.000000 9.877439 1.566240 2.998852
 12483.000000 9.786417 1.537397 3.030212
 12486.000000 9.799300 1.586663 2.969093
 12489.000000 9.751378 1.571815 3.001493
 12492.000000 9.788148 1.581609 2.981695
 12495.000000 9.782526 1.582880 2.995904
 12498.000000 9.875638 1.566678 3.019645
 12501.000000 9.876851 1.589014 2.997862
 12504.000000 9.936387 1.571731 3.018363
 12507.000000 9.867838 1.553150 3.005108
 12510.000000 9.910560 1.584952 2.999834
 12513.000000 9.821420 1.586250 2.995727
 12516.000000 9.770424 1.582828 2.958728
 12519.000000 9.891782 1.551974 2.994348
 12522.000000 9.856826 1.572261 2.975313
 12525.000000 9.916690 1.570950 2.984879
 12528.000000 9.887195 1.578506 2.945290
 12531.000000 9.877162 1.582112 2.954295
 12534.000000 9.794855 1.541685 3.000874
 12537.000000 9.815939 1.557915 3.000772
 12540.000000 9.826614 1.571135 2.989449
 12543.000000 9.815530 1.567301 2.996866
 12546.000000 9.840491 1.575863 2.992917
 12549.000000 9.866551 1.575066 2.980027
 12552.000000 9.870553 1.579844 2.992565
 12555.000000 9.832291 1.598262 2.977987
 12558.000000 9.890639 1.601712 2.963425
 12561.000000 9.926649 1.616401 2.938921
 12564.000000 9.888583 1.625221 2.920743
 12567.000000 9.933855 1.605092 2.957816
 12570.000000 9.981837 1.597783 2.968769
 12573.000000 9.967647 1.598606 2.949245
 12576.000000 9.956052 1.586157 2.971186
 12579.000000 9.951100 1.568479 3.006773
 12582.000000 9.966545 1.582026 2.977720
 12585.000000 9.939870 1.583103 2.944320
 12588.000000 9.921933 1.566612 2.979194
 12591.000000 9.915980 1.577307 2.937173
 12594.000000 10.019635 1.554084 2.980974
 12597.000000 9.928077 1.566338 2.946655
 12600.000000 9.939961 1.577074 2.982981
 12603.000000 9.878383 1.581699 2.981861
 12606.000000 9.910612 1.600222 2.955992
 12609.000000 9.858756 1.630716 2.977608
 12612.000000 9.804824 1.632386 2.983676
 12615.000000 9.784655 1.642348 2.934532
 12618.000000 9.880288 1.634156 2.947307
 12621.000000 9.875181 1.612826 2.964647
 12624.000000 9.889614 1.619758 2.980804
 12627.000000 9.916066 1.601981 3.012476
 12630.000000 9.912389 1.592396 3.013178
 12633.000000 9.901657 1.599565 3.010563
 12636.000000 9.898015 1.580385 2.988982
 12639.000000 9.865482 1.591107 2.986843
 12642.000000 9.861338 1.593621 2.984541
 12645.000000 9.856647 1.579676 2.987934
 12648.000000 9.856474 1.532197 3.044924
 12651.000000 9.909378 1.577099 3.014219
 12654.000000 9.884617 1.571958 3.011659
 12657.000000 9.898366 1.576620 2.987601
 12660.000000 9.915659 1.564542 3.024337
 12663.000000 9.996309 1.616893 2.987361
 12666.000000 10.018717 1.597736 2.997797
 12669.000000 10.015134 1.592536 2.988821
 12672.000000 10.019753 1.568562 3.011550
 12675.000000 10.014259 1.573161 3.024190
 12678.000000 10.000199 1.606075 2.987977
 12681.000000 10.009619 1.614150 2.968834
 12684.000000 9.958548 1.603107 3.021024
 12687.000000 9.992505 1.613972 2.997568
 12690.000000 9.957404 1.611931 2.974360
 12693.000000 9.918266 1.597651 2.971960
 12696.000000 9.823739 1.603461 3.020928
 12699.000000 9.826054 1.576388 3.040311
 12702.000000 9.817260 1.592437 3.027398
 12705.000000 9.795617 1.578076 3.053464
 12708.000000 9.763451 1.591366 3.034241
 12711.000000 9.723521 1.581224 3.047305
 12714.000000 9.773615 1.582489 3.030402
 12717.000000 9.834846 1.614189 3.012749
 12720.000000 9.883813 1.615728 3.004360
 12723.000000 9.825084 1.599664 3.008288
 12726.000000 9.850405 1.587671 2.997465
 12729.000000 9.873254 1.558271 3.006820
 12732.000000 9.885391 1.580105 3.009821
 12735.000000 9.946929 1.585083 3.002067
 12738.000000 9.861322 1.558584 3.009915
 12741.000000 9.893758 1.574001 3.000513
 12744.000000 9.914713 1.583741 3.013345
 12747.000000 9.893684 1.581216 2.991900
 12750.000000 9.878292 1.587796 2.986306
 12753.000000 9.850296 1.564084 2.987955
 12756.000000 9.909462 1.575174 2.998432
 12759.000000 9.893091 1.580913 3.000349
 12762.000000 9.863080 1.561928 2.985357
 12765.000000 9.905074 1.580770 2.971706
 12768.000000 10.017833 1.574745 2.958351
 12771.000000 9.980168 1.558727 2.990727
 12774.000000 9.967945 1.559127 3.007240
 12777.000000 9.977147 1.580048 2.953215
 12780.000000 9.894642 1.575496 2.978052
 12783.000000 10.027047 1.583613 3.001744
 12786.000000 10.026280 1.569914 2.993896
 12789.000000 10.069466 1.577168 2.966089
 12792.000000 10.083769 1.560616 2.992082
 12795.000000 10.068954 1.595160 2.973143
 12798.000000 10.049937 1.613448 3.000817
 12801.000000 10.141330 1.606266 3.021596
 12804.000000 10.056889 1.601299 3.016726
 12807.000000 10.008359 1.602763 2.992989
 12810.000000 10.004221 1.615762 3.019238
 12813.000000 10.006399 1.625268 3.009203
 12816.000000 10.045756 1.618471 3.015844
 12819.000000 10.040963 1.612604 2.998695
 12822.000000 10.076716 1.583656 3.029497
 12825.000000 10.068478 1.583169 3.002442
 12828.000000 10.058285 1.579980 2.967151
 12831.000000 10.075220 1.589283 2.975785
 12834.000000 10.086415 1.595310 2.999541
 12837.000000 10.033830 1.595998 2.972354
 12840.000000 9.975160 1.593549 2.981435
 12843.000000 9.923840 1.580958 2.980073
 12846.000000 9.974876 1.552201 2.992603
 12849.000000 10.088801 1.559847 2.981513
 12852.000000 9.997064 1.556790 3.008099
 12855.000000 9.994172 1.587435 2.945507
 12858.000000 9.935324 1.561920 2.984123
 12861.000000 9.980748 1.578873 2.974554
 12864.000000 9.908104 1.576732 2.947558
 12867.000000 9.878782 1.549641 2.972184
 12870.000000 9.812278 1.563479 2.939409
 12873.000000 9.794195 1.553092 2.963689
 12876.000000 9.941671 1.568187 2.965509
 12879.000000 9.970143 1.585043 2.958958
 12882.000000 9.998397 1.576625 2.956454
 12885.000000 10.020670 1.591585 2.923263
 12888.000000 10.060260 1.579398 2.919039
 12891.000000 10.015554 1.570056 2.919860
 12894.000000 9.992978 1.582971 2.912051
 12897.000000 10.006210 1.556645 2.959364
 12900.000000 10.001363 1.526783 3.008729
 12903.000000 9.982044 1.534551 2.995496
 12906.000000 9.998175 1.519047 3.009180
 12909.000000 9.929867 1.546536 2.994867
 12912.000000 9.928573 1.519358 2.998416
 12915.000000 9.914449 1.508183 2.998034
 12918.000000 10.008679 1.495655 3.022601
 12921.000000 10.010216 1.528959 2.994382
 12924.000000 9.996169 1.555620 2.952281
 12927.000000 10.064854 1.545118 2.984921
 12930.000000 9.976062 1.532024 3.005738
 12933.000000 9.956146 1.586199 2.967287
 12936.000000 9.956313 1.571254 2.948055
 12939.000000 9.932437 1.553000 2.960878
 12942.000000 10.007025 1.546100 2.964625
 12945.000000 9.928178 1.521709 2.988975
 12948.000000 9.997909 1.517610 2.990108
 12951.000000 9.929415 1.533639 2.988057
 12954.000000 9.985647 1.538820 2.978208
 12957.000000 10.009739 1.567451 2.954217
 12960.000000 10.044399 1.558514 2.961101
 12963.000000 9.997098 1.559527 2.987530
 12966.000000 10.046296 1.541106 3.000014
 12969.000000 9.954367 1.553834 2.979086
 12972.000000 10.041412 1.564545 2.979619
 12975.000000 10.008503 1.569551 2.962789
 12978.000000 9.979169 1.579130 2.971321
 12981.000000 10.057834 1.584791 2.954033
 12984.000000 10.038030 1.587799 2.936778
 12987.000000 10.043962 1.586000 2.976245
 12990.000000 10.079330 1.570589 2.963208
 12993.000000 10.171424 1.574634 2.969238
 12996.000000 10.223393 1.552647 2.978717
 12999.000000 10.128305 1.560405 2.964223
 13002.000000 10.066940 1.550356 2.970558
 13005.000000 10.011236 1.531636 2.985798
 13008.000000 10.062171 1.539311 2.998841
 13011.000000 10.034301 1.576470 2.964450
 13014.000000 9.972541 1.569083 2.963852
 13017.000000 9.979143 1.592489 2.959553
 13020.000000 9.931996 1.581381 2.966627
 13023.000000 9.995311 1.590654 2.939923
 13026.000000 9.917849 1.581450 2.937024
 13029.000000 9.957528 1.593549 2.956982
 13032.000000 9.979741 1.599015 2.976019
 13035.000000 9.902414 1.587026 2.975082
 13038.000000 9.901967 1.597993 2.980676
 13041.000000 9.900270 1.577263 2.986652
 13044.000000 9.891591 1.558353 2.977995
 13047.000000 9.980482 1.573429 2.999869
 13050.000000 9.936581 1.585844 2.987854
 13053.000000 9.869393 1.555897 2.967251
 13056.000000 9.918209 1.561198 3.010555
 13059.000000 9.890655 1.582394 2.947699
 13062.000000 9.846106 1.542553 2.989712
 13065.000000 9.934481 1.553920 2.958770
 13068.000000 9.923929 1.567465 2.947931
 13071.000000 10.001506 1.528229 3.016198
 13074.000000 9.972056 1.531718 3.037918
 13077.000000 9.931968 1.539773 3.022648
 13080.000000 9.952787 1.539342 2.997723
 13083.000000 9.906376 1.528978 3.016453
 13086.000000 9.901805 1.562696 2.986177
 13089.000000 9.926829 1.562352 2.971066
 13092.000000 9.954623 1.576333 2.977795
 13095.000000 9.931202 1.552464 2.974111
 13098.000000 9.923067 1.562724 2.955553
 13101.000000 9.946960 1.561989 2.990831
 13104.000000 9.947766 1.559302 3.010161
 13107.000000 9.925721 1.534238 3.032902
 13110.000000 9.898659 1.534535 3.021694
 13113.000000 9.912949 1.549138 3.026191
 13116.000000 9.875135 1.552307 3.003500
 13119.000000 9.911941 1.548990 3.017637
 13122.000000 9.871462 1.555111 2.979084
 13125.000000 9.882444 1.541357 3.001354
 13128.000000 9.903983 1.565470 2.991344
 13131.000000 9.901100 1.553384 2.993223
 13134.000000 9.873981 1.561654 2.992748
 13137.000000 9.956284 1.586209 2.997773
 13140.000000 9.888641 1.587250 2.972759
 13143.000000 9.909249 1.580501 2.954554
 13146.000000 9.928709 1.581680 2.969620
 13149.000000 9.942320 1.569071 2.962928
 13152.000000 9.944253 1.574185 2.953429
 13155.000000 9.945071 1.575012 2.948940
 13158.000000 9.941823 1.577686 2.963881
 13161.000000 9.931562 1.578707 2.961773
 13164.000000 9.903693 1.572949 2.955091
 13167.000000 9.949346 1.560049 2.979373
 13170.000000 9.964453 1.548938 3.029164
 13173.000000 9.988279 1.587465 2.977703
 13176.000000 9.974837 1.598486 2.953229
 13179.000000 10.003119 1.601679 2.980454
 13182.000000 10.062154 1.603028 2.956710
 13185.000000 10.006085 1.600468 2.992536
 13188.000000 10.012770 1.554434 3.017267
 13191.000000 9.978712 1.568345 3.028505
 13194.000000 10.091188 1.578080 3.010664
 13197.000000 10.053800 1.584941 2.988912
 13200.000000 9.996202 1.593696 2.945362
 13203.000000 10.026052 1.555923 2.976960
 13206.000000 9.985862 1.551526 2.990209
 13209.000000 9.993200 1.505279 3.036750
 13212.000000 10.021324 1.541302 2.976369
 13215.000000 10.040640 1.541906 2.987488
 13218.000000 9.929984 1.556110 2.965333
 13221.000000 9.836596 1.526646 3.001622
 13224.000000 9.860859 1.557096 2.993118
 13227.000000 9.885458 1.589491 2.929567
 13230.000000 9.835414 1.561871 3.011998
 13233.000000 9.843565 1.562579 2.985176
 13236.000000 9.774198 1.564495 2.947038
 13239.000000 9.772818 1.543811 2.957630
 13242.000000 9.791062 1.524131 2.971799
 13245.000000 9.791934 1.556597 2.959012
 13248.000000 9.828534 1.580207 2.949308
 13251.000000 9.856477 1.559004 2.971511
 13254.000000 9.804510 1.554820 2.989236
 13257.000000 9.855184 1.560517 2.992265
 13260.000000 9.901161 1.552178 2.988453
 13263.000000 9.943150 1.525624 3.010229
 13266.000000 9.866843 1.535214 3.026084
 13269.000000 9.919845 1.551223 3.001440
 13272.000000 9.890743 1.571161 3.001796
 13275.000000 9.887452 1.580392 2.966927
 13278.000000 9.879603 1.549966 3.009338
 13281.000000 9.820958 1.539453 3.016785
 13284.000000 9.787669 1.562796 3.008071
 13287.000000 9.781575 1.552435 3.016718
 13290.000000 9.875500 1.544043 3.019315
 13293.000000 9.865117 1.574501 2.977624
 13296.000000 9.868016 1.564197 2.996093
 13299.000000 9.942502 1.573981 2.964645
 13302.000000 9.901266 1.558060 2.956645
 13305.000000 9.924817 1.573227 2.957752
 13308.000000 9.843363 1.586841 2.955939
 13311.000000 9.865860 1.616915 2.919831
 13314.000000 9.897166 1.595530 2.954426
 13317.000000 9.886564 1.581265 2.973523
 13320.000000 9.926593 1.568213 2.967965
 13323.000000 9.955431 1.559422 2.988654
 13326.000000 9.938924 1.544195 2.996669
 13329.000000 10.037713 1.576527 2.955999
 13332.000000 10.042078 1.554651 2.964670
 13335.000000 9.892260 1.556426 2.979453
 13338.000000 9.930974 1.603191 2.932096
 13341.000000 9.941041 1.580362 2.958676
 13344.000000 9.942342 1.558593 2.980146
 13347.000000 10.011825 1.564257 2.976961
 13350.000000 9.882950 1.579883 2.978644
 13353.000000 9.802888 1.580771 2.982878
 13356.000000 9.832006 1.579875 2.995740
 13359.000000 9.876271 1.607319 2.984284
 13362.000000 9.896563 1.591162 2.981443
 13365.000000 9.854500 1.581555 2.989693
 13368.000000 9.832543 1.591682 2.984358
 13371.000000 9.963898 1.602692 2.986559
 13374.000000 9.863732 1.592669 3.010044
 13377.000000 9.876088 1.565644 3.033604
 13380.000000 9.867549 1.583953 3.013177
 13383.000000 9.891866 1.566085 3.012249
 13386.000000 9.849422 1.570853 2.991658
 13389.000000 9.844749 1.559805 3.007827
 13392.000000 9.844200 1.586378 2.957566
 13395.000000 9.852123 1.585792 2.962421
 13398.000000 9.769723 1.561209 2.966833
 13401.000000 9.735754 1.563769 2.953659
 13404.000000 9.638975 1.525751 2.954988
 13407.000000 9.768288 1.533510 2.993516
 13410.000000 9.730874 1.519321 3.004441
 13413.000000 9.739974 1.552866 2.960490
 13416.000000 9.651287 1.516603 2.990226
 13419.000000 9.669851 1.519736 2.975999
 13422.000000 9.723060 1.491844 2.996353
 13425.000000 9.769747 1.512982 2.967747
 13428.000000 9.868385 1.531759 2.937765
 13431.000000 9.887163 1.517696 2.945561
 13434.000000 9.871812 1.523246 2.940105
 13437.000000 9.911589 1.551553 2.914443
 13440.000000 9.875256 1.531563 2.944187
 13443.000000 9.996502 1.537707 2.929576
 13446.000000 10.054553 1.535283 2.950426
 13449.000000 10.014384 1.536330 2.950198
 13452.000000 9.969538 1.525112 2.974337
 13455.000000 9.922414 1.519554 2.942626
 13458.000000 10.009303 1.524021 2.951064
 13461.000000 10.075730 1.527445 2.979477
 13464.000000 10.031543 1.555739 2.921153
 13467.000000 10.053923 1.552735 2.952094
 13470.000000 10.018245 1.546110 2.978428
 13473.000000 10.062219 1.540939 2.938727
 13476.000000 10.029361 1.566065 2.962107
 13479.000000 10.024702 1.587025 2.952991
 13482.000000 10.033014 1.575439 2.942621
 13485.000000 10.006439 1.559675 2.951899
 13488.000000 9.894356 1.564787 2.934489
 13491.000000 9.920548 1.546757 2.945168
 13494.000000 9.935382 1.546646 2.932645
 13497.000000 9.940908 1.522954 2.962595
 13500.000000 9.871875 1.513402 2.975147
 13503.000000 9.932608 1.540217 2.925963
 13506.000000 9.898008 1.557560 2.916540
 13509.000000 9.820491 1.542542 2.979802
 13512.000000 9.808218 1.522475 2.989839
 13515.000000 9.794769 1.485487 3.012036
 13518.000000 9.872003 1.492175 2.945429
 13521.000000 9.923805 1.501977 2.955792
 13524.000000 9.906879 1.537629 3.014116
 13527.000000 9.867195 1.536834 3.020359
 13530.000000 9.879193 1.554425 3.006833
 13533.000000 9.918576 1.527688 3.010920
 13536.000000 9.951335 1.527333 3.013321
 13539.000000 9.938156 1.539616 3.007666
 13542.000000 9.967816 1.565896 2.975634
 13545.000000 9.888567 1.560107 2.996370
 13548.000000 9.932694 1.573614 3.003653
 13551.000000 9.990110 1.603153 2.984068
 13554.000000 9.870449 1.559912 3.035034
 13557.000000 9.861918 1.605971 2.981101
 13560.000000 9.856254 1.592871 2.970162
 13563.000000 9.842454 1.620451 2.973395
 13566.000000 9.802458 1.586189 2.982410
 13569.000000 9.902843 1.569109 2.998670
 13572.000000 9.926022 1.572911 2.959860
 13575.000000 9.883520 1.567848 2.981809
 13578.000000 9.905509 1.586708 2.962099
 13581.000000 9.843984 1.585658 2.972297
 13584.000000 9.889220 1.587362 2.973682
 13587.000000 9.750559 1.567622 2.980975
 13590.000000 9.731505 1.543685 2.994015
 13593.000000 9.715250 1.542301 2.989265
 13596.000000 9.766125 1.557858 2.954800
 13599.000000 9.757519 1.563697 2.921595
 13602.000000 9.775051 1.561101 2.934312
 13605.000000 9.821933 1.572798 2.934450
 13608.000000 9.808123 1.572698 2.911411
 13611.000000 9.800567 1.548610 2.951002
 13614.000000 9.806635 1.560089 2.975704
 13617.000000 9.793679 1.566018 3.004280
 13620.000000 9.826606 1.581741 3.000604
 13623.000000 9.929427 1.576727 3.006998
 13626.000000 9.820272 1.569034 2.990323
 13629.000000 9.887696 1.583953 2.975762
 13632.000000 9.917114 1.566742 3.011681
 13635.000000 9.842289 1.577347 2.984072
 13638.000000 9.860471 1.554427 3.015772
 13641.000000 9.813431 1.551681 3.027582
 13644.000000 9.789571 1.540842 3.040188
 13647.000000 9.836155 1.538047 3.037466
 13650.000000 9.856021 1.541580 3.036917
 13653.000000 9.840654 1.565611 3.033029
 13656.000000 9.924541 1.589343 3.019687
 13659.000000 9.915380 1.586305 2.987783
 13662.000000 9.925233 1.574766 3.011492
 13665.000000 9.999751 1.608221 2.973343
 13668.000000 10.007709 1.596083 3.001799
 13671.000000 10.000072 1.597480 3.007451
 13674.000000 9.995489 1.596366 3.019653
 13677.000000 10.058538 1.622029 2.988802
 13680.000000 10.004809 1.606003 3.009939
 13683.000000 10.012110 1.603696 3.026213
 13686.000000 9.935111 1.585702 3.006304
 13689.000000 9.910569 1.597426 3.014557
 13692.000000 9.934133 1.572765 3.018717
 13695.000000 9.928298 1.584095 2.998937
 13698.000000 9.819402 1.552330 3.032389
 13701.000000 9.870686 1.529080 3.011140
 13704.000000 9.841255 1.517049 2.997450
 13707.000000 9.866199 1.525076 3.029591
 13710.000000 9.882994 1.560855 3.015147
 13713.000000 9.895870 1.569384 3.029273
 13716.000000 9.959253 1.574643 3.025634
 13719.000000 9.951266 1.581283 3.013198
 13722.000000 9.997683 1.585994 2.984387
 13725.000000 9.926042 1.594384 3.012543
 13728.000000 9.945447 1.593090 2.998465
 13731.000000 9.906406 1.580701 3.021334
 13734.000000 9.842905 1.569901 3.013615
 13737.000000 9.901864 1.576608 3.006424
 13740.000000 9.861690 1.586020 3.012548
 13743.000000 9.864725 1.568460 2.999602
 13746.000000 9.723734 1.562364 3.023209
 13749.000000 9.869085 1.557521 3.005027
 13752.000000 9.925801 1.551762 3.004533
 13755.000000 9.952614 1.537094 2.971846
 13758.000000 9.964225 1.542076 2.962133
 13761.000000 9.945575 1.577332 2.957402
 13764.000000 9.981265 1.540456 2.951746
 13767.000000 9.917558 1.556753 2.931697
 13770.000000 9.932673 1.577673 2.926655
 13773.000000 9.959040 1.550171 2.964328
 13776.000000 9.981859 1.572856 2.957931
 13779.000000 9.937441 1.567288 2.989088
 13782.000000 10.019517 1.554898 3.042931
 13785.000000 9.978219 1.554787 3.012520
 13788.000000 9.923907 1.581626 3.037603
 13791.000000 10.004912 1.577266 2.991405
 13794.000000 9.955759 1.554676 3.020435
 13797.000000 9.917950 1.572579 2.980290
 13800.000000 9.895781 1.584373 2.982404
 13803.000000 9.928933 1.594799 2.964430
 13806.000000 9.898484 1.594391 2.987214
 13809.000000 9.865544 1.604667 2.983841
 13812.000000 9.879984 1.589986 3.032783
 13815.000000 9.854549 1.579898 3.020220
 13818.000000 9.821775 1.574119 3.011324
 13821.000000 9.797937 1.575591 3.046457
 13824.000000 9.943650 1.597364 3.075987
 13827.000000 9.973358 1.597668 3.059539
 13830.000000 9.997601 1.611652 3.053239
 13833.000000 10.077027 1.609849 3.039977
 13836.000000 9.976503 1.619552 2.985035
 13839.000000 10.007392 1.638232 2.987201
 13842.000000 9.895765 1.613203 2.995518
 13845.000000 9.961165 1.604460 3.017983
 13848.000000 9.953894 1.624582 3.046252
 13851.000000 9.896266 1.584903 3.024979
 13854.000000 9.860785 1.604943 3.013711
 13857.000000 9.911892 1.579539 3.034295
 13860.000000 9.970668 1.607884 3.009464
 13863.000000 9.928996 1.579954 3.024020
 13866.000000 9.926614 1.579120 3.046838
 13869.000000 9.955120 1.621030 3.014953
 13872.000000 10.002005 1.628611 3.022026
 13875.000000 9.906309 1.597113 3.000594
 13878.000000 9.905419 1.596014 2.980584
 13881.000000 9.880240 1.582604 3.009719
 13884.000000 9.898910 1.578536 3.006060
 13887.000000 9.922575 1.580436 2.951942
 13890.000000 9.968055 1.562035 2.973732
 13893.000000 10.027732 1.597145 2.986224
 13896.000000 10.030867 1.614784 2.989468
 13899.000000 9.975825 1.577022 3.030186
 13902.000000 9.962225 1.550238 3.024575
 13905.000000 9.937983 1.538665 2.995916
 13908.000000 9.958971 1.558592 2.971351
 13911.000000 9.947837 1.552101 3.012557
 13914.000000 9.994171 1.556159 2.978128
 13917.000000 9.993976 1.543180 2.992106
 13920.000000 10.043682 1.559892 2.994109
 13923.000000 10.095334 1.565598 2.990572
 13926.000000 10.007809 1.574592 2.957759
 13929.000000 9.950370 1.550621 2.993992
 13932.000000 9.920210 1.569791 2.981510
 13935.000000 9.894765 1.545994 2.999567
 13938.000000 9.913004 1.558513 2.971022
 13941.000000 9.842247 1.561874 2.958682
 13944.000000 9.938955 1.578889 2.957981
 13947.000000 9.906516 1.577481 2.961970
 13950.000000 9.887733 1.581392 2.977844
 13953.000000 10.074701 1.600639 2.926183
 13956.000000 10.019517 1.580136 2.963352
 13959.000000 9.909931 1.559537 2.970452
 13962.000000 10.010267 1.547375 3.015430
 13965.000000 9.942379 1.557169 2.994556
 13968.000000 9.912127 1.552014 3.013369
 13971.000000 9.920857 1.558208 3.012726
 13974.000000 9.905962 1.556439 2.974722
 13977.000000 9.926145 1.585512 2.946535
 13980.000000 9.948229 1.575133 2.992256
 13983.000000 9.949443 1.568206 2.986461
 13986.000000 10.036686 1.579558 2.955341
 13989.000000 9.939715 1.553408 3.012418
 13992.000000 9.975060 1.555820 3.018934
 13995.000000 10.018886 1.567464 3.008006
 13998.000000 9.912482 1.586945 2.972990
 14001.000000 9.896633 1.585561 2.960807
 14004.000000 9.909890 1.591885 2.964974
 14007.000000 9.892964 1.597412 2.941770
 14010.000000 9.932066 1.588356 2.957158
 14013.000000 9.944714 1.582387 2.955020
 14016.000000 9.928633 1.569229 2.948111
 14019.000000 10.030078 1.570443 2.958574
 14022.000000 10.032683 1.554214 2.954596
 14025.000000 10.019277 1.579941 2.925199
 14028.000000 10.083881 1.598042 2.927307
 14031.000000 9.954641 1.559238 2.973609
 14034.000000 9.967122 1.571221 2.952367
 14037.000000 9.985372 1.567322 2.951585
 14040.000000 9.965723 1.573568 2.995293
 14043.000000 9.917669 1.598029 2.981003
 14046.000000 9.941586 1.584117 2.985358
 14049.000000 9.969475 1.559180 2.998450
 14052.000000 9.930696 1.564105 2.959121
 14055.000000 9.903167 1.556827 2.999633
 14058.000000 9.979833 1.543961 2.958074
 14061.000000 9.925872 1.557676 2.973887
 14064.000000 9.843059 1.564070 2.955770
 14067.000000 9.861532 1.555594 2.958569
 14070.000000 9.996871 1.567248 2.938105
 14073.000000 9.924495 1.583721 2.938545
 14076.000000 9.924736 1.572168 2.933710
 14079.000000 9.855644 1.540355 2.964749
 14082.000000 9.878367 1.555459 2.974304
 14085.000000 9.868903 1.555851 2.948685
 14088.000000 9.869706 1.550126 2.961022
 14091.000000 9.883303 1.544086 2.994613
 14094.000000 9.920048 1.518501 2.976192
 14097.000000 9.975878 1.512613 2.974404
 14100.000000 9.967386 1.505512 2.978796
 14103.000000 10.029805 1.520106 3.034015
 14106.000000 10.077762 1.531978 3.032830
 14109.000000 10.000201 1.515594 3.039954
 14112.000000 10.032545 1.538141 3.056367
 14115.000000 10.021187 1.592105 2.981157
 14118.000000 10.140276 1.590686 2.984675
 14121.000000 10.048921 1.607331 2.999090
 14124.000000 10.058094 1.605380 3.011884
 14127.000000 10.124416 1.584884 2.988849
 14130.000000 10.145518 1.581704 3.002116
 14133.000000 10.027712 1.592450 2.996700
 14136.000000 9.999078 1.591662 2.950643
 14139.000000 10.013914 1.589323 2.957725
 14142.000000 9.999959 1.563845 2.975235
 14145.000000 9.935130 1.538502 3.002208
 14148.000000 10.032514 1.555932 3.002152
 14151.000000 10.013170 1.569956 3.010412
 14154.000000 9.995793 1.577063 2.986153
 14157.000000 10.024040 1.572386 2.960175
 14160.000000 10.029346 1.558816 2.931082
 14163.000000 10.073963 1.561901 2.931718
 14166.000000 10.026840 1.564709 2.926050
 14169.000000 10.006415 1.552886 2.952611
 14172.000000 9.934713 1.540336 2.978161
 14175.000000 9.960786 1.554433 2.996372
 14178.000000 9.996668 1.569762 2.983957
 14181.000000 9.967149 1.592929 2.937150
 14184.000000 9.983801 1.603054 2.922889
 14187.000000 9.932516 1.588835 2.935095
 14190.000000 9.948550 1.599556 2.966353
 14193.000000 9.973449 1.581099 2.950070
 14196.000000 10.010271 1.580593 2.942536
 14199.000000 10.062672 1.571705 2.893068
 14202.000000 10.075387 1.571304 2.931152
 14205.000000 10.037743 1.581834 2.960298
 14208.000000 10.021216 1.586126 2.969737
 14211.000000 10.068065 1.593039 3.001345
 14214.000000 10.038173 1.588844 2.973867
 14217.000000 9.937728 1.590579 2.992760
 14220.000000 9.969294 1.561714 2.996158
 14223.000000 9.975627 1.551427 2.993571
 14226.000000 9.962006 1.564120 2.991316
 14229.000000 10.078104 1.560077 3.023205
 14232.000000 9.981685 1.579921 3.002258
 14235.000000 9.991706 1.600219 3.006072
 14238.000000 9.928437 1.585290 2.993743
 14241.000000 9.873663 1.568400 2.974124
 14244.000000 9.820839 1.580344 2.986858
 14247.000000 9.908193 1.574926 2.989174
 14250.000000 9.907921 1.552584 3.006668
 14253.000000 9.894540 1.547662 3.015781
 14256.000000 9.861197 1.566168 3.016126
 14259.000000 9.934752 1.546704 3.010801
 14262.000000 10.003414 1.533994 2.981134
 14265.000000 9.957655 1.537998 2.974747
 14268.000000 9.963576 1.564969 2.942539
 14271.000000 9.812963 1.550576 2.977126
 14274.000000 9.821046 1.553119 3.006021
 14277.000000 9.803149 1.538953 3.022399
 14280.000000 9.830431 1.531429 3.029597
 14283.000000 9.877518 1.556296 3.019500
 14286.000000 9.850428 1.540590 3.024176
 14289.000000 9.879851 1.550978 2.988960
 14292.000000 9.944336 1.543454 3.031196
 14295.000000 9.905144 1.564052 2.983678
 14298.000000 9.904318 1.578225 2.955926
 14301.000000 9.933385 1.578693 2.986911
 14304.000000 9.884809 1.549380 2.976793
 14307.000000 9.907769 1.536345 2.996021
 14310.000000 9.929620 1.556398 2.984583
 14313.000000 9.946237 1.555667 2.995536
 14316.000000 9.919097 1.557405 2.952812
 14319.000000 9.972803 1.558875 2.935494
 14322.000000 10.001149 1.577675 2.955383
 14325.000000 9.978760 1.587318 2.963666
 14328.000000 9.978227 1.594879 2.960817
 14331.000000 10.018037 1.597759 2.969141
 14334.000000 9.962610 1.583339 2.983929
 14337.000000 9.933082 1.595144 2.964278
 14340.000000 9.902808 1.598558 2.978065
 14343.000000 9.905851 1.583221 3.019285
 14346.000000 9.915737 1.576272 3.011119
 14349.000000 9.865554 1.583917 3.013215
 14352.000000 9.898958 1.587047 3.018383
 14355.000000 9.964955 1.579701 3.033391
 14358.000000 9.928220 1.607880 3.027871
 14361.000000 9.943324 1.601607 3.016470
 14364.000000 9.939494 1.630733 2.996401
 14367.000000 9.956453 1.632694 2.965870
 14370.000000 9.849475 1.601044 2.984823
 14373.000000 9.826924 1.609898 2.962394
 14376.000000 9.842644 1.609765 2.964384
 14379.000000 9.817727 1.607386 2.986643
 14382.000000 9.825448 1.597452 3.009853
 14385.000000 9.786411 1.588161 2.993794
 14388.000000 9.683856 1.579398 2.995919
 14391.000000 9.840569 1.580635 2.982243
 14394.000000 9.817104 1.620214 2.947337
 14397.000000 9.830724 1.610217 2.958561
 14400.000000 9.853797 1.616563 2.946163
 14403.000000 9.913289 1.618937 2.964518
 14406.000000 9.962389 1.640811 2.945676
 14409.000000 9.843761 1.652416 2.952944
 14412.000000 9.970608 1.626882 2.964352
 14415.000000 9.976173 1.619011 2.933595
 14418.000000 9.965235 1.640852 2.918666
 14421.000000 10.079152 1.643525 2.891355
 14424.000000 9.952210 1.602209 2.920639
 14427.000000 10.042770 1.634154 2.905789
 14430.000000 10.076860 1.617506 2.941234
 14433.000000 9.997791 1.616760 2.927410
 14436.000000 10.012423 1.584398 3.011490
 14439.000000 10.037393 1.566586 2.990719
 14442.000000 10.061865 1.568543 3.026227
 14445.000000 10.030845 1.546070 2.985734
 14448.000000 9.982206 1.540722 3.000470
 14451.000000 10.073829 1.565995 2.970760
 14454.000000 9.993261 1.557464 3.006879
 14457.000000 9.993998 1.576423 2.973271
 14460.000000 9.935365 1.580156 2.993842
 14463.000000 9.973330 1.584400 2.981925
 14466.000000 9.929756 1.591813 2.982183
 14469.000000 9.919719 1.601225 2.969388
 14472.000000 9.937304 1.598021 2.961852
 14475.000000 9.944993 1.579902 2.955947
 14478.000000 10.044237 1.530967 2.965729
 14481.000000 10.069290 1.554254 2.952602
 14484.000000 10.147978 1.555946 2.915444
 14487.000000 10.197137 1.565784 2.935022
 14490.000000 10.177934 1.541651 2.965259
 14493.000000 10.226531 1.546498 2.965776
 14496.000000 10.200647 1.547787 2.955050
 14499.000000 10.226288 1.576911 2.922529
 14502.000000 10.233124 1.600442 2.904509
 14505.000000 10.186197 1.595831 2.928341
 14508.000000 10.099862 1.592839 2.942053
 14511.000000 9.931528 1.614024 2.906368
 14514.000000 9.949608 1.610537 2.921430
 14517.000000 10.025378 1.576979 2.955832
 14520.000000 9.988042 1.577075 2.923741
 14523.000000 9.968580 1.556784 2.952796
 14526.000000 9.962840 1.565218 2.914566
 14529.000000 9.959735 1.548034 2.956339
 14532.000000 9.938098 1.559700 2.931596
 14535.000000 9.930150 1.569055 2.934701
 14538.000000 9.944620 1.565440 2.944675
 14541.000000 10.016223 1.571412 2.953791
 14544.000000 10.045638 1.540916 2.995791
 14547.000000 10.028879 1.558007 2.966889
 14550.000000 10.019942 1.568742 2.942493
 14553.000000 9.950161 1.567425 2.949341
 14556.000000 9.980429 1.550853 2.979559
 14559.000000 9.981780 1.546479 3.014727
 14562.000000 9.887163 1.560021 2.964895
 14565.000000 9.907433 1.528700 2.994572
 14568.000000 10.027613 1.527679 2.960531
 14571.000000 10.048166 1.516408 2.958534
 14574.000000 9.981514 1.528604 2.963257
 14577.000000 9.977211 1.543401 2.919324
 14580.000000 10.079253 1.526138 2.958711
 14583.000000 10.050351 1.529142 2.944597
 14586.000000 9.964745 1.542692 2.923487
 14589.000000 9.958386 1.508898 2.933757
 14592.000000 9.991522 1.536547 2.909356
 14595.000000 10.083324 1.555873 2.894639
 14598.000000 10.068022 1.546842 2.933553
 14601.000000 10.140829 1.534882 2.934852
 14604.000000 10.029134 1.544925 2.967664
 14607.000000 10.005134 1.541252 2.989246
 14610.000000 9.931930 1.536719 2.960863
 14613.000000 9.870815 1.562556 2.985555
 14616.000000 9.959242 1.574851 2.995795
 14619.000000 9.992495 1.567512 2.948749
 14622.000000 9.942738 1.549438 2.928955
 14625.000000 9.857021 1.531041 2.974673
 14628.000000 9.917144 1.548457 2.964173
 14631.000000 9.890442 1.546307 2.928281
 14634.000000 9.944337 1.547513 2.919634
 14637.000000 9.999474 1.521137 2.939521
 14640.000000 9.915994 1.553902 2.914731
 14643.000000 9.963388 1.557420 2.895280
 14646.000000 9.947401 1.546316 2.928862
 14649.000000 9.867935 1.548781 2.933247
 14652.000000 9.799562 1.549098 2.947972
 14655.000000 9.823200 1.551434 2.910856
 14658.000000 9.811222 1.550244 2.931492
 14661.000000 9.827590 1.564335 2.934607
 14664.000000 9.892025 1.562054 2.941065
 14667.000000 9.891687 1.535005 2.968237
 14670.000000 9.963269 1.526136 2.984870
 14673.000000 9.916590 1.523127 2.978162
 14676.000000 9.901851 1.558532 2.945286
 14679.000000 9.827137 1.557262 2.918757
 14682.000000 9.815069 1.540863 2.929876
 14685.000000 9.754170 1.535734 2.947416
 14688.000000 9.758851 1.533124 2.959826
 14691.000000 9.820942 1.545453 2.960244
 14694.000000 9.817961 1.562764 2.977481
 14697.000000 9.894081 1.542530 2.991281
 14700.000000 9.908622 1.529496 2.978825
 14703.000000 9.973423 1.569475 2.978647
 14706.000000 9.914693 1.569986 2.984011
 14709.000000 9.864333 1.563465 2.980191
 14712.000000 9.743753 1.557244 2.973454
 14715.000000 9.869955 1.552023 2.991729
 14718.000000 9.867783 1.553244 2.976074
 14721.000000 9.914945 1.513207 2.978216
 14724.000000 9.880155 1.541230 2.965313
 14727.000000 9.877733 1.543278 2.955955
 14730.000000 9.836550 1.533305 2.991172
 14733.000000 9.925785 1.565225 2.985432
 14736.000000 9.912614 1.553124 3.009445
 14739.000000 9.981257 1.572580 2.986776
 14742.000000 9.987211 1.586128 2.974971
 14745.000000 10.020979 1.615239 2.952206
 14748.000000 9.996288 1.600236 2.955070
 14751.000000 10.069263 1.587481 2.933749
 14754.000000 10.080478 1.583790 2.949141
 14757.000000 10.044642 1.563569 2.992168
 14760.000000 10.028736 1.565161 2.975633
 14763.000000 10.002033 1.538099 3.002889
 14766.000000 9.969530 1.545727 2.978955
 14769.000000 9.941117 1.570999 3.003230
 14772.000000 9.917765 1.570690 2.960151
 14775.000000 9.897512 1.546898 2.970242
 14778.000000 9.886876 1.552142 2.990047
 14781.000000 9.931969 1.554073 2.994981
 14784.000000 9.978919 1.538984 2.991657
 14787.000000 9.903125 1.551159 3.005374
 14790.000000 9.883546 1.544024 2.988979
 14793.000000 9.942023 1.531832 3.001066
 14796.000000 9.951242 1.534653 2.972083
 14799.000000 9.995055 1.553772 2.969866
 14802.000000 10.044371 1.564276 2.982966
 14805.000000 10.014635 1.558449 3.005068
 14808.000000 9.997009 1.562160 3.000375
 14811.000000 9.898622 1.559978 3.010331
 14814.000000 9.928115 1.567313 3.004783
 14817.000000 9.817096 1.565841 2.983194
 14820.000000 9.845658 1.608434 2.992757
 14823.000000 9.928234 1.607008 3.023957
 14826.000000 10.016772 1.620400 2.999247
 14829.000000 10.033002 1.624767 3.013368
 14832.000000 9.941051 1.605179 3.015196
 14835.000000 9.925173 1.604078 3.031863
 14838.000000 10.010913 1.604394 3.071788
 14841.000000 10.037835 1.635008 3.028169
 14844.000000 10.036261 1.625803 3.059595
 14847.000000 10.071023 1.621828 3.075775
 14850.000000 9.996704 1.617288 3.058537
 14853.000000 9.980498 1.601370 3.032960
 14856.000000 9.945760 1.617574 3.017549
 14859.000000 10.002023 1.626788 3.001209
 14862.000000 9.968849 1.615622 3.004258
 14865.000000 9.871912 1.605538 3.035701
 14868.000000 9.841479 1.618271 3.010028
 14871.000000 9.842377 1.627136 3.022695
 14874.000000 9.897567 1.635004 3.021090
 14877.000000 9.922019 1.645117 3.019715
 14880.000000 9.977205 1.656994 3.005969
 14883.000000 9.933892 1.639595 3.041053
 14886.000000 10.011429 1.615999 3.044001
 14889.000000 9.969391 1.612278 3.048099
 14892.000000 9.995057 1.639449 3.001148
 14895.000000 9.979303 1.623117 3.027266
 14898.000000 9.999899 1.626696 3.022998
 14901.000000 9.997640 1.606738 3.020688
 14904.000000 9.977870 1.609748 3.013163
 14907.000000 10.027929 1.594735 3.035639
 14910.000000 10.023244 1.608067 3.011956
 14913.000000 9.975686 1.611002 3.017431
 14916.000000 9.918191 1.625790 3.012257
 14919.000000 9.893409 1.617749 2.979692
 14922.000000 9.859529 1.625196 2.980902
 14925.000000 9.877006 1.615991 2.990134
 14928.000000 9.983462 1.626914 3.016665
 14931.000000 10.017327 1.636387 3.011082
 14934.000000 10.004008 1.627363 3.011054
 14937.000000 10.028841 1.626033 3.006827
 14940.000000 10.080399 1.625065 3.021532
 14943.000000 9.985930 1.616207 3.007589
 14946.000000 9.978345 1.573691 3.036174
 14949.000000 10.008336 1.608399 3.014293
 14952.000000 9.952429 1.581890 2.996734
 14955.000000 9.882927 1.594322 3.019695
 14958.000000 9.917004 1.575177 3.021579
 14961.000000 9.902790 1.578270 3.024394
 14964.000000 9.804339 1.582132 3.002314
 14967.000000 9.741845 1.570750 3.024870
 14970.000000 9.785875 1.572744 3.018773
 14973.000000 9.800072 1.575967 2.977576
 14976.000000 9.824939 1.566433 2.989049
 14979.000000 9.821561 1.550967 2.969575
 14982.000000 9.814490 1.558996 2.930437
 14985.000000 9.830045 1.550249 2.980766
 14988.000000 9.713989 1.531167 2.990062
 14991.000000 9.702077 1.523344 3.000403
 14994.000000 9.852675 1.545102 2.986197
 14997.000000 9.852767 1.577331 2.954536
 15000.000000 9.839792 1.577577 2.991372
 15003.000000 9.836533 1.559959 3.004711
 15006.000000 9.846886 1.577977 2.986559
 15009.000000 9.974135 1.574742 3.030602
 15012.000000 9.984057 1.558071 3.004998
 15015.000000 9.970704 1.586335 3.016665
 15018.000000 9.996450 1.585193 2.988640
 15021.000000 9.991690 1.580718 3.039857
 15024.000000 10.057149 1.583209 3.049114
 15027.000000 10.011418 1.574269 3.055850
 15030.000000 9.995200 1.601394 3.038643
 15033.000000 9.908218 1.576651 3.054835
 15036.000000 9.886297 1.604011 3.034307
 15039.000000 9.890899 1.587525 3.008799
 15042.000000 9.922184 1.601829 3.013245
 15045.000000 9.908188 1.621749 2.981174
 15048.000000 9.896760 1.602497 2.968864
 15051.000000 9.846086 1.607974 3.018029
 15054.000000 9.877056 1.612628 3.015995
 15057.000000 9.893952 1.592139 3.028553
 15060.000000 9.965159 1.581180 3.008504
 15063.000000 9.936092 1.545541 3.009609
 15066.000000 9.914334 1.556413 3.016071
 15069.000000 9.919744 1.565026 3.002387
 15072.000000 9.920488 1.571425 3.012448
 15075.000000 9.868681 1.563317 2.950360
 15078.000000 9.902316 1.570024 3.007383
 15081.000000 10.007947 1.566953 3.054363
 15084.000000 10.005953 1.588579 3.036896
 15087.000000 10.041805 1.602409 3.033508
 15090.000000 9.938640 1.627012 3.028154
 15093.000000 9.979917 1.608990 3.027550
 15096.000000 9.967319 1.596665 3.028387
 15099.000000 10.001088 1.605473 3.016545
 15102.000000 10.018978 1.581403 3.006717
 15105.000000 9.884192 1.574020 3.016059
 15108.000000 9.953759 1.576297 3.052072
 15111.000000 10.050566 1.601076 3.070420
 15114.000000 10.083475 1.584433 3.050299
 15117.000000 10.108180 1.599932 2.996647
 15120.000000 10.135412 1.588223 3.012620
 15123.000000 10.048415 1.578433 3.012178
 15126.000000 9.979931 1.575290 3.025520
 15129.000000 10.083030 1.583236 3.041741
 15132.000000 10.098832 1.565776 3.001964
 15135.000000 10.047220 1.562154 2.981191
 15138.000000 10.121395 1.571033 3.045988
 15141.000000 10.172273 1.556905 3.015540
 15144.000000 10.215479 1.572929 3.048235
 15147.000000 10.148381 1.545081 3.055779
 15150.000000 10.117329 1.574271 3.059583
 15153.000000 10.150713 1.582281 3.065460
 15156.000000 10.012798 1.562504 3.042500
 15159.000000 10.002850 1.560090 3.045279
 15162.000000 9.986714 1.549005 3.025140
 15165.000000 9.978514 1.548233 3.024397
 15168.000000 9.990377 1.555952 3.020897
 15171.000000 9.941798 1.528309 3.011045
 15174.000000 9.945275 1.550594 3.050316
 15177.000000 10.019968 1.534121 3.021201
 15180.000000 10.009188 1.543161 2.995386
 15183.000000 9.933358 1.515680 2.984514
 15186.000000 9.882251 1.541023 3.006258
 15189.000000 9.824984 1.544140 2.997022
 15192.000000 9.934721 1.571726 3.028030
 15195.000000 9.926032 1.526226 3.008416
 15198.000000 9.959342 1.561505 3.015269
 15201.000000 10.025681 1.558605 3.005153
 15204.000000 9.978822 1.558086 3.017230
 15207.000000 9.978285 1.556832 3.017310
 15210.000000 9.937081 1.565461 3.033533
 15213.000000 10.027826 1.591206 3.053179
 15216.000000 10.037652 1.595609 3.051952
 15219.000000 10.009896 1.596885 3.039604
 15222.000000 9.940001 1.566863 3.021692
 15225.000000 9.970663 1.580304 3.029083
 15228.000000 9.921255 1.585803 3.030380
 15231.000000 9.931889 1.591288 3.022931
 15234.000000 9.854487 1.576079 3.030199
 15237.000000 9.803748 1.561423 3.055383
 15240.000000 9.853129 1.562686 3.052236
 15243.000000 9.826453 1.557832 3.029087
 15246.000000 9.782145 1.542666 3.035733
 15249.000000 9.862400 1.565000 3.042820
 15252.000000 9.859026 1.543378 3.087508
 15255.000000 9.818043 1.532763 3.087896
 15258.000000 9.766754 1.518055 3.031593
 15261.000000 9.816430 1.532788 3.018906
 15264.000000 9.854995 1.543676 3.038859
 15267.000000 9.866661 1.549959 3.009048
 15270.000000 9.882869 1.574286 3.037925
 15273.000000 9.845054 1.558028 3.042897
 15276.000000 9.866530 1.543872 3.010078
 15279.000000 9.944760 1.539201 3.017898
 15282.000000 9.949732 1.564902 3.019005
 15285.000000 9.965878 1.563362 3.034378
 15288.000000 9.945388 1.562443 3.071395
 15291.000000 9.931303 1.532681 3.048508
 15294.000000 10.073932 1.545725 3.039669
 15297.000000 10.028930 1.560994 3.048497
 15300.000000 10.007128 1.534384 3.010701
 15303.000000 9.963571 1.558284 3.033071
 15306.000000 10.028403 1.553245 3.020634
 15309.000000 9.997273 1.537426 2.988517
 15312.000000 9.995916 1.555595 2.970381
 15315.000000 10.040654 1.572183 2.977902
 15318.000000 10.015294 1.560282 3.016452
 15321.000000 9.978635 1.555890 3.022850
 15324.000000 9.920175 1.552010 3.027426
 15327.000000 9.943891 1.556669 2.974322
 15330.000000 9.983425 1.584993 2.963612
 15333.000000 9.914405 1.564374 2.960421
 15336.000000 9.929367 1.565587 2.969508
 15339.000000 9.938299 1.562253 2.990593
 15342.000000 10.006144 1.578869 3.012326
 15345.000000 10.058248 1.561390 2.994815
 15348.000000 10.021078 1.598179 3.013660
 15351.000000 9.986633 1.609451 3.052426
 15354.000000 9.941169 1.595147 3.006550
 15357.000000 9.994111 1.577738 3.005820
 15360.000000 9.994894 1.575792 2.972728
 15363.000000 9.982055 1.542839 2.975200
 15366.000000 9.964343 1.535576 3.006095
 15369.000000 10.056569 1.547791 2.982344
 15372.000000 10.082016 1.516968 2.999313
 15375.000000 9.988848 1.542709 2.999844
 15378.000000 9.993429 1.547905 2.998107
 15381.000000 9.971521 1.529570 3.000480
 15384.000000 10.018509 1.500768 2.962008
 15387.000000 9.973949 1.533980 3.001875
 15390.000000 9.925560 1.544000 3.027483
 15393.000000 9.835098 1.543628 3.021779
 15396.000000 9.829612 1.542325 2.997945
 15399.000000 9.860403 1.536202 2.988689
 15402.000000 9.854649 1.548708 2.982867
 15405.000000 9.896100 1.567938 3.006729
 15408.000000 9.941287 1.569776 3.006126
 15411.000000 9.822406 1.559956 3.008474
 15414.000000 9.869826 1.564544 2.984956
 15417.000000 9.893220 1.574977 3.009559
 15420.000000 9.887152 1.561945 3.031266
 15423.000000 9.933358 1.569313 3.048450
 15426.000000 10.032746 1.569916 3.043488
 15429.000000 10.014968 1.583211 3.036619
 15432.000000 10.049169 1.570763 3.010739
 15435.000000 10.072969 1.565786 3.008707
 15438.000000 10.109326 1.591816 2.999963
 15441.000000 10.157666 1.593446 2.981407
 15444.000000 10.109505 1.606962 2.956275
 15447.000000 10.045245 1.597415 2.944007
 15450.000000 10.053022 1.572889 2.954121
 15453.000000 10.035695 1.596256 3.008603
 15456.000000 10.045901 1.586002 3.008193
 15459.000000 10.048202 1.592606 2.995720
 15462.000000 10.061288 1.594671 2.990557
 15465.000000 10.049502 1.575014 2.985474
 15468.000000 10.038785 1.598897 3.025276
 15471.000000 10.050135 1.573801 3.035233
 15474.000000 10.037341 1.563720 3.035386
 15477.000000 10.001970 1.535969 3.019958
 15480.000000 9.955934 1.550828 3.038792
 15483.000000 10.012762 1.554808 3.035555
 15486.000000 10.025847 1.547909 3.051702
 15489.000000 10.066844 1.544173 3.027758
 15492.000000 9.994899 1.548357 3.037499
 15495.000000 10.049523 1.559962 3.022911
 15498.000000 10.049731 1.544745 3.005755
 15501.000000 10.085126 1.532819 3.048129
 15504.000000 10.122059 1.504000 2.989595
 15507.000000 10.097874 1.504214 2.960622
 15510.000000 10.124081 1.534024 2.983842
 15513.000000 10.026757 1.560169 3.020447
 15516.000000 10.057181 1.552530 3.010088
 15519.000000 10.095491 1.551472 2.994783
 15522.000000 10.104327 1.530577 2.944475
 15525.000000 10.126983 1.540614 2.972555
 15528.000000 10.114654 1.555043 2.977071
 15531.000000 10.077823 1.528471 3.009701
 15534.000000 10.045564 1.496688 2.987082
 15537.000000 10.172048 1.509338 2.954230
 15540.000000 10.208654 1.531064 2.977023
 15543.000000 10.166937 1.526001 2.986618
 15546.000000 10.162622 1.542979 3.027532
 15549.000000 10.094701 1.551565 3.011919
 15552.000000 10.026323 1.553618 2.973256
 15555.000000 10.056318 1.541843 3.006841
 15558.000000 10.091481 1.545032 2.971087
 15561.000000 10.026665 1.547818 2.998528
 15564.000000 10.116893 1.555084 2.974316
 15567.000000 10.018346 1.537709 2.986375
 15570.000000 9.984069 1.561104 3.034851
 15573.000000 9.882515 1.558966 2.974942
 15576.000000 9.902423 1.585529 3.012589
 15579.000000 9.904857 1.570114 3.010469
 15582.000000 9.855485 1.576049 2.969924
 15585.000000 9.868691 1.581943 2.949261
 15588.000000 9.887393 1.569418 2.958415
 15591.000000 9.932689 1.606065 3.002507
 15594.000000 9.953450 1.608391 3.037525
 15597.000000 9.994379 1.627337 2.990006
 15600.000000 9.922434 1.614677 2.991107
 15603.000000 9.874147 1.598316 2.979055
 15606.000000 9.859382 1.570798 2.951863
 15609.000000 9.800288 1.569703 2.983827
 15612.000000 9.871391 1.558469 2.954712
 15615.000000 9.859259 1.591315 2.979222
 15618.000000 9.840551 1.596869 2.981865
 15621.000000 9.848905 1.573753 3.009664
 15624.000000 9.878042 1.598613 2.967127
 15627.000000 9.860404 1.597377 2.985479
 15630.000000 9.846680 1.583793 2.963698
 15633.000000 9.797620 1.562749 2.964369
 15636.000000 9.863075 1.590387 2.966258
 15639.000000 9.927877 1.596723 3.011600
 15642.000000 9.930553 1.594803 3.027884
 15645.000000 9.960458 1.606305 3.051720
 15648.000000 9.960951 1.568543 3.020293
 15651.000000 9.865254 1.559932 2.984949
 15654.000000 9.852371 1.584707 2.968114
 15657.000000 9.796561 1.595645 2.994478
 15660.000000 9.963787 1.608822 2.974232
 15663.000000 9.816750 1.586710 2.939189
 15666.000000 9.721900 1.582736 2.963982
 15669.000000 9.815385 1.576428 2.989806
 15672.000000 9.846720 1.567288 2.981400
 15675.000000 9.868100 1.606189 3.009475
 15678.000000 9.831526 1.573755 3.020192
 15681.000000 9.877360 1.590386 3.073036
 15684.000000 9.979375 1.597877 2.999911
 15687.000000 9.996808 1.600411 3.019630
 15690.000000 9.991993 1.618064 3.025652
 15693.000000 10.035673 1.616728 3.031186
 15696.000000 10.076412 1.577367 3.030328
 15699.000000 10.072531 1.577746 3.015326
 15702.000000 10.062343 1.558856 3.009506
 15705.000000 10.085389 1.580673 3.033130
 15708.000000 10.072234 1.583655 3.015358
 15711.000000 10.040974 1.566825 2.988511
 15714.000000 10.066156 1.583191 3.014918
 15717.000000 10.077691 1.598672 2.989969
 15720.000000 9.961710 1.562864 2.980247
 15723.000000 9.969326 1.552506 2.971782
 15726.000000 9.974178 1.557555 2.985451
 15729.000000 9.994336 1.595151 3.017099
 15732.000000 9.992115 1.581563 2.994428
 15735.000000 10.041343 1.569918 3.000302
 15738.000000 9.985055 1.528732 2.959275
 15741.000000 9.944753 1.529186 2.981617
 15744.000000 9.953453 1.554328 2.987224
 15747.000000 9.959769 1.558813 2.938208
 15750.000000 9.939762 1.562214 2.973807
 15753.000000 9.989746 1.569169 2.944722
 15756.000000 10.011225 1.562960 2.982539
 15759.000000 9.989695 1.557835 2.982738
 15762.000000 9.997576 1.578477 2.972378
 15765.000000 10.042366 1.590226 2.983515
 15768.000000 10.067249 1.571328 2.978841
 15771.000000 10.013014 1.554458 2.993579
 15774.000000 9.992942 1.563168 2.973443
 15777.000000 9.965614 1.548035 2.981253
 15780.000000 10.002006 1.545331 3.005646
 15783.000000 10.090106 1.543559 3.030270
 15786.000000 10.005443 1.561403 3.036423
 15789.000000 10.106346 1.578444 3.030518
 15792.000000 10.053184 1.571798 3.021450
 15795.000000 10.091116 1.583991 3.023164
 15798.000000 10.092111 1.564824 3.000593
 15801.000000 10.021716 1.555750 2.985766
 15804.000000 9.983843 1.567307 3.016768
 15807.000000 9.948327 1.599652 3.004021
 15810.000000 10.011897 1.603116 3.021112
 15813.000000 9.947464 1.600162 2.999787
 15816.000000 9.902510 1.575195 3.004747
 15819.000000 9.940897 1.575842 2.993255
 15822.000000 9.895008 1.609990 2.973366
 15825.000000 9.864160 1.594604 3.035354
 15828.000000 9.995427 1.611170 3.009775
 15831.000000 9.944917 1.610969 3.016052
 15834.000000 9.914762 1.606937 3.009021
 15837.000000 9.925099 1.625932 3.010363
 15840.000000 9.963116 1.637958 3.010218
 15843.000000 9.964212 1.649255 2.977207
 15846.000000 9.960980 1.644813 3.005482
 15849.000000 9.923685 1.635008 3.038117
 15852.000000 9.893689 1.611319 3.031666
 15855.000000 9.896224 1.604267 2.986338
 15858.000000 9.998466 1.615883 2.984045
 15861.000000 9.950359 1.603338 3.008112
 15864.000000 9.995569 1.636080 2.973585
 15867.000000 9.969470 1.626992 2.978225
 15870.000000 9.895395 1.620167 2.983005
 15873.000000 9.914163 1.614084 2.993555
 15876.000000 9.897234 1.603777 2.947777
 15879.000000 9.836394 1.608663 2.941672
 15882.000000 9.780331 1.588780 2.978264
 15885.000000 9.901114 1.607694 2.961149
 15888.000000 9.823966 1.575756 3.007401
 15891.000000 9.809970 1.540911 3.015871
 15894.000000 9.904958 1.559769 3.011432
 15897.000000 9.946290 1.595362 2.973517
 15900.000000 9.927480 1.571590 2.993433
 15903.000000 9.927696 1.570073 3.019574
 15906.000000 9.953525 1.560900 3.047941
 15909.000000 9.908266 1.517671 3.107031
 15912.000000 9.919593 1.552658 3.097315
 15915.000000 9.921087 1.561602 3.093138
 15918.000000 9.899175 1.566045 3.093336
 15921.000000 9.957904 1.580258 3.028546
 15924.000000 9.934022 1.576454 3.035958
 15927.000000 9.997001 1.574863 3.021910
 15930.000000 9.965953 1.548517 3.040958
 15933.000000 9.902889 1.561582 2.994918
 15936.000000 9.921545 1.528000 2.968552
 15939.000000 10.014303 1.506638 2.992046
 15942.000000 9.958843 1.563214 2.983630
 15945.000000 9.954041 1.550199 2.991228
 15948.000000 9.959964 1.564654 2.985610
 15951.000000 9.847649 1.555054 2.973743
 15954.000000 9.795751 1.567509 3.008734
 15957.000000 9.799111 1.546028 3.046234
 15960.000000 9.850311 1.562504 3.018957
 15963.000000 9.836286 1.554245 3.007149
 15966.000000 9.827539 1.563488 2.981005
 15969.000000 9.810794 1.555852 2.996992
 15972.000000 9.836878 1.576624 2.982035
 15975.000000 9.799179 1.575736 2.975675
 15978.000000 9.805232 1.562775 2.959670
 15981.000000 9.804422 1.554353 3.010365
 15984.000000 9.788420 1.544601 2.983220
 15987.000000 9.797390 1.558432 2.966713
 15990.000000 9.912445 1.587951 2.965990
 15993.000000 9.899802 1.563003 2.985154
 15996.000000 9.906582 1.563699 2.984037
 15999.000000 9.965883 1.559529 3.023661
 16002.000000 9.949744 1.565338 2.999640
 16005.000000 9.910377 1.585290 3.005019
 16008.000000 9.995113 1.544259 3.035184
 16011.000000 9.978173 1.523159 2.990143
 16014.000000 9.959838 1.558618 2.996148
 16017.000000 9.932070 1.539425 2.994604
 16020.000000 9.931581 1.517764 2.995446
 16023.000000 9.974420 1.543935 2.995096
 16026.000000 9.886246 1.543829 2.998126
 16029.000000 9.989008 1.552795 2.976231
 16032.000000 10.068138 1.569163 2.968432
 16035.000000 9.916243 1.553164 2.975395
 16038.000000 9.957911 1.557072 2.988436
 16041.000000 9.897343 1.569055 2.984037
 16044.000000 9.884167 1.568954 3.000744
 16047.000000 9.946119 1.580514 2.977158
 16050.000000 9.986927 1.568482 2.976029
 16053.000000 10.030334 1.553626 3.023285
 16056.000000 9.989818 1.555868 3.013511
 16059.000000 9.989903 1.571543 3.038990
 16062.000000 9.902268 1.605182 3.005051
 16065.000000 9.955724 1.612962 3.026147
 16068.000000 9.935147 1.606537 3.013388
 16071.000000 9.964247 1.608460 3.007379
 16074.000000 9.978009 1.590728 3.021382
 16077.000000 9.945304 1.600284 3.001413
 16080.000000 9.949786 1.602208 3.015583
 16083.000000 9.983924 1.600005 3.024047
 16086.000000 9.948713 1.612141 3.002075
 16089.000000 9.955046 1.604076 3.009101
 16092.000000 9.904594 1.603496 2.983387
 16095.000000 9.870371 1.608335 2.980365
 16098.000000 9.840042 1.590757 3.009835
 16101.000000 9.906916 1.607515 2.996360
 16104.000000 9.872371 1.629229 2.971518
 16107.000000 9.887042 1.623675 2.946735
 16110.000000 9.868754 1.638092 2.964632
 16113.000000 9.924287 1.652295 2.976809
 16116.000000 9.870428 1.627052 2.987869
 16119.000000 9.800707 1.617852 3.005952
 16122.000000 9.871865 1.618380 2.984924
 16125.000000 9.865752 1.625664 2.987393
 16128.000000 9.897626 1.629488 2.984199
 16131.000000 9.927770 1.618489 2.927938
 16134.000000 9.958923 1.624317 2.944034
 16137.000000 9.990637 1.624398 2.959473
 16140.000000 10.020202 1.590638 2.969145
 16143.000000 10.012538 1.591767 2.955019
 16146.000000 9.970830 1.602611 2.968781
 16149.000000 10.007301 1.585266 2.940520
 16152.000000 9.961290 1.619466 2.910084
 16155.000000 10.013297 1.607096 2.924976
 16158.000000 9.954551 1.621588 2.928900
 16161.000000 9.831823 1.608049 2.945200
 16164.000000 9.881286 1.590364 2.962378
 16167.000000 9.972338 1.586182 2.968118
 16170.000000 9.952269 1.583390 2.997409
 16173.000000 9.895334 1.549323 2.996029
 16176.000000 9.932923 1.611714 2.971190
 16179.000000 9.970604 1.600330 3.026696
 16182.000000 9.983251 1.580267 2.980808
 16185.000000 9.982533 1.571569 2.996663
 16188.000000 10.019340 1.615322 3.032580
 16191.000000 9.939794 1.591494 3.019127
 16194.000000 9.846078 1.596822 3.014184
 16197.000000 9.855288 1.588505 3.011988
 16200.000000 9.874244 1.619173 3.033418
 16203.000000 9.913427 1.628994 2.984976
 16206.000000 9.853809 1.609088 2.995398
 16209.000000 9.812474 1.586970 3.016101
 16212.000000 9.777284 1.574385 3.031622
 16215.000000 9.718581 1.566087 3.026549
 16218.000000 9.774139 1.569352 3.026460
 16221.000000 9.784109 1.556718 3.016303
 16224.000000 9.729283 1.561155 2.988969
 16227.000000 9.791117 1.574945 2.993227
 16230.000000 9.841937 1.554001 2.986688
 16233.000000 9.838124 1.551030 3.011363
 16236.000000 9.888983 1.550821 2.996309
 16239.000000 9.810088 1.560150 2.974615
 16242.000000 9.717244 1.572457 2.998986
 16245.000000 9.674497 1.571958 3.008814
 16248.000000 9.751477 1.596994 3.019824
 16251.000000 9.763024 1.616390 3.017710
 16254.000000 9.810977 1.614982 3.006114
 16257.000000 9.845326 1.627474 3.014462
 16260.000000 9.766868 1.598592 3.008860
 16263.000000 9.772370 1.613535 3.006883
 16266.000000 9.767002 1.635090 3.024286
 16269.000000 9.764665 1.630367 2.963471
 16272.000000 9.756266 1.619141 2.995364
 16275.000000 9.787228 1.606197 2.964481
 16278.000000 9.774362 1.590930 2.979916
 16281.000000 9.788175 1.585953 2.974054
 16284.000000 9.758105 1.606139 2.994306
 16287.000000 9.820836 1.597689 2.978381
 16290.000000 9.912611 1.579755 2.958600
 16293.000000 9.836809 1.579422 2.967626
 16296.000000 9.864463 1.586890 2.993565
 16299.000000 9.786163 1.616785 2.998715
 16302.000000 9.674162 1.584842 2.982976
 16305.000000 9.785190 1.595326 2.967767
 16308.000000 9.760707 1.594455 2.994706
 16311.000000 9.770573 1.606560 2.972799
 16314.000000 9.794040 1.597577 3.001164
 16317.000000 9.820259 1.595860 2.992906
 16320.000000 9.811537 1.583396 2.986575
 16323.000000 9.818743 1.608226 2.955336
 16326.000000 9.857853 1.582224 2.981388
 16329.000000 9.855476 1.604480 2.962397
 16332.000000 9.927678 1.601789 2.989966
 16335.000000 9.949935 1.590842 2.977286
 16338.000000 9.904453 1.613542 2.999840
 16341.000000 9.866188 1.599967 3.000437
 16344.000000 9.887861 1.603663 3.004015
 16347.000000 9.975247 1.603769 3.008718
 16350.000000 9.970500 1.617990 3.005520
 16353.000000 9.879631 1.643121 3.019305
 16356.000000 9.875470 1.593259 3.003560
 16359.000000 9.904710 1.554867 3.038319
 16362.000000 9.875408 1.595499 3.028013
 16365.000000 9.892834 1.580753 2.978358
 16368.000000 9.978919 1.550898 3.015342
 16371.000000 9.877810 1.586934 2.984863
 16374.000000 9.901668 1.561481 3.052972
 16377.000000 9.967981 1.596639 3.073972
 16380.000000 9.914718 1.586695 3.037672
 16383.000000 9.966416 1.560077 3.015448
 16386.000000 9.981360 1.564656 2.985232
 16389.000000 9.991781 1.562207 2.956384
 16392.000000 10.042595 1.565368 2.973983
 16395.000000 9.975656 1.558716 2.956580
 16398.000000 10.034251 1.554435 2.975652
 16401.000000 10.062003 1.582468 2.962980
 16404.000000 10.031659 1.578683 2.993512
 16407.000000 9.954858 1.610053 2.974293
 16410.000000 9.973909 1.586453 2.991165
 16413.000000 9.961374 1.579639 3.021511
 16416.000000 9.980922 1.585456 3.030490
 16419.000000 9.980059 1.582387 3.044710
 16422.000000 9.902013 1.595924 2.991136
 16425.000000 9.939807 1.579529 3.031544
 16428.000000 9.870629 1.556489 3.056127
 16431.000000 9.864422 1.594214 3.050474
 16434.000000 9.916593 1.577403 3.048350
 16437.000000 9.907296 1.549885 3.017440
 16440.000000 9.781981 1.541542 3.018415
 16443.000000 9.758565 1.557484 3.012177
 16446.000000 9.880838 1.555001 3.028573
 16449.000000 9.841181 1.563136 3.058889
 16452.000000 9.869918 1.556992 3.037694
 16455.000000 9.797824 1.516713 3.007041
 16458.000000 9.842771 1.527517 3.030244
 16461.000000 9.852441 1.514521 3.028430
 16464.000000 9.841178 1.526551 3.011851
 16467.000000 9.729586 1.563793 3.040427
 16470.000000 9.758098 1.587436 3.078939
 16473.000000 9.798401 1.569098 3.076541
 16476.000000 9.836769 1.570874 3.053127
 16479.000000 9.914566 1.551530 3.024040
 16482.000000 9.948786 1.572804 3.027271
 16485.000000 9.856512 1.575988 3.033532
 16488.000000 9.951533 1.614247 3.026950
 16491.000000 9.950191 1.571644 3.053258
 16494.000000 10.022988 1.582927 3.008216
 16497.000000 9.924377 1.573648 3.021701
 16500.000000 9.905253 1.583532 3.002974
 16503.000000 9.892823 1.580859 3.001361
 16506.000000 9.918485 1.572486 3.042002
 16509.000000 9.911508 1.590246 3.044301
 16512.000000 9.906170 1.591874 3.021675
 16515.000000 9.871367 1.582140 3.005745
 16518.000000 9.834314 1.582041 3.013859
 16521.000000 9.806735 1.595070 3.003422
 16524.000000 9.859999 1.585729 3.031246
 16527.000000 9.840335 1.582934 3.051921
 16530.000000 9.814321 1.578237 3.024712
 16533.000000 9.945598 1.585351 3.024043
 16536.000000 9.926689 1.601377 2.983285
 16539.000000 9.880027 1.599811 2.986848
 16542.000000 9.842538 1.596826 2.997275
 16545.000000 9.936887 1.597820 2.979533
 16548.000000 9.981616 1.610355 3.005890
 16551.000000 9.982671 1.618593 2.999099
 16554.000000 10.093852 1.624896 3.010690
 16557.000000 10.055901 1.632672 3.000696
 16560.000000 10.140586 1.605232 3.038897
 16563.000000 10.096671 1.605707 3.038525
 16566.000000 10.024019 1.600007 3.049435
 16569.000000 9.966228 1.598425 3.084074
 16572.000000 9.992521 1.579589 3.043069
 16575.000000 10.061723 1.607127 3.061812
 16578.000000 10.081686 1.581425 3.085334
 16581.000000 9.955259 1.581495 3.074244
 16584.000000 9.911348 1.591707 3.041977
 16587.000000 9.867164 1.589068 3.076978
 16590.000000 9.894282 1.597302 3.051443
 16593.000000 9.902715 1.570333 3.051116
 16596.000000 9.921755 1.551849 3.000553
 16599.000000 9.906068 1.566217 3.006566
 16602.000000 9.863159 1.555954 2.995292
 16605.000000 9.829474 1.567014 3.002771
 16608.000000 9.845822 1.569534 3.002340
 16611.000000 9.865194 1.537932 3.038566
 16614.000000 9.877756 1.560660 3.049757
 16617.000000 9.897093 1.558261 3.046420
 16620.000000 9.980812 1.541656 3.025020
 16623.000000 10.014344 1.513484 3.034951
 16626.000000 10.030010 1.565914 3.040821
 16629.000000 9.964082 1.562375 2.988777
 16632.000000 9.830607 1.569308 2.951858
 16635.000000 9.809008 1.575393 2.962163
 16638.000000 9.797324 1.551077 2.990399
 16641.000000 9.747959 1.549877 3.001829
 16644.000000 9.791294 1.552604 3.029753
 16647.000000 9.783807 1.557050 3.022782
 16650.000000 9.842577 1.537422 3.046028
 16653.000000 9.852966 1.503255 3.064977
 16656.000000 9.869370 1.540696 3.061212
 16659.000000 9.816681 1.542612 3.071027
 16662.000000 9.894394 1.544785 3.018867
 16665.000000 9.903015 1.553441 3.054777
 16668.000000 9.853836 1.576486 3.026261
 16671.000000 9.930096 1.579827 3.037975
 16674.000000 9.882465 1.568219 3.005251
 16677.000000 9.844529 1.574378 2.962497
 16680.000000 9.838706 1.618718 2.985362
 16683.000000 9.850691 1.597690 2.991196
 16686.000000 9.901938 1.602653 2.980607
 16689.000000 9.827769 1.625305 2.975051
 16692.000000 9.782196 1.638123 2.987879
 16695.000000 9.771817 1.654534 2.986226
 16698.000000 9.731905 1.619413 3.018008
 16701.000000 9.793494 1.621047 2.992366
 16704.000000 9.776923 1.604227 3.008336
 16707.000000 9.780205 1.601485 3.008630
 16710.000000 9.759401 1.592661 3.005426
 16713.000000 9.754021 1.627534 2.963840
 16716.000000 9.716803 1.623177 2.950970
 16719.000000 9.807925 1.617940 2.990693
 16722.000000 9.771187 1.628209 2.989266
 16725.000000 9.714463 1.618678 2.993902
 16728.000000 9.625886 1.602415 3.019339
 16731.000000 9.679158 1.592950 2.993355
 16734.000000 9.750063 1.591539 3.013405
 16737.000000 9.775259 1.581137 3.031189
 16740.000000 9.781707 1.590641 3.064787
 16743.000000 9.809524 1.596940 3.001734
 16746.000000 9.885375 1.609321 2.996000
 16749.000000 9.903813 1.612812 3.035492
 16752.000000 9.946319 1.607027 3.060069
 16755.000000 9.931518 1.608440 3.044586
 16758.000000 9.927172 1.598757 3.033817
 16761.000000 9.922606 1.579281 3.034577
 16764.000000 9.897322 1.602883 2.990818
 16767.000000 9.916749 1.603268 3.006546
 16770.000000 9.963532 1.611487 3.002110
 16773.000000 9.896418 1.578794 3.057049
 16776.000000 9.922209 1.598936 3.028006
 16779.000000 9.998295 1.636794 3.029304
 16782.000000 10.115930 1.625144 2.990677
 16785.000000 9.976170 1.625440 2.977860
 16788.000000 9.910013 1.607186 2.985408
 16791.000000 9.954440 1.584827 2.996063
 16794.000000 9.910531 1.571587 3.005546
 16797.000000 9.962061 1.580335 3.007634
 16800.000000 10.016851 1.570505 2.989737
 16803.000000 9.952332 1.578953 2.960220
 16806.000000 9.888934 1.568845 2.944082
 16809.000000 9.985333 1.575959 2.947760
 16812.000000 10.029296 1.575816 2.918311
 16815.000000 9.951400 1.541442 2.954075
 16818.000000 10.030393 1.548586 2.922132
 16821.000000 10.022766 1.523357 2.952486
 16824.000000 10.017294 1.520628 2.939065
 16827.000000 10.094606 1.529258 2.970311
 16830.000000 9.991963 1.503139 2.936165
 16833.000000 10.070749 1.521165 2.950791
 16836.000000 10.051166 1.508392 2.966183
 16839.000000 10.119172 1.516945 2.967937
 16842.000000 10.011959 1.537264 2.976806
 16845.000000 9.974427 1.538399 2.974940
 16848.000000 9.925638 1.558777 2.969573
 16851.000000 9.957479 1.555852 3.010233
 16854.000000 9.967939 1.561319 2.997198
 16857.000000 9.969301 1.544782 2.990965
 16860.000000 10.048949 1.509748 3.000210
 16863.000000 9.931216 1.526578 2.992333
 16866.000000 9.928442 1.560596 3.008099
 16869.000000 9.950557 1.547409 3.014371
 16872.000000 9.885067 1.549489 2.979151
 16875.000000 9.896065 1.534757 2.974283
 16878.000000 9.795146 1.534062 2.966687
 16881.000000 9.859019 1.547539 2.978308
 16884.000000 9.796344 1.536590 2.968271
 16887.000000 9.715607 1.545206 2.983081
 16890.000000 9.704616 1.539116 2.982187
 16893.000000 9.759532 1.533439 2.975560
 16896.000000 9.721219 1.551701 2.982113
 16899.000000 9.754431 1.563273 2.954307
 16902.000000 9.796243 1.538390 2.971262
 16905.000000 9.737553 1.530297 2.964548
 16908.000000 9.890877 1.509870 2.977532
 16911.000000 9.873121 1.506416 2.972309
 16914.000000 9.921282 1.534594 2.981889
 16917.000000 9.918904 1.525727 2.981587
 16920.000000 9.975623 1.553048 2.987563
 16923.000000 9.937491 1.520279 2.972257
 16926.000000 9.893032 1.527971 2.970327
 16929.000000 9.879679 1.541527 2.979724
 16932.000000 9.890885 1.558197 2.984388
 16935.000000 9.952192 1.518215 2.979089
 16938.000000 9.871628 1.532610 2.972823
 16941.000000 9.941044 1.527483 2.979579
 16944.000000 9.987946 1.535834 3.012996
 16947.000000 10.083776 1.519233 3.006029
 16950.000000 10.005739 1.522569 3.022203
 16953.000000 10.009973 1.559096 3.000483
 16956.000000 9.976340 1.577813 3.008161
 16959.000000 9.941945 1.580241 2.990509
 16962.000000 10.002300 1.579839 3.003789
 16965.000000 9.981780 1.574394 2.983299
 16968.000000 10.007857 1.583055 2.974628
 16971.000000 10.097703 1.605021 2.951910
 16974.000000 10.044188 1.601437 2.964376
 16977.000000 10.036070 1.608962 2.927322
 16980.000000 10.027061 1.590319 2.933327
 16983.000000 9.941846 1.575537 2.907212
 16986.000000 10.001177 1.550875 2.902973
 16989.000000 10.008685 1.572371 2.925615
 16992.000000 10.044387 1.582753 2.918292
 16995.000000 9.936898 1.596426 2.939511
 16998.000000 9.839930 1.580996 2.958296
 17001.000000 9.846347 1.576893 2.961750
 17004.000000 9.894609 1.560563 2.964724
 17007.000000 9.854760 1.578007 2.946697
 17010.000000 9.849339 1.567050 2.957591
 17013.000000 9.826671 1.548736 2.948054
 17016.000000 9.901128 1.576394 2.946414
 17019.000000 9.879429 1.567146 2.946894
 17022.000000 9.968952 1.590563 2.950591
 17025.000000 9.923799 1.614778 2.900061
 17028.000000 9.967779 1.580422 2.945197
 17031.000000 9.957628 1.581403 2.956289
 17034.000000 9.926520 1.577901 2.959128
 17037.000000 9.954837 1.584166 2.981549
 17040.000000 10.035932 1.609658 2.941552
 17043.000000 9.991760 1.598034 2.987492
 17046.000000 10.025196 1.568785 2.986889
 17049.000000 9.950892 1.575406 2.948378
 17052.000000 9.956939 1.586371 2.972389
 17055.000000 9.924373 1.600824 2.932950
 17058.000000 9.916818 1.594612 2.940071
 17061.000000 9.867055 1.601724 2.945501
 17064.000000 9.816008 1.584587 2.954879
 17067.000000 9.856091 1.626126 2.940996
 17070.000000 9.810078 1.606618 2.948977
 17073.000000 9.859738 1.604177 3.001496
 17076.000000 9.838424 1.630814 2.943621
 17079.000000 9.848745 1.620094 2.937048
 17082.000000 9.877404 1.589267 2.972249
 17085.000000 10.008716 1.587468 3.001199
 17088.000000 9.984294 1.593589 2.995148
 17091.000000 9.979458 1.552871 2.958434
 17094.000000 9.991719 1.557718 3.005937
 17097.000000 9.949319 1.563635 3.010135
 17100.000000 9.937175 1.602777 2.984659
 17103.000000 9.952924 1.572904 3.018611
 17106.000000 9.945029 1.582669 2.992086
 17109.000000 9.949303 1.599122 3.003862
 17112.000000 10.015077 1.606139 2.961737
 17115.000000 10.009283 1.580246 2.995243
 17118.000000 9.958394 1.574233 2.966376
 17121.000000 9.988666 1.560602 3.015719
 17124.000000 9.959535 1.562617 3.031309
 17127.000000 9.984057 1.552299 3.034205
 17130.000000 10.032676 1.561981 3.032616
 17133.000000 10.039730 1.583770 3.006130
 17136.000000 10.060431 1.595104 2.997676
 17139.000000 9.989434 1.585322 3.016723
 17142.000000 10.000487 1.569462 3.004740
 17145.000000 10.026580 1.554576 2.982334
 17148.000000 9.996657 1.560987 2.988751
 17151.000000 10.005263 1.544797 2.980395
 17154.000000 9.986171 1.576136 2.979215
 17157.000000 9.943037 1.592302 3.028073
 17160.000000 9.953685 1.595519 2.973442
 17163.000000 10.034430 1.567591 2.993468
 17166.000000 9.980831 1.583601 2.995637
 17169.000000 9.977850 1.579479 2.984004
 17172.000000 9.957105 1.590157 2.976441
 17175.000000 10.040771 1.580120 2.998519
 17178.000000 9.995689 1.591722 2.986112
 17181.000000 10.002190 1.579670 3.012612
 17184.000000 9.975475 1.561864 3.011245
 17187.000000 9.904589 1.568335 2.976707
 17190.000000 9.911820 1.566119 2.958650
 17193.000000 9.959168 1.578362 2.954318
 17196.000000 9.877746 1.566683 2.974426
 17199.000000 9.875431 1.561453 3.017198
 17202.000000 9.960057 1.552703 3.023854
 17205.000000 9.964757 1.582957 2.992764
 17208.000000 9.917424 1.572238 3.010483
 17211.000000 9.904512 1.577380 2.998101
 17214.000000 9.935138 1.603916 2.975859
 17217.000000 9.919245 1.589176 3.018209
 17220.000000 9.839991 1.588190 3.032261
 17223.000000 9.928829 1.623673 3.000360
 17226.000000 10.003941 1.574987 3.039358
 17229.000000 9.985544 1.570113 3.047662
 17232.000000 9.940723 1.579644 3.025477
 17235.000000 9.825311 1.609720 3.011062
 17238.000000 9.869087 1.584594 3.024386
 17241.000000 9.870702 1.579719 3.034192
 17244.000000 9.808247 1.576860 3.046168
 17247.000000 9.891381 1.592212 3.049382
 17250.000000 9.897015 1.619606 3.006079
 17253.000000 9.938283 1.611357 3.019290
 17256.000000 9.924586 1.615738 3.001005
 17259.000000 9.856072 1.610578 3.012924
 17262.000000 9.807507 1.590432 2.984772
 17265.000000 9.739938 1.588674 2.979254
 17268.000000 9.813011 1.578466 3.003754
 17271.000000 9.825681 1.582662 2.989385
 17274.000000 9.850768 1.553601 2.988300
 17277.000000 9.846992 1.576010 2.993804
 17280.000000 9.868260 1.583704 2.978327
 17283.000000 9.817211 1.573215 2.992434
 17286.000000 9.855051 1.584083 2.995627
 17289.000000 9.905989 1.555370 3.052280
 17292.000000 9.849922 1.564927 3.003013
 17295.000000 9.892852 1.555731 3.058315
 17298.000000 9.846805 1.527651 3.043565
 17301.000000 9.805063 1.535626 3.007767
 17304.000000 9.882425 1.551501 2.985213
 17307.000000 9.880695 1.554425 2.959477
 17310.000000 9.980677 1.534245 2.965069
 17313.000000 9.994009 1.538340 3.015484
 17316.000000 10.025612 1.542606 2.972440
 17319.000000 10.053452 1.534446 2.983568
 17322.000000 9.933154 1.546010 3.006516
 17325.000000 9.908817 1.546636 2.982661
 17328.000000 9.908413 1.531736 2.990561
 17331.000000 9.872149 1.516051 3.004786
 17334.000000 9.835401 1.526963 2.977584
 17337.000000 9.832919 1.537522 3.008662
 17340.000000 9.844145 1.521711 3.044748
 17343.000000 9.776806 1.556003 3.011636
 17346.000000 9.733484 1.538917 3.005493
 17349.000000 9.768975 1.518383 3.015488
 17352.000000 9.764937 1.515350 3.009693
 17355.000000 9.774675 1.526090 2.993112
 17358.000000 9.784651 1.520319 2.976898
 17361.000000 9.738345 1.520184 2.999386
 17364.000000 9.772877 1.524888 3.032468
 17367.000000 9.757740 1.531035 3.021271
 17370.000000 9.762272 1.507602 3.051330
 17373.000000 9.837105 1.541873 3.034098
 17376.000000 9.825453 1.561364 3.011698
 17379.000000 9.809520 1.558617 3.023268
 17382.000000 9.847750 1.551727 3.030954
 17385.000000 9.824054 1.519760 3.047809
 17388.000000 9.819762 1.525956 3.081700
 17391.000000 9.858706 1.539786 3.056059
 17394.000000 9.842763 1.559838 3.043983
 17397.000000 9.846849 1.569246 3.056630
 17400.000000 9.790361 1.578600 3.048110
 17403.000000 9.783376 1.587660 2.993035
 17406.000000 9.767365 1.588742 2.981964
 17409.000000 9.825875 1.581627 2.978184
 17412.000000 9.833689 1.564256 2.997484
 17415.000000 9.807713 1.559280 2.968887
 17418.000000 9.839577 1.559991 2.965185
 17421.000000 9.889422 1.558093 2.955364
 17424.000000 9.956196 1.575323 2.933375
 17427.000000 9.920433 1.586652 2.940689
 17430.000000 9.891883 1.568954 2.971005
 17433.000000 9.951055 1.593880 2.905518
 17436.000000 9.983847 1.575114 2.954452
 17439.000000 9.942150 1.571120 2.941167
 17442.000000 10.002698 1.587007 2.943444
 17445.000000 10.057766 1.571844 2.951515
 17448.000000 9.999950 1.596967 2.949816
 17451.000000 9.928978 1.599454 2.956227
 17454.000000 9.914461 1.548553 2.986832
 17457.000000 9.882841 1.595386 2.948056
 17460.000000 9.890274 1.586649 2.963744
 17463.000000 10.004733 1.628379 2.955147
 17466.000000 9.966113 1.590673 2.993129
 17469.000000 9.990522 1.605971 2.975114
 17472.000000 9.944761 1.588353 2.983693
 17475.000000 9.932915 1.586971 2.988589
 17478.000000 9.916406 1.553142 2.993543
 17481.000000 9.973305 1.551649 2.980630
 17484.000000 9.959402 1.560269 2.967558
 17487.000000 9.896385 1.563866 2.944105
 17490.000000 9.938835 1.593324 2.941478
 17493.000000 9.941887 1.580873 2.938378
 17496.000000 9.964244 1.589226 2.933366
 17499.000000 10.004149 1.593460 2.934064
 17502.000000 9.979861 1.597050 2.934557
 17505.000000 9.998801 1.556701 2.956307
 17508.000000 10.001788 1.543326 2.976681
 17511.000000 10.039166 1.546794 3.025745
 17514.000000 9.969832 1.552049 2.980565
 17517.000000 9.994616 1.558565 2.931537
 17520.000000 10.033882 1.563399 2.966492
 17523.000000 9.993492 1.559780 2.965095
 17526.000000 9.847641 1.562182 2.931803
 17529.000000 9.840335 1.546530 2.929953
 17532.000000 9.807067 1.533488 2.916595
 17535.000000 9.929169 1.534823 2.879208
 17538.000000 9.916593 1.532165 2.917200
 17541.000000 9.869929 1.559739 2.895042
 17544.000000 9.914046 1.542899 2.949924
 17547.000000 9.980439 1.558386 2.951433
 17550.000000 9.859643 1.578006 2.926782
 17553.000000 9.876796 1.573604 2.956478
 17556.000000 10.022976 1.567014 2.978198
 17559.000000 10.172624 1.604527 2.965395
 17562.000000 10.167831 1.589437 2.972916
 17565.000000 10.140183 1.574642 2.968702
 17568.000000 10.159159 1.558229 2.981742
 17571.000000 10.194268 1.577792 2.993811
 17574.000000 10.097880 1.569927 3.004182
 17577.000000 10.111715 1.558446 2.990578
 17580.000000 10.028340 1.572803 2.984624
 17583.000000 9.982596 1.568271 2.964359
 17586.000000 9.985208 1.593167 3.019247
 17589.000000 9.973138 1.612058 3.010425
 17592.000000 9.951701 1.597058 3.042449
 17595.000000 9.944925 1.588616 3.039865
 17598.000000 9.986205 1.613716 3.017172
 17601.000000 9.889761 1.574432 3.048636
 17604.000000 9.862762 1.606648 2.990299
 17607.000000 9.888532 1.584354 3.003272
 17610.000000 9.830840 1.596775 3.009153
 17613.000000 9.869914 1.573922 3.061546
 17616.000000 9.918281 1.558367 3.017575
 17619.000000 9.906109 1.553528 3.005444
 17622.000000 9.888966 1.573861 2.982567
 17625.000000 9.870579 1.541395 3.011790
 17628.000000 9.855345 1.536789 2.998183
 17631.000000 9.879188 1.550555 3.059007
 17634.000000 9.941865 1.573529 3.025288
 17637.000000 9.926928 1.559991 3.033960
 17640.000000 9.862528 1.551242 3.018043
 17643.000000 9.859352 1.575163 3.003111
 17646.000000 9.728448 1.581838 2.997749
 17649.000000 9.707176 1.609953 3.017225
 17652.000000 9.746658 1.589482 3.055278
 17655.000000 9.838373 1.595287 3.016682
 17658.000000 9.749740 1.581255 3.027235
 17661.000000 9.809536 1.585069 3.021396
 17664.000000 9.794154 1.582890 3.008047
 17667.000000 9.814223 1.570711 3.027021
 17670.000000 9.774747 1.585255 3.018832
 17673.000000 9.778516 1.594433 3.008797
 17676.000000 9.749044 1.592061 3.016977
 17679.000000 9.839441 1.617626 3.034308
 17682.000000 9.857991 1.603239 2.995238
 17685.000000 9.902437 1.584807 2.990774
 17688.000000 9.920814 1.593315 2.978306
 17691.000000 9.942033 1.599177 2.963207
 17694.000000 9.910690 1.591866 2.955631
 17697.000000 9.936194 1.575775 2.977268
 17700.000000 9.911049 1.594118 2.995580
 17703.000000 10.017405 1.577434 3.050400
 17706.000000 9.928968 1.571515 3.029171
 17709.000000 9.987995 1.558925 3.047268
 17712.000000 9.948067 1.559275 3.029747
 17715.000000 9.951351 1.558143 3.052006
 17718.000000 9.948471 1.591551 2.989548
 17721.000000 9.960849 1.570320 3.023985
 17724.000000 9.967803 1.571243 3.033453
 17727.000000 9.942464 1.573991 3.023023
 17730.000000 9.980830 1.559385 2.997250
 17733.000000 10.015572 1.545497 3.023705
 17736.000000 9.964792 1.557568 3.006175
 17739.000000 9.996545 1.568847 3.005342
 17742.000000 10.000398 1.557842 3.001204
 17745.000000 10.010413 1.577924 3.004837
 17748.000000 9.976629 1.559339 3.034895
 17751.000000 9.992236 1.567362 3.027624
 17754.000000 10.047005 1.562523 3.029586
 17757.000000 10.005428 1.556879 3.026058
 17760.000000 9.948232 1.559957 3.011640
 17763.000000 9.989852 1.570428 2.983146
 17766.000000 10.022198 1.570632 3.012067
 17769.000000 9.992527 1.581213 2.989971
 17772.000000 10.037294 1.599185 2.936299
 17775.000000 10.090111 1.597596 2.938927
 17778.000000 10.128944 1.610174 2.921572
 17781.000000 10.019163 1.604433 2.910622
 17784.000000 10.033182 1.598912 2.959639
 17787.000000 9.999570 1.611531 2.955927
 17790.000000 9.883197 1.594821 3.005669
 17793.000000 9.891889 1.612277 2.989078
 17796.000000 9.917612 1.615566 2.983716
 17799.000000 10.008929 1.617830 2.977737
 17802.000000 9.937464 1.612969 2.986904
 17805.000000 9.944009 1.597800 3.024065
 17808.000000 9.901008 1.566230 3.041774
 17811.000000 9.877859 1.589885 2.985929
 17814.000000 9.881199 1.596938 2.977334
 17817.000000 9.955934 1.604865 2.968094
 17820.000000 9.894476 1.607779 2.961397
 17823.000000 9.934293 1.578907 3.016372
 17826.000000 9.920287 1.591954 2.997856
 17829.000000 9.863841 1.592186 3.025067
 17832.000000 9.946420 1.592609 3.008986
 17835.000000 9.867765 1.588235 3.005781
 17838.000000 9.859808 1.616736 2.992073
 17841.000000 9.918153 1.595987 3.036179
 17844.000000 9.900370 1.585027 3.026551
 17847.000000 9.929266 1.603729 3.039696
 17850.000000 9.988087 1.607474 3.040289
 17853.000000 9.939356 1.605064 3.017152
 17856.000000 10.055167 1.587857 3.026874
 17859.000000 9.999078 1.594686 3.003063
 17862.000000 10.004969 1.586991 2.970555
 17865.000000 9.923571 1.594101 2.965932
 17868.000000 9.918832 1.621830 2.966123
 17871.000000 9.901697 1.612596 2.989850
 17874.000000 9.908340 1.606202 2.966764
 17877.000000 9.873691 1.552596 2.965315
 17880.000000 9.848154 1.579753 2.963991
 17883.000000 9.937939 1.553062 2.974233
 17886.000000 9.905613 1.578355 3.030423
 17889.000000 9.892327 1.565124 3.025857
 17892.000000 9.820720 1.546893 3.034839
 17895.000000 9.968990 1.572051 3.010459
 17898.000000 9.900570 1.568818 3.047093
 17901.000000 9.895696 1.556404 3.032423
 17904.000000 9.974986 1.540309 3.007513
 17907.000000 9.909759 1.541115 3.008938
 17910.000000 9.963243 1.548058 3.014616
 17913.000000 10.011545 1.565768 3.034798
 17916.000000 9.991638 1.557470 3.017665
 17919.000000 10.054707 1.546797 3.004670
 17922.000000 10.067072 1.565670 3.000916
 17925.000000 10.118634 1.589348 2.991455
 17928.000000 10.080857 1.566382 3.011213
 17931.000000 10.055545 1.581000 2.972079
 17934.000000 10.022723 1.572000 2.991378
 17937.000000 9.931061 1.571876 3.004868
 17940.000000 9.967711 1.596922 2.989631
 17943.000000 9.981917 1.608799 2.946070
 17946.000000 9.976002 1.602562 3.004435
 17949.000000 10.059193 1.615755 2.993420
 17952.000000 10.094169 1.585098 3.007378
 17955.000000 10.155350 1.558873 3.030631
 17958.000000 10.094542 1.568825 3.023723
 17961.000000 10.059653 1.574871 3.007006
 17964.000000 9.965548 1.593358 3.018351
 17967.000000 9.985952 1.580094 3.047663
 17970.000000 10.018849 1.607318 3.029813
 17973.000000 10.010295 1.629763 3.007987
 17976.000000 9.999584 1.614521 3.027637
 17979.000000 9.986796 1.609156 3.042168
 17982.000000 9.915096 1.588980 3.034695
 17985.000000 9.987692 1.597475 3.058790
 17988.000000 9.947637 1.606698 3.028332
 17991.000000 9.866810 1.610807 3.030599
 17994.000000 9.893698 1.627739 3.010864
 17997.000000 9.956346 1.610949 3.036119
 18000.000000 9.928549 1.612688 3.031495
 18003.000000 9.922366 1.592461 3.041968
 18006.000000 9.923635 1.614430 2.996673
 18009.000000 10.029487 1.584064 3.018415
 18012.000000 9.999720 1.584567 2.993801
 18015.000000 9.977043 1.581373 3.001833
 18018.000000 10.062370 1.582402 2.982873
 18021.000000 10.030642 1.564351 3.033361
 18024.000000 10.050241 1.612207 2.983180
 18027.000000 10.014192 1.619363 2.995627
 18030.000000 10.045067 1.603109 3.026328
 18033.000000 10.041610 1.595635 3.026066
 18036.000000 10.048862 1.560670 3.034597
 18039.000000 9.959772 1.576123 2.980193
 18042.000000 9.987500 1.580873 2.986453
 18045.000000 9.967638 1.549870 2.965531
 18048.000000 9.966277 1.513334 3.007433
 18051.000000 9.981428 1.532344 2.982655
 18054.000000 9.998572 1.535325 3.008458
 18057.000000 9.995027 1.557169 2.957366
 18060.000000 9.923467 1.551567 2.980402
 18063.000000 9.921313 1.576653 2.974445
 18066.000000 9.908140 1.578960 2.959174
 18069.000000 9.933702 1.567859 3.027998
 18072.000000 9.932298 1.573746 3.001274
 18075.000000 9.972665 1.603892 2.929091
 18078.000000 10.019414 1.586092 2.999593
 18081.000000 10.044509 1.597901 3.018138
 18084.000000 9.998176 1.629949 2.987986
 18087.000000 9.952177 1.615082 3.009452
 18090.000000 9.967612 1.605551 3.017986
 18093.000000 9.957360 1.604195 3.027082
 18096.000000 9.965540 1.593498 3.007628
 18099.000000 9.968052 1.583035 3.038163
 18102.000000 9.938320 1.598406 3.006707
 18105.000000 9.981202 1.597428 3.036994
 18108.000000 10.034333 1.575609 3.022984
 18111.000000 9.941418 1.563049 3.032790
 18114.000000 9.958061 1.605054 2.987191
 18117.000000 9.971894 1.582024 3.016614
 18120.000000 10.072072 1.590991 3.018853
 18123.000000 10.024822 1.570135 3.044164
 18126.000000 10.097336 1.558393 3.042478
 18129.000000 9.993186 1.570529 3.025041
 18132.000000 10.014603 1.550849 3.036070
 18135.000000 10.114930 1.562609 3.082480
 18138.000000 10.080563 1.552978 3.040415
 18141.000000 10.068825 1.563636 3.058056
 18144.000000 10.083958 1.566884 3.023434
 18147.000000 10.046511 1.590920 3.022974
 18150.000000 10.076769 1.596340 3.035228
 18153.000000 10.106569 1.586125 3.029989
 18156.000000 10.111846 1.612379 2.994352
 18159.000000 10.154428 1.639920 2.978917
 18162.000000 10.032455 1.660830 2.960780
 18165.000000 9.996013 1.646651 3.002881
 18168.000000 9.958044 1.626448 3.005891
 18171.000000 9.990912 1.641046 3.004247
 18174.000000 9.896178 1.629255 3.029309
 18177.000000 9.852189 1.618087 3.042256
 18180.000000 9.841499 1.618489 3.041686
 18183.000000 9.871431 1.604467 3.011499
 18186.000000 9.913481 1.613659 3.005753
 18189.000000 9.956013 1.609781 3.029188
 18192.000000 9.941930 1.612679 3.039934
 18195.000000 9.899684 1.623529 3.066717
 18198.000000 9.951263 1.654323 2.994196
 18201.000000 10.029555 1.600106 3.047968
 18204.000000 10.010320 1.586371 3.065351
 18207.000000 9.923352 1.586543 3.014566
 18210.000000 9.843492 1.578447 2.978542
 18213.000000 9.878071 1.591528 3.003102
 18216.000000 9.850482 1.595799 2.995683
 18219.000000 9.877098 1.600329 2.951980
 18222.000000 9.907017 1.576472 2.980285
 18225.000000 9.943597 1.583352 2.958249
 18228.000000 9.936285 1.564941 2.987120
 18231.000000 10.027912 1.571386 2.978723
 18234.000000 10.034164 1.577683 2.991514
 18237.000000 9.935318 1.575569 3.026311
 18240.000000 10.005176 1.572523 3.042941
 18243.000000 10.016188 1.551538 3.046585
 18246.000000 9.928707 1.574464 3.016434
 18249.000000 9.956346 1.561668 3.036255
 18252.000000 10.079261 1.607375 2.963159
 18255.000000 10.095166 1.579429 2.969891
 18258.000000 10.047833 1.557149 3.006245
 18261.000000 9.984755 1.554362 2.995599
 18264.000000 9.971398 1.570413 2.978040
 18267.000000 9.949000 1.569605 2.996362
 18270.000000 9.978260 1.549420 3.021461
 18273.000000 9.984474 1.562110 3.017485
 18276.000000 9.917098 1.578326 2.994246
 18279.000000 9.974496 1.601703 2.974353
 18282.000000 10.020880 1.589834 2.988113
 18285.000000 9.995390 1.576034 3.013775
 18288.000000 9.986176 1.556416 3.001328
 18291.000000 10.061691 1.535451 3.043003
 18294.000000 10.050207 1.581314 3.024108
 18297.000000 10.106772 1.547805 3.022607
 18300.000000 10.121948 1.543844 3.041270
 18303.000000 10.183565 1.564349 3.004028
 18306.000000 10.174409 1.560726 3.014345
 18309.000000 10.178582 1.576317 3.027394
 18312.000000 10.135946 1.578350 2.981391
 18315.000000 10.096427 1.594760 3.000106
 18318.000000 10.094248 1.602370 2.997456
 18321.000000 10.112591 1.598645 3.031284
 18324.000000 10.061795 1.588241 3.008286
 18327.000000 10.073536 1.616649 2.967720
 18330.000000 10.057694 1.617611 2.962856
 18333.000000 10.081215 1.616218 2.935983
 18336.000000 10.089977 1.583122 3.003618
 18339.000000 10.177994 1.624766 2.957063
 18342.000000 10.096992 1.615907 2.943278
 18345.000000 10.150628 1.570273 2.991629
 18348.000000 10.096893 1.566403 3.011334
 18351.000000 10.108838 1.557211 3.000144
 18354.000000 10.126840 1.562395 2.981340
 18357.000000 10.131720 1.547368 2.977909
 18360.000000 10.106291 1.540313 2.991408
 18363.000000 10.058015 1.551257 2.987728
 18366.000000 9.984746 1.564579 2.980765
 18369.000000 9.944408 1.538630 3.012273
 18372.000000 9.989878 1.575875 2.983375
 18375.000000 9.992855 1.557046 3.009379
 18378.000000 9.842959 1.565197 3.019511
 18381.000000 9.880704 1.549515 3.002156
 18384.000000 9.820420 1.551885 3.002386
 18387.000000 9.828822 1.549951 3.004714
 18390.000000 9.870736 1.546178 3.053201
 18393.000000 9.849957 1.563682 3.003659
 18396.000000 9.850018 1.561995 3.027505
 18399.000000 9.776870 1.552843 3.020457
 18402.000000 9.750508 1.568185 2.984616
 18405.000000 9.822263 1.571753 2.992102
 18408.000000 9.877569 1.551989 3.007643
 18411.000000 9.952487 1.580041 2.983836
 18414.000000 9.963932 1.586873 2.969765
 18417.000000 10.030856 1.560583 3.024410
 18420.000000 10.024235 1.553522 2.996252
 18423.000000 9.961365 1.526769 3.053807
 18426.000000 10.031565 1.569642 2.997465
 18429.000000 9.944195 1.544456 3.021186
 18432.000000 10.033997 1.570795 2.982866
 18435.000000 9.941999 1.585460 3.010075
 18438.000000 9.879610 1.561136 3.017030
 18441.000000 9.940003 1.555549 3.034811
 18444.000000 10.004218 1.593050 2.988732
 18447.000000 9.920172 1.557682 3.038207
 18450.000000 9.830591 1.540275 3.069264
 18453.000000 9.948911 1.556180 3.008147
 18456.000000 9.915419 1.554485 3.027272
 18459.000000 10.000801 1.546163 3.041341
 18462.000000 10.120864 1.561668 3.020364
 18465.000000 10.060197 1.569939 3.006267
 18468.000000 10.083585 1.566502 2.996153
 18471.000000 10.168087 1.564789 3.017778
 18474.000000 10.182973 1.567081 2.990836
 18477.000000 10.123774 1.579860 2.969019
 18480.000000 10.123606 1.565478 2.973632
 18483.000000 10.123787 1.552207 2.994003
 18486.000000 10.114440 1.567732 2.968176
 18489.000000 10.079848 1.550051 3.014718
 18492.000000 10.089962 1.548318 3.028974
 18495.000000 10.102163 1.530767 3.045428
 18498.000000 10.158225 1.559101 2.986451
 18501.000000 10.057503 1.533317 3.015491
 18504.000000 10.082568 1.549057 2.994222
 18507.000000 9.943665 1.533971 3.013855
 18510.000000 9.898012 1.558608 2.991223
 18513.000000 9.841581 1.559015 2.987599
 18516.000000 9.800037 1.533716 2.970306
 18519.000000 9.923798 1.546027 2.947675
 18522.000000 9.821416 1.557971 2.912689
 18525.000000 9.838687 1.535855 2.915786
 18528.000000 9.965733 1.533692 2.931056
 18531.000000 9.929088 1.500193 2.998611
 18534.000000 9.974075 1.498212 2.972476
 18537.000000 9.955170 1.511720 2.968473
 18540.000000 10.009223 1.511902 2.960762
 18543.000000 9.962166 1.517354 2.920765
 18546.000000 9.998704 1.521492 2.948931
 18549.000000 9.987723 1.521664 2.917939
 18552.000000 9.924481 1.529135 2.991376
 18555.000000 9.831740 1.538746 2.972778
 18558.000000 9.930011 1.562341 2.966487
 18561.000000 9.862332 1.537499 2.992525
 18564.000000 9.911131 1.557562 3.025266
 18567.000000 9.898179 1.567013 3.061734
 18570.000000 9.832062 1.538234 3.029020
 18573.000000 9.817047 1.572833 3.004371
 18576.000000 9.877851 1.565062 3.019586
 18579.000000 9.867402 1.565596 2.976674
 18582.000000 9.890990 1.563131 2.989304
 18585.000000 9.873671 1.576324 2.985188
 18588.000000 9.858312 1.565265 2.998744
 18591.000000 9.895921 1.563023 2.985453
 18594.000000 9.901917 1.579585 2.997786
 18597.000000 9.969022 1.591286 2.993473
 18600.000000 9.914655 1.598669 2.940414
 18603.000000 9.998455 1.603951 2.962748
 18606.000000 9.996018 1.592558 2.984249
 18609.000000 10.089088 1.583824 3.006648
 18612.000000 10.084842 1.610911 3.011907
 18615.000000 10.018098 1.638936 3.016775
 18618.000000 10.017166 1.629373 3.005206
 18621.000000 10.060439 1.607503 3.023007
 18624.000000 9.980121 1.610118 3.060240
 18627.000000 10.001481 1.614504 3.049976
 18630.000000 10.010533 1.621224 3.034040
 18633.000000 10.048828 1.589952 3.041720
 18636.000000 9.962743 1.583771 3.034687
 18639.000000 9.972270 1.590004 3.021933
 18642.000000 9.934273 1.581805 2.996369
 18645.000000 9.841047 1.569733 3.039778
 18648.000000 9.841454 1.548502 3.091353
 18651.000000 9.943669 1.570102 3.037984
 18654.000000 9.844878 1.580095 2.998885
 18657.000000 9.788749 1.540250 3.016417
 18660.000000 9.855293 1.558915 2.983764
 18663.000000 9.887668 1.547418 2.991962
 18666.000000 9.850622 1.558359 2.955608
 18669.000000 9.821418 1.585853 2.973283
 18672.000000 9.823239 1.570015 2.980003
 18675.000000 9.824808 1.575880 2.989161
 18678.000000 9.845942 1.577181 2.974488
 18681.000000 9.945468 1.582325 2.988618
 18684.000000 9.967524 1.602279 2.984296
 18687.000000 9.944566 1.558186 3.018909
 18690.000000 9.974479 1.571566 3.016113
 18693.000000 9.931575 1.565991 3.012723
 18696.000000 9.945573 1.573457 3.023889
 18699.000000 9.860126 1.560281 2.982772
 18702.000000 9.876565 1.562488 3.003339
 18705.000000 9.867025 1.578054 2.954534
 18708.000000 9.883494 1.592225 2.987102
 18711.000000 9.949710 1.604903 3.020208
 18714.000000 9.816299 1.624716 2.998714
 18717.000000 9.890179 1.627975 2.946382
 18720.000000 9.935240 1.608877 2.986336
 18723.000000 9.950008 1.614892 3.005726
 18726.000000 9.967392 1.569031 3.044025
 18729.000000 9.964512 1.572171 3.015639
 18732.000000 10.011476 1.610350 2.977897
 18735.000000 9.890689 1.603107 2.991385
 18738.000000 9.923724 1.606325 3.024006
 18741.000000 9.993170 1.613498 3.039337
 18744.000000 10.007360 1.605477 3.026244
 18747.000000 10.003259 1.615589 3.013946
 18750.000000 10.017873 1.647426 2.998973
 18753.000000 10.048817 1.649771 2.993689
 18756.000000 10.032876 1.622984 3.002907
 18759.000000 10.017631 1.593661 3.062629
 18762.000000 10.075183 1.607946 3.050281
 18765.000000 10.008521 1.589795 3.046970
 18768.000000 10.071378 1.596940 3.052393
 18771.000000 9.977405 1.598646 3.019742
 18774.000000 10.054394 1.591878 3.005596
 18777.000000 10.041867 1.595698 3.005185
 18780.000000 10.104496 1.616265 2.992536
 18783.000000 10.033541 1.597659 2.984896
 18786.000000 10.039729 1.577258 3.015622
 18789.000000 10.102173 1.565116 2.984987
 18792.000000 10.101252 1.571223 3.010387
 18795.000000 10.054772 1.569676 3.023013
 18798.000000 10.068503 1.561840 3.010178
 18801.000000 10.046352 1.568857 2.987516
 18804.000000 10.049669 1.561825 2.970825
 18807.000000 10.009317 1.563784 2.959004
 18810.000000 9.996841 1.580725 2.934645
 18813.000000 10.064059 1.563468 3.020768
 18816.000000 10.019917 1.550938 3.012081
 18819.000000 9.956839 1.585199 2.980613
 18822.000000 9.945115 1.583324 2.987467
 18825.000000 10.066961 1.576492 2.975743
 18828.000000 10.100720 1.580267 2.982007
 18831.000000 10.046594 1.568998 2.989015
 18834.000000 10.069035 1.533151 2.960447
 18837.000000 10.145503 1.527523 2.948928
 18840.000000 10.020856 1.527614 2.933580
 18843.000000 10.076898 1.505713 2.939344
 18846.000000 10.022659 1.516743 2.947179
 18849.000000 10.071471 1.493115 2.972962
 18852.000000 10.022842 1.497729 2.957723
 18855.000000 9.949010 1.482460 2.969945
 18858.000000 9.944058 1.486207 2.996035
 18861.000000 9.880033 1.486164 2.999850
 18864.000000 9.911580 1.481279 3.004221
 18867.000000 9.842854 1.501816 2.981262
 18870.000000 9.935102 1.488581 3.001955
 18873.000000 9.921596 1.517708 2.974468
 18876.000000 9.961985 1.483496 3.018248
 18879.000000 9.966741 1.491371 3.019709
 18882.000000 9.970871 1.491320 2.984251
 18885.000000 9.968849 1.511079 2.990759
 18888.000000 9.986670 1.502616 2.948855
 18891.000000 10.059373 1.494165 2.973633
 18894.000000 10.043267 1.510045 2.946037
 18897.000000 10.020532 1.509146 2.974387
 18900.000000 10.199612 1.501196 3.012290
 18903.000000 10.098504 1.509190 2.993023
 18906.000000 9.942413 1.513771 3.005080
 18909.000000 9.937110 1.543212 3.013848
 18912.000000 9.989246 1.549537 2.976888
 18915.000000 10.004285 1.575374 2.992203
 18918.000000 9.977374 1.567350 2.971516
 18921.000000 9.998458 1.531369 2.996552
 18924.000000 10.012197 1.512910 3.016782
 18927.000000 9.989562 1.509829 3.032057
 18930.000000 9.961691 1.534814 3.001424
 18933.000000 9.939861 1.513491 3.022301
 18936.000000 9.920132 1.537900 2.984052
 18939.000000 9.891674 1.530396 3.014491
 18942.000000 9.943687 1.546738 3.016015
 18945.000000 9.943150 1.553096 3.006286
 18948.000000 9.895761 1.523133 3.039733
 18951.000000 9.830421 1.527682 3.022013
 18954.000000 9.779431 1.520116 3.028040
 18957.000000 9.787228 1.518657 3.022574
 18960.000000 9.797890 1.543624 2.981474
 18963.000000 9.836175 1.557213 2.994186
 18966.000000 9.820014 1.590898 2.962420
 18969.000000 9.788798 1.581512 2.994123
 18972.000000 9.796865 1.576236 2.994317
 18975.000000 9.806735 1.536435 3.014709
 18978.000000 9.828917 1.549699 3.032361
 18981.000000 9.900258 1.534121 3.051929
 18984.000000 9.899898 1.541205 3.044696
 18987.000000 9.902364 1.589840 3.004905
 18990.000000 9.925186 1.616115 2.983919
 18993.000000 9.910137 1.605358 2.975509
 18996.000000 9.925578 1.595807 3.014848
 18999.000000 9.921316 1.597399 3.002615
 19002.000000 9.961609 1.603067 3.004355
 19005.000000 9.930664 1.602054 3.022398
 19008.000000 9.942697 1.626942 2.956019
 19011.000000 9.961136 1.635700 2.930194
 19014.000000 9.965497 1.629442 2.959778
 19017.000000 10.026978 1.620787 2.946461
 19020.000000 10.044137 1.610229 2.975547
 19023.000000 10.037255 1.579552 2.992693
 19026.000000 9.980625 1.593333 2.960072
 19029.000000 9.991959 1.575765 3.001590
 19032.000000 10.001156 1.578520 2.996450
 19035.000000 9.987207 1.573410 3.010555
 19038.000000 10.041503 1.569730 2.967918
 19041.000000 9.933706 1.567503 2.971585
 19044.000000 9.866034 1.544674 2.997824
 19047.000000 9.834368 1.548963 2.974949
 19050.000000 9.939627 1.551579 2.963052
 19053.000000 9.895285 1.529936 2.951648
 19056.000000 9.918348 1.542429 2.968899
 19059.000000 9.899003 1.562925 2.944762
 19062.000000 9.975048 1.572596 2.925448
 19065.000000 9.898178 1.563582 2.921504
 19068.000000 9.942104 1.568010 2.929080
 19071.000000 10.037871 1.570889 2.952711
 19074.000000 10.006168 1.575381 2.987854
 19077.000000 10.023427 1.586063 2.988108
 19080.000000 10.087595 1.592854 2.933386
 19083.000000 10.021258 1.606737 2.938101
 19086.000000 10.041438 1.610526 2.935180
 19089.000000 10.080944 1.619874 2.975208
 19092.000000 10.066580 1.603808 2.985777
 19095.000000 10.090133 1.609566 2.968245
 19098.000000 10.147475 1.606995 2.966406
 19101.000000 10.116765 1.594147 2.947154
 19104.000000 10.108373 1.580391 2.984955
 19107.000000 10.113229 1.568109 3.007459
 19110.000000 10.072643 1.578284 3.014932
 19113.000000 10.081123 1.579107 3.023539
 19116.000000 10.102599 1.602497 2.971729
 19119.000000 10.094143 1.598933 2.997749
 19122.000000 10.062153 1.593967 3.034591
 19125.000000 10.011074 1.587400 3.025490
 19128.000000 10.012544 1.615932 2.986815
 19131.000000 10.005948 1.640416 2.980472
 19134.000000 10.067719 1.625199 2.984108
 19137.000000 10.070226 1.622599 2.995400
 19140.000000 10.098016 1.597461 3.022134
 19143.000000 10.120840 1.608784 3.013820
 19146.000000 10.143223 1.597849 3.010318
 19149.000000 10.089764 1.580080 2.991283
 19152.000000 10.041533 1.571593 3.002921
 19155.000000 10.018903 1.551101 3.013194
 19158.000000 10.046782 1.574585 3.012375
 19161.000000 10.033805 1.521387 3.020201
 19164.000000 10.040426 1.538225 3.010062
 19167.000000 10.083433 1.540597 2.993705
 19170.000000 10.096302 1.518303 2.988969
 19173.000000 10.071398 1.533783 2.981560
 19176.000000 10.119680 1.553116 2.977713
 19179.000000 10.163666 1.555548 2.987239
 19182.000000 10.163832 1.547380 3.009815
 19185.000000 10.096934 1.558122 2.989696
 19188.000000 10.001973 1.555670 3.004783
 19191.000000 9.986321 1.561231 2.993661
 19194.000000 10.035523 1.564348 2.993202
 19197.000000 9.994990 1.551042 2.997844
 19200.000000 9.948438 1.589574 2.958749
 19203.000000 10.010145 1.558314 3.006778
 19206.000000 10.012644 1.571189 3.001120
 19209.000000 10.034208 1.567522 2.971445
 19212.000000 10.051569 1.560576 2.983637
 19215.000000 10.063057 1.561133 2.984966
 19218.000000 10.086626 1.553786 3.021194
 19221.000000 10.156031 1.560043 3.034133
 19224.000000 10.043007 1.554099 3.004795
 19227.000000 10.026871 1.559033 2.999440
 19230.000000 9.998802 1.555246 3.019926
 19233.000000 10.092320 1.543709 3.014885
 19236.000000 10.043943 1.538072 3.003866
 19239.000000 10.020158 1.554100 2.990400
 19242.000000 10.041313 1.578049 3.038499
 19245.000000 10.064039 1.571913 3.030834
 19248.000000 10.111868 1.602848 2.978708
 19251.000000 10.045919 1.577681 3.005164
 19254.000000 9.992773 1.575422 3.016930
 19257.000000 9.961929 1.566378 3.008590
 19260.000000 9.930740 1.550068 3.032794
 19263.000000 9.953402 1.559192 2.997316
 19266.000000 9.901450 1.553902 2.993028
 19269.000000 9.859613 1.568337 3.003457
 19272.000000 9.886886 1.556781 3.032039
 19275.000000 9.877365 1.569211 2.991954
 19278.000000 9.981429 1.554572 3.042927
 19281.000000 9.987136 1.575552 3.002644
 19284.000000 9.945183 1.579626 2.994319
 19287.000000 9.903452 1.557998 2.994584
 19290.000000 9.822635 1.575817 2.980681
 19293.000000 9.873487 1.565626 2.993647
 19296.000000 9.890298 1.579439 2.977812
 19299.000000 9.887620 1.584424 2.975573
 19302.000000 9.807778 1.569031 2.956888
 19305.000000 9.812730 1.596299 2.987707
 19308.000000 9.866253 1.570933 3.042245
 19311.000000 9.901392 1.558883 3.008658
 19314.000000 9.853320 1.567134 3.015476
 19317.000000 9.891435 1.572861 2.959227
 19320.000000 9.851349 1.548378 3.002108
 19323.000000 9.918094 1.573273 2.981792
 19326.000000 9.904217 1.570689 2.979363
 19329.000000 9.882644 1.555813 2.983873
 19332.000000 9.850910 1.579629 2.960504
 19335.000000 9.933598 1.588363 2.962120
 19338.000000 9.841277 1.571587 2.980471
 19341.000000 9.853068 1.565701 2.973331
 19344.000000 9.919785 1.579673 3.004642
 19347.000000 9.993488 1.588423 2.987515
 19350.000000 9.877449 1.564722 3.017212
 19353.000000 9.806758 1.562120 2.976839
 19356.000000 9.871322 1.569969 2.990031
 19359.000000 9.866238 1.572881 2.964817
 19362.000000 9.832372 1.581708 2.999862
 19365.000000 9.888140 1.582386 2.957560
 19368.000000 9.855518 1.581726 2.961067
 19371.000000 9.816710 1.579707 2.944695
 19374.000000 9.840126 1.557396 2.979965
 19377.000000 9.797126 1.545701 2.974066
 19380.000000 9.749762 1.525288 3.011923
 19383.000000 9.875191 1.553044 2.972563
 19386.000000 9.927618 1.548482 2.947654
 19389.000000 10.028024 1.573591 2.897064
 19392.000000 9.956666 1.579992 2.901101
 19395.000000 9.943186 1.590542 2.926861
 19398.000000 9.958378 1.558443 2.958899
 19401.000000 9.956045 1.564716 2.942708
 19404.000000 9.959364 1.581003 2.953352
 19407.000000 9.882283 1.548970 2.966514
 19410.000000 9.883172 1.553980 2.953042
 19413.000000 9.894450 1.563328 2.961970
 19416.000000 9.878877 1.584311 2.929616
 19419.000000 9.881440 1.576311 2.929232
 19422.000000 9.917784 1.549226 2.959239
 19425.000000 9.905992 1.551154 2.984364
 19428.000000 9.900861 1.544770 2.996416
 19431.000000 9.939217 1.553683 2.969010
 19434.000000 10.024576 1.564656 2.954411
 19437.000000 9.935528 1.556956 2.974688
 19440.000000 9.850277 1.581504 2.940125
 19443.000000 9.929764 1.611123 2.952801
 19446.000000 9.928048 1.572317 2.967938
 19449.000000 9.924688 1.581634 2.942611
 19452.000000 9.948312 1.595576 2.974066
 19455.000000 9.847558 1.550543 2.958479
 19458.000000 9.886597 1.572918 2.992504
 19461.000000 9.833510 1.543970 2.965135
 19464.000000 9.952892 1.553602 2.996792
 19467.000000 9.952940 1.558187 2.977472
 19470.000000 9.922712 1.543993 2.978976
 19473.000000 10.049767 1.552844 3.001136
 19476.000000 9.956455 1.562562 2.997583
 19479.000000 9.989271 1.558690 3.019331
 19482.000000 9.966983 1.563410 3.052290
 19485.000000 9.910514 1.571849 3.035158
 19488.000000 9.874996 1.547579 3.017219
 19491.000000 9.879375 1.574243 2.983561
 19494.000000 9.839823 1.562838 3.017829
 19497.000000 9.880596 1.566274 2.957663
 19500.000000 9.931418 1.565374 2.966198
 19503.000000 9.927951 1.594723 2.957306
 19506.000000 9.928116 1.609582 2.987193
 19509.000000 9.857951 1.598848 2.990976
 19512.000000 9.872861 1.607797 3.023275
 19515.000000 9.913999 1.607924 2.980794
 19518.000000 9.944863 1.551419 3.013708
 19521.000000 9.876687 1.583013 2.966222
 19524.000000 9.859603 1.571529 3.011294
 19527.000000 9.943790 1.563145 2.997067
 19530.000000 9.963686 1.565692 3.029244
 19533.000000 9.935858 1.566029 3.006176
 19536.000000 9.939029 1.550090 3.034921
 19539.000000 9.927391 1.561708 3.041607
 19542.000000 9.924869 1.557968 3.019734
 19545.000000 9.933111 1.560250 3.010053
 19548.000000 9.871673 1.573273 3.027250
 19551.000000 9.762392 1.550532 3.032851
 19554.000000 9.788337 1.553132 3.052724
 19557.000000 9.846419 1.559993 3.037037
 19560.000000 9.807961 1.548370 3.041732
 19563.000000 9.756425 1.557376 3.023411
 19566.000000 9.775070 1.528371 3.055342
 19569.000000 9.757204 1.569769 3.039908
 19572.000000 9.806325 1.543164 3.057280
 19575.000000 9.914530 1.557483 3.039279
 19578.000000 9.924120 1.548534 2.998966
 19581.000000 9.909200 1.558419 2.987370
 19584.000000 9.868914 1.536694 3.006988
 19587.000000 9.924300 1.562994 2.967895
 19590.000000 9.940887 1.597353 2.975704
 19593.000000 9.904602 1.586045 2.985903
 19596.000000 9.907460 1.566707 2.975357
 19599.000000 9.915323 1.548540 3.036502
 19602.000000 9.990903 1.544067 3.008927
 19605.000000 9.931544 1.549733 3.007976
 19608.000000 9.920171 1.582342 2.973590
 19611.000000 9.951081 1.581928 2.986194
 19614.000000 10.018135 1.602292 2.965956
 19617.000000 10.036513 1.626221 2.991881
 19620.000000 10.104401 1.601864 3.000889
 19623.000000 10.164315 1.596746 2.981437
 19626.000000 10.057370 1.595177 2.970542
 19629.000000 10.013136 1.622299 3.003472
 19632.000000 10.026095 1.634205 3.018831
 19635.000000 10.046369 1.621194 3.009230
 19638.000000 10.060964 1.640174 3.015595
 19641.000000 10.079824 1.630347 3.005536
 19644.000000 10.066893 1.652709 2.979159
 19647.000000 9.991669 1.622148 3.017197
 19650.000000 10.034750 1.593620 3.015281
 19653.000000 9.942069 1.623208 3.012268
 19656.000000 9.944673 1.609864 3.023978
 19659.000000 10.004264 1.590537 3.037626
 19662.000000 9.888742 1.623117 3.019899
 19665.000000 9.909912 1.620108 2.979188
 19668.000000 9.912084 1.618551 3.006316
 19671.000000 9.827723 1.585722 3.033187
 19674.000000 9.800641 1.622390 3.050076
 19677.000000 9.722894 1.611741 3.029670
 19680.000000 9.765284 1.576935 3.052449
 19683.000000 9.810727 1.589310 3.000441
 19686.000000 9.807525 1.638069 2.976205
 19689.000000 9.782618 1.614683 2.994260
 19692.000000 9.663993 1.608474 3.024357
 19695.000000 9.716986 1.576820 3.010549
 19698.000000 9.758764 1.591208 3.033332
 19701.000000 9.712295 1.595934 3.041998
 19704.000000 9.748860 1.586414 3.034037
 19707.000000 9.713709 1.598061 3.015003
 19710.000000 9.767216 1.588214 3.015609
 19713.000000 9.856231 1.579323 3.029281
 19716.000000 9.873293 1.586623 3.037872
 19719.000000 9.915229 1.560489 3.039409
 19722.000000 9.861012 1.591555 3.002594
 19725.000000 9.922212 1.589275 2.994515
 19728.000000 9.866205 1.604969 2.956336
 19731.000000 9.842515 1.632805 2.937751
 19734.000000 9.941372 1.619224 2.935230
 19737.000000 9.929978 1.656227 2.901646
 19740.000000 9.859588 1.645168 2.927225
 19743.000000 9.863027 1.654026 2.947122
 19746.000000 9.877916 1.660480 2.939408
 19749.000000 9.850655 1.677031 2.942218
 19752.000000 9.926417 1.671738 2.944582
 19755.000000 9.945672 1.667580 2.945277
 19758.000000 9.923816 1.649388 2.970858
 19761.000000 9.875938 1.677052 2.970003
 19764.000000 9.880254 1.664307 2.998079
 19767.000000 9.905927 1.656796 3.002667
 19770.000000 9.806596 1.699522 2.951302
 19773.000000 9.909897 1.673116 2.973111
 19776.000000 9.874167 1.663305 2.979669
 19779.000000 9.826852 1.673350 2.972205
 19782.000000 9.842676 1.679724 2.976249
 19785.000000 9.867059 1.703818 2.953657
 19788.000000 9.850638 1.670261 2.970736
 19791.000000 9.824167 1.640019 2.988503
 19794.000000 9.827856 1.633879 3.016200
 19797.000000 9.850210 1.647548 3.014908
 19800.000000 9.857191 1.618615 3.018902
 19803.000000 9.910070 1.613008 3.010063
 19806.000000 9.919771 1.616423 2.985410
 19809.000000 9.958527 1.606082 2.983138
 19812.000000 9.923055 1.617294 2.969394
 19815.000000 9.968653 1.623557 2.976213
 19818.000000 9.972299 1.608533 3.018440
 19821.000000 9.978514 1.604955 2.983739
 19824.000000 9.896540 1.633521 3.016203
 19827.000000 9.870100 1.627328 3.035156
 19830.000000 9.881902 1.599020 3.064061
 19833.000000 9.847837 1.607478 2.988353
 19836.000000 9.930064 1.598965 3.011635
 19839.000000 9.896766 1.614474 3.021941
 19842.000000 9.900047 1.613224 3.009143
 19845.000000 9.834157 1.630991 2.946213
 19848.000000 9.889024 1.624681 2.995384
 19851.000000 9.898707 1.635330 3.028228
 19854.000000 9.883019 1.622364 3.014869
 19857.000000 9.821311 1.629318 3.016763
 19860.000000 9.755301 1.623917 3.026638
 19863.000000 9.831297 1.599594 3.052734
 19866.000000 9.915897 1.627902 3.042517
 19869.000000 9.931241 1.614614 3.055755
 19872.000000 9.913639 1.612237 3.030550
 19875.000000 9.914310 1.599738 3.025575
 19878.000000 9.809175 1.598281 3.029344
 19881.000000 9.806680 1.581300 3.007249
 19884.000000 9.811957 1.600925 2.973034
 19887.000000 9.796853 1.601968 3.041049
 19890.000000 9.808896 1.578162 3.032050
 19893.000000 9.826191 1.602653 3.053096
 19896.000000 9.862661 1.576014 3.001154
 19899.000000 9.862254 1.587253 3.035182
 19902.000000 9.802515 1.569259 3.030394
 19905.000000 9.765887 1.557922 3.016656
 19908.000000 9.670044 1.563732 3.020485
 19911.000000 9.648780 1.566430 3.017883
 19914.000000 9.691540 1.585975 3.000560
 19917.000000 9.604100 1.574687 3.029236
 19920.000000 9.583704 1.576892 3.005674
 19923.000000 9.621817 1.549493 3.029524
 19926.000000 9.532757 1.556118 2.985579
 19929.000000 9.508157 1.549813 2.995368
 19932.000000 9.460828 1.573845 2.975517
 19935.000000 9.410957 1.551821 2.990362
 19938.000000 9.419528 1.572431 2.980934
 19941.000000 9.514911 1.553962 2.957929
 19944.000000 9.418695 1.574762 2.986236
 19947.000000 9.509740 1.580071 3.034711
 19950.000000 9.526524 1.561186 3.047003
 19953.000000 9.582346 1.601556 3.053561
 19956.000000 9.663750 1.577003 3.037784
 19959.000000 9.677715 1.633841 3.010107
 19962.000000 9.728575 1.607438 3.051889
 19965.000000 9.782570 1.598645 3.002586
 19968.000000 9.796866 1.584578 2.996722
 19971.000000 9.803373 1.563766 3.005099
 19974.000000 9.845302 1.573434 3.014488
 19977.000000 9.873580 1.575213 3.028798
 19980.000000 9.920470 1.580928 3.017411
 19983.000000 9.930298 1.554249 3.015560
 19986.000000 9.922756 1.594374 2.956405
 19989.000000 9.928549 1.562424 2.998861
 19992.000000 9.918067 1.545155 2.984271
 19995.000000 9.848145 1.570319 2.976466
 19998.000000 9.837061 1.594328 2.975397
 20001.000000 9.875942 1.583051 2.990610
 20004.000000 9.860989 1.581477 2.995763
 20007.000000 9.804836 1.572308 2.964531
 20010.000000 9.818354 1.570700 2.972628
 20013.000000 9.836104 1.578353 2.967457
 20016.000000 9.839702 1.606177 2.995519
 20019.000000 9.840970 1.612456 3.006144
 20022.000000 9.870914 1.607031 2.998516
 20025.000000 9.887949 1.583094 3.002743
 20028.000000 9.932367 1.582845 2.979913
 20031.000000 9.848692 1.578900 2.992051
 20034.000000 9.825670 1.571762 2.986465
 20037.000000 9.801226 1.553422 2.977552
 20040.000000 9.950584 1.561902 2.967260
 20043.000000 9.848470 1.584022 2.959296
 20046.000000 9.856042 1.612881 2.965070
 20049.000000 9.841537 1.598016 2.976115
 20052.000000 9.798311 1.592537 2.959223
 20055.000000 9.715636 1.569559 2.903223
 20058.000000 9.825946 1.582357 2.924304
 20061.000000 9.785530 1.571355 2.930067
 20064.000000 9.820476 1.582541 2.935970
 20067.000000 9.857745 1.574798 2.936428
 20070.000000 9.924625 1.582835 2.935712
 20073.000000 9.935378 1.558637 2.909561
 20076.000000 9.801312 1.568235 2.970331
 20079.000000 9.843184 1.569133 2.969619
 20082.000000 9.899980 1.569368 2.979151
 20085.000000 10.005140 1.597834 2.999514
 20088.000000 10.005197 1.552277 2.988944
 20091.000000 9.980990 1.585276 2.974636
 20094.000000 9.954016 1.558202 2.946456
 20097.000000 10.017781 1.590863 2.962916
 20100.000000 9.963617 1.592666 2.995087
 20103.000000 9.909809 1.560610 2.964432
 20106.000000 9.881977 1.591781 2.974652
 20109.000000 9.871429 1.568371 3.000117
 20112.000000 9.875659 1.564404 3.014082
 20115.000000 9.902901 1.557945 3.009754
 20118.000000 9.895483 1.556397 3.026482
 20121.000000 9.922992 1.550093 3.047920
 20124.000000 9.979817 1.532938 3.024502
 20127.000000 9.956364 1.535524 3.016754
 20130.000000 10.026521 1.532792 2.998582
 20133.000000 10.014831 1.490762 2.983042
 20136.000000 10.002472 1.515317 2.995535
 20139.000000 9.999406 1.528357 2.946070
 20142.000000 9.966390 1.545703 2.983033
 20145.000000 10.014508 1.544144 2.982926
 20148.000000 10.056910 1.533703 2.925360
 20151.000000 9.976854 1.550547 2.984618
 20154.000000 10.014051 1.583925 3.003319
 20157.000000 9.976212 1.570362 2.991050
 20160.000000 10.031358 1.600788 2.929379
 20163.000000 10.031335 1.601291 2.908990
 20166.000000 9.920277 1.597134 2.921002
 20169.000000 9.951873 1.594166 2.937962
 20172.000000 9.969206 1.595242 2.948628
 20175.000000 9.908616 1.558094 2.942093
 20178.000000 9.867580 1.570441 2.953023
 20181.000000 9.805251 1.563681 2.953352
 20184.000000 9.865953 1.544847 2.969421
 20187.000000 9.907756 1.566424 2.955332
 20190.000000 9.867932 1.543077 2.968521
 20193.000000 9.913204 1.555492 2.950335
 20196.000000 9.950819 1.560136 2.975286
 20199.000000 9.991336 1.556972 3.001605
 20202.000000 10.043198 1.565035 2.981163
 20205.000000 10.031003 1.563735 3.000815
 20208.000000 10.037985 1.547529 2.986628
 20211.000000 10.014599 1.563902 2.955135
 20214.000000 10.134288 1.554254 3.019877
 20217.000000 9.983751 1.555842 3.027150
 20220.000000 10.034379 1.550085 2.984284
 20223.000000 10.052564 1.539893 2.998180
 20226.000000 10.080745 1.533060 2.993175
 20229.000000 10.030456 1.543085 2.975724
 20232.000000 10.057659 1.532770 2.960736
 20235.000000 10.019505 1.547490 2.919776
 20238.000000 10.053750 1.542121 2.959945
 20241.000000 9.986666 1.539905 2.924380
 20244.000000 9.913654 1.547320 2.968663
 20247.000000 10.065801 1.530003 2.962382
 20250.000000 10.037020 1.524475 2.971718
 20253.000000 10.012772 1.572384 3.005916
 20256.000000 10.034354 1.544338 3.006445
 20259.000000 10.063849 1.537021 2.987770
 20262.000000 10.032652 1.533137 3.008940
 20265.000000 9.992875 1.525037 3.011124
 20268.000000 9.988285 1.504711 3.051066
 20271.000000 9.968401 1.506508 3.036078
 20274.000000 10.067932 1.501881 3.058423
 20277.000000 10.024116 1.490900 3.022855
 20280.000000 9.986020 1.506759 3.031181
 20283.000000 9.937586 1.490199 3.018757
 20286.000000 9.959096 1.475327 3.015349
 20289.000000 10.024276 1.463768 3.008086
 20292.000000 10.013175 1.487142 3.018740
 20295.000000 9.965814 1.507168 3.002201
 20298.000000 10.002986 1.521345 3.016677
 20301.000000 9.939620 1.539314 3.019161
 20304.000000 9.861949 1.506253 3.039803
 20307.000000 9.830291 1.544902 3.021677
 20310.000000 9.780083 1.515122 3.021891
 20313.000000 9.920337 1.510088 3.008466
 20316.000000 9.958985 1.521992 3.006763
 20319.000000 9.885225 1.551278 3.031521
 20322.000000 9.944151 1.527919 3.015874
 20325.000000 9.961152 1.529189 3.036879
 20328.000000 9.884815 1.519061 3.015536
 20331.000000 9.918842 1.513092 3.025652
 20334.000000 9.923390 1.529594 3.043195
 20337.000000 9.935678 1.509344 3.043950
 20340.000000 9.835922 1.518841 3.012621
 20343.000000 9.839290 1.546668 2.992642
 20346.000000 9.860489 1.562280 3.021327
 20349.000000 9.837442 1.550460 2.999017
 20352.000000 9.768987 1.558413 2.970712
 20355.000000 9.762294 1.569525 2.960242
 20358.000000 9.695440 1.567173 2.969416
 20361.000000 9.785730 1.573389 2.973699
 20364.000000 9.704353 1.577024 2.965219
 20367.000000 9.734815 1.572222 2.941575
 20370.000000 9.869686 1.558104 2.944832
 20373.000000 9.923134 1.570825 2.967115
 20376.000000 9.922364 1.557561 2.963076
 20379.000000 9.883631 1.538056 2.957283
 20382.000000 9.831859 1.552963 2.999072
 20385.000000 9.814347 1.540208 3.001974
 20388.000000 9.844171 1.526610 3.009250
 20391.000000 9.868551 1.545644 3.008882
 20394.000000 9.878699 1.543863 3.036450
 20397.000000 9.957566 1.558884 3.017327
 20400.000000 9.881398 1.548940 3.008544
 20403.000000 9.911902 1.527477 3.024495
 20406.000000 9.902741 1.539130 3.006188
 20409.000000 9.972736 1.556520 3.044804
 20412.000000 9.938954 1.542790 3.038709
 20415.000000 9.976894 1.521096 3.027529
 20418.000000 9.968188 1.534697 3.006382
 20421.000000 9.925001 1.524289 2.971941
 20424.000000 9.997910 1.543448 2.974258
 20427.000000 10.012754 1.571705 2.927845
 20430.000000 9.971898 1.584749 2.967366
 20433.000000 9.951547 1.574648 2.964313
 20436.000000 9.970284 1.590596 2.970869
 20439.000000 9.944986 1.577581 2.961691
 20442.000000 9.952832 1.561356 2.990913
 20445.000000 9.885031 1.557633 2.982354
 20448.000000 9.924012 1.542597 2.989438
 20451.000000 9.860605 1.544214 2.977141
 20454.000000 9.893471 1.558597 2.981488
 20457.000000 9.942010 1.583183 3.006953
 20460.000000 9.856670 1.597547 3.019368
 20463.000000 9.783640 1.591966 3.053506
 20466.000000 9.873380 1.559099 2.998587
 20469.000000 9.820051 1.564170 3.008947
 20472.000000 9.917728 1.561533 3.030461
 20475.000000 9.907088 1.588003 2.998075
 20478.000000 9.895554 1.571942 3.004387
 20481.000000 9.855487 1.575880 3.010864
 20484.000000 9.875332 1.552970 2.977692
 20487.000000 9.776240 1.579100 3.005579
 20490.000000 9.762901 1.578038 3.014315
 20493.000000 9.762339 1.552950 3.001334
 20496.000000 9.746798 1.570134 2.970044
 20499.000000 9.746809 1.558644 3.013977
 20502.000000 9.763672 1.563066 2.994633
 20505.000000 9.768450 1.566538 2.974707
 20508.000000 9.773810 1.556976 2.957823
 20511.000000 9.837094 1.560916 3.037304
 20514.000000 9.819639 1.572364 3.003829
 20517.000000 9.805768 1.555304 2.993623
 20520.000000 9.890582 1.582317 2.958806
 20523.000000 9.829729 1.576817 2.978123
 20526.000000 9.882900 1.580093 3.007381
 20529.000000 9.864626 1.567171 3.017553
 20532.000000 9.856115 1.594950 2.965114
 20535.000000 9.831339 1.547717 2.997015
 20538.000000 9.923048 1.538097 2.967899
 20541.000000 9.877791 1.553152 2.952522
 20544.000000 9.877067 1.523691 3.041614
 20547.000000 9.863496 1.520899 3.003209
 20550.000000 9.809988 1.522940 3.046588
 20553.000000 9.786625 1.539362 3.013882
 20556.000000 9.791212 1.530107 3.028497
 20559.000000 9.815037 1.550466 3.026776
 20562.000000 9.863932 1.551960 3.012486
 20565.000000 9.927601 1.547350 3.018182
 20568.000000 9.980347 1.563925 3.011311
 20571.000000 9.927427 1.559486 3.045920
 20574.000000 9.860095 1.558803 3.009869
 20577.000000 9.967959 1.557495 3.005977
 20580.000000 10.076113 1.532211 3.006680
 20583.000000 9.933335 1.542133 3.030878
 20586.000000 9.953940 1.550002 3.064753
 20589.000000 9.975337 1.530752 3.039443
 20592.000000 9.979388 1.532207 3.006843
 20595.000000 10.065857 1.506423 3.011128
 20598.000000 10.036887 1.536801 3.002566
 20601.000000 10.060394 1.523035 3.025540
 20604.000000 10.019384 1.539190 3.010601
 20607.000000 10.056289 1.555006 3.024664
 20610.000000 10.094325 1.542095 2.982274
 20613.000000 10.044507 1.532290 3.026193
 20616.000000 10.105772 1.511130 3.030161
 20619.000000 10.051306 1.518384 2.992379
 20622.000000 10.000441 1.531073 2.987518
 20625.000000 10.100660 1.520189 2.966105
 20628.000000 10.038157 1.531479 2.965532
 20631.000000 10.110319 1.533374 2.983501
 20634.000000 10.097158 1.540905 2.970928
 20637.000000 10.120581 1.551245 2.955818
 20640.000000 10.081912 1.553688 2.984607
 20643.000000 10.115563 1.602454 2.970935
 20646.000000 10.061968 1.560596 2.965420
 20649.000000 10.055729 1.540972 2.964759
 20652.000000 10.078576 1.527772 2.971978
 20655.000000 10.201316 1.537661 2.983886
 20658.000000 10.142496 1.508908 2.983669
 20661.000000 10.081811 1.529942 3.019245
 20664.000000 10.136420 1.544869 3.001975
 20667.000000 10.109964 1.580082 3.018947
 20670.000000 10.199509 1.547640 2.996928
 20673.000000 10.169196 1.557548 3.028913
 20676.000000 10.104121 1.556736 3.027890
 20679.000000 10.086511 1.562642 3.022500
 20682.000000 10.083899 1.539099 3.030266
 20685.000000 9.987776 1.535691 3.018775
 20688.000000 10.030161 1.539547 3.008924
 20691.000000 10.044917 1.557343 3.018269
 20694.000000 10.070771 1.571667 3.012410
 20697.000000 9.975855 1.566619 3.031913
 20700.000000 9.957542 1.593203 3.025248
 20703.000000 9.942792 1.571576 3.005394
 20706.000000 9.958647 1.539596 2.999844
 20709.000000 10.040057 1.568381 3.001722
 20712.000000 9.969637 1.566830 3.019005
 20715.000000 9.966068 1.581555 2.997257
 20718.000000 9.903400 1.569353 2.988725
 20721.000000 9.959428 1.551223 2.963227
 20724.000000 9.945260 1.585468 3.012784
 20727.000000 9.932357 1.581193 2.989505
 20730.000000 9.959892 1.575024 2.988926
 20733.000000 10.041971 1.580489 3.008318
 20736.000000 10.016199 1.582888 2.990511
 20739.000000 9.979978 1.573423 3.003082
 20742.000000 10.091595 1.600794 2.996754
 20745.000000 10.049094 1.575146 3.024381
 20748.000000 10.040282 1.580477 2.991717
 20751.000000 10.040737 1.582033 3.021496
 20754.000000 10.019580 1.564984 3.026654
 20757.000000 10.016861 1.559160 3.044805
 20760.000000 9.998574 1.554818 3.052987
 20763.000000 9.979290 1.544838 3.011782
 20766.000000 9.954626 1.512045 3.013910
 20769.000000 9.962033 1.514540 3.016887
 20772.000000 10.031577 1.521087 3.024370
 20775.000000 10.023416 1.519038 2.978032
 20778.000000 10.002781 1.499325 2.978523
 20781.000000 10.149986 1.539378 2.972837
 20784.000000 10.093329 1.538333 2.989518
 20787.000000 10.115624 1.554622 2.997974
 20790.000000 10.151620 1.562382 3.040527
 20793.000000 10.111221 1.570861 3.057451
 20796.000000 10.111709 1.586962 3.033454
 20799.000000 10.123054 1.575381 3.024021
 20802.000000 10.084214 1.567836 3.002856
 20805.000000 10.198662 1.539276 3.007510
 20808.000000 10.124503 1.539238 3.004273
 20811.000000 10.150847 1.556551 2.960859
 20814.000000 10.139070 1.563672 2.987804
 20817.000000 10.144772 1.547538 2.991203
 20820.000000 10.182420 1.566082 2.952100
 20823.000000 10.138795 1.580672 2.982526
 20826.000000 10.125812 1.558404 2.979907
 20829.000000 10.140505 1.577564 3.015184
 20832.000000 10.198877 1.606899 3.018463
 20835.000000 10.137017 1.617714 3.009834
 20838.000000 10.116110 1.599464 3.002506
 20841.000000 10.116938 1.601624 2.962754
 20844.000000 10.062189 1.604031 2.975408
 20847.000000 10.034634 1.595983 2.941005
 20850.000000 10.050685 1.547239 2.988533
 20853.000000 10.102988 1.560899 2.998768
 20856.000000 10.087913 1.581471 3.001937
 20859.000000 10.074552 1.583649 3.012655
 20862.000000 10.017031 1.619904 2.971957
 20865.000000 9.991759 1.589616 2.991331
 20868.000000 9.995981 1.597713 2.958573
 20871.000000 9.921434 1.590974 2.977459
 20874.000000 10.001962 1.602090 2.953276
 20877.000000 9.999857 1.619317 2.956802
 20880.000000 9.983224 1.596924 2.967062
 20883.000000 9.969574 1.626328 2.960590
 20886.000000 9.935740 1.607605 2.992743
 20889.000000 9.935783 1.572301 2.975256
 20892.000000 9.949098 1.582743 3.007601
 20895.000000 9.913045 1.599339 2.978264
 20898.000000 9.954088 1.582060 2.966706
 20901.000000 9.894896 1.624023 2.993308
 20904.000000 9.927052 1.616135 3.009822
 20907.000000 9.944119 1.621084 2.952631
 20910.000000 9.963829 1.583723 2.931561
 20913.000000 10.022871 1.617040 2.945998
 20916.000000 10.057945 1.625483 2.920661
 20919.000000 10.066677 1.601035 2.929751
 20922.000000 9.956994 1.591563 2.960739
 20925.000000 10.005426 1.621079 2.944680
 20928.000000 10.074738 1.622303 2.953593
 20931.000000 10.026269 1.612386 2.941379
 20934.000000 10.016115 1.606746 2.944019
 20937.000000 10.030418 1.599770 2.954676
 20940.000000 10.048247 1.602954 2.974467
 20943.000000 10.075787 1.605772 2.971856
 20946.000000 10.029750 1.612428 2.952162
 20949.000000 10.022290 1.621547 2.943020
 20952.000000 10.053417 1.625913 2.952323
 20955.000000 10.044712 1.591612 2.968697
 20958.000000 9.988323 1.577895 3.006838
 20961.000000 9.992558 1.555255 3.061667
 20964.000000 9.951564 1.552938 3.023754
 20967.000000 9.930831 1.560255 3.044338
 20970.000000 9.939277 1.572266 3.058742
 20973.000000 10.007554 1.551264 3.026480
 20976.000000 10.018432 1.544698 3.007825
 20979.000000 9.915190 1.535678 3.001418
 20982.000000 9.885721 1.534768 3.013865
 20985.000000 9.909059 1.547750 3.042268
 20988.000000 9.967535 1.556426 3.018084
 20991.000000 9.883359 1.541380 3.005118
 20994.000000 9.946605 1.517042 3.006701
 20997.000000 9.898718 1.521739 2.984010
 21000.000000 9.991513 1.501850 3.022693
