#! FIELDS time dmid theta gamma
 0.000000 12.974058 1.568319 3.006399
 3.000000 12.845465 1.568990 2.976182
 6.000000 12.788336 1.583197 2.966181
 9.000000 13.093777 1.578015 2.974544
 12.000000 12.820557 1.562038 2.993588
 15.000000 12.970161 1.549485 2.994710
 18.000000 13.058309 1.568968 2.971948
 21.000000 12.840228 1.543686 2.975455
 24.000000 13.003853 1.522194 3.035734
 27.000000 12.930198 1.513989 2.999947
 30.000000 12.843759 1.513708 2.977163
 33.000000 12.927290 1.520161 2.974326
 36.000000 12.866178 1.523985 2.986768
 39.000000 12.873276 1.511079 2.991178
 42.000000 12.813328 1.521641 2.960349
 45.000000 12.877329 1.516563 2.965858
 48.000000 12.917168 1.545270 2.927285
 51.000000 12.967466 1.529618 2.938644
 54.000000 12.975425 1.526902 2.960680
 57.000000 13.048003 1.551777 2.967395
 60.000000 12.941881 1.564328 2.946910
 63.000000 12.937219 1.553819 2.937052
 66.000000 12.954199 1.558411 2.939826
 69.000000 12.896358 1.557400 2.963906
 72.000000 12.875648 1.548412 2.953096
 75.000000 12.931655 1.563989 2.961815
 78.000000 12.871790 1.534731 2.983740
 81.000000 12.810046 1.543621 2.975699
 84.000000 12.887996 1.555069 2.968911
 87.000000 12.838019 1.520286 3.009560
 90.000000 12.893892 1.514244 2.958283
 93.000000 12.861614 1.516201 2.966271
 96.000000 12.939373 1.535967 2.964035
 99.000000 12.909712 1.553179 2.915292
 102.000000 12.921727 1.568466 2.916985
 105.000000 13.051750 1.551796 2.919666
 108.000000 13.036536 1.540500 2.942400
 111.000000 13.047091 1.536709 2.945404
 114.000000 12.947136 1.551343 2.930035
 117.000000 12.909809 1.525021 2.977981
 120.000000 12.879935 1.499335 2.948179
 123.000000 12.892460 1.532360 2.942547
 126.000000 12.943724 1.540178 2.927707
 129.000000 12.857862 1.543811 2.952576
 132.000000 12.936228 1.535110 2.954684
 135.000000 12.865059 1.542361 2.951496
 138.000000 12.931999 1.508429 2.958824
 141.000000 12.890998 1.520591 2.912311
 144.000000 12.905150 1.499084 2.962729
 147.000000 12.966301 1.536414 2.922078
 150.000000 12.890770 1.492869 2.962127
 153.000000 12.866316 1.524218 2.955243
 156.000000 12.843680 1.516518 2.954597
 159.000000 12.825361 1.531162 2.941418
 162.000000 12.818602 1.510306 2.943457
 165.000000 12.866309 1.503983 2.940278
 168.000000 12.843715 1.531346 2.960372
 171.000000 12.823694 1.521707 2.977788
 174.000000 12.776416 1.515347 2.966139
 177.000000 12.892614 1.539141 2.912122
 180.000000 12.920604 1.532121 2.923975
 183.000000 12.938142 1.542205 2.937943
 186.000000 12.966111 1.530300 2.972855
 189.000000 12.968314 1.536564 2.941206
 192.000000 12.986784 1.531315 2.929603
 195.000000 12.900480 1.531280 2.922751
 198.000000 12.865524 1.511376 2.949813
 201.000000 12.918385 1.498745 2.943119
 204.000000 12.949389 1.511408 2.953820
 207.000000 12.938294 1.512437 2.964589
 210.000000 12.982496 1.508524 2.976570
 213.000000 12.951329 1.520913 2.931849
 216.000000 12.971040 1.520017 2.937379
 219.000000 12.943605 1.539435 2.930809
 222.000000 12.891233 1.527488 2.882298
 225.000000 12.911048 1.551962 2.874611
 228.000000 12.905526 1.551344 2.896342
 231.000000 12.939256 1.546830 2.919117
 234.000000 12.965971 1.568878 2.891553
 237.000000 12.868968 1.566463 2.898244
 240.000000 12.942984 1.586204 2.923575
 243.000000 12.950131 1.570532 2.955757
 246.000000 12.900994 1.558831 2.941925
 249.000000 12.940685 1.547444 2.927721
 252.000000 12.834648 1.568904 2.910174
 255.000000 12.830289 1.574615 2.910355
 258.000000 12.859279 1.574626 2.919819
 261.000000 12.849887 1.562390 2.912337
 264.000000 12.803506 1.556725 2.932970
 267.000000 12.818667 1.557340 2.942856
 270.000000 12.811355 1.534800 2.963358
 273.000000 12.855525 1.551422 2.944616
 276.000000 12.832890 1.551894 2.932097
 279.000000 12.852666 1.576191 2.951467
 282.000000 12.878543 1.582955 2.936073
 285.000000 12.805589 1.559515 2.966584
 288.000000 12.844667 1.566736 2.948482
 291.000000 12.821261 1.539357 2.977452
 294.000000 12.702367 1.518619 2.994272
 297.000000 12.744013 1.555119 2.974127
 300.000000 12.773726 1.559014 2.961476
 303.000000 12.692473 1.562579 2.977939
 306.000000 12.784218 1.563139 2.965798
 309.000000 12.748527 1.569509 2.958338
 312.000000 12.749338 1.543206 2.977746
 315.000000 12.700268 1.562744 2.963949
 318.000000 12.677513 1.550836 2.974729
 321.000000 12.703136 1.542002 2.961564
 324.000000 12.726584 1.558678 2.997276
 327.000000 12.689446 1.573211 2.984228
 330.000000 12.737807 1.525834 2.985201
 333.000000 12.759733 1.527809 2.983652
 336.000000 12.729188 1.547256 2.961789
 339.000000 12.716025 1.556683 2.945689
 342.000000 12.805281 1.557277 2.950153
 345.000000 12.819844 1.565386 2.938168
 348.000000 12.853992 1.563863 2.941597
 351.000000 12.867305 1.581919 2.947678
 354.000000 12.826400 1.590173 2.932800
 357.000000 12.726726 1.574017 2.982040
 360.000000 12.742432 1.551819 2.986296
 363.000000 12.710788 1.566340 2.990231
 366.000000 12.691714 1.537167 2.994504
 369.000000 12.688955 1.556653 2.998600
 372.000000 12.649467 1.556992 2.973755
 375.000000 12.735282 1.529405 2.998314
 378.000000 12.825614 1.547384 3.019703
 381.000000 12.806922 1.531705 3.000882
 384.000000 12.789403 1.537604 2.989659
 387.000000 12.768269 1.536011 3.000831
 390.000000 12.758780 1.538039 2.999913
 393.000000 12.841040 1.540510 2.999368
 396.000000 12.862295 1.535458 2.965866
 399.000000 12.847426 1.549241 2.973138
 402.000000 12.817100 1.553257 2.981762
 405.000000 12.830639 1.556895 2.982217
 408.000000 12.864842 1.564976 2.996599
 411.000000 12.828695 1.572212 2.991831
 414.000000 12.767226 1.560812 2.972735
 417.000000 12.742621 1.569645 2.962621
 420.000000 12.751912 1.565184 2.933748
 423.000000 12.752609 1.567486 2.924515
 426.000000 12.703373 1.574661 2.940654
 429.000000 12.712794 1.587576 2.913024
 432.000000 12.676891 1.567218 2.960097
 435.000000 12.645948 1.551952 2.982505
 438.000000 12.702039 1.528641 3.006391
 441.000000 12.708956 1.524839 2.995108
 444.000000 12.611264 1.530123 2.998352
 447.000000 12.651509 1.525612 2.963570
 450.000000 12.749481 1.533002 2.978264
 453.000000 12.660811 1.530171 2.973879
 456.000000 12.704430 1.520651 3.004010
 459.000000 12.704457 1.508493 2.981556
 462.000000 12.711916 1.508482 2.975656
 465.000000 12.733650 1.502198 2.971864
 468.000000 12.782692 1.497900 3.007135
 471.000000 12.716540 1.513454 2.970348
 474.000000 12.760844 1.504694 3.010907
 477.000000 12.744812 1.535410 2.932011
 480.000000 12.737709 1.521363 2.964871
 483.000000 12.754524 1.545099 2.894016
 486.000000 12.860350 1.545821 2.891129
 489.000000 12.847233 1.541860 2.921033
 492.000000 12.856169 1.548530 2.878589
 495.000000 12.827420 1.533100 2.918498
 498.000000 12.804326 1.520245 2.933858
 501.000000 12.842504 1.500571 2.927782
 504.000000 12.915522 1.526678 2.891791
 507.000000 12.924120 1.523663 2.901178
 510.000000 12.846194 1.519536 2.905823
 513.000000 12.873200 1.534457 2.881951
 516.000000 12.810083 1.561362 2.865919
 519.000000 12.843943 1.532640 2.899505
 522.000000 12.904602 1.530715 2.899719
 525.000000 12.859353 1.515238 2.918592
 528.000000 12.831000 1.507236 2.889992
 531.000000 12.833225 1.527484 2.884602
 534.000000 12.767241 1.527618 2.910737
 537.000000 12.718295 1.544809 2.884311
 540.000000 12.715071 1.544200 2.882091
 543.000000 12.778029 1.552286 2.894105
 546.000000 12.781814 1.580647 2.890777
 549.000000 12.812404 1.561494 2.907388
 552.000000 12.839191 1.544987 2.894601
 555.000000 12.809157 1.554646 2.865624
 558.000000 12.820622 1.545373 2.885488
 561.000000 12.865579 1.531109 2.907096
 564.000000 12.904673 1.527173 2.918723
 567.000000 12.771565 1.541188 2.903198
 570.000000 12.753474 1.540308 2.904654
 573.000000 12.802019 1.536413 2.903407
 576.000000 12.790883 1.552042 2.910365
 579.000000 12.818885 1.553540 2.894975
 582.000000 12.774852 1.559267 2.922729
 585.000000 12.907250 1.576888 2.911846
 588.000000 12.823475 1.560222 2.919286
 591.000000 12.742233 1.526300 2.952261
 594.000000 12.817956 1.530832 2.956783
 597.000000 12.920594 1.544313 2.943226
 600.000000 12.801260 1.563922 2.940316
 603.000000 12.781039 1.561183 2.943512
 606.000000 12.842862 1.587151 2.932680
 609.000000 12.825272 1.584867 2.944705
 612.000000 12.787625 1.587325 2.919510
 615.000000 12.802724 1.580578 2.892309
 618.000000 12.770044 1.585756 2.928129
 621.000000 12.787054 1.596659 2.912722
 624.000000 12.845732 1.600998 2.904284
 627.000000 12.851913 1.585431 2.923768
 630.000000 12.835621 1.575047 2.923883
 633.000000 12.870331 1.618117 2.897260
 636.000000 12.960177 1.576842 2.912094
 639.000000 12.857601 1.595743 2.885886
 642.000000 12.852573 1.604374 2.885421
 645.000000 12.842713 1.590438 2.905984
 648.000000 12.857680 1.611560 2.864266
 651.000000 12.957885 1.601077 2.888985
 654.000000 12.894679 1.605586 2.861320
 657.000000 12.876999 1.593180 2.886615
 660.000000 12.893333 1.581480 2.891605
 663.000000 12.889510 1.573387 2.912742
 666.000000 12.833736 1.550895 2.879646
 669.000000 12.936071 1.566883 2.904743
 672.000000 12.911931 1.577305 2.876725
 675.000000 12.957157 1.556610 2.927904
 678.000000 12.959452 1.553731 2.922830
 681.000000 12.857186 1.548140 2.912279
 684.000000 12.852520 1.553676 2.901259
 687.000000 12.928000 1.581426 2.910487
 690.000000 13.006535 1.595115 2.896178
 693.000000 12.934650 1.585758 2.904501
 696.000000 12.907847 1.561226 2.905719
 699.000000 12.927485 1.571518 2.927249
 702.000000 12.881364 1.562354 2.922403
 705.000000 12.867874 1.562021 2.909309
 708.000000 12.900798 1.510122 2.972159
 711.000000 12.808771 1.536740 2.949479
 714.000000 12.832629 1.532563 2.943189
 717.000000 12.916348 1.557545 2.956724
 720.000000 12.839727 1.576171 2.944280
 723.000000 12.845266 1.578182 2.948750
 726.000000 12.913869 1.561803 2.974834
 729.000000 12.961590 1.530152 2.988696
 732.000000 12.970671 1.538610 2.974261
 735.000000 12.875546 1.559004 2.937050
 738.000000 12.850083 1.555093 2.963819
 741.000000 12.895895 1.571236 2.901736
 744.000000 12.844769 1.547784 2.943556
 747.000000 12.875093 1.572470 2.939744
 750.000000 12.970400 1.560418 2.937881
 753.000000 12.979618 1.566262 2.925276
 756.000000 12.946805 1.539139 2.956277
 759.000000 12.902292 1.534616 2.981836
 762.000000 12.896104 1.561771 2.980222
 765.000000 12.927406 1.573495 2.959262
 768.000000 12.924401 1.566498 2.969279
 771.000000 12.909233 1.561781 2.967944
 774.000000 12.910580 1.548829 2.971943
 777.000000 12.989406 1.545828 2.995177
 780.000000 12.934760 1.571245 2.969568
 783.000000 12.916432 1.538201 3.010233
 786.000000 12.867877 1.559868 2.985283
 789.000000 12.863090 1.573572 2.988916
 792.000000 12.939089 1.582785 2.976111
 795.000000 12.903571 1.574884 2.976940
 798.000000 12.888631 1.561297 2.963968
 801.000000 12.882837 1.581342 2.977302
 804.000000 12.874804 1.565442 2.962880
 807.000000 12.813285 1.543613 3.015925
 810.000000 12.855505 1.554062 2.993942
 813.000000 12.848707 1.571074 2.973591
 816.000000 12.840475 1.540557 3.028983
 819.000000 12.901773 1.548793 3.005877
 822.000000 12.854258 1.558613 2.966929
 825.000000 12.831766 1.546791 2.965325
 828.000000 12.829232 1.603368 2.953903
 831.000000 12.759862 1.582623 2.968537
 834.000000 12.847512 1.561110 3.016620
 837.000000 12.849379 1.573775 2.992618
 840.000000 12.793899 1.576208 2.984198
 843.000000 12.777036 1.578812 3.010709
 846.000000 12.766592 1.568522 3.015591
 849.000000 12.814722 1.564588 2.983877
 852.000000 12.831634 1.570800 3.026967
 855.000000 12.792180 1.563405 3.035852
 858.000000 12.795718 1.580000 3.044061
 861.000000 12.832570 1.557865 3.024523
 864.000000 12.842932 1.574975 2.984250
 867.000000 12.803149 1.551019 3.027215
 870.000000 12.786143 1.571241 3.000818
 873.000000 12.832623 1.562509 2.985204
 876.000000 12.880666 1.602840 2.937115
 879.000000 12.888061 1.598819 2.953652
 882.000000 12.817289 1.588852 2.974045
 885.000000 12.795722 1.578598 3.001910
 888.000000 12.785038 1.593502 2.983869
 891.000000 12.781111 1.588736 2.976314
 894.000000 12.801339 1.573881 3.001080
 897.000000 12.838290 1.580095 3.013201
 900.000000 12.816745 1.582297 2.977220
 903.000000 12.790755 1.586419 2.949027
 906.000000 12.901281 1.560000 2.983359
 909.000000 12.785915 1.551442 2.984893
 912.000000 12.775114 1.571910 2.988316
 915.000000 12.706733 1.553375 2.979509
 918.000000 12.720894 1.543812 2.983448
 921.000000 12.712576 1.556826 2.973915
 924.000000 12.672479 1.538278 2.995438
 927.000000 12.693801 1.530540 3.006880
 930.000000 12.750197 1.508727 3.024477
 933.000000 12.723847 1.524191 2.982103
 936.000000 12.586215 1.505686 2.994612
 939.000000 12.580014 1.516613 2.980521
 942.000000 12.593862 1.544891 2.967375
 945.000000 12.614707 1.551783 2.993048
 948.000000 12.591379 1.550311 2.990831
 951.000000 12.596978 1.520821 2.996333
 954.000000 12.633594 1.511282 2.987835
 957.000000 12.598112 1.493680 3.003879
 960.000000 12.658618 1.501984 2.975259
 963.000000 12.669772 1.498898 2.981845
 966.000000 12.625702 1.492413 2.995559
 969.000000 12.630531 1.498823 2.967391
 972.000000 12.596504 1.497821 2.931214
 975.000000 12.558671 1.494171 2.959576
 978.000000 12.608586 1.512904 2.982840
 981.000000 12.579875 1.524736 2.949571
 984.000000 12.634176 1.506491 2.958407
 987.000000 12.669892 1.506650 2.951943
 990.000000 12.721838 1.521301 2.961096
 993.000000 12.732700 1.490180 2.956025
 996.000000 12.700002 1.514739 2.974579
 999.000000 12.722565 1.516067 2.985463
 1002.000000 12.658396 1.505763 2.969729
 1005.000000 12.612543 1.485982 2.963150
 1008.000000 12.687976 1.498981 2.974389
 1011.000000 12.723564 1.477360 2.969864
 1014.000000 12.728377 1.496287 2.988436
 1017.000000 12.685819 1.492071 3.026473
 1020.000000 12.784226 1.505708 3.026802
 1023.000000 12.815648 1.493791 3.031290
 1026.000000 12.765368 1.509910 3.016379
 1029.000000 12.728894 1.489352 2.985816
 1032.000000 12.671045 1.494843 2.958301
 1035.000000 12.645787 1.494877 2.999668
 1038.000000 12.660040 1.514735 3.006406
 1041.000000 12.640334 1.490300 3.008635
 1044.000000 12.689610 1.515090 3.024389
 1047.000000 12.677168 1.546111 2.968801
 1050.000000 12.685928 1.539143 2.999808
 1053.000000 12.655199 1.526017 2.978607
 1056.000000 12.582283 1.534804 2.995742
 1059.000000 12.672524 1.546788 2.991783
 1062.000000 12.751429 1.522230 2.941028
 1065.000000 12.809817 1.504793 2.955612
 1068.000000 12.799771 1.492130 2.935430
 1071.000000 12.796999 1.518945 2.948515
 1074.000000 12.875634 1.516717 3.001175
 1077.000000 12.909441 1.525663 2.955705
 1080.000000 12.870938 1.512010 2.968883
 1083.000000 12.887249 1.511468 2.946125
 1086.000000 12.883383 1.518905 2.950276
 1089.000000 12.793694 1.505363 2.960133
 1092.000000 12.837146 1.518576 2.959600
 1095.000000 12.888325 1.510808 2.926426
 1098.000000 12.908297 1.507871 2.960004
 1101.000000 12.877217 1.492424 2.957804
 1104.000000 12.857939 1.526255 2.952598
 1107.000000 12.770382 1.521964 2.966861
 1110.000000 12.767911 1.526510 2.990246
 1113.000000 12.741049 1.533423 2.990386
 1116.000000 12.774870 1.533155 2.986321
 1119.000000 12.738293 1.500206 2.964893
 1122.000000 12.737178 1.531105 2.982254
 1125.000000 12.756766 1.544036 2.960039
 1128.000000 12.754708 1.529493 2.984662
 1131.000000 12.808619 1.545374 2.984766
 1134.000000 12.767682 1.537941 2.985734
 1137.000000 12.855426 1.555123 2.995102
 1140.000000 12.874750 1.552452 2.979749
 1143.000000 12.801814 1.545382 2.981565
 1146.000000 12.736261 1.542558 2.979900
 1149.000000 12.751811 1.569897 2.971351
 1152.000000 12.718256 1.583779 2.957341
 1155.000000 12.772809 1.589122 2.981781
 1158.000000 12.783268 1.596369 2.956350
 1161.000000 12.751767 1.579836 2.968868
 1164.000000 12.762680 1.585839 2.951788
 1167.000000 12.737361 1.591353 2.946186
 1170.000000 12.756217 1.569323 2.977113
 1173.000000 12.785517 1.573319 2.965960
 1176.000000 12.816925 1.572476 2.959783
 1179.000000 12.796336 1.559642 2.959825
 1182.000000 12.838918 1.574715 2.950162
 1185.000000 12.861774 1.554134 2.971486
 1188.000000 12.744029 1.566986 2.953272
 1191.000000 12.791927 1.575236 2.954130
 1194.000000 12.829167 1.569918 2.940462
 1197.000000 12.875849 1.553867 2.958289
 1200.000000 12.804753 1.540043 2.965133
 1203.000000 12.785396 1.540548 2.980292
 1206.000000 12.839170 1.546657 2.990271
 1209.000000 12.835954 1.576410 2.977642
 1212.000000 12.837945 1.565860 2.995833
 1215.000000 12.802309 1.566109 2.967732
 1218.000000 12.841009 1.563882 2.990894
 1221.000000 12.818714 1.527302 2.975453
 1224.000000 12.896822 1.526546 2.973244
 1227.000000 12.974934 1.512763 2.993284
 1230.000000 13.037802 1.527277 2.972034
 1233.000000 13.023245 1.534417 3.001985
 1236.000000 13.033643 1.536052 2.960380
 1239.000000 13.066571 1.538213 2.990164
 1242.000000 13.065167 1.510102 2.998315
 1245.000000 13.120356 1.531235 2.963227
 1248.000000 13.052922 1.526746 2.975551
 1251.000000 13.099638 1.542958 2.961590
 1254.000000 13.102316 1.554815 2.981892
 1257.000000 13.002973 1.546828 2.990705
 1260.000000 13.004761 1.537961 3.026872
 1263.000000 13.030748 1.525547 2.996005
 1266.000000 12.988506 1.524633 2.985008
 1269.000000 13.010208 1.503957 3.028237
 1272.000000 13.054312 1.498136 2.991529
 1275.000000 13.077231 1.506825 2.970265
 1278.000000 13.107444 1.493360 2.947728
 1281.000000 13.053984 1.500937 2.978016
 1284.000000 13.065846 1.476597 2.964637
 1287.000000 13.069723 1.489132 2.970093
 1290.000000 13.029167 1.496045 2.954512
 1293.000000 13.060184 1.471315 2.920948
 1296.000000 12.969803 1.458769 2.966465
 1299.000000 12.988981 1.468604 2.954432
 1302.000000 13.029797 1.489375 2.984189
 1305.000000 12.945681 1.496497 2.996485
 1308.000000 12.876359 1.496420 2.970414
 1311.000000 12.971431 1.520417 2.985949
 1314.000000 12.954096 1.541615 2.985388
 1317.000000 12.925202 1.533540 2.988110
 1320.000000 12.902471 1.525742 2.970291
 1323.000000 12.829242 1.497548 3.005051
 1326.000000 12.867553 1.505345 2.935191
 1329.000000 12.904664 1.511635 2.948998
 1332.000000 12.921843 1.523849 2.961234
 1335.000000 12.893602 1.470377 3.006471
 1338.000000 12.889290 1.494920 2.993623
 1341.000000 12.876430 1.475156 3.014181
 1344.000000 12.927131 1.507600 3.008162
 1347.000000 12.919666 1.512790 3.002984
 1350.000000 12.890105 1.483452 3.019556
 1353.000000 12.984056 1.522397 2.986803
 1356.000000 12.904830 1.515875 3.038156
 1359.000000 12.820670 1.521482 2.992167
 1362.000000 12.820248 1.503972 2.990814
 1365.000000 12.738602 1.513914 2.997308
 1368.000000 12.749230 1.512343 2.982523
 1371.000000 12.787480 1.497843 3.011985
 1374.000000 12.740525 1.497581 3.002387
 1377.000000 12.767058 1.489326 3.014207
 1380.000000 12.776575 1.506351 3.025417
 1383.000000 12.776621 1.514025 3.010804
 1386.000000 12.771353 1.511007 3.019985
 1389.000000 12.782033 1.514047 3.010621
 1392.000000 12.822792 1.525850 2.999228
 1395.000000 12.837977 1.514312 3.009076
 1398.000000 12.871215 1.527463 3.016758
 1401.000000 12.807126 1.537867 3.021024
 1404.000000 12.743953 1.528470 3.029695
 1407.000000 12.736352 1.513975 3.006224
 1410.000000 12.766221 1.513973 3.016706
 1413.000000 12.805945 1.510311 3.018262
 1416.000000 12.730223 1.508125 2.993499
 1419.000000 12.690357 1.520821 3.033418
 1422.000000 12.750652 1.530681 3.033082
 1425.000000 12.701440 1.525538 2.992473
 1428.000000 12.681468 1.539578 3.007043
 1431.000000 12.564961 1.560426 2.979104
 1434.000000 12.599730 1.557238 3.011364
 1437.000000 12.566004 1.549008 3.024914
 1440.000000 12.644847 1.554080 3.010567
 1443.000000 12.590620 1.567121 3.001052
 1446.000000 12.554686 1.557877 3.003951
 1449.000000 12.534915 1.573698 2.966418
 1452.000000 12.582060 1.586102 3.017724
 1455.000000 12.603101 1.563862 2.982350
 1458.000000 12.667706 1.557084 2.996702
 1461.000000 12.655339 1.556157 3.010872
 1464.000000 12.698324 1.570149 2.990317
 1467.000000 12.800846 1.571438 3.030974
 1470.000000 12.787765 1.574281 2.998753
 1473.000000 12.736880 1.539188 3.029281
 1476.000000 12.767358 1.534488 2.995778
 1479.000000 12.812432 1.562004 2.980495
 1482.000000 12.823420 1.557810 2.984175
 1485.000000 12.780185 1.580358 2.982523
 1488.000000 12.798631 1.570096 2.978119
 1491.000000 12.796721 1.536734 2.999508
 1494.000000 12.785568 1.570599 3.037567
 1497.000000 12.821176 1.564668 2.982580
 1500.000000 12.758823 1.578679 2.974752
 1503.000000 12.787084 1.572156 2.986719
 1506.000000 12.735955 1.564545 2.975694
 1509.000000 12.757405 1.578636 2.987275
 1512.000000 12.751326 1.577378 2.981515
 1515.000000 12.787337 1.582721 2.995467
 1518.000000 12.766259 1.582638 2.968248
 1521.000000 12.827465 1.567038 2.939605
 1524.000000 12.788074 1.597050 2.933151
 1527.000000 12.726363 1.594880 2.933620
 1530.000000 12.770357 1.592381 2.978608
 1533.000000 12.820969 1.582135 2.972374
 1536.000000 12.780367 1.560313 2.969922
 1539.000000 12.837292 1.570050 2.985569
 1542.000000 12.759164 1.576133 2.939760
 1545.000000 12.800667 1.551501 2.974660
 1548.000000 12.875341 1.523231 3.028400
 1551.000000 12.831413 1.550605 3.016624
 1554.000000 12.772748 1.570832 2.992792
 1557.000000 12.767933 1.573228 2.950305
 1560.000000 12.783763 1.591998 2.981503
 1563.000000 12.799776 1.557836 2.989284
 1566.000000 12.899942 1.537560 2.991026
 1569.000000 12.853242 1.537871 3.005658
 1572.000000 12.920006 1.538400 2.987594
 1575.000000 12.782049 1.557948 2.980252
 1578.000000 12.879438 1.546662 2.951120
 1581.000000 12.934085 1.535113 2.967283
 1584.000000 12.934172 1.532740 2.969693
 1587.000000 12.897243 1.513881 3.017599
 1590.000000 12.899030 1.543883 3.022400
 1593.000000 12.880943 1.543687 2.973737
 1596.000000 12.874927 1.563664 3.010721
 1599.000000 12.899430 1.561288 2.974383
 1602.000000 12.930658 1.568357 2.969207
 1605.000000 12.909305 1.582553 2.979946
 1608.000000 12.931184 1.568905 2.967626
 1611.000000 12.892791 1.563268 2.970134
 1614.000000 12.834685 1.562729 2.938920
 1617.000000 12.722183 1.559933 2.923736
 1620.000000 12.686166 1.558596 2.892521
 1623.000000 12.712674 1.541452 2.958428
 1626.000000 12.758222 1.545597 2.927964
 1629.000000 12.674627 1.534675 2.929141
 1632.000000 12.680507 1.530359 2.928567
 1635.000000 12.661292 1.548000 2.913500
 1638.000000 12.656773 1.541011 2.933354
 1641.000000 12.667526 1.555994 2.919979
 1644.000000 12.729148 1.541235 2.929245
 1647.000000 12.668998 1.533416 2.944011
 1650.000000 12.674180 1.533123 2.939595
 1653.000000 12.682029 1.539701 2.925889
 1656.000000 12.689714 1.513787 3.010627
 1659.000000 12.688078 1.547909 2.974470
 1662.000000 12.629949 1.555226 2.956684
 1665.000000 12.687747 1.558315 2.943974
 1668.000000 12.776411 1.557528 3.010068
 1671.000000 12.678384 1.560350 2.985215
 1674.000000 12.758810 1.555258 2.992772
 1677.000000 12.772455 1.558898 2.974534
 1680.000000 12.823599 1.542800 2.988085
 1683.000000 12.885170 1.565382 2.976191
 1686.000000 12.803678 1.564395 2.973225
 1689.000000 12.783447 1.565578 3.006757
 1692.000000 12.842363 1.575276 2.969634
 1695.000000 12.728505 1.565320 2.955442
 1698.000000 12.755090 1.553055 2.952019
 1701.000000 12.787666 1.559823 2.953902
 1704.000000 12.781293 1.562515 2.972821
 1707.000000 12.752444 1.530582 2.959896
 1710.000000 12.819738 1.522920 2.995107
 1713.000000 12.742065 1.532159 2.972747
 1716.000000 12.720999 1.535656 2.963847
 1719.000000 12.726668 1.505246 2.997887
 1722.000000 12.747104 1.502560 2.989122
 1725.000000 12.759325 1.526284 2.963205
 1728.000000 12.856658 1.531600 2.978272
 1731.000000 12.795598 1.525052 2.990618
 1734.000000 12.854360 1.558305 2.938750
 1737.000000 12.826962 1.559458 2.973392
 1740.000000 12.870069 1.516234 2.990004
 1743.000000 12.846795 1.528186 2.975292
 1746.000000 12.848504 1.511531 2.996126
 1749.000000 12.884923 1.538381 2.926679
 1752.000000 12.784614 1.542867 2.954967
 1755.000000 12.817126 1.555408 2.934868
 1758.000000 12.829108 1.541255 2.957261
 1761.000000 12.754635 1.520852 2.948445
 1764.000000 12.808765 1.532129 2.909056
 1767.000000 12.784620 1.540368 2.973088
 1770.000000 12.744974 1.543200 2.953652
 1773.000000 12.766080 1.546412 2.958349
 1776.000000 12.755646 1.549383 2.958635
 1779.000000 12.768422 1.545635 2.980162
 1782.000000 12.758991 1.524421 2.949722
 1785.000000 12.807821 1.511556 2.997121
 1788.000000 12.888256 1.533577 2.960863
 1791.000000 12.902004 1.557839 2.970997
 1794.000000 12.919000 1.562793 2.972672
 1797.000000 12.938440 1.594224 2.960013
 1800.000000 12.772869 1.574418 2.977198
 1803.000000 12.820492 1.566244 2.963541
 1806.000000 12.828916 1.554207 2.984045
 1809.000000 12.840315 1.573483 2.987695
 1812.000000 12.834837 1.558225 3.009269
 1815.000000 12.798070 1.576666 2.990871
 1818.000000 12.804572 1.587855 3.019011
 1821.000000 12.795437 1.598594 3.000858
 1824.000000 12.776486 1.613398 2.980857
 1827.000000 12.823790 1.583197 3.016907
 1830.000000 12.821374 1.608921 2.991519
 1833.000000 12.775880 1.600097 2.993487
 1836.000000 12.795565 1.598022 3.009208
 1839.000000 12.789334 1.598508 2.977758
 1842.000000 12.806331 1.584292 3.033417
 1845.000000 12.848822 1.573569 3.032236
 1848.000000 12.879378 1.566293 3.057136
 1851.000000 12.879207 1.576112 2.991844
 1854.000000 12.852991 1.557940 2.993981
 1857.000000 12.855933 1.591506 2.975712
 1860.000000 12.826666 1.580362 3.001096
 1863.000000 12.811904 1.581953 2.972158
 1866.000000 12.776721 1.600258 2.938587
 1869.000000 12.868814 1.598941 2.964308
 1872.000000 12.881261 1.589536 2.956639
 1875.000000 12.914831 1.601073 2.951212
 1878.000000 12.889243 1.619888 2.888606
 1881.000000 12.900986 1.624385 2.920196
 1884.000000 12.895120 1.619049 2.945897
 1887.000000 12.928459 1.627668 2.943461
 1890.000000 12.844307 1.618002 2.942098
 1893.000000 12.779524 1.624418 2.924997
 1896.000000 12.831955 1.609503 2.955841
 1899.000000 12.931473 1.610219 2.977510
 1902.000000 12.960780 1.597750 2.946991
 1905.000000 12.943968 1.583085 2.985839
 1908.000000 12.913969 1.575474 2.930013
 1911.000000 12.826399 1.552332 2.929858
 1914.000000 12.850322 1.554034 2.966382
 1917.000000 12.864149 1.590005 2.953890
 1920.000000 12.860697 1.607378 2.928829
 1923.000000 12.845051 1.581956 2.944120
 1926.000000 12.833465 1.598620 2.945411
 1929.000000 12.809524 1.585777 2.947319
 1932.000000 12.810087 1.599308 2.919829
 1935.000000 12.823307 1.596994 2.960074
 1938.000000 12.795732 1.587480 2.966912
 1941.000000 12.751546 1.576895 2.997691
 1944.000000 12.809521 1.580462 2.996285
 1947.000000 12.804761 1.572793 2.996461
 1950.000000 12.882455 1.562271 2.992699
 1953.000000 12.914758 1.603477 2.975680
 1956.000000 12.897829 1.580726 2.987436
 1959.000000 12.860445 1.579728 2.958127
 1962.000000 12.897540 1.572696 2.986840
 1965.000000 12.793950 1.564063 2.991741
 1968.000000 12.811470 1.563517 2.984077
 1971.000000 12.839281 1.553579 3.006993
 1974.000000 12.818826 1.566267 2.992283
 1977.000000 12.815194 1.540609 3.054983
 1980.000000 12.737077 1.580723 3.023569
 1983.000000 12.762190 1.594487 2.997760
 1986.000000 12.816016 1.588197 3.001349
 1989.000000 12.839701 1.605823 2.953890
 1992.000000 12.805219 1.589221 3.010199
 1995.000000 12.810050 1.593827 3.000909
 1998.000000 12.840720 1.598144 3.014832
 2001.000000 12.768975 1.618614 2.991819
 2004.000000 12.732671 1.597426 3.029270
 2007.000000 12.740826 1.593372 2.994653
 2010.000000 12.752452 1.603765 3.019059
 2013.000000 12.748300 1.606954 2.998060
 2016.000000 12.785344 1.593939 2.966327
 2019.000000 12.740421 1.615099 2.915923
 2022.000000 12.806204 1.596946 2.958009
 2025.000000 12.859930 1.623860 2.900914
 2028.000000 12.886448 1.588984 2.956109
 2031.000000 12.910420 1.586122 2.925354
 2034.000000 12.910082 1.590059 2.943723
 2037.000000 12.965266 1.561353 2.986106
 2040.000000 12.881141 1.569955 2.956102
 2043.000000 12.809580 1.565283 2.946133
 2046.000000 12.852003 1.567832 2.962200
 2049.000000 12.866087 1.558544 2.955754
 2052.000000 12.867048 1.568758 2.931441
 2055.000000 12.920189 1.556254 2.954335
 2058.000000 12.869528 1.549618 2.951566
 2061.000000 12.906460 1.532047 2.975811
 2064.000000 12.962292 1.528825 2.958209
 2067.000000 13.080042 1.541181 2.952044
 2070.000000 13.068414 1.548310 2.960441
 2073.000000 13.070264 1.538167 2.957903
 2076.000000 12.986655 1.530724 2.948255
 2079.000000 12.966761 1.505299 2.975664
 2082.000000 12.960084 1.522305 3.002190
 2085.000000 12.917854 1.514237 3.014098
 2088.000000 12.851173 1.510912 2.996824
 2091.000000 12.847042 1.517552 2.958681
 2094.000000 12.868707 1.526912 2.951892
 2097.000000 12.807205 1.534683 2.938929
 2100.000000 12.838751 1.488487 3.027852
 2103.000000 12.883466 1.488110 2.983006
 2106.000000 12.952850 1.484117 3.013158
 2109.000000 12.944949 1.501235 2.965643
 2112.000000 12.954753 1.495300 2.962576
 2115.000000 12.874932 1.481170 3.008699
 2118.000000 12.910357 1.483737 3.005486
 2121.000000 12.895236 1.461048 3.007666
 2124.000000 12.859858 1.461646 3.026388
 2127.000000 12.841876 1.477419 3.014445
 2130.000000 12.903541 1.489405 2.996468
 2133.000000 12.945380 1.528350 2.973430
 2136.000000 12.951906 1.519905 3.004906
 2139.000000 12.905109 1.531191 3.005841
 2142.000000 12.928530 1.515822 3.024199
 2145.000000 12.940961 1.513356 3.008319
 2148.000000 13.033676 1.487626 3.044698
 2151.000000 12.996244 1.512269 2.991635
 2154.000000 12.994560 1.524510 2.972272
 2157.000000 12.912431 1.492517 2.978092
 2160.000000 12.921254 1.514761 2.988667
 2163.000000 12.880967 1.515861 2.975832
 2166.000000 12.900498 1.541708 2.981471
 2169.000000 12.892098 1.567497 2.953029
 2172.000000 12.921629 1.537780 2.990381
 2175.000000 12.904913 1.562709 2.940271
 2178.000000 12.949800 1.541320 2.953109
 2181.000000 12.966572 1.529031 2.992567
 2184.000000 12.901435 1.524738 3.017671
 2187.000000 12.986348 1.516083 2.978540
 2190.000000 12.937950 1.524088 2.994949
 2193.000000 13.002165 1.547848 2.990958
 2196.000000 12.948329 1.547288 2.931629
 2199.000000 13.006309 1.528799 3.013608
 2202.000000 12.986595 1.538611 3.001702
 2205.000000 12.947516 1.547130 2.959544
 2208.000000 12.876223 1.562902 2.958913
 2211.000000 12.967112 1.559692 2.941200
 2214.000000 12.914085 1.559505 2.950207
 2217.000000 12.898486 1.545832 2.975288
 2220.000000 12.937705 1.527473 3.007159
 2223.000000 12.886230 1.521055 3.043969
 2226.000000 12.928664 1.552303 3.016220
 2229.000000 12.869119 1.554296 3.011432
 2232.000000 12.830661 1.561259 3.007667
 2235.000000 12.841835 1.595659 2.990057
 2238.000000 12.797240 1.562591 3.010247
 2241.000000 12.814438 1.570673 2.974350
 2244.000000 12.757037 1.547401 2.966031
 2247.000000 12.726289 1.543654 2.980152
 2250.000000 12.769238 1.555689 2.949693
 2253.000000 12.800281 1.579029 2.966505
 2256.000000 12.850818 1.558914 2.986346
 2259.000000 12.843931 1.586868 3.003715
 2262.000000 12.838379 1.588080 2.993796
 2265.000000 12.820335 1.582630 3.018041
 2268.000000 12.813685 1.596736 2.990986
 2271.000000 12.877187 1.607936 2.992838
 2274.000000 12.847524 1.613102 2.972311
 2277.000000 12.923399 1.611181 2.990055
 2280.000000 12.979552 1.608376 3.017347
 2283.000000 12.923879 1.575570 3.042658
 2286.000000 12.935061 1.596687 2.985726
 2289.000000 12.934659 1.590937 3.015830
 2292.000000 12.949833 1.604908 2.991230
 2295.000000 13.010188 1.622560 2.956319
 2298.000000 12.997214 1.614397 2.970522
 2301.000000 13.049591 1.593817 2.996004
 2304.000000 13.000166 1.580057 3.014637
 2307.000000 13.062123 1.575225 3.061813
 2310.000000 13.025037 1.610623 2.980096
 2313.000000 13.017396 1.602385 2.997031
 2316.000000 13.063154 1.601686 2.989780
 2319.000000 13.099377 1.593361 3.002362
 2322.000000 13.020477 1.592494 2.995626
 2325.000000 12.996292 1.611617 3.023440
 2328.000000 12.980509 1.583189 3.028080
 2331.000000 13.013275 1.606746 3.011139
 2334.000000 12.957610 1.597374 2.996220
 2337.000000 13.009310 1.581803 3.023926
 2340.000000 13.033841 1.594760 2.987043
 2343.000000 13.065302 1.606016 3.010772
 2346.000000 12.984638 1.629436 3.011329
 2349.000000 13.011418 1.619381 2.966175
 2352.000000 13.030986 1.617202 2.984233
 2355.000000 13.015154 1.605751 3.018186
 2358.000000 13.074144 1.614445 3.014165
 2361.000000 13.030564 1.592129 3.068654
 2364.000000 13.028482 1.592787 3.025048
 2367.000000 12.934055 1.586116 3.027792
 2370.000000 12.931454 1.610155 2.964493
 2373.000000 12.909776 1.589873 2.981114
 2376.000000 12.941693 1.608832 2.969613
 2379.000000 12.906153 1.617736 2.981836
 2382.000000 12.930772 1.597413 3.015034
 2385.000000 12.850060 1.602859 3.034836
 2388.000000 12.918647 1.622330 2.998599
 2391.000000 12.885506 1.622380 3.040902
 2394.000000 12.887871 1.620427 3.002849
 2397.000000 12.901790 1.614196 3.020551
 2400.000000 12.902444 1.589587 3.022103
 2403.000000 12.915988 1.594182 3.039309
 2406.000000 12.956714 1.604720 3.020493
 2409.000000 12.903508 1.616815 3.020667
 2412.000000 12.893817 1.619066 3.027633
 2415.000000 12.932985 1.615384 3.017899
 2418.000000 12.921874 1.627723 2.999656
 2421.000000 12.901136 1.597829 3.000302
 2424.000000 12.880906 1.574738 3.015171
 2427.000000 12.860343 1.591624 3.007001
 2430.000000 12.833312 1.603831 2.995327
 2433.000000 12.817999 1.603284 2.996043
 2436.000000 12.797840 1.602037 2.972024
 2439.000000 12.838347 1.607329 2.999585
 2442.000000 12.831617 1.597033 2.987445
 2445.000000 12.848273 1.600728 2.984346
 2448.000000 12.902622 1.599930 2.973497
 2451.000000 12.828183 1.597143 2.969902
 2454.000000 12.816697 1.578567 2.981101
 2457.000000 12.828630 1.560472 2.947774
 2460.000000 12.845060 1.574415 2.950208
 2463.000000 12.939147 1.586403 2.945970
 2466.000000 12.942079 1.588900 2.951594
 2469.000000 12.923645 1.561459 3.003108
 2472.000000 12.833730 1.580114 2.956696
 2475.000000 12.772286 1.593668 2.996029
 2478.000000 12.786473 1.574223 2.982248
 2481.000000 12.842688 1.575256 2.954482
 2484.000000 12.767968 1.596589 2.933556
 2487.000000 12.717541 1.606968 2.953037
 2490.000000 12.697071 1.575620 2.965070
 2493.000000 12.713164 1.561023 2.991167
 2496.000000 12.724995 1.591298 2.995195
 2499.000000 12.732937 1.545942 2.993516
 2502.000000 12.852169 1.584716 3.013962
 2505.000000 12.853772 1.582457 3.045831
 2508.000000 12.897158 1.592117 3.055795
 2511.000000 12.862949 1.583518 3.052864
 2514.000000 12.879416 1.609378 3.032978
 2517.000000 12.892641 1.628988 3.041319
 2520.000000 12.957765 1.674518 2.961861
 2523.000000 12.869994 1.628445 3.018144
 2526.000000 12.907119 1.629823 2.994534
 2529.000000 12.925679 1.590878 3.010419
 2532.000000 12.919713 1.603715 3.046490
 2535.000000 12.889872 1.588031 2.996270
 2538.000000 12.914859 1.598142 2.987769
 2541.000000 12.917682 1.595067 2.983741
 2544.000000 12.957566 1.580203 3.028969
 2547.000000 12.959366 1.592834 3.022133
 2550.000000 12.844752 1.575283 3.019051
 2553.000000 12.820272 1.589876 3.013333
 2556.000000 12.835558 1.597547 3.025027
 2559.000000 12.780493 1.570638 3.010319
 2562.000000 12.789170 1.552610 3.009262
 2565.000000 12.752726 1.549665 3.011693
 2568.000000 12.894693 1.583375 3.070392
 2571.000000 12.890581 1.570510 3.054592
 2574.000000 12.921069 1.589042 3.052815
 2577.000000 12.901979 1.590478 3.010832
 2580.000000 12.950180 1.619898 3.017274
 2583.000000 12.870350 1.596334 2.997541
 2586.000000 12.931089 1.609735 3.024193
 2589.000000 12.954320 1.592194 3.002634
 2592.000000 13.004128 1.617248 2.980930
 2595.000000 13.001923 1.601056 2.995102
 2598.000000 13.016204 1.607794 3.044886
 2601.000000 13.082453 1.613756 2.994136
 2604.000000 13.025032 1.583872 2.964257
 2607.000000 13.043513 1.593160 2.987403
 2610.000000 13.036519 1.570967 2.966162
 2613.000000 13.051741 1.550415 2.952648
 2616.000000 13.021595 1.576457 2.970050
 2619.000000 12.960711 1.569718 2.953950
 2622.000000 12.914653 1.541295 2.980651
 2625.000000 12.917155 1.547805 3.001462
 2628.000000 12.970481 1.547714 3.030899
 2631.000000 12.944106 1.567375 3.026551
 2634.000000 12.847248 1.554447 3.024515
 2637.000000 12.832008 1.562550 2.976086
 2640.000000 12.882964 1.563756 2.948452
 2643.000000 12.912128 1.565837 2.965296
 2646.000000 12.912195 1.588280 2.975742
 2649.000000 12.920709 1.574021 2.974094
 2652.000000 12.924799 1.569392 2.946513
 2655.000000 12.951205 1.566982 2.959982
 2658.000000 13.036590 1.583382 2.972960
 2661.000000 13.077911 1.580691 2.994496
 2664.000000 13.124354 1.563871 2.975751
 2667.000000 13.131121 1.533737 3.010720
 2670.000000 13.103686 1.554697 2.990518
 2673.000000 13.109110 1.545421 2.998029
 2676.000000 13.039642 1.563515 3.022401
 2679.000000 13.071377 1.562546 2.976345
 2682.000000 13.029787 1.584954 3.004040
 2685.000000 12.982726 1.552318 2.942937
 2688.000000 13.019397 1.584993 2.975117
 2691.000000 12.987555 1.587953 2.976467
 2694.000000 13.020555 1.594172 2.938576
 2697.000000 12.929855 1.586552 2.929979
 2700.000000 12.897095 1.556054 2.980101
 2703.000000 12.882163 1.552943 2.994562
 2706.000000 12.930391 1.580603 2.955733
 2709.000000 12.851636 1.539130 2.985416
 2712.000000 12.875036 1.553201 3.045082
 2715.000000 12.908437 1.545594 3.042938
 2718.000000 12.952618 1.573932 3.012115
 2721.000000 12.940529 1.556123 2.983436
 2724.000000 12.898657 1.569846 2.995953
 2727.000000 12.944284 1.563089 3.025794
 2730.000000 13.014819 1.561985 3.017939
 2733.000000 12.990299 1.593071 3.062081
 2736.000000 12.984454 1.585622 3.013648
 2739.000000 13.090956 1.586590 3.047379
 2742.000000 13.024459 1.549761 3.064164
 2745.000000 13.011328 1.554519 3.059761
 2748.000000 13.011617 1.576081 3.078134
 2751.000000 12.936158 1.561606 3.060853
 2754.000000 12.960116 1.588833 3.051697
 2757.000000 12.907815 1.611800 3.045398
 2760.000000 12.958747 1.596142 3.073393
 2763.000000 12.911813 1.582091 3.035558
 2766.000000 12.880266 1.579420 3.044328
 2769.000000 12.866260 1.552221 3.009486
 2772.000000 12.897188 1.583206 3.012151
 2775.000000 12.868025 1.586622 2.993626
 2778.000000 12.892133 1.567718 3.015434
 2781.000000 12.830230 1.582854 3.002863
 2784.000000 12.860238 1.566699 2.994947
 2787.000000 12.762765 1.584361 3.015355
 2790.000000 12.835259 1.592016 2.995750
 2793.000000 12.844010 1.602303 3.019018
 2796.000000 12.813527 1.585074 3.049883
 2799.000000 12.863590 1.574422 3.069080
 2802.000000 12.853152 1.588738 3.051985
 2805.000000 12.889702 1.580258 3.029217
 2808.000000 12.862456 1.568335 3.024482
 2811.000000 12.867394 1.596720 3.029139
 2814.000000 12.821087 1.577507 3.059981
 2817.000000 12.833476 1.576689 3.018834
 2820.000000 12.830359 1.566670 3.013305
 2823.000000 12.741851 1.561960 3.028106
 2826.000000 12.706029 1.553335 3.024746
 2829.000000 12.732827 1.555630 2.993925
 2832.000000 12.787687 1.533512 3.015212
 2835.000000 12.789331 1.547146 2.996805
 2838.000000 12.794403 1.555112 3.033932
 2841.000000 12.780113 1.576301 3.016800
 2844.000000 12.827275 1.574869 3.019545
 2847.000000 12.867400 1.580317 3.026986
 2850.000000 12.888815 1.559729 2.995868
 2853.000000 12.790150 1.574458 2.987580
 2856.000000 12.875573 1.566716 2.971822
 2859.000000 12.902434 1.581360 2.995768
 2862.000000 12.948433 1.574903 3.025022
 2865.000000 13.017971 1.561865 3.038385
 2868.000000 12.988017 1.577091 2.975971
 2871.000000 12.932901 1.580423 2.964978
 2874.000000 12.949586 1.581062 2.963744
 2877.000000 12.945066 1.568340 2.986708
 2880.000000 13.007742 1.581381 2.982793
 2883.000000 12.975065 1.593633 2.997454
 2886.000000 12.933235 1.584109 3.029766
 2889.000000 12.943585 1.580260 3.022387
 2892.000000 12.966337 1.585795 3.018522
 2895.000000 12.966539 1.598936 3.023482
 2898.000000 13.033118 1.578297 3.011898
 2901.000000 12.979676 1.569269 2.989325
 2904.000000 12.955959 1.569423 3.060352
 2907.000000 12.960942 1.550802 2.995728
 2910.000000 12.977126 1.572770 2.981939
 2913.000000 13.060528 1.580805 2.984186
 2916.000000 13.078900 1.563058 2.959790
 2919.000000 13.032842 1.580138 2.992507
 2922.000000 13.031382 1.576126 2.994862
 2925.000000 12.995233 1.606930 3.012116
 2928.000000 13.000883 1.621929 3.002055
 2931.000000 12.990018 1.622075 3.006045
 2934.000000 12.969774 1.612931 2.973904
 2937.000000 13.012436 1.604710 2.995095
 2940.000000 12.970054 1.594997 3.009331
 2943.000000 12.992506 1.590950 2.999310
 2946.000000 12.988610 1.595394 3.017009
 2949.000000 12.917395 1.602592 2.999893
 2952.000000 12.910007 1.616506 2.989375
 2955.000000 12.959572 1.616425 2.999467
 2958.000000 13.062850 1.600962 3.001737
 2961.000000 13.005892 1.595131 3.003293
 2964.000000 12.952927 1.602953 2.988847
 2967.000000 13.113937 1.618656 3.012486
 2970.000000 12.916794 1.605482 2.974648
 2973.000000 13.043763 1.611306 3.004259
 2976.000000 13.014595 1.591783 2.986421
 2979.000000 12.962277 1.583924 2.970299
 2982.000000 12.953949 1.577832 2.956730
 2985.000000 13.009835 1.589420 2.975009
 2988.000000 12.972449 1.585663 2.959698
 2991.000000 12.945283 1.599985 2.956822
 2994.000000 13.007503 1.615408 2.979971
 2997.000000 12.950181 1.598016 2.947028
 3000.000000 12.868515 1.573181 2.957496
 3003.000000 12.991283 1.565298 2.979930
 3006.000000 12.962731 1.595443 2.950579
 3009.000000 12.934695 1.586212 2.967609
 3012.000000 12.904734 1.577467 2.970680
 3015.000000 12.910950 1.581665 2.979812
 3018.000000 12.876892 1.544295 2.988398
 3021.000000 12.888930 1.557254 3.003524
 3024.000000 12.980712 1.574288 2.977882
 3027.000000 12.906651 1.576915 2.993535
 3030.000000 12.863633 1.553714 3.040126
 3033.000000 12.817354 1.541717 3.017265
 3036.000000 12.835970 1.563475 3.010101
 3039.000000 12.844431 1.551347 3.011941
 3042.000000 12.886783 1.556491 2.996501
 3045.000000 12.908878 1.555198 2.986243
 3048.000000 12.883289 1.578391 2.980391
 3051.000000 12.975227 1.554676 2.945382
 3054.000000 12.937862 1.572389 2.957433
 3057.000000 12.978619 1.561869 2.993342
 3060.000000 12.883133 1.588689 2.973727
 3063.000000 12.945161 1.569169 2.996869
 3066.000000 12.949494 1.585252 2.957511
 3069.000000 13.067186 1.578823 2.969126
 3072.000000 12.911200 1.578492 2.988465
 3075.000000 12.920117 1.559898 2.967894
 3078.000000 12.816264 1.580366 2.997278
 3081.000000 12.866552 1.576389 2.978323
 3084.000000 12.914434 1.607611 2.972461
 3087.000000 12.934630 1.599266 3.012511
 3090.000000 12.910728 1.571839 2.981919
 3093.000000 12.875114 1.549975 3.001627
 3096.000000 12.890031 1.587948 2.974496
 3099.000000 12.908927 1.603540 2.992559
 3102.000000 12.841825 1.595089 3.007669
 3105.000000 12.851271 1.609080 3.002375
 3108.000000 12.853282 1.640285 2.944902
 3111.000000 12.919557 1.631801 2.934636
 3114.000000 12.857636 1.626177 2.989990
 3117.000000 12.851578 1.608890 2.981329
 3120.000000 12.904623 1.622747 3.003537
 3123.000000 12.979676 1.646357 3.020423
 3126.000000 13.049611 1.655115 2.997418
 3129.000000 13.043299 1.655954 3.014970
 3132.000000 12.995933 1.642134 3.023073
 3135.000000 13.018947 1.603971 3.049062
 3138.000000 12.931048 1.641353 3.033283
 3141.000000 12.919644 1.619377 3.010021
 3144.000000 12.903429 1.622403 2.953576
 3147.000000 12.814176 1.629690 2.970947
 3150.000000 12.871545 1.600304 3.022871
 3153.000000 12.838585 1.581765 3.039771
 3156.000000 12.842777 1.591365 3.042072
 3159.000000 12.811138 1.591168 3.030622
 3162.000000 12.816771 1.606433 3.033535
 3165.000000 12.815401 1.601694 3.019981
 3168.000000 12.788762 1.577014 3.045734
 3171.000000 12.787172 1.579988 3.033604
 3174.000000 12.751254 1.567670 3.063484
 3177.000000 12.780572 1.570784 3.062057
 3180.000000 12.763250 1.567471 3.088882
 3183.000000 12.747387 1.592956 3.061291
 3186.000000 12.750550 1.589568 3.028261
 3189.000000 12.738794 1.537215 3.042920
 3192.000000 12.773621 1.526242 3.010445
 3195.000000 12.758806 1.553961 3.014813
 3198.000000 12.741825 1.564662 2.995228
 3201.000000 12.753715 1.550116 3.048122
 3204.000000 12.847730 1.545989 3.043163
 3207.000000 12.914725 1.559435 3.036752
 3210.000000 12.843732 1.576369 2.998957
 3213.000000 12.743137 1.606842 3.030004
 3216.000000 12.767775 1.591366 3.015852
 3219.000000 12.818316 1.606352 3.058222
 3222.000000 12.812148 1.602314 3.003451
 3225.000000 12.806152 1.574286 3.010877
 3228.000000 12.836880 1.584046 3.020590
 3231.000000 12.893070 1.563943 3.039385
 3234.000000 12.912531 1.566725 2.995973
 3237.000000 12.872072 1.567409 3.021876
 3240.000000 12.890207 1.576778 3.022699
 3243.000000 12.829720 1.587954 3.039385
 3246.000000 12.871106 1.596104 2.994414
 3249.000000 12.820885 1.577176 3.012102
 3252.000000 12.837858 1.588009 2.988727
 3255.000000 12.833259 1.624352 3.010436
 3258.000000 12.823799 1.633022 3.034184
 3261.000000 12.814679 1.636357 3.016237
 3264.000000 12.781772 1.626615 2.994442
 3267.000000 12.783403 1.626592 2.978850
 3270.000000 12.846084 1.628323 2.983967
 3273.000000 12.862518 1.623786 2.970567
 3276.000000 12.887619 1.626073 2.932455
 3279.000000 12.893404 1.602983 2.948500
 3282.000000 12.883989 1.615261 2.956692
 3285.000000 12.863791 1.592929 2.965129
 3288.000000 12.861052 1.590625 2.968496
 3291.000000 12.899078 1.598436 3.022701
 3294.000000 12.926326 1.596832 3.018521
 3297.000000 12.867230 1.577521 2.997282
 3300.000000 12.922401 1.581845 2.986617
 3303.000000 12.914462 1.595454 2.986368
 3306.000000 12.861662 1.612783 3.029228
 3309.000000 12.891239 1.583760 3.027077
 3312.000000 12.945767 1.565295 3.007768
 3315.000000 12.922073 1.587574 3.023684
 3318.000000 12.915226 1.603357 3.033934
 3321.000000 12.867348 1.584206 3.034409
 3324.000000 12.904799 1.585858 3.003980
 3327.000000 12.921317 1.579394 2.999074
 3330.000000 12.909469 1.605200 3.044255
 3333.000000 12.895605 1.591603 3.005423
 3336.000000 12.861271 1.579291 3.005885
 3339.000000 12.816698 1.576939 2.986189
 3342.000000 12.805044 1.599741 2.980299
 3345.000000 12.895457 1.613106 2.986573
 3348.000000 12.808166 1.605091 3.002663
 3351.000000 12.851729 1.601158 2.988990
 3354.000000 12.868593 1.634085 3.046007
 3357.000000 12.866085 1.642219 3.054441
 3360.000000 12.903980 1.619717 3.060135
 3363.000000 12.981410 1.651429 3.048036
 3366.000000 12.887164 1.625749 3.002913
 3369.000000 12.885852 1.597503 2.984261
 3372.000000 12.841447 1.630516 2.986788
 3375.000000 12.914750 1.635593 2.981197
 3378.000000 12.822528 1.613124 2.990947
 3381.000000 12.795134 1.610019 2.965475
 3384.000000 12.780385 1.617140 2.993474
 3387.000000 12.675159 1.590261 2.986172
 3390.000000 12.716412 1.615714 3.001602
 3393.000000 12.758841 1.596128 3.019876
 3396.000000 12.822799 1.604533 2.972081
 3399.000000 12.779790 1.628347 3.014392
 3402.000000 12.810022 1.643320 3.036863
 3405.000000 12.826154 1.614570 2.969596
 3408.000000 12.856248 1.625329 2.983603
 3411.000000 12.790761 1.623659 3.008391
 3414.000000 12.767108 1.657705 2.959308
 3417.000000 12.869074 1.648281 3.011241
 3420.000000 12.813612 1.628514 3.001184
 3423.000000 12.914569 1.622343 3.008934
 3426.000000 12.896882 1.640076 3.009314
 3429.000000 12.938036 1.627288 3.008129
 3432.000000 12.901440 1.630268 3.017878
 3435.000000 12.925012 1.604901 3.016475
 3438.000000 12.942978 1.613694 2.994822
 3441.000000 12.957035 1.576624 2.998695
 3444.000000 12.950952 1.580814 2.963838
 3447.000000 12.874416 1.577682 2.993989
 3450.000000 12.746764 1.574249 2.969100
 3453.000000 12.785816 1.571917 3.011016
 3456.000000 12.767717 1.565307 3.000536
 3459.000000 12.862335 1.563589 2.969297
 3462.000000 12.899896 1.564562 2.995693
 3465.000000 13.005514 1.559336 2.986607
 3468.000000 12.999575 1.529466 3.030700
 3471.000000 13.009225 1.541676 2.990981
 3474.000000 13.004144 1.570718 3.045233
 3477.000000 12.994790 1.583438 2.990245
 3480.000000 12.960489 1.575296 2.987500
 3483.000000 12.984409 1.600169 2.993344
 3486.000000 12.880451 1.601788 3.020265
 3489.000000 12.951702 1.581918 3.042945
 3492.000000 12.952482 1.611278 3.018415
 3495.000000 12.904780 1.620495 3.028496
 3498.000000 12.923089 1.618095 3.001315
 3501.000000 12.979618 1.611058 2.998786
 3504.000000 13.039997 1.605468 3.036766
 3507.000000 12.961967 1.609235 3.035580
 3510.000000 12.860774 1.606566 3.051112
 3513.000000 12.863363 1.642340 3.029004
 3516.000000 12.914544 1.642518 3.008580
 3519.000000 12.832099 1.623547 2.999760
 3522.000000 12.775565 1.659081 2.977579
 3525.000000 12.658008 1.635386 2.966007
 3528.000000 12.671690 1.587525 2.962486
 3531.000000 12.683984 1.615154 2.970429
 3534.000000 12.716707 1.591255 3.000744
 3537.000000 12.753196 1.617081 3.016401
 3540.000000 12.814196 1.584023 3.029804
 3543.000000 12.835891 1.545456 3.047895
 3546.000000 12.900751 1.571841 3.019539
 3549.000000 12.902519 1.567453 3.050948
 3552.000000 12.923928 1.549048 3.065957
 3555.000000 12.837233 1.563997 3.045570
 3558.000000 12.830361 1.586171 3.015819
 3561.000000 12.866869 1.599039 3.000104
 3564.000000 12.861154 1.591346 3.000868
 3567.000000 12.812276 1.564493 3.046893
 3570.000000 12.814560 1.554126 3.010988
 3573.000000 12.719428 1.532388 3.042549
 3576.000000 12.775783 1.559335 3.050607
 3579.000000 12.816256 1.557354 3.050092
 3582.000000 12.832224 1.576836 3.015692
 3585.000000 12.806105 1.541136 3.019183
 3588.000000 12.841054 1.557019 3.005513
 3591.000000 12.820946 1.561318 3.047766
 3594.000000 12.814083 1.579513 2.997840
 3597.000000 12.884689 1.582442 2.991058
 3600.000000 12.832758 1.571831 3.029438
 3603.000000 12.802587 1.575093 2.997268
 3606.000000 12.856538 1.559170 3.044285
 3609.000000 12.859802 1.535099 3.057766
 3612.000000 12.776560 1.559520 3.067205
 3615.000000 12.781048 1.550320 3.060370
 3618.000000 12.734268 1.556263 3.077215
 3621.000000 12.724566 1.565376 3.061091
 3624.000000 12.828716 1.577113 3.052417
 3627.000000 12.838899 1.552496 3.075481
 3630.000000 12.916056 1.574553 3.046313
 3633.000000 12.895080 1.568127 3.041582
 3636.000000 12.900414 1.551000 3.033754
 3639.000000 12.904327 1.560799 2.993407
 3642.000000 12.895747 1.555798 3.014574
 3645.000000 12.941894 1.582314 3.006853
 3648.000000 13.039651 1.564094 2.964547
 3651.000000 13.013928 1.561183 2.998890
 3654.000000 13.047020 1.578706 2.996649
 3657.000000 13.009486 1.583903 3.040929
 3660.000000 13.012821 1.563766 3.008844
 3663.000000 12.934423 1.600159 3.044278
 3666.000000 13.008267 1.596137 3.019309
 3669.000000 12.987447 1.545070 3.031746
 3672.000000 12.988620 1.530136 3.028282
 3675.000000 12.964071 1.541401 3.035369
 3678.000000 13.023328 1.561904 3.097857
 3681.000000 13.018328 1.546421 3.038808
 3684.000000 12.926390 1.548843 3.037525
 3687.000000 13.015120 1.550777 3.079451
 3690.000000 12.968942 1.525785 3.040179
 3693.000000 12.922972 1.521507 2.995361
 3696.000000 12.967880 1.514514 3.031970
 3699.000000 12.962778 1.507771 3.042637
 3702.000000 13.003638 1.503207 3.020084
 3705.000000 13.002570 1.517575 2.967841
 3708.000000 13.001077 1.515896 2.923089
 3711.000000 13.043503 1.531610 2.971189
 3714.000000 13.015221 1.542563 2.952091
 3717.000000 13.003655 1.539977 2.957179
 3720.000000 12.926992 1.548991 3.030628
 3723.000000 12.902107 1.554956 2.975752
 3726.000000 12.868713 1.550166 3.008684
 3729.000000 12.838629 1.511074 2.983649
 3732.000000 12.904356 1.498133 2.973528
 3735.000000 12.883004 1.524409 3.004469
 3738.000000 12.897545 1.516380 2.978563
 3741.000000 12.856042 1.514620 2.989704
 3744.000000 12.909886 1.549095 3.019894
 3747.000000 12.926881 1.559635 2.967570
 3750.000000 12.911314 1.540118 3.010861
 3753.000000 12.883852 1.538969 2.979695
 3756.000000 12.926617 1.525932 2.978144
 3759.000000 12.878491 1.539485 2.940679
 3762.000000 12.841143 1.558018 2.958147
 3765.000000 12.848946 1.560065 2.991754
 3768.000000 12.832976 1.566659 3.030124
 3771.000000 12.884460 1.573337 2.988519
 3774.000000 12.781440 1.580871 2.966225
 3777.000000 12.747972 1.588564 2.956734
 3780.000000 12.828413 1.596494 2.979485
 3783.000000 12.761637 1.578663 2.980712
 3786.000000 12.758179 1.550946 2.989989
 3789.000000 12.816421 1.550083 2.952113
 3792.000000 12.804819 1.543142 2.954433
 3795.000000 12.837792 1.529164 2.950981
 3798.000000 12.778194 1.555357 2.984197
 3801.000000 12.823897 1.521737 2.968927
 3804.000000 12.916836 1.540204 2.991014
 3807.000000 12.928972 1.534346 3.016244
 3810.000000 12.961744 1.540756 2.945592
 3813.000000 12.970583 1.523864 2.973984
 3816.000000 12.983121 1.523777 2.992578
 3819.000000 13.011306 1.554685 2.992899
 3822.000000 12.908075 1.567225 2.975246
 3825.000000 12.906458 1.554728 2.992482
 3828.000000 12.951624 1.540760 2.985909
 3831.000000 12.895404 1.554858 2.997166
 3834.000000 12.919893 1.558799 2.996963
 3837.000000 12.896303 1.557745 2.945767
 3840.000000 12.854609 1.560551 2.990796
 3843.000000 12.811072 1.582355 2.966321
 3846.000000 12.865204 1.578866 3.011295
 3849.000000 12.918312 1.573332 3.034939
 3852.000000 12.882328 1.590752 3.078295
 3855.000000 12.866907 1.610810 3.056561
 3858.000000 12.899134 1.618857 3.074309
 3861.000000 12.979859 1.619936 3.023805
 3864.000000 12.929720 1.582202 3.054428
 3867.000000 12.987518 1.584074 3.033527
 3870.000000 13.004021 1.599464 3.020930
 3873.000000 13.023724 1.602349 3.015020
 3876.000000 13.082529 1.585213 3.046188
 3879.000000 12.992727 1.584152 3.060293
 3882.000000 13.039584 1.620265 3.040044
 3885.000000 13.059744 1.599232 3.017749
 3888.000000 13.091993 1.620380 3.009342
 3891.000000 13.073759 1.599627 2.957242
 3894.000000 13.052665 1.596462 2.968587
 3897.000000 13.068138 1.605463 2.951088
 3900.000000 13.013869 1.598545 2.942577
 3903.000000 12.996926 1.593613 2.943656
 3906.000000 12.937893 1.594596 2.951169
 3909.000000 12.958786 1.602580 2.969923
 3912.000000 12.995267 1.604454 2.958408
 3915.000000 13.053560 1.611114 2.974833
 3918.000000 12.995460 1.598125 2.977107
 3921.000000 12.855341 1.618876 2.975501
 3924.000000 12.898665 1.602031 2.980833
 3927.000000 12.913949 1.616482 2.997000
 3930.000000 13.003729 1.617458 3.024981
 3933.000000 13.093462 1.608656 3.014510
 3936.000000 12.999434 1.596488 3.002284
 3939.000000 13.002004 1.610512 3.006031
 3942.000000 13.046398 1.591077 3.022789
 3945.000000 13.091946 1.567096 3.019944
 3948.000000 13.034815 1.584984 3.012963
 3951.000000 12.984030 1.603405 3.015277
 3954.000000 12.988786 1.591051 3.006458
 3957.000000 12.947301 1.575468 2.991544
 3960.000000 12.951979 1.566903 2.973385
 3963.000000 13.085879 1.587017 2.954134
 3966.000000 13.026914 1.604523 2.984943
 3969.000000 13.085094 1.598932 2.982531
 3972.000000 13.141602 1.577529 2.981883
 3975.000000 13.110774 1.582293 2.997170
 3978.000000 13.076772 1.585217 2.988091
 3981.000000 13.051309 1.598194 2.985967
 3984.000000 13.019451 1.566048 2.959989
 3987.000000 12.935888 1.591447 2.972575
 3990.000000 13.005948 1.578349 2.973981
 3993.000000 13.014620 1.576100 2.958526
 3996.000000 12.956723 1.564782 2.978578
 3999.000000 12.992934 1.580917 3.002693
 4002.000000 12.983111 1.595062 3.016000
 4005.000000 13.055412 1.581174 2.973552
 4008.000000 13.016440 1.564629 3.002120
 4011.000000 13.018657 1.562986 3.028354
 4014.000000 13.001975 1.553065 3.052448
 4017.000000 13.015149 1.551040 2.999413
 4020.000000 12.910331 1.558500 2.979065
 4023.000000 12.852089 1.580065 3.011239
 4026.000000 12.891743 1.578005 2.974301
 4029.000000 12.792392 1.556945 2.975958
 4032.000000 12.883949 1.547720 2.968711
 4035.000000 12.850446 1.551574 2.976207
 4038.000000 12.840269 1.535720 2.920403
 4041.000000 12.883658 1.576246 2.979905
 4044.000000 12.842151 1.544506 2.927950
 4047.000000 12.905294 1.543734 2.972218
 4050.000000 12.950762 1.561934 2.961713
 4053.000000 12.898741 1.547486 2.958590
 4056.000000 12.840987 1.535215 2.959583
 4059.000000 12.804167 1.526663 2.938007
 4062.000000 12.825849 1.557144 2.980712
 4065.000000 12.893661 1.570457 3.016802
 4068.000000 12.834903 1.567248 2.983405
 4071.000000 12.906975 1.576331 2.957332
 4074.000000 12.943924 1.573118 2.989981
 4077.000000 12.999545 1.594407 3.003298
 4080.000000 13.013705 1.579204 2.989291
 4083.000000 12.953618 1.590434 2.988325
 4086.000000 12.972902 1.602838 2.958976
 4089.000000 12.932539 1.590222 2.991938
 4092.000000 12.986846 1.587394 3.003776
 4095.000000 12.949166 1.572315 2.997889
 4098.000000 12.955778 1.547622 2.997552
 4101.000000 12.937675 1.592223 3.021563
 4104.000000 12.926813 1.566883 2.987978
 4107.000000 12.959484 1.550305 2.950690
 4110.000000 12.880169 1.567728 2.985379
 4113.000000 12.882229 1.578602 3.018501
 4116.000000 12.942219 1.559875 2.979118
 4119.000000 12.966241 1.583220 2.992189
 4122.000000 12.971980 1.575266 2.968363
 4125.000000 12.966621 1.582523 3.016788
 4128.000000 13.028352 1.575249 3.035058
 4131.000000 12.913017 1.587119 3.004776
 4134.000000 12.960881 1.599677 3.029010
 4137.000000 12.948248 1.584922 3.017870
 4140.000000 12.921549 1.596549 3.018651
 4143.000000 12.904548 1.632133 3.030331
 4146.000000 12.861977 1.627365 3.044642
 4149.000000 12.841365 1.612072 3.017491
 4152.000000 12.872896 1.620283 3.028416
 4155.000000 12.760941 1.614057 3.011522
 4158.000000 12.813666 1.601896 3.006102
 4161.000000 12.779607 1.596212 3.019575
 4164.000000 12.755619 1.587545 3.022449
 4167.000000 12.842364 1.586246 3.020860
 4170.000000 12.811118 1.584213 2.996934
 4173.000000 12.843725 1.571539 2.985417
 4176.000000 12.805172 1.590745 3.042247
 4179.000000 12.843972 1.575018 3.014213
 4182.000000 12.853834 1.583771 3.036819
 4185.000000 12.871005 1.587274 3.031052
 4188.000000 12.800493 1.565096 3.026541
 4191.000000 12.817605 1.598983 3.040616
 4194.000000 12.900335 1.553713 2.997333
 4197.000000 12.926680 1.553468 2.981786
 4200.000000 12.956951 1.550135 2.969091
 4203.000000 12.970379 1.540922 2.967893
 4206.000000 12.998559 1.558262 2.963964
 4209.000000 12.974715 1.541798 2.954144
 4212.000000 12.955448 1.557268 2.921764
 4215.000000 12.916905 1.542877 2.969194
 4218.000000 12.891145 1.559503 2.983151
 4221.000000 12.856715 1.546360 3.008561
 4224.000000 12.893294 1.521145 3.000219
 4227.000000 12.921633 1.528845 2.981464
 4230.000000 12.904514 1.553275 3.028003
 4233.000000 12.907539 1.544871 2.994422
 4236.000000 12.866138 1.535887 2.980596
 4239.000000 12.788596 1.552211 2.968290
 4242.000000 12.862008 1.576268 2.988497
 4245.000000 12.919802 1.563094 2.977573
 4248.000000 12.903761 1.568348 2.952787
 4251.000000 12.865420 1.570385 2.964157
 4254.000000 12.946061 1.575232 2.954916
 4257.000000 13.002513 1.602155 2.975498
 4260.000000 12.974592 1.590446 2.958164
 4263.000000 12.953135 1.608810 2.985842
 4266.000000 12.992059 1.601125 2.944565
 4269.000000 12.969786 1.616613 2.961600
 4272.000000 12.944670 1.584834 2.964394
 4275.000000 12.954179 1.583964 2.966817
 4278.000000 12.986223 1.583413 2.945986
 4281.000000 12.905559 1.591738 2.956341
 4284.000000 12.943075 1.619870 2.985740
 4287.000000 12.832020 1.617026 2.938155
 4290.000000 12.831814 1.597821 2.984492
 4293.000000 12.856518 1.583419 2.988775
 4296.000000 12.962037 1.585617 2.971230
 4299.000000 12.985424 1.570445 2.997584
 4302.000000 12.988426 1.590718 2.948070
 4305.000000 13.026970 1.589786 2.967432
 4308.000000 13.015707 1.602411 2.943607
 4311.000000 13.039784 1.589459 2.953140
 4314.000000 13.079141 1.578109 2.952070
 4317.000000 13.037550 1.594624 2.968888
 4320.000000 13.006889 1.572685 2.990097
 4323.000000 12.989134 1.580143 2.970812
 4326.000000 12.954147 1.573546 2.985939
 4329.000000 12.925713 1.594850 3.017468
 4332.000000 12.913301 1.602444 2.997879
 4335.000000 12.939662 1.586859 3.001755
 4338.000000 12.967476 1.589164 2.981751
 4341.000000 12.995328 1.566973 3.006671
 4344.000000 12.935550 1.575608 3.017240
 4347.000000 12.953639 1.567550 3.030134
 4350.000000 12.959119 1.576541 3.006641
 4353.000000 12.905199 1.556626 3.024096
 4356.000000 12.931430 1.561989 3.024324
 4359.000000 12.870523 1.565340 3.047122
 4362.000000 12.861524 1.577868 2.997312
 4365.000000 12.869426 1.584652 3.029998
 4368.000000 12.882552 1.585450 3.010854
 4371.000000 12.864928 1.589367 3.037267
 4374.000000 12.873137 1.580396 2.992092
 4377.000000 12.876992 1.556454 3.024920
 4380.000000 12.931612 1.581289 3.040175
 4383.000000 12.885738 1.586056 3.043256
 4386.000000 12.851697 1.600336 3.048941
 4389.000000 12.848456 1.566954 3.044792
 4392.000000 12.860748 1.560078 3.008527
 4395.000000 12.898989 1.573967 2.995649
 4398.000000 13.034704 1.571836 2.979347
 4401.000000 12.997771 1.556133 3.006347
 4404.000000 12.933229 1.585756 3.025715
 4407.000000 12.970506 1.583752 3.001228
 4410.000000 12.967463 1.563685 2.960191
 4413.000000 13.009884 1.548051 2.996149
 4416.000000 13.011502 1.534595 2.994028
 4419.000000 13.017668 1.513829 2.994806
 4422.000000 12.997285 1.517321 2.981050
 4425.000000 13.023638 1.512640 3.002087
 4428.000000 13.100573 1.507899 3.021264
 4431.000000 13.018733 1.468467 3.006520
 4434.000000 12.983321 1.502969 3.040947
 4437.000000 12.968460 1.490767 3.040439
 4440.000000 12.963157 1.481180 3.032541
 4443.000000 13.078826 1.502038 3.039656
 4446.000000 13.043486 1.511545 3.037715
 4449.000000 12.985527 1.512526 2.997774
 4452.000000 12.992885 1.507347 3.027630
 4455.000000 12.959880 1.502900 3.044916
 4458.000000 12.953330 1.472792 3.044667
 4461.000000 13.012851 1.503658 3.034453
 4464.000000 13.062063 1.503289 3.056162
 4467.000000 12.917212 1.486816 3.042500
 4470.000000 12.884869 1.498452 3.015363
 4473.000000 12.916637 1.513765 3.010453
 4476.000000 12.905567 1.507601 2.997482
 4479.000000 12.906587 1.497854 2.966687
 4482.000000 12.970417 1.523268 2.994553
 4485.000000 12.934677 1.512124 3.028701
 4488.000000 12.923418 1.524464 3.019694
 4491.000000 12.886764 1.524681 3.036102
 4494.000000 12.864118 1.487595 3.058704
 4497.000000 12.976532 1.523650 3.066737
 4500.000000 12.906577 1.495228 3.071535
 4503.000000 12.957286 1.496519 3.038159
 4506.000000 12.988991 1.519826 3.010751
 4509.000000 13.004776 1.529676 3.010864
 4512.000000 13.003467 1.527443 3.019502
 4515.000000 12.959847 1.508196 2.990958
 4518.000000 12.913542 1.508968 3.025813
 4521.000000 12.927552 1.513607 3.011314
 4524.000000 12.859069 1.493268 3.044116
 4527.000000 12.923019 1.507758 3.031128
 4530.000000 12.917399 1.504490 3.067003
 4533.000000 12.911777 1.497853 3.028852
 4536.000000 12.881536 1.502006 3.048342
 4539.000000 12.927401 1.494701 3.082424
 4542.000000 12.828341 1.507329 3.077813
 4545.000000 12.789089 1.502154 3.059188
 4548.000000 12.834703 1.467088 3.017423
 4551.000000 12.794368 1.478377 3.032675
 4554.000000 12.760980 1.483839 3.063730
 4557.000000 12.792855 1.498411 3.049934
 4560.000000 12.790716 1.510209 3.099993
 4563.000000 12.771551 1.489332 3.050738
 4566.000000 12.796996 1.534960 3.033592
 4569.000000 12.828823 1.533909 3.013237
 4572.000000 12.865068 1.530700 3.018892
 4575.000000 12.823863 1.537038 3.010409
 4578.000000 12.836074 1.544043 3.023143
 4581.000000 12.908092 1.525261 2.979390
 4584.000000 12.868971 1.535057 3.022358
 4587.000000 12.804750 1.502648 2.999039
 4590.000000 12.785155 1.531678 3.004288
 4593.000000 12.705626 1.510381 3.023472
 4596.000000 12.787809 1.545729 2.971380
 4599.000000 12.761998 1.556243 2.995792
 4602.000000 12.745789 1.519388 3.031436
 4605.000000 12.760091 1.517864 3.015849
 4608.000000 12.739749 1.508079 2.983382
 4611.000000 12.784902 1.529434 2.972180
 4614.000000 12.746760 1.545677 3.000559
 4617.000000 12.806098 1.558451 3.017924
 4620.000000 12.818034 1.536755 3.013937
 4623.000000 12.876312 1.528558 3.031670
 4626.000000 12.823766 1.544411 3.025513
 4629.000000 12.842430 1.563415 2.996808
 4632.000000 12.860365 1.561674 3.008526
 4635.000000 12.844111 1.535861 3.055127
 4638.000000 12.937509 1.547177 3.041690
 4641.000000 12.897694 1.541545 3.042841
 4644.000000 12.951878 1.540460 2.995990
 4647.000000 12.835175 1.528799 2.993543
 4650.000000 12.773207 1.522960 2.994628
 4653.000000 12.839848 1.536412 2.965702
 4656.000000 12.895844 1.528643 2.986333
 4659.000000 12.881476 1.539579 2.978498
 4662.000000 12.805220 1.549060 2.956052
 4665.000000 12.820230 1.555220 2.977559
 4668.000000 12.784635 1.559282 2.952514
 4671.000000 12.803012 1.565806 2.981704
 4674.000000 12.832109 1.545233 2.974501
 4677.000000 12.880082 1.534891 3.005326
 4680.000000 12.920580 1.549677 2.979311
 4683.000000 12.942635 1.544704 3.000716
 4686.000000 12.877604 1.538164 2.978193
 4689.000000 12.877902 1.526172 2.923025
 4692.000000 12.856375 1.537123 2.931798
 4695.000000 12.790748 1.533556 2.919474
 4698.000000 12.834079 1.500095 2.970568
 4701.000000 12.824654 1.489645 2.992026
 4704.000000 12.855561 1.503952 2.978768
 4707.000000 12.861416 1.503148 2.957095
 4710.000000 12.719356 1.508150 2.940599
 4713.000000 12.746168 1.524232 2.971317
 4716.000000 12.752298 1.523838 2.937900
 4719.000000 12.794164 1.527769 2.954234
 4722.000000 12.759058 1.540443 2.931299
 4725.000000 12.829967 1.555734 2.942795
 4728.000000 12.779857 1.560727 2.974300
 4731.000000 12.828974 1.559814 2.940766
 4734.000000 12.921275 1.561701 3.007345
 4737.000000 12.891295 1.562187 3.001082
 4740.000000 12.910017 1.572463 3.025779
 4743.000000 12.910705 1.571276 2.985573
 4746.000000 12.915976 1.568747 2.965243
 4749.000000 12.954542 1.579309 2.952777
 4752.000000 12.843988 1.574391 2.983746
 4755.000000 12.860734 1.548719 3.006048
 4758.000000 12.833566 1.538248 3.003204
 4761.000000 12.913562 1.562650 2.980387
 4764.000000 12.898702 1.557219 2.972892
 4767.000000 12.813547 1.556011 2.962119
 4770.000000 12.843447 1.537455 2.954343
 4773.000000 12.822158 1.538163 2.947905
 4776.000000 12.939579 1.546021 2.935040
 4779.000000 12.955399 1.549417 2.944262
 4782.000000 12.939156 1.579564 2.935023
 4785.000000 12.897730 1.577930 2.938694
 4788.000000 12.881488 1.592539 2.937193
 4791.000000 12.948288 1.573851 2.907720
 4794.000000 12.840251 1.583426 2.927490
 4797.000000 12.878516 1.561737 2.951501
 4800.000000 12.910828 1.589881 2.932620
 4803.000000 12.966240 1.588687 2.992739
 4806.000000 12.962568 1.579489 3.025545
 4809.000000 13.019163 1.576845 3.023105
 4812.000000 12.982246 1.571345 3.003281
 4815.000000 12.909353 1.561858 2.995517
 4818.000000 12.982233 1.559400 3.020453
 4821.000000 13.001946 1.545064 2.991574
 4824.000000 12.945210 1.551785 2.972219
 4827.000000 12.897440 1.567489 3.009964
 4830.000000 12.911658 1.573910 2.990102
 4833.000000 13.004325 1.570955 3.024358
 4836.000000 12.989372 1.565981 3.043066
 4839.000000 13.042024 1.545879 3.036494
 4842.000000 13.067844 1.539266 3.051995
 4845.000000 13.102672 1.549390 3.029923
 4848.000000 13.172176 1.566655 3.029065
 4851.000000 13.104994 1.553610 3.038510
 4854.000000 13.079820 1.580652 3.028776
 4857.000000 13.103135 1.598360 3.038841
 4860.000000 13.061722 1.607948 3.012870
 4863.000000 13.013618 1.599309 2.995157
 4866.000000 12.973818 1.630164 2.975016
 4869.000000 12.959462 1.635066 2.997386
 4872.000000 13.036790 1.626805 2.996812
 4875.000000 13.073095 1.624047 3.024638
 4878.000000 13.015393 1.606538 3.013369
 4881.000000 13.045702 1.610137 2.954283
 4884.000000 13.002944 1.620508 2.977568
 4887.000000 13.036802 1.612040 2.973001
 4890.000000 13.014583 1.612234 2.989274
 4893.000000 13.022278 1.597965 2.987910
 4896.000000 12.956326 1.589554 2.949167
 4899.000000 13.068997 1.593445 2.942918
 4902.000000 12.982675 1.574545 2.954678
 4905.000000 12.966334 1.578208 2.934112
 4908.000000 13.021774 1.574807 2.935173
 4911.000000 13.034559 1.582722 2.929654
 4914.000000 13.054141 1.570025 2.949091
 4917.000000 13.104816 1.555373 2.918814
 4920.000000 13.041547 1.549727 2.890089
 4923.000000 13.062256 1.567609 2.908131
 4926.000000 13.046384 1.573453 2.909854
 4929.000000 13.114547 1.567523 2.964514
 4932.000000 13.115305 1.561009 2.992895
 4935.000000 13.169867 1.575641 2.986688
 4938.000000 13.079725 1.550261 2.980079
 4941.000000 13.025535 1.561392 3.002279
 4944.000000 13.064885 1.578785 2.974331
 4947.000000 13.005967 1.579404 2.972947
 4950.000000 12.951392 1.590663 2.978298
 4953.000000 12.969861 1.562506 3.007690
 4956.000000 12.982812 1.550872 2.966859
 4959.000000 12.969634 1.559006 2.927321
 4962.000000 13.022035 1.555933 2.922428
 4965.000000 13.028425 1.559404 2.968665
 4968.000000 13.024561 1.547204 2.997569
 4971.000000 13.126617 1.548943 2.985933
 4974.000000 13.143872 1.591828 2.973594
 4977.000000 13.088757 1.577515 2.932292
 4980.000000 13.090818 1.547300 2.960128
 4983.000000 13.063825 1.556859 2.948500
 4986.000000 13.019069 1.586638 2.983233
 4989.000000 13.095883 1.562432 2.960740
 4992.000000 13.029160 1.558625 2.971563
 4995.000000 13.006910 1.545158 2.985398
 4998.000000 12.962019 1.503132 2.978675
 5001.000000 12.994867 1.536994 2.976512
 5004.000000 13.057925 1.555657 2.957022
 5007.000000 12.999905 1.581794 2.930232
 5010.000000 12.993775 1.576102 2.943269
 5013.000000 12.966819 1.560290 2.994286
 5016.000000 12.940286 1.577548 3.013815
 5019.000000 12.894343 1.567233 3.027177
 5022.000000 12.924266 1.546909 2.998591
 5025.000000 12.917797 1.599182 2.974505
 5028.000000 12.872504 1.594058 2.961782
 5031.000000 12.837599 1.586920 2.956797
 5034.000000 12.850896 1.584810 2.959233
 5037.000000 12.811840 1.561622 2.994449
 5040.000000 12.823295 1.578975 2.978546
 5043.000000 12.830284 1.602069 3.023546
 5046.000000 12.816114 1.586998 2.985273
 5049.000000 12.848996 1.597815 2.994028
 5052.000000 12.918047 1.611516 3.003119
 5055.000000 12.897187 1.598960 2.970562
 5058.000000 12.916642 1.612619 2.950327
 5061.000000 12.893861 1.613845 2.978679
 5064.000000 12.937758 1.630448 2.993613
 5067.000000 12.979829 1.601476 2.991642
 5070.000000 12.944792 1.599560 2.956542
 5073.000000 13.038522 1.574888 2.953410
 5076.000000 13.012917 1.571490 2.956914
 5079.000000 12.996420 1.542570 2.945313
 5082.000000 13.075009 1.574024 2.974004
 5085.000000 13.047331 1.572187 2.956441
 5088.000000 12.976438 1.588647 2.987687
 5091.000000 12.960496 1.585799 2.975609
 5094.000000 12.941990 1.589160 2.954499
 5097.000000 12.987217 1.576810 2.956887
 5100.000000 12.997641 1.588033 2.926480
 5103.000000 13.037417 1.582947 2.925168
 5106.000000 13.051795 1.576821 2.927285
 5109.000000 12.968545 1.592493 2.942197
 5112.000000 13.040795 1.585029 3.000438
 5115.000000 12.992886 1.583898 3.012680
 5118.000000 13.065677 1.561261 2.982856
 5121.000000 12.975875 1.571940 2.971030
 5124.000000 12.900389 1.572951 2.988861
 5127.000000 12.866475 1.589519 3.001100
 5130.000000 12.933589 1.597646 2.991450
 5133.000000 13.025056 1.589047 2.974962
 5136.000000 13.033939 1.578966 2.983290
 5139.000000 12.986346 1.570624 2.996018
 5142.000000 12.984239 1.577357 2.995981
 5145.000000 12.972399 1.579022 2.984036
 5148.000000 12.914667 1.566523 2.964591
 5151.000000 12.889061 1.541046 2.955134
 5154.000000 12.911891 1.563703 2.972463
 5157.000000 12.891420 1.578785 2.982571
 5160.000000 12.868217 1.584089 2.976920
 5163.000000 12.889158 1.589990 2.991351
 5166.000000 12.829640 1.588454 2.974068
 5169.000000 13.005607 1.564701 2.978811
 5172.000000 12.986478 1.580703 2.958451
 5175.000000 13.016998 1.568305 2.939163
 5178.000000 13.019624 1.585083 2.954411
 5181.000000 13.031838 1.570264 2.995277
 5184.000000 13.077160 1.561962 2.967356
 5187.000000 13.138321 1.557773 2.984817
 5190.000000 13.101224 1.537021 2.955411
 5193.000000 13.125134 1.543996 2.910551
 5196.000000 13.116835 1.555460 2.928301
 5199.000000 13.192901 1.550613 2.935122
 5202.000000 13.227812 1.548480 2.942557
 5205.000000 13.140551 1.560961 2.935593
 5208.000000 13.104091 1.558504 2.945561
 5211.000000 13.072057 1.568400 2.965110
 5214.000000 13.100450 1.553113 2.978741
 5217.000000 13.088241 1.581610 2.962543
 5220.000000 13.087234 1.572225 2.946062
 5223.000000 13.090447 1.613427 2.971172
 5226.000000 13.058587 1.589816 2.969010
 5229.000000 13.099943 1.591819 2.966642
 5232.000000 13.040047 1.595819 2.970204
 5235.000000 12.999151 1.602025 2.949624
 5238.000000 13.019572 1.572393 2.965540
 5241.000000 13.017842 1.586394 3.022145
 5244.000000 12.974420 1.565480 3.016458
 5247.000000 12.984151 1.563658 2.993684
 5250.000000 12.982641 1.561342 2.946494
 5253.000000 12.964386 1.549485 2.979635
 5256.000000 12.950850 1.567311 3.006634
 5259.000000 12.929547 1.602674 3.003437
 5262.000000 12.980401 1.573649 2.974111
 5265.000000 12.936068 1.595184 2.981006
 5268.000000 12.795188 1.600096 3.012725
 5271.000000 12.780568 1.592172 2.983429
 5274.000000 12.782657 1.568457 2.983892
 5277.000000 12.791067 1.552409 2.958303
 5280.000000 12.866022 1.573001 2.971939
 5283.000000 12.909127 1.577606 2.987810
 5286.000000 12.953514 1.589124 2.995890
 5289.000000 12.979339 1.565953 2.984210
 5292.000000 12.892680 1.582183 3.006647
 5295.000000 12.858416 1.556776 2.982432
 5298.000000 12.906006 1.573268 2.985609
 5301.000000 12.896877 1.585375 2.976349
 5304.000000 12.914811 1.575089 2.960424
 5307.000000 12.893639 1.573859 2.961757
 5310.000000 12.857908 1.578545 2.983635
 5313.000000 12.869681 1.579474 2.953431
 5316.000000 12.810880 1.575357 2.973717
 5319.000000 12.811739 1.561704 2.998648
 5322.000000 12.864828 1.567356 3.012703
 5325.000000 12.903503 1.554929 3.017374
 5328.000000 12.829418 1.586057 2.998670
 5331.000000 12.879042 1.572155 2.990928
 5334.000000 12.932081 1.569756 2.991736
 5337.000000 12.876281 1.576766 2.974101
 5340.000000 12.978287 1.569325 2.999843
 5343.000000 12.899764 1.564326 2.999441
 5346.000000 12.880818 1.560184 2.996273
 5349.000000 12.852950 1.563207 3.002946
 5352.000000 12.930353 1.562032 2.999122
 5355.000000 12.982681 1.557189 3.046955
 5358.000000 12.907288 1.555146 3.042556
 5361.000000 12.957903 1.598992 3.008335
 5364.000000 12.951354 1.576846 3.010890
 5367.000000 12.970925 1.579665 3.039720
 5370.000000 13.022950 1.575892 3.041043
 5373.000000 12.984938 1.562105 3.015054
 5376.000000 12.968151 1.591603 2.955048
 5379.000000 12.979149 1.575757 2.962137
 5382.000000 13.024653 1.585741 2.988360
 5385.000000 13.037157 1.568975 2.993081
 5388.000000 13.081453 1.576994 3.039905
 5391.000000 13.009126 1.586321 3.013448
 5394.000000 12.929128 1.544781 3.028783
 5397.000000 12.990346 1.576552 3.012782
 5400.000000 13.051214 1.580912 3.002404
 5403.000000 13.051694 1.600310 2.982344
 5406.000000 13.116814 1.597378 2.965848
 5409.000000 13.101097 1.596490 2.950156
 5412.000000 13.080546 1.587439 3.011785
 5415.000000 13.038053 1.604939 2.983369
 5418.000000 13.087196 1.600999 2.990980
 5421.000000 13.136450 1.596924 3.000413
 5424.000000 13.189128 1.633612 2.955944
 5427.000000 13.184095 1.608833 2.956946
 5430.000000 13.205671 1.574737 3.017417
 5433.000000 13.137226 1.593600 2.982415
 5436.000000 13.056293 1.602048 2.990000
 5439.000000 13.034694 1.595883 3.002324
 5442.000000 13.048992 1.584374 3.036553
 5445.000000 13.056801 1.593730 2.992848
 5448.000000 13.104713 1.606768 3.006460
 5451.000000 13.071568 1.594599 3.035790
 5454.000000 13.009688 1.576116 3.041480
 5457.000000 12.988850 1.590365 2.991434
 5460.000000 12.963994 1.587873 2.978526
 5463.000000 12.918313 1.576809 2.998154
 5466.000000 12.927806 1.551400 3.022902
 5469.000000 12.942313 1.522445 2.991926
 5472.000000 12.896715 1.514665 3.029436
 5475.000000 12.894584 1.520870 3.039316
 5478.000000 12.938259 1.538577 3.045529
 5481.000000 12.920126 1.561460 3.024870
 5484.000000 12.931017 1.527659 3.046568
 5487.000000 12.932282 1.524981 3.050784
 5490.000000 12.954120 1.520512 3.032921
 5493.000000 12.959228 1.559356 3.032441
 5496.000000 12.928072 1.566071 2.986332
 5499.000000 13.034317 1.551053 3.043732
 5502.000000 12.977459 1.562001 3.054261
 5505.000000 12.877035 1.565743 3.045550
 5508.000000 12.928636 1.564373 3.043444
 5511.000000 12.956004 1.579370 3.016205
 5514.000000 12.962057 1.561289 3.032483
 5517.000000 13.014820 1.573502 3.016224
 5520.000000 12.980375 1.565635 3.017102
 5523.000000 12.936966 1.538944 3.030456
 5526.000000 12.941373 1.552481 3.017257
 5529.000000 12.902941 1.531500 3.026833
 5532.000000 12.954812 1.539948 3.033445
 5535.000000 12.887427 1.555851 2.993403
 5538.000000 12.850792 1.550327 2.968506
 5541.000000 12.840575 1.546101 2.987904
 5544.000000 12.917282 1.557339 2.993892
 5547.000000 12.924779 1.568533 2.949767
 5550.000000 13.005264 1.569641 2.983449
 5553.000000 12.907220 1.551506 2.998358
 5556.000000 12.923723 1.561721 3.015920
 5559.000000 12.979861 1.556279 3.011245
 5562.000000 12.940579 1.574123 2.946894
 5565.000000 12.896793 1.560570 2.978516
 5568.000000 12.973631 1.555529 2.963023
 5571.000000 12.922719 1.547471 2.989262
 5574.000000 12.943587 1.552122 2.989460
 5577.000000 12.878579 1.532235 3.011673
 5580.000000 12.991452 1.552836 2.988012
 5583.000000 12.971692 1.534381 3.014272
 5586.000000 12.948391 1.553194 3.011597
 5589.000000 12.896973 1.534948 3.002029
 5592.000000 12.947204 1.519725 3.029669
 5595.000000 12.990142 1.528798 3.019589
 5598.000000 12.965027 1.557379 3.000351
 5601.000000 13.047417 1.558427 3.040210
 5604.000000 13.011338 1.574799 3.025901
 5607.000000 13.023004 1.563157 3.018481
 5610.000000 12.973810 1.573665 3.012721
 5613.000000 12.973077 1.570878 3.017135
 5616.000000 12.950875 1.583882 3.004276
 5619.000000 13.006417 1.560936 3.040908
 5622.000000 12.929038 1.576958 3.047258
 5625.000000 12.933438 1.597206 3.021536
 5628.000000 12.936409 1.602152 3.033441
 5631.000000 12.925565 1.603358 3.035301
 5634.000000 12.852113 1.611762 2.977751
 5637.000000 12.902945 1.604674 2.969352
 5640.000000 12.926232 1.576635 3.017662
 5643.000000 12.920383 1.586814 2.974870
 5646.000000 12.940511 1.593961 2.958248
 5649.000000 12.966853 1.570385 2.963057
 5652.000000 12.924747 1.587732 2.961789
 5655.000000 12.957769 1.576354 2.947303
 5658.000000 13.076629 1.551969 2.955910
 5661.000000 13.016578 1.561918 2.963734
 5664.000000 12.934189 1.537114 2.973779
 5667.000000 12.927422 1.533585 2.995061
 5670.000000 12.934411 1.552138 2.966204
 5673.000000 12.875877 1.535273 3.001332
 5676.000000 12.971615 1.538133 2.997231
 5679.000000 12.973437 1.560624 2.997047
 5682.000000 13.047691 1.560422 3.007265
 5685.000000 13.064428 1.571462 2.996241
 5688.000000 13.056257 1.556256 2.981047
 5691.000000 12.999692 1.542493 3.015803
 5694.000000 13.006177 1.545946 2.969096
 5697.000000 13.031891 1.563571 2.995004
 5700.000000 13.045886 1.552311 2.970934
 5703.000000 13.101220 1.555901 2.972537
 5706.000000 13.064006 1.566035 2.996087
 5709.000000 13.121556 1.578768 2.989582
 5712.000000 13.073776 1.555569 3.030016
 5715.000000 13.020070 1.542053 3.064526
 5718.000000 12.990721 1.555269 3.028388
 5721.000000 12.965176 1.559095 3.045981
 5724.000000 13.023248 1.560329 3.071098
 5727.000000 13.055010 1.559700 3.047824
 5730.000000 13.073037 1.561819 3.066674
 5733.000000 13.051245 1.547077 3.067715
 5736.000000 13.136753 1.540043 3.041174
 5739.000000 12.985290 1.560247 3.025216
 5742.000000 12.988833 1.555909 3.013251
 5745.000000 13.015023 1.538723 3.052073
 5748.000000 13.054569 1.522069 3.089949
 5751.000000 13.081314 1.534139 3.028618
 5754.000000 12.995474 1.536127 3.004719
 5757.000000 13.030404 1.527499 3.024876
 5760.000000 13.040714 1.544130 3.008339
 5763.000000 13.072138 1.531887 3.069216
 5766.000000 13.079268 1.560101 3.017655
 5769.000000 13.175727 1.569142 3.004037
 5772.000000 13.229780 1.565876 3.002316
 5775.000000 13.204390 1.537884 3.000054
 5778.000000 13.214925 1.533775 2.970900
 5781.000000 13.166956 1.506148 2.979287
 5784.000000 13.145591 1.529464 2.942977
 5787.000000 13.128732 1.520417 2.956709
 5790.000000 13.038761 1.507782 2.952455
 5793.000000 13.004092 1.508932 2.910457
 5796.000000 13.030464 1.500603 2.942021
 5799.000000 12.966412 1.516159 2.976586
 5802.000000 13.029330 1.511176 2.960709
 5805.000000 12.935527 1.513689 2.974250
 5808.000000 12.954601 1.527973 2.958434
 5811.000000 12.982454 1.559644 2.935630
 5814.000000 13.013350 1.576476 2.954063
 5817.000000 13.102521 1.566155 2.977552
 5820.000000 13.179403 1.568294 2.936011
 5823.000000 13.127465 1.551743 2.975182
 5826.000000 13.122863 1.531487 2.981130
 5829.000000 13.041884 1.528122 2.993948
 5832.000000 13.042578 1.524182 2.993048
 5835.000000 13.041065 1.536111 3.009392
 5838.000000 13.095448 1.526230 2.965259
 5841.000000 13.145914 1.514234 2.975585
 5844.000000 13.173778 1.497547 2.998932
 5847.000000 13.109396 1.522196 3.001897
 5850.000000 13.154520 1.522785 2.989027
 5853.000000 13.120513 1.529978 3.019039
 5856.000000 13.059846 1.529871 2.972409
 5859.000000 13.094577 1.518816 2.986190
 5862.000000 13.087257 1.547207 3.022459
 5865.000000 13.091644 1.559421 2.989703
 5868.000000 13.117298 1.568626 3.001660
 5871.000000 13.137400 1.542579 2.966161
 5874.000000 13.035276 1.525808 2.985661
 5877.000000 13.072513 1.530633 2.961219
 5880.000000 13.021807 1.563072 2.920484
 5883.000000 13.005201 1.532578 2.936812
 5886.000000 13.053209 1.546868 2.962578
 5889.000000 12.928397 1.536801 2.975723
 5892.000000 13.022697 1.542288 2.983456
 5895.000000 12.992832 1.533594 2.982848
 5898.000000 12.997224 1.547998 2.970069
 5901.000000 12.980519 1.526220 2.946784
 5904.000000 12.908866 1.531146 2.969389
 5907.000000 13.050657 1.538873 2.966031
 5910.000000 13.010978 1.566888 2.988335
 5913.000000 13.002985 1.560939 2.968862
 5916.000000 13.037891 1.551947 2.971630
 5919.000000 13.005122 1.548212 2.975306
 5922.000000 13.015072 1.540071 2.981749
 5925.000000 13.029930 1.539746 2.968882
 5928.000000 13.037131 1.545650 2.992944
 5931.000000 13.014728 1.555683 2.980686
 5934.000000 13.047914 1.579801 2.965084
 5937.000000 12.986654 1.554017 2.960010
 5940.000000 12.914683 1.541232 2.990523
 5943.000000 12.954706 1.535336 2.969993
 5946.000000 13.016219 1.531468 2.958988
 5949.000000 13.045107 1.559997 2.979091
 5952.000000 13.028627 1.545138 2.981655
 5955.000000 13.024956 1.566008 2.985129
 5958.000000 12.974181 1.541408 2.990575
 5961.000000 12.981008 1.523516 2.935186
 5964.000000 12.958213 1.544662 2.965620
 5967.000000 12.903164 1.518283 2.959251
 5970.000000 12.888157 1.516816 2.914357
 5973.000000 12.840766 1.548534 2.943952
 5976.000000 12.810404 1.549892 2.950418
 5979.000000 12.734369 1.571501 2.982667
 5982.000000 12.784754 1.575426 2.967959
 5985.000000 12.744144 1.564465 2.971608
 5988.000000 12.664294 1.576585 2.966556
 5991.000000 12.672449 1.565055 2.961758
 5994.000000 12.623272 1.543977 2.949790
 5997.000000 12.651312 1.551663 2.984001
 6000.000000 12.668596 1.534969 2.965167
 6003.000000 12.698105 1.545933 2.969221
 6006.000000 12.735536 1.553214 3.003496
 6009.000000 12.737325 1.561828 3.012448
 6012.000000 12.809584 1.581217 3.035253
 6015.000000 12.886229 1.582079 3.052448
 6018.000000 12.860017 1.552526 3.005754
 6021.000000 12.768291 1.562905 3.013790
 6024.000000 12.804409 1.566763 3.049288
 6027.000000 12.808663 1.522745 3.012085
 6030.000000 12.793625 1.509220 2.967200
 6033.000000 12.842979 1.536039 3.013149
 6036.000000 12.799832 1.503940 3.007840
 6039.000000 12.825712 1.519082 3.000972
 6042.000000 12.852432 1.523732 3.025709
 6045.000000 12.877892 1.520829 3.032901
 6048.000000 12.856178 1.495548 3.017687
 6051.000000 12.847801 1.515284 3.035043
 6054.000000 12.854569 1.490675 3.021704
 6057.000000 12.860626 1.502519 3.028422
 6060.000000 12.854228 1.511182 3.031506
 6063.000000 12.886473 1.508770 3.041098
 6066.000000 12.941948 1.506622 3.038308
 6069.000000 12.885422 1.531469 3.040507
 6072.000000 12.879128 1.532727 3.040218
 6075.000000 12.915659 1.548217 2.998844
 6078.000000 12.933463 1.550587 2.985789
 6081.000000 12.905013 1.539498 3.019583
 6084.000000 12.859803 1.546974 2.993621
 6087.000000 12.907549 1.533317 2.989717
 6090.000000 12.855367 1.551731 2.979462
 6093.000000 12.897764 1.527527 2.992145
 6096.000000 12.869621 1.544918 3.004445
 6099.000000 12.961672 1.535167 2.995516
 6102.000000 12.888340 1.511438 2.993248
 6105.000000 12.854465 1.529816 3.015180
 6108.000000 12.846292 1.519203 2.928479
 6111.000000 12.917319 1.537992 3.000137
 6114.000000 13.041661 1.523667 2.954434
 6117.000000 13.034996 1.522171 2.967958
 6120.000000 13.038249 1.505612 2.970811
 6123.000000 13.076329 1.528873 2.994681
 6126.000000 13.054502 1.525274 2.995339
 6129.000000 12.959488 1.532711 2.994515
 6132.000000 12.936179 1.526261 2.977285
 6135.000000 13.027541 1.506149 2.978058
 6138.000000 12.941979 1.509659 2.956430
 6141.000000 12.951755 1.514553 2.957978
 6144.000000 12.975434 1.515076 2.982983
 6147.000000 12.967313 1.512858 2.989471
 6150.000000 12.949555 1.509632 2.960128
 6153.000000 13.004485 1.519161 2.978783
 6156.000000 12.969634 1.509636 2.951591
 6159.000000 12.869733 1.531049 2.933969
 6162.000000 12.791222 1.523239 2.959332
 6165.000000 12.836291 1.532556 2.964327
 6168.000000 12.766995 1.546495 2.940602
 6171.000000 12.791390 1.550223 2.927398
 6174.000000 12.760698 1.560681 2.949154
 6177.000000 12.791919 1.542147 2.936148
 6180.000000 12.829826 1.542102 2.955476
 6183.000000 12.926602 1.529954 2.961274
 6186.000000 12.937807 1.505576 2.965462
 6189.000000 12.960953 1.519212 2.928253
 6192.000000 12.964463 1.527641 2.961626
 6195.000000 12.989252 1.534083 2.958347
 6198.000000 12.991808 1.527594 2.918332
 6201.000000 13.025419 1.527307 2.896037
 6204.000000 13.045598 1.507099 2.922570
 6207.000000 13.011624 1.488036 2.978477
 6210.000000 12.974493 1.464525 2.961581
 6213.000000 13.010195 1.470856 2.928459
 6216.000000 12.946217 1.485071 2.970808
 6219.000000 12.923526 1.487741 2.969531
 6222.000000 12.859227 1.534293 2.993120
 6225.000000 12.823486 1.525359 2.990357
 6228.000000 12.739863 1.518818 3.007589
 6231.000000 12.846311 1.521347 2.998550
 6234.000000 12.846839 1.516036 2.963047
 6237.000000 12.846538 1.507197 2.971115
 6240.000000 12.883107 1.523641 2.968159
 6243.000000 12.868994 1.503137 2.926850
 6246.000000 12.870253 1.499933 2.973488
 6249.000000 12.875076 1.479044 2.953966
 6252.000000 12.864968 1.477032 2.979859
 6255.000000 12.920483 1.495040 2.918360
 6258.000000 12.900053 1.474559 2.951204
 6261.000000 12.916717 1.475357 2.941861
 6264.000000 12.886772 1.468422 2.940344
 6267.000000 12.851567 1.506398 2.981918
 6270.000000 12.937506 1.507734 2.972227
 6273.000000 12.911204 1.508983 3.004873
 6276.000000 12.922511 1.548696 2.954231
 6279.000000 13.006340 1.540284 2.985543
 6282.000000 13.059853 1.557712 2.973338
 6285.000000 12.985831 1.519481 3.010308
 6288.000000 12.963682 1.501687 3.021654
 6291.000000 13.046862 1.533873 3.054737
 6294.000000 12.962950 1.520853 3.026111
 6297.000000 12.922086 1.545580 3.019076
 6300.000000 12.954521 1.555220 2.980377
 6303.000000 13.000949 1.553338 2.985306
 6306.000000 12.983936 1.551848 3.048886
 6309.000000 13.041340 1.549364 3.050005
 6312.000000 12.997833 1.554552 3.063152
 6315.000000 13.004444 1.544066 3.045739
 6318.000000 12.935789 1.549764 3.037463
 6321.000000 12.871010 1.573053 3.034532
 6324.000000 12.884635 1.568520 3.028197
 6327.000000 12.899288 1.571359 3.054524
 6330.000000 12.900052 1.567582 3.006964
 6333.000000 12.883039 1.536737 3.037988
 6336.000000 12.818330 1.541736 3.019612
 6339.000000 12.818191 1.530181 3.001687
 6342.000000 12.836089 1.526114 2.990599
 6345.000000 12.849969 1.506065 2.991885
 6348.000000 12.874378 1.494490 2.960339
 6351.000000 12.895912 1.501265 2.992369
 6354.000000 12.859121 1.488064 2.992951
 6357.000000 12.871398 1.492655 3.000226
 6360.000000 12.885580 1.512466 3.023436
 6363.000000 12.821081 1.493946 2.966358
 6366.000000 12.812391 1.505256 3.009740
 6369.000000 12.823258 1.504223 3.008187
 6372.000000 12.901795 1.541394 3.022506
 6375.000000 12.867446 1.547378 3.044557
 6378.000000 12.909609 1.558809 3.033916
 6381.000000 12.876962 1.546454 3.028216
 6384.000000 12.961101 1.546576 3.066713
 6387.000000 12.984642 1.542924 3.048046
 6390.000000 12.958298 1.535225 3.036600
 6393.000000 13.021564 1.542960 3.032054
 6396.000000 12.979735 1.555748 3.032658
 6399.000000 13.044716 1.554416 3.029292
 6402.000000 13.039597 1.552544 3.028372
 6405.000000 12.984187 1.535633 3.056332
 6408.000000 12.957742 1.550151 3.012174
 6411.000000 12.971261 1.550004 3.004152
 6414.000000 12.907783 1.550278 2.986461
 6417.000000 13.039965 1.562172 2.959058
 6420.000000 12.923560 1.531342 3.019689
 6423.000000 12.901677 1.520095 2.955307
 6426.000000 12.918220 1.540411 2.968518
 6429.000000 12.925480 1.550219 2.958425
 6432.000000 12.997968 1.553354 2.946743
 6435.000000 12.923521 1.576172 2.963059
 6438.000000 12.928898 1.583391 2.974004
 6441.000000 12.845215 1.567981 2.984392
 6444.000000 12.884736 1.576678 2.968228
 6447.000000 12.960829 1.576819 2.969171
 6450.000000 12.919378 1.573341 2.937393
 6453.000000 12.871413 1.609382 2.938074
 6456.000000 12.857758 1.610088 2.956349
 6459.000000 12.946928 1.563894 2.935175
 6462.000000 12.961943 1.578774 2.930060
 6465.000000 12.885725 1.577855 2.935323
 6468.000000 12.791915 1.571961 2.963091
 6471.000000 12.757287 1.542161 2.962868
 6474.000000 12.832935 1.579887 3.025478
 6477.000000 12.827113 1.561373 2.991667
 6480.000000 12.828005 1.574501 2.991665
 6483.000000 12.803362 1.577990 3.011666
 6486.000000 12.929184 1.576550 3.027463
 6489.000000 12.945611 1.569427 3.003849
 6492.000000 12.988158 1.564490 2.993304
 6495.000000 13.063252 1.551296 2.931769
 6498.000000 12.975501 1.552430 2.940554
 6501.000000 13.020508 1.558784 2.920174
 6504.000000 13.029504 1.548988 2.951756
 6507.000000 12.938793 1.549172 2.913563
 6510.000000 12.988905 1.535866 2.940365
 6513.000000 12.938265 1.537557 2.946858
 6516.000000 12.987606 1.556209 2.954910
 6519.000000 12.908884 1.542405 2.928256
 6522.000000 12.842151 1.542130 2.955491
 6525.000000 12.859820 1.524986 2.960835
 6528.000000 12.856722 1.559091 2.952116
 6531.000000 12.948423 1.570992 2.951929
 6534.000000 12.985268 1.566564 2.946583
 6537.000000 12.993664 1.572754 2.951925
 6540.000000 12.987488 1.554610 2.976884
 6543.000000 12.943291 1.563536 2.971922
 6546.000000 12.939473 1.567639 3.004821
 6549.000000 12.944350 1.551560 2.999014
 6552.000000 12.939176 1.556122 3.004958
 6555.000000 13.018438 1.574829 3.028279
 6558.000000 12.965047 1.561032 3.019161
 6561.000000 12.995603 1.540860 3.002522
 6564.000000 12.989825 1.552896 2.989309
 6567.000000 13.022516 1.561958 2.967874
 6570.000000 12.965626 1.569346 2.978101
 6573.000000 13.006674 1.580627 2.962112
 6576.000000 13.039699 1.575769 2.951833
 6579.000000 13.018034 1.561260 2.942057
 6582.000000 13.024997 1.555176 2.928464
 6585.000000 13.021422 1.558479 2.967769
 6588.000000 13.015460 1.587994 3.007378
 6591.000000 13.113028 1.595783 3.009413
 6594.000000 13.146619 1.593227 3.036383
 6597.000000 13.071709 1.595913 3.037015
 6600.000000 13.035272 1.605613 3.009456
 6603.000000 12.975402 1.604936 3.029111
 6606.000000 12.985500 1.598223 2.991840
 6609.000000 13.021606 1.586462 3.004174
 6612.000000 13.085109 1.604141 2.997011
 6615.000000 13.063077 1.583009 3.011659
 6618.000000 13.052051 1.598003 3.001777
 6621.000000 13.045414 1.597716 2.987015
 6624.000000 12.979450 1.597995 3.011779
 6627.000000 13.006246 1.606792 2.989102
 6630.000000 13.030456 1.616244 3.014067
 6633.000000 13.042310 1.582194 2.954658
 6636.000000 13.053864 1.581826 2.952962
 6639.000000 13.043136 1.587949 2.951933
 6642.000000 13.002776 1.595879 2.991210
 6645.000000 12.950981 1.574827 2.958288
 6648.000000 12.959104 1.593282 2.986199
 6651.000000 12.845150 1.585884 3.001728
 6654.000000 12.839622 1.621208 3.066928
 6657.000000 12.812893 1.598043 3.012647
 6660.000000 12.763986 1.611907 2.972823
 6663.000000 12.737570 1.582200 2.950937
 6666.000000 12.751745 1.595722 2.988901
 6669.000000 12.837119 1.596152 3.005669
 6672.000000 12.849293 1.582398 2.994590
 6675.000000 12.806756 1.588060 3.000250
 6678.000000 12.864839 1.582438 2.988419
 6681.000000 12.912527 1.602813 2.995962
 6684.000000 12.944798 1.585104 2.989100
 6687.000000 12.912329 1.576285 3.026796
 6690.000000 12.854657 1.595609 3.088616
 6693.000000 12.895046 1.578831 3.051950
 6696.000000 12.868822 1.578421 3.028604
 6699.000000 12.775311 1.551691 3.005884
 6702.000000 12.829767 1.579022 3.009690
 6705.000000 12.932172 1.568793 3.041297
 6708.000000 12.930511 1.582146 3.024095
 6711.000000 12.932005 1.573280 3.003485
 6714.000000 12.898966 1.566145 2.977848
 6717.000000 12.977970 1.578219 3.004816
 6720.000000 12.909146 1.569736 2.988144
 6723.000000 12.973233 1.565957 2.958816
 6726.000000 12.966087 1.575005 2.979046
 6729.000000 12.978151 1.570701 2.993150
 6732.000000 12.955465 1.573909 2.953893
 6735.000000 12.950403 1.585942 2.980696
 6738.000000 12.932705 1.570083 2.984097
 6741.000000 12.886230 1.551621 2.981175
 6744.000000 12.953254 1.542584 2.957031
 6747.000000 12.972118 1.562170 2.993570
 6750.000000 12.930019 1.554764 3.009508
 6753.000000 12.984465 1.543866 2.997123
 6756.000000 12.983433 1.540636 3.000777
 6759.000000 12.929506 1.525074 3.003354
 6762.000000 12.951216 1.536190 3.015521
 6765.000000 12.952835 1.539897 3.014743
 6768.000000 12.904235 1.548531 3.013449
 6771.000000 12.894355 1.532017 3.018850
 6774.000000 12.910684 1.545405 3.037654
 6777.000000 12.960314 1.556149 3.043714
 6780.000000 12.925428 1.553763 3.043849
 6783.000000 12.919552 1.567715 3.051813
 6786.000000 12.930741 1.542724 3.019910
 6789.000000 12.949035 1.528490 2.991811
 6792.000000 12.997213 1.542017 3.043408
 6795.000000 12.843465 1.529385 3.078398
 6798.000000 12.876022 1.529928 3.044964
 6801.000000 12.883286 1.539384 3.012985
 6804.000000 12.934964 1.541969 3.044277
 6807.000000 12.870019 1.520127 3.029240
 6810.000000 12.835358 1.540763 3.040238
 6813.000000 12.858123 1.542362 3.027566
 6816.000000 12.823309 1.545544 3.014947
 6819.000000 12.847268 1.572299 3.062933
 6822.000000 12.881988 1.565874 3.014034
 6825.000000 12.801829 1.543147 3.002308
 6828.000000 12.896533 1.539926 3.028474
 6831.000000 12.886343 1.551005 3.049684
 6834.000000 12.905442 1.563978 3.068864
 6837.000000 12.861126 1.573975 3.073881
 6840.000000 12.878487 1.558975 3.050690
 6843.000000 12.862240 1.582297 3.071926
 6846.000000 12.861240 1.590080 3.079815
 6849.000000 12.836286 1.597629 3.062667
 6852.000000 12.878995 1.579367 3.004951
 6855.000000 12.888556 1.593644 3.020866
 6858.000000 12.944665 1.578798 2.978769
 6861.000000 12.894643 1.572843 3.009407
 6864.000000 12.880183 1.568747 3.027230
 6867.000000 12.863231 1.568902 3.009153
 6870.000000 12.840829 1.581400 3.057059
 6873.000000 12.850046 1.569273 3.037570
 6876.000000 12.862198 1.579020 3.043858
 6879.000000 12.936604 1.575038 3.026868
 6882.000000 12.941560 1.576722 3.017660
 6885.000000 12.933171 1.591652 3.048121
 6888.000000 12.893203 1.592688 3.065844
 6891.000000 12.809939 1.607943 3.095503
 6894.000000 12.765006 1.584045 3.093239
 6897.000000 12.742878 1.560285 3.026253
 6900.000000 12.769261 1.522439 3.019328
 6903.000000 12.794525 1.530825 3.045014
 6906.000000 12.808525 1.521984 3.022809
 6909.000000 12.807884 1.512197 3.034583
 6912.000000 12.841706 1.506489 3.006774
 6915.000000 12.874366 1.545692 3.052693
 6918.000000 12.859776 1.556712 3.065565
 6921.000000 12.773331 1.552505 3.052212
 6924.000000 12.791099 1.528882 3.057846
 6927.000000 12.890535 1.525926 3.029243
 6930.000000 12.936313 1.522368 3.020392
 6933.000000 12.969362 1.526851 2.991618
 6936.000000 12.819967 1.553425 2.988001
 6939.000000 12.840262 1.543149 2.973929
 6942.000000 12.868190 1.530801 2.988630
 6945.000000 12.855089 1.537540 3.023128
 6948.000000 12.825818 1.540724 3.011544
 6951.000000 12.854504 1.543925 2.990194
 6954.000000 12.856497 1.579526 3.044915
 6957.000000 12.840682 1.581518 2.998607
 6960.000000 12.869478 1.554856 2.962655
 6963.000000 12.955016 1.584449 3.011537
 6966.000000 12.882589 1.572839 2.990892
 6969.000000 12.896951 1.603467 3.015530
 6972.000000 12.840482 1.606983 3.021030
 6975.000000 12.798051 1.610759 3.061176
 6978.000000 12.742988 1.583236 3.003750
 6981.000000 12.774236 1.586957 3.028003
 6984.000000 12.738853 1.581871 2.985298
 6987.000000 12.698455 1.581159 2.998675
 6990.000000 12.790245 1.573230 3.005514
 6993.000000 12.778623 1.607070 3.025430
 6996.000000 12.836250 1.642716 3.027101
 6999.000000 12.834626 1.605915 3.027875
 7002.000000 12.830603 1.588027 2.986303
 7005.000000 12.766360 1.577533 3.020512
 7008.000000 12.745277 1.593387 3.019467
 7011.000000 12.784849 1.574607 2.988063
 7014.000000 12.768516 1.588718 2.999235
 7017.000000 12.794223 1.617701 3.052043
 7020.000000 12.807511 1.611047 3.020188
 7023.000000 12.857984 1.609597 3.062539
 7026.000000 12.909900 1.600308 3.050968
 7029.000000 12.917211 1.623448 3.036164
 7032.000000 12.938540 1.613121 3.013166
 7035.000000 12.897123 1.595934 3.014994
 7038.000000 12.970575 1.573636 3.003270
 7041.000000 12.996030 1.575344 3.029355
 7044.000000 12.986883 1.559130 2.999505
 7047.000000 12.918267 1.556890 3.015238
 7050.000000 12.919535 1.588249 3.054870
 7053.000000 13.018745 1.576418 3.048211
 7056.000000 12.965686 1.566536 3.079675
 7059.000000 12.980519 1.602064 3.075837
 7062.000000 12.937606 1.580806 3.060163
 7065.000000 12.995390 1.586964 3.067629
 7068.000000 12.912064 1.587707 3.048426
 7071.000000 13.009956 1.583660 3.031660
 7074.000000 13.088685 1.580118 3.015281
 7077.000000 13.028592 1.583444 3.024420
 7080.000000 12.994017 1.581847 3.017923
 7083.000000 13.007563 1.608531 3.000580
 7086.000000 12.960571 1.609487 3.009498
 7089.000000 13.062352 1.620254 3.000810
 7092.000000 13.003637 1.618020 2.978553
 7095.000000 12.955874 1.602680 2.992354
 7098.000000 12.958012 1.596759 3.010349
 7101.000000 13.017698 1.595690 3.004520
 7104.000000 13.000318 1.587522 3.023033
 7107.000000 12.982335 1.597957 3.032574
 7110.000000 12.964989 1.581027 3.022848
 7113.000000 12.967847 1.568740 3.012226
 7116.000000 12.887247 1.571330 3.060797
 7119.000000 12.940890 1.584642 3.065887
 7122.000000 12.954213 1.606264 3.039637
 7125.000000 12.955130 1.593518 3.041347
 7128.000000 12.767825 1.560881 3.050893
 7131.000000 12.776789 1.562497 3.067223
 7134.000000 12.796062 1.553953 3.075320
 7137.000000 12.778035 1.544827 3.019767
 7140.000000 12.825454 1.535223 3.006005
 7143.000000 12.823221 1.545577 2.998262
 7146.000000 12.907123 1.557695 3.010147
 7149.000000 12.978919 1.556981 3.004384
 7152.000000 12.986967 1.540849 3.025640
 7155.000000 12.953930 1.547651 3.035611
 7158.000000 12.977206 1.503684 2.976048
 7161.000000 13.000840 1.518044 3.009712
 7164.000000 12.944207 1.521331 3.017769
 7167.000000 12.867632 1.533855 2.992846
 7170.000000 12.861475 1.558955 3.013084
 7173.000000 12.835540 1.546113 3.016807
 7176.000000 12.876528 1.543721 2.991276
 7179.000000 12.931002 1.558245 3.013223
 7182.000000 12.886909 1.538563 3.006092
 7185.000000 12.894238 1.517124 2.978308
 7188.000000 12.894058 1.513802 2.983773
 7191.000000 12.905148 1.512220 2.981302
 7194.000000 12.998746 1.545267 3.034556
 7197.000000 13.083845 1.540822 3.004523
 7200.000000 13.032995 1.542001 3.001212
 7203.000000 12.998913 1.543251 2.997993
 7206.000000 12.912598 1.535859 2.993040
 7209.000000 12.884960 1.531450 2.964934
 7212.000000 12.892480 1.596640 3.031272
 7215.000000 12.903686 1.569899 3.003393
 7218.000000 12.939291 1.607590 3.028992
 7221.000000 12.993397 1.616139 3.000581
 7224.000000 13.031936 1.583902 2.976604
 7227.000000 13.023839 1.581896 3.007848
 7230.000000 13.056876 1.580331 3.021384
 7233.000000 13.020943 1.603489 3.012909
 7236.000000 13.050014 1.589116 2.986226
 7239.000000 13.075947 1.586718 2.981059
 7242.000000 13.039262 1.571805 2.981789
 7245.000000 13.079664 1.560050 2.983015
 7248.000000 13.136709 1.566264 2.987315
 7251.000000 13.021333 1.586702 2.997457
 7254.000000 12.965221 1.584780 3.016648
 7257.000000 13.090159 1.587180 3.025548
 7260.000000 13.035279 1.579658 3.043561
 7263.000000 13.004603 1.579322 3.062456
 7266.000000 12.992112 1.594237 3.069688
 7269.000000 13.036970 1.583817 3.047828
 7272.000000 13.090890 1.588688 2.996481
 7275.000000 13.039155 1.599125 3.026529
 7278.000000 13.055877 1.589759 3.034196
 7281.000000 13.072649 1.585479 3.020092
 7284.000000 13.067300 1.576235 3.055348
 7287.000000 13.085075 1.611048 3.052119
 7290.000000 13.063514 1.580521 3.037299
 7293.000000 13.068734 1.562593 3.033850
 7296.000000 13.075800 1.581481 3.036568
 7299.000000 13.061844 1.559759 2.995874
 7302.000000 13.066455 1.557121 3.005779
 7305.000000 13.102730 1.565753 3.006366
 7308.000000 13.151034 1.567652 3.016233
 7311.000000 13.168576 1.561043 3.002015
 7314.000000 13.170837 1.565956 2.964862
 7317.000000 13.119426 1.563757 2.959376
 7320.000000 13.105655 1.537700 2.994468
 7323.000000 13.134121 1.568754 2.952884
 7326.000000 13.072053 1.585964 2.969505
 7329.000000 13.071488 1.587924 2.995770
 7332.000000 13.026067 1.583925 2.983566
 7335.000000 12.980141 1.566109 3.009472
 7338.000000 12.966353 1.598352 3.024546
 7341.000000 12.904508 1.586872 3.012886
 7344.000000 12.858449 1.595648 2.986669
 7347.000000 12.876620 1.594673 3.028567
 7350.000000 12.922274 1.587452 2.998154
 7353.000000 12.893299 1.548932 3.023265
 7356.000000 12.881925 1.564388 3.026249
 7359.000000 12.822747 1.575004 3.001326
 7362.000000 12.809038 1.549810 3.009818
 7365.000000 12.889503 1.549729 2.991369
 7368.000000 12.849139 1.549975 3.009991
 7371.000000 12.861895 1.544859 3.013449
 7374.000000 12.808874 1.555258 3.011587
 7377.000000 12.880092 1.548811 2.963560
 7380.000000 12.783222 1.571191 2.956444
 7383.000000 12.859572 1.533891 3.017701
 7386.000000 12.929287 1.523819 3.022608
 7389.000000 12.934303 1.559724 2.991045
 7392.000000 13.025848 1.549418 2.990182
 7395.000000 12.956995 1.563281 3.035381
 7398.000000 12.973518 1.596566 3.015163
 7401.000000 12.936180 1.589190 2.998991
 7404.000000 12.950450 1.571753 2.997842
 7407.000000 12.939964 1.578157 3.030119
 7410.000000 12.910502 1.584046 3.002895
 7413.000000 12.914381 1.554139 3.007071
 7416.000000 12.893715 1.563994 3.000062
 7419.000000 12.892899 1.565752 3.011976
 7422.000000 12.848803 1.598259 2.996625
 7425.000000 12.858894 1.610910 2.981704
 7428.000000 12.973923 1.573269 2.999484
 7431.000000 13.008008 1.587227 2.983950
 7434.000000 12.964902 1.587858 2.946230
 7437.000000 12.926637 1.593623 2.932748
 7440.000000 13.016535 1.579039 2.968509
 7443.000000 12.985054 1.600872 2.964489
 7446.000000 13.047180 1.581210 3.007942
 7449.000000 13.031941 1.572724 3.006384
 7452.000000 12.948014 1.601080 2.978117
 7455.000000 12.935982 1.585470 2.999165
 7458.000000 13.001494 1.586142 2.982291
 7461.000000 13.022835 1.585129 2.969577
 7464.000000 12.982315 1.587325 2.980499
 7467.000000 12.945569 1.596788 2.998116
 7470.000000 12.970743 1.574171 3.017038
 7473.000000 12.966651 1.606460 3.015223
 7476.000000 12.965940 1.619726 3.051244
 7479.000000 12.833599 1.607093 3.062821
 7482.000000 12.896931 1.608255 3.047102
 7485.000000 12.936110 1.622442 3.043383
 7488.000000 12.881588 1.633387 3.049410
 7491.000000 12.892972 1.632961 2.994562
 7494.000000 12.871814 1.601363 2.982967
 7497.000000 12.773549 1.587367 3.021427
 7500.000000 12.781071 1.586330 3.019497
 7503.000000 12.744089 1.604068 3.011826
 7506.000000 12.817649 1.620287 3.010424
 7509.000000 12.820579 1.610592 3.014247
 7512.000000 12.827366 1.604197 3.036913
 7515.000000 12.800444 1.597464 3.032733
 7518.000000 12.792993 1.607616 3.016686
 7521.000000 12.820317 1.625522 3.017267
 7524.000000 12.854245 1.611685 2.985898
 7527.000000 12.861728 1.617549 2.988799
 7530.000000 12.868238 1.594849 3.000383
 7533.000000 12.805009 1.599050 2.980988
 7536.000000 12.816095 1.595328 2.985868
 7539.000000 12.866181 1.614183 2.964223
 7542.000000 12.941287 1.616542 2.981750
 7545.000000 12.936572 1.619575 2.952288
 7548.000000 12.861911 1.622097 2.993659
 7551.000000 12.916834 1.632854 2.989660
 7554.000000 12.876639 1.612417 2.970001
 7557.000000 12.820659 1.602425 3.006650
 7560.000000 12.869969 1.603909 2.957658
 7563.000000 12.865195 1.579102 2.954044
 7566.000000 12.875050 1.580726 2.948792
 7569.000000 12.895377 1.589141 2.953060
 7572.000000 12.874949 1.574260 2.976070
 7575.000000 12.967552 1.589137 2.971006
 7578.000000 12.938997 1.593269 2.965925
 7581.000000 12.896275 1.595316 2.977491
 7584.000000 12.923857 1.602291 2.935138
 7587.000000 12.917251 1.583183 2.932104
 7590.000000 12.949138 1.574194 2.922918
 7593.000000 12.893294 1.566199 2.926415
 7596.000000 12.877211 1.585179 2.944068
 7599.000000 12.950252 1.568934 2.949600
 7602.000000 12.871543 1.571605 2.979663
 7605.000000 12.929611 1.559036 3.010644
 7608.000000 12.976274 1.556840 3.008928
 7611.000000 12.931922 1.550455 2.998218
 7614.000000 12.987084 1.537619 2.998872
 7617.000000 12.951137 1.541539 3.025518
 7620.000000 12.892718 1.554902 3.017541
 7623.000000 12.869221 1.576565 3.011648
 7626.000000 12.986139 1.558296 2.973062
 7629.000000 13.096745 1.566287 2.985482
 7632.000000 13.051948 1.562762 2.995270
 7635.000000 13.017535 1.593902 2.979447
 7638.000000 12.993007 1.554543 2.993797
 7641.000000 12.963750 1.569207 2.989246
 7644.000000 12.923057 1.562543 3.017646
 7647.000000 12.945334 1.566563 3.015771
 7650.000000 12.958070 1.601814 3.033068
 7653.000000 12.932082 1.605930 3.020955
 7656.000000 12.919324 1.599417 3.008745
 7659.000000 12.914433 1.602979 3.003497
 7662.000000 12.953588 1.610741 2.999206
 7665.000000 12.908570 1.579437 3.002567
 7668.000000 12.875556 1.597885 2.982022
 7671.000000 12.894297 1.605191 2.996795
 7674.000000 12.967705 1.612878 2.997009
 7677.000000 12.941119 1.627036 3.014999
 7680.000000 12.914061 1.608442 3.008253
 7683.000000 12.927558 1.594683 3.010264
 7686.000000 12.923841 1.595765 2.995548
 7689.000000 12.953566 1.589383 3.028451
 7692.000000 12.927793 1.579501 3.014835
 7695.000000 13.001048 1.549146 2.988038
 7698.000000 13.011909 1.575365 2.997795
 7701.000000 12.960309 1.565866 3.042106
 7704.000000 12.914049 1.553296 3.059871
 7707.000000 12.957319 1.547033 3.032711
 7710.000000 12.997447 1.532977 2.978513
 7713.000000 12.996988 1.537366 2.984228
 7716.000000 12.955238 1.559322 3.027128
 7719.000000 12.986447 1.540432 2.997471
 7722.000000 13.005928 1.557516 2.985874
 7725.000000 13.076611 1.583473 2.978961
 7728.000000 13.141625 1.568693 2.961881
 7731.000000 13.034728 1.585006 2.995119
 7734.000000 13.026630 1.584847 2.993216
 7737.000000 13.051509 1.537267 2.957643
 7740.000000 13.064265 1.580108 3.009565
 7743.000000 13.081449 1.583296 3.011828
 7746.000000 13.057544 1.606712 3.017871
 7749.000000 13.071438 1.598730 2.995098
 7752.000000 13.004308 1.600556 2.982120
 7755.000000 12.989008 1.613108 2.993814
 7758.000000 12.974450 1.618277 2.994145
 7761.000000 12.992927 1.631650 2.989242
 7764.000000 12.891507 1.646934 2.989576
 7767.000000 12.853783 1.625273 2.984186
 7770.000000 12.927933 1.616627 2.970562
 7773.000000 12.918371 1.620753 2.993650
 7776.000000 12.914626 1.616993 2.972833
 7779.000000 13.001098 1.604147 2.990261
 7782.000000 13.006185 1.606238 2.978828
 7785.000000 12.940444 1.620764 2.954120
 7788.000000 12.996660 1.616074 2.951913
 7791.000000 12.955098 1.611791 2.920389
 7794.000000 12.920304 1.621705 2.986237
 7797.000000 12.912194 1.604422 2.953887
 7800.000000 12.872049 1.635430 2.969294
 7803.000000 12.900850 1.633648 2.945817
 7806.000000 12.932386 1.653233 2.976573
 7809.000000 12.906168 1.631789 2.982899
 7812.000000 12.938575 1.633083 2.999330
 7815.000000 12.909732 1.601644 3.024143
 7818.000000 12.980419 1.597554 3.037499
 7821.000000 13.052092 1.585333 2.984642
 7824.000000 13.090278 1.615138 3.000044
 7827.000000 13.193957 1.625676 3.003037
 7830.000000 13.079206 1.648068 3.005567
 7833.000000 13.097401 1.651948 2.995132
 7836.000000 13.029510 1.628819 2.996196
 7839.000000 13.038885 1.621038 2.977019
 7842.000000 12.934575 1.628647 2.978244
 7845.000000 12.915977 1.632526 2.958345
 7848.000000 12.921209 1.633549 2.949429
 7851.000000 12.972371 1.637661 2.994439
 7854.000000 12.929690 1.625067 2.957508
 7857.000000 12.943129 1.630091 3.007010
 7860.000000 12.974430 1.620919 2.997582
 7863.000000 12.988873 1.611307 2.954882
 7866.000000 12.885530 1.602701 2.915602
 7869.000000 12.883817 1.602947 2.930312
 7872.000000 12.960702 1.571585 2.960863
 7875.000000 12.932250 1.571535 2.965240
 7878.000000 12.957221 1.555744 2.987794
 7881.000000 12.994809 1.555976 3.014627
 7884.000000 12.924152 1.544273 3.045811
 7887.000000 12.935777 1.561545 3.053673
 7890.000000 12.931599 1.578747 3.024379
 7893.000000 12.987915 1.568134 2.988911
 7896.000000 12.935884 1.570694 3.022758
 7899.000000 12.929809 1.592269 3.002159
 7902.000000 12.921167 1.571567 3.042034
 7905.000000 12.847685 1.561292 3.054586
 7908.000000 12.853365 1.585500 3.034373
 7911.000000 12.853791 1.588571 3.055107
 7914.000000 12.887732 1.596545 3.026106
 7917.000000 12.908499 1.602915 3.017047
 7920.000000 12.812104 1.562575 2.996954
 7923.000000 12.811432 1.567943 3.026106
 7926.000000 12.763660 1.558048 2.981682
 7929.000000 12.756698 1.595642 2.945125
 7932.000000 12.616399 1.585246 2.961614
 7935.000000 12.713816 1.587608 2.995525
 7938.000000 12.718639 1.600988 2.965212
 7941.000000 12.703774 1.611361 2.991029
 7944.000000 12.821019 1.609647 3.013221
 7947.000000 12.849860 1.621606 3.043113
 7950.000000 12.854464 1.627999 2.997672
 7953.000000 12.853398 1.613696 3.044785
 7956.000000 12.909077 1.600314 3.039824
 7959.000000 12.863308 1.575782 3.041246
 7962.000000 12.828089 1.569650 3.006118
 7965.000000 12.808170 1.605709 3.000648
 7968.000000 12.852723 1.593058 2.977199
 7971.000000 12.771637 1.587702 2.990954
 7974.000000 12.859636 1.578786 2.996634
 7977.000000 12.857041 1.590952 3.000153
 7980.000000 12.851111 1.578519 2.987832
 7983.000000 12.847177 1.612201 3.001962
 7986.000000 12.825463 1.584469 2.941439
 7989.000000 12.803753 1.564808 2.977202
 7992.000000 12.864119 1.578085 2.983339
 7995.000000 12.792678 1.567960 2.964095
 7998.000000 12.855310 1.601107 3.008975
 8001.000000 12.797937 1.590089 3.050827
 8004.000000 12.891879 1.590992 3.015460
 8007.000000 12.842552 1.577177 2.989051
 8010.000000 12.881803 1.575967 3.006159
 8013.000000 12.890755 1.547409 3.030218
 8016.000000 12.754091 1.577258 3.056361
 8019.000000 12.779681 1.583229 3.051141
 8022.000000 12.761249 1.587320 2.997183
 8025.000000 12.743867 1.576024 3.006873
 8028.000000 12.697840 1.584072 2.958028
 8031.000000 12.763221 1.595338 2.930909
 8034.000000 12.791081 1.592068 2.943954
 8037.000000 12.772570 1.606436 2.979763
 8040.000000 12.798749 1.581985 2.978602
 8043.000000 12.815357 1.612086 2.956097
 8046.000000 12.784749 1.618672 2.973610
 8049.000000 12.843418 1.566734 3.017311
 8052.000000 12.865143 1.565064 3.010203
 8055.000000 12.849153 1.560408 3.008411
 8058.000000 12.802979 1.549332 3.036050
 8061.000000 12.759392 1.542814 3.029089
 8064.000000 12.795380 1.509601 3.035431
 8067.000000 12.716344 1.532111 3.024658
 8070.000000 12.857390 1.535768 3.015882
 8073.000000 12.916006 1.526196 3.025613
 8076.000000 12.965277 1.539897 2.990001
 8079.000000 13.013887 1.549772 3.006503
 8082.000000 13.089767 1.543446 2.980779
 8085.000000 13.024199 1.530049 2.996305
 8088.000000 13.066865 1.545443 2.987664
 8091.000000 12.980223 1.533634 2.951725
 8094.000000 12.923871 1.560700 2.993131
 8097.000000 13.014446 1.568719 2.989957
 8100.000000 13.058154 1.581152 3.024048
 8103.000000 13.152414 1.579358 3.017887
 8106.000000 13.102654 1.583789 3.027267
 8109.000000 13.031976 1.578636 3.055318
 8112.000000 13.079047 1.571945 3.027205
 8115.000000 13.013313 1.575223 3.042900
 8118.000000 13.064768 1.569192 3.032655
 8121.000000 12.967081 1.549012 3.055330
 8124.000000 12.968562 1.555643 3.048519
 8127.000000 12.990297 1.569746 3.068086
 8130.000000 13.033753 1.597009 3.042950
 8133.000000 12.969640 1.561713 3.055491
 8136.000000 12.926832 1.550563 3.077840
 8139.000000 12.942335 1.542751 3.082818
 8142.000000 12.931975 1.556893 3.055209
 8145.000000 12.989548 1.565382 3.038273
 8148.000000 12.993882 1.586317 3.027284
 8151.000000 12.962693 1.603738 3.026117
 8154.000000 13.023408 1.619538 2.983930
 8157.000000 13.020469 1.614620 2.975933
 8160.000000 12.994759 1.637676 2.960274
 8163.000000 12.834466 1.623549 2.999324
 8166.000000 12.925878 1.648651 2.980465
 8169.000000 12.922581 1.642924 3.022002
 8172.000000 12.943241 1.631983 3.012416
 8175.000000 12.881775 1.618880 3.021963
 8178.000000 12.914536 1.622556 2.993424
 8181.000000 12.972690 1.611852 2.992857
 8184.000000 13.002565 1.616987 2.995823
 8187.000000 13.048611 1.625902 3.045987
 8190.000000 13.009014 1.633768 3.020092
 8193.000000 12.980966 1.625963 3.025732
 8196.000000 12.917011 1.605787 3.043384
 8199.000000 12.945453 1.622003 3.004210
 8202.000000 12.915724 1.620432 2.994090
 8205.000000 12.951002 1.618715 2.993036
 8208.000000 12.949466 1.620311 2.992326
 8211.000000 12.942421 1.618852 2.969584
 8214.000000 12.950081 1.627781 2.992437
 8217.000000 12.870761 1.602803 3.022205
 8220.000000 12.918391 1.577120 3.002189
 8223.000000 12.940261 1.573028 2.995075
 8226.000000 12.880902 1.596267 2.994824
 8229.000000 12.935331 1.601852 2.991387
 8232.000000 12.818595 1.570226 3.006482
 8235.000000 12.837053 1.573905 3.015784
 8238.000000 12.872336 1.589778 3.009809
 8241.000000 12.903591 1.598431 3.008299
 8244.000000 12.961675 1.599131 2.972454
 8247.000000 12.882824 1.575637 2.997783
 8250.000000 12.973928 1.559434 2.987197
 8253.000000 12.972175 1.571835 2.973207
 8256.000000 12.947953 1.571157 2.968011
 8259.000000 12.955401 1.575957 2.993705
 8262.000000 12.993076 1.572708 2.993517
 8265.000000 12.921872 1.561019 3.000642
 8268.000000 12.878314 1.566384 3.004796
 8271.000000 12.883775 1.610810 2.956783
 8274.000000 12.852188 1.575005 2.940280
 8277.000000 12.807958 1.597349 2.928217
 8280.000000 12.847871 1.611264 2.912730
 8283.000000 12.829340 1.597106 2.974703
 8286.000000 12.845234 1.610542 2.971274
 8289.000000 12.904259 1.594643 3.008823
 8292.000000 12.948447 1.614144 3.023969
 8295.000000 12.974247 1.582357 3.023646
 8298.000000 12.870176 1.593043 3.011463
 8301.000000 12.859350 1.587513 3.048563
 8304.000000 12.723932 1.588030 3.011885
 8307.000000 12.826217 1.608638 2.979705
 8310.000000 12.744047 1.601734 2.996609
 8313.000000 12.814938 1.588054 3.020877
 8316.000000 12.856067 1.629211 3.024944
 8319.000000 12.871824 1.631935 3.033780
 8322.000000 12.927110 1.628446 3.034688
 8325.000000 12.865995 1.620267 2.997337
 8328.000000 12.965805 1.615383 3.030572
 8331.000000 12.981343 1.626499 3.042119
 8334.000000 12.928826 1.623352 2.991031
 8337.000000 12.921061 1.619224 3.043987
 8340.000000 12.911036 1.616730 3.032398
 8343.000000 12.900252 1.608689 3.033713
 8346.000000 12.891956 1.578249 3.022708
 8349.000000 12.960104 1.600975 2.987423
 8352.000000 12.892503 1.613357 2.992696
 8355.000000 12.952826 1.595006 2.987188
 8358.000000 12.958599 1.577093 2.993458
 8361.000000 12.949530 1.562118 2.973036
 8364.000000 12.908475 1.570116 3.001820
 8367.000000 12.963299 1.566230 3.032756
 8370.000000 13.052622 1.574995 3.007811
 8373.000000 12.995821 1.561000 3.026018
 8376.000000 12.970091 1.554550 3.031904
 8379.000000 13.024356 1.564926 3.019055
 8382.000000 13.002022 1.562773 3.000288
 8385.000000 12.986074 1.566264 2.976129
 8388.000000 12.982519 1.558193 2.995900
 8391.000000 13.008556 1.567906 2.956016
 8394.000000 13.044222 1.594111 2.943124
 8397.000000 13.047646 1.576953 2.923352
 8400.000000 13.054041 1.569816 2.970070
 8403.000000 13.111279 1.576110 2.981761
 8406.000000 13.121539 1.577394 2.961613
 8409.000000 13.086596 1.582793 2.968581
 8412.000000 13.182512 1.588714 2.962155
 8415.000000 13.165509 1.612685 2.913927
 8418.000000 13.094859 1.601293 2.947061
 8421.000000 13.027342 1.599373 2.954137
 8424.000000 13.026808 1.606922 2.945965
 8427.000000 13.094033 1.584423 2.928616
 8430.000000 12.976355 1.568110 2.986898
 8433.000000 12.956466 1.605359 2.939872
 8436.000000 13.042519 1.589052 3.008851
 8439.000000 13.022272 1.592474 2.984749
 8442.000000 12.922684 1.617264 2.974154
 8445.000000 12.917202 1.614033 3.027089
 8448.000000 12.953759 1.610827 3.038009
 8451.000000 12.971459 1.592751 3.022412
 8454.000000 12.925566 1.561598 3.031608
 8457.000000 12.898298 1.558225 3.033965
 8460.000000 12.872618 1.605879 3.010659
 8463.000000 12.877665 1.583663 3.011531
 8466.000000 12.955066 1.592721 3.043308
 8469.000000 12.885930 1.601128 3.058522
 8472.000000 12.823883 1.583741 3.052785
 8475.000000 12.821032 1.566388 3.048210
 8478.000000 12.876692 1.553311 3.016316
 8481.000000 12.876355 1.572811 3.016667
 8484.000000 12.903156 1.570024 3.020604
 8487.000000 12.867195 1.569488 3.057703
 8490.000000 12.935188 1.577384 3.035251
 8493.000000 12.932517 1.582012 3.028653
 8496.000000 12.927653 1.582686 3.004740
 8499.000000 12.915947 1.580697 3.024493
 8502.000000 12.952338 1.586246 2.969153
 8505.000000 12.953913 1.598341 2.962537
 8508.000000 12.924343 1.574903 2.999701
 8511.000000 12.892906 1.588495 2.978038
 8514.000000 12.859771 1.579127 2.944788
 8517.000000 12.899000 1.617923 2.979219
 8520.000000 12.960850 1.615433 2.971620
 8523.000000 12.906830 1.610159 2.968984
 8526.000000 12.874684 1.601965 2.985040
 8529.000000 12.873023 1.598576 2.972516
 8532.000000 12.905724 1.599725 2.988534
 8535.000000 12.957194 1.574922 3.001986
 8538.000000 12.955811 1.606651 2.996804
 8541.000000 12.979937 1.588745 3.015173
 8544.000000 12.964494 1.600522 2.975455
 8547.000000 12.960639 1.602483 2.986015
 8550.000000 12.984602 1.601149 3.010289
 8553.000000 12.877449 1.582845 3.007171
 8556.000000 12.818979 1.552410 3.033774
 8559.000000 12.821307 1.592446 3.011120
 8562.000000 12.885720 1.595114 3.021042
 8565.000000 12.909147 1.606010 3.011197
 8568.000000 12.840907 1.599280 2.994243
 8571.000000 12.879274 1.621922 2.972737
 8574.000000 12.937959 1.605946 2.977433
 8577.000000 12.964868 1.613549 2.990995
 8580.000000 12.881951 1.609514 2.999871
 8583.000000 12.793682 1.600625 3.010235
 8586.000000 12.733474 1.583314 2.999345
 8589.000000 12.751805 1.601879 2.953805
 8592.000000 12.730216 1.599179 2.953832
 8595.000000 12.679512 1.598580 2.978732
 8598.000000 12.640036 1.595164 2.968085
 8601.000000 12.703131 1.570668 2.996650
 8604.000000 12.803628 1.565985 2.987830
 8607.000000 12.925739 1.570030 2.968131
 8610.000000 12.907223 1.550637 3.032122
 8613.000000 12.799025 1.557696 3.001545
 8616.000000 12.794889 1.531860 3.012616
 8619.000000 12.848458 1.559906 2.978629
 8622.000000 12.905045 1.543406 2.977915
 8625.000000 12.928658 1.540885 2.992699
 8628.000000 12.919255 1.562679 3.002637
 8631.000000 12.930108 1.536608 2.962745
 8634.000000 12.960490 1.533921 2.980286
 8637.000000 12.945734 1.541826 2.948179
 8640.000000 12.967757 1.532362 2.938858
 8643.000000 12.916162 1.520939 2.908007
 8646.000000 12.984664 1.536820 2.951310
 8649.000000 12.929824 1.529459 2.949213
 8652.000000 12.939420 1.541325 2.945864
 8655.000000 12.971688 1.546041 2.990457
 8658.000000 13.051945 1.555685 2.962126
 8661.000000 12.992799 1.548873 2.972824
 8664.000000 12.918200 1.558119 2.977053
 8667.000000 12.991375 1.541953 2.999788
 8670.000000 12.994614 1.564762 2.936752
 8673.000000 13.006420 1.541963 2.974812
 8676.000000 12.913855 1.536350 2.979884
 8679.000000 12.940421 1.522786 2.994797
 8682.000000 12.977519 1.512721 3.012624
 8685.000000 13.013813 1.532077 3.018195
 8688.000000 13.043925 1.529369 2.976987
 8691.000000 13.016415 1.506017 3.089796
 8694.000000 13.080856 1.519564 3.060902
 8697.000000 13.007469 1.510075 3.038558
 8700.000000 13.055507 1.530197 3.056318
 8703.000000 12.942120 1.529574 2.990985
 8706.000000 12.950804 1.496916 3.061167
 8709.000000 12.830795 1.516015 3.018924
 8712.000000 12.856139 1.500116 3.016723
 8715.000000 12.940114 1.492857 2.979509
 8718.000000 12.852634 1.487667 2.998758
 8721.000000 12.875404 1.523651 2.979876
 8724.000000 12.893046 1.490815 3.007130
 8727.000000 12.877994 1.550813 2.980407
 8730.000000 12.921414 1.534417 3.022679
 8733.000000 12.984074 1.527093 3.019721
 8736.000000 12.991675 1.544148 3.003433
 8739.000000 12.918907 1.545731 2.989174
 8742.000000 12.942781 1.560779 2.985634
 8745.000000 12.913433 1.537031 2.991696
 8748.000000 12.828059 1.504715 3.014370
 8751.000000 12.852046 1.520064 2.995691
 8754.000000 12.797577 1.509860 3.032885
 8757.000000 12.811840 1.514557 3.006633
 8760.000000 12.897315 1.541642 2.960951
 8763.000000 12.891445 1.525900 3.006059
 8766.000000 13.000288 1.537146 3.015475
 8769.000000 12.888255 1.528409 2.994388
 8772.000000 12.915453 1.497375 2.978420
 8775.000000 12.853090 1.505747 3.003616
 8778.000000 12.893462 1.503823 2.995922
 8781.000000 12.936795 1.509081 3.002239
 8784.000000 12.861086 1.525758 2.977559
 8787.000000 12.966602 1.523052 2.985655
 8790.000000 12.978648 1.549640 2.959887
 8793.000000 13.043703 1.526051 2.973006
 8796.000000 13.006384 1.523864 3.017365
 8799.000000 12.971211 1.529982 3.002351
 8802.000000 12.940948 1.517213 2.977520
 8805.000000 12.957873 1.536547 2.965384
 8808.000000 12.951808 1.515811 2.976036
 8811.000000 13.005301 1.511922 2.957681
 8814.000000 13.015863 1.520811 3.025636
 8817.000000 13.051313 1.510845 3.030092
 8820.000000 13.063998 1.516049 3.007168
 8823.000000 13.137315 1.512506 3.042208
 8826.000000 13.087138 1.505448 3.064060
 8829.000000 13.074277 1.499020 3.078168
 8832.000000 13.090205 1.536644 3.039607
 8835.000000 13.061979 1.506839 3.034542
 8838.000000 13.005202 1.508722 3.051420
 8841.000000 13.051585 1.498251 3.068084
 8844.000000 13.084747 1.522377 3.022062
 8847.000000 13.065464 1.507117 3.026190
 8850.000000 13.085682 1.534412 3.041631
 8853.000000 13.078665 1.532723 3.042475
 8856.000000 13.041607 1.556542 3.036436
 8859.000000 13.051146 1.559031 3.026249
 8862.000000 13.036227 1.548102 3.039959
 8865.000000 13.067021 1.534707 3.044467
 8868.000000 13.057438 1.542265 3.049360
 8871.000000 13.014595 1.532963 3.036522
 8874.000000 13.041358 1.513150 3.060420
 8877.000000 13.082708 1.550943 3.018603
 8880.000000 13.095074 1.563134 3.022095
 8883.000000 13.123671 1.561744 2.992030
 8886.000000 13.020274 1.548282 3.022484
 8889.000000 13.043135 1.543913 3.029567
 8892.000000 13.028286 1.537016 3.045273
 8895.000000 13.040550 1.554877 3.007581
 8898.000000 13.077958 1.540267 3.012789
 8901.000000 13.048734 1.514544 3.032977
 8904.000000 13.027660 1.513989 3.050393
 8907.000000 13.041870 1.516895 3.039332
 8910.000000 13.035515 1.538759 2.998972
 8913.000000 13.058545 1.505638 3.038044
 8916.000000 12.991753 1.527505 3.001734
 8919.000000 13.004150 1.547229 2.954510
 8922.000000 13.000283 1.549382 2.966982
 8925.000000 12.959153 1.551799 2.961713
 8928.000000 12.964327 1.533616 2.983230
 8931.000000 12.923284 1.560138 2.947612
 8934.000000 12.935645 1.549205 2.952007
 8937.000000 12.885690 1.537927 2.982807
 8940.000000 12.861873 1.533361 2.946546
 8943.000000 12.849570 1.524518 2.925327
 8946.000000 12.800656 1.514884 2.956671
 8949.000000 12.776960 1.511332 2.959596
 8952.000000 12.892945 1.538199 2.920691
 8955.000000 12.833829 1.555914 2.922685
 8958.000000 12.882118 1.546984 2.923558
 8961.000000 12.874300 1.553074 2.911802
 8964.000000 12.893542 1.571542 2.906182
 8967.000000 12.850123 1.568535 2.961230
 8970.000000 12.937128 1.547058 2.939391
 8973.000000 12.944233 1.561101 2.942310
 8976.000000 12.983816 1.554231 2.980974
 8979.000000 13.047447 1.570811 2.958371
 8982.000000 12.960461 1.548032 2.980781
 8985.000000 12.979858 1.547981 2.970019
 8988.000000 12.988745 1.551671 2.979774
 8991.000000 12.941958 1.561201 3.001385
 8994.000000 12.898511 1.550097 3.021518
 8997.000000 12.882928 1.530270 3.060619
 9000.000000 12.973696 1.522680 3.019665
 9003.000000 12.932541 1.546464 3.019644
 9006.000000 12.915808 1.530494 3.029528
 9009.000000 12.957789 1.557752 3.014235
 9012.000000 12.910667 1.558234 2.993334
 9015.000000 12.917827 1.551548 2.984533
 9018.000000 12.869860 1.563619 2.981162
 9021.000000 12.895563 1.555740 2.971327
 9024.000000 12.963711 1.571255 2.976312
 9027.000000 13.028753 1.559441 2.956252
 9030.000000 13.022325 1.564104 2.959213
 9033.000000 13.022578 1.521767 2.971587
 9036.000000 13.056386 1.497526 2.977284
 9039.000000 13.058605 1.494208 2.964368
 9042.000000 13.107943 1.484090 2.993792
 9045.000000 13.088493 1.474036 2.965488
 9048.000000 12.996578 1.465553 2.974555
 9051.000000 12.999510 1.502923 3.009598
 9054.000000 13.037550 1.496912 2.977921
 9057.000000 12.957298 1.524855 2.945592
 9060.000000 12.948085 1.522852 2.939970
 9063.000000 12.979817 1.529509 2.951757
 9066.000000 13.051288 1.534745 2.955152
 9069.000000 13.062528 1.526785 2.960691
 9072.000000 13.039494 1.522691 2.977456
 9075.000000 12.987126 1.513393 2.996416
 9078.000000 13.006176 1.530119 3.023561
 9081.000000 12.952561 1.562030 3.014971
 9084.000000 12.975189 1.555516 2.988571
 9087.000000 13.058124 1.545421 2.939198
 9090.000000 13.114271 1.540027 2.953022
 9093.000000 13.123336 1.565067 2.948341
 9096.000000 13.174372 1.562870 2.931070
 9099.000000 13.196304 1.546392 2.938471
 9102.000000 13.166794 1.549070 2.949929
 9105.000000 13.164035 1.533262 2.916058
 9108.000000 13.088074 1.569294 2.928005
 9111.000000 13.017439 1.546383 2.936904
 9114.000000 13.020546 1.558786 2.936726
 9117.000000 13.003534 1.533779 2.991098
 9120.000000 13.077484 1.529313 2.972389
 9123.000000 13.146707 1.542142 3.013394
 9126.000000 13.176872 1.552643 3.016912
 9129.000000 13.253750 1.562662 2.989134
 9132.000000 13.216376 1.576301 2.975534
 9135.000000 13.217287 1.544616 2.951319
 9138.000000 13.162783 1.537861 2.972007
 9141.000000 13.180210 1.541033 2.954950
 9144.000000 13.077314 1.548997 2.950335
 9147.000000 13.072243 1.529459 2.990170
 9150.000000 12.951706 1.545053 2.979337
 9153.000000 13.021255 1.567530 2.968722
 9156.000000 13.084781 1.555820 3.036295
 9159.000000 13.000353 1.556489 2.983376
 9162.000000 12.981973 1.551218 2.986373
 9165.000000 12.947055 1.516575 2.961002
 9168.000000 13.022577 1.534871 2.927883
 9171.000000 12.930301 1.563387 2.938525
 9174.000000 12.948622 1.559839 2.968232
 9177.000000 13.017783 1.564595 2.978778
 9180.000000 13.060693 1.557958 2.995673
 9183.000000 13.033633 1.540172 3.010032
 9186.000000 12.969284 1.552844 2.966463
 9189.000000 12.932594 1.536509 2.950641
 9192.000000 12.995418 1.532109 2.954465
 9195.000000 13.013248 1.540476 2.960478
 9198.000000 12.976665 1.553054 2.978686
 9201.000000 13.020253 1.548970 2.969045
 9204.000000 12.952519 1.531847 2.971115
 9207.000000 12.939856 1.523584 3.016031
 9210.000000 12.942970 1.549974 3.008314
 9213.000000 12.925513 1.560239 2.989855
 9216.000000 12.957574 1.559646 2.962656
 9219.000000 12.897463 1.564683 2.982776
 9222.000000 12.905219 1.558722 3.025229
 9225.000000 12.900397 1.581855 2.978302
 9228.000000 12.882874 1.570145 2.937803
 9231.000000 12.998363 1.557296 2.937329
 9234.000000 12.951380 1.583557 2.905335
 9237.000000 12.934651 1.540569 2.940752
 9240.000000 13.002624 1.544520 2.911511
 9243.000000 12.879624 1.563550 2.953359
 9246.000000 12.882779 1.575915 2.933635
 9249.000000 12.803832 1.548796 2.992499
 9252.000000 12.843948 1.563341 2.978593
 9255.000000 12.794242 1.573416 2.956416
 9258.000000 12.767824 1.551247 2.970257
 9261.000000 12.780184 1.532513 3.009964
 9264.000000 12.835409 1.568553 2.985721
 9267.000000 12.958143 1.560579 3.004535
 9270.000000 12.826422 1.555045 3.002013
 9273.000000 12.789074 1.555418 2.976253
 9276.000000 12.781397 1.545581 2.991898
 9279.000000 12.837925 1.554196 2.995455
 9282.000000 12.861320 1.551484 3.024952
 9285.000000 12.807835 1.542930 3.008087
 9288.000000 12.796186 1.537418 3.002650
 9291.000000 12.841342 1.538895 3.000045
 9294.000000 12.826170 1.571405 2.996643
 9297.000000 12.846994 1.587063 2.978770
 9300.000000 12.830573 1.607216 2.944219
 9303.000000 12.774659 1.577487 2.983474
 9306.000000 12.811643 1.583820 2.993516
 9309.000000 12.767371 1.557475 3.007965
 9312.000000 12.778821 1.581396 2.989804
 9315.000000 12.834123 1.559257 3.036082
 9318.000000 12.760203 1.579509 2.993645
 9321.000000 12.763558 1.585982 3.012767
 9324.000000 12.838551 1.591451 2.977636
 9327.000000 12.896275 1.585359 3.024977
 9330.000000 12.866498 1.598645 2.978669
 9333.000000 12.866708 1.592553 3.025004
 9336.000000 12.827370 1.600044 2.999094
 9339.000000 12.901413 1.612112 2.952813
 9342.000000 12.864152 1.606837 2.946067
 9345.000000 12.856919 1.621533 2.942856
 9348.000000 12.865502 1.634885 2.952418
 9351.000000 12.839564 1.617011 2.909568
 9354.000000 12.830733 1.613346 2.947459
 9357.000000 12.828194 1.622179 2.984307
 9360.000000 12.831857 1.639521 2.959114
 9363.000000 12.842556 1.629379 2.964384
 9366.000000 12.712196 1.600884 2.972806
 9369.000000 12.672283 1.594082 2.987824
 9372.000000 12.662440 1.569948 3.006125
 9375.000000 12.657648 1.574286 2.976869
 9378.000000 12.717933 1.566531 2.956904
 9381.000000 12.796369 1.551439 2.973767
 9384.000000 12.826022 1.539074 2.944536
 9387.000000 12.808649 1.534153 2.971726
 9390.000000 12.785394 1.550064 2.962377
 9393.000000 12.787583 1.563971 2.951945
 9396.000000 12.753404 1.557831 2.964984
 9399.000000 12.728048 1.548111 2.952733
 9402.000000 12.705128 1.555150 2.961874
 9405.000000 12.724365 1.584994 2.946234
 9408.000000 12.758166 1.561087 2.948151
 9411.000000 12.705362 1.578355 2.989014
 9414.000000 12.733208 1.562983 2.970915
 9417.000000 12.795530 1.554357 2.971851
 9420.000000 12.758501 1.553808 2.963468
 9423.000000 12.713157 1.547890 2.961253
 9426.000000 12.720969 1.558345 2.988618
 9429.000000 12.723438 1.565268 2.988842
 9432.000000 12.737024 1.568166 2.968990
 9435.000000 12.649356 1.527524 2.967347
 9438.000000 12.739428 1.515757 2.967920
 9441.000000 12.681164 1.516442 3.002835
 9444.000000 12.703065 1.551717 2.991509
 9447.000000 12.679674 1.544345 2.984038
 9450.000000 12.547251 1.565655 2.957434
 9453.000000 12.559027 1.567833 2.959531
 9456.000000 12.632730 1.567973 2.986311
 9459.000000 12.670694 1.573182 2.954038
 9462.000000 12.650249 1.564533 2.991876
 9465.000000 12.679402 1.581093 2.988720
 9468.000000 12.719224 1.586749 2.978963
 9471.000000 12.662102 1.585330 2.947422
 9474.000000 12.724620 1.601334 2.950261
 9477.000000 12.686221 1.598288 2.941127
 9480.000000 12.765306 1.567259 2.955619
 9483.000000 12.720043 1.565644 2.960547
 9486.000000 12.686955 1.528746 3.018517
 9489.000000 12.780411 1.539151 3.008037
 9492.000000 12.772258 1.540793 2.982119
 9495.000000 12.812664 1.543029 2.971498
 9498.000000 12.795960 1.525426 2.974040
 9501.000000 12.792328 1.550335 2.990158
 9504.000000 12.822984 1.536877 3.005443
 9507.000000 12.850696 1.528377 2.997599
 9510.000000 12.850282 1.554237 3.025522
 9513.000000 12.850799 1.550408 3.024550
 9516.000000 12.913945 1.522651 3.018828
 9519.000000 12.938687 1.547793 2.953325
 9522.000000 12.969345 1.527547 2.989852
 9525.000000 12.881713 1.535624 3.005446
 9528.000000 12.845960 1.534603 2.959057
 9531.000000 12.825890 1.540481 2.997781
 9534.000000 12.892220 1.521760 2.998695
 9537.000000 12.921505 1.516802 2.976128
 9540.000000 12.920521 1.522184 2.994150
 9543.000000 12.926210 1.523851 2.999810
 9546.000000 12.924544 1.529054 3.015964
 9549.000000 12.897787 1.527483 2.989078
 9552.000000 12.929109 1.561041 3.020317
 9555.000000 12.890940 1.539993 3.003317
 9558.000000 12.923667 1.546802 2.978903
 9561.000000 12.817104 1.572077 2.959057
 9564.000000 12.762535 1.586304 2.986751
 9567.000000 12.806216 1.612515 3.015354
 9570.000000 12.788578 1.602811 3.021283
 9573.000000 12.709871 1.574977 2.976639
 9576.000000 12.783407 1.571721 2.937274
 9579.000000 12.744282 1.542231 2.986809
 9582.000000 12.741927 1.557771 2.988818
 9585.000000 12.735615 1.555969 3.000701
 9588.000000 12.769991 1.548412 2.978074
 9591.000000 12.816408 1.560518 2.937758
 9594.000000 12.832636 1.540238 2.963654
 9597.000000 12.806371 1.538367 2.976720
 9600.000000 12.777625 1.577830 2.971624
 9603.000000 12.758578 1.569462 2.966784
 9606.000000 12.748410 1.567835 2.936571
 9609.000000 12.853839 1.593219 2.947813
 9612.000000 12.727320 1.595459 2.935630
 9615.000000 12.794538 1.609259 2.942473
 9618.000000 12.731854 1.590751 2.952626
 9621.000000 12.748416 1.598533 2.932826
 9624.000000 12.787905 1.603283 2.930296
 9627.000000 12.759898 1.603560 2.915146
 9630.000000 12.800425 1.588327 2.948065
 9633.000000 12.827498 1.584503 2.936274
 9636.000000 12.864226 1.612367 2.935237
 9639.000000 12.897872 1.620776 2.961005
 9642.000000 12.910985 1.616453 2.984795
 9645.000000 12.899511 1.618054 3.007641
 9648.000000 12.854843 1.605757 2.980402
 9651.000000 12.810660 1.629021 2.999956
 9654.000000 12.926663 1.637691 3.023719
 9657.000000 12.857093 1.640134 2.999662
 9660.000000 12.879771 1.650130 3.020499
 9663.000000 12.925898 1.640309 3.021119
 9666.000000 12.901722 1.625535 3.027085
 9669.000000 12.878134 1.605516 3.059542
 9672.000000 12.929582 1.618084 3.014577
 9675.000000 12.970028 1.616982 3.006793
 9678.000000 12.978187 1.613204 3.009592
 9681.000000 12.942149 1.608940 3.019240
 9684.000000 12.882988 1.596114 3.011290
 9687.000000 12.943618 1.560144 3.031573
 9690.000000 12.897811 1.564901 3.030227
 9693.000000 12.833265 1.578718 3.007068
 9696.000000 12.861589 1.587068 3.003023
 9699.000000 12.943460 1.584555 2.979214
 9702.000000 12.897598 1.586471 2.973719
 9705.000000 12.890528 1.558999 3.011919
 9708.000000 12.930224 1.550373 3.027894
 9711.000000 12.972929 1.557964 3.030820
 9714.000000 12.931323 1.568774 3.016067
 9717.000000 12.913062 1.547854 2.997734
 9720.000000 12.951815 1.573483 2.960314
 9723.000000 12.989152 1.561341 2.991994
 9726.000000 13.005137 1.547926 3.031793
 9729.000000 13.000362 1.548799 3.019227
 9732.000000 12.974915 1.558105 3.028385
 9735.000000 13.018187 1.577869 2.981561
 9738.000000 12.980613 1.564327 2.985086
 9741.000000 13.040175 1.531066 3.002403
 9744.000000 13.087647 1.530869 2.999035
 9747.000000 13.072411 1.546885 2.976718
 9750.000000 13.147470 1.574815 2.972164
 9753.000000 13.140002 1.585205 2.977303
 9756.000000 13.083845 1.577343 2.994271
 9759.000000 13.073557 1.573475 3.009705
 9762.000000 12.945190 1.571879 3.027749
 9765.000000 12.980721 1.575032 2.999547
 9768.000000 13.045581 1.585940 2.995688
 9771.000000 12.975144 1.594513 3.025580
 9774.000000 12.960176 1.594670 3.040029
 9777.000000 13.016642 1.592222 3.014202
 9780.000000 13.045187 1.556236 3.007610
 9783.000000 13.007772 1.576481 2.993734
 9786.000000 13.009111 1.574826 2.983585
 9789.000000 13.006399 1.569461 2.990247
 9792.000000 13.072954 1.588483 2.977576
 9795.000000 12.990224 1.558869 3.012878
 9798.000000 12.929791 1.554163 3.015247
 9801.000000 12.904503 1.575563 2.992799
 9804.000000 12.875456 1.600255 2.942867
 9807.000000 12.864336 1.587601 2.948498
 9810.000000 12.837136 1.565207 2.989750
 9813.000000 12.949375 1.574232 2.956035
 9816.000000 12.972302 1.595452 2.946832
 9819.000000 13.018002 1.583241 2.980522
 9822.000000 13.026229 1.583515 2.973869
 9825.000000 12.980061 1.594325 2.961211
 9828.000000 12.951932 1.618218 2.933816
 9831.000000 12.929195 1.626692 2.929854
 9834.000000 12.924405 1.631424 2.931511
 9837.000000 12.906520 1.619899 2.924133
 9840.000000 12.879694 1.624448 2.940759
 9843.000000 12.924863 1.607307 2.944877
 9846.000000 13.003694 1.608089 2.993791
 9849.000000 13.003955 1.583002 3.026516
 9852.000000 13.101051 1.592737 3.011917
 9855.000000 13.165844 1.582812 3.036331
 9858.000000 13.075857 1.567782 3.005954
 9861.000000 13.080054 1.574731 2.992277
 9864.000000 13.114237 1.577957 2.991800
 9867.000000 13.102158 1.561463 2.987018
 9870.000000 13.071660 1.560500 3.021213
 9873.000000 12.981921 1.571896 2.992424
 9876.000000 12.922667 1.593150 2.932422
 9879.000000 12.882005 1.599941 2.939686
 9882.000000 12.854848 1.598652 2.965061
 9885.000000 12.814784 1.610885 2.921668
 9888.000000 12.969472 1.584341 2.980458
 9891.000000 12.911783 1.568677 3.001025
 9894.000000 13.002904 1.563803 3.022415
 9897.000000 12.974998 1.587392 3.003378
 9900.000000 12.968404 1.598120 2.997600
 9903.000000 12.929554 1.588905 3.038981
 9906.000000 12.980527 1.601110 2.981093
 9909.000000 12.958905 1.579615 3.013557
 9912.000000 13.011719 1.601508 2.971428
 9915.000000 12.952520 1.617000 2.950027
 9918.000000 12.888056 1.633048 2.947008
 9921.000000 12.863139 1.611624 2.969986
 9924.000000 12.973704 1.632426 2.977882
 9927.000000 12.953546 1.632366 2.972619
 9930.000000 12.911569 1.604636 2.990926
 9933.000000 12.957637 1.613988 2.997419
 9936.000000 12.973083 1.624910 2.973538
 9939.000000 12.939651 1.628692 2.939933
 9942.000000 13.022978 1.622281 2.972458
 9945.000000 13.041088 1.635173 3.003332
 9948.000000 13.019224 1.613276 2.984072
 9951.000000 13.074296 1.639170 2.961637
 9954.000000 13.133135 1.652675 2.967327
 9957.000000 13.147748 1.665668 2.987233
 9960.000000 13.055556 1.663913 3.010064
 9963.000000 13.096280 1.640355 2.993618
 9966.000000 13.062573 1.623585 2.983246
 9969.000000 13.066035 1.619352 2.974840
 9972.000000 13.042469 1.633033 2.939589
 9975.000000 12.958993 1.661751 2.978023
 9978.000000 12.939910 1.670542 3.000013
 9981.000000 12.968665 1.658763 3.010771
 9984.000000 12.954018 1.655549 2.975487
 9987.000000 12.981143 1.638019 2.996805
 9990.000000 12.965101 1.649265 2.959297
 9993.000000 12.979831 1.672262 2.953063
 9996.000000 12.925260 1.674552 2.949772
 9999.000000 12.959419 1.671212 2.942142
 10002.000000 12.939573 1.626966 2.980016
 10005.000000 12.880541 1.623433 3.005306
 10008.000000 12.803518 1.649001 3.002397
 10011.000000 12.762086 1.623587 3.021438
 10014.000000 12.818102 1.614001 3.060630
 10017.000000 12.846306 1.633125 3.027048
 10020.000000 12.850261 1.625815 2.982376
 10023.000000 12.829583 1.636368 2.971442
 10026.000000 12.802641 1.631507 3.028131
 10029.000000 12.718655 1.633215 3.037753
 10032.000000 12.794053 1.662335 3.011152
 10035.000000 12.801066 1.619472 3.070596
 10038.000000 12.845540 1.643365 3.036903
 10041.000000 12.821349 1.626529 3.005637
 10044.000000 12.829914 1.598408 3.042834
 10047.000000 12.891931 1.607954 3.010511
 10050.000000 12.852794 1.633431 2.975004
 10053.000000 12.916631 1.611257 2.972020
 10056.000000 12.897362 1.587804 2.986075
 10059.000000 12.912245 1.591600 3.006965
 10062.000000 12.909552 1.606395 3.017702
 10065.000000 12.820589 1.607210 3.020929
 10068.000000 12.801562 1.603207 3.017996
 10071.000000 12.812428 1.626024 2.997363
 10074.000000 12.784993 1.614468 3.002164
 10077.000000 12.828214 1.601047 3.015263
 10080.000000 12.828160 1.611504 3.001898
 10083.000000 12.771622 1.603444 3.023145
 10086.000000 12.922796 1.607412 3.027914
 10089.000000 12.898854 1.583726 3.004530
 10092.000000 12.863983 1.576618 3.018025
 10095.000000 12.919205 1.585484 3.038541
 10098.000000 12.967690 1.588177 3.012989
 10101.000000 12.953859 1.591977 3.005844
 10104.000000 12.967558 1.590124 3.027905
 10107.000000 12.978087 1.586617 3.010408
 10110.000000 12.917018 1.583948 3.023995
 10113.000000 12.942753 1.582393 3.049366
 10116.000000 13.003990 1.579589 2.999178
 10119.000000 12.902814 1.578401 3.013363
 10122.000000 12.887688 1.575568 2.997406
 10125.000000 12.840125 1.606779 2.976306
 10128.000000 12.887667 1.615260 2.971255
 10131.000000 12.955552 1.597607 2.987278
 10134.000000 12.987118 1.568718 3.003228
 10137.000000 13.034268 1.565598 3.038704
 10140.000000 12.951533 1.583244 3.006928
 10143.000000 12.980445 1.589234 2.997603
 10146.000000 12.938098 1.563692 3.010833
 10149.000000 12.871019 1.558668 3.037742
 10152.000000 12.860446 1.538982 3.062583
 10155.000000 12.882363 1.544646 3.015133
 10158.000000 12.867408 1.550049 2.987139
 10161.000000 12.800323 1.558813 2.970903
 10164.000000 12.852802 1.555378 2.995024
 10167.000000 12.927230 1.562312 2.993455
 10170.000000 12.858312 1.588298 2.956263
 10173.000000 12.811789 1.600831 2.977298
 10176.000000 12.840411 1.593671 2.992075
 10179.000000 12.857289 1.598441 2.999419
 10182.000000 12.806182 1.575996 3.036859
 10185.000000 12.849068 1.585955 3.040691
 10188.000000 12.901695 1.552617 3.084719
 10191.000000 12.927702 1.553077 3.065552
 10194.000000 12.992516 1.567889 3.092091
 10197.000000 13.015729 1.592292 3.057275
 10200.000000 12.936077 1.602411 3.077118
 10203.000000 12.973383 1.600026 3.047852
 10206.000000 12.989843 1.588538 3.050325
 10209.000000 12.935201 1.535959 3.040198
 10212.000000 12.847459 1.570005 3.025515
 10215.000000 12.945008 1.571846 3.031765
 10218.000000 12.920276 1.550296 3.008751
 10221.000000 12.873888 1.573999 3.040326
 10224.000000 12.869024 1.574346 3.014363
 10227.000000 12.939413 1.595117 2.978575
 10230.000000 12.919408 1.581464 2.989355
 10233.000000 12.866843 1.593941 2.966603
 10236.000000 12.834488 1.580417 3.026079
 10239.000000 12.914728 1.568924 2.987869
 10242.000000 12.897883 1.572069 3.008582
 10245.000000 12.921995 1.600848 3.009321
 10248.000000 12.963401 1.574553 3.018308
 10251.000000 12.941025 1.583436 3.054121
 10254.000000 12.990606 1.579683 3.027864
 10257.000000 12.991263 1.582356 3.015176
 10260.000000 12.952872 1.572640 3.037380
 10263.000000 12.907059 1.590151 2.986957
 10266.000000 12.879133 1.574026 2.987872
 10269.000000 12.911013 1.575077 2.988130
 10272.000000 12.933328 1.596644 2.967788
 10275.000000 12.896577 1.569560 2.994112
 10278.000000 13.050223 1.571380 2.976812
 10281.000000 12.950808 1.571753 3.034892
 10284.000000 12.968915 1.585277 3.017440
 10287.000000 13.044912 1.585512 3.011213
 10290.000000 13.068921 1.586946 3.021887
 10293.000000 13.048315 1.584307 3.026996
 10296.000000 13.116585 1.563239 3.077743
 10299.000000 13.132087 1.549400 3.030662
 10302.000000 13.025062 1.552292 3.013280
 10305.000000 13.103555 1.575439 2.996640
 10308.000000 13.116657 1.581579 3.000947
 10311.000000 13.165247 1.583993 3.003431
 10314.000000 13.139411 1.572558 3.024952
 10317.000000 13.127942 1.571762 3.011527
 10320.000000 13.116859 1.564257 3.009857
 10323.000000 13.196272 1.569077 3.007442
 10326.000000 13.191895 1.575059 2.985991
 10329.000000 13.202186 1.553119 3.013659
 10332.000000 13.181375 1.548646 3.012626
 10335.000000 13.123909 1.526441 3.021215
 10338.000000 13.069299 1.508821 3.037171
 10341.000000 13.004890 1.507575 2.986185
 10344.000000 12.930640 1.512316 2.985200
 10347.000000 12.913965 1.528366 2.981102
 10350.000000 12.897484 1.519913 2.967081
 10353.000000 12.944821 1.541752 2.955924
 10356.000000 12.923383 1.540967 2.956226
 10359.000000 12.840723 1.551657 2.961180
 10362.000000 12.899048 1.561515 2.962569
 10365.000000 12.925164 1.559539 2.950131
 10368.000000 12.953798 1.566760 2.955749
 10371.000000 12.934674 1.589552 2.923780
 10374.000000 12.921724 1.575196 2.958841
 10377.000000 12.883536 1.589368 2.953174
 10380.000000 12.840103 1.606283 2.962316
 10383.000000 12.885171 1.602320 2.975007
 10386.000000 12.854361 1.594870 2.974871
 10389.000000 12.849687 1.599520 2.965127
 10392.000000 12.891180 1.582108 2.945530
 10395.000000 12.948226 1.601799 2.954764
 10398.000000 12.951780 1.606889 3.002049
 10401.000000 12.911278 1.583220 2.993704
 10404.000000 12.961450 1.570512 2.988344
 10407.000000 12.997836 1.556909 3.019092
 10410.000000 12.999651 1.572346 2.996497
 10413.000000 13.007250 1.579198 3.024221
 10416.000000 12.993683 1.569355 2.992254
 10419.000000 12.910594 1.560368 2.982128
 10422.000000 12.982766 1.528565 2.986599
 10425.000000 12.949882 1.543805 2.965537
 10428.000000 12.880970 1.559195 2.958543
 10431.000000 12.904690 1.527702 2.979728
 10434.000000 12.899770 1.546533 2.975998
 10437.000000 12.828944 1.560192 2.995418
 10440.000000 12.992460 1.567379 2.986989
 10443.000000 12.879615 1.543489 3.016499
 10446.000000 12.840844 1.533710 3.042719
 10449.000000 12.899574 1.544211 3.009188
 10452.000000 12.908131 1.540480 2.993880
 10455.000000 12.928883 1.560464 2.975615
 10458.000000 12.947651 1.559298 2.977716
 10461.000000 12.891294 1.535818 2.970502
 10464.000000 12.887548 1.537961 2.961206
 10467.000000 12.896721 1.549149 2.977368
 10470.000000 12.888630 1.512032 3.028294
 10473.000000 12.897439 1.520973 3.035938
 10476.000000 12.932382 1.528351 3.058046
 10479.000000 12.838245 1.516745 3.068338
 10482.000000 12.887549 1.520817 3.024142
 10485.000000 12.928984 1.535595 3.032302
 10488.000000 12.846516 1.536522 3.036316
 10491.000000 12.821205 1.531190 3.006208
 10494.000000 12.951397 1.520919 3.006226
 10497.000000 12.908933 1.521432 2.977642
 10500.000000 12.898590 1.495120 3.020008
 10503.000000 12.886725 1.519460 3.011883
 10506.000000 12.894364 1.507066 2.997104
 10509.000000 12.809016 1.517356 2.989482
 10512.000000 12.793577 1.526463 2.980810
 10515.000000 12.716547 1.537587 2.982070
 10518.000000 12.766149 1.546348 2.984227
 10521.000000 12.848112 1.521442 2.964321
 10524.000000 12.804088 1.498704 2.987446
 10527.000000 12.864569 1.517368 2.982971
 10530.000000 12.874613 1.540478 2.952961
 10533.000000 12.815843 1.530169 2.983471
 10536.000000 12.889034 1.530419 2.998434
 10539.000000 12.923330 1.548532 2.964605
 10542.000000 12.921462 1.549219 2.945591
 10545.000000 13.034131 1.532927 3.001415
 10548.000000 12.973145 1.527945 2.982149
 10551.000000 12.972104 1.568841 2.994154
 10554.000000 12.908143 1.576925 2.949999
 10557.000000 12.997098 1.565843 2.920438
 10560.000000 13.003851 1.556645 2.920614
 10563.000000 12.959232 1.572059 2.898493
 10566.000000 12.919407 1.556709 2.946336
 10569.000000 12.911296 1.546527 2.932992
 10572.000000 12.848472 1.570600 2.930495
 10575.000000 12.835829 1.549127 2.985410
 10578.000000 12.843322 1.548759 2.989979
 10581.000000 12.868930 1.544583 3.030990
 10584.000000 12.860545 1.549509 3.001729
 10587.000000 12.762073 1.561650 2.981059
 10590.000000 12.744301 1.543306 2.984374
 10593.000000 12.830835 1.540556 2.962466
 10596.000000 12.802734 1.561592 2.980108
 10599.000000 12.808731 1.586717 2.943396
 10602.000000 12.731843 1.575390 2.929380
 10605.000000 12.797115 1.557933 2.950591
 10608.000000 12.763173 1.552407 2.986629
 10611.000000 12.750726 1.529166 2.979234
 10614.000000 12.714299 1.554700 2.976832
 10617.000000 12.821061 1.546505 2.943225
 10620.000000 12.869809 1.519473 2.996730
 10623.000000 12.902748 1.549713 2.953023
 10626.000000 12.904054 1.548600 2.958066
 10629.000000 12.883696 1.568884 2.928159
 10632.000000 12.896525 1.545333 2.967252
 10635.000000 12.861289 1.542180 2.985649
 10638.000000 12.873133 1.558915 2.960349
 10641.000000 12.898798 1.571487 2.959694
 10644.000000 12.875375 1.593979 2.967101
 10647.000000 12.935554 1.593607 2.986875
 10650.000000 12.908419 1.589092 2.979222
 10653.000000 12.805336 1.603859 2.958074
 10656.000000 12.792186 1.591012 2.977760
 10659.000000 12.844684 1.585677 2.959052
 10662.000000 12.848502 1.571233 2.973686
 10665.000000 12.813888 1.587621 2.996233
 10668.000000 12.895252 1.589912 2.978626
 10671.000000 12.900101 1.597281 2.985508
 10674.000000 12.968386 1.615884 2.964557
 10677.000000 12.982997 1.611350 2.961012
 10680.000000 12.926615 1.596733 3.032238
 10683.000000 12.932009 1.579816 3.022913
 10686.000000 13.001713 1.589787 3.009129
 10689.000000 13.027334 1.582674 3.020482
 10692.000000 13.030824 1.597910 2.990572
 10695.000000 12.986774 1.559495 3.029792
 10698.000000 13.039130 1.564675 3.066053
 10701.000000 12.997343 1.576732 3.036365
 10704.000000 12.983572 1.598085 3.020579
 10707.000000 12.913351 1.599618 2.990928
 10710.000000 12.917699 1.578675 2.985349
 10713.000000 12.886383 1.574082 2.993809
 10716.000000 12.899417 1.553945 3.007528
 10719.000000 12.895780 1.550021 3.023444
 10722.000000 12.977443 1.567250 3.022224
 10725.000000 12.982569 1.575454 3.012379
 10728.000000 12.943839 1.571350 3.015568
 10731.000000 12.912778 1.567452 3.039555
 10734.000000 12.915147 1.539272 3.047106
 10737.000000 12.890518 1.539545 3.047533
 10740.000000 12.891720 1.552785 3.023059
 10743.000000 12.907568 1.543066 3.028330
 10746.000000 12.916145 1.526615 3.048254
 10749.000000 12.954453 1.524003 3.037826
 10752.000000 12.931564 1.526494 3.017329
 10755.000000 12.920435 1.518415 2.998139
 10758.000000 12.965144 1.530251 3.016577
 10761.000000 13.001338 1.536725 3.030416
 10764.000000 13.060188 1.529676 3.052717
 10767.000000 13.051324 1.524027 3.049627
 10770.000000 12.981666 1.543845 3.042837
 10773.000000 13.059651 1.538100 3.020100
 10776.000000 13.060173 1.540202 2.977708
 10779.000000 13.096740 1.523962 3.008478
 10782.000000 13.102418 1.539854 2.990926
 10785.000000 13.061868 1.534709 2.997065
 10788.000000 13.028559 1.529485 2.968350
 10791.000000 12.961767 1.520477 2.997669
 10794.000000 13.045296 1.515333 3.008227
 10797.000000 12.928211 1.529484 2.995970
 10800.000000 12.990322 1.535828 2.951478
 10803.000000 12.952477 1.525053 2.964535
 10806.000000 12.931046 1.533619 2.960138
 10809.000000 12.982871 1.546379 2.941300
 10812.000000 12.975146 1.548863 2.983688
 10815.000000 12.913823 1.534344 2.985327
 10818.000000 13.001014 1.523149 2.968529
 10821.000000 13.006845 1.509333 2.983775
 10824.000000 12.972761 1.536064 2.998180
 10827.000000 12.974199 1.538714 2.969850
 10830.000000 12.918009 1.534525 2.990323
 10833.000000 12.936814 1.546069 2.984175
 10836.000000 12.995236 1.556038 2.972677
 10839.000000 13.000255 1.543269 2.970920
 10842.000000 13.008744 1.537260 2.968545
 10845.000000 12.959823 1.543264 2.970642
 10848.000000 13.021941 1.539041 2.950226
 10851.000000 12.933995 1.538919 2.993841
 10854.000000 13.026949 1.549072 3.015226
 10857.000000 12.934295 1.546937 3.005522
 10860.000000 13.035621 1.577214 2.950864
 10863.000000 13.044254 1.557675 2.964146
 10866.000000 12.960763 1.540957 2.962763
 10869.000000 12.925837 1.558540 2.955718
 10872.000000 12.996929 1.559335 2.985346
 10875.000000 12.913630 1.542871 2.955126
 10878.000000 12.958803 1.557099 3.000305
 10881.000000 12.971660 1.558615 3.035752
 10884.000000 12.922667 1.552392 3.052661
 10887.000000 12.920851 1.528357 2.990489
 10890.000000 12.999729 1.550537 2.990701
 10893.000000 12.969387 1.535280 3.006672
 10896.000000 12.979976 1.548416 3.012932
 10899.000000 12.955461 1.547233 3.023962
 10902.000000 12.980549 1.554464 3.043802
 10905.000000 12.996663 1.573432 3.029126
 10908.000000 12.928488 1.560908 3.021458
 10911.000000 12.960665 1.547889 3.052786
 10914.000000 12.981308 1.572076 2.999809
 10917.000000 12.984940 1.566173 3.020662
 10920.000000 13.076659 1.571511 2.992499
 10923.000000 13.046421 1.591962 2.980962
 10926.000000 13.058018 1.599919 2.991080
 10929.000000 13.063780 1.568338 3.032375
 10932.000000 13.077289 1.580453 3.053396
 10935.000000 13.070757 1.594170 3.031467
 10938.000000 13.063612 1.577840 3.025094
 10941.000000 13.039995 1.568692 3.015324
 10944.000000 13.084398 1.567771 2.988065
 10947.000000 13.017607 1.558205 2.967826
 10950.000000 13.076306 1.548800 2.983667
 10953.000000 13.106165 1.544624 2.991924
 10956.000000 13.102334 1.574132 2.970486
 10959.000000 13.086533 1.583931 2.938992
 10962.000000 13.125222 1.595567 2.937764
 10965.000000 13.027001 1.600046 2.950914
 10968.000000 12.992270 1.580479 3.010653
 10971.000000 13.002765 1.579992 3.002763
 10974.000000 12.969793 1.562125 2.976623
 10977.000000 12.888933 1.586889 2.951249
 10980.000000 12.893465 1.578533 2.959038
 10983.000000 12.959964 1.569533 2.952028
 10986.000000 12.924197 1.585418 2.946603
 10989.000000 12.939060 1.552099 2.970822
 10992.000000 12.921198 1.560669 2.969886
 10995.000000 12.936706 1.556846 2.971878
 10998.000000 12.986075 1.543919 2.976071
 11001.000000 12.982742 1.530716 3.032395
 11004.000000 13.016669 1.527773 3.028249
 11007.000000 13.058880 1.560280 3.004185
 11010.000000 13.017466 1.521065 3.022217
 11013.000000 12.971104 1.531522 3.014679
 11016.000000 13.104358 1.545486 3.022941
 11019.000000 12.997849 1.545603 3.045410
 11022.000000 13.048902 1.543052 3.028251
 11025.000000 13.154167 1.577166 2.998519
 11028.000000 13.068921 1.557967 3.033865
 11031.000000 13.032465 1.566846 2.992374
 11034.000000 13.039657 1.593624 2.978404
 11037.000000 13.034204 1.552187 3.021875
 11040.000000 12.973754 1.548955 3.019430
 11043.000000 12.971036 1.560627 3.026233
 11046.000000 13.015767 1.557558 3.022350
 11049.000000 12.994400 1.552395 3.055952
 11052.000000 12.949669 1.544616 3.002649
 11055.000000 13.009241 1.539991 3.024814
 11058.000000 13.040016 1.547053 3.019543
 11061.000000 13.030242 1.552159 3.023784
 11064.000000 13.047152 1.537784 3.023443
 11067.000000 13.028796 1.570523 2.968662
 11070.000000 13.047423 1.589737 2.936214
 11073.000000 12.973950 1.581014 2.930306
 11076.000000 12.990861 1.567709 2.929371
 11079.000000 12.905144 1.581815 2.883740
 11082.000000 12.920094 1.570402 2.943437
 11085.000000 12.932425 1.586138 2.952566
 11088.000000 12.906859 1.583987 2.958823
 11091.000000 12.941942 1.599517 2.927607
 11094.000000 12.908531 1.585982 2.955788
 11097.000000 12.938161 1.578675 2.931371
 11100.000000 12.940762 1.561307 2.966588
 11103.000000 12.923627 1.551466 2.979074
 11106.000000 12.973242 1.561723 2.979870
 11109.000000 13.014164 1.591499 2.984664
 11112.000000 12.993627 1.587847 3.029205
 11115.000000 13.017365 1.609075 2.999149
 11118.000000 13.131434 1.611480 2.995490
 11121.000000 12.982566 1.620549 2.992025
 11124.000000 13.014546 1.591822 2.970992
 11127.000000 12.972134 1.584529 3.012411
 11130.000000 12.969080 1.576703 2.970393
 11133.000000 13.014401 1.555016 3.014423
 11136.000000 12.936801 1.606804 2.971764
 11139.000000 12.978831 1.576715 2.984413
 11142.000000 13.005315 1.604809 2.974809
 11145.000000 12.912300 1.580196 3.026487
 11148.000000 12.957957 1.596943 3.027953
 11151.000000 12.971686 1.571250 3.027893
 11154.000000 12.985268 1.595249 2.998047
 11157.000000 12.928956 1.590545 3.002110
 11160.000000 12.971126 1.598282 3.007674
 11163.000000 12.927963 1.595386 2.974899
 11166.000000 12.923119 1.583123 2.992149
 11169.000000 12.946507 1.595516 2.968677
 11172.000000 12.969681 1.601817 2.972603
 11175.000000 12.977439 1.581652 2.994659
 11178.000000 13.023571 1.577891 3.007373
 11181.000000 13.035363 1.594176 2.997510
 11184.000000 12.982437 1.610258 2.992914
 11187.000000 12.987189 1.586898 2.981387
 11190.000000 13.039140 1.611196 2.948925
 11193.000000 13.028971 1.623208 2.947683
 11196.000000 13.011555 1.623423 2.948953
 11199.000000 12.987457 1.591307 2.990076
 11202.000000 12.990437 1.582906 2.985489
 11205.000000 12.992034 1.591111 2.969505
 11208.000000 12.966256 1.581530 2.963278
 11211.000000 13.037708 1.589717 2.940696
 11214.000000 12.889273 1.593985 2.955771
 11217.000000 12.875753 1.591919 2.952053
 11220.000000 12.857801 1.608086 2.946063
 11223.000000 12.937018 1.586458 2.980006
 11226.000000 12.897289 1.589271 2.960286
 11229.000000 12.903695 1.581272 2.987149
 11232.000000 12.929302 1.574484 2.969770
 11235.000000 12.886301 1.582196 2.971989
 11238.000000 12.837868 1.551732 2.995643
 11241.000000 12.811303 1.560249 2.985129
 11244.000000 12.788681 1.542074 3.005387
 11247.000000 12.859399 1.541503 2.971035
 11250.000000 12.889254 1.541322 2.994899
 11253.000000 12.850098 1.548096 2.983109
 11256.000000 12.934067 1.545999 3.014930
 11259.000000 12.942470 1.561119 2.967274
 11262.000000 12.989079 1.561596 3.017445
 11265.000000 13.041672 1.539389 3.008108
 11268.000000 13.101491 1.539090 3.043141
 11271.000000 13.086276 1.525659 3.076849
 11274.000000 13.115585 1.510566 3.051297
 11277.000000 13.056384 1.524998 3.016065
 11280.000000 13.050002 1.531090 3.027122
 11283.000000 13.020839 1.523455 3.062532
 11286.000000 13.000210 1.532918 3.042198
 11289.000000 12.994117 1.555700 3.011338
 11292.000000 13.006101 1.563522 3.014460
 11295.000000 12.970564 1.547226 3.004314
 11298.000000 13.033210 1.567979 3.001045
 11301.000000 12.993258 1.559348 2.995285
 11304.000000 13.087239 1.557142 3.001622
 11307.000000 13.094518 1.544947 3.024447
 11310.000000 13.064647 1.531779 3.004157
 11313.000000 13.164080 1.551768 3.010364
 11316.000000 13.102427 1.546386 2.978719
 11319.000000 13.100773 1.518169 3.032498
 11322.000000 13.028876 1.539665 3.005934
 11325.000000 13.044460 1.545989 2.991872
 11328.000000 13.018443 1.560287 3.006737
 11331.000000 13.002283 1.557676 3.006447
 11334.000000 13.042120 1.566407 2.992679
 11337.000000 12.987798 1.564062 3.016819
 11340.000000 12.952890 1.572431 3.040739
 11343.000000 12.933892 1.560379 3.040303
 11346.000000 12.933967 1.583677 3.009240
 11349.000000 12.852433 1.578376 3.010202
 11352.000000 12.825187 1.588809 3.016361
 11355.000000 12.825202 1.595520 3.004879
 11358.000000 12.913592 1.600530 2.982030
 11361.000000 12.836452 1.576887 3.034891
 11364.000000 12.829611 1.609501 2.960876
 11367.000000 12.852171 1.577675 2.984866
 11370.000000 12.872276 1.572776 2.972511
 11373.000000 12.961864 1.564486 2.966888
 11376.000000 12.870098 1.588621 2.975359
 11379.000000 12.838192 1.584324 2.986842
 11382.000000 12.957046 1.586317 2.995566
 11385.000000 13.026862 1.554283 3.027775
 11388.000000 13.017284 1.573352 3.002906
 11391.000000 12.917576 1.570740 2.935444
 11394.000000 12.926817 1.547851 2.937802
 11397.000000 12.825541 1.582802 2.982596
 11400.000000 12.802581 1.599238 2.947474
 11403.000000 12.794274 1.573182 3.001552
 11406.000000 12.862975 1.589914 2.995495
 11409.000000 12.850965 1.618153 3.017313
 11412.000000 12.935719 1.596779 3.026331
 11415.000000 12.904317 1.571533 3.054239
 11418.000000 12.922039 1.575240 3.048254
 11421.000000 12.968419 1.581718 3.046355
 11424.000000 12.964350 1.591400 2.979423
 11427.000000 13.074184 1.594132 3.012750
 11430.000000 13.034799 1.606517 3.024705
 11433.000000 13.059753 1.588920 3.041631
 11436.000000 13.008311 1.573837 3.013748
 11439.000000 13.028503 1.590872 3.015589
 11442.000000 12.954930 1.584676 3.006746
 11445.000000 12.938343 1.581817 2.996311
 11448.000000 12.898539 1.607817 2.974027
 11451.000000 13.008391 1.634733 2.957975
 11454.000000 13.122862 1.648934 2.947786
 11457.000000 13.038678 1.641183 2.929630
 11460.000000 13.015435 1.633179 2.936676
 11463.000000 13.026035 1.634195 2.899224
 11466.000000 13.007357 1.621085 2.953160
 11469.000000 13.012612 1.628548 2.990577
 11472.000000 13.113594 1.636451 3.017147
 11475.000000 13.086897 1.608942 3.035356
 11478.000000 13.104253 1.605052 3.029708
 11481.000000 13.049667 1.600260 3.031706
 11484.000000 13.065611 1.632535 2.993935
 11487.000000 13.020831 1.618665 3.005125
 11490.000000 13.007973 1.626241 3.043508
 11493.000000 12.995613 1.663076 3.002599
 11496.000000 13.024666 1.645786 3.037220
 11499.000000 13.074639 1.659070 3.042442
 11502.000000 13.033324 1.666526 3.020873
 11505.000000 13.025054 1.660881 3.001413
 11508.000000 12.937728 1.644171 3.025525
 11511.000000 12.944130 1.646639 3.007492
 11514.000000 12.928126 1.646106 2.967552
 11517.000000 12.926332 1.610690 3.009026
 11520.000000 12.936980 1.602188 3.031856
 11523.000000 12.889390 1.605008 3.038111
 11526.000000 12.877118 1.613296 3.002714
 11529.000000 12.824168 1.618386 3.030989
 11532.000000 12.825017 1.626625 2.995668
 11535.000000 12.724089 1.603437 3.018071
 11538.000000 12.758594 1.646393 3.003259
 11541.000000 12.865999 1.656303 2.999828
 11544.000000 12.933188 1.648269 2.974267
 11547.000000 12.976000 1.605539 2.968591
 11550.000000 12.941036 1.646162 2.976731
 11553.000000 12.979002 1.629825 2.992311
 11556.000000 12.946431 1.644422 2.950965
 11559.000000 12.930561 1.604471 2.969861
 11562.000000 12.938653 1.604080 2.975301
 11565.000000 12.867142 1.603140 3.001138
 11568.000000 12.820097 1.564965 3.005604
 11571.000000 12.828855 1.582054 2.996555
 11574.000000 12.818841 1.585254 2.966537
 11577.000000 12.873056 1.596571 2.977211
 11580.000000 12.817259 1.586646 3.029937
 11583.000000 12.873728 1.604218 3.010170
 11586.000000 12.827991 1.581383 3.015080
 11589.000000 12.821521 1.583881 3.013260
 11592.000000 12.922408 1.554163 3.050908
 11595.000000 12.940773 1.564636 3.031153
 11598.000000 12.960996 1.581353 3.021563
 11601.000000 12.947876 1.597404 3.014892
 11604.000000 12.973133 1.578991 3.038573
 11607.000000 12.969899 1.580305 2.998669
 11610.000000 12.970123 1.607056 3.004642
 11613.000000 12.963935 1.578377 3.017336
 11616.000000 12.911678 1.615851 3.006996
 11619.000000 13.004095 1.593295 3.008108
 11622.000000 13.029142 1.608040 2.995962
 11625.000000 13.137074 1.615770 3.015978
 11628.000000 13.097210 1.596287 3.022433
 11631.000000 13.124943 1.602255 3.010368
 11634.000000 13.099994 1.601598 2.976059
 11637.000000 13.019328 1.610517 2.998954
 11640.000000 13.027155 1.622634 3.010857
 11643.000000 13.070471 1.625179 3.004865
 11646.000000 13.104940 1.616667 3.029611
 11649.000000 13.040211 1.615477 2.991887
 11652.000000 12.964688 1.611559 2.982035
 11655.000000 12.956760 1.583797 3.009396
 11658.000000 12.973869 1.603464 2.989984
 11661.000000 12.903390 1.602678 2.999794
 11664.000000 12.899536 1.595485 2.990641
 11667.000000 12.865648 1.586548 2.991378
 11670.000000 12.841836 1.608522 2.983389
 11673.000000 12.840852 1.603603 2.978780
 11676.000000 12.846922 1.597722 2.972745
 11679.000000 12.764615 1.598535 3.025342
 11682.000000 12.803883 1.610650 2.977413
 11685.000000 12.833529 1.614207 2.963637
 11688.000000 12.858095 1.617082 2.985164
 11691.000000 12.834358 1.602336 2.980398
 11694.000000 12.848391 1.584045 2.984368
 11697.000000 12.796461 1.583547 2.974084
 11700.000000 12.791122 1.572188 2.992818
 11703.000000 12.812076 1.551040 2.983853
 11706.000000 12.799587 1.554447 3.000543
 11709.000000 12.726620 1.550229 2.999984
 11712.000000 12.776557 1.550295 3.021226
 11715.000000 12.727925 1.531107 3.022059
 11718.000000 12.803870 1.554357 2.990602
 11721.000000 12.848645 1.546205 3.006999
 11724.000000 12.875213 1.540348 2.994183
 11727.000000 12.819654 1.552328 3.014271
 11730.000000 12.799659 1.556872 3.022659
 11733.000000 12.817482 1.587957 3.030448
 11736.000000 12.851291 1.569478 3.022646
 11739.000000 12.813840 1.572114 2.995747
 11742.000000 12.838574 1.572040 2.987707
 11745.000000 12.884926 1.574079 3.008955
 11748.000000 12.939903 1.552250 3.017554
 11751.000000 12.977975 1.553295 3.015124
 11754.000000 12.939970 1.581404 2.976632
 11757.000000 12.933723 1.557030 3.005125
 11760.000000 12.809067 1.570210 2.986785
 11763.000000 12.780935 1.567625 2.992720
 11766.000000 12.716092 1.584692 2.953401
 11769.000000 12.734252 1.565130 2.926246
 11772.000000 12.604246 1.587122 2.918863
 11775.000000 12.666978 1.567287 2.977573
 11778.000000 12.655831 1.583915 2.946999
 11781.000000 12.661158 1.606667 2.932306
 11784.000000 12.662768 1.598258 2.917072
 11787.000000 12.580934 1.581355 2.950927
 11790.000000 12.592567 1.579272 2.961839
 11793.000000 12.682663 1.577211 2.985230
 11796.000000 12.790977 1.546323 3.009908
 11799.000000 12.735856 1.551200 2.999713
 11802.000000 12.785930 1.563254 3.001435
 11805.000000 12.779648 1.552958 2.986633
 11808.000000 12.728047 1.531494 3.008697
 11811.000000 12.737071 1.541175 2.992045
 11814.000000 12.718701 1.525375 3.017414
 11817.000000 12.683322 1.516726 3.024281
 11820.000000 12.762791 1.553894 3.022429
 11823.000000 12.741683 1.548283 3.027622
 11826.000000 12.703657 1.536175 3.035787
 11829.000000 12.790214 1.540669 3.035321
 11832.000000 12.787053 1.541349 3.030009
 11835.000000 12.811111 1.567544 2.996641
 11838.000000 12.923655 1.564788 2.983528
 11841.000000 12.881044 1.574064 3.016052
 11844.000000 12.868014 1.572013 3.007322
 11847.000000 12.864679 1.570093 3.006345
 11850.000000 12.879443 1.578876 2.995462
 11853.000000 12.895496 1.595211 3.002884
 11856.000000 12.837438 1.556028 3.011904
 11859.000000 12.720539 1.560886 2.988482
 11862.000000 12.781002 1.543700 3.038287
 11865.000000 12.724271 1.566471 3.013468
 11868.000000 12.752347 1.574501 2.995611
 11871.000000 12.798925 1.572010 2.998802
 11874.000000 12.829321 1.552848 3.015163
 11877.000000 12.929569 1.569876 3.004649
 11880.000000 12.936138 1.573074 3.016037
 11883.000000 12.999843 1.568916 3.026540
 11886.000000 12.967542 1.548127 3.000602
 11889.000000 13.002393 1.561711 2.982884
 11892.000000 12.968708 1.548275 3.013542
 11895.000000 13.021445 1.542196 3.008946
 11898.000000 13.060458 1.546238 3.017890
 11901.000000 13.009955 1.535692 3.012450
 11904.000000 13.032475 1.511886 3.048010
 11907.000000 13.038001 1.520681 3.014888
 11910.000000 12.927784 1.497028 3.040845
 11913.000000 12.921229 1.496791 3.004743
 11916.000000 12.909192 1.511688 2.997012
 11919.000000 12.945357 1.500385 3.016990
 11922.000000 12.964430 1.492607 3.036064
 11925.000000 13.047939 1.521812 2.965977
 11928.000000 13.107158 1.514045 3.002022
 11931.000000 13.062052 1.496737 3.045545
 11934.000000 13.026049 1.520250 2.997064
 11937.000000 13.038126 1.508607 3.010922
 11940.000000 13.012842 1.500642 3.043252
 11943.000000 13.037838 1.529543 2.990287
 11946.000000 13.031306 1.520921 3.011532
 11949.000000 13.036312 1.496490 3.028437
 11952.000000 13.100200 1.523780 3.034971
 11955.000000 13.045696 1.535084 3.032948
 11958.000000 12.949008 1.523447 3.024755
 11961.000000 12.965396 1.516970 2.978164
 11964.000000 12.964302 1.535926 2.990025
 11967.000000 12.894775 1.558981 2.950544
 11970.000000 12.871334 1.545492 2.951577
 11973.000000 12.901633 1.532197 2.961109
 11976.000000 12.955374 1.508021 2.940394
 11979.000000 12.904442 1.534883 2.952847
 11982.000000 12.958445 1.517086 2.988366
 11985.000000 12.917061 1.550043 2.954734
 11988.000000 13.006386 1.535063 2.972629
 11991.000000 13.014534 1.543776 2.976951
 11994.000000 13.040820 1.534035 2.944743
 11997.000000 12.998344 1.525681 2.951024
 12000.000000 13.094308 1.526339 2.950392
 12003.000000 13.110215 1.540686 2.952743
 12006.000000 13.194301 1.520663 2.941146
 12009.000000 13.162066 1.513684 2.949900
 12012.000000 13.034606 1.521768 2.962546
 12015.000000 12.993280 1.509791 2.997837
 12018.000000 13.020918 1.512278 2.984028
 12021.000000 13.047654 1.513117 2.970977
 12024.000000 13.080172 1.505623 2.960399
 12027.000000 13.081925 1.501552 2.940654
 12030.000000 13.105177 1.488783 3.004960
 12033.000000 13.134316 1.492936 2.996481
 12036.000000 13.135319 1.492979 2.987085
 12039.000000 13.125895 1.474438 2.984284
 12042.000000 13.104136 1.496175 2.989372
 12045.000000 13.027529 1.484144 3.011515
 12048.000000 13.156171 1.516037 3.009768
 12051.000000 13.138198 1.533897 2.967745
 12054.000000 13.144847 1.515216 2.976864
 12057.000000 13.097929 1.527521 2.982863
 12060.000000 13.057778 1.494681 2.990319
 12063.000000 13.061811 1.497797 2.973649
 12066.000000 12.991264 1.508328 2.941071
 12069.000000 12.945497 1.484816 2.963701
 12072.000000 13.011827 1.483400 2.976984
 12075.000000 12.963333 1.490622 2.969623
 12078.000000 13.017516 1.488879 2.972891
 12081.000000 12.924057 1.504672 2.956152
 12084.000000 12.944013 1.524989 2.918706
 12087.000000 12.911451 1.513081 2.963921
 12090.000000 12.943852 1.507252 2.963939
 12093.000000 12.966697 1.541676 2.921337
 12096.000000 13.039799 1.528589 2.944492
 12099.000000 13.041492 1.500309 2.955228
 12102.000000 13.043098 1.514661 2.969812
 12105.000000 13.031051 1.500387 2.975570
 12108.000000 13.089561 1.517370 2.959557
 12111.000000 13.068404 1.512880 2.949817
 12114.000000 13.076833 1.530261 2.957580
 12117.000000 12.947137 1.523261 2.969800
 12120.000000 12.926072 1.535427 2.988821
 12123.000000 12.931815 1.510350 3.013955
 12126.000000 12.964024 1.492136 2.980387
 12129.000000 12.994959 1.518529 2.925554
 12132.000000 12.866384 1.520288 2.951350
 12135.000000 12.831178 1.522889 2.962326
 12138.000000 12.888033 1.539996 2.944020
 12141.000000 12.842463 1.530255 2.885929
 12144.000000 12.914993 1.501007 2.935439
 12147.000000 12.910688 1.510123 2.935240
 12150.000000 12.874751 1.517860 2.971302
 12153.000000 12.947140 1.523841 2.953277
 12156.000000 12.921976 1.550154 2.917042
 12159.000000 12.896362 1.538909 2.954857
 12162.000000 12.871340 1.545688 2.956712
 12165.000000 12.882422 1.566457 2.954552
 12168.000000 12.857696 1.573190 2.983697
 12171.000000 12.956222 1.551444 2.997764
 12174.000000 13.041572 1.554793 2.992613
 12177.000000 13.030079 1.564441 2.982505
 12180.000000 12.999830 1.545237 2.976334
 12183.000000 13.132020 1.550331 2.949538
 12186.000000 13.034898 1.546562 2.967467
 12189.000000 13.043335 1.549768 2.987359
 12192.000000 13.068281 1.549076 2.972931
 12195.000000 13.040054 1.551552 2.979444
 12198.000000 13.069267 1.538160 2.943851
 12201.000000 13.102217 1.525082 2.964000
 12204.000000 13.060159 1.534926 2.993041
 12207.000000 13.057354 1.535935 2.987244
 12210.000000 13.029720 1.535013 3.017748
 12213.000000 13.001966 1.548378 3.004483
 12216.000000 12.885874 1.549701 3.000943
 12219.000000 12.897545 1.550443 2.967042
 12222.000000 12.882787 1.522564 3.008733
 12225.000000 12.951065 1.539500 2.999932
 12228.000000 12.922197 1.553198 2.965233
 12231.000000 12.841088 1.532225 2.980820
 12234.000000 12.845860 1.567086 2.973507
 12237.000000 12.845213 1.595216 2.937772
 12240.000000 12.813421 1.555298 2.954826
 12243.000000 12.861793 1.564677 2.950773
 12246.000000 12.929004 1.561660 2.982031
 12249.000000 12.965813 1.569035 2.983359
 12252.000000 12.956738 1.552611 3.009117
 12255.000000 12.962296 1.574640 2.949199
 12258.000000 13.031100 1.555514 2.952167
 12261.000000 13.018872 1.557469 2.959757
 12264.000000 13.043748 1.571989 2.955321
 12267.000000 12.926109 1.569792 2.968362
 12270.000000 12.965165 1.578623 2.933866
 12273.000000 13.039833 1.571861 2.977478
 12276.000000 13.000072 1.594102 2.960618
 12279.000000 12.964048 1.568846 2.971147
 12282.000000 12.937284 1.546868 2.997913
 12285.000000 12.901731 1.555631 2.986636
 12288.000000 12.831657 1.582725 2.960029
 12291.000000 12.830629 1.575373 2.954799
 12294.000000 12.889743 1.548098 3.002859
 12297.000000 12.940013 1.519624 3.004737
 12300.000000 12.888814 1.518566 2.974459
 12303.000000 12.886187 1.504681 2.973930
 12306.000000 12.920757 1.523892 2.983018
 12309.000000 12.944703 1.520085 2.941935
 12312.000000 12.869389 1.548968 2.909923
 12315.000000 12.923304 1.540316 2.936766
 12318.000000 12.917096 1.531251 2.940051
 12321.000000 12.940307 1.515408 2.933465
 12324.000000 12.939417 1.510328 2.952740
 12327.000000 12.913467 1.522475 2.961456
 12330.000000 12.922450 1.533599 2.958418
 12333.000000 12.970936 1.537768 2.976606
 12336.000000 13.043223 1.549093 2.983403
 12339.000000 12.961823 1.536865 2.945512
 12342.000000 13.018976 1.518528 2.972652
 12345.000000 13.041092 1.533957 2.951212
 12348.000000 12.962553 1.557411 2.973675
 12351.000000 12.972253 1.530634 3.004635
 12354.000000 13.018315 1.537348 2.999775
 12357.000000 12.996457 1.541572 2.974964
 12360.000000 13.011545 1.534041 2.999138
 12363.000000 13.022690 1.548474 2.947140
 12366.000000 13.087306 1.539922 2.947283
 12369.000000 13.123054 1.526384 2.974007
 12372.000000 13.060121 1.536571 2.970845
 12375.000000 13.004970 1.528624 2.979978
 12378.000000 13.023765 1.515254 2.978044
 12381.000000 13.073664 1.502504 2.998087
 12384.000000 13.074161 1.490235 3.017700
 12387.000000 13.071485 1.487420 3.052902
 12390.000000 13.037127 1.518924 3.058842
 12393.000000 13.114760 1.540985 3.076698
 12396.000000 13.069692 1.536648 3.070448
 12399.000000 13.074852 1.534582 3.049301
 12402.000000 13.022204 1.534664 3.012471
 12405.000000 12.916898 1.534665 3.024183
 12408.000000 12.939901 1.557430 2.998221
 12411.000000 13.003236 1.548151 3.011164
 12414.000000 13.005604 1.542286 3.002671
 12417.000000 13.047911 1.542515 3.003566
 12420.000000 13.068479 1.541776 2.969902
 12423.000000 13.166200 1.563474 2.982329
 12426.000000 13.082365 1.539741 2.995968
 12429.000000 13.157296 1.537786 3.023593
 12432.000000 13.136148 1.522774 3.010436
 12435.000000 13.138734 1.526367 3.041980
 12438.000000 13.113499 1.507189 3.018123
 12441.000000 13.193111 1.498503 3.043294
 12444.000000 13.166094 1.473612 3.004030
 12447.000000 13.239178 1.505156 2.984762
 12450.000000 13.157697 1.516301 3.005335
 12453.000000 13.144861 1.509195 2.957992
 12456.000000 13.230591 1.534960 3.025867
 12459.000000 13.144028 1.525471 3.032534
 12462.000000 13.149340 1.503929 3.049512
 12465.000000 13.045188 1.510344 3.019184
 12468.000000 13.025901 1.509650 3.006266
 12471.000000 13.008545 1.502063 3.037055
 12474.000000 13.033540 1.520159 3.028807
 12477.000000 12.960925 1.561416 3.015117
 12480.000000 12.992199 1.550652 3.061349
 12483.000000 12.983992 1.567424 3.045828
 12486.000000 12.982371 1.555224 3.057590
 12489.000000 12.948890 1.553787 3.030101
 12492.000000 12.946811 1.555722 3.026291
 12495.000000 12.926353 1.551903 3.001553
 12498.000000 12.941172 1.546765 2.974578
 12501.000000 12.951298 1.573525 2.947996
 12504.000000 12.946466 1.586606 2.941319
 12507.000000 12.955417 1.548617 2.949884
 12510.000000 12.909416 1.525603 2.979275
 12513.000000 12.853117 1.528482 2.976736
 12516.000000 12.828904 1.549292 2.995501
 12519.000000 12.901753 1.548654 2.962380
 12522.000000 12.940408 1.550506 2.949293
 12525.000000 12.897452 1.542718 2.986976
 12528.000000 12.969119 1.550937 2.955834
 12531.000000 12.899271 1.564017 2.924180
 12534.000000 12.877170 1.558589 2.925825
 12537.000000 12.878929 1.552919 2.959586
 12540.000000 12.870663 1.555354 2.967073
 12543.000000 12.887222 1.535844 2.939589
 12546.000000 12.933796 1.500963 2.950174
 12549.000000 12.894321 1.510440 2.961050
 12552.000000 12.874967 1.524976 2.985985
 12555.000000 12.843976 1.513619 2.984236
 12558.000000 12.762990 1.509914 2.979977
 12561.000000 12.714330 1.512182 2.964840
 12564.000000 12.811473 1.524892 2.962579
 12567.000000 12.842596 1.511001 3.002298
 12570.000000 12.788206 1.526476 2.984514
 12573.000000 12.870981 1.496593 2.995969
 12576.000000 12.911806 1.514599 2.968924
 12579.000000 12.969235 1.517903 2.955839
 12582.000000 12.962577 1.550063 2.908526
 12585.000000 12.980740 1.546184 2.947899
 12588.000000 12.938221 1.530854 2.951085
 12591.000000 12.978121 1.504964 2.985687
 12594.000000 12.992173 1.543310 2.975508
 12597.000000 12.921592 1.547966 2.990465
 12600.000000 12.903045 1.570324 2.986001
 12603.000000 12.913219 1.572683 2.958493
 12606.000000 12.965236 1.569700 2.948916
 12609.000000 12.968876 1.571539 2.970004
 12612.000000 12.924359 1.590647 2.964646
 12615.000000 12.930745 1.593814 2.977914
 12618.000000 12.909248 1.574394 3.006736
 12621.000000 12.877389 1.555139 3.039118
 12624.000000 12.870426 1.558524 3.021143
 12627.000000 12.884156 1.564183 2.974432
 12630.000000 12.956907 1.561608 2.949617
 12633.000000 13.018292 1.561135 2.947524
 12636.000000 13.024378 1.547868 2.996007
 12639.000000 13.113573 1.561530 3.002240
 12642.000000 13.054005 1.569243 2.956916
 12645.000000 13.126614 1.522401 3.007979
 12648.000000 13.115838 1.516324 3.032227
 12651.000000 13.035881 1.503288 3.000474
 12654.000000 13.057897 1.490499 3.001828
 12657.000000 13.082234 1.528618 2.950021
 12660.000000 13.167879 1.541117 2.972051
 12663.000000 13.096198 1.546396 2.962322
 12666.000000 13.095609 1.548792 2.970399
 12669.000000 13.003472 1.545713 3.011092
 12672.000000 13.026472 1.553405 2.979613
 12675.000000 13.008386 1.564436 2.995187
 12678.000000 13.043869 1.563833 3.004787
 12681.000000 13.087794 1.541694 2.991020
 12684.000000 13.031593 1.563496 2.997321
 12687.000000 12.950072 1.562347 2.976734
 12690.000000 12.934152 1.574675 2.970283
 12693.000000 12.945593 1.566237 2.996064
 12696.000000 12.978149 1.565044 2.995679
 12699.000000 13.028340 1.557078 2.984770
 12702.000000 13.010611 1.547318 2.990844
 12705.000000 13.068819 1.540293 3.023268
 12708.000000 13.009479 1.523813 3.003316
 12711.000000 13.033551 1.507373 3.036129
 12714.000000 13.031302 1.509727 3.027179
 12717.000000 13.014795 1.500791 3.013934
 12720.000000 13.108771 1.507169 3.057296
 12723.000000 13.019302 1.536194 3.036773
 12726.000000 12.979315 1.507693 3.042606
 12729.000000 13.011344 1.525059 2.978277
 12732.000000 12.970704 1.540061 2.989749
 12735.000000 13.088992 1.514464 3.000120
 12738.000000 13.045434 1.492791 3.023093
 12741.000000 13.066627 1.485697 2.993071
 12744.000000 13.029940 1.489187 3.015956
 12747.000000 12.947933 1.507414 3.051915
 12750.000000 12.908529 1.520323 3.003095
 12753.000000 12.980095 1.501118 3.025154
 12756.000000 13.083261 1.521866 2.989990
 12759.000000 13.019282 1.523659 2.985107
 12762.000000 12.954890 1.512193 2.979568
 12765.000000 12.876082 1.537040 2.972444
 12768.000000 12.879238 1.528960 2.946603
 12771.000000 12.851372 1.535338 2.984510
 12774.000000 12.923717 1.536641 2.959170
 12777.000000 12.886220 1.555629 2.954636
 12780.000000 12.937284 1.559679 3.006763
 12783.000000 12.887290 1.576452 3.005082
 12786.000000 12.880229 1.570863 2.967539
 12789.000000 12.924723 1.561869 2.990217
 12792.000000 12.988592 1.575370 2.972617
 12795.000000 13.060339 1.560032 2.980293
 12798.000000 12.970879 1.552925 2.979212
 12801.000000 12.965000 1.532171 2.960916
 12804.000000 12.952214 1.507792 2.975441
 12807.000000 13.016805 1.493943 3.017009
 12810.000000 13.000711 1.490300 3.012286
 12813.000000 13.050765 1.503022 2.983915
 12816.000000 13.010270 1.475121 2.999158
 12819.000000 12.921776 1.527316 2.983170
 12822.000000 12.970974 1.544741 2.989971
 12825.000000 12.942453 1.571203 2.986238
 12828.000000 13.034261 1.547697 2.986293
 12831.000000 13.018542 1.537685 2.996502
 12834.000000 13.020771 1.530987 2.978817
 12837.000000 13.096589 1.522277 2.984153
 12840.000000 13.053714 1.552549 2.978200
 12843.000000 13.024467 1.542374 2.965698
 12846.000000 13.019600 1.546390 2.998336
 12849.000000 12.970310 1.541878 2.972428
 12852.000000 12.940669 1.545216 3.018606
 12855.000000 12.971163 1.528903 3.009162
 12858.000000 12.959525 1.527488 2.982047
 12861.000000 12.966793 1.532951 2.978422
 12864.000000 12.938698 1.532730 2.985430
 12867.000000 12.923022 1.554962 2.981438
 12870.000000 12.942530 1.537290 2.985914
 12873.000000 12.856410 1.540562 2.976678
 12876.000000 12.957674 1.550577 2.979876
 12879.000000 12.942478 1.554551 2.987723
 12882.000000 12.909769 1.588163 2.969156
 12885.000000 12.896822 1.592006 2.983912
 12888.000000 12.862894 1.584171 2.969428
 12891.000000 12.965501 1.582047 2.969426
 12894.000000 12.949509 1.604244 2.930061
 12897.000000 12.912473 1.591454 2.935552
 12900.000000 13.003367 1.576372 2.943140
 12903.000000 13.029764 1.588394 2.898291
 12906.000000 13.009645 1.583688 2.945711
 12909.000000 13.082973 1.556673 2.958149
 12912.000000 12.908593 1.558667 2.964650
 12915.000000 12.900351 1.546823 2.931587
 12918.000000 12.941148 1.521071 2.963387
 12921.000000 13.006055 1.509174 2.970070
 12924.000000 12.979923 1.515251 2.961854
 12927.000000 12.978063 1.502903 2.969159
 12930.000000 12.956497 1.510137 2.960736
 12933.000000 12.979291 1.497893 2.962553
 12936.000000 13.069893 1.487606 2.969872
 12939.000000 12.979558 1.477569 2.942442
 12942.000000 13.006039 1.477440 2.957343
 12945.000000 12.923700 1.485372 2.955859
 12948.000000 12.928299 1.505429 2.984140
 12951.000000 12.942769 1.511432 2.952336
 12954.000000 13.006982 1.507677 2.973348
 12957.000000 13.011780 1.501371 2.970700
 12960.000000 12.945222 1.508973 2.996902
 12963.000000 12.973684 1.535429 2.980124
 12966.000000 13.004145 1.499016 2.993559
 12969.000000 12.962708 1.507616 3.000379
 12972.000000 12.931869 1.519458 2.999252
 12975.000000 12.880740 1.507842 3.015274
 12978.000000 13.004376 1.498520 2.989883
 12981.000000 13.050966 1.541911 2.970555
 12984.000000 13.018124 1.563836 2.954949
 12987.000000 12.960967 1.542091 2.982779
 12990.000000 12.961073 1.550708 2.994295
 12993.000000 12.938142 1.540069 2.986617
 12996.000000 13.015410 1.569276 2.979013
 12999.000000 13.007661 1.580280 2.993831
 13002.000000 13.029202 1.581790 2.977456
 13005.000000 13.013211 1.569087 3.018548
 13008.000000 13.020278 1.584175 3.005335
 13011.000000 13.028612 1.584267 2.952532
 13014.000000 12.978967 1.557570 2.988864
 13017.000000 13.075923 1.553832 2.956402
 13020.000000 13.108228 1.562166 2.925620
 13023.000000 13.082879 1.541591 2.928776
 13026.000000 13.036961 1.552186 2.900612
 13029.000000 13.123142 1.554656 2.958657
 13032.000000 13.117467 1.511768 2.946160
 13035.000000 13.052687 1.512428 2.986720
 13038.000000 13.006247 1.524925 2.983478
 13041.000000 13.066002 1.519389 2.972475
 13044.000000 13.135267 1.491540 3.019787
 13047.000000 13.073263 1.517439 2.993665
 13050.000000 13.096966 1.526185 2.965290
 13053.000000 13.080082 1.516087 2.946917
 13056.000000 13.127013 1.554066 2.903776
 13059.000000 13.058501 1.571229 2.893069
 13062.000000 13.053543 1.577488 2.922411
 13065.000000 13.072925 1.551177 2.966650
 13068.000000 13.139541 1.534677 2.957304
 13071.000000 13.037570 1.536556 2.940265
 13074.000000 13.003441 1.513064 2.945644
 13077.000000 12.964958 1.539619 2.964844
 13080.000000 13.022363 1.544697 2.931531
 13083.000000 13.060313 1.556154 2.912872
 13086.000000 13.095013 1.543593 2.926563
 13089.000000 13.115513 1.526992 2.943341
 13092.000000 13.113768 1.543984 2.942626
 13095.000000 13.034431 1.540988 2.923223
 13098.000000 13.037464 1.543540 2.900476
 13101.000000 13.061117 1.557182 2.912601
 13104.000000 13.014768 1.551154 2.943532
 13107.000000 13.068893 1.547433 2.995395
 13110.000000 12.967368 1.547834 3.001265
 13113.000000 13.015533 1.531179 3.005895
 13116.000000 13.051544 1.516422 3.014242
 13119.000000 13.001843 1.544625 3.019770
 13122.000000 13.081616 1.545266 3.006820
 13125.000000 13.109082 1.538990 2.981824
 13128.000000 13.082401 1.519503 3.014985
 13131.000000 13.083438 1.529087 2.979260
 13134.000000 13.065460 1.543106 2.968753
 13137.000000 13.036521 1.532703 3.000306
 13140.000000 13.052208 1.539943 2.977605
 13143.000000 12.964478 1.529313 3.000582
 13146.000000 12.969604 1.526587 2.994272
 13149.000000 13.000428 1.540113 2.997025
 13152.000000 13.014878 1.554888 2.980958
 13155.000000 12.926240 1.535664 3.000514
 13158.000000 12.953352 1.535710 3.011843
 13161.000000 12.970368 1.529273 2.958226
 13164.000000 12.993564 1.517815 2.977199
 13167.000000 12.981221 1.523325 2.925681
 13170.000000 12.999512 1.564635 2.935475
 13173.000000 13.023628 1.559416 2.966711
 13176.000000 12.988461 1.574471 2.932803
 13179.000000 12.988404 1.545309 2.959886
 13182.000000 13.015081 1.529707 2.931524
 13185.000000 13.043502 1.521483 2.950011
 13188.000000 12.978781 1.494865 2.977394
 13191.000000 13.062890 1.532338 2.962569
 13194.000000 13.094536 1.557641 2.950167
 13197.000000 13.137749 1.546566 2.971840
 13200.000000 13.172351 1.528254 2.976608
 13203.000000 13.199375 1.525214 2.973261
 13206.000000 13.243962 1.513331 2.972530
 13209.000000 13.243295 1.523743 2.968673
 13212.000000 13.249695 1.498620 2.961640
 13215.000000 13.207896 1.483999 2.961699
 13218.000000 13.182051 1.485670 2.992701
 13221.000000 13.153559 1.511097 2.968068
 13224.000000 13.130689 1.535360 2.968079
 13227.000000 13.077031 1.553024 2.963693
 13230.000000 13.192141 1.584049 2.926644
 13233.000000 13.153255 1.578415 2.933194
 13236.000000 13.103136 1.572762 2.920666
 13239.000000 13.085425 1.574578 2.886911
 13242.000000 13.038022 1.566962 2.917585
 13245.000000 13.050568 1.549579 2.937575
 13248.000000 13.028627 1.515430 2.963902
 13251.000000 13.082745 1.527715 2.966553
 13254.000000 13.005843 1.486617 3.020733
 13257.000000 12.979864 1.529541 2.976115
 13260.000000 12.966136 1.513283 2.991794
 13263.000000 13.049274 1.518148 2.978565
 13266.000000 13.008018 1.515812 2.996019
 13269.000000 13.005029 1.508864 2.965208
 13272.000000 13.015719 1.519833 2.992280
 13275.000000 13.080577 1.499365 2.988664
 13278.000000 13.052198 1.504681 2.971678
 13281.000000 13.055996 1.481648 3.019621
 13284.000000 13.079385 1.476742 3.025812
 13287.000000 13.020063 1.484022 3.000913
 13290.000000 13.054149 1.491483 2.988489
 13293.000000 12.955795 1.478487 3.026848
 13296.000000 13.060259 1.501339 3.002224
 13299.000000 12.987013 1.492134 3.006985
 13302.000000 13.052405 1.487788 2.991839
 13305.000000 12.952130 1.488514 3.011415
 13308.000000 13.050099 1.497402 2.997248
 13311.000000 13.028300 1.504372 2.959509
 13314.000000 13.044500 1.497058 2.971408
 13317.000000 13.075254 1.519212 2.972672
 13320.000000 13.078052 1.511238 2.984931
 13323.000000 13.083059 1.505383 2.994405
 13326.000000 13.003149 1.509622 3.021244
 13329.000000 13.093665 1.514681 3.012610
 13332.000000 13.065463 1.541324 2.987672
 13335.000000 13.053705 1.524459 2.974322
 13338.000000 13.090458 1.527858 2.992379
 13341.000000 13.041906 1.564577 2.957002
 13344.000000 12.987622 1.547034 2.985205
 13347.000000 12.923040 1.559674 2.944185
 13350.000000 12.939210 1.562585 2.963016
 13353.000000 12.920628 1.556421 2.959374
 13356.000000 12.879793 1.577755 2.956559
 13359.000000 12.896189 1.585943 2.960582
 13362.000000 12.945446 1.585653 2.950214
 13365.000000 12.927507 1.585534 2.954780
 13368.000000 12.880125 1.599628 2.939008
 13371.000000 12.998697 1.596356 2.986734
 13374.000000 12.996527 1.575306 2.991146
 13377.000000 13.062532 1.564279 2.994454
 13380.000000 13.009998 1.535556 2.996595
 13383.000000 13.073719 1.559535 2.999207
 13386.000000 13.057956 1.537043 3.005473
 13389.000000 12.993875 1.528432 3.011451
 13392.000000 12.981265 1.527212 3.008739
 13395.000000 12.969960 1.559483 2.984471
 13398.000000 13.040566 1.560484 2.979969
 13401.000000 12.990555 1.543704 3.025823
 13404.000000 12.952431 1.544263 3.041306
 13407.000000 12.978081 1.549745 3.011893
 13410.000000 12.960649 1.529564 3.054212
 13413.000000 12.996939 1.548318 3.010064
 13416.000000 13.030385 1.519341 2.990159
 13419.000000 13.108999 1.516918 3.002882
 13422.000000 13.015093 1.537255 2.986894
 13425.000000 13.058970 1.546628 2.964844
 13428.000000 12.956805 1.537316 3.013507
 13431.000000 12.960299 1.570460 2.968740
 13434.000000 12.981128 1.574660 2.948390
 13437.000000 12.932428 1.549253 2.946432
 13440.000000 12.865627 1.555680 2.985469
 13443.000000 12.832485 1.509382 3.011112
 13446.000000 12.807035 1.495868 2.993982
 13449.000000 12.821814 1.492480 2.994456
 13452.000000 12.906368 1.494588 2.999551
 13455.000000 12.838397 1.502353 3.033128
 13458.000000 12.848501 1.526816 3.000614
 13461.000000 12.806901 1.504690 3.014901
 13464.000000 12.832472 1.502135 2.999951
 13467.000000 12.857071 1.521813 2.974313
 13470.000000 12.889661 1.536988 2.979534
 13473.000000 12.831227 1.553035 2.971675
 13476.000000 12.804694 1.516321 3.011331
 13479.000000 12.819373 1.540711 3.007376
 13482.000000 12.896011 1.537211 3.005915
 13485.000000 12.856952 1.529867 3.003131
 13488.000000 12.794909 1.529882 3.029487
 13491.000000 12.784368 1.534188 2.987368
 13494.000000 12.795560 1.543101 3.000304
 13497.000000 12.741179 1.522219 3.025968
 13500.000000 12.865827 1.531208 3.000125
 13503.000000 12.854780 1.553591 2.964335
 13506.000000 12.861533 1.554935 2.956665
 13509.000000 12.820882 1.531693 2.986183
 13512.000000 12.700627 1.554236 2.953685
 13515.000000 12.756369 1.565771 2.924733
 13518.000000 12.791529 1.545861 2.931963
 13521.000000 12.813530 1.539492 2.988178
 13524.000000 12.764486 1.565246 2.971498
 13527.000000 12.777903 1.546696 3.000513
 13530.000000 12.747477 1.552759 2.978009
 13533.000000 12.800695 1.549869 2.959118
 13536.000000 12.870529 1.553212 2.960659
 13539.000000 12.933687 1.558119 2.958126
 13542.000000 12.960283 1.547996 2.981773
 13545.000000 12.927891 1.559421 2.979104
 13548.000000 12.915645 1.578152 2.977989
 13551.000000 12.895615 1.539562 2.989111
 13554.000000 12.937877 1.518722 2.976668
 13557.000000 12.894750 1.506679 2.967060
 13560.000000 12.829932 1.476205 2.968051
 13563.000000 12.946676 1.501525 2.939537
 13566.000000 12.979909 1.519673 2.943676
 13569.000000 12.953105 1.520887 2.946894
 13572.000000 12.954047 1.521712 2.944441
 13575.000000 12.939818 1.496500 2.960225
 13578.000000 12.982966 1.481740 2.975282
 13581.000000 12.966681 1.483632 2.952016
 13584.000000 12.970802 1.513093 2.932891
 13587.000000 12.873376 1.488720 2.999043
 13590.000000 12.829362 1.486622 2.974677
 13593.000000 12.813903 1.505786 2.943781
 13596.000000 12.840528 1.507781 2.958203
 13599.000000 12.853725 1.497244 2.968834
 13602.000000 12.866183 1.477065 2.961001
 13605.000000 12.866448 1.476439 2.963672
 13608.000000 12.932480 1.510215 2.929351
 13611.000000 12.948469 1.498116 2.952139
 13614.000000 13.020399 1.489784 2.949727
 13617.000000 12.979448 1.489060 2.976354
 13620.000000 12.942356 1.526561 2.952815
 13623.000000 13.012947 1.492994 2.996999
 13626.000000 13.007364 1.488324 3.001037
 13629.000000 12.999620 1.513592 2.939962
 13632.000000 13.081997 1.497485 2.954980
 13635.000000 13.103744 1.498797 2.971290
 13638.000000 13.064527 1.506004 2.975920
 13641.000000 13.103723 1.554420 2.970214
 13644.000000 13.055777 1.560687 2.963021
 13647.000000 13.085318 1.549606 2.960940
 13650.000000 13.132453 1.557367 2.984840
 13653.000000 13.119217 1.571170 2.952516
 13656.000000 13.107545 1.568339 2.934524
 13659.000000 13.125476 1.582096 2.928294
 13662.000000 13.140112 1.577700 2.949254
 13665.000000 13.035816 1.580386 2.940640
 13668.000000 13.035372 1.582924 2.993925
 13671.000000 13.071387 1.575041 2.989015
 13674.000000 13.028121 1.547102 2.993652
 13677.000000 13.034440 1.542604 2.995152
 13680.000000 13.033326 1.534063 2.986004
 13683.000000 13.108454 1.576316 2.964776
 13686.000000 13.146319 1.563345 2.927907
 13689.000000 13.109719 1.524108 2.944680
 13692.000000 13.032318 1.517510 2.965802
 13695.000000 13.051976 1.507277 2.998950
 13698.000000 13.033313 1.505768 2.980682
 13701.000000 13.042677 1.506608 2.996965
 13704.000000 13.063851 1.507864 2.985938
 13707.000000 13.084362 1.530456 2.941682
 13710.000000 13.133418 1.539922 2.958645
 13713.000000 13.126370 1.535493 2.942765
 13716.000000 13.130837 1.525167 2.967000
 13719.000000 13.103589 1.537680 2.935633
 13722.000000 13.075883 1.516145 2.953211
 13725.000000 13.040402 1.514479 2.944674
 13728.000000 13.043415 1.522703 2.935520
 13731.000000 13.048012 1.523595 2.928159
 13734.000000 13.008409 1.535185 2.921563
 13737.000000 12.981520 1.549704 2.928621
 13740.000000 13.076593 1.550363 2.947045
 13743.000000 13.100194 1.547549 2.948526
 13746.000000 13.138664 1.561532 2.931654
 13749.000000 13.074013 1.552399 2.937244
 13752.000000 12.979867 1.541425 2.969109
 13755.000000 12.972946 1.564644 2.944820
 13758.000000 12.952536 1.559517 2.910467
 13761.000000 12.935461 1.583053 2.907566
 13764.000000 12.915740 1.546908 2.947885
 13767.000000 12.932763 1.528624 2.943263
 13770.000000 12.934269 1.526415 2.953263
 13773.000000 13.020564 1.525285 2.960780
 13776.000000 12.926407 1.563489 2.933349
 13779.000000 12.905502 1.566093 2.923242
 13782.000000 12.915958 1.549132 2.913383
 13785.000000 13.015820 1.531262 2.928973
 13788.000000 12.998217 1.541248 2.920928
 13791.000000 12.966888 1.557332 2.911263
 13794.000000 13.112456 1.526441 2.949152
 13797.000000 13.121524 1.528776 2.948162
 13800.000000 13.024262 1.542927 2.945433
 13803.000000 13.098680 1.510965 2.988168
 13806.000000 13.105490 1.515470 2.971092
 13809.000000 13.045570 1.526136 2.967564
 13812.000000 13.006378 1.503600 2.983843
 13815.000000 12.944049 1.530901 2.971173
 13818.000000 12.908667 1.500570 2.958434
 13821.000000 12.933632 1.536931 2.940190
 13824.000000 12.951617 1.520331 2.957911
 13827.000000 12.974229 1.532754 2.936900
 13830.000000 12.924365 1.522059 2.963718
 13833.000000 12.916596 1.529312 2.998771
 13836.000000 12.904295 1.536130 2.982900
 13839.000000 12.925033 1.521776 3.002084
 13842.000000 13.003444 1.545124 2.969230
 13845.000000 12.891743 1.548476 2.990549
 13848.000000 12.882940 1.536713 2.996150
 13851.000000 12.888517 1.542862 2.994266
 13854.000000 12.955054 1.535486 2.972009
 13857.000000 12.906779 1.547923 2.969312
 13860.000000 12.947395 1.542429 2.957776
 13863.000000 12.936150 1.518280 2.973814
 13866.000000 12.958542 1.528395 2.959698
 13869.000000 12.882836 1.531821 2.985735
 13872.000000 12.982223 1.546214 2.978982
 13875.000000 12.998633 1.533667 3.002258
 13878.000000 12.954973 1.533980 3.014015
 13881.000000 12.889671 1.542346 2.988306
 13884.000000 12.915491 1.548320 3.002170
 13887.000000 12.906062 1.564984 2.993008
 13890.000000 12.972858 1.549599 2.963757
 13893.000000 12.964543 1.527914 2.972086
 13896.000000 12.939009 1.526193 2.933521
 13899.000000 13.040368 1.512940 2.960995
 13902.000000 12.981173 1.526546 2.994628
 13905.000000 13.036559 1.531145 2.991922
 13908.000000 13.001016 1.534804 2.966384
 13911.000000 13.019042 1.531742 2.984557
 13914.000000 13.058471 1.543322 2.979910
 13917.000000 13.028309 1.549554 2.978086
 13920.000000 13.096033 1.547207 3.007729
 13923.000000 13.095496 1.574889 2.991150
 13926.000000 13.042217 1.558455 2.966435
 13929.000000 13.094553 1.549086 2.941426
 13932.000000 13.089748 1.532401 2.963891
 13935.000000 12.884597 1.524379 2.975067
 13938.000000 12.860924 1.525601 2.940938
 13941.000000 12.910049 1.512642 2.989920
 13944.000000 13.071663 1.516946 2.982043
 13947.000000 13.022943 1.525750 2.992448
 13950.000000 12.993828 1.525614 2.977669
 13953.000000 12.959237 1.537365 2.959401
 13956.000000 12.927924 1.525551 3.008964
 13959.000000 12.877249 1.526317 3.020431
 13962.000000 12.904867 1.541052 2.979141
 13965.000000 12.997186 1.536717 3.019105
 13968.000000 12.946602 1.546192 2.961134
 13971.000000 13.026508 1.539417 3.005479
 13974.000000 13.011377 1.537747 3.004315
 13977.000000 12.982713 1.540823 3.004606
 13980.000000 12.971392 1.547209 2.996914
 13983.000000 13.006962 1.555881 2.976834
 13986.000000 12.953738 1.538381 2.970002
 13989.000000 12.938950 1.548259 2.966727
 13992.000000 12.883228 1.520317 3.010813
 13995.000000 12.843335 1.514112 3.021395
 13998.000000 12.830751 1.550813 2.998651
 14001.000000 12.915234 1.563673 2.982507
 14004.000000 12.888137 1.546460 2.944229
 14007.000000 12.899854 1.578502 2.943892
 14010.000000 12.826854 1.543829 2.964183
 14013.000000 12.818699 1.565825 2.961650
 14016.000000 12.842040 1.555654 2.994212
 14019.000000 12.818093 1.561096 2.985502
 14022.000000 12.775156 1.566260 2.966865
 14025.000000 12.781086 1.568718 2.977474
 14028.000000 12.777902 1.548700 2.973527
 14031.000000 12.712834 1.540095 3.008888
 14034.000000 12.730229 1.520465 3.003242
 14037.000000 12.708631 1.533222 2.975933
 14040.000000 12.765217 1.536626 3.023013
 14043.000000 12.782522 1.554357 3.014443
 14046.000000 12.733794 1.558188 3.003959
 14049.000000 12.755938 1.550345 3.010541
 14052.000000 12.761265 1.532249 2.996465
 14055.000000 12.704137 1.546755 2.998763
 14058.000000 12.773620 1.566865 2.981497
 14061.000000 12.851559 1.558336 2.995540
 14064.000000 12.787454 1.577958 3.002108
 14067.000000 12.827456 1.566310 3.007009
 14070.000000 12.759580 1.595494 2.987383
 14073.000000 12.772097 1.572045 2.994766
 14076.000000 12.786651 1.585824 2.995623
 14079.000000 12.826463 1.578981 3.014388
 14082.000000 12.863617 1.582309 3.004141
 14085.000000 12.893370 1.585400 3.012245
 14088.000000 12.830330 1.604220 2.983592
 14091.000000 12.772007 1.600201 3.003567
 14094.000000 12.893362 1.608381 3.001769
 14097.000000 12.900268 1.581115 3.014637
 14100.000000 12.892245 1.617213 2.998028
 14103.000000 12.889482 1.594806 2.997219
 14106.000000 12.893351 1.595525 2.977900
 14109.000000 12.867301 1.600498 2.959529
 14112.000000 12.873601 1.574638 2.958760
 14115.000000 12.904291 1.586931 2.945677
 14118.000000 12.907074 1.562138 2.967673
 14121.000000 12.948761 1.574857 2.964987
 14124.000000 12.862485 1.556297 3.022306
 14127.000000 12.824133 1.567909 3.009074
 14130.000000 12.769851 1.552368 3.015512
 14133.000000 12.832459 1.546060 3.017475
 14136.000000 12.886520 1.549248 3.023466
 14139.000000 12.887929 1.558022 2.962026
 14142.000000 12.861342 1.578855 2.965953
 14145.000000 12.871055 1.575625 2.984868
 14148.000000 12.869556 1.563732 2.998585
 14151.000000 12.865005 1.567544 3.028881
 14154.000000 12.883713 1.547880 2.992295
 14157.000000 12.854874 1.585367 2.991482
 14160.000000 12.835386 1.604888 3.002802
 14163.000000 12.829258 1.581552 3.020303
 14166.000000 12.780823 1.552816 3.035254
 14169.000000 12.752803 1.552995 3.018603
 14172.000000 12.807924 1.534424 3.024075
 14175.000000 12.817991 1.524674 2.998895
 14178.000000 12.870713 1.534153 3.025167
 14181.000000 12.841441 1.554087 3.001558
 14184.000000 12.841727 1.528519 3.009842
 14187.000000 12.930300 1.539951 2.982347
 14190.000000 12.843994 1.524687 3.022149
 14193.000000 12.872133 1.506161 3.047279
 14196.000000 12.856222 1.527797 3.015780
 14199.000000 12.809075 1.524459 3.003935
 14202.000000 12.836875 1.507650 3.038965
 14205.000000 12.912815 1.542450 3.005637
 14208.000000 12.904756 1.556577 2.965459
 14211.000000 12.854522 1.520293 2.987655
 14214.000000 12.867917 1.524994 2.972086
 14217.000000 12.765639 1.542694 2.979519
 14220.000000 12.763084 1.520232 3.019562
 14223.000000 12.759776 1.520331 2.975985
 14226.000000 12.773812 1.535534 2.946143
 14229.000000 12.830796 1.499351 2.969218
 14232.000000 12.796074 1.503630 2.991208
 14235.000000 12.744642 1.510800 2.963685
 14238.000000 12.840484 1.519284 2.943504
 14241.000000 12.812536 1.550589 2.919911
 14244.000000 12.840516 1.541246 2.934599
 14247.000000 12.842945 1.536276 2.946024
 14250.000000 12.796372 1.546942 2.941258
 14253.000000 12.828126 1.523271 2.978172
 14256.000000 12.875428 1.528625 3.005070
 14259.000000 12.884921 1.540625 2.984307
 14262.000000 12.944594 1.550956 3.002178
 14265.000000 12.964462 1.552074 2.975002
 14268.000000 12.982030 1.539948 3.001329
 14271.000000 12.947659 1.541664 3.008701
 14274.000000 12.893306 1.536849 2.988931
 14277.000000 12.942173 1.536638 2.988577
 14280.000000 12.950038 1.550769 2.991306
 14283.000000 13.023728 1.553431 3.003916
 14286.000000 12.977720 1.576641 2.981106
 14289.000000 12.975807 1.586483 2.946944
 14292.000000 13.031280 1.580255 2.987989
 14295.000000 12.963222 1.571405 2.972342
 14298.000000 12.935872 1.581137 2.955560
 14301.000000 12.953621 1.576952 2.987029
 14304.000000 12.925757 1.585011 2.962023
 14307.000000 12.933861 1.594873 2.977845
 14310.000000 13.040367 1.595898 2.979667
 14313.000000 13.023488 1.593140 2.969614
 14316.000000 12.958741 1.558063 3.012208
 14319.000000 13.049244 1.574009 3.012154
 14322.000000 12.973725 1.579420 3.008671
 14325.000000 12.927793 1.571476 2.944252
 14328.000000 12.927613 1.580286 2.973857
 14331.000000 12.943750 1.585136 2.973389
 14334.000000 12.919800 1.554529 3.001128
 14337.000000 12.906675 1.546944 2.999981
 14340.000000 12.854015 1.552719 2.977497
 14343.000000 12.863291 1.562029 2.982577
 14346.000000 12.899487 1.560274 2.990134
 14349.000000 12.929061 1.535753 2.960049
 14352.000000 12.921175 1.557271 2.928516
 14355.000000 12.836565 1.565393 2.911649
 14358.000000 12.858306 1.537898 2.898119
 14361.000000 12.971850 1.555410 2.853487
 14364.000000 12.942250 1.555228 2.927886
 14367.000000 12.884559 1.553270 2.953642
 14370.000000 12.931112 1.559541 2.996010
 14373.000000 12.990466 1.561237 2.992909
 14376.000000 13.013646 1.561794 3.004316
 14379.000000 12.991220 1.596568 2.988527
 14382.000000 13.095393 1.598279 2.982715
 14385.000000 13.109498 1.563239 2.980766
 14388.000000 13.136544 1.558843 3.013493
 14391.000000 13.150442 1.585379 2.997677
 14394.000000 13.220076 1.578005 3.001898
 14397.000000 13.196820 1.586560 3.007491
 14400.000000 13.183457 1.553534 2.990245
 14403.000000 13.232510 1.571558 2.991985
 14406.000000 13.252148 1.574235 2.979721
 14409.000000 13.185327 1.608339 2.959895
 14412.000000 13.202086 1.591633 2.959447
 14415.000000 13.160428 1.610839 2.947950
 14418.000000 13.116410 1.600127 2.936457
 14421.000000 13.129994 1.598300 2.928701
 14424.000000 13.108042 1.578862 2.936256
 14427.000000 13.043519 1.555015 2.976679
 14430.000000 13.072541 1.534397 3.016396
 14433.000000 12.911046 1.560701 2.935328
 14436.000000 12.991232 1.577437 2.965802
 14439.000000 13.016753 1.600661 2.947339
 14442.000000 13.027736 1.595966 2.961204
 14445.000000 13.105022 1.574670 2.974409
 14448.000000 12.984536 1.587364 2.962873
 14451.000000 13.035121 1.563056 2.958141
 14454.000000 13.043075 1.549978 2.952931
 14457.000000 13.031977 1.553469 2.965775
 14460.000000 12.977548 1.556465 2.936761
 14463.000000 12.975316 1.537497 2.980163
 14466.000000 12.984410 1.523025 2.946739
 14469.000000 13.010795 1.506406 2.988733
 14472.000000 13.079391 1.520781 2.974562
 14475.000000 13.075193 1.560910 2.988683
 14478.000000 13.007480 1.565658 3.005748
 14481.000000 12.984046 1.572385 2.983199
 14484.000000 12.942322 1.545927 2.991882
 14487.000000 13.023845 1.560156 3.004845
 14490.000000 12.928785 1.576083 2.976275
 14493.000000 12.972088 1.552283 3.007268
 14496.000000 12.964779 1.560258 2.973510
 14499.000000 12.909667 1.518277 2.994115
 14502.000000 12.942189 1.543662 2.973095
 14505.000000 12.913830 1.534680 2.951383
 14508.000000 12.911618 1.549938 2.951545
 14511.000000 12.858547 1.537097 2.963471
 14514.000000 12.858517 1.533396 2.982900
 14517.000000 12.820438 1.548773 2.957113
 14520.000000 12.818264 1.555312 3.005038
 14523.000000 12.787635 1.571574 2.945089
 14526.000000 12.812775 1.527615 2.974499
 14529.000000 12.731014 1.529721 2.956576
 14532.000000 12.735371 1.508088 2.956975
 14535.000000 12.730385 1.517082 2.952250
 14538.000000 12.667310 1.533496 2.917267
 14541.000000 12.728285 1.530608 2.957227
 14544.000000 12.863192 1.509278 2.950977
 14547.000000 13.009276 1.500351 2.978533
 14550.000000 12.949000 1.488175 2.978414
 14553.000000 12.980791 1.487703 3.000382
 14556.000000 12.989418 1.493428 2.977846
 14559.000000 12.975859 1.497545 3.009840
 14562.000000 13.000567 1.496007 3.017050
 14565.000000 12.967688 1.499387 2.993672
 14568.000000 13.042836 1.520402 2.970593
 14571.000000 13.082872 1.520682 2.956693
 14574.000000 13.140109 1.528130 2.939790
 14577.000000 13.130127 1.519421 2.972781
 14580.000000 13.156110 1.498233 2.955850
 14583.000000 13.161933 1.512301 2.958911
 14586.000000 13.154146 1.493229 2.985317
 14589.000000 13.095099 1.503081 2.976932
 14592.000000 13.003718 1.478952 3.002113
 14595.000000 13.066473 1.505894 2.945219
 14598.000000 13.078231 1.503034 2.972699
 14601.000000 13.076574 1.513928 2.954671
 14604.000000 13.118258 1.531831 2.929004
 14607.000000 13.192325 1.530091 2.930327
 14610.000000 13.090774 1.543509 2.930994
 14613.000000 13.064058 1.528493 2.957849
 14616.000000 13.084646 1.528493 2.946370
 14619.000000 13.073902 1.521465 2.933993
 14622.000000 12.987632 1.533923 2.962804
 14625.000000 12.951207 1.513079 2.946369
 14628.000000 12.909414 1.510489 2.974257
 14631.000000 12.869597 1.510147 2.980973
 14634.000000 12.828293 1.502763 2.981893
 14637.000000 12.864889 1.493627 3.005326
 14640.000000 12.950407 1.494225 2.970861
 14643.000000 13.035367 1.478374 2.973325
 14646.000000 13.052641 1.481750 2.998696
 14649.000000 13.028825 1.480609 2.982057
 14652.000000 12.941159 1.491236 2.979267
 14655.000000 12.926691 1.473094 2.996537
 14658.000000 12.944546 1.468613 2.998693
 14661.000000 13.046530 1.503848 2.988556
 14664.000000 13.066663 1.511144 2.991709
 14667.000000 13.013689 1.526401 2.976027
 14670.000000 12.932643 1.525283 2.966853
 14673.000000 12.937715 1.542180 2.921595
 14676.000000 12.934005 1.531969 2.936048
 14679.000000 12.986714 1.555644 2.924622
 14682.000000 12.968045 1.539354 2.925317
 14685.000000 12.966739 1.570235 2.923550
 14688.000000 13.067960 1.546075 2.926513
 14691.000000 13.076391 1.539906 2.964800
 14694.000000 12.986959 1.539460 2.990925
 14697.000000 12.961078 1.562812 3.024748
 14700.000000 12.977256 1.516570 3.038245
 14703.000000 12.956978 1.523840 3.023886
 14706.000000 12.987745 1.528048 2.992470
 14709.000000 13.023187 1.550418 2.973868
 14712.000000 13.041197 1.543036 2.976918
 14715.000000 13.080611 1.540328 2.949762
 14718.000000 13.100363 1.564235 2.970590
 14721.000000 13.141142 1.561947 2.985005
 14724.000000 13.147268 1.563102 2.969951
 14727.000000 13.102653 1.543653 3.018274
 14730.000000 13.136352 1.505743 3.009921
 14733.000000 13.093523 1.512340 2.987430
 14736.000000 13.108832 1.522170 3.002203
 14739.000000 13.147851 1.524375 3.007418
 14742.000000 13.102728 1.503370 2.996037
 14745.000000 13.142236 1.505175 2.973242
 14748.000000 13.204373 1.529150 2.989615
 14751.000000 13.174135 1.534567 2.961907
 14754.000000 13.250778 1.505594 2.984159
 14757.000000 13.211636 1.480996 2.979973
 14760.000000 13.129006 1.491331 3.003933
 14763.000000 13.158790 1.519143 2.994962
 14766.000000 13.179697 1.488081 2.989442
 14769.000000 13.089039 1.487643 3.005112
 14772.000000 13.148386 1.486204 3.022495
 14775.000000 13.157083 1.478632 3.010479
 14778.000000 13.055043 1.475476 2.983891
 14781.000000 13.025149 1.506954 2.982128
 14784.000000 13.061925 1.512385 2.992183
 14787.000000 13.075893 1.507426 3.002081
 14790.000000 13.124470 1.532032 2.943686
 14793.000000 13.141788 1.500073 3.000817
 14796.000000 13.082149 1.492518 2.989444
 14799.000000 13.068362 1.503053 2.957850
 14802.000000 13.016441 1.502561 2.949843
 14805.000000 13.060557 1.510048 2.956333
 14808.000000 13.040640 1.497597 2.908609
 14811.000000 13.000886 1.498383 2.938407
 14814.000000 12.990826 1.491392 2.972252
 14817.000000 13.035405 1.515636 2.926863
 14820.000000 13.074737 1.511360 2.959020
 14823.000000 13.107115 1.511043 2.951467
 14826.000000 13.137260 1.504585 2.981953
 14829.000000 13.109929 1.493567 2.982336
 14832.000000 13.142979 1.523622 2.989197
 14835.000000 13.090770 1.521422 3.010527
 14838.000000 13.139816 1.508681 2.972616
 14841.000000 13.075371 1.521714 3.007678
 14844.000000 13.014058 1.543935 2.988217
 14847.000000 13.027239 1.546506 2.970913
 14850.000000 13.013226 1.531715 2.965896
 14853.000000 12.922094 1.521120 2.967489
 14856.000000 12.881720 1.525081 2.977484
 14859.000000 12.818899 1.527866 2.972810
 14862.000000 12.793433 1.543609 2.966810
 14865.000000 12.813193 1.535185 2.955064
 14868.000000 12.828665 1.547208 2.972638
 14871.000000 12.868140 1.536663 2.972840
 14874.000000 12.926293 1.546062 2.940275
 14877.000000 12.872867 1.528719 2.976451
 14880.000000 12.881929 1.532237 2.966570
 14883.000000 12.961972 1.558974 2.930865
 14886.000000 12.945469 1.548033 2.961094
 14889.000000 13.008188 1.527512 2.931601
 14892.000000 12.995859 1.499001 2.923825
 14895.000000 12.908532 1.512208 2.934785
 14898.000000 12.930576 1.507614 2.952580
 14901.000000 12.889462 1.526522 2.967680
 14904.000000 12.843920 1.509664 2.972249
 14907.000000 12.948171 1.517372 2.995977
 14910.000000 12.870849 1.503001 3.026566
 14913.000000 12.942178 1.531166 2.979024
 14916.000000 12.927414 1.503353 3.015258
 14919.000000 12.930387 1.506755 2.965829
 14922.000000 12.981703 1.488702 2.964993
 14925.000000 12.955202 1.488455 2.982521
 14928.000000 12.987570 1.483762 2.989772
 14931.000000 13.012328 1.517619 2.977295
 14934.000000 12.986228 1.502737 2.993528
 14937.000000 12.961821 1.504534 2.985245
 14940.000000 12.996675 1.518628 2.964955
 14943.000000 12.951885 1.538307 2.957831
 14946.000000 13.066249 1.491916 2.995190
 14949.000000 13.040919 1.521902 2.965022
 14952.000000 13.045928 1.516862 2.954845
 14955.000000 13.044093 1.530496 2.941664
 14958.000000 13.082675 1.523879 2.974924
 14961.000000 13.072297 1.511308 3.021263
 14964.000000 12.920271 1.504218 3.038588
 14967.000000 12.979273 1.530518 3.004892
 14970.000000 12.927797 1.517418 3.012784
 14973.000000 12.878138 1.539502 2.992202
 14976.000000 12.833043 1.554013 2.982576
 14979.000000 12.970216 1.542576 2.995540
 14982.000000 12.983107 1.558969 2.962888
 14985.000000 13.066412 1.552102 2.987267
 14988.000000 13.012384 1.541702 2.986433
 14991.000000 12.987614 1.536361 2.973311
 14994.000000 13.010507 1.564615 2.952809
 14997.000000 13.005883 1.539949 3.008551
 15000.000000 12.945592 1.549727 2.979126
 15003.000000 12.933768 1.539380 3.005214
 15006.000000 12.912979 1.534737 3.017472
 15009.000000 12.909575 1.538912 3.009849
 15012.000000 12.918885 1.553286 2.951604
 15015.000000 13.012690 1.534710 2.966724
 15018.000000 13.015539 1.546658 2.952821
 15021.000000 13.068332 1.555469 2.964547
 15024.000000 13.089200 1.573357 2.939129
 15027.000000 13.079762 1.568671 2.946250
 15030.000000 13.078968 1.542703 2.963864
 15033.000000 13.137374 1.543289 2.964615
 15036.000000 13.076979 1.548846 2.963024
 15039.000000 13.126569 1.546831 2.977295
 15042.000000 13.091221 1.527834 2.989690
 15045.000000 13.042941 1.555199 3.008249
 15048.000000 13.019873 1.552435 3.010732
 15051.000000 13.010833 1.563632 3.013990
 15054.000000 12.935256 1.570481 2.977864
 15057.000000 12.974830 1.570154 2.967312
 15060.000000 12.968884 1.581172 2.993314
 15063.000000 13.024016 1.571336 2.973968
 15066.000000 12.933635 1.546955 2.977543
 15069.000000 12.903126 1.562100 2.966936
 15072.000000 12.902091 1.586097 2.946792
 15075.000000 12.957053 1.583641 2.963576
 15078.000000 13.067362 1.573898 2.972950
 15081.000000 13.107466 1.571697 2.988154
 15084.000000 12.986712 1.570296 2.958021
 15087.000000 12.962534 1.565052 2.947031
 15090.000000 12.984745 1.580027 2.971213
 15093.000000 12.914721 1.565720 2.990990
 15096.000000 12.929479 1.560694 2.985771
 15099.000000 12.949605 1.554314 2.987423
 15102.000000 12.937274 1.577497 2.966808
 15105.000000 12.859585 1.585940 2.975805
 15108.000000 12.852164 1.585970 2.993245
 15111.000000 12.862499 1.573051 3.026593
 15114.000000 12.934810 1.591608 2.969334
 15117.000000 13.007246 1.574732 2.987109
 15120.000000 12.936218 1.577066 2.988208
 15123.000000 12.988420 1.580317 2.979201
 15126.000000 12.945328 1.602864 2.985305
 15129.000000 12.906577 1.587023 2.997115
 15132.000000 12.912516 1.594702 2.999146
 15135.000000 13.004007 1.601079 2.999917
 15138.000000 12.880604 1.583761 3.016356
 15141.000000 12.914977 1.546729 3.013372
 15144.000000 12.884475 1.597899 2.999325
 15147.000000 12.897023 1.589541 3.021130
 15150.000000 12.886370 1.583676 3.011752
 15153.000000 12.931190 1.576197 3.008117
 15156.000000 12.923127 1.598303 2.959121
 15159.000000 12.816879 1.581694 2.986711
 15162.000000 12.954210 1.562526 3.023709
 15165.000000 12.968546 1.592250 3.026238
 15168.000000 13.027504 1.598886 3.020967
 15171.000000 12.945377 1.613804 2.997615
 15174.000000 12.977884 1.572803 3.021859
 15177.000000 12.953018 1.575094 3.021862
 15180.000000 13.001896 1.587895 3.009298
 15183.000000 12.960448 1.594462 3.021027
 15186.000000 12.929945 1.598922 2.997083
 15189.000000 12.954351 1.571418 3.007468
 15192.000000 12.894141 1.567342 2.980581
 15195.000000 12.853867 1.579410 3.004092
 15198.000000 12.906619 1.576947 2.995758
 15201.000000 12.945333 1.572768 3.021864
 15204.000000 12.953653 1.591262 3.007543
 15207.000000 12.945776 1.571961 3.001079
 15210.000000 12.948855 1.568201 3.020262
 15213.000000 13.007332 1.573415 3.008070
 15216.000000 12.990525 1.573657 3.015493
 15219.000000 12.924428 1.559711 2.993087
 15222.000000 12.794679 1.554157 2.968256
 15225.000000 12.799606 1.578271 2.949016
 15228.000000 12.796396 1.558904 2.983998
 15231.000000 12.796256 1.563307 3.018382
 15234.000000 12.861977 1.536000 3.026808
 15237.000000 12.775275 1.544481 3.016808
 15240.000000 12.914953 1.526788 3.032584
 15243.000000 12.923632 1.546531 3.035968
 15246.000000 12.905320 1.548672 3.010278
 15249.000000 12.981318 1.570722 2.992270
 15252.000000 13.050637 1.571581 3.014459
 15255.000000 13.102538 1.585293 3.035325
 15258.000000 12.996192 1.570297 3.026591
 15261.000000 12.953608 1.562242 3.002997
 15264.000000 12.997058 1.550610 3.031132
 15267.000000 13.107114 1.574778 2.999436
 15270.000000 12.951796 1.563934 3.011474
 15273.000000 13.015706 1.552995 3.037979
 15276.000000 12.930698 1.550641 3.021153
 15279.000000 12.932270 1.555691 3.004979
 15282.000000 12.972099 1.561183 3.001457
 15285.000000 13.005395 1.555731 3.005656
 15288.000000 13.041699 1.564288 2.990976
 15291.000000 13.011686 1.564954 2.994500
 15294.000000 12.986602 1.576603 2.985692
 15297.000000 13.041603 1.580417 2.989670
 15300.000000 12.972571 1.590676 2.992665
 15303.000000 12.984784 1.566078 2.973817
 15306.000000 12.876736 1.594782 2.962364
 15309.000000 12.972021 1.573151 3.009026
 15312.000000 12.998527 1.583102 3.024898
 15315.000000 12.923146 1.552113 3.064243
 15318.000000 13.012794 1.554076 3.062194
 15321.000000 12.960128 1.540840 3.044246
 15324.000000 12.907024 1.536027 3.051821
 15327.000000 12.905001 1.544146 3.050540
 15330.000000 12.899039 1.530092 3.067448
 15333.000000 12.819469 1.558090 3.026863
 15336.000000 12.977435 1.551386 3.004386
 15339.000000 12.927562 1.542818 3.024071
 15342.000000 12.964918 1.575375 3.002735
 15345.000000 12.950876 1.574482 3.021543
 15348.000000 13.010785 1.563992 3.001675
 15351.000000 13.018725 1.572455 2.998977
 15354.000000 13.013961 1.574498 3.007581
 15357.000000 12.954984 1.556975 3.036894
 15360.000000 12.968575 1.555236 3.047399
 15363.000000 13.008145 1.576663 2.999328
 15366.000000 13.004109 1.538947 3.036387
 15369.000000 13.077195 1.555092 3.038325
 15372.000000 13.062027 1.550575 3.030333
 15375.000000 12.987963 1.523754 3.048967
 15378.000000 12.972293 1.550339 3.027034
 15381.000000 12.961009 1.534445 3.020251
 15384.000000 13.063110 1.550603 3.010791
 15387.000000 13.024513 1.546012 3.012770
 15390.000000 13.057552 1.547876 2.988079
 15393.000000 12.934440 1.518866 3.071862
 15396.000000 12.925395 1.541583 3.015728
 15399.000000 12.863458 1.532278 2.998344
 15402.000000 12.889697 1.532758 2.977860
 15405.000000 12.881878 1.523558 3.001062
 15408.000000 12.871329 1.525469 3.014682
 15411.000000 12.845208 1.505070 3.017954
 15414.000000 12.894554 1.531502 3.011211
 15417.000000 12.868950 1.536765 3.042555
 15420.000000 12.907321 1.534618 3.037197
 15423.000000 12.923655 1.529235 3.005504
 15426.000000 12.931366 1.504466 3.033101
 15429.000000 12.905863 1.529854 3.049523
 15432.000000 12.861999 1.564453 3.035197
 15435.000000 12.773418 1.554008 3.005017
 15438.000000 12.865633 1.565680 3.001021
 15441.000000 12.842934 1.524003 3.008235
 15444.000000 12.812868 1.516001 2.964442
 15447.000000 12.725869 1.541773 2.994933
 15450.000000 12.806773 1.538584 2.978260
 15453.000000 12.901651 1.537673 3.003049
 15456.000000 12.837417 1.586873 2.970362
 15459.000000 12.769918 1.577984 2.991903
 15462.000000 12.787885 1.566679 2.991708
 15465.000000 12.823352 1.585170 2.999197
 15468.000000 12.759958 1.597526 2.991969
 15471.000000 12.753615 1.615578 2.971680
 15474.000000 12.705884 1.591379 2.995855
 15477.000000 12.742790 1.614337 2.944036
 15480.000000 12.792050 1.609282 2.977759
 15483.000000 12.850223 1.613862 3.029058
 15486.000000 12.776184 1.596639 3.045395
 15489.000000 12.739774 1.608256 3.044160
 15492.000000 12.710518 1.609675 3.014447
 15495.000000 12.815971 1.612550 2.989322
 15498.000000 12.813309 1.605841 3.004092
 15501.000000 12.891386 1.601937 3.009689
 15504.000000 12.926373 1.612135 3.006336
 15507.000000 12.897322 1.610420 2.993690
 15510.000000 12.905706 1.590933 3.011506
 15513.000000 12.836543 1.569623 3.011500
 15516.000000 12.897730 1.606521 2.991336
 15519.000000 12.873958 1.612963 2.975449
 15522.000000 12.934868 1.593147 3.026814
 15525.000000 12.838896 1.630365 2.991071
 15528.000000 12.842067 1.645207 2.974362
 15531.000000 12.829117 1.613241 2.993523
 15534.000000 12.822749 1.607020 2.979738
 15537.000000 12.811362 1.599735 2.970097
 15540.000000 12.775670 1.601016 2.978562
 15543.000000 12.790683 1.600718 2.976855
 15546.000000 12.736666 1.560297 2.976238
 15549.000000 12.755786 1.555798 2.951544
 15552.000000 12.814112 1.539426 2.990250
 15555.000000 12.805626 1.556906 2.972316
 15558.000000 12.824037 1.547449 3.003072
 15561.000000 12.794740 1.552683 2.970567
 15564.000000 12.824173 1.535118 3.016644
 15567.000000 12.812457 1.567764 2.984803
 15570.000000 12.895874 1.580089 3.008074
 15573.000000 12.862568 1.579936 3.006441
 15576.000000 12.871988 1.568860 3.000838
 15579.000000 12.953759 1.570409 3.020428
 15582.000000 12.930945 1.578064 3.054605
 15585.000000 12.983377 1.573875 3.058879
 15588.000000 13.022451 1.584693 3.049991
 15591.000000 12.998331 1.579622 3.034812
 15594.000000 12.930918 1.585527 3.062115
 15597.000000 12.923304 1.607273 3.035978
 15600.000000 12.823458 1.605458 3.047273
 15603.000000 12.919734 1.600018 3.035903
 15606.000000 12.881067 1.594888 3.038256
 15609.000000 12.896128 1.602813 3.035259
 15612.000000 12.945790 1.577436 3.035382
 15615.000000 13.032381 1.560280 3.037900
 15618.000000 12.927382 1.547390 3.026109
 15621.000000 12.755936 1.573403 2.983146
 15624.000000 12.756074 1.572812 3.011952
 15627.000000 12.768527 1.578447 3.019194
 15630.000000 12.728643 1.560593 3.010912
 15633.000000 12.696796 1.557732 3.023361
 15636.000000 12.688509 1.539603 3.016570
 15639.000000 12.732710 1.549614 3.022987
 15642.000000 12.793987 1.527028 3.046932
 15645.000000 12.831732 1.538299 3.008366
 15648.000000 12.789576 1.526554 3.046741
 15651.000000 12.801782 1.534444 3.040388
 15654.000000 12.844788 1.566638 2.986140
 15657.000000 12.759143 1.573312 3.006923
 15660.000000 12.795012 1.567128 2.984758
 15663.000000 12.809466 1.551659 2.970386
 15666.000000 12.815995 1.537349 2.951778
 15669.000000 12.771556 1.542682 2.988044
 15672.000000 12.816458 1.548364 2.989287
 15675.000000 12.891700 1.577236 2.974159
 15678.000000 12.894406 1.557873 2.986235
 15681.000000 12.901346 1.530966 3.016665
 15684.000000 12.934808 1.526488 2.991287
 15687.000000 12.991925 1.518083 3.004246
 15690.000000 12.859388 1.536169 2.963950
 15693.000000 12.818329 1.548682 2.964792
 15696.000000 12.896694 1.559667 2.958549
 15699.000000 12.834347 1.553436 2.961026
 15702.000000 12.789598 1.584251 2.980997
 15705.000000 12.725402 1.571129 2.979151
 15708.000000 12.738462 1.578666 2.957038
 15711.000000 12.751284 1.584139 3.000885
 15714.000000 12.755055 1.582541 2.993758
 15717.000000 12.739364 1.608048 2.973908
 15720.000000 12.706124 1.606468 2.976030
 15723.000000 12.599912 1.598120 2.968729
 15726.000000 12.636699 1.587319 2.993371
 15729.000000 12.697905 1.591270 2.968711
 15732.000000 12.718130 1.594931 3.025630
 15735.000000 12.639603 1.586962 3.025262
 15738.000000 12.703510 1.587758 3.021364
 15741.000000 12.819084 1.604107 3.036350
 15744.000000 12.780498 1.589478 3.012908
 15747.000000 12.818953 1.607940 2.986348
 15750.000000 12.732938 1.598673 3.000623
 15753.000000 12.840989 1.593059 3.015680
 15756.000000 12.867264 1.601183 2.954576
 15759.000000 12.945193 1.586557 3.006894
 15762.000000 12.884702 1.572365 3.003743
 15765.000000 12.911271 1.565253 3.002391
 15768.000000 12.826469 1.551792 2.972901
 15771.000000 12.889831 1.538263 2.982610
 15774.000000 12.880864 1.545265 2.980631
 15777.000000 12.920491 1.556613 2.942871
 15780.000000 12.902275 1.564191 2.978802
 15783.000000 12.905901 1.538935 2.982537
 15786.000000 12.888050 1.547306 2.967034
 15789.000000 12.982397 1.555385 3.004498
 15792.000000 12.906915 1.568925 2.966673
 15795.000000 12.777461 1.552944 2.974267
 15798.000000 12.761165 1.587568 2.969842
 15801.000000 12.867524 1.593883 2.989842
 15804.000000 12.773844 1.589549 3.015632
 15807.000000 12.850680 1.603021 3.001702
 15810.000000 12.873543 1.566361 3.049840
 15813.000000 12.825389 1.574078 3.034233
 15816.000000 12.732994 1.561353 3.037994
 15819.000000 12.727848 1.568700 3.044194
 15822.000000 12.749243 1.563860 3.028154
 15825.000000 12.708603 1.566990 3.017032
 15828.000000 12.739518 1.573182 2.989318
 15831.000000 12.744067 1.541998 3.006610
 15834.000000 12.746796 1.585838 2.994438
 15837.000000 12.762801 1.574839 2.974259
 15840.000000 12.732096 1.569122 2.993394
 15843.000000 12.725311 1.576624 3.017368
 15846.000000 12.704537 1.565203 2.992642
 15849.000000 12.711387 1.588375 2.984639
 15852.000000 12.746829 1.569594 2.994425
 15855.000000 12.783790 1.582922 2.983739
 15858.000000 12.712089 1.602685 3.003460
 15861.000000 12.740506 1.571186 2.995106
 15864.000000 12.788053 1.556366 3.011912
 15867.000000 12.712200 1.548499 3.010641
 15870.000000 12.693280 1.539396 2.989658
 15873.000000 12.618579 1.535958 3.007886
 15876.000000 12.584829 1.514270 3.009637
 15879.000000 12.657216 1.546778 3.003967
 15882.000000 12.642768 1.563268 2.986284
 15885.000000 12.755959 1.548002 3.005462
 15888.000000 12.779802 1.571310 3.010330
 15891.000000 12.777165 1.592264 2.990670
 15894.000000 12.797491 1.573846 2.995858
 15897.000000 12.766507 1.619263 2.958748
 15900.000000 12.750434 1.627227 2.965985
 15903.000000 12.820472 1.614243 2.951363
 15906.000000 12.861795 1.623038 2.959947
 15909.000000 12.833789 1.635764 2.979084
 15912.000000 12.819815 1.626156 2.971850
 15915.000000 12.829129 1.587795 3.004518
 15918.000000 12.849928 1.568481 3.008299
 15921.000000 12.933298 1.549805 3.024165
 15924.000000 12.877366 1.574802 2.989711
 15927.000000 12.891871 1.566586 2.984121
 15930.000000 12.916533 1.550842 2.992129
 15933.000000 12.890403 1.585464 2.963149
 15936.000000 12.812048 1.575722 2.961654
 15939.000000 12.888319 1.561229 2.967977
 15942.000000 12.872989 1.572954 2.969840
 15945.000000 12.890598 1.585818 2.950600
 15948.000000 12.945835 1.586894 2.930335
 15951.000000 12.950321 1.567953 2.976223
 15954.000000 12.982949 1.560759 2.998150
 15957.000000 13.042124 1.547193 2.994212
 15960.000000 12.979434 1.558237 2.999299
 15963.000000 12.994996 1.553695 3.022359
 15966.000000 12.985079 1.578765 2.999198
 15969.000000 13.070802 1.568528 3.009480
 15972.000000 12.991131 1.561729 2.982550
 15975.000000 12.971559 1.581496 2.989052
 15978.000000 12.967171 1.560237 3.010601
 15981.000000 13.038215 1.560632 3.004728
 15984.000000 13.077797 1.571947 2.988210
 15987.000000 13.126412 1.584120 2.968870
 15990.000000 13.117362 1.598377 2.971765
 15993.000000 13.150846 1.581775 2.993985
 15996.000000 13.106567 1.576437 3.023607
 15999.000000 13.066861 1.563218 2.998569
 16002.000000 12.999863 1.570626 2.961541
 16005.000000 13.079907 1.567355 2.997556
 16008.000000 12.977423 1.554533 3.019343
 16011.000000 13.060962 1.547268 3.023305
 16014.000000 12.985051 1.528678 3.009911
 16017.000000 13.016111 1.578776 2.932780
 16020.000000 13.020571 1.587747 2.914536
 16023.000000 13.057011 1.598364 2.886185
 16026.000000 13.075329 1.581933 2.910913
 16029.000000 13.045220 1.562396 2.961595
 16032.000000 13.085959 1.560300 2.979152
 16035.000000 13.118529 1.553743 2.944360
 16038.000000 13.091257 1.586389 2.909786
 16041.000000 13.068973 1.557682 2.955126
 16044.000000 13.047557 1.560192 2.928438
 16047.000000 13.024637 1.558650 2.941454
 16050.000000 12.989975 1.559349 2.970830
 16053.000000 13.075147 1.591269 2.949720
 16056.000000 13.047894 1.566451 2.961544
 16059.000000 13.080138 1.558626 2.927291
 16062.000000 13.087480 1.533849 2.972878
 16065.000000 13.127624 1.521976 2.960834
 16068.000000 13.135659 1.521297 2.982385
 16071.000000 13.180939 1.550547 2.982736
 16074.000000 13.104990 1.560597 2.984917
 16077.000000 13.154863 1.563737 2.973524
 16080.000000 13.179503 1.567415 2.989315
 16083.000000 13.090491 1.569510 3.037532
 16086.000000 13.013246 1.579752 3.023623
 16089.000000 13.002529 1.569537 3.010647
 16092.000000 12.943724 1.596197 2.993923
 16095.000000 12.928831 1.587507 2.990607
 16098.000000 12.944155 1.567635 2.986555
 16101.000000 13.013849 1.587778 2.978269
 16104.000000 12.990138 1.589232 2.975035
 16107.000000 13.031633 1.585498 2.941396
 16110.000000 13.063449 1.605610 2.953629
 16113.000000 13.037914 1.586509 2.969765
 16116.000000 13.039325 1.555186 3.022660
 16119.000000 12.984105 1.574305 3.005364
 16122.000000 12.934478 1.575450 2.989920
 16125.000000 12.977949 1.568132 2.989074
 16128.000000 13.048314 1.565830 2.967958
 16131.000000 12.993425 1.549998 2.991072
 16134.000000 13.017545 1.568560 2.952470
 16137.000000 12.973896 1.538286 2.963015
 16140.000000 12.959794 1.547976 2.959516
 16143.000000 12.992391 1.569892 2.915180
 16146.000000 12.990395 1.607112 2.900808
 16149.000000 12.872624 1.611978 2.861028
 16152.000000 12.847800 1.587386 2.894525
 16155.000000 12.905616 1.570129 2.940735
 16158.000000 12.825635 1.563949 2.940019
 16161.000000 12.865640 1.584317 2.936601
 16164.000000 12.929726 1.569825 2.958046
 16167.000000 12.973472 1.582957 2.931589
 16170.000000 12.898701 1.579814 2.950502
 16173.000000 12.927055 1.572164 2.954506
 16176.000000 12.972858 1.564654 2.992179
 16179.000000 12.996076 1.536023 3.004930
 16182.000000 13.073107 1.540071 2.999836
 16185.000000 13.059926 1.559910 2.989632
 16188.000000 12.983350 1.559849 2.994953
 16191.000000 13.089327 1.565073 2.999963
 16194.000000 13.058051 1.581595 2.982931
 16197.000000 13.103717 1.564696 2.976110
 16200.000000 13.138292 1.560774 2.984149
 16203.000000 13.080667 1.550809 2.967252
 16206.000000 13.104592 1.533391 2.974538
 16209.000000 13.083175 1.550529 3.014772
 16212.000000 13.137085 1.543781 2.969002
 16215.000000 13.157130 1.535398 2.986048
 16218.000000 13.099630 1.532666 2.967817
 16221.000000 13.105906 1.529786 2.962810
 16224.000000 13.121672 1.552218 2.960639
 16227.000000 13.199089 1.556163 2.955676
 16230.000000 13.180968 1.589863 2.936441
 16233.000000 13.137619 1.571505 2.990947
 16236.000000 13.173840 1.582224 2.985677
 16239.000000 13.161952 1.572127 2.991585
 16242.000000 13.139423 1.562694 2.997790
 16245.000000 13.120182 1.530410 3.012429
 16248.000000 13.116448 1.527198 2.969780
 16251.000000 13.146219 1.514232 2.975526
 16254.000000 13.084234 1.498747 2.990550
 16257.000000 13.091424 1.524780 2.946492
 16260.000000 13.057769 1.534507 2.948523
 16263.000000 13.101217 1.542332 2.912402
 16266.000000 13.134487 1.542229 2.874557
 16269.000000 13.184610 1.528901 2.914908
 16272.000000 13.101373 1.515178 2.945668
 16275.000000 13.118399 1.507195 2.924444
 16278.000000 13.075361 1.523729 2.911893
 16281.000000 12.967828 1.516083 2.922461
 16284.000000 12.950400 1.499319 2.941047
 16287.000000 13.025097 1.525507 2.937678
 16290.000000 12.937831 1.522657 2.939922
 16293.000000 12.921602 1.546038 2.929623
 16296.000000 12.972611 1.532258 2.936752
 16299.000000 12.939434 1.517898 2.976523
 16302.000000 12.921788 1.529344 2.914081
 16305.000000 12.867435 1.539412 2.938632
 16308.000000 12.945623 1.545351 2.906661
 16311.000000 12.895660 1.535558 2.915400
 16314.000000 12.902911 1.514970 2.941703
 16317.000000 12.944012 1.532047 2.931360
 16320.000000 13.016206 1.547195 2.939475
 16323.000000 12.944039 1.551933 2.996345
 16326.000000 12.875754 1.540637 2.971003
 16329.000000 12.979681 1.542439 2.932846
 16332.000000 12.975021 1.538910 2.971620
 16335.000000 12.951188 1.557343 2.997993
 16338.000000 12.939094 1.543526 2.975949
 16341.000000 12.812746 1.562675 2.965753
 16344.000000 12.808575 1.548104 2.980792
 16347.000000 12.834656 1.544723 2.964264
 16350.000000 12.913368 1.555392 2.897749
 16353.000000 12.914023 1.543484 2.930903
 16356.000000 12.914638 1.533244 2.962933
 16359.000000 12.903943 1.529799 2.947082
 16362.000000 12.816739 1.534562 2.960245
 16365.000000 12.877008 1.533482 2.940673
 16368.000000 12.950648 1.505894 2.910884
 16371.000000 12.985246 1.507553 2.924219
 16374.000000 12.930246 1.504029 2.968094
 16377.000000 12.918061 1.506805 2.964022
 16380.000000 12.987299 1.535884 2.948546
 16383.000000 12.921161 1.539499 2.939183
 16386.000000 12.917653 1.501841 2.993289
 16389.000000 12.916895 1.528576 2.965876
 16392.000000 12.906956 1.487010 2.971452
 16395.000000 12.856752 1.525675 2.964471
 16398.000000 12.940226 1.541333 2.957619
 16401.000000 12.861760 1.505172 2.944255
 16404.000000 12.773888 1.483451 2.975781
 16407.000000 12.810181 1.507442 2.995493
 16410.000000 12.779950 1.524419 2.981716
 16413.000000 12.806923 1.515583 2.991206
 16416.000000 12.861879 1.541970 2.915519
 16419.000000 12.834791 1.515872 2.946292
 16422.000000 12.906653 1.522416 2.964943
 16425.000000 12.870527 1.546901 2.957372
 16428.000000 12.830524 1.508689 2.968062
 16431.000000 12.923040 1.511953 2.962584
 16434.000000 12.931560 1.509913 2.980082
 16437.000000 12.852774 1.521501 2.933565
 16440.000000 12.894496 1.505924 2.955055
 16443.000000 12.979621 1.498257 2.974339
 16446.000000 13.021664 1.527501 2.944648
 16449.000000 13.022708 1.546791 2.945721
 16452.000000 13.049340 1.514295 2.977590
 16455.000000 13.010969 1.497280 2.965010
 16458.000000 13.002401 1.517402 2.949501
 16461.000000 13.024403 1.525168 2.988849
 16464.000000 13.065331 1.528660 2.975573
 16467.000000 13.020679 1.532028 2.982458
 16470.000000 13.088720 1.531018 2.947584
 16473.000000 13.093780 1.548919 2.931726
 16476.000000 13.092909 1.556519 2.961131
 16479.000000 13.077494 1.538038 2.921461
 16482.000000 13.028721 1.563095 2.912455
 16485.000000 13.085101 1.547011 2.921435
 16488.000000 13.187207 1.536363 2.915294
 16491.000000 13.091652 1.549511 2.923988
 16494.000000 13.108621 1.548315 2.923071
 16497.000000 13.052168 1.558964 2.922584
 16500.000000 13.089320 1.543121 2.937416
 16503.000000 13.014589 1.524054 2.960539
 16506.000000 13.029016 1.521121 2.956267
 16509.000000 12.934125 1.567479 2.916889
 16512.000000 12.949927 1.572303 2.960288
 16515.000000 12.936161 1.560755 2.983957
 16518.000000 12.930206 1.569294 2.960009
 16521.000000 12.859687 1.572310 2.952651
 16524.000000 12.842793 1.556023 2.991667
 16527.000000 12.953602 1.547224 2.964522
 16530.000000 12.939738 1.546169 2.934918
 16533.000000 12.972007 1.532123 2.981838
 16536.000000 12.998289 1.551102 2.954035
 16539.000000 13.034638 1.549328 2.956644
 16542.000000 12.995553 1.552900 2.972729
 16545.000000 13.073998 1.550631 2.963202
 16548.000000 13.000265 1.542866 2.966744
 16551.000000 12.979586 1.532284 2.998991
 16554.000000 12.989551 1.547122 3.002489
 16557.000000 12.928374 1.557649 3.005353
 16560.000000 13.014691 1.567742 2.998855
 16563.000000 13.053723 1.545078 3.014990
 16566.000000 13.048448 1.550529 2.986395
 16569.000000 13.025818 1.545827 2.962981
 16572.000000 13.059547 1.544164 2.991445
 16575.000000 13.082518 1.546245 2.962072
 16578.000000 13.096474 1.529584 2.959530
 16581.000000 13.060635 1.533379 2.978814
 16584.000000 13.026169 1.536675 2.911327
 16587.000000 13.034523 1.547348 2.896773
 16590.000000 13.114721 1.547806 2.912000
 16593.000000 13.131398 1.535152 2.938805
 16596.000000 13.088661 1.539231 2.922326
 16599.000000 13.026732 1.534547 2.931309
 16602.000000 12.970321 1.538755 2.943747
 16605.000000 12.939683 1.540265 2.967326
 16608.000000 12.857016 1.534319 2.955850
 16611.000000 12.838039 1.516265 2.989062
 16614.000000 12.888806 1.527556 2.968755
 16617.000000 12.922541 1.534208 2.935860
 16620.000000 12.845466 1.527882 2.949350
 16623.000000 12.895756 1.536073 2.980393
 16626.000000 12.879277 1.538876 2.985223
 16629.000000 12.826753 1.558650 2.981923
 16632.000000 12.770026 1.538204 2.983960
 16635.000000 12.820159 1.532833 2.946918
 16638.000000 12.820085 1.526297 2.988835
 16641.000000 12.796388 1.518131 2.938370
 16644.000000 12.756392 1.508447 2.983119
 16647.000000 12.804053 1.522155 2.994563
 16650.000000 12.817303 1.540237 2.981248
 16653.000000 12.918651 1.536505 2.971108
 16656.000000 12.864424 1.528255 2.995608
 16659.000000 12.880351 1.558976 2.973222
 16662.000000 12.932204 1.542903 2.959529
 16665.000000 13.087625 1.563963 2.953234
 16668.000000 12.989462 1.562891 2.949249
 16671.000000 12.949884 1.543909 2.978132
 16674.000000 12.917470 1.532431 2.957195
 16677.000000 13.065911 1.534362 2.966376
 16680.000000 13.045594 1.514352 2.950455
 16683.000000 13.033948 1.528625 2.956001
 16686.000000 12.998610 1.520502 2.929728
 16689.000000 13.016337 1.535775 2.963520
 16692.000000 13.060676 1.538886 2.946559
 16695.000000 13.095079 1.541724 2.940152
 16698.000000 13.065873 1.544514 2.945016
 16701.000000 13.000331 1.530208 2.976750
 16704.000000 12.936078 1.520231 2.957908
 16707.000000 12.827943 1.553179 2.919379
 16710.000000 12.830196 1.542345 2.935582
 16713.000000 12.914393 1.527135 2.951279
 16716.000000 12.827150 1.516750 2.958511
 16719.000000 12.879593 1.517720 2.909837
 16722.000000 12.891111 1.515669 2.898423
 16725.000000 12.957672 1.500926 2.941825
 16728.000000 12.940597 1.501806 2.952381
 16731.000000 12.989772 1.472776 2.951974
 16734.000000 13.082294 1.461052 2.963956
 16737.000000 13.186510 1.479606 2.948196
 16740.000000 13.114341 1.490476 2.891855
 16743.000000 13.109439 1.498296 2.921128
 16746.000000 13.123976 1.501143 2.911242
 16749.000000 13.053072 1.507605 2.932534
 16752.000000 13.053072 1.510282 2.933171
 16755.000000 13.128428 1.519075 2.917680
 16758.000000 13.071552 1.505450 2.976280
 16761.000000 13.135064 1.524770 2.941276
 16764.000000 13.095416 1.500149 2.999385
 16767.000000 13.063559 1.503341 3.017469
 16770.000000 13.088132 1.533663 2.988635
 16773.000000 13.139384 1.541428 2.998907
 16776.000000 13.054492 1.542454 2.999227
 16779.000000 12.964389 1.516277 2.991013
 16782.000000 12.981389 1.552432 2.930008
 16785.000000 12.998284 1.557943 2.929714
 16788.000000 12.953415 1.556712 2.938976
 16791.000000 12.949891 1.556693 2.930861
 16794.000000 12.939833 1.542665 2.941563
 16797.000000 12.989059 1.540664 2.951478
 16800.000000 13.080575 1.537519 2.953788
 16803.000000 13.112553 1.550428 2.915288
 16806.000000 13.119946 1.559857 2.918851
 16809.000000 13.068851 1.558260 2.918907
 16812.000000 13.006503 1.522525 2.969540
 16815.000000 13.140988 1.535433 2.941680
 16818.000000 13.099757 1.551296 2.936758
 16821.000000 13.085009 1.560958 2.909477
 16824.000000 13.012737 1.551013 2.942868
 16827.000000 12.993210 1.541377 2.978806
 16830.000000 13.054567 1.526399 2.984034
 16833.000000 13.127676 1.534689 2.973205
 16836.000000 13.049520 1.504979 2.989674
 16839.000000 12.964543 1.474522 3.032661
 16842.000000 12.938246 1.500129 2.979988
 16845.000000 13.021989 1.491405 3.002610
 16848.000000 13.007606 1.499482 2.970379
 16851.000000 12.958781 1.497131 2.989856
 16854.000000 12.912596 1.509554 2.990028
 16857.000000 12.857752 1.512586 2.988597
 16860.000000 12.955776 1.525207 2.969564
 16863.000000 12.878202 1.517233 2.947391
 16866.000000 12.967327 1.523592 2.935902
 16869.000000 12.996587 1.509283 2.973722
 16872.000000 12.991506 1.536159 2.960817
 16875.000000 13.047441 1.542602 2.981407
 16878.000000 12.951741 1.534980 2.960478
 16881.000000 12.946799 1.542502 2.981802
 16884.000000 12.964236 1.525332 2.994032
 16887.000000 12.939631 1.554614 2.967602
 16890.000000 12.935556 1.543579 2.988970
 16893.000000 12.848947 1.520567 2.996479
 16896.000000 12.888470 1.553114 2.969685
 16899.000000 12.894850 1.558921 2.940919
 16902.000000 12.919585 1.556721 2.940425
 16905.000000 12.892073 1.554767 2.960198
 16908.000000 12.895076 1.522429 2.973269
 16911.000000 12.864199 1.543446 2.954610
 16914.000000 12.959835 1.532744 2.983063
 16917.000000 12.938950 1.513531 2.996607
 16920.000000 12.949595 1.539286 3.000155
 16923.000000 12.884747 1.533569 3.008387
 16926.000000 12.942723 1.566413 2.973705
 16929.000000 12.968724 1.570292 3.006982
 16932.000000 12.957691 1.558068 2.952687
 16935.000000 12.983198 1.526780 3.005622
 16938.000000 12.952525 1.532149 2.998621
 16941.000000 13.003414 1.555908 2.970108
 16944.000000 13.018856 1.567803 2.984582
 16947.000000 12.972496 1.572539 2.984199
 16950.000000 13.004698 1.557763 2.994030
 16953.000000 13.039549 1.547944 3.014012
 16956.000000 12.974784 1.526071 2.983077
 16959.000000 12.921812 1.538985 2.952145
 16962.000000 12.936910 1.558607 2.953276
 16965.000000 12.995024 1.555262 2.958180
 16968.000000 13.009701 1.565801 2.945670
 16971.000000 12.967474 1.558718 2.956389
 16974.000000 12.991522 1.557281 2.926989
 16977.000000 12.944175 1.538533 2.930654
 16980.000000 12.945725 1.521498 2.939938
 16983.000000 13.048657 1.531388 3.004737
 16986.000000 13.089402 1.551018 2.955598
 16989.000000 13.054814 1.537264 3.005652
 16992.000000 13.169266 1.537876 2.998841
 16995.000000 13.114326 1.585028 2.967225
 16998.000000 13.090717 1.554193 2.970036
 17001.000000 13.114103 1.580533 2.971369
 17004.000000 13.076991 1.563214 2.996358
 17007.000000 13.026273 1.558458 3.029081
 17010.000000 13.084772 1.590428 3.034507
 17013.000000 13.113411 1.600954 3.005941
 17016.000000 13.037835 1.595305 2.987120
 17019.000000 12.964037 1.599230 2.950929
 17022.000000 13.008403 1.613469 2.950503
 17025.000000 13.028499 1.586509 2.913179
 17028.000000 13.140360 1.597460 2.939667
 17031.000000 13.117563 1.586006 2.927536
 17034.000000 13.065635 1.584732 2.925344
 17037.000000 13.077629 1.593091 2.948402
 17040.000000 13.037043 1.603571 2.922730
 17043.000000 13.100153 1.603847 2.990283
 17046.000000 13.070710 1.605418 2.974979
 17049.000000 13.071265 1.610496 2.987277
 17052.000000 13.032032 1.615894 2.981266
 17055.000000 13.117876 1.609753 2.969754
 17058.000000 13.126347 1.612283 2.967593
 17061.000000 13.081960 1.609906 2.964996
 17064.000000 13.048852 1.621098 2.980981
 17067.000000 12.996435 1.620133 2.978206
 17070.000000 12.933839 1.615498 2.981982
 17073.000000 13.023848 1.594084 2.997296
 17076.000000 13.010681 1.599169 2.987026
 17079.000000 12.966169 1.602463 2.956670
 17082.000000 12.901072 1.582661 2.981302
 17085.000000 12.935902 1.573004 3.023408
 17088.000000 12.995457 1.584392 3.003914
 17091.000000 12.926190 1.590188 3.042866
 17094.000000 12.948048 1.595050 3.036635
 17097.000000 12.907480 1.622142 3.001037
 17100.000000 12.960545 1.622079 3.018047
 17103.000000 12.913348 1.613631 3.037921
 17106.000000 12.906730 1.654956 3.001547
 17109.000000 12.913265 1.620637 3.002832
 17112.000000 12.892634 1.631418 2.987864
 17115.000000 12.967480 1.628696 2.997422
 17118.000000 12.985037 1.642882 2.955549
 17121.000000 13.038530 1.632300 2.941381
 17124.000000 12.986523 1.622829 2.949236
 17127.000000 12.964391 1.637353 2.941108
 17130.000000 12.902327 1.638262 2.956431
 17133.000000 12.950723 1.621588 2.948803
 17136.000000 12.964598 1.607389 2.966076
 17139.000000 12.939036 1.605063 2.986940
 17142.000000 12.883416 1.595151 2.941994
 17145.000000 12.922959 1.606742 2.925661
 17148.000000 12.962629 1.611191 2.940004
 17151.000000 12.995024 1.599353 2.947666
 17154.000000 12.966347 1.592581 2.963080
 17157.000000 12.855683 1.584380 2.956385
 17160.000000 12.843151 1.585379 2.970820
 17163.000000 12.978354 1.590549 2.990410
 17166.000000 12.933450 1.581507 3.021819
 17169.000000 12.913775 1.603465 3.014792
 17172.000000 12.954331 1.610779 3.011753
 17175.000000 12.959504 1.622577 3.003093
 17178.000000 12.990609 1.604491 3.024413
 17181.000000 13.012120 1.625380 2.991008
 17184.000000 12.932689 1.607444 2.961679
 17187.000000 12.853675 1.608561 2.955523
 17190.000000 12.901670 1.594950 2.970405
 17193.000000 12.999621 1.583059 2.974129
 17196.000000 13.102394 1.590928 2.989188
 17199.000000 13.131096 1.612227 2.968948
 17202.000000 13.045994 1.608959 2.940598
 17205.000000 13.025999 1.600134 2.969212
 17208.000000 12.980110 1.625013 2.925310
 17211.000000 13.059842 1.613294 2.952562
 17214.000000 13.003920 1.616955 2.931201
 17217.000000 12.986295 1.624688 2.952051
 17220.000000 12.993140 1.606498 2.936572
 17223.000000 13.039834 1.607998 2.979796
 17226.000000 12.985939 1.599343 2.986595
 17229.000000 13.034801 1.581665 2.991684
 17232.000000 13.029838 1.553152 3.016693
 17235.000000 12.985459 1.585518 2.953121
 17238.000000 13.064732 1.598946 2.975560
 17241.000000 13.063164 1.564233 2.981716
 17244.000000 13.032783 1.539942 3.018823
 17247.000000 12.939676 1.549969 3.011268
 17250.000000 12.899307 1.524336 3.013427
 17253.000000 12.921270 1.536553 3.014059
 17256.000000 12.905517 1.538652 3.003178
 17259.000000 12.847315 1.552863 3.006185
 17262.000000 13.007831 1.569745 3.027635
 17265.000000 12.944978 1.540290 3.047899
 17268.000000 12.985011 1.559857 3.006586
 17271.000000 13.083654 1.556499 3.051344
 17274.000000 12.984767 1.602830 2.990322
 17277.000000 13.001648 1.600816 2.971942
 17280.000000 13.034697 1.599532 2.981056
 17283.000000 13.032765 1.614595 2.960135
 17286.000000 13.081010 1.614387 2.970392
 17289.000000 12.981716 1.619061 2.940251
 17292.000000 13.032801 1.593682 2.941897
 17295.000000 13.067678 1.616425 2.909979
 17298.000000 12.973729 1.582084 2.938042
 17301.000000 13.019746 1.585349 2.936018
 17304.000000 12.977305 1.545648 2.978050
 17307.000000 13.011022 1.566405 2.971368
 17310.000000 13.029608 1.550471 2.979976
 17313.000000 13.107653 1.572767 2.992761
 17316.000000 13.081049 1.572390 2.984915
 17319.000000 12.998013 1.573101 2.969515
 17322.000000 13.029475 1.566346 2.964643
 17325.000000 13.027248 1.568792 2.971418
 17328.000000 13.022967 1.561861 2.982721
 17331.000000 12.958646 1.579890 2.962813
 17334.000000 12.933885 1.575845 2.955242
 17337.000000 12.859779 1.555312 2.969945
 17340.000000 12.906645 1.552629 2.966916
 17343.000000 12.914560 1.531159 2.983375
 17346.000000 12.921268 1.547609 2.969860
 17349.000000 12.817828 1.552946 2.958298
 17352.000000 12.880743 1.547183 2.947436
 17355.000000 12.874886 1.564358 2.937449
 17358.000000 12.831352 1.561082 2.959413
 17361.000000 12.826280 1.560428 2.990269
 17364.000000 12.940785 1.544305 2.997075
 17367.000000 12.927423 1.552447 2.978551
 17370.000000 12.877052 1.581626 2.952777
 17373.000000 12.854594 1.594038 2.949920
 17376.000000 12.889455 1.604048 2.938621
 17379.000000 12.927310 1.580691 2.961006
 17382.000000 12.990010 1.608093 2.902699
 17385.000000 12.963330 1.592928 2.939597
 17388.000000 12.984415 1.574208 2.926732
 17391.000000 12.953399 1.598556 2.910787
 17394.000000 13.034655 1.603542 2.928086
 17397.000000 13.037356 1.618996 2.888127
 17400.000000 13.039086 1.611702 2.923095
 17403.000000 13.045334 1.620892 2.922471
 17406.000000 13.037635 1.618800 2.908307
 17409.000000 12.921580 1.613334 2.912854
 17412.000000 12.869630 1.574667 2.970293
 17415.000000 12.963651 1.582083 2.968845
 17418.000000 12.879740 1.601344 2.981015
 17421.000000 12.891080 1.588129 2.964423
 17424.000000 12.955888 1.596245 2.956901
 17427.000000 12.955750 1.589143 2.975769
 17430.000000 12.961981 1.570805 2.970329
 17433.000000 13.000317 1.558594 2.978253
 17436.000000 12.936333 1.591657 2.909538
 17439.000000 12.977678 1.586283 2.965356
 17442.000000 12.918762 1.633953 2.932420
 17445.000000 12.807622 1.618618 2.915830
 17448.000000 12.780514 1.627140 2.938380
 17451.000000 12.763722 1.616071 2.973348
 17454.000000 12.767980 1.621158 2.958573
 17457.000000 12.835715 1.590575 2.980508
 17460.000000 12.845287 1.623272 2.945388
 17463.000000 12.843074 1.639266 2.952096
 17466.000000 12.995848 1.606297 2.971235
 17469.000000 12.967395 1.609154 2.921609
 17472.000000 12.972246 1.595846 2.938179
 17475.000000 13.003333 1.576545 2.953052
 17478.000000 13.020085 1.537377 2.994648
 17481.000000 13.019458 1.560002 2.972696
 17484.000000 13.000010 1.547077 3.000856
 17487.000000 12.920589 1.546878 2.976279
 17490.000000 13.028764 1.545701 2.968163
 17493.000000 13.004651 1.554396 2.994401
 17496.000000 12.981218 1.567915 2.957722
 17499.000000 12.975811 1.584986 2.961215
 17502.000000 13.007299 1.605831 2.973521
 17505.000000 13.022820 1.588655 3.021809
 17508.000000 13.059169 1.550846 3.019680
 17511.000000 13.066895 1.563235 3.010816
 17514.000000 12.959461 1.583288 2.994766
 17517.000000 12.987524 1.573353 2.981260
 17520.000000 13.028799 1.569437 2.966976
 17523.000000 12.950618 1.552600 2.979235
 17526.000000 12.965316 1.544686 2.985778
 17529.000000 13.000804 1.538587 2.986526
 17532.000000 12.976149 1.526148 2.994474
 17535.000000 12.971243 1.546087 2.982653
 17538.000000 12.982488 1.530911 3.009493
 17541.000000 12.947382 1.519009 3.004822
 17544.000000 12.954029 1.530248 3.014792
 17547.000000 12.917856 1.521085 2.987663
 17550.000000 12.936409 1.533637 3.028371
 17553.000000 12.979180 1.544655 2.992489
 17556.000000 13.020409 1.565127 2.979068
 17559.000000 12.993262 1.562900 2.972192
 17562.000000 12.943504 1.515044 3.016467
 17565.000000 12.992894 1.539784 3.008875
 17568.000000 13.009431 1.532667 2.984557
 17571.000000 12.940065 1.522882 3.013844
 17574.000000 12.929227 1.531377 3.002160
 17577.000000 12.930763 1.530503 3.010726
 17580.000000 12.999882 1.546899 2.995874
 17583.000000 12.970186 1.511600 3.013685
 17586.000000 13.002899 1.510467 3.015871
 17589.000000 12.933765 1.524741 2.991457
 17592.000000 12.910899 1.520529 2.992323
 17595.000000 12.925033 1.531838 2.958439
 17598.000000 12.892365 1.552521 2.972214
 17601.000000 12.831979 1.538128 2.953287
 17604.000000 12.824561 1.511063 2.968794
 17607.000000 12.891621 1.525252 2.955341
 17610.000000 12.921970 1.520679 2.974720
 17613.000000 13.019165 1.556434 2.936666
 17616.000000 12.934672 1.536551 2.952022
 17619.000000 12.915541 1.523090 2.981294
 17622.000000 12.873238 1.534411 2.965207
 17625.000000 12.884986 1.523655 2.977487
 17628.000000 12.898949 1.525050 2.999044
 17631.000000 12.927552 1.534573 2.980185
 17634.000000 12.814028 1.540946 2.973594
 17637.000000 12.859000 1.553798 2.980909
 17640.000000 12.841010 1.525946 2.995297
 17643.000000 12.858669 1.545482 2.998072
 17646.000000 12.719954 1.533510 2.997587
 17649.000000 12.858232 1.517422 3.002569
 17652.000000 12.852442 1.508562 2.982613
 17655.000000 12.798941 1.519946 2.982151
 17658.000000 12.814362 1.524286 2.979596
 17661.000000 12.827683 1.532272 2.980308
 17664.000000 12.850734 1.512413 3.013158
 17667.000000 12.854807 1.540986 2.997016
 17670.000000 12.866483 1.537245 3.020646
 17673.000000 12.842834 1.560092 2.978160
 17676.000000 12.930373 1.543233 2.987448
 17679.000000 12.938439 1.580105 2.939720
 17682.000000 12.934815 1.566155 2.931072
 17685.000000 12.919203 1.586603 2.895939
 17688.000000 12.927842 1.546549 2.920583
 17691.000000 13.001796 1.539566 2.934152
 17694.000000 13.061868 1.567024 2.913777
 17697.000000 13.066206 1.551551 2.942664
 17700.000000 13.000099 1.550500 2.925488
 17703.000000 12.962398 1.541835 2.917244
 17706.000000 12.943402 1.527877 2.909225
 17709.000000 12.969590 1.563249 2.908765
 17712.000000 12.978005 1.549751 2.930236
 17715.000000 12.839678 1.545062 2.948758
 17718.000000 12.892330 1.546450 2.989280
 17721.000000 12.804297 1.562893 2.970097
 17724.000000 12.920730 1.553950 2.936866
 17727.000000 12.941945 1.552249 2.935106
 17730.000000 12.857666 1.544204 2.959010
 17733.000000 12.842906 1.539214 2.999378
 17736.000000 12.854251 1.534347 3.018037
 17739.000000 12.884664 1.545316 3.010356
 17742.000000 12.932019 1.537938 2.966681
 17745.000000 12.890915 1.540810 2.990354
 17748.000000 12.827450 1.522681 3.004744
 17751.000000 12.919971 1.535042 2.990747
 17754.000000 12.936185 1.526249 3.025624
 17757.000000 12.889772 1.535883 3.027774
 17760.000000 12.858477 1.535216 3.006027
 17763.000000 12.815262 1.537612 3.003852
 17766.000000 12.848065 1.550720 2.991811
 17769.000000 12.849656 1.566813 2.973257
 17772.000000 12.898676 1.570568 2.973318
 17775.000000 12.916525 1.572681 2.989661
 17778.000000 12.912720 1.576999 3.004975
 17781.000000 13.047253 1.548205 3.012319
 17784.000000 12.999073 1.555993 2.979897
 17787.000000 12.997739 1.548633 3.012626
 17790.000000 13.023348 1.536810 2.990439
 17793.000000 13.077597 1.515350 3.029791
 17796.000000 13.116832 1.549811 2.970088
 17799.000000 13.058676 1.550571 2.988169
 17802.000000 13.149035 1.542407 2.986624
 17805.000000 13.065794 1.536050 2.987470
 17808.000000 13.149367 1.543805 3.018878
 17811.000000 13.189321 1.537278 3.027233
 17814.000000 13.185119 1.553654 3.013824
 17817.000000 13.205737 1.564058 2.952822
 17820.000000 13.223450 1.580039 2.936332
 17823.000000 13.180970 1.582253 2.941438
 17826.000000 13.067391 1.570622 2.960184
 17829.000000 12.984014 1.555043 2.974858
 17832.000000 12.947872 1.570450 2.977314
 17835.000000 12.896886 1.561834 2.959990
 17838.000000 12.921450 1.532628 2.927471
 17841.000000 12.960818 1.551529 2.952734
 17844.000000 12.981593 1.544359 2.935950
 17847.000000 12.938176 1.530018 2.984273
 17850.000000 13.000656 1.546160 2.972853
 17853.000000 12.975196 1.549882 2.955924
 17856.000000 13.077679 1.538880 2.949122
 17859.000000 13.067916 1.519890 3.000135
 17862.000000 12.986289 1.524527 2.986695
 17865.000000 12.971186 1.541769 2.956851
 17868.000000 12.966702 1.560185 2.989086
 17871.000000 12.935166 1.555105 2.965128
 17874.000000 12.985029 1.556284 2.950002
 17877.000000 13.037206 1.564965 2.948908
 17880.000000 13.043074 1.537886 2.956688
 17883.000000 12.967168 1.555578 2.970138
 17886.000000 13.064765 1.578903 2.963706
 17889.000000 13.089840 1.549632 3.015560
 17892.000000 13.059578 1.580607 2.966727
 17895.000000 13.060716 1.603494 2.956424
 17898.000000 12.970203 1.630986 2.951837
 17901.000000 12.974783 1.635275 2.954623
 17904.000000 13.022198 1.637237 2.949794
 17907.000000 12.953822 1.599524 2.949465
 17910.000000 12.980298 1.609575 2.973084
 17913.000000 12.929448 1.631495 2.928560
 17916.000000 12.994784 1.624090 2.941384
 17919.000000 12.943323 1.607567 2.950773
 17922.000000 13.022178 1.596216 2.948689
 17925.000000 13.035411 1.591997 2.959629
 17928.000000 13.018044 1.596462 2.972093
 17931.000000 12.991238 1.590130 2.932294
 17934.000000 12.958982 1.562059 2.960575
 17937.000000 13.096346 1.554188 2.990833
 17940.000000 13.023938 1.542457 3.008141
 17943.000000 13.053931 1.527539 2.982045
 17946.000000 13.057243 1.517169 2.988183
 17949.000000 13.030076 1.507012 3.007000
 17952.000000 13.037404 1.498070 2.986408
 17955.000000 13.067038 1.533812 2.960688
 17958.000000 13.069226 1.585023 2.972134
 17961.000000 13.062551 1.564589 2.983861
 17964.000000 13.037693 1.581723 3.032751
 17967.000000 13.035959 1.565254 3.031822
 17970.000000 13.029554 1.580508 3.022656
 17973.000000 13.070524 1.590694 3.032890
 17976.000000 13.051931 1.585192 3.044032
 17979.000000 13.011111 1.580942 2.989599
 17982.000000 13.033878 1.582157 2.995529
 17985.000000 13.023315 1.579820 2.999976
 17988.000000 12.967645 1.589906 3.005578
 17991.000000 12.990784 1.586200 3.005718
 17994.000000 13.085406 1.572272 2.969914
 17997.000000 13.029943 1.574416 2.990444
 18000.000000 13.093067 1.584412 2.964669
 18003.000000 13.138274 1.571202 2.947488
 18006.000000 13.114310 1.577993 2.928761
 18009.000000 13.075505 1.535039 2.992397
 18012.000000 13.006532 1.577875 2.960538
 18015.000000 13.060824 1.565043 2.968209
 18018.000000 13.007087 1.559758 2.952651
 18021.000000 12.905869 1.589623 2.929933
 18024.000000 12.889233 1.563289 2.958686
 18027.000000 13.011609 1.594205 2.978923
 18030.000000 13.032248 1.598582 2.957385
 18033.000000 12.935733 1.599528 2.957753
 18036.000000 12.944572 1.602099 2.984386
 18039.000000 12.984241 1.599411 3.006476
 18042.000000 13.039911 1.576082 3.002816
 18045.000000 12.982820 1.600409 2.979126
 18048.000000 12.999593 1.598646 2.988455
 18051.000000 13.057855 1.603023 2.979707
 18054.000000 13.103733 1.585853 2.977385
 18057.000000 13.074178 1.593393 2.953039
 18060.000000 13.066028 1.580594 2.935200
 18063.000000 13.036161 1.569242 2.944328
 18066.000000 13.009057 1.566211 3.003359
 18069.000000 13.105855 1.572417 3.000886
 18072.000000 13.104350 1.554585 3.025561
 18075.000000 13.064428 1.546443 3.055161
 18078.000000 13.041338 1.554158 3.049908
 18081.000000 13.019402 1.542729 2.998029
 18084.000000 13.092914 1.590953 2.999624
 18087.000000 13.037652 1.564610 2.945734
 18090.000000 12.963468 1.572845 3.010072
 18093.000000 12.918602 1.564724 2.967652
 18096.000000 12.907084 1.581646 2.984034
 18099.000000 12.905463 1.582390 2.970192
 18102.000000 12.875023 1.601453 2.993873
 18105.000000 12.921935 1.590662 3.012258
 18108.000000 12.927957 1.563559 2.977542
 18111.000000 12.896088 1.578301 2.986445
 18114.000000 12.956137 1.571135 3.024057
 18117.000000 12.874012 1.582308 3.021239
 18120.000000 12.847562 1.560444 2.993452
 18123.000000 12.836555 1.559615 2.971746
 18126.000000 12.804317 1.548658 2.958690
 18129.000000 12.902757 1.543257 2.974090
 18132.000000 12.848024 1.549951 3.013964
 18135.000000 12.941542 1.545017 2.999049
 18138.000000 13.033574 1.535722 2.998191
 18141.000000 12.982281 1.522329 3.011515
 18144.000000 13.086430 1.531214 3.025367
 18147.000000 13.031302 1.533718 3.059280
 18150.000000 13.030599 1.565866 3.046648
 18153.000000 13.068629 1.579896 3.039607
 18156.000000 12.996337 1.558390 3.003807
 18159.000000 13.000789 1.575627 3.014917
 18162.000000 13.084500 1.548312 3.010854
 18165.000000 13.104443 1.542063 3.012071
 18168.000000 13.017495 1.536245 3.001546
 18171.000000 12.938084 1.513041 3.002119
 18174.000000 12.987611 1.512139 2.979939
 18177.000000 13.037613 1.539995 3.022547
 18180.000000 12.958929 1.523773 2.989685
 18183.000000 12.884256 1.517211 2.981950
 18186.000000 12.902742 1.503367 2.982892
 18189.000000 12.859583 1.494133 2.992367
 18192.000000 12.839406 1.512756 2.978641
 18195.000000 12.917736 1.509737 2.960279
 18198.000000 12.965273 1.496474 2.935779
 18201.000000 12.930608 1.493924 2.963316
 18204.000000 12.943082 1.507552 2.957481
 18207.000000 12.985432 1.508661 2.965429
 18210.000000 12.944980 1.531652 3.004680
 18213.000000 12.830044 1.505938 2.999871
 18216.000000 12.879365 1.525573 3.019218
 18219.000000 12.887299 1.529620 3.013663
 18222.000000 12.832409 1.549405 3.000614
 18225.000000 12.785663 1.571922 2.965611
 18228.000000 12.819408 1.571491 2.952591
 18231.000000 12.854047 1.580780 2.979871
 18234.000000 12.852180 1.551967 2.993126
 18237.000000 12.839273 1.547347 2.981060
 18240.000000 12.859624 1.556820 3.002026
 18243.000000 12.829344 1.546022 2.955087
 18246.000000 12.844325 1.548211 2.942712
 18249.000000 12.794944 1.568535 2.952855
 18252.000000 12.853336 1.578775 2.972194
 18255.000000 12.878569 1.564911 3.001609
 18258.000000 12.962103 1.588066 2.989738
 18261.000000 12.969831 1.580813 3.050308
 18264.000000 12.972120 1.590413 3.036318
 18267.000000 12.971939 1.578728 3.077726
 18270.000000 12.982037 1.568578 3.028675
 18273.000000 13.019942 1.564065 3.018329
 18276.000000 12.947207 1.552928 2.991953
 18279.000000 12.972182 1.535699 3.011007
 18282.000000 12.965490 1.561643 3.001063
 18285.000000 13.035691 1.559433 3.016149
 18288.000000 13.084368 1.542569 3.018157
 18291.000000 13.125923 1.585479 2.996630
 18294.000000 13.053214 1.577362 3.058305
 18297.000000 13.027618 1.584485 3.037932
 18300.000000 13.011491 1.599985 2.994793
 18303.000000 13.091644 1.600533 3.038381
 18306.000000 13.083315 1.597184 2.994112
 18309.000000 13.059581 1.597808 2.958639
 18312.000000 13.022792 1.611932 2.976827
 18315.000000 12.979445 1.589593 3.017070
 18318.000000 12.882752 1.553178 2.999881
 18321.000000 12.913704 1.547048 3.036982
 18324.000000 12.997410 1.549931 3.017097
 18327.000000 12.909346 1.585339 3.042917
 18330.000000 12.964983 1.595288 3.061849
 18333.000000 12.959123 1.582490 3.070128
 18336.000000 12.999229 1.570577 3.077072
 18339.000000 13.047289 1.596321 3.044607
 18342.000000 13.048019 1.612174 3.048141
 18345.000000 13.030049 1.600631 2.981872
 18348.000000 13.008398 1.579995 2.995097
 18351.000000 13.044112 1.595138 3.029750
 18354.000000 12.999458 1.587654 3.019744
 18357.000000 13.048720 1.605366 3.016607
 18360.000000 13.034506 1.599020 3.015493
 18363.000000 12.935387 1.603285 3.025536
 18366.000000 12.921427 1.614387 3.009196
 18369.000000 12.909749 1.597888 3.031099
 18372.000000 12.886785 1.624495 3.015670
 18375.000000 12.897195 1.589383 2.989995
 18378.000000 12.924114 1.627816 3.024198
 18381.000000 12.916611 1.621905 3.029948
 18384.000000 12.885232 1.632865 3.012313
 18387.000000 12.861062 1.626300 3.008370
 18390.000000 12.767919 1.645779 2.994683
 18393.000000 12.740083 1.619492 2.984145
 18396.000000 12.776844 1.630997 2.972043
 18399.000000 12.846374 1.620825 2.964044
 18402.000000 12.862471 1.645314 2.951653
 18405.000000 12.824926 1.623008 2.956020
 18408.000000 12.793762 1.590358 2.994240
 18411.000000 12.843440 1.585701 2.956706
 18414.000000 12.863878 1.569602 3.003255
 18417.000000 12.787146 1.576042 3.001124
 18420.000000 12.822413 1.538936 2.995751
 18423.000000 12.926857 1.544244 3.027046
 18426.000000 12.892433 1.539972 3.046662
 18429.000000 12.856943 1.557040 3.035674
 18432.000000 12.897707 1.547981 3.009909
 18435.000000 12.889197 1.561487 2.970893
 18438.000000 12.988250 1.569832 2.968059
 18441.000000 12.956159 1.547792 2.980128
 18444.000000 12.916968 1.566556 2.985540
 18447.000000 12.804260 1.546855 2.966485
 18450.000000 12.870424 1.579193 2.964490
 18453.000000 12.899876 1.596374 2.992247
 18456.000000 12.910810 1.570463 2.965926
 18459.000000 12.833844 1.565162 2.981125
 18462.000000 12.838187 1.600593 2.979351
 18465.000000 12.904588 1.629482 2.982312
 18468.000000 12.965565 1.606595 3.017829
 18471.000000 12.914748 1.565995 2.974211
 18474.000000 12.967136 1.578207 2.965365
 18477.000000 12.931077 1.561819 2.949358
 18480.000000 12.892951 1.536768 2.978352
 18483.000000 12.907297 1.580946 3.017277
 18486.000000 12.933587 1.582913 2.928123
 18489.000000 12.947235 1.563834 2.906664
 18492.000000 12.869594 1.581794 2.886866
 18495.000000 12.910497 1.593965 2.926306
 18498.000000 12.790708 1.592888 2.997907
 18501.000000 12.873152 1.612788 2.964952
 18504.000000 12.867406 1.580636 2.965980
 18507.000000 12.771160 1.578534 2.964732
 18510.000000 12.834549 1.571612 2.969393
 18513.000000 12.895236 1.591374 2.992102
 18516.000000 12.885022 1.588700 2.996238
 18519.000000 12.882071 1.580081 2.996893
 18522.000000 12.852341 1.585747 3.003302
 18525.000000 12.900211 1.572314 2.970734
 18528.000000 12.933972 1.550899 2.977604
 18531.000000 12.859159 1.531078 3.003502
 18534.000000 12.901147 1.558037 2.974030
 18537.000000 12.854206 1.531068 3.007718
 18540.000000 12.826281 1.538281 2.990337
 18543.000000 12.825790 1.511096 3.022316
 18546.000000 12.782010 1.514689 3.022618
 18549.000000 12.874147 1.496369 3.043526
 18552.000000 12.840329 1.512818 3.040872
 18555.000000 12.822336 1.520597 3.045984
 18558.000000 12.795406 1.520979 3.079607
 18561.000000 12.818977 1.541775 3.027343
 18564.000000 12.684209 1.514982 2.999203
 18567.000000 12.777103 1.487859 2.985597
 18570.000000 12.726613 1.513833 2.989176
 18573.000000 12.693104 1.496475 2.960038
 18576.000000 12.659435 1.515164 2.964905
 18579.000000 12.588533 1.518444 2.996175
 18582.000000 12.681964 1.505272 2.961667
 18585.000000 12.756087 1.516594 2.958332
 18588.000000 12.895038 1.526905 2.956127
 18591.000000 12.848403 1.536301 2.957163
 18594.000000 12.832010 1.525882 2.947160
 18597.000000 12.763604 1.525915 2.968389
 18600.000000 12.734379 1.496376 2.977187
 18603.000000 12.817949 1.503850 2.993243
 18606.000000 12.693161 1.525642 2.958067
 18609.000000 12.713579 1.502293 2.943799
 18612.000000 12.688559 1.492146 2.987978
 18615.000000 12.808304 1.492019 3.003520
 18618.000000 12.874571 1.475143 2.977238
 18621.000000 12.783597 1.455249 2.997957
 18624.000000 12.826507 1.448980 2.990834
 18627.000000 12.829815 1.431609 2.993905
 18630.000000 12.825056 1.437532 3.017130
 18633.000000 12.750043 1.423576 3.018934
 18636.000000 12.816794 1.407255 2.987789
 18639.000000 12.914294 1.431105 3.004928
 18642.000000 12.858336 1.481247 3.003487
 18645.000000 12.810995 1.498632 2.995040
 18648.000000 12.852762 1.510661 3.020232
 18651.000000 12.874286 1.494978 3.003470
 18654.000000 12.860855 1.517409 2.947189
 18657.000000 12.874729 1.520476 2.982822
 18660.000000 12.857000 1.536000 3.013954
 18663.000000 12.873971 1.558546 3.010816
 18666.000000 12.907488 1.544092 2.997533
 18669.000000 12.882212 1.558278 3.040645
 18672.000000 12.871409 1.533780 3.027431
 18675.000000 12.959454 1.512662 3.017876
 18678.000000 12.921866 1.512307 2.994147
 18681.000000 12.948249 1.547211 3.013201
 18684.000000 12.934654 1.552451 2.978823
 18687.000000 12.808588 1.533418 3.019139
 18690.000000 12.767470 1.519120 2.990286
 18693.000000 12.768531 1.507898 3.015550
 18696.000000 12.750091 1.501647 3.002944
 18699.000000 12.765728 1.487951 2.995379
 18702.000000 12.732710 1.512186 3.003253
 18705.000000 12.751570 1.506971 2.992974
 18708.000000 12.760604 1.536320 2.974470
 18711.000000 12.824862 1.527941 3.008044
 18714.000000 12.850835 1.539851 2.980977
 18717.000000 12.938965 1.560572 2.973393
 18720.000000 12.942001 1.539231 2.952278
 18723.000000 12.952398 1.544019 2.987669
 18726.000000 12.894334 1.540154 3.018117
 18729.000000 12.942963 1.532575 3.013093
 18732.000000 13.018642 1.543248 2.988087
 18735.000000 12.990132 1.505877 3.012728
 18738.000000 12.849422 1.527947 2.983372
 18741.000000 12.858301 1.554141 3.010533
 18744.000000 12.865427 1.568654 3.021442
 18747.000000 12.854222 1.537396 3.028906
 18750.000000 12.842501 1.574005 3.045786
 18753.000000 12.922513 1.554324 3.036520
 18756.000000 12.798217 1.550483 3.029525
 18759.000000 12.891241 1.536868 3.023376
 18762.000000 12.860084 1.556477 3.048272
 18765.000000 12.855197 1.549635 2.954770
 18768.000000 12.919834 1.527519 2.968228
 18771.000000 12.915236 1.513225 2.984207
 18774.000000 12.921453 1.533238 3.027759
 18777.000000 12.836031 1.535461 3.012989
 18780.000000 12.795753 1.525567 3.036441
 18783.000000 12.795638 1.521442 3.045803
 18786.000000 12.741613 1.509034 3.065756
 18789.000000 12.761231 1.513918 3.035362
 18792.000000 12.950872 1.504110 3.014173
 18795.000000 12.938573 1.510784 3.036746
 18798.000000 12.857140 1.498746 3.004627
 18801.000000 12.904458 1.521797 3.027755
 18804.000000 12.845714 1.526423 3.041320
 18807.000000 12.936076 1.514301 3.010711
 18810.000000 12.826851 1.492760 2.983216
 18813.000000 12.790220 1.489701 3.009691
 18816.000000 12.802245 1.501295 2.970101
 18819.000000 12.801614 1.514799 2.980437
 18822.000000 12.870443 1.521392 2.968713
 18825.000000 12.875826 1.509981 2.961016
 18828.000000 12.881781 1.507514 2.955514
 18831.000000 12.990865 1.494944 2.939519
 18834.000000 12.977693 1.502174 2.975327
 18837.000000 12.936561 1.492877 2.941524
 18840.000000 12.890540 1.510510 2.949878
 18843.000000 12.812234 1.520947 2.947917
 18846.000000 12.842928 1.540932 2.910058
 18849.000000 12.867855 1.513570 2.910157
 18852.000000 12.872928 1.518056 2.989574
 18855.000000 12.848590 1.524456 2.974202
 18858.000000 12.878385 1.536702 2.977609
 18861.000000 12.870359 1.541924 2.977924
 18864.000000 12.904776 1.552645 2.938589
 18867.000000 12.932870 1.559773 2.967835
 18870.000000 12.981698 1.545970 2.934876
 18873.000000 12.983198 1.560795 2.970285
 18876.000000 12.883094 1.562621 2.967959
 18879.000000 13.009210 1.539672 2.967226
 18882.000000 13.022349 1.544742 2.978480
 18885.000000 13.024259 1.556380 2.927839
 18888.000000 13.035194 1.537603 2.911444
 18891.000000 13.137544 1.530357 2.925903
 18894.000000 13.119542 1.540118 2.931233
 18897.000000 13.108787 1.526290 2.990401
 18900.000000 13.118666 1.557745 3.017847
 18903.000000 13.121911 1.571829 3.009740
 18906.000000 13.109639 1.571415 2.976660
 18909.000000 13.210838 1.525135 2.992233
 18912.000000 13.137758 1.516982 3.018679
 18915.000000 13.171939 1.533459 3.012767
 18918.000000 13.169706 1.510071 3.010548
 18921.000000 13.215029 1.541035 3.021643
 18924.000000 13.152798 1.523499 3.055382
 18927.000000 13.220537 1.516066 3.024988
 18930.000000 13.106004 1.543174 3.035979
 18933.000000 13.064781 1.530116 3.019842
 18936.000000 12.997505 1.536892 3.003917
 18939.000000 13.012795 1.533615 3.035423
 18942.000000 13.019543 1.503066 3.008100
 18945.000000 13.005423 1.541985 3.047950
 18948.000000 13.010147 1.531477 2.978136
 18951.000000 12.924829 1.513735 3.015389
 18954.000000 13.030974 1.531726 3.032277
 18957.000000 13.021550 1.559891 2.998251
 18960.000000 13.009839 1.541079 3.065482
 18963.000000 13.023146 1.536230 3.037357
 18966.000000 13.016620 1.519802 2.987961
 18969.000000 12.986326 1.560461 2.986482
 18972.000000 12.937577 1.578911 2.983506
 18975.000000 12.912401 1.563938 2.977314
 18978.000000 12.841927 1.570800 2.949940
 18981.000000 12.885476 1.596805 2.925761
 18984.000000 12.878513 1.632791 2.892495
 18987.000000 12.826453 1.594993 2.945253
 18990.000000 12.906163 1.611402 2.903511
 18993.000000 12.968892 1.603384 2.917933
 18996.000000 12.942665 1.617290 2.929492
 18999.000000 12.901990 1.597616 2.972538
 19002.000000 12.955616 1.578113 2.956216
 19005.000000 12.970930 1.570408 2.981014
 19008.000000 13.043092 1.553086 2.980434
 19011.000000 13.028708 1.525051 3.004086
 19014.000000 12.962086 1.518434 3.020476
 19017.000000 12.992192 1.499990 3.020859
 19020.000000 13.011147 1.539090 3.023041
 19023.000000 12.962498 1.527116 3.045849
 19026.000000 13.006958 1.540953 3.016680
 19029.000000 12.997686 1.567513 3.016888
 19032.000000 12.952725 1.574114 3.025113
 19035.000000 12.942221 1.524836 2.979229
 19038.000000 12.938957 1.515143 3.014913
 19041.000000 12.939293 1.534081 3.002285
 19044.000000 12.991391 1.538482 3.003323
 19047.000000 13.032344 1.562357 3.004155
 19050.000000 13.072078 1.551138 2.990903
 19053.000000 13.069328 1.536907 3.020400
 19056.000000 13.001522 1.543527 2.991653
 19059.000000 13.007642 1.536328 3.007762
 19062.000000 12.945353 1.549239 3.022522
 19065.000000 12.876342 1.523075 3.002954
 19068.000000 12.868715 1.485920 3.005047
 19071.000000 12.878609 1.506224 2.991488
 19074.000000 12.864416 1.553231 2.965357
 19077.000000 12.919932 1.561754 2.982259
 19080.000000 12.940772 1.570176 2.960912
 19083.000000 12.930824 1.579845 3.010421
 19086.000000 12.925460 1.576964 3.007604
 19089.000000 13.003581 1.585863 2.950096
 19092.000000 12.980933 1.566782 2.959761
 19095.000000 12.977335 1.571242 2.950094
 19098.000000 12.928796 1.604099 2.946009
 19101.000000 13.064195 1.613404 2.986917
 19104.000000 13.105823 1.593916 3.019646
 19107.000000 13.143512 1.582795 3.020311
 19110.000000 13.094239 1.582963 2.977533
 19113.000000 13.140576 1.593436 2.989979
 19116.000000 13.164242 1.582868 2.968539
 19119.000000 13.117587 1.571050 2.992777
 19122.000000 13.090606 1.533342 2.969621
 19125.000000 13.084716 1.555109 2.963784
 19128.000000 13.072264 1.540974 2.986563
 19131.000000 13.012609 1.569574 2.965392
 19134.000000 13.045489 1.583696 2.976667
 19137.000000 13.000082 1.571116 3.025070
 19140.000000 13.021286 1.619805 3.026464
 19143.000000 13.009793 1.583519 2.980197
 19146.000000 13.038289 1.585671 2.977077
 19149.000000 13.065655 1.584630 3.002612
 19152.000000 13.039073 1.581164 3.009907
 19155.000000 12.870405 1.553101 3.037162
 19158.000000 12.844888 1.565987 3.037786
 19161.000000 12.772273 1.604854 3.046054
 19164.000000 12.735397 1.592035 3.030932
 19167.000000 12.766490 1.621338 3.029431
 19170.000000 12.744934 1.608409 3.006840
 19173.000000 12.719573 1.600847 2.999533
 19176.000000 12.724843 1.583010 2.992037
 19179.000000 12.698925 1.555446 2.958108
 19182.000000 12.754678 1.576560 2.946716
 19185.000000 12.752984 1.561806 2.975173
 19188.000000 12.783936 1.580630 2.990579
 19191.000000 12.834247 1.576188 2.971717
 19194.000000 12.818040 1.587985 2.994431
 19197.000000 12.790866 1.596614 2.980296
 19200.000000 12.753301 1.605836 2.975756
 19203.000000 12.844270 1.589336 2.995690
 19206.000000 12.847704 1.586525 2.997231
 19209.000000 12.828029 1.575063 2.965546
 19212.000000 12.785312 1.610552 3.005419
 19215.000000 12.789919 1.598098 3.037897
 19218.000000 12.855674 1.612365 3.021322
 19221.000000 12.873784 1.567134 2.957715
 19224.000000 12.877480 1.582977 2.997748
 19227.000000 12.894179 1.529817 2.964686
 19230.000000 12.867570 1.566645 2.958698
 19233.000000 12.852051 1.548644 2.982699
 19236.000000 12.845172 1.589186 3.001045
 19239.000000 12.856348 1.580388 3.000864
 19242.000000 12.813326 1.616766 3.008844
 19245.000000 12.883553 1.595387 2.982544
 19248.000000 12.885077 1.580237 2.976044
 19251.000000 12.881488 1.583219 2.960778
 19254.000000 12.840931 1.598795 2.932283
 19257.000000 12.948880 1.596768 2.968730
 19260.000000 12.965269 1.580660 2.986078
 19263.000000 13.034841 1.578241 2.955256
 19266.000000 12.920830 1.590877 2.956584
 19269.000000 12.886972 1.578232 2.936227
 19272.000000 12.935572 1.587945 2.991820
 19275.000000 12.950504 1.588377 2.996681
 19278.000000 12.901565 1.575667 3.006456
 19281.000000 12.897125 1.556965 2.973083
 19284.000000 12.968907 1.556897 2.964471
 19287.000000 12.892793 1.532385 2.998154
 19290.000000 12.906336 1.539055 2.981153
 19293.000000 12.917957 1.543984 2.992856
 19296.000000 12.976244 1.540922 2.984181
 19299.000000 12.874539 1.550955 3.022427
 19302.000000 12.890897 1.531946 2.978714
 19305.000000 12.975278 1.561201 2.979292
 19308.000000 12.943016 1.544624 2.960602
 19311.000000 12.931414 1.558389 2.963178
 19314.000000 12.881600 1.546655 2.944797
 19317.000000 12.920944 1.553028 2.965613
 19320.000000 12.955828 1.545381 2.945762
 19323.000000 12.928315 1.549789 2.913946
 19326.000000 12.875413 1.545077 2.919268
 19329.000000 12.872856 1.549906 2.889662
 19332.000000 12.921744 1.569528 2.914864
 19335.000000 12.962807 1.548627 2.962765
 19338.000000 12.985852 1.556226 2.943044
 19341.000000 13.004164 1.549202 2.934632
 19344.000000 13.027436 1.544884 2.967392
 19347.000000 13.050123 1.500540 2.925070
 19350.000000 12.976144 1.503924 2.921008
 19353.000000 12.950374 1.499287 2.944496
 19356.000000 12.988754 1.538033 2.940639
 19359.000000 12.941067 1.562790 2.975989
 19362.000000 12.940680 1.569163 2.966616
 19365.000000 12.951176 1.568075 3.009263
 19368.000000 12.908124 1.568093 2.977788
 19371.000000 12.988360 1.560896 2.972560
 19374.000000 12.992219 1.559082 2.997884
 19377.000000 12.909001 1.558862 3.005787
 19380.000000 12.919404 1.519337 2.998370
 19383.000000 12.933881 1.525245 2.991054
 19386.000000 13.016962 1.509519 2.977192
 19389.000000 12.949520 1.539935 2.954647
 19392.000000 12.936399 1.545183 2.985043
 19395.000000 12.906808 1.567082 2.982722
 19398.000000 12.964586 1.544766 3.003361
 19401.000000 12.973458 1.552345 2.977565
 19404.000000 13.056392 1.549707 2.968335
 19407.000000 13.019574 1.537115 2.976650
 19410.000000 13.019565 1.561971 2.977325
 19413.000000 12.951064 1.564712 2.985931
 19416.000000 13.039115 1.548678 2.983942
 19419.000000 12.960684 1.554756 2.956957
 19422.000000 12.995082 1.550057 2.927635
 19425.000000 12.991101 1.550920 2.970464
 19428.000000 12.948855 1.560296 2.943994
 19431.000000 12.939979 1.537045 2.931342
 19434.000000 13.010226 1.524619 2.917237
 19437.000000 13.054573 1.529585 2.909233
 19440.000000 13.023684 1.512893 2.903741
 19443.000000 12.951006 1.514271 2.936534
 19446.000000 13.049998 1.503943 2.934338
 19449.000000 12.988769 1.527384 2.963390
 19452.000000 12.976589 1.513611 2.942126
 19455.000000 12.884716 1.518159 2.956927
 19458.000000 12.984872 1.526001 3.000734
 19461.000000 12.955618 1.514517 2.990343
 19464.000000 12.908257 1.505147 3.008199
 19467.000000 12.989774 1.478725 3.025194
 19470.000000 12.993622 1.492557 3.035805
 19473.000000 13.026159 1.501795 3.030857
 19476.000000 13.013798 1.530174 3.041466
 19479.000000 13.019836 1.496200 3.032174
 19482.000000 12.928249 1.499105 2.994531
 19485.000000 12.966497 1.493510 2.989457
 19488.000000 12.947639 1.505493 2.976809
 19491.000000 13.001207 1.507752 3.001416
 19494.000000 12.901944 1.512021 2.966323
 19497.000000 13.000575 1.539840 2.999881
 19500.000000 13.066530 1.542917 3.011288
 19503.000000 13.053050 1.535515 3.025405
 19506.000000 12.953329 1.536867 3.037199
 19509.000000 12.997175 1.552682 3.070488
 19512.000000 12.962513 1.566721 3.015910
 19515.000000 13.002329 1.578703 3.019714
 19518.000000 12.963613 1.570323 3.051457
 19521.000000 12.980652 1.564430 3.051859
 19524.000000 12.912756 1.562417 3.019602
 19527.000000 12.961806 1.563402 3.028524
 19530.000000 12.984338 1.581339 2.992286
 19533.000000 12.945313 1.570256 3.001122
 19536.000000 12.983703 1.563618 2.991870
 19539.000000 12.932140 1.552170 2.992384
 19542.000000 12.934046 1.569813 3.016376
 19545.000000 12.883102 1.565387 3.036128
 19548.000000 12.877040 1.533031 3.047083
 19551.000000 12.879428 1.569595 3.020909
 19554.000000 12.828928 1.554005 3.073864
 19557.000000 12.867878 1.572259 3.030481
 19560.000000 12.945780 1.582465 3.005105
 19563.000000 12.980836 1.568555 3.040207
 19566.000000 12.994708 1.593113 3.010786
 19569.000000 13.013431 1.576525 3.044647
 19572.000000 13.001386 1.557724 3.050841
 19575.000000 13.067908 1.583013 3.014786
 19578.000000 13.086019 1.581376 3.010603
 19581.000000 13.089438 1.565586 3.022118
 19584.000000 13.082621 1.580027 3.014335
 19587.000000 13.046788 1.580946 2.991897
 19590.000000 13.113276 1.565556 2.985272
 19593.000000 13.075814 1.560945 3.008771
 19596.000000 13.054572 1.584235 2.978476
 19599.000000 13.019328 1.594819 2.956852
 19602.000000 12.969849 1.581884 2.990467
 19605.000000 13.012688 1.607371 2.979364
 19608.000000 12.954016 1.588634 3.031299
 19611.000000 12.970390 1.607374 3.014265
 19614.000000 12.995454 1.587112 3.047113
 19617.000000 12.973068 1.553250 3.065335
 19620.000000 12.956810 1.594328 2.998378
 19623.000000 12.931427 1.617668 3.005919
 19626.000000 12.893524 1.611116 2.993362
 19629.000000 12.884666 1.567287 3.029447
 19632.000000 12.923489 1.614170 2.992124
 19635.000000 12.895336 1.611124 2.981782
 19638.000000 12.891185 1.582348 2.992923
 19641.000000 12.976883 1.569466 3.003195
 19644.000000 13.029618 1.556326 3.001123
 19647.000000 13.069425 1.571326 2.983863
 19650.000000 13.015094 1.529803 3.017540
 19653.000000 13.042999 1.522742 3.008005
 19656.000000 13.075573 1.548855 3.011893
 19659.000000 13.112518 1.549503 2.963576
 19662.000000 13.111387 1.520915 2.983739
 19665.000000 13.066147 1.524272 2.983450
 19668.000000 13.023271 1.537791 2.959554
 19671.000000 13.036382 1.515240 2.931584
 19674.000000 13.010392 1.508548 2.961788
 19677.000000 12.994128 1.518351 2.943655
 19680.000000 12.968549 1.511370 2.940012
 19683.000000 12.905747 1.531480 2.929724
 19686.000000 12.878859 1.520592 2.946534
 19689.000000 12.819705 1.504949 2.949642
 19692.000000 12.832609 1.509237 2.952741
 19695.000000 12.765078 1.515781 2.964473
 19698.000000 12.882184 1.502754 2.918747
 19701.000000 12.903951 1.492411 2.921132
 19704.000000 12.891111 1.511989 2.940231
 19707.000000 12.970434 1.519450 2.924343
 19710.000000 13.010030 1.506425 2.925757
 19713.000000 12.988059 1.503523 2.945940
 19716.000000 12.957590 1.501206 2.941367
 19719.000000 13.001779 1.516343 2.979411
 19722.000000 13.000472 1.519441 2.986482
 19725.000000 13.053511 1.548770 2.959784
 19728.000000 13.054898 1.539495 2.962765
 19731.000000 12.979327 1.548618 2.988069
 19734.000000 12.978679 1.558659 2.939917
 19737.000000 13.042871 1.552653 2.961681
 19740.000000 13.038434 1.572193 2.951146
 19743.000000 13.074863 1.553946 2.969086
 19746.000000 13.053923 1.562499 2.968576
 19749.000000 12.976401 1.563012 2.966032
 19752.000000 13.008031 1.555309 2.992482
 19755.000000 13.039574 1.559944 2.946018
 19758.000000 13.028610 1.546262 2.943132
 19761.000000 12.984684 1.522474 2.996106
 19764.000000 12.935976 1.545566 2.958901
 19767.000000 12.934310 1.544599 2.937385
 19770.000000 12.967721 1.553120 2.942436
 19773.000000 12.921916 1.530844 2.962215
 19776.000000 12.988652 1.532625 2.980113
 19779.000000 13.007145 1.519692 2.992606
 19782.000000 13.065812 1.538525 2.959418
 19785.000000 12.982764 1.548744 2.977446
 19788.000000 13.026157 1.534957 2.977389
 19791.000000 13.063721 1.515079 2.985551
 19794.000000 13.096743 1.514316 2.987821
 19797.000000 13.092934 1.527855 2.980396
 19800.000000 12.938078 1.540676 2.975274
 19803.000000 13.004118 1.496679 3.035540
 19806.000000 12.948812 1.532823 2.992926
 19809.000000 12.929247 1.513498 3.046274
 19812.000000 12.998924 1.518516 3.020990
 19815.000000 12.973781 1.499617 3.021417
 19818.000000 12.968318 1.539519 3.011517
 19821.000000 12.974623 1.525707 3.028347
 19824.000000 12.945253 1.534858 3.022426
 19827.000000 12.959395 1.540915 2.994912
 19830.000000 13.025750 1.522685 3.008113
 19833.000000 12.950290 1.535878 2.984165
 19836.000000 13.019085 1.535825 2.989512
 19839.000000 13.011556 1.547284 3.019994
 19842.000000 13.029039 1.571845 2.996018
 19845.000000 13.006956 1.577368 2.989615
 19848.000000 13.011928 1.586868 2.992202
 19851.000000 12.983609 1.567463 2.984919
 19854.000000 13.020049 1.552594 2.994052
 19857.000000 13.008097 1.525649 3.018664
 19860.000000 12.956507 1.551716 3.012401
 19863.000000 12.879857 1.533231 3.039783
 19866.000000 12.868084 1.561690 2.981303
 19869.000000 12.865254 1.575433 2.967761
 19872.000000 12.975306 1.563579 3.006045
 19875.000000 12.943573 1.570650 2.979805
 19878.000000 13.023672 1.550919 3.025586
 19881.000000 12.969097 1.540512 3.013143
 19884.000000 12.999108 1.560498 3.020401
 19887.000000 12.981776 1.549706 3.071979
 19890.000000 12.973490 1.561029 3.076259
 19893.000000 13.010605 1.560301 3.049584
 19896.000000 13.066676 1.602588 3.007952
 19899.000000 13.065698 1.603646 3.022341
 19902.000000 13.089617 1.614683 2.980566
 19905.000000 13.089908 1.593258 3.000400
 19908.000000 13.083458 1.581288 3.009189
 19911.000000 13.003437 1.568751 3.001539
 19914.000000 13.044122 1.520239 2.984222
 19917.000000 13.034427 1.525488 2.974619
 19920.000000 13.063432 1.527465 2.978767
 19923.000000 13.047544 1.548534 3.015800
 19926.000000 12.956490 1.563272 3.009684
 19929.000000 12.962501 1.563383 2.992237
 19932.000000 12.964028 1.548790 2.958282
 19935.000000 12.893581 1.552397 2.993800
 19938.000000 12.997043 1.542519 2.991607
 19941.000000 12.962475 1.563946 2.976866
 19944.000000 12.971792 1.543427 2.991036
 19947.000000 12.952037 1.576300 3.006460
 19950.000000 12.945686 1.580822 2.971070
 19953.000000 12.981364 1.570584 2.982759
 19956.000000 12.972897 1.569366 3.001304
 19959.000000 12.912660 1.535774 3.006319
 19962.000000 12.944903 1.554709 2.979417
 19965.000000 12.952825 1.546411 2.959831
 19968.000000 12.915363 1.535810 2.997667
 19971.000000 12.946195 1.581101 2.956385
 19974.000000 12.978832 1.568596 2.983852
 19977.000000 12.960746 1.580025 2.978594
 19980.000000 12.934531 1.563019 2.973785
 19983.000000 12.941221 1.528818 3.007816
 19986.000000 13.039193 1.508561 3.027367
 19989.000000 13.062649 1.512539 3.004383
 19992.000000 13.027656 1.503280 2.969346
 19995.000000 12.994693 1.526324 2.978425
 19998.000000 12.959769 1.520031 2.965045
 20001.000000 12.911406 1.516560 2.991585
 20004.000000 12.913133 1.502337 3.027942
 20007.000000 12.863850 1.486803 3.043387
 20010.000000 12.895633 1.524289 2.977233
 20013.000000 12.913497 1.503608 2.999172
 20016.000000 12.942590 1.510595 2.994916
 20019.000000 12.957053 1.501933 3.013207
 20022.000000 12.885359 1.540261 2.989898
 20025.000000 12.915151 1.518570 3.002123
 20028.000000 12.995151 1.522603 2.998105
 20031.000000 12.935916 1.526067 2.993407
 20034.000000 12.951455 1.512908 2.936766
 20037.000000 13.042935 1.501426 2.951877
 20040.000000 13.043587 1.484825 2.998341
 20043.000000 13.039757 1.472742 2.988170
 20046.000000 13.015668 1.481230 3.009001
 20049.000000 13.052757 1.470344 2.999506
 20052.000000 12.994193 1.487111 2.967605
 20055.000000 12.996940 1.504377 2.951642
 20058.000000 13.030161 1.507764 2.965723
 20061.000000 13.022449 1.509474 2.977765
 20064.000000 12.959734 1.487143 2.949047
 20067.000000 12.898765 1.497002 3.013226
 20070.000000 12.947019 1.537066 2.991754
 20073.000000 12.966235 1.536479 2.957114
 20076.000000 12.876331 1.527095 2.987470
 20079.000000 12.925084 1.542606 2.958704
 20082.000000 12.908653 1.535872 2.967047
 20085.000000 12.972279 1.539595 2.960211
 20088.000000 12.955475 1.519766 2.992257
 20091.000000 12.970088 1.510873 2.987194
 20094.000000 13.024478 1.505620 2.985493
 20097.000000 12.983880 1.524947 3.043445
 20100.000000 12.986286 1.541431 3.022048
 20103.000000 13.024007 1.549326 3.011501
 20106.000000 13.023650 1.559376 2.963782
 20109.000000 13.029172 1.537670 2.977419
 20112.000000 13.019926 1.578479 2.984878
 20115.000000 13.039601 1.567391 2.989838
 20118.000000 12.974028 1.570596 2.981968
 20121.000000 12.966742 1.584954 2.997976
 20124.000000 12.986760 1.604288 2.947252
 20127.000000 12.936305 1.597890 2.995166
 20130.000000 12.949649 1.602044 3.010011
 20133.000000 12.887696 1.548191 3.030030
 20136.000000 12.993319 1.548578 2.991055
 20139.000000 13.051792 1.541685 2.967216
 20142.000000 13.011645 1.540381 2.986737
 20145.000000 12.848012 1.576305 3.022321
 20148.000000 12.785509 1.574908 2.990021
 20151.000000 12.876574 1.600494 3.018902
 20154.000000 12.890901 1.591831 2.996681
 20157.000000 12.854259 1.582295 2.955900
 20160.000000 12.863830 1.567318 3.035177
 20163.000000 12.776578 1.551408 3.023265
 20166.000000 12.702169 1.566737 3.011944
 20169.000000 12.741691 1.577644 3.032516
 20172.000000 12.799758 1.549270 2.978682
 20175.000000 12.835994 1.547292 2.996765
 20178.000000 12.967072 1.540263 2.967370
 20181.000000 12.899659 1.543010 2.938712
 20184.000000 12.921104 1.578129 2.955518
 20187.000000 12.882109 1.581975 2.966999
 20190.000000 12.918111 1.565372 2.965625
 20193.000000 12.972240 1.575441 2.956852
 20196.000000 12.957515 1.588156 2.938691
 20199.000000 13.020902 1.589165 2.962882
 20202.000000 12.994732 1.574858 2.976382
 20205.000000 12.997452 1.577792 2.941459
 20208.000000 12.953901 1.542812 2.974084
 20211.000000 12.970818 1.569324 3.017664
 20214.000000 13.033664 1.596045 3.028240
 20217.000000 13.010098 1.557716 3.023789
 20220.000000 12.930112 1.586309 3.014785
 20223.000000 12.916943 1.575896 3.019144
 20226.000000 13.036117 1.532156 3.015561
 20229.000000 13.032687 1.522264 3.035554
 20232.000000 12.976274 1.500549 2.995819
 20235.000000 12.963114 1.498204 3.030386
 20238.000000 13.009304 1.492354 3.025791
 20241.000000 12.887099 1.510605 3.007622
 20244.000000 12.856620 1.513286 2.998175
 20247.000000 12.820887 1.514383 3.021116
 20250.000000 12.738022 1.545600 3.053145
 20253.000000 12.801851 1.535850 3.052551
 20256.000000 12.794085 1.546788 3.054697
 20259.000000 12.835001 1.565828 3.031238
 20262.000000 12.880780 1.549351 3.044985
 20265.000000 12.919038 1.546178 3.077687
 20268.000000 13.009643 1.527897 3.035549
 20271.000000 13.031446 1.531022 3.059301
 20274.000000 13.050913 1.501445 3.017301
 20277.000000 13.062753 1.504945 3.036864
 20280.000000 13.034765 1.475311 3.065892
 20283.000000 12.997178 1.494424 3.061148
 20286.000000 13.005240 1.485804 3.069684
 20289.000000 13.005428 1.457082 3.049874
 20292.000000 12.979980 1.473115 3.026011
 20295.000000 13.032846 1.509663 3.003649
 20298.000000 12.938540 1.482710 3.014360
 20301.000000 12.905210 1.485891 3.038782
 20304.000000 12.911039 1.501517 3.040780
 20307.000000 12.830408 1.526188 2.985931
 20310.000000 12.796924 1.511421 3.012728
 20313.000000 12.864641 1.475721 3.021161
 20316.000000 12.889831 1.479067 3.012741
 20319.000000 12.833159 1.465027 3.013651
 20322.000000 12.961697 1.476655 3.023358
 20325.000000 12.979066 1.512411 3.010068
 20328.000000 12.908775 1.493289 3.003249
 20331.000000 12.850059 1.499966 3.005604
 20334.000000 12.820669 1.491278 3.045497
 20337.000000 12.836283 1.528465 3.016517
 20340.000000 12.848696 1.512940 3.017458
 20343.000000 12.777674 1.504292 2.993602
 20346.000000 12.798171 1.523873 2.947829
 20349.000000 12.793639 1.541298 2.945393
 20352.000000 12.800891 1.550871 2.950266
 20355.000000 12.798670 1.539894 2.967351
 20358.000000 12.779568 1.544548 2.963298
 20361.000000 12.727349 1.534033 2.977386
 20364.000000 12.769380 1.533567 2.968198
 20367.000000 12.818853 1.561081 2.895062
 20370.000000 12.845588 1.535360 2.936610
 20373.000000 12.843327 1.510693 2.947235
 20376.000000 12.794715 1.484651 2.953837
 20379.000000 12.832822 1.509060 2.973216
 20382.000000 12.786718 1.523804 2.970100
 20385.000000 12.894050 1.505962 2.956168
 20388.000000 12.851197 1.534658 2.929176
 20391.000000 13.002834 1.528284 2.937928
 20394.000000 13.065995 1.547062 2.969438
 20397.000000 13.010879 1.566274 2.959852
 20400.000000 13.002746 1.521438 3.017249
 20403.000000 12.998285 1.532890 2.983842
 20406.000000 12.928855 1.534745 2.971163
 20409.000000 12.955160 1.531711 2.931781
 20412.000000 12.912183 1.561599 2.896188
 20415.000000 12.927426 1.554627 2.928334
 20418.000000 13.006747 1.547543 2.918116
 20421.000000 12.980232 1.548259 2.932789
 20424.000000 12.993155 1.543578 2.919141
 20427.000000 13.006906 1.517783 2.954280
 20430.000000 12.883892 1.542250 2.914043
 20433.000000 12.929265 1.524058 2.923773
 20436.000000 12.990865 1.527578 2.948347
 20439.000000 13.053683 1.525132 2.943271
 20442.000000 13.031344 1.537662 2.969707
 20445.000000 12.960550 1.516120 2.940710
 20448.000000 12.881760 1.496604 2.949763
 20451.000000 12.904080 1.497329 2.947303
 20454.000000 12.861959 1.483604 2.949868
 20457.000000 12.895735 1.504098 2.981300
 20460.000000 12.869711 1.493657 2.954791
 20463.000000 12.845445 1.517336 2.964036
 20466.000000 12.903747 1.513410 2.975084
 20469.000000 12.962393 1.519688 3.010802
 20472.000000 12.960836 1.487420 3.007731
 20475.000000 12.920210 1.467809 3.055729
 20478.000000 12.937218 1.497548 3.035194
 20481.000000 13.014943 1.519934 3.006613
 20484.000000 13.069985 1.532680 2.969912
 20487.000000 13.033789 1.526428 2.948605
 20490.000000 13.061174 1.527325 2.935570
 20493.000000 12.983012 1.517046 2.930214
 20496.000000 12.932383 1.496651 2.943223
 20499.000000 13.003099 1.514603 2.929320
 20502.000000 12.963897 1.516717 2.951489
 20505.000000 13.000073 1.505041 2.997616
 20508.000000 12.961179 1.509734 2.962315
 20511.000000 12.854773 1.521612 2.959147
 20514.000000 12.782638 1.505666 2.965631
 20517.000000 12.820874 1.506746 2.979260
 20520.000000 12.885487 1.487016 3.023028
 20523.000000 12.877026 1.505633 2.983501
 20526.000000 12.921269 1.524287 2.973813
 20529.000000 12.985626 1.556698 2.968443
 20532.000000 12.891651 1.493281 3.024134
 20535.000000 12.917494 1.534662 2.995791
 20538.000000 12.895710 1.525129 2.960428
 20541.000000 12.882357 1.484179 3.021072
 20544.000000 12.858163 1.482255 2.989606
 20547.000000 12.861127 1.470424 2.953451
 20550.000000 12.819133 1.461872 3.014030
 20553.000000 12.780086 1.452085 2.996551
 20556.000000 12.787753 1.430134 2.974049
 20559.000000 12.871078 1.448392 2.956996
 20562.000000 12.833430 1.447888 2.971174
 20565.000000 12.849915 1.457655 2.973851
 20568.000000 12.911473 1.473257 2.986545
 20571.000000 12.866263 1.507978 2.958440
 20574.000000 12.880578 1.504301 2.956469
 20577.000000 12.888989 1.504576 2.941287
 20580.000000 12.939319 1.524350 2.930780
 20583.000000 12.836300 1.513304 2.955639
 20586.000000 12.836126 1.503549 2.978282
 20589.000000 12.835395 1.501319 2.986598
 20592.000000 12.848600 1.502257 3.006721
 20595.000000 12.918903 1.505536 2.978215
 20598.000000 12.921811 1.474834 3.010323
 20601.000000 12.994115 1.493285 2.978846
 20604.000000 12.954723 1.529261 2.989280
 20607.000000 13.040620 1.519646 3.005449
 20610.000000 13.001734 1.498409 3.007665
 20613.000000 12.968620 1.507645 3.017528
 20616.000000 13.056767 1.496590 3.014531
 20619.000000 13.055782 1.455680 3.011645
 20622.000000 13.045028 1.466318 3.003739
 20625.000000 13.020604 1.491819 3.043809
 20628.000000 13.141665 1.458524 3.049055
 20631.000000 13.130687 1.482683 3.030420
 20634.000000 13.120031 1.480175 3.030290
 20637.000000 12.982727 1.495148 3.031258
 20640.000000 13.154697 1.501144 3.061010
 20643.000000 13.121862 1.525526 3.030709
 20646.000000 13.094244 1.517602 3.023116
 20649.000000 13.064802 1.502271 3.042047
 20652.000000 13.015778 1.470311 3.023444
 20655.000000 13.000276 1.500019 3.060418
 20658.000000 12.879673 1.502501 3.034824
 20661.000000 12.870410 1.531236 3.019936
 20664.000000 12.892653 1.546805 3.002473
 20667.000000 12.861425 1.547124 3.014434
 20670.000000 12.854483 1.514552 3.021457
 20673.000000 12.949798 1.548196 2.997085
 20676.000000 12.950619 1.530958 2.992476
 20679.000000 12.972007 1.525705 2.977441
 20682.000000 12.982052 1.532042 2.961141
 20685.000000 13.015025 1.530375 2.922277
 20688.000000 12.986557 1.531749 2.929418
 20691.000000 13.010006 1.521478 2.953502
 20694.000000 12.959393 1.549891 2.933986
 20697.000000 12.903652 1.560083 2.919009
 20700.000000 12.963572 1.562588 2.933530
 20703.000000 12.963072 1.536757 2.945198
 20706.000000 12.891785 1.539516 2.936185
 20709.000000 12.927885 1.535220 2.963131
 20712.000000 12.948485 1.532269 2.972299
 20715.000000 13.046159 1.532885 2.962574
 20718.000000 13.007546 1.528824 2.951776
 20721.000000 12.943934 1.528183 2.909551
 20724.000000 12.980922 1.552267 2.914451
 20727.000000 13.048280 1.551526 2.943514
 20730.000000 13.123188 1.553428 2.950466
 20733.000000 13.110306 1.547212 2.965417
 20736.000000 13.170526 1.543519 2.965007
 20739.000000 13.127869 1.528511 3.010812
 20742.000000 13.121759 1.546094 2.938891
 20745.000000 13.055475 1.575974 2.934507
 20748.000000 13.104686 1.550152 3.008642
 20751.000000 13.074073 1.566590 2.979861
 20754.000000 13.038505 1.553746 2.978071
 20757.000000 13.058332 1.563171 2.980686
 20760.000000 13.033303 1.538009 3.016303
 20763.000000 13.025298 1.525842 2.995239
 20766.000000 13.036430 1.529508 2.970731
 20769.000000 13.033845 1.579976 2.895869
 20772.000000 12.963629 1.577000 2.907366
 20775.000000 12.903007 1.551081 2.925050
 20778.000000 12.984101 1.569368 2.909078
 20781.000000 12.920813 1.567199 2.928942
 20784.000000 12.892685 1.543621 2.959600
 20787.000000 13.031833 1.536365 2.949364
 20790.000000 13.104882 1.565349 2.947855
 20793.000000 13.024613 1.563558 2.966025
 20796.000000 13.010265 1.583671 2.928343
 20799.000000 12.972237 1.580879 2.926656
 20802.000000 13.011320 1.583055 2.922241
 20805.000000 13.013539 1.554725 2.972092
 20808.000000 12.977603 1.556452 2.975358
 20811.000000 12.873027 1.579117 2.992137
 20814.000000 12.913782 1.565656 2.967080
 20817.000000 12.957661 1.565580 2.967831
 20820.000000 12.869858 1.566650 2.985715
 20823.000000 12.837429 1.561491 2.993310
 20826.000000 12.899245 1.570341 2.937381
 20829.000000 12.973633 1.559946 2.966568
 20832.000000 12.989812 1.571840 2.980685
 20835.000000 13.033078 1.579504 2.976724
 20838.000000 12.922355 1.556620 3.009939
 20841.000000 12.937797 1.574388 2.985619
 20844.000000 12.948235 1.583321 2.980126
 20847.000000 13.009880 1.569570 2.996225
 20850.000000 13.025729 1.612545 2.953420
 20853.000000 13.006738 1.616069 2.938225
 20856.000000 13.093278 1.622178 2.958437
 20859.000000 13.078575 1.605262 2.975902
 20862.000000 13.134956 1.593405 2.998339
 20865.000000 13.142211 1.576679 3.049513
 20868.000000 13.131468 1.590583 3.004224
 20871.000000 13.081262 1.589873 3.005995
 20874.000000 13.008968 1.577412 3.015975
 20877.000000 12.958600 1.582173 2.995026
 20880.000000 13.050664 1.603717 2.976957
 20883.000000 13.018728 1.602330 3.005928
 20886.000000 13.019728 1.584695 3.012447
 20889.000000 13.058667 1.574392 2.986807
 20892.000000 13.011826 1.591124 2.970411
 20895.000000 13.030804 1.589295 3.010651
 20898.000000 13.009998 1.580161 2.983094
 20901.000000 13.035212 1.592282 2.958263
 20904.000000 13.021786 1.595656 2.986127
 20907.000000 12.977257 1.570780 2.975923
 20910.000000 12.986128 1.556786 3.004813
 20913.000000 12.987639 1.538020 3.004543
 20916.000000 12.936328 1.544194 2.990978
 20919.000000 12.889883 1.561317 2.982256
 20922.000000 12.860536 1.541741 3.019334
 20925.000000 12.961195 1.537038 2.994264
 20928.000000 13.063185 1.529718 2.976814
 20931.000000 13.069668 1.565515 2.960450
 20934.000000 13.030618 1.548282 2.969274
 20937.000000 12.943970 1.505300 2.974056
 20940.000000 12.974996 1.517742 2.946278
 20943.000000 12.965443 1.533204 2.964106
 20946.000000 12.975153 1.531055 2.939535
 20949.000000 13.015483 1.536222 2.971685
 20952.000000 12.985538 1.532700 3.000050
 20955.000000 12.933244 1.564902 2.963960
 20958.000000 12.914130 1.555636 2.982572
 20961.000000 12.874132 1.551047 2.995242
 20964.000000 12.903652 1.572225 2.979523
 20967.000000 12.921790 1.602838 2.963308
 20970.000000 12.897917 1.588039 2.958050
 20973.000000 12.896189 1.603212 2.984381
 20976.000000 12.857258 1.574992 3.008051
 20979.000000 12.919645 1.593563 2.998518
 20982.000000 12.900455 1.599024 3.008655
 20985.000000 12.867950 1.561153 3.025829
 20988.000000 12.835718 1.565204 3.017965
 20991.000000 12.856376 1.575376 3.002579
 20994.000000 12.865140 1.589772 2.985542
 20997.000000 12.926165 1.585337 2.984084
 21000.000000 12.882097 1.573880 2.982540
