#! FIELDS time dmid theta gamma
 0.000000 8.014011 1.562024 2.863517
 3.000000 7.907434 1.541749 2.892220
 6.000000 7.855354 1.528587 2.893991
 9.000000 8.000559 1.513365 2.906973
 12.000000 7.884485 1.494116 2.915627
 15.000000 7.876485 1.493670 2.904809
 18.000000 7.974274 1.495069 2.911038
 21.000000 7.834851 1.504101 2.907045
 24.000000 7.842443 1.524861 2.910613
 27.000000 7.866077 1.478543 2.934095
 30.000000 7.833559 1.487109 2.922321
 33.000000 7.805848 1.496378 2.928359
 36.000000 7.787754 1.503103 2.910604
 39.000000 7.791437 1.503057 2.937630
 42.000000 7.817562 1.512304 2.939565
 45.000000 7.792806 1.537952 2.960917
 48.000000 7.800104 1.529615 2.967775
 51.000000 7.782089 1.527685 2.929650
 54.000000 7.695285 1.546721 2.926787
 57.000000 7.721341 1.554076 2.913752
 60.000000 7.686204 1.557183 2.931011
 63.000000 7.718695 1.548424 2.959334
 66.000000 7.733726 1.572111 2.931494
 69.000000 7.682785 1.574511 2.924146
 72.000000 7.670317 1.569664 2.933395
 75.000000 7.712215 1.576906 2.914750
 78.000000 7.730821 1.546762 2.963304
 81.000000 7.741260 1.532957 2.936778
 84.000000 7.747455 1.548173 2.917837
 87.000000 7.797360 1.556390 2.880153
 90.000000 7.868119 1.555774 2.883887
 93.000000 7.829845 1.552779 2.885758
 96.000000 7.855507 1.521689 2.923303
 99.000000 7.790022 1.538535 2.939000
 102.000000 7.822601 1.547503 2.949308
 105.000000 7.816665 1.541437 2.934253
 108.000000 7.841994 1.522405 2.968638
 111.000000 7.869718 1.526372 2.969479
 114.000000 7.797220 1.533090 2.945770
 117.000000 7.905973 1.571617 2.915580
 120.000000 7.793635 1.551916 2.896303
 123.000000 7.824610 1.533694 2.901690
 126.000000 7.861357 1.531771 2.945695
 129.000000 7.844973 1.532960 2.890226
 132.000000 7.788296 1.541179 2.921095
 135.000000 7.838102 1.515009 2.969618
 138.000000 7.852382 1.525028 2.942146
 141.000000 7.847809 1.511252 2.935194
 144.000000 7.835408 1.545853 2.938637
 147.000000 7.844000 1.530809 2.929685
 150.000000 7.887864 1.548268 2.963097
 153.000000 7.831899 1.523067 2.954070
 156.000000 7.828850 1.529977 2.923895
 159.000000 7.853534 1.527232 2.951653
 162.000000 7.947693 1.549152 2.950389
 165.000000 7.888606 1.529451 2.972574
 168.000000 7.877862 1.549402 2.917661
 171.000000 7.856753 1.543818 2.926082
 174.000000 7.784329 1.550892 2.957226
 177.000000 7.746190 1.548778 2.937080
 180.000000 7.809850 1.556394 2.935478
 183.000000 7.706954 1.546614 2.957501
 186.000000 7.701599 1.563826 2.963317
 189.000000 7.768532 1.583975 2.953203
 192.000000 7.796976 1.593920 2.961136
 195.000000 7.777586 1.565924 2.968914
 198.000000 7.750516 1.569790 2.981165
 201.000000 7.804580 1.575244 2.963176
 204.000000 7.824962 1.568815 2.953836
 207.000000 7.758457 1.578919 2.921490
 210.000000 7.708258 1.567280 2.933250
 213.000000 7.714577 1.568334 2.905147
 216.000000 7.791563 1.548993 2.898039
 219.000000 7.770516 1.561151 2.917934
 222.000000 7.809836 1.534199 2.909606
 225.000000 7.753386 1.556632 2.885226
 228.000000 7.745728 1.547738 2.897006
 231.000000 7.698742 1.545461 2.891096
 234.000000 7.708807 1.549778 2.884876
 237.000000 7.675756 1.556991 2.910814
 240.000000 7.669835 1.534855 2.936717
 243.000000 7.697215 1.537846 2.962655
 246.000000 7.721206 1.562652 2.924349
 249.000000 7.690434 1.558523 2.946307
 252.000000 7.708114 1.551967 2.964680
 255.000000 7.799226 1.576962 2.956625
 258.000000 7.749846 1.549854 2.974164
 261.000000 7.788471 1.560567 2.933098
 264.000000 7.814873 1.540371 2.933658
 267.000000 7.909239 1.534299 2.927853
 270.000000 7.911200 1.541444 2.957497
 273.000000 7.732847 1.555371 2.912688
 276.000000 7.873444 1.535011 2.950922
 279.000000 7.810107 1.557939 2.906137
 282.000000 7.886225 1.566014 2.872319
 285.000000 7.834033 1.584174 2.840512
 288.000000 7.880590 1.569021 2.878527
 291.000000 7.809934 1.549683 2.918310
 294.000000 7.680543 1.555405 2.934519
 297.000000 7.710682 1.545283 2.960812
 300.000000 7.826235 1.552788 2.939526
 303.000000 7.780840 1.551657 2.961424
 306.000000 7.828020 1.557753 2.924968
 309.000000 7.821115 1.562048 2.912545
 312.000000 7.915215 1.555227 2.917265
 315.000000 7.864917 1.528008 2.938055
 318.000000 7.745496 1.552601 2.888895
 321.000000 7.685822 1.524418 2.931177
 324.000000 7.695366 1.580449 2.879482
 327.000000 7.710503 1.555311 2.892124
 330.000000 7.724852 1.548403 2.892534
 333.000000 7.750138 1.554752 2.848070
 336.000000 7.775963 1.560120 2.846566
 339.000000 7.740169 1.567632 2.873717
 342.000000 7.720766 1.527357 2.900265
 345.000000 7.738473 1.534265 2.840390
 348.000000 7.694679 1.536251 2.881656
 351.000000 7.751920 1.523935 2.918707
 354.000000 7.720573 1.523861 2.920869
 357.000000 7.786035 1.550284 2.858178
 360.000000 7.864405 1.556609 2.873146
 363.000000 7.828248 1.545764 2.882941
 366.000000 7.781190 1.518157 2.896237
 369.000000 7.860052 1.528655 2.869957
 372.000000 7.816707 1.542671 2.859466
 375.000000 7.809367 1.525480 2.880796
 378.000000 7.831606 1.505224 2.923665
 381.000000 7.801222 1.535517 2.897995
 384.000000 7.898619 1.539279 2.911362
 387.000000 7.846634 1.540452 2.885819
 390.000000 7.871251 1.531405 2.909928
 393.000000 7.862965 1.577751 2.882650
 396.000000 7.937024 1.578757 2.875067
 399.000000 7.898504 1.570105 2.884794
 402.000000 7.916499 1.543923 2.897799
 405.000000 7.846233 1.539426 2.892622
 408.000000 7.906248 1.568427 2.869282
 411.000000 7.882554 1.564267 2.898496
 414.000000 7.817318 1.546384 2.920337
 417.000000 7.845306 1.517228 2.937376
 420.000000 7.764371 1.529754 2.921563
 423.000000 7.780575 1.561130 2.917767
 426.000000 7.836997 1.519517 2.945280
 429.000000 7.888631 1.544352 2.901622
 432.000000 7.799834 1.526832 2.891415
 435.000000 7.752129 1.500639 2.917740
 438.000000 7.799628 1.494360 2.944900
 441.000000 7.842185 1.506975 2.912836
 444.000000 7.748984 1.521116 2.887693
 447.000000 7.789913 1.490236 2.909035
 450.000000 7.750314 1.492164 2.914716
 453.000000 7.706299 1.522882 2.886055
 456.000000 7.802631 1.498648 2.894944
 459.000000 7.820289 1.525545 2.885634
 462.000000 7.880657 1.524858 2.939648
 465.000000 7.818997 1.525386 2.925054
 468.000000 7.844846 1.550249 2.881487
 471.000000 7.873100 1.543857 2.896294
 474.000000 7.919886 1.549632 2.913930
 477.000000 7.969807 1.533409 2.943980
 480.000000 7.931675 1.519317 2.929752
 483.000000 7.891254 1.542945 2.932025
 486.000000 7.799422 1.526588 2.920570
 489.000000 7.791736 1.525324 2.893608
 492.000000 7.720629 1.542586 2.893453
 495.000000 7.783964 1.521559 2.892763
 498.000000 7.750983 1.505288 2.898292
 501.000000 7.695760 1.504252 2.891249
 504.000000 7.835632 1.509450 2.851335
 507.000000 7.840822 1.522243 2.857235
 510.000000 7.805314 1.490887 2.909955
 513.000000 7.761929 1.481226 2.905069
 516.000000 7.793950 1.506393 2.872963
 519.000000 7.850158 1.541230 2.820368
 522.000000 7.865620 1.552599 2.826866
 525.000000 7.841841 1.535447 2.860972
 528.000000 7.817847 1.556969 2.866856
 531.000000 7.805872 1.551034 2.913350
 534.000000 7.788746 1.570091 2.905170
 537.000000 7.873040 1.557876 2.945903
 540.000000 7.764082 1.583764 2.908094
 543.000000 7.875174 1.586627 2.927945
 546.000000 7.839583 1.593481 2.908457
 549.000000 7.872777 1.580601 2.944102
 552.000000 7.852800 1.592685 2.926077
 555.000000 7.791015 1.581540 2.936419
 558.000000 7.815573 1.583168 2.923451
 561.000000 7.826289 1.576418 2.914362
 564.000000 7.846781 1.566786 2.936984
 567.000000 7.854816 1.575715 2.897633
 570.000000 7.863223 1.563302 2.896839
 573.000000 7.838728 1.577027 2.922293
 576.000000 7.910321 1.568166 2.912839
 579.000000 7.838739 1.556978 2.922148
 582.000000 7.889154 1.557459 2.931705
 585.000000 7.900161 1.550198 2.942809
 588.000000 7.924986 1.530139 2.943435
 591.000000 7.960278 1.527562 2.919132
 594.000000 7.880766 1.502201 2.949439
 597.000000 7.942788 1.501611 2.901314
 600.000000 7.894203 1.495628 2.914010
 603.000000 7.932846 1.500181 2.898465
 606.000000 7.869335 1.511648 2.886555
 609.000000 7.873567 1.505179 2.893806
 612.000000 7.889329 1.523138 2.847781
 615.000000 7.926713 1.505323 2.856988
 618.000000 7.932047 1.492410 2.861686
 621.000000 7.885177 1.470631 2.869539
 624.000000 7.981067 1.470536 2.896794
 627.000000 7.951591 1.511001 2.884312
 630.000000 7.949843 1.503653 2.876521
 633.000000 7.908119 1.506341 2.909981
 636.000000 7.889719 1.517558 2.906447
 639.000000 7.928609 1.531708 2.901004
 642.000000 7.950424 1.525778 2.890185
 645.000000 7.872711 1.518357 2.937642
 648.000000 7.892639 1.531997 2.931581
 651.000000 7.861323 1.514401 2.931791
 654.000000 7.816003 1.505021 2.955372
 657.000000 7.805639 1.479988 2.951320
 660.000000 7.794521 1.457515 2.978906
 663.000000 7.765191 1.484051 2.957922
 666.000000 7.756823 1.484196 2.937893
 669.000000 7.797053 1.491360 2.932966
 672.000000 7.819569 1.488637 2.934370
 675.000000 7.880315 1.513792 2.871053
 678.000000 7.814290 1.485206 2.899099
 681.000000 7.791845 1.509758 2.880449
 684.000000 7.772191 1.509446 2.859702
 687.000000 7.796315 1.511491 2.894454
 690.000000 7.776419 1.488624 2.935597
 693.000000 7.705130 1.450146 2.972165
 696.000000 7.748706 1.464410 2.931652
 699.000000 7.705658 1.486410 2.919383
 702.000000 7.646666 1.460144 2.934154
 705.000000 7.766698 1.453611 2.956774
 708.000000 7.845371 1.485525 2.911210
 711.000000 7.880376 1.496236 2.945042
 714.000000 7.853117 1.512245 2.917522
 717.000000 7.872699 1.507517 2.928356
 720.000000 7.878400 1.516173 2.863170
 723.000000 7.970826 1.503179 2.893522
 726.000000 7.922640 1.513541 2.872247
 729.000000 7.911843 1.488184 2.931954
 732.000000 7.884495 1.485935 2.893440
 735.000000 7.932356 1.489578 2.887659
 738.000000 7.900395 1.520789 2.862372
 741.000000 7.820567 1.523981 2.837471
 744.000000 7.815029 1.535895 2.833623
 747.000000 7.810044 1.525093 2.841544
 750.000000 7.844860 1.519926 2.877484
 753.000000 7.910224 1.542360 2.854839
 756.000000 7.913986 1.549762 2.871340
 759.000000 7.983128 1.531442 2.882719
 762.000000 8.064568 1.557858 2.863884
 765.000000 8.042711 1.560788 2.892534
 768.000000 8.017913 1.575680 2.874627
 771.000000 8.061456 1.535336 2.889597
 774.000000 8.147010 1.532030 2.910533
 777.000000 8.003068 1.576728 2.868721
 780.000000 7.991344 1.570636 2.905035
 783.000000 8.039573 1.549088 2.909028
 786.000000 7.913049 1.540312 2.903478
 789.000000 7.909840 1.552011 2.900080
 792.000000 7.951116 1.557464 2.893151
 795.000000 7.934411 1.546705 2.898516
 798.000000 7.942052 1.544576 2.920489
 801.000000 7.862091 1.520434 2.936863
 804.000000 7.879568 1.523234 2.917161
 807.000000 7.853718 1.529513 2.890591
 810.000000 7.855979 1.529610 2.927478
 813.000000 7.899427 1.558026 2.916032
 816.000000 7.931684 1.562892 2.887246
 819.000000 7.969284 1.541388 2.890722
 822.000000 7.982408 1.531925 2.940767
 825.000000 8.003727 1.555171 2.889673
 828.000000 7.972796 1.548438 2.900742
 831.000000 8.093486 1.566284 2.890192
 834.000000 8.108581 1.550237 2.885754
 837.000000 8.054178 1.529788 2.913202
 840.000000 8.022287 1.541016 2.913057
 843.000000 8.059949 1.535284 2.923176
 846.000000 8.047948 1.536734 2.929235
 849.000000 8.034526 1.514675 2.948488
 852.000000 7.913129 1.531977 2.923597
 855.000000 7.973770 1.556229 2.936560
 858.000000 8.084119 1.544266 2.937189
 861.000000 7.990840 1.554207 2.934691
 864.000000 8.017530 1.575607 2.910585
 867.000000 7.893675 1.541634 2.930740
 870.000000 7.894213 1.540274 2.926491
 873.000000 7.830152 1.546307 2.896237
 876.000000 7.894676 1.523347 2.896972
 879.000000 7.881077 1.524458 2.910518
 882.000000 7.868894 1.526800 2.919014
 885.000000 7.849376 1.511840 2.918831
 888.000000 7.816847 1.518793 2.899781
 891.000000 7.837244 1.526450 2.890235
 894.000000 7.900883 1.545153 2.887599
 897.000000 7.834926 1.521140 2.930967
 900.000000 7.837506 1.503702 2.941722
 903.000000 7.828957 1.530349 2.903396
 906.000000 7.875113 1.508271 2.893120
 909.000000 7.834632 1.496995 2.897183
 912.000000 7.871694 1.495897 2.886273
 915.000000 7.844108 1.522966 2.872918
 918.000000 7.833815 1.500892 2.908953
 921.000000 7.847475 1.527036 2.860393
 924.000000 7.912557 1.519014 2.910744
 927.000000 7.905617 1.523902 2.922089
 930.000000 7.958585 1.510567 2.906666
 933.000000 7.942324 1.512620 2.888166
 936.000000 7.951272 1.522370 2.880688
 939.000000 7.966028 1.507816 2.878950
 942.000000 7.965381 1.527733 2.883632
 945.000000 7.923957 1.512553 2.874070
 948.000000 7.867648 1.528366 2.879737
 951.000000 7.900931 1.532762 2.882813
 954.000000 7.825294 1.501995 2.936239
 957.000000 7.795441 1.504258 2.946130
 960.000000 7.796682 1.520106 2.936002
 963.000000 7.772102 1.507362 2.925529
 966.000000 7.820047 1.517354 2.891230
 969.000000 7.773548 1.522155 2.879687
 972.000000 7.757510 1.531360 2.887585
 975.000000 7.780758 1.498683 2.899475
 978.000000 7.750354 1.473193 2.948319
 981.000000 7.742463 1.492140 2.926143
 984.000000 7.775939 1.492730 2.952222
 987.000000 7.813068 1.541791 2.876602
 990.000000 7.792256 1.512957 2.910015
 993.000000 7.835123 1.510764 2.901065
 996.000000 7.895782 1.510612 2.896266
 999.000000 7.909035 1.507920 2.892396
 1002.000000 7.906868 1.531104 2.916162
 1005.000000 7.949869 1.531896 2.897868
 1008.000000 7.992487 1.538545 2.939840
 1011.000000 7.946018 1.515860 2.964457
 1014.000000 7.914901 1.515685 2.941174
 1017.000000 7.987570 1.527231 2.931823
 1020.000000 7.918321 1.516781 2.935368
 1023.000000 7.893478 1.522982 2.924796
 1026.000000 7.908881 1.509594 2.915862
 1029.000000 7.868675 1.517134 2.917215
 1032.000000 7.902752 1.515848 2.916925
 1035.000000 7.890724 1.511833 2.928517
 1038.000000 7.957492 1.507069 2.906717
 1041.000000 7.943443 1.501484 2.905967
 1044.000000 7.927079 1.534632 2.889926
 1047.000000 7.919310 1.509726 2.929626
 1050.000000 7.895237 1.511966 2.903493
 1053.000000 7.983158 1.515489 2.912201
 1056.000000 7.856107 1.492384 2.905064
 1059.000000 7.841225 1.513842 2.864184
 1062.000000 7.800588 1.516214 2.879407
 1065.000000 7.835141 1.525708 2.878338
 1068.000000 7.882525 1.517098 2.921229
 1071.000000 7.924074 1.554609 2.888275
 1074.000000 7.873883 1.534257 2.892206
 1077.000000 7.930270 1.552023 2.889819
 1080.000000 7.949104 1.526710 2.917811
 1083.000000 7.858900 1.536954 2.887007
 1086.000000 7.815974 1.517585 2.919540
 1089.000000 7.853494 1.516890 2.900775
 1092.000000 7.830023 1.488881 2.909525
 1095.000000 7.766894 1.488659 2.914366
 1098.000000 7.783723 1.503621 2.901162
 1101.000000 7.717368 1.499318 2.895792
 1104.000000 7.779125 1.513980 2.912754
 1107.000000 7.804560 1.511979 2.921587
 1110.000000 7.799448 1.505641 2.933804
 1113.000000 7.798334 1.496292 2.933646
 1116.000000 7.827421 1.483101 2.943047
 1119.000000 7.841826 1.495538 2.935996
 1122.000000 7.932032 1.505919 2.939768
 1125.000000 7.942237 1.506560 2.931193
 1128.000000 8.030793 1.513625 2.935656
 1131.000000 7.996691 1.522342 2.911926
 1134.000000 7.920630 1.524921 2.917527
 1137.000000 7.954457 1.520905 2.938520
 1140.000000 7.966617 1.508407 2.928292
 1143.000000 7.890850 1.490056 2.947374
 1146.000000 7.845943 1.501690 2.959220
 1149.000000 7.933486 1.489429 2.961889
 1152.000000 7.897659 1.502089 2.975755
 1155.000000 7.998714 1.518361 2.964598
 1158.000000 7.874737 1.515406 2.978671
 1161.000000 7.927058 1.499038 2.989831
 1164.000000 7.919056 1.502014 2.993329
 1167.000000 7.863682 1.494109 3.001375
 1170.000000 7.894221 1.496547 2.977659
 1173.000000 7.951058 1.497248 2.984717
 1176.000000 7.916731 1.504327 2.986209
 1179.000000 7.966159 1.486297 2.989580
 1182.000000 7.958568 1.496678 2.980202
 1185.000000 7.967665 1.512496 2.934608
 1188.000000 7.941472 1.495007 2.935354
 1191.000000 7.948654 1.489858 2.946210
 1194.000000 7.893311 1.472032 2.932524
 1197.000000 7.893442 1.498051 2.922367
 1200.000000 7.756397 1.502320 2.926384
 1203.000000 7.749445 1.476652 2.923594
 1206.000000 7.779775 1.483987 2.915779
 1209.000000 7.916694 1.483544 2.915256
 1212.000000 7.885609 1.481973 2.918213
 1215.000000 7.823045 1.482281 2.902533
 1218.000000 7.706664 1.487912 2.916303
 1221.000000 7.734943 1.488501 2.924767
 1224.000000 7.778272 1.479138 2.919724
 1227.000000 7.728013 1.495068 2.888333
 1230.000000 7.810948 1.497031 2.924600
 1233.000000 7.782085 1.497725 2.939309
 1236.000000 7.763771 1.526660 2.919689
 1239.000000 7.748430 1.541774 2.914927
 1242.000000 7.749743 1.514417 2.921329
 1245.000000 7.822037 1.495563 2.940536
 1248.000000 7.834442 1.488644 2.938453
 1251.000000 7.768009 1.490612 2.927989
 1254.000000 7.687306 1.476209 2.934566
 1257.000000 7.602942 1.487559 2.908729
 1260.000000 7.686734 1.469004 2.935715
 1263.000000 7.739767 1.477243 2.918231
 1266.000000 7.718600 1.498788 2.898282
 1269.000000 7.789485 1.512090 2.942888
 1272.000000 7.806973 1.508273 2.919935
 1275.000000 7.873256 1.497636 2.915562
 1278.000000 7.830763 1.501003 2.906728
 1281.000000 7.847607 1.492339 2.933982
 1284.000000 7.809462 1.487376 2.946185
 1287.000000 7.844004 1.499968 2.947338
 1290.000000 7.833315 1.493499 2.958875
 1293.000000 7.794164 1.495348 2.942990
 1296.000000 7.799535 1.515276 2.951254
 1299.000000 7.870346 1.514151 2.953719
 1302.000000 7.887356 1.508631 2.967718
 1305.000000 7.933922 1.522077 2.924168
 1308.000000 7.855024 1.510180 2.936869
 1311.000000 7.883596 1.515386 2.910828
 1314.000000 7.935493 1.513067 2.950771
 1317.000000 7.903190 1.547119 2.911721
 1320.000000 7.880829 1.530247 2.948718
 1323.000000 7.883030 1.538783 2.936180
 1326.000000 7.850571 1.532798 2.954156
 1329.000000 7.810829 1.509362 2.961407
 1332.000000 7.829519 1.539100 2.921751
 1335.000000 7.887268 1.526893 2.921562
 1338.000000 7.841621 1.524966 2.910407
 1341.000000 7.878327 1.523819 2.901746
 1344.000000 7.923071 1.504532 2.951070
 1347.000000 8.010584 1.510630 2.991230
 1350.000000 7.991948 1.534457 2.916724
 1353.000000 8.045624 1.549284 2.896566
 1356.000000 7.947255 1.550320 2.896238
 1359.000000 7.953274 1.542368 2.965929
 1362.000000 7.889346 1.554321 2.929685
 1365.000000 7.824872 1.549997 2.945818
 1368.000000 7.826306 1.551376 2.957576
 1371.000000 7.802002 1.566052 2.947674
 1374.000000 7.831383 1.585755 2.900178
 1377.000000 7.908341 1.581416 2.891886
 1380.000000 7.946182 1.570700 2.912140
 1383.000000 7.947752 1.564518 2.898796
 1386.000000 7.927505 1.583461 2.907943
 1389.000000 7.929173 1.588046 2.902325
 1392.000000 7.928856 1.568503 2.912962
 1395.000000 7.881489 1.537800 2.905554
 1398.000000 7.861819 1.528583 2.940313
 1401.000000 7.822469 1.550835 2.927784
 1404.000000 7.860113 1.566392 2.924452
 1407.000000 7.819238 1.542084 2.941965
 1410.000000 7.806910 1.554587 2.957298
 1413.000000 7.857903 1.559833 2.951935
 1416.000000 7.889257 1.572811 2.922193
 1419.000000 7.898074 1.563754 2.934104
 1422.000000 7.885418 1.537650 2.927488
 1425.000000 7.814064 1.527945 2.975058
 1428.000000 7.811600 1.491954 2.975628
 1431.000000 7.886125 1.492163 2.948162
 1434.000000 7.910576 1.511423 2.942315
 1437.000000 7.967003 1.518406 2.956555
 1440.000000 8.033816 1.543119 2.944575
 1443.000000 7.984797 1.534806 2.922347
 1446.000000 7.952497 1.522106 2.947993
 1449.000000 7.975397 1.505407 2.946804
 1452.000000 7.994495 1.493235 2.940625
 1455.000000 7.968121 1.499460 2.948177
 1458.000000 7.981508 1.517341 2.958600
 1461.000000 7.869668 1.533384 2.942224
 1464.000000 7.809807 1.534839 2.912659
 1467.000000 7.832563 1.552095 2.898670
 1470.000000 7.901157 1.543130 2.880043
 1473.000000 7.828230 1.523489 2.903842
 1476.000000 7.810189 1.502187 2.919495
 1479.000000 7.895890 1.515704 2.952574
 1482.000000 7.813819 1.519454 2.944822
 1485.000000 7.824076 1.534564 2.926843
 1488.000000 7.748761 1.533334 2.942325
 1491.000000 7.726584 1.559097 2.937565
 1494.000000 7.647133 1.550107 2.927996
 1497.000000 7.638400 1.536523 2.922761
 1500.000000 7.675370 1.514517 2.944672
 1503.000000 7.644943 1.537572 2.959469
 1506.000000 7.740258 1.547906 2.896027
 1509.000000 7.854425 1.547732 2.919459
 1512.000000 7.837349 1.525871 2.905896
 1515.000000 7.818721 1.514118 2.907727
 1518.000000 7.753089 1.527481 2.934217
 1521.000000 7.746072 1.495927 2.985215
 1524.000000 7.687367 1.507154 2.967715
 1527.000000 7.758052 1.499677 2.965200
 1530.000000 7.741028 1.525515 2.912153
 1533.000000 7.779431 1.511411 2.935290
 1536.000000 7.766967 1.522608 2.898022
 1539.000000 7.797781 1.529456 2.891288
 1542.000000 7.797460 1.501494 2.903744
 1545.000000 7.925228 1.516885 2.875375
 1548.000000 7.898959 1.509435 2.889009
 1551.000000 7.961199 1.485009 2.923851
 1554.000000 7.903648 1.523919 2.893494
 1557.000000 7.971734 1.520116 2.913975
 1560.000000 8.017130 1.495953 2.929208
 1563.000000 8.032330 1.516179 2.920486
 1566.000000 8.100058 1.515542 2.942738
 1569.000000 8.010642 1.500508 2.993384
 1572.000000 8.024174 1.502006 2.987640
 1575.000000 7.995150 1.544826 2.964276
 1578.000000 7.967957 1.556461 2.938605
 1581.000000 7.900494 1.554047 2.980302
 1584.000000 8.050507 1.546414 2.979813
 1587.000000 7.907005 1.547561 2.943549
 1590.000000 7.875960 1.562460 2.941037
 1593.000000 7.869060 1.572320 2.960264
 1596.000000 7.831953 1.550919 2.952830
 1599.000000 7.836609 1.555793 2.947789
 1602.000000 7.906067 1.555638 2.922519
 1605.000000 7.816934 1.564644 2.917499
 1608.000000 7.833551 1.515212 2.947078
 1611.000000 7.948559 1.490089 2.982713
 1614.000000 7.878193 1.494564 2.955139
 1617.000000 7.872786 1.519060 2.930134
 1620.000000 7.921478 1.493099 2.931611
 1623.000000 7.952093 1.510083 2.920699
 1626.000000 7.998089 1.537338 2.912935
 1629.000000 7.938148 1.545453 2.898442
 1632.000000 7.923106 1.551808 2.910060
 1635.000000 7.929052 1.567362 2.889967
 1638.000000 7.918566 1.559280 2.907202
 1641.000000 7.829904 1.560804 2.889586
 1644.000000 7.876976 1.558588 2.882276
 1647.000000 7.882123 1.550662 2.907273
 1650.000000 7.910461 1.523569 2.907650
 1653.000000 7.889216 1.540136 2.909869
 1656.000000 7.852761 1.525831 2.914704
 1659.000000 7.849290 1.539699 2.907576
 1662.000000 7.871383 1.571082 2.872229
 1665.000000 7.836985 1.564290 2.903266
 1668.000000 7.978492 1.582228 2.933088
 1671.000000 7.958883 1.607852 2.887626
 1674.000000 7.933463 1.572144 2.916323
 1677.000000 7.913707 1.580921 2.886683
 1680.000000 7.888711 1.591733 2.849970
 1683.000000 7.953642 1.580287 2.945045
 1686.000000 7.953352 1.599587 2.893510
 1689.000000 7.970987 1.603175 2.895290
 1692.000000 7.988147 1.600797 2.920456
 1695.000000 7.967889 1.544516 2.961840
 1698.000000 7.933597 1.566311 2.952447
 1701.000000 7.959588 1.558073 2.939044
 1704.000000 8.016643 1.542839 2.971526
 1707.000000 7.977978 1.559817 2.977619
 1710.000000 7.959977 1.558643 2.986429
 1713.000000 7.868395 1.566347 2.991261
 1716.000000 7.887060 1.543955 2.960678
 1719.000000 7.792497 1.551923 2.956284
 1722.000000 7.823869 1.534959 2.947828
 1725.000000 7.935004 1.541894 2.947254
 1728.000000 7.979046 1.559085 2.951391
 1731.000000 7.831631 1.561601 2.929039
 1734.000000 7.871154 1.551007 2.928729
 1737.000000 7.894017 1.533017 2.913924
 1740.000000 7.860683 1.534820 2.898862
 1743.000000 7.894731 1.506056 2.892438
 1746.000000 7.906246 1.488001 2.924186
 1749.000000 7.829210 1.463853 2.978248
 1752.000000 7.819044 1.493969 2.915532
 1755.000000 7.804603 1.491905 2.951370
 1758.000000 7.763686 1.545994 2.911398
 1761.000000 7.755699 1.553377 2.955679
 1764.000000 7.840831 1.529414 3.002246
 1767.000000 7.824235 1.516327 2.981734
 1770.000000 7.734171 1.522548 2.965428
 1773.000000 7.818202 1.503361 2.990592
 1776.000000 7.869943 1.504371 3.003449
 1779.000000 7.864946 1.511987 3.026273
 1782.000000 7.937795 1.526769 3.024319
 1785.000000 7.931846 1.535685 3.023232
 1788.000000 7.848135 1.521749 3.027827
 1791.000000 7.892932 1.543842 2.994294
 1794.000000 7.802305 1.543259 2.989052
 1797.000000 7.772862 1.539590 3.005641
 1800.000000 7.842135 1.537218 3.027736
 1803.000000 7.850627 1.555754 3.000552
 1806.000000 7.807779 1.545044 3.015667
 1809.000000 7.931793 1.568003 2.959115
 1812.000000 7.929756 1.575378 2.976943
 1815.000000 7.908018 1.553556 3.001331
 1818.000000 7.877708 1.563432 2.950648
 1821.000000 7.790539 1.541709 2.965998
 1824.000000 7.765168 1.543730 2.958737
 1827.000000 7.939993 1.542044 2.990596
 1830.000000 7.844939 1.544339 2.964941
 1833.000000 7.817586 1.520382 2.993757
 1836.000000 7.814711 1.522089 3.035435
 1839.000000 7.787019 1.535097 3.006317
 1842.000000 7.710112 1.538515 2.984592
 1845.000000 7.735602 1.513510 2.964097
 1848.000000 7.695489 1.538525 2.951809
 1851.000000 7.690189 1.526806 2.931568
 1854.000000 7.724017 1.504833 2.937537
 1857.000000 7.682643 1.540741 2.931256
 1860.000000 7.684488 1.526407 2.925758
 1863.000000 7.701165 1.486910 2.989375
 1866.000000 7.754385 1.507133 2.982603
 1869.000000 7.783272 1.500034 2.942304
 1872.000000 7.769351 1.493716 2.973780
 1875.000000 7.853912 1.510127 2.977103
 1878.000000 7.842504 1.510389 2.992491
 1881.000000 7.791583 1.527210 2.975858
 1884.000000 7.801642 1.513193 2.982292
 1887.000000 7.810917 1.502917 2.969896
 1890.000000 7.886997 1.493396 2.972522
 1893.000000 7.861058 1.492762 2.987383
 1896.000000 7.850007 1.498512 2.965825
 1899.000000 7.767969 1.491229 2.965111
 1902.000000 7.789542 1.520244 2.927649
 1905.000000 7.848712 1.478597 2.985048
 1908.000000 7.828306 1.487836 3.002623
 1911.000000 7.815266 1.483125 2.986962
 1914.000000 7.800494 1.511021 2.945939
 1917.000000 7.895779 1.504583 2.946671
 1920.000000 7.872030 1.508012 2.953396
 1923.000000 7.857063 1.468462 3.006062
 1926.000000 7.860093 1.530188 2.914946
 1929.000000 7.816990 1.551405 2.920197
 1932.000000 7.879845 1.563265 2.950196
 1935.000000 7.886946 1.563060 2.955655
 1938.000000 7.855102 1.546945 2.978086
 1941.000000 7.839986 1.533651 3.004730
 1944.000000 7.889533 1.558211 2.922183
 1947.000000 7.864362 1.548944 2.939817
 1950.000000 7.811868 1.539635 2.955226
 1953.000000 7.731764 1.538258 2.985363
 1956.000000 7.789327 1.560242 2.950689
 1959.000000 7.768461 1.546171 2.925815
 1962.000000 7.855168 1.568963 2.923782
 1965.000000 7.842736 1.563978 2.943167
 1968.000000 7.763039 1.531186 2.930221
 1971.000000 7.803316 1.536011 2.948480
 1974.000000 7.869701 1.531639 2.933696
 1977.000000 7.873626 1.539497 2.954823
 1980.000000 7.855500 1.527602 2.942688
 1983.000000 7.872725 1.537328 2.950638
 1986.000000 7.834414 1.525155 2.942149
 1989.000000 7.885240 1.503968 2.948918
 1992.000000 7.976180 1.529991 2.948940
 1995.000000 7.997932 1.521973 2.955062
 1998.000000 7.895266 1.523688 2.966048
 2001.000000 7.952070 1.516599 2.928850
 2004.000000 7.886961 1.500956 2.952194
 2007.000000 7.891050 1.533407 2.920138
 2010.000000 7.847827 1.524821 2.904890
 2013.000000 7.814027 1.534201 2.930153
 2016.000000 7.823268 1.552010 2.926809
 2019.000000 7.913521 1.558980 2.913188
 2022.000000 7.911715 1.539928 2.906093
 2025.000000 7.950833 1.552843 2.933491
 2028.000000 7.927659 1.535502 2.926361
 2031.000000 7.905253 1.543027 2.920689
 2034.000000 7.953017 1.539046 2.943407
 2037.000000 8.001763 1.567865 2.947610
 2040.000000 7.999270 1.564319 2.970103
 2043.000000 7.871255 1.556745 2.990578
 2046.000000 7.856526 1.560033 3.016950
 2049.000000 7.856574 1.567900 3.006508
 2052.000000 7.795521 1.581177 2.959900
 2055.000000 7.868397 1.589145 2.937460
 2058.000000 7.892761 1.595270 2.931354
 2061.000000 7.936695 1.590506 2.941578
 2064.000000 7.904420 1.563510 2.927112
 2067.000000 7.853629 1.562786 2.959602
 2070.000000 7.780927 1.567942 2.926074
 2073.000000 7.813795 1.579016 2.931491
 2076.000000 7.815558 1.586404 2.927187
 2079.000000 7.840745 1.589012 2.920758
 2082.000000 7.784563 1.592143 2.947258
 2085.000000 7.807275 1.611111 2.934987
 2088.000000 7.795137 1.626785 2.910690
 2091.000000 7.906374 1.610019 2.960679
 2094.000000 7.925781 1.599442 2.969902
 2097.000000 7.937367 1.600770 2.951466
 2100.000000 7.987165 1.610653 2.927961
 2103.000000 7.953860 1.600367 2.947866
 2106.000000 7.897545 1.630607 2.968279
 2109.000000 7.901038 1.613217 2.931928
 2112.000000 7.901498 1.610353 2.966379
 2115.000000 7.952833 1.617183 2.938876
 2118.000000 7.877365 1.577597 3.002761
 2121.000000 7.936681 1.582895 2.974267
 2124.000000 7.965529 1.607847 2.943753
 2127.000000 7.890575 1.569329 2.962089
 2130.000000 7.856008 1.573712 2.965102
 2133.000000 7.903602 1.594158 2.975507
 2136.000000 7.859465 1.577676 2.965528
 2139.000000 7.885755 1.592180 2.970266
 2142.000000 7.871755 1.605216 2.947272
 2145.000000 7.888133 1.617301 2.965213
 2148.000000 7.857544 1.623021 2.964996
 2151.000000 7.901522 1.601785 2.959022
 2154.000000 7.832806 1.563588 2.966279
 2157.000000 7.839325 1.564642 2.951257
 2160.000000 7.924204 1.562462 2.983348
 2163.000000 7.852006 1.572693 2.979157
 2166.000000 7.905674 1.568447 2.996916
 2169.000000 7.884898 1.554478 2.996254
 2172.000000 7.910255 1.545181 2.977982
 2175.000000 7.937874 1.536573 2.975974
 2178.000000 7.908222 1.537802 2.964248
 2181.000000 8.026337 1.509697 2.988832
 2184.000000 8.016056 1.540890 2.936397
 2187.000000 7.868567 1.515815 2.950335
 2190.000000 7.914800 1.543210 2.946347
 2193.000000 7.850356 1.545057 2.956053
 2196.000000 7.833347 1.542067 2.947470
 2199.000000 7.842903 1.564437 2.937169
 2202.000000 7.777190 1.566084 2.943055
 2205.000000 7.834448 1.570217 2.914931
 2208.000000 7.756303 1.547431 2.917513
 2211.000000 7.765546 1.548277 2.920406
 2214.000000 7.769621 1.538721 2.950512
 2217.000000 7.754923 1.546410 2.965277
 2220.000000 7.791010 1.527986 2.951938
 2223.000000 7.782848 1.520320 2.990034
 2226.000000 7.746991 1.523302 2.992879
 2229.000000 7.771677 1.546219 2.974362
 2232.000000 7.742723 1.564335 2.964074
 2235.000000 7.770375 1.555426 2.973080
 2238.000000 7.789623 1.552998 2.965789
 2241.000000 7.789666 1.566315 2.946108
 2244.000000 7.862356 1.564134 2.927600
 2247.000000 7.844353 1.557418 2.958400
 2250.000000 7.851158 1.567252 2.978946
 2253.000000 7.888631 1.540979 2.969627
 2256.000000 7.916915 1.532406 2.976257
 2259.000000 7.915817 1.534898 2.943134
 2262.000000 7.955933 1.537173 2.939131
 2265.000000 7.848962 1.513953 2.965027
 2268.000000 7.781715 1.537470 2.910703
 2271.000000 7.756035 1.519133 2.982966
 2274.000000 7.832313 1.529829 2.961021
 2277.000000 7.829755 1.501337 2.992320
 2280.000000 7.794670 1.536828 2.951874
 2283.000000 7.933096 1.534822 2.935675
 2286.000000 7.841933 1.515722 2.918953
 2289.000000 7.812431 1.536151 2.935908
 2292.000000 7.770438 1.524155 2.992368
 2295.000000 7.880284 1.534204 2.966228
 2298.000000 7.852645 1.587576 2.944164
 2301.000000 7.822322 1.561740 2.956397
 2304.000000 7.784389 1.550600 2.966128
 2307.000000 7.704812 1.558878 2.967101
 2310.000000 7.759685 1.552240 2.953145
 2313.000000 7.711890 1.540122 2.904388
 2316.000000 7.777043 1.546884 2.922788
 2319.000000 7.798290 1.570108 2.912740
 2322.000000 7.814018 1.563288 2.929029
 2325.000000 7.859966 1.537129 2.943311
 2328.000000 7.847673 1.554034 2.959095
 2331.000000 7.841967 1.576069 2.897248
 2334.000000 7.855305 1.575928 2.894217
 2337.000000 7.827902 1.552557 2.928188
 2340.000000 7.884552 1.569604 2.914296
 2343.000000 7.844180 1.552639 2.951746
 2346.000000 7.799202 1.549154 2.959156
 2349.000000 7.874223 1.563097 2.953030
 2352.000000 7.813124 1.564704 2.945116
 2355.000000 7.862336 1.558874 2.956091
 2358.000000 7.901272 1.559103 2.956337
 2361.000000 7.929968 1.587414 2.950325
 2364.000000 7.899001 1.589567 2.954246
 2367.000000 7.802428 1.604169 2.971152
 2370.000000 7.777448 1.563224 2.963979
 2373.000000 7.694831 1.570219 2.963899
 2376.000000 7.711991 1.585372 2.942423
 2379.000000 7.726471 1.583855 2.960076
 2382.000000 7.757867 1.576157 2.998936
 2385.000000 7.822190 1.602937 2.962124
 2388.000000 7.902443 1.612710 2.983745
 2391.000000 7.916742 1.588111 2.989653
 2394.000000 7.906470 1.618303 2.971330
 2397.000000 7.867261 1.598699 2.950456
 2400.000000 7.924577 1.592782 2.948620
 2403.000000 7.915470 1.595663 2.927268
 2406.000000 7.890062 1.609725 2.949649
 2409.000000 7.834664 1.600553 2.939706
 2412.000000 7.824657 1.576558 2.974318
 2415.000000 7.863424 1.578846 3.013301
 2418.000000 7.893921 1.587420 2.995042
 2421.000000 7.916774 1.586800 2.976660
 2424.000000 7.960293 1.571230 2.994772
 2427.000000 7.976368 1.580430 3.002602
 2430.000000 8.020106 1.546187 3.022622
 2433.000000 7.963545 1.550886 2.977350
 2436.000000 7.976056 1.576846 2.932585
 2439.000000 7.970901 1.547696 2.964639
 2442.000000 7.926915 1.565067 2.938355
 2445.000000 7.930693 1.561672 2.953217
 2448.000000 7.885158 1.568070 2.942622
 2451.000000 7.919456 1.583392 2.952198
 2454.000000 7.982751 1.580828 2.926272
 2457.000000 7.925372 1.550317 2.969320
 2460.000000 7.921959 1.533087 2.959162
 2463.000000 7.918676 1.560907 2.937603
 2466.000000 7.892082 1.548161 2.948953
 2469.000000 7.887787 1.578320 2.921848
 2472.000000 7.939072 1.567479 2.918873
 2475.000000 7.894885 1.560859 2.906746
 2478.000000 7.875577 1.565360 2.929052
 2481.000000 7.876073 1.585083 2.958852
 2484.000000 7.960678 1.568478 2.958876
 2487.000000 7.893439 1.545946 2.973271
 2490.000000 7.829959 1.545788 2.927535
 2493.000000 7.845838 1.541871 2.924295
 2496.000000 7.894661 1.557123 2.931671
 2499.000000 7.866858 1.547970 2.927092
 2502.000000 7.939205 1.532221 2.942415
 2505.000000 7.934870 1.540413 2.932747
 2508.000000 7.912903 1.530587 2.968948
 2511.000000 7.875955 1.522326 2.969111
 2514.000000 7.937293 1.522637 2.987156
 2517.000000 7.890272 1.516325 2.980582
 2520.000000 7.870096 1.539315 2.977733
 2523.000000 7.800744 1.501650 2.997281
 2526.000000 7.822798 1.512594 2.995881
 2529.000000 7.876520 1.509433 2.980197
 2532.000000 7.895522 1.555949 2.960780
 2535.000000 7.852661 1.536623 2.967719
 2538.000000 7.842770 1.547932 2.961300
 2541.000000 7.827877 1.558931 2.922547
 2544.000000 7.909747 1.546010 2.955618
 2547.000000 7.858113 1.534040 2.929657
 2550.000000 7.802347 1.540576 2.935058
 2553.000000 7.866242 1.550050 2.912608
 2556.000000 7.817006 1.522670 2.951399
 2559.000000 7.858565 1.542175 2.924187
 2562.000000 7.768549 1.529985 2.924886
 2565.000000 7.778039 1.528281 2.916441
 2568.000000 7.726705 1.534904 2.935048
 2571.000000 7.750028 1.560366 2.936253
 2574.000000 7.796136 1.547165 2.948065
 2577.000000 7.794030 1.532531 2.940368
 2580.000000 7.805707 1.548631 2.950665
 2583.000000 7.699722 1.553295 2.934502
 2586.000000 7.776043 1.576593 2.904925
 2589.000000 7.807637 1.573824 2.938931
 2592.000000 7.865745 1.569798 2.923856
 2595.000000 7.960397 1.585535 2.884172
 2598.000000 7.952357 1.572507 2.893816
 2601.000000 7.943345 1.588076 2.882006
 2604.000000 7.934779 1.600433 2.908179
 2607.000000 7.913797 1.604448 2.904288
 2610.000000 7.939857 1.579372 2.938976
 2613.000000 7.974208 1.575157 2.946859
 2616.000000 7.981651 1.589042 2.937719
 2619.000000 8.043727 1.581373 2.925873
 2622.000000 7.979289 1.585685 2.948570
 2625.000000 7.888115 1.582627 2.928291
 2628.000000 7.906720 1.584453 2.926644
 2631.000000 7.971927 1.569528 2.920555
 2634.000000 7.966991 1.583842 2.909115
 2637.000000 7.928365 1.538853 2.958073
 2640.000000 7.929946 1.580943 2.928552
 2643.000000 7.823856 1.551464 2.967121
 2646.000000 7.852065 1.546701 2.957239
 2649.000000 7.892160 1.578093 2.959631
 2652.000000 7.894686 1.564588 2.972148
 2655.000000 7.878371 1.585010 2.944904
 2658.000000 7.795281 1.578363 2.938330
 2661.000000 7.779820 1.570632 2.942162
 2664.000000 7.856209 1.580082 2.964883
 2667.000000 7.837300 1.589452 2.968786
 2670.000000 7.745532 1.606037 2.918965
 2673.000000 7.712437 1.559636 2.957968
 2676.000000 7.659685 1.557320 2.929091
 2679.000000 7.750904 1.564504 2.927456
 2682.000000 7.752196 1.558436 2.942127
 2685.000000 7.706583 1.562555 2.928802
 2688.000000 7.728083 1.551749 2.972181
 2691.000000 7.660891 1.544274 3.015724
 2694.000000 7.623220 1.565119 2.980183
 2697.000000 7.673639 1.572428 2.992796
 2700.000000 7.740995 1.569743 2.976366
 2703.000000 7.763096 1.589137 2.981135
 2706.000000 7.742509 1.593733 2.998058
 2709.000000 7.713177 1.603952 2.959228
 2712.000000 7.693837 1.595376 2.989514
 2715.000000 7.760647 1.599670 2.993951
 2718.000000 7.817882 1.573469 3.034154
 2721.000000 7.764131 1.596814 2.990889
 2724.000000 7.788340 1.630186 3.001218
 2727.000000 7.762136 1.602521 2.993926
 2730.000000 7.739788 1.603200 2.991780
 2733.000000 7.804947 1.597047 2.969181
 2736.000000 7.745271 1.581291 2.957430
 2739.000000 7.763540 1.582295 2.953256
 2742.000000 7.766703 1.589309 2.939419
 2745.000000 7.835623 1.584167 2.939172
 2748.000000 7.764282 1.568500 2.924180
 2751.000000 7.752277 1.563234 2.929653
 2754.000000 7.794439 1.571062 2.936323
 2757.000000 7.877881 1.584996 2.965105
 2760.000000 7.859993 1.596002 2.914460
 2763.000000 7.819569 1.568563 2.918382
 2766.000000 7.786655 1.550672 2.911301
 2769.000000 7.749756 1.556047 2.913138
 2772.000000 7.698549 1.552988 2.903103
 2775.000000 7.726855 1.538300 2.883407
 2778.000000 7.703528 1.556483 2.884795
 2781.000000 7.751226 1.548279 2.900842
 2784.000000 7.788760 1.539905 2.894161
 2787.000000 7.848552 1.519097 2.930742
 2790.000000 7.852604 1.527425 2.887279
 2793.000000 7.843343 1.510252 2.920593
 2796.000000 7.796988 1.514384 2.912855
 2799.000000 7.829118 1.511683 2.902675
 2802.000000 7.868287 1.499285 2.913636
 2805.000000 7.867527 1.515495 2.944358
 2808.000000 7.854405 1.524493 2.918795
 2811.000000 7.866733 1.510592 2.888968
 2814.000000 7.851859 1.482869 2.879387
 2817.000000 7.835341 1.488227 2.864923
 2820.000000 7.783031 1.481565 2.869219
 2823.000000 7.827438 1.488611 2.854698
 2826.000000 7.870279 1.491184 2.911396
 2829.000000 7.874179 1.486668 2.930304
 2832.000000 8.011155 1.487268 2.944831
 2835.000000 7.959993 1.494253 2.909896
 2838.000000 7.969050 1.515907 2.910482
 2841.000000 8.033919 1.539270 2.872322
 2844.000000 7.964968 1.515083 2.891660
 2847.000000 7.969642 1.504571 2.900511
 2850.000000 7.958804 1.527675 2.885306
 2853.000000 7.994029 1.535304 2.890826
 2856.000000 7.922567 1.568423 2.913720
 2859.000000 7.955047 1.533525 2.939171
 2862.000000 8.035124 1.542767 2.947666
 2865.000000 7.945870 1.544156 2.945709
 2868.000000 8.012662 1.539494 2.959868
 2871.000000 7.968258 1.536691 2.980622
 2874.000000 7.990870 1.534956 2.959632
 2877.000000 8.011646 1.535392 2.977647
 2880.000000 7.991859 1.560444 2.960234
 2883.000000 7.951791 1.549267 2.978530
 2886.000000 7.820667 1.525688 2.987720
 2889.000000 7.844024 1.538405 2.935486
 2892.000000 7.894765 1.525148 2.930712
 2895.000000 7.903011 1.560536 2.918974
 2898.000000 7.931320 1.546018 2.954844
 2901.000000 7.927975 1.545540 2.903754
 2904.000000 7.926533 1.543747 2.924643
 2907.000000 7.928790 1.527415 2.961449
 2910.000000 7.968236 1.562354 2.922633
 2913.000000 7.984339 1.561127 2.909017
 2916.000000 8.017723 1.538777 2.922904
 2919.000000 8.032031 1.522561 2.932984
 2922.000000 7.926299 1.519018 2.922844
 2925.000000 7.969683 1.537271 2.910484
 2928.000000 7.869520 1.566679 2.894972
 2931.000000 7.882213 1.568135 2.914520
 2934.000000 7.882001 1.583020 2.898151
 2937.000000 7.900414 1.560053 2.938012
 2940.000000 7.920981 1.550633 2.949696
 2943.000000 7.892951 1.564587 2.886126
 2946.000000 7.934998 1.566377 2.872297
 2949.000000 7.919111 1.559495 2.878123
 2952.000000 7.959670 1.552227 2.877310
 2955.000000 7.959645 1.536966 2.935405
 2958.000000 7.933859 1.532144 2.918511
 2961.000000 7.892641 1.531546 2.895491
 2964.000000 7.925345 1.535332 2.914732
 2967.000000 7.910607 1.539034 2.928290
 2970.000000 7.753964 1.524403 2.942070
 2973.000000 7.779640 1.524773 2.915180
 2976.000000 7.758694 1.534372 2.913575
 2979.000000 7.701145 1.535021 2.940680
 2982.000000 7.728711 1.512768 2.947690
 2985.000000 7.722557 1.529553 2.919533
 2988.000000 7.768992 1.547824 2.906422
 2991.000000 7.786515 1.578062 2.929400
 2994.000000 7.702921 1.549958 2.932988
 2997.000000 7.677451 1.534209 2.933546
 3000.000000 7.793791 1.540486 2.930959
 3003.000000 7.692773 1.521967 2.944543
 3006.000000 7.699826 1.510121 2.910257
 3009.000000 7.685829 1.514208 2.930795
 3012.000000 7.782262 1.522828 2.937662
 3015.000000 7.879609 1.511890 2.933540
 3018.000000 7.909412 1.529687 2.923228
 3021.000000 7.839807 1.516306 2.935891
 3024.000000 7.844372 1.540808 2.917664
 3027.000000 7.819490 1.512418 2.936297
 3030.000000 7.745218 1.508160 2.926442
 3033.000000 7.676928 1.495122 2.921953
 3036.000000 7.627062 1.504956 2.928454
 3039.000000 7.618593 1.521288 2.915117
 3042.000000 7.707208 1.549960 2.940082
 3045.000000 7.741916 1.535579 2.922970
 3048.000000 7.808347 1.551185 2.911780
 3051.000000 7.811765 1.528199 2.930122
 3054.000000 7.779765 1.537915 2.909953
 3057.000000 7.772904 1.529504 2.893813
 3060.000000 7.763511 1.551046 2.873962
 3063.000000 7.693595 1.547756 2.895632
 3066.000000 7.724916 1.552601 2.924730
 3069.000000 7.771359 1.533214 2.926754
 3072.000000 7.887023 1.553645 2.918191
 3075.000000 7.846746 1.553519 2.944801
 3078.000000 7.883957 1.552280 2.918664
 3081.000000 7.822981 1.545167 2.930890
 3084.000000 7.767832 1.580985 2.923391
 3087.000000 7.856074 1.604068 2.894444
 3090.000000 7.913914 1.575651 2.896731
 3093.000000 7.953957 1.603298 2.877519
 3096.000000 7.934460 1.565348 2.898972
 3099.000000 8.025494 1.570552 2.886889
 3102.000000 8.021921 1.538685 2.935633
 3105.000000 8.061919 1.545068 2.917567
 3108.000000 7.953873 1.533522 2.924281
 3111.000000 7.928376 1.528915 2.913519
 3114.000000 7.877810 1.543324 2.879619
 3117.000000 7.846435 1.572533 2.859197
 3120.000000 7.816247 1.567239 2.880254
 3123.000000 7.861897 1.548883 2.888800
 3126.000000 7.926181 1.570415 2.836682
 3129.000000 7.986985 1.585305 2.845127
 3132.000000 7.943765 1.594494 2.884163
 3135.000000 7.854519 1.565807 2.899940
 3138.000000 7.874527 1.566451 2.893661
 3141.000000 7.816127 1.554337 2.908038
 3144.000000 7.878356 1.558106 2.879597
 3147.000000 7.939811 1.553611 2.904075
 3150.000000 7.961497 1.589767 2.891712
 3153.000000 7.937696 1.579004 2.915657
 3156.000000 7.845889 1.583311 2.872304
 3159.000000 7.901933 1.557931 2.892810
 3162.000000 7.782186 1.550412 2.897961
 3165.000000 7.810327 1.546556 2.936494
 3168.000000 7.845316 1.526158 2.944369
 3171.000000 7.811963 1.531257 2.939347
 3174.000000 7.824472 1.549729 2.928238
 3177.000000 7.858577 1.575736 2.907404
 3180.000000 7.801821 1.561233 2.911905
 3183.000000 7.768807 1.557072 2.890597
 3186.000000 7.802760 1.581601 2.878354
 3189.000000 7.773429 1.584459 2.911987
 3192.000000 7.838038 1.573633 2.909301
 3195.000000 7.782777 1.535310 2.936194
 3198.000000 7.756046 1.538706 2.934613
 3201.000000 7.735664 1.556945 2.923611
 3204.000000 7.803355 1.570733 2.933513
 3207.000000 7.774509 1.570150 2.949145
 3210.000000 7.722433 1.580121 2.922394
 3213.000000 7.762401 1.594507 2.889898
 3216.000000 7.757609 1.585649 2.915606
 3219.000000 7.791432 1.573639 2.965473
 3222.000000 7.803836 1.594451 2.907981
 3225.000000 7.707322 1.563292 2.936839
 3228.000000 7.786896 1.536723 2.933808
 3231.000000 7.743983 1.499791 2.986264
 3234.000000 7.808257 1.511303 3.004469
 3237.000000 7.799377 1.507338 2.989150
 3240.000000 7.793839 1.519585 2.978770
 3243.000000 7.839262 1.560264 2.935276
 3246.000000 7.881552 1.578278 2.941205
 3249.000000 7.882014 1.565986 2.970381
 3252.000000 7.753767 1.571674 2.972346
 3255.000000 7.705919 1.566809 2.964464
 3258.000000 7.751822 1.563112 2.982403
 3261.000000 7.758869 1.536775 2.979714
 3264.000000 7.808584 1.571705 2.957308
 3267.000000 7.925624 1.578677 2.962610
 3270.000000 7.907129 1.574377 2.970176
 3273.000000 7.805347 1.579727 2.965917
 3276.000000 7.774891 1.562876 2.940632
 3279.000000 7.790538 1.543659 2.976740
 3282.000000 7.767555 1.535722 2.951947
 3285.000000 7.820835 1.537575 2.953948
 3288.000000 7.813167 1.537987 2.943825
 3291.000000 7.804080 1.552119 2.955315
 3294.000000 7.777834 1.535639 2.963963
 3297.000000 7.749004 1.578477 2.916228
 3300.000000 7.822132 1.560424 2.920541
 3303.000000 7.760286 1.576234 2.887232
 3306.000000 7.778887 1.594115 2.878328
 3309.000000 7.849553 1.577994 2.914989
 3312.000000 7.845467 1.599264 2.904005
 3315.000000 7.816611 1.602497 2.905488
 3318.000000 7.820414 1.606269 2.933545
 3321.000000 7.883909 1.596611 2.913761
 3324.000000 7.816525 1.605077 2.921238
 3327.000000 7.794699 1.647642 2.861907
 3330.000000 7.849731 1.618923 2.884069
 3333.000000 7.775979 1.584669 2.955401
 3336.000000 7.809565 1.621022 2.885665
 3339.000000 7.806269 1.606690 2.902990
 3342.000000 7.785940 1.593372 2.888664
 3345.000000 7.766910 1.597740 2.904818
 3348.000000 7.761901 1.583726 2.893316
 3351.000000 7.679998 1.574141 2.899892
 3354.000000 7.756321 1.581256 2.946131
 3357.000000 7.653286 1.595607 2.947043
 3360.000000 7.741684 1.564737 2.965335
 3363.000000 7.788383 1.562358 2.953623
 3366.000000 7.788567 1.574463 2.927802
 3369.000000 7.854287 1.560919 2.923540
 3372.000000 7.881233 1.561745 2.920634
 3375.000000 7.874236 1.552282 2.871737
 3378.000000 7.874900 1.579520 2.858134
 3381.000000 7.818393 1.574593 2.877111
 3384.000000 7.811936 1.560895 2.875693
 3387.000000 7.778987 1.548364 2.930198
 3390.000000 7.813632 1.557906 2.930548
 3393.000000 7.839124 1.565191 2.919008
 3396.000000 7.831189 1.575952 2.879040
 3399.000000 7.853692 1.579269 2.906707
 3402.000000 7.882730 1.581621 2.906352
 3405.000000 7.822493 1.540960 2.946867
 3408.000000 7.780052 1.574337 2.914126
 3411.000000 7.751768 1.561598 2.944408
 3414.000000 7.710604 1.581888 2.899131
 3417.000000 7.738658 1.583764 2.882495
 3420.000000 7.733845 1.548801 2.933008
 3423.000000 7.752237 1.561322 2.924636
 3426.000000 7.804681 1.560396 2.922461
 3429.000000 7.809388 1.575439 2.933343
 3432.000000 7.808614 1.574304 2.937863
 3435.000000 7.765830 1.562755 2.936188
 3438.000000 7.682016 1.566328 2.934837
 3441.000000 7.722955 1.533545 2.924003
 3444.000000 7.846375 1.569152 2.891097
 3447.000000 7.926571 1.565407 2.897340
 3450.000000 7.811869 1.571863 2.881675
 3453.000000 7.732034 1.549543 2.878090
 3456.000000 7.717028 1.529246 2.878417
 3459.000000 7.663846 1.500211 2.923917
 3462.000000 7.707150 1.484355 2.957997
 3465.000000 7.672016 1.501899 2.929493
 3468.000000 7.641926 1.457287 2.968810
 3471.000000 7.783836 1.473643 2.941458
 3474.000000 7.794597 1.498114 2.919415
 3477.000000 7.767315 1.485015 2.960563
 3480.000000 7.801606 1.507327 2.931420
 3483.000000 7.804278 1.511267 2.917853
 3486.000000 7.851121 1.509651 2.884802
 3489.000000 7.875308 1.496608 2.903235
 3492.000000 7.864072 1.508009 2.902932
 3495.000000 7.896458 1.501976 2.913426
 3498.000000 7.948643 1.517125 2.892610
 3501.000000 7.835430 1.508603 2.899428
 3504.000000 7.820647 1.522267 2.903886
 3507.000000 7.785467 1.509041 2.905658
 3510.000000 7.802106 1.506527 2.910526
 3513.000000 7.785652 1.512623 2.911251
 3516.000000 7.761078 1.509805 2.942741
 3519.000000 7.725773 1.541482 2.984516
 3522.000000 7.768979 1.527299 2.942811
 3525.000000 7.748766 1.526513 2.956536
 3528.000000 7.743516 1.501120 2.982999
 3531.000000 7.698388 1.483638 2.969151
 3534.000000 7.716306 1.495296 2.926456
 3537.000000 7.703614 1.494413 2.943161
 3540.000000 7.670079 1.517397 2.883235
 3543.000000 7.727177 1.500752 2.901178
 3546.000000 7.776282 1.505369 2.896217
 3549.000000 7.873427 1.523140 2.932974
 3552.000000 7.853088 1.500814 2.938368
 3555.000000 7.787164 1.511634 2.945841
 3558.000000 7.762526 1.520400 2.896526
 3561.000000 7.755198 1.531445 2.925856
 3564.000000 7.882458 1.530857 2.922275
 3567.000000 7.854030 1.535821 2.909126
 3570.000000 7.827001 1.542694 2.872909
 3573.000000 7.803797 1.535171 2.892967
 3576.000000 7.739762 1.522721 2.932758
 3579.000000 7.644291 1.502638 2.964171
 3582.000000 7.610181 1.516217 2.940830
 3585.000000 7.532440 1.487963 2.997740
 3588.000000 7.603573 1.496467 2.948426
 3591.000000 7.635536 1.518133 2.957324
 3594.000000 7.726891 1.506808 2.991097
 3597.000000 7.721628 1.489871 2.998395
 3600.000000 7.722360 1.508654 2.985321
 3603.000000 7.776260 1.536491 2.913703
 3606.000000 7.742706 1.525410 2.951744
 3609.000000 7.817242 1.523905 2.941862
 3612.000000 7.753517 1.527183 2.945646
 3615.000000 7.785096 1.534457 2.949965
 3618.000000 7.813201 1.574832 2.955439
 3621.000000 7.827499 1.600776 2.917151
 3624.000000 7.846967 1.600032 2.947041
 3627.000000 7.750423 1.574719 2.959972
 3630.000000 7.757888 1.576203 2.959197
 3633.000000 7.796874 1.572943 2.978346
 3636.000000 7.757086 1.593272 2.943091
 3639.000000 7.704955 1.595146 2.929526
 3642.000000 7.703457 1.588846 2.924248
 3645.000000 7.673231 1.591412 2.924524
 3648.000000 7.712488 1.570388 2.953453
 3651.000000 7.741310 1.577768 2.924443
 3654.000000 7.751465 1.563788 2.928200
 3657.000000 7.756489 1.513291 2.994251
 3660.000000 7.738074 1.553040 2.956671
 3663.000000 7.742284 1.565879 2.951481
 3666.000000 7.728232 1.571629 2.921000
 3669.000000 7.689287 1.570688 2.976508
 3672.000000 7.677746 1.537982 2.944218
 3675.000000 7.629106 1.513515 2.934971
 3678.000000 7.646464 1.538936 2.942064
 3681.000000 7.602167 1.535727 2.953287
 3684.000000 7.725126 1.519225 2.991715
 3687.000000 7.707471 1.527362 2.974494
 3690.000000 7.680964 1.536618 2.948212
 3693.000000 7.686440 1.530466 2.971013
 3696.000000 7.693115 1.550608 2.949791
 3699.000000 7.727669 1.539692 2.961750
 3702.000000 7.857643 1.545834 2.960785
 3705.000000 7.855958 1.539215 2.945281
 3708.000000 7.840397 1.534370 3.000200
 3711.000000 7.841354 1.531514 2.957769
 3714.000000 7.884340 1.572588 2.931988
 3717.000000 7.887438 1.566002 2.956801
 3720.000000 7.754757 1.560109 2.956033
 3723.000000 7.727174 1.555240 2.968254
 3726.000000 7.742680 1.599895 2.931402
 3729.000000 7.747171 1.576234 2.955851
 3732.000000 7.678977 1.525703 2.947712
 3735.000000 7.646330 1.546799 2.956890
 3738.000000 7.617375 1.579147 2.901863
 3741.000000 7.707557 1.595150 2.914855
 3744.000000 7.657533 1.586219 2.938768
 3747.000000 7.686699 1.557125 2.962007
 3750.000000 7.652880 1.561700 2.992618
 3753.000000 7.581853 1.559283 2.987453
 3756.000000 7.599651 1.543961 3.019956
 3759.000000 7.661758 1.567273 2.951416
 3762.000000 7.654736 1.593296 2.901276
 3765.000000 7.708650 1.613701 2.909035
 3768.000000 7.779100 1.608941 2.907171
 3771.000000 7.830384 1.605697 2.884751
 3774.000000 7.844725 1.597099 2.933986
 3777.000000 7.884093 1.573985 2.955168
 3780.000000 7.880062 1.589759 2.932617
 3783.000000 7.889754 1.568176 2.953286
 3786.000000 7.762680 1.560584 2.959715
 3789.000000 7.767637 1.563491 2.954451
 3792.000000 7.761823 1.572043 2.950526
 3795.000000 7.734958 1.580349 2.951077
 3798.000000 7.754772 1.556514 2.955060
 3801.000000 7.890170 1.545969 2.967284
 3804.000000 7.817430 1.553362 2.968464
 3807.000000 7.753717 1.563445 2.965837
 3810.000000 7.722473 1.552605 2.925251
 3813.000000 7.688988 1.559819 2.920773
 3816.000000 7.689474 1.576144 2.906688
 3819.000000 7.693550 1.590146 2.897828
 3822.000000 7.685746 1.591562 2.913969
 3825.000000 7.723208 1.610322 2.900475
 3828.000000 7.745732 1.585220 2.950792
 3831.000000 7.794499 1.583429 2.922455
 3834.000000 7.748222 1.576045 2.931122
 3837.000000 7.781905 1.583668 2.934057
 3840.000000 7.745946 1.563644 2.971777
 3843.000000 7.764374 1.547217 2.981391
 3846.000000 7.761330 1.552854 2.961423
 3849.000000 7.703306 1.555225 2.964763
 3852.000000 7.787299 1.558777 2.971463
 3855.000000 7.738710 1.549585 2.926073
 3858.000000 7.690527 1.547509 2.979552
 3861.000000 7.636703 1.564258 2.932833
 3864.000000 7.622186 1.539299 2.960227
 3867.000000 7.596945 1.577756 2.920267
 3870.000000 7.623570 1.559333 2.947534
 3873.000000 7.559569 1.585352 2.915489
 3876.000000 7.499853 1.602149 2.885827
 3879.000000 7.547171 1.547008 2.934615
 3882.000000 7.511759 1.580031 2.915180
 3885.000000 7.502306 1.589307 2.879621
 3888.000000 7.616556 1.581812 2.868731
 3891.000000 7.595361 1.576316 2.894836
 3894.000000 7.688383 1.566689 2.911148
 3897.000000 7.672158 1.583622 2.912818
 3900.000000 7.695049 1.567623 2.945011
 3903.000000 7.718252 1.573617 2.941879
 3906.000000 7.740941 1.540588 2.949815
 3909.000000 7.768269 1.544537 2.976374
 3912.000000 7.760189 1.565370 2.941857
 3915.000000 7.764833 1.585265 2.940020
 3918.000000 7.824898 1.585170 2.939051
 3921.000000 7.866615 1.584740 2.914629
 3924.000000 7.821380 1.608543 2.904611
 3927.000000 7.729968 1.586166 2.929911
 3930.000000 7.724515 1.549101 2.920271
 3933.000000 7.760467 1.567528 2.903444
 3936.000000 7.767701 1.542140 2.898082
 3939.000000 7.804535 1.538297 2.926652
 3942.000000 7.793840 1.558131 2.923285
 3945.000000 7.723770 1.547525 2.925807
 3948.000000 7.756725 1.547738 2.925753
 3951.000000 7.759051 1.540014 2.944774
 3954.000000 7.717763 1.558040 2.919865
 3957.000000 7.784317 1.572447 2.953777
 3960.000000 7.879209 1.569678 2.939954
 3963.000000 7.877062 1.583215 2.934776
 3966.000000 7.951317 1.573698 2.923246
 3969.000000 7.831421 1.554275 2.924298
 3972.000000 7.816470 1.564426 2.911789
 3975.000000 7.884150 1.592588 2.921535
 3978.000000 7.904288 1.579296 2.933162
 3981.000000 7.859859 1.583992 2.959660
 3984.000000 7.867238 1.584991 2.925022
 3987.000000 7.832086 1.583864 2.947449
 3990.000000 7.834182 1.571767 2.963282
 3993.000000 7.802089 1.579828 2.933669
 3996.000000 7.851866 1.587286 2.943775
 3999.000000 7.799996 1.577360 2.955415
 4002.000000 7.847052 1.586617 2.957635
 4005.000000 7.917807 1.584893 2.964321
 4008.000000 7.824547 1.598538 2.946006
 4011.000000 7.796201 1.600712 2.966764
 4014.000000 7.854466 1.582672 3.000768
 4017.000000 7.848318 1.596097 2.931537
 4020.000000 7.781164 1.596095 2.956043
 4023.000000 7.744038 1.574099 2.948841
 4026.000000 7.776909 1.569113 2.969823
 4029.000000 7.862279 1.579931 2.947950
 4032.000000 7.773605 1.609444 2.926842
 4035.000000 7.711778 1.575699 2.934794
 4038.000000 7.705950 1.562488 2.923134
 4041.000000 7.753369 1.572961 2.921126
 4044.000000 7.714601 1.580260 2.916578
 4047.000000 7.735813 1.554267 2.961194
 4050.000000 7.694294 1.562581 2.955337
 4053.000000 7.656797 1.548674 3.013229
 4056.000000 7.623132 1.580863 2.966796
 4059.000000 7.602533 1.589060 2.949200
 4062.000000 7.636213 1.595639 2.940583
 4065.000000 7.637977 1.576063 2.921002
 4068.000000 7.693143 1.588583 2.910552
 4071.000000 7.704002 1.578664 2.937893
 4074.000000 7.726358 1.589481 2.934802
 4077.000000 7.804486 1.611959 2.903227
 4080.000000 7.893557 1.588967 2.914757
 4083.000000 7.886142 1.585972 2.919846
 4086.000000 7.887215 1.574891 2.919140
 4089.000000 7.859822 1.589792 2.910218
 4092.000000 7.912148 1.578523 2.923354
 4095.000000 7.816068 1.574662 2.980488
 4098.000000 7.756917 1.602176 2.912822
 4101.000000 7.797618 1.595997 2.928309
 4104.000000 7.851914 1.618937 2.932720
 4107.000000 7.906267 1.583241 2.961088
 4110.000000 7.851932 1.600568 2.936915
 4113.000000 7.951151 1.606788 2.916598
 4116.000000 7.836557 1.578316 2.921711
 4119.000000 7.870243 1.573962 2.987492
 4122.000000 7.792691 1.592506 2.932216
 4125.000000 7.806758 1.572516 2.966916
 4128.000000 7.812053 1.558093 2.969663
 4131.000000 7.832414 1.585997 2.985826
 4134.000000 7.788021 1.574838 3.009406
 4137.000000 7.878384 1.609303 2.976523
 4140.000000 7.793957 1.586019 2.982261
 4143.000000 7.777461 1.595219 2.944059
 4146.000000 7.828698 1.574808 2.954265
 4149.000000 7.818064 1.607616 2.959778
 4152.000000 7.840122 1.556527 2.997309
 4155.000000 7.780882 1.558627 3.018080
 4158.000000 7.715461 1.578039 2.977284
 4161.000000 7.792413 1.587374 2.972612
 4164.000000 7.841028 1.596379 2.959450
 4167.000000 7.802766 1.580247 2.956073
 4170.000000 7.852092 1.588625 2.949373
 4173.000000 7.812968 1.610055 2.924031
 4176.000000 7.914036 1.599894 2.908188
 4179.000000 7.866539 1.583080 2.948303
 4182.000000 7.827144 1.587084 2.919851
 4185.000000 7.842026 1.580739 2.957943
 4188.000000 7.927659 1.582388 2.949615
 4191.000000 7.939074 1.567766 2.958886
 4194.000000 7.947353 1.557812 2.959673
 4197.000000 7.854963 1.560827 2.935189
 4200.000000 7.851979 1.539697 2.959864
 4203.000000 7.756770 1.557303 2.977742
 4206.000000 7.820091 1.553522 2.971508
 4209.000000 7.901848 1.573255 2.941391
 4212.000000 7.877969 1.569891 2.978425
 4215.000000 7.765492 1.575450 2.965399
 4218.000000 7.758337 1.575637 2.973726
 4221.000000 7.794497 1.619914 2.952137
 4224.000000 7.753604 1.639164 2.965626
 4227.000000 7.782587 1.616109 2.956023
 4230.000000 7.771510 1.594569 2.991800
 4233.000000 7.760164 1.595418 2.997864
 4236.000000 7.774429 1.631796 2.955110
 4239.000000 7.746070 1.630326 2.967511
 4242.000000 7.764104 1.630577 2.965051
 4245.000000 7.773294 1.592373 2.971852
 4248.000000 7.769943 1.641674 2.964338
 4251.000000 7.810700 1.644614 2.963014
 4254.000000 7.764705 1.619478 2.986011
 4257.000000 7.766980 1.593825 2.981865
 4260.000000 7.713325 1.594446 2.965837
 4263.000000 7.706663 1.543411 2.987022
 4266.000000 7.812794 1.574630 2.955402
 4269.000000 7.855580 1.549780 2.985580
 4272.000000 7.896571 1.588391 2.962870
 4275.000000 7.938677 1.568747 2.970673
 4278.000000 7.978160 1.538590 2.993738
 4281.000000 7.930184 1.562202 3.007779
 4284.000000 7.890810 1.557801 2.999565
 4287.000000 7.992925 1.544084 3.009279
 4290.000000 7.933602 1.552857 2.982752
 4293.000000 7.975432 1.554028 3.008925
 4296.000000 8.009237 1.562722 2.974928
 4299.000000 7.966306 1.568980 2.961374
 4302.000000 7.914228 1.539619 2.955853
 4305.000000 7.805443 1.533188 2.986425
 4308.000000 7.829802 1.540770 2.983466
 4311.000000 7.769725 1.525435 2.994894
 4314.000000 7.836429 1.516433 3.019171
 4317.000000 7.821351 1.516868 3.016956
 4320.000000 7.864874 1.523528 3.020550
 4323.000000 7.911754 1.538224 3.005801
 4326.000000 7.897894 1.523894 3.062764
 4329.000000 7.902476 1.513018 3.034474
 4332.000000 7.890549 1.508985 3.021135
 4335.000000 7.931584 1.495489 3.021133
 4338.000000 7.912061 1.522768 2.986699
 4341.000000 7.879364 1.498310 3.006085
 4344.000000 7.805372 1.512097 2.992876
 4347.000000 7.902505 1.492275 3.000419
 4350.000000 7.869527 1.492264 2.973268
 4353.000000 7.837753 1.486836 2.972120
 4356.000000 7.789301 1.490956 2.955756
 4359.000000 7.758374 1.510658 2.975154
 4362.000000 7.733788 1.506959 2.958599
 4365.000000 7.795733 1.551787 2.976019
 4368.000000 7.909923 1.533376 2.970385
 4371.000000 7.903096 1.557001 2.972778
 4374.000000 7.933474 1.577278 3.045692
 4377.000000 7.947011 1.576207 2.983179
 4380.000000 8.046757 1.562021 2.994771
 4383.000000 8.025402 1.559136 2.960840
 4386.000000 7.874207 1.551413 2.964591
 4389.000000 7.864219 1.551674 2.960531
 4392.000000 7.896774 1.549744 2.954655
 4395.000000 7.831489 1.544244 2.981442
 4398.000000 7.854374 1.568014 2.966122
 4401.000000 7.822109 1.529101 2.995961
 4404.000000 7.797313 1.555254 2.974802
 4407.000000 7.786182 1.587045 2.919838
 4410.000000 7.836853 1.543673 2.971895
 4413.000000 7.870825 1.539810 2.970980
 4416.000000 7.813374 1.533243 2.974029
 4419.000000 7.833727 1.549453 2.959703
 4422.000000 7.811806 1.568249 2.940044
 4425.000000 7.803379 1.551632 2.947294
 4428.000000 7.830424 1.547400 2.945089
 4431.000000 7.784936 1.573163 2.948249
 4434.000000 7.635381 1.567203 2.931609
 4437.000000 7.645683 1.570883 2.936410
 4440.000000 7.677841 1.580345 2.935048
 4443.000000 7.730071 1.588133 2.920082
 4446.000000 7.692873 1.561172 2.936040
 4449.000000 7.730782 1.583927 2.890957
 4452.000000 7.653678 1.556435 2.953917
 4455.000000 7.748332 1.545808 2.986558
 4458.000000 7.845782 1.562241 2.961845
 4461.000000 7.820626 1.597523 2.963493
 4464.000000 7.834147 1.575994 2.957472
 4467.000000 7.902106 1.577680 2.964044
 4470.000000 7.844735 1.576597 2.970917
 4473.000000 7.841268 1.558006 2.980361
 4476.000000 7.776824 1.541010 2.988150
 4479.000000 7.811809 1.541103 2.969361
 4482.000000 7.816774 1.532431 3.009236
 4485.000000 7.768244 1.559519 2.981628
 4488.000000 7.894056 1.556003 2.947581
 4491.000000 7.897442 1.599736 2.928776
 4494.000000 7.883866 1.603646 2.919309
 4497.000000 7.869676 1.620397 2.900797
 4500.000000 7.936003 1.595914 2.936352
 4503.000000 7.952489 1.595215 2.943441
 4506.000000 7.703450 1.589457 2.976893
 4509.000000 7.652780 1.598793 2.994380
 4512.000000 7.653931 1.631765 2.956087
 4515.000000 7.556629 1.608849 2.960495
 4518.000000 7.627415 1.618145 2.951170
 4521.000000 7.674010 1.620086 2.982336
 4524.000000 7.682413 1.608692 2.989678
 4527.000000 7.697253 1.612755 2.944354
 4530.000000 7.696076 1.574406 2.978218
 4533.000000 7.676722 1.600018 2.939181
 4536.000000 7.723192 1.583782 2.939127
 4539.000000 7.686024 1.583110 2.960387
 4542.000000 7.766174 1.590308 2.953261
 4545.000000 7.711740 1.608843 2.922945
 4548.000000 7.775905 1.618832 2.895793
 4551.000000 7.823580 1.591883 2.950622
 4554.000000 7.824496 1.577697 2.936385
 4557.000000 7.830163 1.579241 2.936928
 4560.000000 7.792641 1.549382 2.967609
 4563.000000 7.788470 1.544133 2.940072
 4566.000000 7.768534 1.553790 2.967837
 4569.000000 7.750774 1.575491 2.955294
 4572.000000 7.780138 1.589282 2.921515
 4575.000000 7.790107 1.622287 2.916437
 4578.000000 7.801051 1.627819 2.950927
 4581.000000 7.936626 1.613326 2.934639
 4584.000000 7.783201 1.603133 2.891071
 4587.000000 7.845401 1.631823 2.863138
 4590.000000 7.878541 1.624830 2.871899
 4593.000000 7.849136 1.586405 2.895958
 4596.000000 7.767816 1.570797 2.900703
 4599.000000 7.783586 1.579890 2.893481
 4602.000000 7.806476 1.581806 2.910039
 4605.000000 7.809391 1.593235 2.920368
 4608.000000 7.707706 1.572644 2.915396
 4611.000000 7.743040 1.558837 2.920503
 4614.000000 7.755787 1.561238 2.977564
 4617.000000 7.761765 1.524273 2.973027
 4620.000000 7.851053 1.516750 2.981404
 4623.000000 7.823966 1.544131 2.943511
 4626.000000 7.862781 1.536513 2.933918
 4629.000000 7.827875 1.557572 2.930014
 4632.000000 7.841591 1.546125 2.942743
 4635.000000 7.788061 1.577247 2.934087
 4638.000000 7.806764 1.574532 2.921008
 4641.000000 7.827841 1.581384 2.913797
 4644.000000 7.829450 1.577380 2.910262
 4647.000000 7.813136 1.585826 2.910840
 4650.000000 7.808161 1.578248 2.920528
 4653.000000 7.826872 1.553673 2.929260
 4656.000000 7.840836 1.532626 2.946105
 4659.000000 7.753998 1.545435 2.935427
 4662.000000 7.748307 1.539545 2.948701
 4665.000000 7.793175 1.579991 2.922837
 4668.000000 7.725425 1.560421 2.936110
 4671.000000 7.745367 1.597347 2.906766
 4674.000000 7.737282 1.602396 2.896682
 4677.000000 7.853072 1.598367 2.910150
 4680.000000 7.897758 1.597496 2.954122
 4683.000000 7.936812 1.603618 2.899423
 4686.000000 7.884613 1.611651 2.952379
 4689.000000 7.850880 1.610939 2.948334
 4692.000000 7.860474 1.620363 2.951265
 4695.000000 7.954840 1.622466 2.961724
 4698.000000 7.970708 1.618847 2.976154
 4701.000000 7.959615 1.631410 2.999140
 4704.000000 7.885162 1.638168 2.996467
 4707.000000 7.878150 1.609654 3.036551
 4710.000000 7.849252 1.624066 3.038571
 4713.000000 7.918749 1.610933 2.986504
 4716.000000 7.974418 1.601457 3.027121
 4719.000000 7.908046 1.566148 2.988513
 4722.000000 7.880320 1.553172 3.018104
 4725.000000 7.976626 1.580187 2.996354
 4728.000000 8.021347 1.599913 3.004365
 4731.000000 8.043880 1.581936 2.995456
 4734.000000 7.978385 1.588473 3.002747
 4737.000000 7.952179 1.588039 2.968463
 4740.000000 7.935726 1.563701 2.984531
 4743.000000 7.896123 1.543134 2.971276
 4746.000000 7.840533 1.570921 2.959062
 4749.000000 7.842516 1.555248 2.931651
 4752.000000 7.753816 1.556546 2.931659
 4755.000000 7.762938 1.533518 2.938813
 4758.000000 7.835926 1.522874 3.002010
 4761.000000 7.808420 1.526980 2.992658
 4764.000000 7.737325 1.534628 2.976955
 4767.000000 7.726484 1.513326 2.993352
 4770.000000 7.809055 1.475518 3.048602
 4773.000000 7.835603 1.503648 3.014142
 4776.000000 7.799837 1.495626 3.025472
 4779.000000 7.769681 1.544436 3.025692
 4782.000000 7.779545 1.535058 3.034548
 4785.000000 7.822403 1.539690 3.021417
 4788.000000 7.877737 1.531427 3.019085
 4791.000000 7.879104 1.558528 2.978686
 4794.000000 7.883288 1.536551 2.993759
 4797.000000 7.887344 1.538748 2.981474
 4800.000000 7.906887 1.537408 2.983397
 4803.000000 7.784817 1.564899 2.966731
 4806.000000 7.808133 1.539077 2.963185
 4809.000000 7.813074 1.549381 2.944273
 4812.000000 7.799602 1.534464 2.969445
 4815.000000 7.743496 1.531462 2.946329
 4818.000000 7.734318 1.525921 2.977149
 4821.000000 7.797858 1.527753 3.002080
 4824.000000 7.743403 1.508008 3.007065
 4827.000000 7.859659 1.515402 3.015010
 4830.000000 7.780777 1.514702 2.991858
 4833.000000 7.735145 1.516949 2.985630
 4836.000000 7.844262 1.553198 2.978259
 4839.000000 7.869325 1.561283 2.935964
 4842.000000 7.821584 1.546806 2.959255
 4845.000000 7.870390 1.547815 2.941112
 4848.000000 7.838712 1.539667 2.965746
 4851.000000 7.814103 1.502782 3.012170
 4854.000000 7.828814 1.535477 2.948887
 4857.000000 7.848379 1.518056 2.979908
 4860.000000 7.855802 1.530116 2.959474
 4863.000000 7.778484 1.542502 2.963739
 4866.000000 7.714526 1.524295 2.978421
 4869.000000 7.838270 1.533842 2.965505
 4872.000000 7.885941 1.510379 2.993999
 4875.000000 7.823966 1.485723 2.988148
 4878.000000 7.818091 1.518192 2.955601
 4881.000000 7.889543 1.500440 2.978629
 4884.000000 7.851683 1.503127 2.953008
 4887.000000 7.871312 1.506890 2.995674
 4890.000000 7.899083 1.510334 2.988988
 4893.000000 7.903326 1.522464 2.943346
 4896.000000 7.864413 1.523244 2.948083
 4899.000000 7.802570 1.510256 2.941745
 4902.000000 7.831121 1.522283 2.985658
 4905.000000 7.891111 1.516557 2.978996
 4908.000000 7.823483 1.532766 2.952652
 4911.000000 7.823281 1.520242 2.966846
 4914.000000 7.766726 1.538306 2.959262
 4917.000000 7.806938 1.511136 2.956193
 4920.000000 7.813124 1.511726 2.942037
 4923.000000 7.742836 1.507041 2.922749
 4926.000000 7.775816 1.513548 2.937247
 4929.000000 7.772721 1.526563 2.916497
 4932.000000 7.787806 1.496805 2.939103
 4935.000000 7.837039 1.515016 2.967880
 4938.000000 7.837490 1.510424 2.970096
 4941.000000 7.899483 1.519683 2.957369
 4944.000000 7.941894 1.502540 2.971779
 4947.000000 7.959857 1.515942 2.969561
 4950.000000 7.960335 1.521453 2.983993
 4953.000000 8.003731 1.531651 2.987081
 4956.000000 7.977245 1.537411 2.958017
 4959.000000 7.905178 1.563019 2.951237
 4962.000000 7.984643 1.576479 2.948461
 4965.000000 7.920153 1.551741 2.976817
 4968.000000 7.888761 1.586019 2.931190
 4971.000000 7.871994 1.567184 2.938802
 4974.000000 7.883307 1.562395 2.958957
 4977.000000 7.879196 1.544941 2.966264
 4980.000000 7.947848 1.533341 2.939315
 4983.000000 7.901557 1.539906 2.949384
 4986.000000 8.004338 1.531517 2.919164
 4989.000000 7.885366 1.514581 2.923360
 4992.000000 8.009065 1.517970 2.909509
 4995.000000 7.977067 1.534905 2.927008
 4998.000000 8.030248 1.537182 2.894778
 5001.000000 7.996831 1.541436 2.890826
 5004.000000 8.045959 1.549413 2.879164
 5007.000000 8.109090 1.545749 2.909705
 5010.000000 8.032461 1.532333 2.908864
 5013.000000 8.036465 1.555085 2.920464
 5016.000000 7.997484 1.540293 2.922421
 5019.000000 7.935021 1.554431 2.930464
 5022.000000 7.946799 1.541741 2.952495
 5025.000000 7.964888 1.548410 2.944308
 5028.000000 7.960639 1.551196 2.914766
 5031.000000 7.965279 1.554859 2.936568
 5034.000000 8.018548 1.517710 2.988694
 5037.000000 7.990377 1.531880 2.952037
 5040.000000 7.962725 1.547385 2.967119
 5043.000000 7.927062 1.552520 2.952354
 5046.000000 7.913991 1.561085 2.926221
 5049.000000 7.896953 1.568880 2.933021
 5052.000000 7.886652 1.580808 2.913583
 5055.000000 7.840989 1.564827 2.918940
 5058.000000 7.872982 1.548023 2.934213
 5061.000000 7.878104 1.536951 2.971095
 5064.000000 7.884375 1.546252 2.943206
 5067.000000 7.840487 1.566145 2.964477
 5070.000000 7.733239 1.581323 2.950819
 5073.000000 7.807121 1.565523 2.970841
 5076.000000 7.770299 1.582913 2.970315
 5079.000000 7.787814 1.555462 3.031500
 5082.000000 7.743651 1.563845 3.010285
 5085.000000 7.754617 1.548089 3.031019
 5088.000000 7.787913 1.560235 3.030903
 5091.000000 7.725028 1.542739 3.005377
 5094.000000 7.669728 1.523414 3.012425
 5097.000000 7.687671 1.524253 3.043602
 5100.000000 7.767618 1.531988 3.030361
 5103.000000 7.671108 1.530884 3.018271
 5106.000000 7.719836 1.551125 2.983081
 5109.000000 7.760455 1.558098 2.961973
 5112.000000 7.708873 1.579615 2.919438
 5115.000000 7.690964 1.537251 2.965581
 5118.000000 7.638073 1.547263 2.954075
 5121.000000 7.702021 1.536891 2.975760
 5124.000000 7.625526 1.544077 2.949151
 5127.000000 7.727927 1.526594 3.001481
 5130.000000 7.779045 1.546382 2.979487
 5133.000000 7.746335 1.533555 2.987694
 5136.000000 7.756568 1.532509 2.990994
 5139.000000 7.793731 1.536867 2.976427
 5142.000000 7.836494 1.535283 2.957959
 5145.000000 7.801866 1.546073 2.987419
 5148.000000 7.819087 1.530031 2.975534
 5151.000000 7.858386 1.532769 2.959695
 5154.000000 7.863662 1.553547 2.938397
 5157.000000 7.916140 1.556659 2.938241
 5160.000000 7.929728 1.529976 2.939830
 5163.000000 7.985040 1.532332 2.971821
 5166.000000 7.935150 1.525420 2.979618
 5169.000000 7.920756 1.535966 2.963787
 5172.000000 7.938687 1.527299 2.993752
 5175.000000 7.930676 1.537320 2.998614
 5178.000000 7.906968 1.519458 3.002613
 5181.000000 7.882756 1.519577 2.986161
 5184.000000 7.864706 1.531766 2.956982
 5187.000000 7.837990 1.532248 2.958858
 5190.000000 7.900472 1.534934 2.931947
 5193.000000 7.825535 1.515684 2.934342
 5196.000000 7.829642 1.551119 2.917351
 5199.000000 7.811402 1.517652 2.937020
 5202.000000 7.877778 1.527483 2.941658
 5205.000000 7.861698 1.501481 2.976585
 5208.000000 7.817895 1.507306 2.981851
 5211.000000 7.728649 1.513780 2.951085
 5214.000000 7.826178 1.527460 2.971475
 5217.000000 7.912537 1.514788 2.978309
 5220.000000 7.784148 1.502292 2.975063
 5223.000000 7.853897 1.510514 3.004727
 5226.000000 7.918533 1.565214 2.977120
 5229.000000 7.915442 1.544007 3.007978
 5232.000000 7.816070 1.510447 3.007868
 5235.000000 7.805944 1.537110 3.008139
 5238.000000 7.800601 1.531990 3.001553
 5241.000000 7.872757 1.547903 3.001555
 5244.000000 7.911326 1.548438 2.990629
 5247.000000 7.917538 1.544954 3.002138
 5250.000000 8.005985 1.558033 2.961733
 5253.000000 8.070221 1.569775 2.975173
 5256.000000 8.104120 1.561500 2.977441
 5259.000000 8.060965 1.558871 2.968044
 5262.000000 8.104036 1.543874 2.964714
 5265.000000 8.186931 1.543331 2.959001
 5268.000000 8.012428 1.527761 2.956851
 5271.000000 7.979945 1.518113 2.976907
 5274.000000 7.907119 1.528529 2.969069
 5277.000000 7.939462 1.517753 2.970358
 5280.000000 7.881839 1.544195 2.975130
 5283.000000 7.876939 1.529766 2.953689
 5286.000000 7.939493 1.541290 2.927873
 5289.000000 7.875916 1.523593 2.966104
 5292.000000 7.944748 1.540694 2.954348
 5295.000000 7.984127 1.532731 3.006619
 5298.000000 8.019749 1.536579 2.960674
 5301.000000 8.015921 1.517154 2.998465
 5304.000000 7.987521 1.519550 3.026769
 5307.000000 8.017617 1.528508 2.975159
 5310.000000 8.091030 1.542942 2.950060
 5313.000000 8.004762 1.531150 2.981769
 5316.000000 8.093443 1.504537 2.995212
 5319.000000 8.040854 1.504598 2.986545
 5322.000000 8.042403 1.522319 2.935265
 5325.000000 8.048598 1.499515 2.978106
 5328.000000 8.079610 1.532449 2.954815
 5331.000000 8.068546 1.507279 3.012764
 5334.000000 8.064149 1.517960 2.955389
 5337.000000 8.070609 1.520611 2.958238
 5340.000000 7.983927 1.538252 2.930625
 5343.000000 7.917261 1.504686 2.971427
 5346.000000 7.895646 1.528810 2.955635
 5349.000000 7.871354 1.544101 2.955229
 5352.000000 7.860701 1.512862 2.955933
 5355.000000 7.894656 1.521997 3.006249
 5358.000000 7.889625 1.537159 3.002310
 5361.000000 7.865990 1.569263 2.998822
 5364.000000 7.933781 1.550023 2.962151
 5367.000000 7.906056 1.534603 3.019126
 5370.000000 7.998906 1.539667 3.000766
 5373.000000 7.934600 1.558698 2.984991
 5376.000000 7.986675 1.551348 2.993723
 5379.000000 7.959979 1.552019 2.978812
 5382.000000 7.923420 1.564097 3.015468
 5385.000000 7.912307 1.561357 3.013889
 5388.000000 7.934487 1.545847 3.035691
 5391.000000 7.974854 1.547846 3.028813
 5394.000000 7.928144 1.563959 3.007154
 5397.000000 7.907073 1.556438 3.019530
 5400.000000 7.892541 1.567791 2.998327
 5403.000000 7.928683 1.545155 2.998575
 5406.000000 7.886018 1.534057 3.025259
 5409.000000 7.883373 1.541736 2.991447
 5412.000000 7.908124 1.563297 3.002591
 5415.000000 7.871273 1.560181 2.980046
 5418.000000 7.852174 1.570531 2.956215
 5421.000000 7.783374 1.564450 2.942922
 5424.000000 7.756210 1.589126 2.927082
 5427.000000 7.768275 1.589686 2.934771
 5430.000000 7.799586 1.584894 2.956572
 5433.000000 7.837730 1.561367 2.996364
 5436.000000 7.853333 1.578587 2.959579
 5439.000000 7.950079 1.577488 3.002131
 5442.000000 7.953476 1.598280 2.976961
 5445.000000 7.902907 1.601251 2.988304
 5448.000000 7.904954 1.563433 2.948897
 5451.000000 7.876386 1.591367 2.942615
 5454.000000 7.885542 1.590427 2.960646
 5457.000000 7.909795 1.589910 2.942097
 5460.000000 7.861427 1.563327 2.950525
 5463.000000 7.833250 1.555255 2.950029
 5466.000000 7.811559 1.540609 2.946476
 5469.000000 7.869277 1.561459 2.948347
 5472.000000 7.917172 1.547494 2.978955
 5475.000000 7.968774 1.531107 2.989503
 5478.000000 7.954919 1.546485 3.001403
 5481.000000 7.990207 1.565954 2.971891
 5484.000000 7.989082 1.577749 2.919381
 5487.000000 8.015934 1.576561 2.932243
 5490.000000 8.016661 1.572341 2.951763
 5493.000000 8.080819 1.546957 2.960760
 5496.000000 8.054985 1.551457 2.968781
 5499.000000 7.954653 1.546310 2.942185
 5502.000000 7.966072 1.552920 2.944521
 5505.000000 7.939639 1.555188 2.914307
 5508.000000 7.977446 1.562698 2.939939
 5511.000000 7.979879 1.567211 2.898923
 5514.000000 8.011131 1.564525 2.897387
 5517.000000 7.944857 1.584587 2.883956
 5520.000000 7.954901 1.563957 2.923983
 5523.000000 7.935008 1.559214 2.953970
 5526.000000 7.963562 1.537005 2.977844
 5529.000000 8.041997 1.544116 2.992756
 5532.000000 8.118839 1.532193 3.017467
 5535.000000 8.154260 1.554932 2.996994
 5538.000000 8.077065 1.557887 2.981630
 5541.000000 8.047290 1.569258 2.968849
 5544.000000 8.082360 1.583724 2.940533
 5547.000000 8.076187 1.583008 2.937698
 5550.000000 8.075537 1.565238 2.948280
 5553.000000 8.067376 1.534409 2.954876
 5556.000000 8.046644 1.554236 2.949571
 5559.000000 8.007241 1.555096 2.944480
 5562.000000 8.031914 1.529950 2.954054
 5565.000000 8.091966 1.527926 2.941935
 5568.000000 8.104931 1.532495 2.936965
 5571.000000 8.130099 1.523402 2.924018
 5574.000000 8.109860 1.527656 2.926893
 5577.000000 8.150733 1.531091 2.932497
 5580.000000 8.154529 1.530748 2.949861
 5583.000000 8.156295 1.554649 2.937481
 5586.000000 8.131502 1.534296 2.976722
 5589.000000 8.097210 1.501168 2.992828
 5592.000000 8.030755 1.514414 2.971083
 5595.000000 8.006927 1.516359 3.005288
 5598.000000 7.912265 1.516191 2.970632
 5601.000000 8.022018 1.529966 2.943794
 5604.000000 8.027241 1.523351 2.946138
 5607.000000 8.015588 1.540629 2.978433
 5610.000000 8.063380 1.548331 2.970787
 5613.000000 7.973621 1.536905 2.995139
 5616.000000 8.005501 1.549639 2.995389
 5619.000000 7.781378 1.564133 2.994399
 5622.000000 7.863799 1.562897 2.976712
 5625.000000 7.812709 1.605734 2.968099
 5628.000000 7.822845 1.577264 2.945963
 5631.000000 7.779224 1.557490 2.938097
 5634.000000 7.899216 1.574978 2.919122
 5637.000000 7.768904 1.587560 2.970825
 5640.000000 7.888573 1.562230 2.974230
 5643.000000 7.861125 1.568879 3.010539
 5646.000000 7.924007 1.576615 2.965417
 5649.000000 7.905183 1.592775 2.939342
 5652.000000 7.959191 1.575215 2.950457
 5655.000000 7.888767 1.575195 2.954286
 5658.000000 7.787465 1.546607 2.943981
 5661.000000 7.788658 1.559900 2.903699
 5664.000000 7.716184 1.564890 2.907313
 5667.000000 7.640563 1.547751 2.911837
 5670.000000 7.791347 1.560040 2.956403
 5673.000000 7.870004 1.542741 3.000768
 5676.000000 7.754200 1.561169 2.963873
 5679.000000 7.787746 1.581907 2.971602
 5682.000000 7.693525 1.576082 2.963047
 5685.000000 7.739764 1.603389 2.964253
 5688.000000 7.787998 1.601074 2.924488
 5691.000000 7.809758 1.583319 2.946275
 5694.000000 7.804819 1.577630 2.944857
 5697.000000 7.806211 1.561236 2.988078
 5700.000000 7.839648 1.585796 2.953323
 5703.000000 7.892055 1.581355 2.964392
 5706.000000 7.901446 1.581008 2.984374
 5709.000000 7.868799 1.576786 2.998459
 5712.000000 7.871220 1.563646 3.011196
 5715.000000 7.930954 1.576723 2.987091
 5718.000000 7.991572 1.593635 3.014042
 5721.000000 7.918602 1.608295 2.994915
 5724.000000 7.954467 1.619094 3.021816
 5727.000000 7.874531 1.624458 2.978079
 5730.000000 7.944996 1.604864 2.998850
 5733.000000 7.935907 1.595778 2.968546
 5736.000000 8.045121 1.597435 2.977444
 5739.000000 8.022090 1.595043 3.033716
 5742.000000 7.992223 1.590553 3.005590
 5745.000000 8.004888 1.588973 2.980704
 5748.000000 8.012362 1.577954 3.033467
 5751.000000 8.020322 1.598099 2.989573
 5754.000000 8.119834 1.607790 3.012519
 5757.000000 8.125604 1.635042 3.013678
 5760.000000 8.009392 1.610424 2.998218
 5763.000000 8.009678 1.603892 2.937396
 5766.000000 7.984634 1.579127 2.974305
 5769.000000 7.967684 1.572074 2.989481
 5772.000000 7.963901 1.577672 2.961199
 5775.000000 7.965478 1.560225 2.990553
 5778.000000 7.892848 1.540242 3.025028
 5781.000000 7.887545 1.547714 3.041503
 5784.000000 7.873487 1.576374 2.990688
 5787.000000 7.875805 1.580458 2.984833
 5790.000000 7.830380 1.558363 2.986773
 5793.000000 7.867439 1.556427 2.984243
 5796.000000 7.879878 1.563305 2.975336
 5799.000000 7.858543 1.584899 2.966373
 5802.000000 7.889988 1.579266 2.961058
 5805.000000 7.931155 1.563640 2.952965
 5808.000000 7.853863 1.551109 2.968771
 5811.000000 7.948072 1.565397 2.961726
 5814.000000 7.927125 1.567122 2.972804
 5817.000000 7.919220 1.614904 2.954128
 5820.000000 7.959744 1.590893 2.997064
 5823.000000 7.843091 1.568927 2.999063
 5826.000000 7.780508 1.573874 3.005824
 5829.000000 7.754494 1.546146 3.038421
 5832.000000 7.852829 1.593457 2.982448
 5835.000000 7.886811 1.580054 3.004673
 5838.000000 7.877921 1.570504 3.000981
 5841.000000 7.859966 1.573043 3.009866
 5844.000000 7.861847 1.589187 3.010757
 5847.000000 7.816493 1.586003 3.023000
 5850.000000 7.782068 1.599475 3.009026
 5853.000000 7.805350 1.583090 3.000633
 5856.000000 7.864668 1.586218 3.023467
 5859.000000 7.904017 1.582485 3.037699
 5862.000000 7.861429 1.551872 3.028286
 5865.000000 7.875775 1.568668 3.019679
 5868.000000 7.897164 1.559966 3.011501
 5871.000000 7.943710 1.560673 2.962445
 5874.000000 8.000214 1.557044 3.022835
 5877.000000 7.912896 1.556088 2.984982
 5880.000000 7.906002 1.585116 2.952560
 5883.000000 7.924746 1.566196 2.996937
 5886.000000 7.973786 1.527050 3.015064
 5889.000000 7.962755 1.545723 2.986609
 5892.000000 7.906133 1.552702 3.004185
 5895.000000 7.861084 1.537089 3.015833
 5898.000000 7.898362 1.541917 3.028806
 5901.000000 7.908628 1.551555 2.986854
 5904.000000 7.884014 1.549910 3.003672
 5907.000000 7.954642 1.552047 3.033500
 5910.000000 7.971108 1.549192 3.029694
 5913.000000 7.978670 1.531247 3.015185
 5916.000000 7.868108 1.562010 2.993930
 5919.000000 8.002005 1.545660 2.987382
 5922.000000 7.978636 1.554494 2.985322
 5925.000000 7.884817 1.518209 3.013905
 5928.000000 7.916555 1.533065 2.996603
 5931.000000 7.859000 1.514880 2.989899
 5934.000000 7.833844 1.515770 2.990704
 5937.000000 7.887428 1.497515 2.978203
 5940.000000 7.892828 1.496353 3.020687
 5943.000000 7.872897 1.472122 3.004822
 5946.000000 7.915560 1.482412 2.983666
 5949.000000 7.920366 1.491651 2.993910
 5952.000000 7.952169 1.479353 2.972946
 5955.000000 7.949862 1.494729 2.991518
 5958.000000 7.894008 1.508121 2.989116
 5961.000000 7.924933 1.546038 2.969192
 5964.000000 7.961466 1.526485 2.965843
 5967.000000 7.967725 1.540443 2.979366
 5970.000000 8.025751 1.531609 2.966205
 5973.000000 8.048546 1.550957 2.975585
 5976.000000 7.922540 1.525557 2.967189
 5979.000000 7.845180 1.511218 2.988577
 5982.000000 7.878552 1.553159 2.966207
 5985.000000 7.820112 1.527233 2.985236
 5988.000000 7.876158 1.516143 2.979109
 5991.000000 7.863774 1.535682 2.930227
 5994.000000 7.844964 1.518826 2.981599
 5997.000000 7.894429 1.518108 2.994546
 6000.000000 7.937201 1.540805 2.962991
 6003.000000 7.955073 1.547615 2.976643
 6006.000000 7.982000 1.580026 2.956631
 6009.000000 7.954469 1.580395 2.963078
 6012.000000 7.991593 1.562013 3.002474
 6015.000000 8.009991 1.557601 2.945402
 6018.000000 8.050454 1.574843 2.917861
 6021.000000 8.029604 1.547247 2.949716
 6024.000000 8.005378 1.523706 2.933244
 6027.000000 8.066262 1.539092 2.953138
 6030.000000 8.010751 1.539556 2.918456
 6033.000000 8.012532 1.519136 2.909654
 6036.000000 7.962466 1.523046 2.929142
 6039.000000 8.006080 1.505965 2.963005
 6042.000000 8.125789 1.529044 2.937201
 6045.000000 8.067408 1.530150 2.951263
 6048.000000 8.050103 1.535593 2.975196
 6051.000000 7.916576 1.525830 2.945272
 6054.000000 7.971100 1.525981 2.947478
 6057.000000 7.921247 1.520585 2.971732
 6060.000000 7.898812 1.528683 2.972894
 6063.000000 7.902227 1.544956 2.958521
 6066.000000 7.834984 1.526823 2.989898
 6069.000000 7.857238 1.521278 2.977576
 6072.000000 7.835324 1.525615 3.000156
 6075.000000 7.824259 1.508961 2.973690
 6078.000000 7.911067 1.512579 2.980479
 6081.000000 7.961290 1.510112 2.989296
 6084.000000 7.970419 1.491510 3.000363
 6087.000000 7.908813 1.492257 3.034890
 6090.000000 7.905975 1.517111 2.979405
 6093.000000 7.959155 1.519533 2.967280
 6096.000000 7.860049 1.511879 2.967667
 6099.000000 7.849258 1.495123 2.982087
 6102.000000 7.875880 1.500531 2.978969
 6105.000000 7.875793 1.494563 2.960078
 6108.000000 7.945395 1.483278 2.975720
 6111.000000 7.920895 1.478557 2.974188
 6114.000000 7.835855 1.482583 2.970089
 6117.000000 7.971550 1.466451 2.996795
 6120.000000 7.972008 1.515935 2.965357
 6123.000000 8.022847 1.509923 2.968915
 6126.000000 8.038663 1.537064 2.930650
 6129.000000 8.038906 1.490002 2.985772
 6132.000000 7.985747 1.483097 2.971565
 6135.000000 7.969621 1.467726 2.994903
 6138.000000 8.133804 1.511524 2.971412
 6141.000000 8.101457 1.523709 2.953810
 6144.000000 8.007992 1.486336 2.961311
 6147.000000 7.932743 1.487414 2.974352
 6150.000000 8.072238 1.496637 2.971660
 6153.000000 8.022352 1.504472 2.966951
 6156.000000 8.103628 1.493850 2.999607
 6159.000000 8.070722 1.495678 2.976066
 6162.000000 8.123509 1.524783 2.957970
 6165.000000 8.147651 1.500563 2.973157
 6168.000000 8.213554 1.517728 2.943980
 6171.000000 8.083187 1.506807 2.935636
 6174.000000 8.100468 1.507249 2.921277
 6177.000000 7.971190 1.476716 2.948655
 6180.000000 7.991380 1.472569 2.968087
 6183.000000 7.981805 1.483230 2.924387
 6186.000000 8.018700 1.487510 2.908510
 6189.000000 8.006199 1.505762 2.909242
 6192.000000 7.938432 1.503691 2.905125
 6195.000000 7.917401 1.489144 2.921935
 6198.000000 7.851370 1.506710 2.898356
 6201.000000 7.874377 1.485058 2.918946
 6204.000000 7.893725 1.497578 2.904027
 6207.000000 7.815242 1.498764 2.880658
 6210.000000 7.824770 1.495239 2.894359
 6213.000000 7.948064 1.482068 2.945155
 6216.000000 7.920376 1.473247 2.930476
 6219.000000 7.976376 1.489306 2.879759
 6222.000000 7.918954 1.484896 2.955829
 6225.000000 7.980614 1.493570 2.928420
 6228.000000 7.968749 1.491245 2.956471
 6231.000000 7.859646 1.490956 2.913251
 6234.000000 7.952784 1.471084 2.941110
 6237.000000 7.916806 1.482396 2.923937
 6240.000000 7.930387 1.499837 2.929994
 6243.000000 7.895712 1.490603 2.937281
 6246.000000 7.944984 1.480613 2.922247
 6249.000000 7.879548 1.486738 2.930344
 6252.000000 8.019047 1.508191 2.941145
 6255.000000 7.918644 1.502052 2.946483
 6258.000000 7.899380 1.508420 2.936975
 6261.000000 7.950154 1.521867 2.936308
 6264.000000 7.905650 1.505954 2.955833
 6267.000000 7.939866 1.501277 2.992017
 6270.000000 7.915596 1.476283 2.998322
 6273.000000 7.877490 1.471774 2.982807
 6276.000000 7.859047 1.453471 3.022642
 6279.000000 7.838319 1.467495 3.006852
 6282.000000 7.824838 1.465373 3.001739
 6285.000000 7.890117 1.495313 2.971024
 6288.000000 7.842160 1.481548 2.980892
 6291.000000 7.847964 1.478346 2.968417
 6294.000000 7.850126 1.480036 2.979472
 6297.000000 7.838794 1.465834 2.962868
 6300.000000 7.824069 1.464778 2.961579
 6303.000000 7.717554 1.455059 2.976793
 6306.000000 7.766084 1.456910 2.970171
 6309.000000 7.711006 1.462738 2.952568
 6312.000000 7.709415 1.473749 2.945300
 6315.000000 7.722362 1.473397 2.974951
 6318.000000 7.767340 1.465843 3.010181
 6321.000000 7.746170 1.499446 2.957204
 6324.000000 7.795198 1.521483 2.948211
 6327.000000 7.762637 1.494137 2.981602
 6330.000000 7.752655 1.502746 2.969604
 6333.000000 7.803281 1.509064 2.965629
 6336.000000 7.894381 1.489548 2.986677
 6339.000000 7.859139 1.465046 3.021734
 6342.000000 7.917892 1.494468 2.956606
 6345.000000 7.912085 1.554441 2.929909
 6348.000000 8.016691 1.544890 2.956524
 6351.000000 7.993726 1.549104 2.945666
 6354.000000 8.021140 1.537693 2.972529
 6357.000000 7.990740 1.512982 2.970194
 6360.000000 7.907852 1.508369 2.967410
 6363.000000 7.955700 1.523719 2.940082
 6366.000000 7.903428 1.508024 2.959047
 6369.000000 7.918132 1.516904 2.968914
 6372.000000 7.916365 1.536936 2.940380
 6375.000000 7.868456 1.522902 2.936615
 6378.000000 7.814772 1.540782 2.945582
 6381.000000 7.840952 1.530374 2.985273
 6384.000000 7.950917 1.562190 2.934537
 6387.000000 7.933884 1.543894 2.948248
 6390.000000 7.934726 1.551722 2.934504
 6393.000000 7.877052 1.518734 2.991126
 6396.000000 7.918428 1.543556 3.002342
 6399.000000 7.876484 1.534804 3.017972
 6402.000000 7.840546 1.582276 2.991120
 6405.000000 7.825826 1.539943 2.978811
 6408.000000 7.824892 1.549999 2.930844
 6411.000000 7.879176 1.575599 2.942456
 6414.000000 7.758085 1.554770 2.986179
 6417.000000 7.714363 1.564380 2.966022
 6420.000000 7.695479 1.563864 2.957131
 6423.000000 7.693550 1.517503 3.004812
 6426.000000 7.742172 1.539579 2.984085
 6429.000000 7.726563 1.546963 2.953862
 6432.000000 7.680467 1.545268 2.988159
 6435.000000 7.741543 1.575444 2.961226
 6438.000000 7.722661 1.554524 2.945451
 6441.000000 7.795476 1.573747 2.942481
 6444.000000 7.830186 1.588139 2.917919
 6447.000000 7.711898 1.585096 2.907797
 6450.000000 7.703985 1.543274 2.960078
 6453.000000 7.729886 1.529769 2.953426
 6456.000000 7.700843 1.555230 2.940362
 6459.000000 7.677974 1.565971 2.931323
 6462.000000 7.645258 1.561357 2.931607
 6465.000000 7.708990 1.560239 2.940973
 6468.000000 7.766711 1.584440 2.950143
 6471.000000 7.800574 1.569601 2.944439
 6474.000000 7.759389 1.568470 2.985669
 6477.000000 7.830009 1.562828 2.973856
 6480.000000 7.800469 1.560369 2.951611
 6483.000000 7.746647 1.557075 2.960188
 6486.000000 7.754260 1.561090 2.946881
 6489.000000 7.748012 1.567784 2.961422
 6492.000000 7.796417 1.582438 2.960670
 6495.000000 7.816261 1.536870 2.996513
 6498.000000 7.906029 1.570870 2.977610
 6501.000000 7.883042 1.548892 2.963589
 6504.000000 7.865259 1.545153 2.935429
 6507.000000 7.905114 1.606677 2.900460
 6510.000000 7.909952 1.584592 2.884903
 6513.000000 7.903924 1.600499 2.881066
 6516.000000 7.810641 1.554423 2.921160
 6519.000000 7.801406 1.537037 2.926252
 6522.000000 7.806807 1.562786 2.896242
 6525.000000 7.792321 1.571514 2.876219
 6528.000000 7.785247 1.530091 2.917097
 6531.000000 7.786283 1.555820 2.907707
 6534.000000 7.719366 1.516489 2.922201
 6537.000000 7.747891 1.525381 2.914628
 6540.000000 7.714980 1.530592 2.955456
 6543.000000 7.779485 1.490238 2.970030
 6546.000000 7.704849 1.471705 2.955356
 6549.000000 7.725973 1.499842 2.941321
 6552.000000 7.796430 1.496395 2.940671
 6555.000000 7.762684 1.487611 2.954769
 6558.000000 7.754530 1.488569 2.938071
 6561.000000 7.763893 1.497409 2.919325
 6564.000000 7.694744 1.483671 2.951796
 6567.000000 7.735779 1.529864 2.934051
 6570.000000 7.707942 1.503431 2.965717
 6573.000000 7.781404 1.536269 2.937336
 6576.000000 7.748863 1.535217 2.937305
 6579.000000 7.747719 1.536835 2.943239
 6582.000000 7.758601 1.554497 2.968329
 6585.000000 7.777940 1.562414 2.974460
 6588.000000 7.761508 1.552433 2.978949
 6591.000000 7.751311 1.523470 2.956930
 6594.000000 7.672455 1.531006 2.941973
 6597.000000 7.682425 1.541120 2.958372
 6600.000000 7.761823 1.529562 2.957180
 6603.000000 7.730082 1.544126 2.931533
 6606.000000 7.676438 1.536452 2.918222
 6609.000000 7.714869 1.561456 2.925601
 6612.000000 7.738692 1.536761 2.941530
 6615.000000 7.772190 1.517465 2.973341
 6618.000000 7.842965 1.542205 2.918560
 6621.000000 7.835862 1.534878 2.956685
 6624.000000 7.832962 1.527527 2.962940
 6627.000000 7.855630 1.539396 2.933103
 6630.000000 7.796484 1.532365 2.965988
 6633.000000 7.841268 1.534797 2.925569
 6636.000000 7.860827 1.562465 2.937270
 6639.000000 7.824969 1.536323 2.935856
 6642.000000 7.899550 1.525036 2.953959
 6645.000000 7.835983 1.520944 2.934867
 6648.000000 7.823197 1.554489 2.922114
 6651.000000 7.804426 1.569632 2.908766
 6654.000000 7.754199 1.557588 2.944687
 6657.000000 7.806982 1.551701 2.972557
 6660.000000 7.837236 1.540418 2.967974
 6663.000000 7.817676 1.534275 3.010347
 6666.000000 7.872261 1.500945 3.008311
 6669.000000 7.849688 1.551547 2.972618
 6672.000000 7.793177 1.563371 2.985176
 6675.000000 7.817175 1.555640 2.991020
 6678.000000 7.854684 1.587287 2.962512
 6681.000000 7.797266 1.561504 3.004280
 6684.000000 7.827713 1.573554 3.014440
 6687.000000 7.836016 1.571066 3.021530
 6690.000000 7.913143 1.584634 2.998090
 6693.000000 7.878682 1.623459 2.971553
 6696.000000 7.822858 1.606512 2.950804
 6699.000000 7.890494 1.585454 2.963054
 6702.000000 7.859533 1.604946 2.933960
 6705.000000 7.876402 1.597878 2.991017
 6708.000000 7.818910 1.578954 2.984518
 6711.000000 7.867346 1.582947 2.988319
 6714.000000 7.800979 1.575720 3.010023
 6717.000000 7.924201 1.569006 2.990457
 6720.000000 7.910791 1.544073 3.002384
 6723.000000 7.904550 1.539092 3.001925
 6726.000000 7.853463 1.548132 2.987770
 6729.000000 7.772771 1.550788 2.924130
 6732.000000 7.851937 1.543684 2.939394
 6735.000000 7.896343 1.571464 2.950998
 6738.000000 7.885102 1.564386 2.939668
 6741.000000 7.875457 1.575840 2.927431
 6744.000000 7.925400 1.573315 2.940971
 6747.000000 7.852064 1.537545 2.978781
 6750.000000 7.832435 1.574063 2.908675
 6753.000000 7.890972 1.572912 2.903462
 6756.000000 7.883127 1.555621 2.936564
 6759.000000 7.942036 1.567392 2.928273
 6762.000000 7.854896 1.569501 2.925403
 6765.000000 7.811337 1.576857 2.929532
 6768.000000 7.788911 1.571255 2.975148
 6771.000000 7.794254 1.583367 2.967245
 6774.000000 7.781970 1.565514 2.943850
 6777.000000 7.839690 1.580488 2.938324
 6780.000000 7.856504 1.569609 2.946689
 6783.000000 7.883874 1.581357 2.922860
 6786.000000 7.912496 1.559744 2.941103
 6789.000000 7.849819 1.569293 2.978753
 6792.000000 7.884902 1.576648 2.974632
 6795.000000 7.984032 1.558789 2.992575
 6798.000000 7.987320 1.557458 2.965737
 6801.000000 7.991881 1.536977 3.008682
 6804.000000 7.949352 1.542954 2.998374
 6807.000000 7.940570 1.542141 3.015663
 6810.000000 7.878197 1.565244 2.996930
 6813.000000 7.928910 1.572114 2.998399
 6816.000000 7.956145 1.588302 2.970917
 6819.000000 7.913705 1.543144 2.988742
 6822.000000 7.923066 1.537932 2.976073
 6825.000000 8.007531 1.536484 2.943540
 6828.000000 7.953529 1.536042 2.932390
 6831.000000 7.985881 1.536626 2.930267
 6834.000000 7.978525 1.547818 2.973710
 6837.000000 7.957767 1.544547 2.981346
 6840.000000 7.962892 1.531382 2.967753
 6843.000000 8.009398 1.525679 2.989234
 6846.000000 8.102632 1.521805 2.995437
 6849.000000 8.015930 1.528305 2.962053
 6852.000000 7.913246 1.500720 2.964093
 6855.000000 7.903657 1.504150 2.982571
 6858.000000 7.922292 1.524470 2.984357
 6861.000000 7.840940 1.527209 2.968820
 6864.000000 7.848624 1.537865 2.981249
 6867.000000 7.832371 1.553346 2.958970
 6870.000000 7.864423 1.566635 2.979914
 6873.000000 7.804797 1.553865 2.989020
 6876.000000 7.790020 1.556184 2.994760
 6879.000000 7.850152 1.572157 2.985445
 6882.000000 7.893026 1.556724 2.991311
 6885.000000 7.822018 1.542311 2.989240
 6888.000000 7.822029 1.553087 2.958239
 6891.000000 7.817539 1.561669 2.973064
 6894.000000 7.870731 1.553125 2.999071
 6897.000000 7.892061 1.561932 2.996606
 6900.000000 7.815349 1.540817 3.012830
 6903.000000 7.847462 1.508323 2.979444
 6906.000000 7.847768 1.509222 2.992121
 6909.000000 7.956373 1.536524 2.952714
 6912.000000 7.897776 1.535254 2.957157
 6915.000000 7.895959 1.538057 2.960182
 6918.000000 7.930797 1.522450 3.004517
 6921.000000 7.995306 1.555375 2.990505
 6924.000000 8.029907 1.545506 2.989707
 6927.000000 8.034091 1.567217 2.979754
 6930.000000 8.060297 1.563010 3.015711
 6933.000000 8.078027 1.564939 3.007795
 6936.000000 8.050848 1.584068 3.021934
 6939.000000 8.024929 1.550680 3.034012
 6942.000000 8.044956 1.554524 3.000959
 6945.000000 7.887457 1.520755 3.037044
 6948.000000 7.818048 1.549877 3.018020
 6951.000000 7.802192 1.564231 2.981373
 6954.000000 7.769740 1.563114 2.956453
 6957.000000 7.709106 1.557489 2.947099
 6960.000000 7.775866 1.570808 2.938202
 6963.000000 7.790327 1.578119 2.907851
 6966.000000 7.733076 1.546216 2.942624
 6969.000000 7.729083 1.553724 2.958000
 6972.000000 7.808214 1.558156 2.966813
 6975.000000 7.734978 1.553185 2.986284
 6978.000000 7.793799 1.583321 2.965073
 6981.000000 7.762093 1.567178 2.979526
 6984.000000 7.785217 1.544848 2.974948
 6987.000000 7.831382 1.561469 2.961393
 6990.000000 7.879554 1.563823 2.957467
 6993.000000 7.834078 1.533145 2.991415
 6996.000000 7.805312 1.526182 2.968839
 6999.000000 7.906067 1.544122 2.928997
 7002.000000 7.877521 1.537952 2.960589
 7005.000000 7.910499 1.577809 2.939610
 7008.000000 7.827887 1.569933 2.967770
 7011.000000 7.869699 1.569261 2.974692
 7014.000000 7.861405 1.600332 2.970674
 7017.000000 7.771104 1.603575 2.986422
 7020.000000 7.836183 1.602570 2.997134
 7023.000000 7.929772 1.635559 2.971838
 7026.000000 7.905755 1.628641 2.938809
 7029.000000 7.909537 1.603029 2.935166
 7032.000000 7.992433 1.629722 2.979178
 7035.000000 8.056005 1.613107 2.967911
 7038.000000 8.067871 1.627749 2.962170
 7041.000000 8.018917 1.584623 2.952103
 7044.000000 8.062055 1.599562 2.936779
 7047.000000 8.084856 1.584490 2.943925
 7050.000000 8.089486 1.597141 2.925027
 7053.000000 8.081830 1.595499 2.931407
 7056.000000 8.067049 1.580263 2.941439
 7059.000000 8.007809 1.587536 2.927079
 7062.000000 7.962110 1.597704 2.894298
 7065.000000 8.069524 1.623332 2.897151
 7068.000000 8.060198 1.598864 2.944696
 7071.000000 7.948206 1.591461 2.949210
 7074.000000 7.908383 1.605037 2.895033
 7077.000000 7.846723 1.627143 2.924970
 7080.000000 7.922660 1.607912 2.962775
 7083.000000 7.881284 1.619852 2.956666
 7086.000000 7.867911 1.595251 2.928861
 7089.000000 7.886806 1.585417 2.971693
 7092.000000 7.877341 1.614601 2.928857
 7095.000000 7.929712 1.573801 2.939694
 7098.000000 7.949857 1.574982 2.917723
 7101.000000 7.938258 1.560270 2.921481
 7104.000000 7.906488 1.562435 2.925856
 7107.000000 7.932960 1.563507 2.924568
 7110.000000 7.899154 1.553094 2.907261
 7113.000000 7.874445 1.547022 2.906195
 7116.000000 7.847246 1.558595 2.910355
 7119.000000 7.800968 1.521246 2.934789
 7122.000000 7.677681 1.528890 2.934509
 7125.000000 7.744925 1.542198 2.935293
 7128.000000 7.730522 1.527829 2.953863
 7131.000000 7.804112 1.555804 2.940315
 7134.000000 7.903863 1.551278 2.926208
 7137.000000 7.935125 1.528531 2.979382
 7140.000000 8.000919 1.508066 3.011535
 7143.000000 7.962482 1.562474 2.957421
 7146.000000 7.888230 1.563347 2.947655
 7149.000000 7.946990 1.524472 2.957445
 7152.000000 7.983382 1.542155 2.960625
 7155.000000 7.859127 1.539940 2.980660
 7158.000000 7.915701 1.559721 2.978746
 7161.000000 7.848221 1.584249 2.966807
 7164.000000 7.818365 1.567557 2.986774
 7167.000000 7.837242 1.569653 2.950331
 7170.000000 7.811067 1.556172 2.955829
 7173.000000 7.903657 1.560798 2.940912
 7176.000000 7.948712 1.577330 2.925420
 7179.000000 7.923150 1.582188 2.944337
 7182.000000 7.962399 1.571166 2.961088
 7185.000000 7.885711 1.610978 2.934576
 7188.000000 7.849768 1.632202 2.917447
 7191.000000 7.838802 1.605055 2.942124
 7194.000000 7.879449 1.598611 2.909031
 7197.000000 7.874781 1.610950 2.903127
 7200.000000 7.929133 1.582727 2.912242
 7203.000000 7.937217 1.528744 2.961158
 7206.000000 7.923392 1.527389 2.939357
 7209.000000 7.933474 1.533758 2.957647
 7212.000000 7.855070 1.537022 2.953806
 7215.000000 7.860896 1.538744 2.950115
 7218.000000 7.870236 1.549539 2.952480
 7221.000000 7.840292 1.542487 2.940997
 7224.000000 7.819060 1.516146 2.948257
 7227.000000 7.883071 1.514713 2.985175
 7230.000000 7.883049 1.531034 2.951415
 7233.000000 7.916821 1.513722 2.971992
 7236.000000 7.851654 1.526739 2.985514
 7239.000000 7.887982 1.522136 2.996351
 7242.000000 7.940267 1.517670 3.023381
 7245.000000 8.039115 1.545838 3.016063
 7248.000000 7.994992 1.529235 3.029704
 7251.000000 8.007244 1.525436 3.032287
 7254.000000 8.102707 1.508141 3.059076
 7257.000000 7.998023 1.525947 2.982833
 7260.000000 8.014376 1.550870 2.981987
 7263.000000 7.989150 1.566724 2.982791
 7266.000000 8.033168 1.563288 2.949094
 7269.000000 8.011763 1.568695 2.948595
 7272.000000 8.038952 1.578902 2.911117
 7275.000000 8.004309 1.565003 2.923401
 7278.000000 7.965234 1.542701 2.922504
 7281.000000 8.011112 1.550512 2.957000
 7284.000000 7.967181 1.548558 2.934275
 7287.000000 7.916147 1.550474 2.942219
 7290.000000 7.936281 1.555179 2.969334
 7293.000000 7.850622 1.512644 2.972879
 7296.000000 7.912768 1.537389 2.961422
 7299.000000 7.920482 1.550630 2.986194
 7302.000000 7.928069 1.561031 2.967926
 7305.000000 7.913271 1.560546 2.980216
 7308.000000 7.927009 1.586676 2.943107
 7311.000000 7.966559 1.594722 2.956126
 7314.000000 8.049468 1.618790 2.935661
 7317.000000 7.942663 1.594380 2.954160
 7320.000000 7.925906 1.560985 2.972261
 7323.000000 7.930620 1.577415 2.969422
 7326.000000 7.915210 1.592607 3.001320
 7329.000000 7.813643 1.549073 3.016989
 7332.000000 7.909584 1.556015 2.981880
 7335.000000 7.870137 1.552162 2.967212
 7338.000000 7.845910 1.538752 2.989757
 7341.000000 7.879785 1.531746 2.978469
 7344.000000 7.930715 1.573112 2.948639
 7347.000000 7.919120 1.571596 2.957404
 7350.000000 7.942575 1.566607 2.967063
 7353.000000 7.790849 1.567156 2.938961
 7356.000000 7.788642 1.565668 2.959099
 7359.000000 7.762783 1.560733 2.972171
 7362.000000 7.776738 1.557889 2.944824
 7365.000000 7.838714 1.548426 3.012672
 7368.000000 7.841704 1.555592 2.995432
 7371.000000 7.792835 1.583210 2.987126
 7374.000000 7.822806 1.573280 2.997662
 7377.000000 7.831155 1.572409 2.967899
 7380.000000 7.898437 1.545756 2.978424
 7383.000000 7.797983 1.534097 2.983083
 7386.000000 7.891655 1.557901 2.940511
 7389.000000 7.876687 1.538446 2.942020
 7392.000000 7.890834 1.526052 2.969747
 7395.000000 7.880780 1.539111 2.924182
 7398.000000 7.911151 1.543721 2.930693
 7401.000000 7.865889 1.525333 2.970476
 7404.000000 7.832651 1.548333 2.951652
 7407.000000 7.841037 1.543482 2.980921
 7410.000000 7.890464 1.561187 2.959152
 7413.000000 7.908085 1.514622 2.995724
 7416.000000 7.927837 1.506590 2.987289
 7419.000000 7.887195 1.495955 2.974201
 7422.000000 7.834677 1.524958 2.974849
 7425.000000 7.913604 1.529502 2.988302
 7428.000000 8.015868 1.513828 2.972575
 7431.000000 7.946900 1.529058 3.002633
 7434.000000 7.926387 1.561041 2.973494
 7437.000000 7.917433 1.535831 2.969345
 7440.000000 7.925444 1.555172 2.970220
 7443.000000 7.915562 1.551944 3.017311
 7446.000000 7.869487 1.563896 3.013348
 7449.000000 7.920967 1.542458 3.000321
 7452.000000 7.834146 1.554330 2.971073
 7455.000000 7.837768 1.552646 2.951120
 7458.000000 7.902917 1.541170 2.948922
 7461.000000 7.840156 1.519699 2.982230
 7464.000000 7.881394 1.500649 2.984582
 7467.000000 7.889304 1.516054 2.976210
 7470.000000 7.955459 1.523586 2.968315
 7473.000000 7.917774 1.510271 2.962378
 7476.000000 7.913678 1.492940 2.969115
 7479.000000 7.942555 1.500114 2.974317
 7482.000000 8.010219 1.504424 2.974443
 7485.000000 7.903789 1.482803 2.999986
 7488.000000 7.794798 1.472146 3.042757
 7491.000000 7.814069 1.488882 3.029116
 7494.000000 7.676860 1.472501 3.023713
 7497.000000 7.762768 1.491903 3.011484
 7500.000000 7.732216 1.489903 3.005240
 7503.000000 7.769398 1.490760 3.003080
 7506.000000 7.742265 1.471349 3.007793
 7509.000000 7.787113 1.483344 3.001886
 7512.000000 7.809995 1.474584 3.014568
 7515.000000 7.795833 1.481117 2.971330
 7518.000000 7.810463 1.521167 2.964488
 7521.000000 7.824316 1.526319 2.943727
 7524.000000 7.873912 1.570614 2.879681
 7527.000000 7.909118 1.555779 2.926808
 7530.000000 7.838038 1.545839 2.910012
 7533.000000 7.880585 1.523263 2.983040
 7536.000000 7.869011 1.515629 2.974388
 7539.000000 7.924065 1.533116 2.941233
 7542.000000 7.922149 1.519618 2.962063
 7545.000000 7.901726 1.519158 2.942565
 7548.000000 7.868390 1.508286 2.970347
 7551.000000 7.882815 1.506525 2.978954
 7554.000000 7.880986 1.501693 2.957038
 7557.000000 7.788908 1.509512 2.932129
 7560.000000 7.809472 1.500604 2.937604
 7563.000000 7.825341 1.524410 2.926211
 7566.000000 7.788706 1.512765 2.918261
 7569.000000 7.810967 1.534462 2.908615
 7572.000000 7.848809 1.513640 2.921645
 7575.000000 7.757766 1.524836 2.884806
 7578.000000 7.766352 1.502503 2.921540
 7581.000000 7.911275 1.468022 2.975423
 7584.000000 7.931427 1.459245 2.954493
 7587.000000 7.915331 1.494217 2.953161
 7590.000000 7.825969 1.474801 2.945428
 7593.000000 7.798082 1.473934 2.952752
 7596.000000 7.799577 1.456948 2.977202
 7599.000000 7.856029 1.472920 2.967002
 7602.000000 7.861605 1.488671 2.954712
 7605.000000 7.836279 1.482478 2.968545
 7608.000000 7.810476 1.504671 2.961202
 7611.000000 7.828499 1.528814 2.943455
 7614.000000 7.773411 1.483995 2.978066
 7617.000000 7.780381 1.484122 2.968873
 7620.000000 7.850079 1.502563 2.970754
 7623.000000 7.793947 1.489367 2.981782
 7626.000000 7.854857 1.500865 2.998556
 7629.000000 7.833824 1.498157 2.995688
 7632.000000 7.829721 1.506543 2.961851
 7635.000000 7.880715 1.509509 2.972853
 7638.000000 7.934138 1.512008 2.948130
 7641.000000 7.957778 1.500446 2.943941
 7644.000000 8.050710 1.505817 2.936153
 7647.000000 7.990930 1.497400 2.965840
 7650.000000 8.033491 1.528252 2.931868
 7653.000000 8.040490 1.529167 2.957156
 7656.000000 8.042679 1.506973 2.970265
 7659.000000 8.024914 1.518575 2.969329
 7662.000000 8.047459 1.500427 2.943394
 7665.000000 8.046463 1.509195 2.938809
 7668.000000 8.012187 1.507747 2.939422
 7671.000000 8.076689 1.508071 2.964703
 7674.000000 8.034887 1.497102 2.984883
 7677.000000 8.042827 1.494000 2.989338
 7680.000000 8.059742 1.495585 2.965762
 7683.000000 8.071753 1.543375 2.945386
 7686.000000 8.056007 1.524094 2.959099
 7689.000000 8.020956 1.539280 2.959602
 7692.000000 7.973012 1.525620 2.977426
 7695.000000 7.904737 1.542323 2.972161
 7698.000000 7.903716 1.568081 2.928037
 7701.000000 7.958787 1.553406 2.932942
 7704.000000 7.950627 1.535637 2.981760
 7707.000000 7.913481 1.559224 2.941750
 7710.000000 7.930196 1.547705 2.955826
 7713.000000 7.836450 1.529405 2.970886
 7716.000000 7.919426 1.548820 2.965406
 7719.000000 7.958286 1.529180 2.992075
 7722.000000 7.953047 1.546526 2.954049
 7725.000000 7.903254 1.535510 2.974971
 7728.000000 7.937554 1.536943 2.962349
 7731.000000 7.988181 1.542757 2.980529
 7734.000000 7.928389 1.535583 3.015296
 7737.000000 8.098469 1.526066 2.986258
 7740.000000 8.027395 1.505077 2.993318
 7743.000000 8.020836 1.520609 2.982295
 7746.000000 8.038240 1.507901 2.959335
 7749.000000 7.995922 1.503684 2.975263
 7752.000000 8.017113 1.524577 2.972961
 7755.000000 8.000804 1.537085 2.940121
 7758.000000 8.003606 1.560710 2.965102
 7761.000000 8.115627 1.547096 2.986348
 7764.000000 8.070898 1.533904 2.998535
 7767.000000 8.037193 1.539805 2.979102
 7770.000000 8.052457 1.556179 2.969227
 7773.000000 8.061398 1.560565 2.992169
 7776.000000 8.058296 1.590145 3.001148
 7779.000000 8.088522 1.574569 2.986668
 7782.000000 8.087765 1.575724 2.963459
 7785.000000 8.149058 1.576742 2.940901
 7788.000000 8.110235 1.586317 2.979750
 7791.000000 8.066112 1.597682 2.978964
 7794.000000 8.113781 1.596190 2.956108
 7797.000000 8.077703 1.567184 2.990575
 7800.000000 8.063543 1.598222 2.953086
 7803.000000 8.034229 1.575057 2.973733
 7806.000000 8.088338 1.572109 2.977682
 7809.000000 8.101586 1.569678 2.954119
 7812.000000 8.151781 1.563220 2.999644
 7815.000000 8.113790 1.548926 2.996209
 7818.000000 8.102676 1.580222 2.948976
 7821.000000 8.160543 1.584305 2.965575
 7824.000000 8.175282 1.583938 2.956057
 7827.000000 8.161501 1.578847 2.958087
 7830.000000 8.148922 1.562938 2.982662
 7833.000000 8.130507 1.555849 3.017478
 7836.000000 8.094003 1.565971 2.986223
 7839.000000 8.073620 1.549534 2.988314
 7842.000000 8.102503 1.573764 3.005166
 7845.000000 8.159414 1.590769 3.017360
 7848.000000 8.100419 1.604833 2.967537
 7851.000000 8.054762 1.577052 2.992193
 7854.000000 8.074625 1.572699 2.982462
 7857.000000 8.097739 1.586238 2.981307
 7860.000000 8.084217 1.568518 3.007284
 7863.000000 8.152372 1.571209 2.996340
 7866.000000 8.119842 1.571271 2.999590
 7869.000000 8.085558 1.552370 2.990339
 7872.000000 8.082685 1.564608 2.961594
 7875.000000 8.065930 1.585300 2.988412
 7878.000000 8.071363 1.578808 2.981653
 7881.000000 8.072330 1.583281 2.920073
 7884.000000 8.007393 1.583686 2.946265
 7887.000000 7.977647 1.593183 2.926271
 7890.000000 7.929809 1.580340 2.947700
 7893.000000 7.919022 1.581208 2.968023
 7896.000000 7.878427 1.562323 3.018284
 7899.000000 7.869399 1.567860 2.973021
 7902.000000 7.879851 1.619025 2.913727
 7905.000000 7.822563 1.590349 2.952673
 7908.000000 7.946319 1.578530 2.973275
 7911.000000 7.938150 1.587741 2.963756
 7914.000000 8.048813 1.577626 2.967370
 7917.000000 8.001811 1.555972 2.998713
 7920.000000 7.896146 1.584992 2.978537
 7923.000000 7.921565 1.574844 2.988403
 7926.000000 7.835421 1.549568 3.004455
 7929.000000 7.892960 1.561946 2.985750
 7932.000000 7.909152 1.561784 2.983566
 7935.000000 7.949986 1.579696 2.989479
 7938.000000 7.960139 1.573596 2.991177
 7941.000000 7.954010 1.597868 2.965900
 7944.000000 7.994879 1.604343 2.964257
 7947.000000 7.997973 1.550601 2.981412
 7950.000000 7.949830 1.572199 2.948457
 7953.000000 7.964852 1.570410 2.976748
 7956.000000 8.038403 1.584080 2.947524
 7959.000000 8.021301 1.614290 2.949396
 7962.000000 8.077558 1.585939 2.953338
 7965.000000 7.971086 1.581370 2.957878
 7968.000000 8.083596 1.560853 2.949027
 7971.000000 8.094459 1.540975 3.003396
 7974.000000 8.095320 1.555086 2.977888
 7977.000000 7.997722 1.560456 2.994312
 7980.000000 8.119275 1.555382 3.016098
 7983.000000 8.022352 1.540533 3.014874
 7986.000000 8.029422 1.537264 3.026261
 7989.000000 8.004643 1.549382 3.005447
 7992.000000 7.974636 1.539605 2.995242
 7995.000000 7.945228 1.513426 2.993645
 7998.000000 7.931929 1.527879 3.003407
 8001.000000 7.942195 1.525137 3.010101
 8004.000000 7.877288 1.550718 2.964214
 8007.000000 7.819713 1.562009 2.921978
 8010.000000 7.855301 1.552941 2.952615
 8013.000000 7.846661 1.528746 2.954196
 8016.000000 7.872734 1.525375 2.993026
 8019.000000 7.808049 1.492071 2.988008
 8022.000000 7.867961 1.514899 2.990584
 8025.000000 7.940478 1.510897 3.014279
 8028.000000 7.993382 1.499223 2.995658
 8031.000000 7.919064 1.488347 2.989795
 8034.000000 7.923893 1.485361 2.931397
 8037.000000 8.014378 1.481024 2.962065
 8040.000000 7.857465 1.491429 2.953107
 8043.000000 7.886072 1.484927 2.960359
 8046.000000 7.892395 1.516864 2.947592
 8049.000000 7.864256 1.504131 2.975812
 8052.000000 7.886451 1.514477 2.967723
 8055.000000 7.854493 1.505306 2.986285
 8058.000000 7.853527 1.498204 2.984022
 8061.000000 7.849501 1.506358 2.973457
 8064.000000 7.922629 1.520961 2.972453
 8067.000000 7.853253 1.540764 2.954698
 8070.000000 7.929631 1.502977 2.982512
 8073.000000 7.936308 1.525176 2.952182
 8076.000000 7.936429 1.528020 2.968723
 8079.000000 7.941488 1.536823 2.993764
 8082.000000 7.972538 1.517908 2.981253
 8085.000000 8.008905 1.513976 2.973963
 8088.000000 7.937092 1.526254 2.979798
 8091.000000 7.959009 1.557278 2.961163
 8094.000000 7.884183 1.537266 2.955642
 8097.000000 7.854055 1.512995 2.964726
 8100.000000 7.895130 1.518812 2.953714
 8103.000000 7.871931 1.523433 2.931815
 8106.000000 7.983363 1.551924 2.909132
 8109.000000 8.022928 1.540519 2.947703
 8112.000000 7.963858 1.551410 2.931593
 8115.000000 7.929619 1.535798 2.926588
 8118.000000 7.897767 1.492155 2.953255
 8121.000000 7.976289 1.503053 2.937985
 8124.000000 7.937375 1.504523 2.946897
 8127.000000 7.995814 1.503901 2.950920
 8130.000000 8.000781 1.475647 2.954957
 8133.000000 8.039769 1.511735 2.961150
 8136.000000 7.964046 1.518658 2.901265
 8139.000000 7.970631 1.526509 2.914989
 8142.000000 7.999233 1.525121 2.960976
 8145.000000 7.968295 1.527754 2.939762
 8148.000000 7.888594 1.507982 2.943525
 8151.000000 7.920623 1.535587 2.927219
 8154.000000 7.930649 1.543516 2.945057
 8157.000000 7.918026 1.526989 2.944639
 8160.000000 7.890390 1.515756 2.959297
 8163.000000 7.886360 1.539923 2.916633
 8166.000000 7.885719 1.546502 2.934915
 8169.000000 7.941461 1.526832 2.950399
 8172.000000 7.913506 1.558247 2.952223
 8175.000000 7.912046 1.551802 2.956096
 8178.000000 7.862458 1.549859 2.952677
 8181.000000 7.829305 1.553131 2.918693
 8184.000000 7.751153 1.568495 2.952532
 8187.000000 7.790814 1.572781 2.952819
 8190.000000 7.780670 1.517229 3.002732
 8193.000000 7.778661 1.551040 2.982313
 8196.000000 7.786359 1.551948 3.010806
 8199.000000 7.833667 1.556094 3.000743
 8202.000000 7.813651 1.554264 2.997156
 8205.000000 7.755285 1.542876 2.976353
 8208.000000 7.753757 1.563462 2.967072
 8211.000000 7.858415 1.579537 2.945890
 8214.000000 7.881342 1.571041 2.957047
 8217.000000 7.927817 1.570787 2.957989
 8220.000000 7.840973 1.575215 2.980699
 8223.000000 7.850199 1.564465 2.965696
 8226.000000 7.984016 1.549826 2.966498
 8229.000000 7.965147 1.550039 2.952146
 8232.000000 8.043243 1.543928 2.976619
 8235.000000 8.054468 1.538401 2.979512
 8238.000000 7.990187 1.538178 2.997667
 8241.000000 8.002517 1.545648 2.986454
 8244.000000 7.985209 1.542150 2.987608
 8247.000000 7.968875 1.566539 2.957865
 8250.000000 7.967358 1.585386 2.937247
 8253.000000 7.927744 1.567121 2.965706
 8256.000000 7.904328 1.561904 2.954704
 8259.000000 7.838242 1.548684 2.977038
 8262.000000 7.867483 1.584018 2.984614
 8265.000000 7.919835 1.577762 2.967933
 8268.000000 7.929158 1.574225 2.990568
 8271.000000 7.895734 1.528077 3.041954
 8274.000000 7.878053 1.559117 3.005803
 8277.000000 7.834998 1.548974 2.984560
 8280.000000 7.884218 1.574361 2.978525
 8283.000000 7.937706 1.557565 3.006588
 8286.000000 7.899686 1.542551 3.014379
 8289.000000 7.814531 1.593229 2.957457
 8292.000000 7.882750 1.566158 2.967359
 8295.000000 7.849022 1.556681 3.001815
 8298.000000 7.818267 1.535905 3.032676
 8301.000000 7.866904 1.535196 3.008686
 8304.000000 7.912109 1.563697 2.994595
 8307.000000 7.963452 1.544147 2.992460
 8310.000000 7.959348 1.556485 2.969093
 8313.000000 7.941776 1.582691 2.914794
 8316.000000 7.927813 1.545669 2.927009
 8319.000000 7.879152 1.570101 2.950553
 8322.000000 7.852477 1.578286 2.945334
 8325.000000 7.890180 1.540786 2.992859
 8328.000000 7.834299 1.538589 2.973848
 8331.000000 7.895684 1.554183 2.880383
 8334.000000 7.806282 1.563207 2.896255
 8337.000000 7.726355 1.534947 2.933288
 8340.000000 7.758006 1.539253 2.954189
 8343.000000 7.825000 1.545054 2.957396
 8346.000000 7.875090 1.562462 2.944231
 8349.000000 7.922346 1.566124 2.970577
 8352.000000 7.827728 1.556742 2.954023
 8355.000000 7.831394 1.557832 2.923969
 8358.000000 7.789476 1.559578 2.913600
 8361.000000 7.802862 1.556887 2.894517
 8364.000000 7.751557 1.563639 2.887072
 8367.000000 7.813921 1.538339 2.948887
 8370.000000 7.820802 1.530153 2.945839
 8373.000000 7.881228 1.541180 2.942190
 8376.000000 7.954590 1.541552 2.953089
 8379.000000 7.897232 1.527181 2.940746
 8382.000000 7.817026 1.513322 2.970895
 8385.000000 7.830862 1.527573 2.970386
 8388.000000 7.861410 1.485555 2.988376
 8391.000000 7.868763 1.504079 2.969815
 8394.000000 7.928825 1.524441 2.942250
 8397.000000 7.882218 1.502570 2.937503
 8400.000000 7.911316 1.506940 2.966790
 8403.000000 7.882529 1.533148 2.925545
 8406.000000 7.920116 1.543931 2.947079
 8409.000000 7.887684 1.520645 2.980387
 8412.000000 7.887329 1.541425 2.948974
 8415.000000 7.940251 1.530331 2.975303
 8418.000000 7.979082 1.495268 2.975236
 8421.000000 8.005392 1.505024 2.979526
 8424.000000 7.972969 1.529374 2.954619
 8427.000000 7.974625 1.543306 2.948746
 8430.000000 7.942070 1.550504 2.969558
 8433.000000 7.923537 1.558808 2.956615
 8436.000000 7.913163 1.550403 2.959250
 8439.000000 7.943028 1.534426 2.946358
 8442.000000 7.995273 1.531367 2.938153
 8445.000000 7.979346 1.543999 2.925124
 8448.000000 7.865254 1.515884 2.966386
 8451.000000 7.805428 1.519247 2.969470
 8454.000000 7.832511 1.516454 3.006251
 8457.000000 7.740858 1.533036 2.970847
 8460.000000 7.720642 1.531669 2.969866
 8463.000000 7.624812 1.526590 2.980484
 8466.000000 7.869282 1.565838 2.923640
 8469.000000 7.819185 1.551017 2.918175
 8472.000000 7.878041 1.535804 2.938357
 8475.000000 7.904440 1.543917 2.942646
 8478.000000 7.836798 1.537186 2.977067
 8481.000000 7.841009 1.536468 2.972891
 8484.000000 7.855224 1.551446 2.957116
 8487.000000 7.794646 1.547017 2.973618
 8490.000000 7.817741 1.527814 2.982219
 8493.000000 7.824806 1.534828 2.976592
 8496.000000 7.758815 1.522572 3.007849
 8499.000000 7.740435 1.539128 3.030745
 8502.000000 7.740735 1.510681 3.012046
 8505.000000 7.754347 1.509382 2.978718
 8508.000000 7.799632 1.524371 2.959632
 8511.000000 7.907175 1.504133 2.994121
 8514.000000 7.918713 1.515668 2.980336
 8517.000000 7.921374 1.512122 2.969149
 8520.000000 7.926695 1.508535 2.977497
 8523.000000 8.003706 1.499888 2.952639
 8526.000000 8.001854 1.494941 2.949087
 8529.000000 8.008332 1.492969 2.971365
 8532.000000 7.979736 1.479341 2.955585
 8535.000000 7.962635 1.453681 2.955788
 8538.000000 8.039365 1.451089 2.953777
 8541.000000 7.978715 1.445844 2.939941
 8544.000000 7.932546 1.449936 2.974698
 8547.000000 7.979626 1.454222 2.967196
 8550.000000 7.942779 1.499330 2.933856
 8553.000000 7.999816 1.517124 2.929870
 8556.000000 7.956741 1.510524 2.928413
 8559.000000 7.937973 1.516056 2.911497
 8562.000000 7.955318 1.519393 2.913276
 8565.000000 7.939490 1.505308 2.948064
 8568.000000 7.895067 1.487039 2.943242
 8571.000000 7.935472 1.460800 2.963375
 8574.000000 7.868946 1.473030 2.952027
 8577.000000 7.837621 1.492171 2.929298
 8580.000000 7.890493 1.483496 2.942316
 8583.000000 7.892724 1.471667 2.970862
 8586.000000 7.808141 1.452649 2.990378
 8589.000000 7.767461 1.479932 2.964229
 8592.000000 7.732413 1.474468 2.970062
 8595.000000 7.715567 1.476001 2.981127
 8598.000000 7.808162 1.461313 2.983541
 8601.000000 7.786958 1.471237 2.977046
 8604.000000 7.770554 1.469553 2.971704
 8607.000000 7.861845 1.449814 2.987309
 8610.000000 7.856592 1.438532 2.994643
 8613.000000 7.819923 1.442144 2.985273
 8616.000000 7.822990 1.436539 3.011894
 8619.000000 7.874787 1.477032 2.953684
 8622.000000 7.816549 1.474840 2.953436
 8625.000000 7.729486 1.471283 2.950968
 8628.000000 7.763726 1.466483 2.941369
 8631.000000 7.812453 1.485102 2.916650
 8634.000000 7.807095 1.493308 2.958905
 8637.000000 7.841922 1.494140 2.964073
 8640.000000 7.837110 1.484541 2.982303
 8643.000000 7.819609 1.506178 2.977331
 8646.000000 7.884715 1.562489 2.953112
 8649.000000 7.927174 1.549253 2.931871
 8652.000000 7.931339 1.547478 2.945150
 8655.000000 7.988857 1.524255 2.968446
 8658.000000 8.089299 1.560199 2.927501
 8661.000000 8.066450 1.533399 2.956878
 8664.000000 8.110484 1.559493 2.946281
 8667.000000 8.055779 1.568108 2.955471
 8670.000000 8.013082 1.570101 2.964922
 8673.000000 8.075604 1.556226 2.942441
 8676.000000 8.045139 1.545121 2.969052
 8679.000000 8.114189 1.565044 2.929611
 8682.000000 8.122906 1.550754 2.927847
 8685.000000 8.136543 1.547226 2.922341
 8688.000000 8.017809 1.579555 2.891189
 8691.000000 8.044360 1.561596 2.921829
 8694.000000 7.998258 1.568402 2.924392
 8697.000000 8.026183 1.532556 2.962507
 8700.000000 8.074056 1.542224 2.947913
 8703.000000 8.099225 1.560232 2.931137
 8706.000000 8.051256 1.570384 2.925759
 8709.000000 8.108003 1.572261 2.930510
 8712.000000 8.110642 1.579183 2.939928
 8715.000000 8.182087 1.558009 2.970929
 8718.000000 8.186599 1.586684 2.950106
 8721.000000 8.115585 1.563758 2.948057
 8724.000000 8.192002 1.528410 2.969013
 8727.000000 8.174677 1.570861 2.915822
 8730.000000 8.132111 1.565937 2.946848
 8733.000000 8.089818 1.546955 2.966334
 8736.000000 8.012212 1.524415 2.957805
 8739.000000 7.974187 1.556153 2.926802
 8742.000000 8.022721 1.538955 2.933957
 8745.000000 8.015849 1.529597 2.942979
 8748.000000 8.005704 1.517002 2.972626
 8751.000000 8.091008 1.516442 2.946693
 8754.000000 7.992396 1.520822 2.964343
 8757.000000 8.055055 1.499835 2.962821
 8760.000000 8.022394 1.483003 2.976633
 8763.000000 8.032038 1.536109 2.946799
 8766.000000 8.075767 1.509860 2.960104
 8769.000000 8.006072 1.550468 2.930393
 8772.000000 7.991508 1.558125 2.913834
 8775.000000 7.948195 1.550820 2.936775
 8778.000000 8.012799 1.560467 2.924175
 8781.000000 8.004517 1.568435 2.933326
 8784.000000 7.999073 1.556596 2.923372
 8787.000000 7.908514 1.527850 2.959323
 8790.000000 7.822428 1.525647 2.926445
 8793.000000 7.778628 1.528601 2.930568
 8796.000000 7.760295 1.544832 2.926035
 8799.000000 7.676776 1.513386 2.945540
 8802.000000 7.654499 1.504428 2.936229
 8805.000000 7.715220 1.511349 2.916780
 8808.000000 7.754427 1.524307 2.923220
 8811.000000 7.787929 1.508068 2.937451
 8814.000000 7.842718 1.516985 2.980983
 8817.000000 7.853136 1.507003 2.918246
 8820.000000 7.824684 1.525184 2.912277
 8823.000000 7.900563 1.513456 2.930968
 8826.000000 7.880951 1.505508 2.931594
 8829.000000 7.834375 1.470064 2.974912
 8832.000000 7.856229 1.486886 2.927385
 8835.000000 7.875256 1.495887 2.918230
 8838.000000 7.816019 1.498923 2.933744
 8841.000000 7.779259 1.477163 2.942620
 8844.000000 7.716855 1.495881 2.924127
 8847.000000 7.708338 1.502693 2.930675
 8850.000000 7.668840 1.487262 2.960524
 8853.000000 7.716438 1.491323 2.960510
 8856.000000 7.770551 1.518289 2.915670
 8859.000000 7.781456 1.492162 2.942093
 8862.000000 7.729247 1.496402 2.911843
 8865.000000 7.722584 1.490108 2.944137
 8868.000000 7.741870 1.483965 2.926741
 8871.000000 7.758371 1.484803 2.951250
 8874.000000 7.782797 1.505114 2.929417
 8877.000000 7.815794 1.499116 2.935577
 8880.000000 7.780317 1.519310 2.898459
 8883.000000 7.776588 1.528530 2.898046
 8886.000000 7.746720 1.509404 2.901323
 8889.000000 7.726476 1.500946 2.918386
 8892.000000 7.724400 1.501979 2.949062
 8895.000000 7.818607 1.503816 2.917699
 8898.000000 7.762434 1.513187 2.884021
 8901.000000 7.769316 1.522180 2.901934
 8904.000000 7.724752 1.489270 2.936752
 8907.000000 7.700035 1.483523 2.901848
 8910.000000 7.694553 1.461988 2.962499
 8913.000000 7.814554 1.464568 2.963241
 8916.000000 7.860911 1.483597 2.931271
 8919.000000 7.904002 1.494499 2.946700
 8922.000000 7.936934 1.482323 2.951984
 8925.000000 7.889094 1.493775 2.956868
 8928.000000 7.947214 1.482316 2.953456
 8931.000000 8.020703 1.482771 2.971503
 8934.000000 8.035327 1.495295 2.968797
 8937.000000 7.987866 1.501354 2.969571
 8940.000000 7.932035 1.516545 2.912569
 8943.000000 7.932253 1.505127 2.934867
 8946.000000 7.958967 1.493730 2.924564
 8949.000000 7.967091 1.499722 2.918083
 8952.000000 7.942971 1.500776 2.913718
 8955.000000 7.871137 1.492497 2.872477
 8958.000000 7.864994 1.479755 2.903434
 8961.000000 7.815060 1.476135 2.908664
 8964.000000 7.848414 1.506810 2.869744
 8967.000000 7.865644 1.468162 2.925152
 8970.000000 7.895319 1.483954 2.927077
 8973.000000 7.886929 1.485657 2.905910
 8976.000000 7.940299 1.487729 2.946513
 8979.000000 7.851748 1.535175 2.886038
 8982.000000 7.886640 1.522082 2.926856
 8985.000000 7.830486 1.527440 2.884285
 8988.000000 7.880775 1.541187 2.938126
 8991.000000 7.831049 1.546463 2.951001
 8994.000000 7.816323 1.545212 2.947120
 8997.000000 7.709904 1.563504 2.904429
 9000.000000 7.752689 1.537229 2.918989
 9003.000000 7.814274 1.544530 2.968697
 9006.000000 7.752528 1.568367 2.925575
 9009.000000 7.740191 1.569906 2.948481
 9012.000000 7.720483 1.569425 2.924141
 9015.000000 7.731967 1.555404 2.947438
 9018.000000 7.758993 1.555199 2.947836
 9021.000000 7.719519 1.555708 2.944166
 9024.000000 7.648161 1.536617 2.940305
 9027.000000 7.679712 1.546007 2.941150
 9030.000000 7.710240 1.543503 2.957342
 9033.000000 7.753528 1.550436 2.950403
 9036.000000 7.826924 1.559718 2.986682
 9039.000000 7.763671 1.556344 2.986700
 9042.000000 7.703315 1.559032 2.968271
 9045.000000 7.755433 1.550313 2.977029
 9048.000000 7.802404 1.555560 2.956918
 9051.000000 7.803307 1.541400 2.954804
 9054.000000 7.807427 1.562262 2.937850
 9057.000000 7.776291 1.570202 2.939281
 9060.000000 7.854309 1.565538 2.953766
 9063.000000 7.879701 1.565500 2.921238
 9066.000000 7.900131 1.537641 2.975911
 9069.000000 7.857252 1.551316 2.939499
 9072.000000 7.941969 1.578244 2.906617
 9075.000000 7.939835 1.567137 2.939270
 9078.000000 7.885664 1.554112 2.934978
 9081.000000 7.882842 1.542983 2.941850
 9084.000000 7.867557 1.540395 2.925095
 9087.000000 7.799339 1.545575 2.941569
 9090.000000 7.837576 1.538638 2.971269
 9093.000000 7.792791 1.543360 2.980143
 9096.000000 7.836911 1.527415 2.929345
 9099.000000 7.935149 1.533270 2.927076
 9102.000000 8.040209 1.557262 2.947203
 9105.000000 8.020634 1.563918 2.924154
 9108.000000 7.963275 1.551903 2.928686
 9111.000000 7.871656 1.560037 2.898828
 9114.000000 7.890160 1.560694 2.914106
 9117.000000 7.894236 1.558871 2.896855
 9120.000000 7.833417 1.544302 2.909273
 9123.000000 7.807540 1.507723 2.950914
 9126.000000 7.892119 1.530117 2.940002
 9129.000000 7.843703 1.504913 2.952466
 9132.000000 7.797088 1.527988 2.936344
 9135.000000 7.856332 1.517580 2.971825
 9138.000000 7.917517 1.536556 2.966740
 9141.000000 7.879359 1.545795 2.973039
 9144.000000 7.908364 1.533068 2.948970
 9147.000000 7.893838 1.542301 2.989510
 9150.000000 7.919009 1.554959 2.959525
 9153.000000 7.993195 1.555547 2.949241
 9156.000000 8.047430 1.570555 2.944003
 9159.000000 8.015077 1.602134 2.917325
 9162.000000 7.961174 1.595247 2.917928
 9165.000000 8.007060 1.579727 2.954554
 9168.000000 8.004483 1.600540 2.972880
 9171.000000 7.955110 1.626489 2.944516
 9174.000000 7.943559 1.578770 2.930469
 9177.000000 7.915312 1.539863 2.947270
 9180.000000 7.859770 1.517628 2.975839
 9183.000000 7.901897 1.547658 2.961328
 9186.000000 7.921350 1.514698 2.975249
 9189.000000 7.980723 1.533907 2.969699
 9192.000000 8.062721 1.553825 2.975333
 9195.000000 8.089120 1.570283 2.982929
 9198.000000 8.016131 1.585202 2.957104
 9201.000000 8.023218 1.584643 2.960809
 9204.000000 8.078349 1.585908 2.997031
 9207.000000 8.030317 1.576156 3.012848
 9210.000000 8.087689 1.560250 3.025601
 9213.000000 7.999118 1.572258 2.970305
 9216.000000 8.029809 1.569416 2.952588
 9219.000000 8.048405 1.554757 2.967411
 9222.000000 7.979231 1.554132 2.963223
 9225.000000 7.979905 1.560053 2.956237
 9228.000000 7.871330 1.548505 2.949590
 9231.000000 7.978837 1.532384 2.991108
 9234.000000 8.034492 1.569532 2.991647
 9237.000000 7.984914 1.572735 2.949333
 9240.000000 7.987816 1.549778 2.975638
 9243.000000 7.996406 1.560358 2.967994
 9246.000000 7.994632 1.588871 2.950845
 9249.000000 8.020607 1.563669 2.971870
 9252.000000 8.013267 1.565133 2.990280
 9255.000000 8.063640 1.516849 2.993150
 9258.000000 8.086367 1.534243 3.024094
 9261.000000 8.001096 1.549973 3.010458
 9264.000000 7.966838 1.537903 3.001243
 9267.000000 7.942608 1.528822 2.989494
 9270.000000 7.942474 1.549517 2.982094
 9273.000000 7.902320 1.562901 2.964312
 9276.000000 7.947043 1.582431 2.967562
 9279.000000 7.829921 1.568601 2.961144
 9282.000000 7.880596 1.548972 2.994215
 9285.000000 7.873570 1.557439 2.979455
 9288.000000 7.894270 1.562680 2.980362
 9291.000000 7.855034 1.562685 2.987758
 9294.000000 7.786950 1.549049 2.992235
 9297.000000 7.732124 1.561000 2.942754
 9300.000000 7.731764 1.547196 2.952285
 9303.000000 7.819837 1.553031 2.968664
 9306.000000 7.918475 1.543515 2.972767
 9309.000000 7.813640 1.561004 2.966353
 9312.000000 7.836285 1.549440 2.970825
 9315.000000 7.817534 1.550767 2.965776
 9318.000000 7.818609 1.575635 2.954553
 9321.000000 7.793091 1.577918 2.974889
 9324.000000 7.704909 1.577858 2.995139
 9327.000000 7.781899 1.600118 2.958914
 9330.000000 7.798112 1.586015 2.980347
 9333.000000 7.770008 1.606096 2.965804
 9336.000000 7.765843 1.575876 3.000560
 9339.000000 7.695260 1.571772 3.024811
 9342.000000 7.707824 1.571605 2.962671
 9345.000000 7.726963 1.569091 2.968353
 9348.000000 7.754770 1.578623 2.945970
 9351.000000 7.642378 1.599435 2.950695
 9354.000000 7.728553 1.605960 2.969539
 9357.000000 7.802036 1.626921 2.948248
 9360.000000 7.763717 1.623683 2.917541
 9363.000000 7.872051 1.617535 2.928591
 9366.000000 7.884318 1.615051 2.964450
 9369.000000 7.828823 1.608264 2.960246
 9372.000000 7.812538 1.593638 2.938557
 9375.000000 7.854081 1.581896 2.966721
 9378.000000 7.877484 1.543327 2.959511
 9381.000000 7.871185 1.546325 2.952828
 9384.000000 7.887549 1.546369 2.930180
 9387.000000 7.836452 1.571180 2.923812
 9390.000000 7.845118 1.560455 2.947242
 9393.000000 7.891746 1.553583 2.927256
 9396.000000 7.815996 1.530105 2.943961
 9399.000000 7.805737 1.535709 2.980026
 9402.000000 7.805467 1.544926 2.943251
 9405.000000 7.733974 1.531365 2.962483
 9408.000000 7.686457 1.554369 2.938101
 9411.000000 7.754689 1.569888 2.956539
 9414.000000 7.689350 1.556181 2.964173
 9417.000000 7.744788 1.558347 2.956955
 9420.000000 7.815023 1.566698 2.928101
 9423.000000 7.893993 1.565471 2.935407
 9426.000000 7.881439 1.581655 2.925457
 9429.000000 7.831232 1.569063 2.971628
 9432.000000 7.906591 1.558288 2.958131
 9435.000000 7.905502 1.566632 2.913397
 9438.000000 8.010182 1.577587 2.956206
 9441.000000 8.051216 1.585976 2.977936
 9444.000000 7.990867 1.586198 3.006496
 9447.000000 7.957554 1.585951 2.988251
 9450.000000 7.975419 1.584382 3.002219
 9453.000000 7.994252 1.611288 2.974859
 9456.000000 7.978890 1.597075 2.985101
 9459.000000 8.050097 1.596225 2.976582
 9462.000000 8.022437 1.613253 2.975320
 9465.000000 8.016667 1.578878 3.007197
 9468.000000 8.003347 1.581809 2.980449
 9471.000000 7.992922 1.568154 3.015243
 9474.000000 7.932353 1.608646 2.973098
 9477.000000 8.021839 1.605655 2.990059
 9480.000000 8.016146 1.604115 2.998427
 9483.000000 7.973471 1.572269 3.035493
 9486.000000 8.084226 1.580758 2.990439
 9489.000000 8.018841 1.545212 2.994258
 9492.000000 7.934003 1.577520 2.952622
 9495.000000 7.979060 1.559805 3.000150
 9498.000000 7.939825 1.569394 2.992156
 9501.000000 7.904218 1.569171 3.019314
 9504.000000 7.936733 1.550457 3.048641
 9507.000000 7.885842 1.554799 3.029391
 9510.000000 7.923723 1.569597 3.020027
 9513.000000 7.893681 1.562786 3.053657
 9516.000000 7.988744 1.583694 3.020955
 9519.000000 7.937066 1.590214 3.016908
 9522.000000 7.944532 1.611406 2.999416
 9525.000000 7.931483 1.594272 3.024165
 9528.000000 7.968633 1.606896 2.986598
 9531.000000 8.009140 1.638434 2.981667
 9534.000000 7.949993 1.634131 2.968456
 9537.000000 7.946654 1.616258 2.956502
 9540.000000 7.995152 1.632945 2.952276
 9543.000000 7.913492 1.627570 3.003096
 9546.000000 7.932729 1.603246 3.011289
 9549.000000 7.990302 1.619938 2.970799
 9552.000000 7.912653 1.615539 2.964415
 9555.000000 7.860240 1.601998 2.992317
 9558.000000 7.777929 1.623719 2.957969
 9561.000000 7.717177 1.624325 2.943850
 9564.000000 7.750125 1.611750 2.972859
 9567.000000 7.831844 1.633670 2.997968
 9570.000000 7.817055 1.634176 2.999859
 9573.000000 7.776545 1.614125 3.004699
 9576.000000 7.791820 1.626015 3.029186
 9579.000000 7.781579 1.625716 2.974237
 9582.000000 7.854124 1.636512 2.966365
 9585.000000 7.806260 1.608207 2.975753
 9588.000000 7.860768 1.591000 3.008173
 9591.000000 7.816173 1.571329 3.012194
 9594.000000 7.806720 1.546350 3.007918
 9597.000000 7.887305 1.536006 3.011526
 9600.000000 7.905679 1.564861 3.002428
 9603.000000 7.884291 1.541666 3.017300
 9606.000000 7.926748 1.560225 3.025961
 9609.000000 7.936089 1.563608 3.015802
 9612.000000 7.959411 1.561547 3.018491
 9615.000000 7.862702 1.573794 2.972740
 9618.000000 7.866091 1.550966 3.023091
 9621.000000 7.907676 1.562761 3.028113
 9624.000000 7.886683 1.558937 3.029624
 9627.000000 7.873153 1.576551 3.024260
 9630.000000 7.921592 1.576421 3.013920
 9633.000000 7.943661 1.560622 3.029214
 9636.000000 7.976856 1.569053 3.003323
 9639.000000 7.988923 1.582825 2.969955
 9642.000000 8.026158 1.586325 2.957818
 9645.000000 7.938189 1.576688 2.978921
 9648.000000 8.002330 1.585483 3.004039
 9651.000000 8.002319 1.585212 2.981946
 9654.000000 7.994985 1.595372 2.987964
 9657.000000 8.096314 1.585936 2.967707
 9660.000000 8.064378 1.585128 2.975648
 9663.000000 8.092911 1.585353 2.973780
 9666.000000 8.027379 1.572963 2.987996
 9669.000000 8.109575 1.580015 2.967574
 9672.000000 8.048237 1.539672 2.996399
 9675.000000 8.058378 1.531170 2.990134
 9678.000000 7.982271 1.551671 2.934793
 9681.000000 7.932595 1.539459 2.978694
 9684.000000 7.914809 1.567439 2.941572
 9687.000000 7.895183 1.575402 2.942354
 9690.000000 7.879597 1.542753 3.010284
 9693.000000 7.912305 1.543741 3.004941
 9696.000000 7.966727 1.562041 3.019857
 9699.000000 7.919220 1.569818 2.999668
 9702.000000 7.987352 1.545990 3.020772
 9705.000000 7.887838 1.554571 3.012951
 9708.000000 7.942977 1.558623 3.023140
 9711.000000 8.072949 1.587655 2.973525
 9714.000000 8.085849 1.573832 2.967261
 9717.000000 7.998147 1.549301 2.963186
 9720.000000 8.010309 1.578274 2.946960
 9723.000000 7.977665 1.536678 2.966354
 9726.000000 8.008560 1.555337 2.945764
 9729.000000 8.015630 1.515677 2.987811
 9732.000000 8.049422 1.509447 2.970388
 9735.000000 7.882561 1.509064 2.959199
 9738.000000 7.976994 1.512880 2.955994
 9741.000000 8.056911 1.513188 2.937241
 9744.000000 8.086399 1.531167 2.942934
 9747.000000 8.005008 1.527561 2.948344
 9750.000000 8.042841 1.546088 2.932659
 9753.000000 7.919923 1.547226 2.908218
 9756.000000 7.987103 1.559526 2.950838
 9759.000000 8.026273 1.588088 2.930523
 9762.000000 8.042434 1.585425 2.923299
 9765.000000 7.903672 1.596934 2.934814
 9768.000000 7.834350 1.606060 2.925525
 9771.000000 7.843102 1.632073 2.936486
 9774.000000 7.878719 1.610827 2.938701
 9777.000000 7.915168 1.611916 2.935527
 9780.000000 7.931316 1.619274 2.923448
 9783.000000 7.876571 1.602226 2.912217
 9786.000000 7.891880 1.601329 2.909519
 9789.000000 7.844384 1.597371 2.944130
 9792.000000 7.861630 1.597303 2.925309
 9795.000000 7.877192 1.571114 2.980119
 9798.000000 7.813226 1.558811 2.966292
 9801.000000 7.910930 1.567852 2.951061
 9804.000000 7.941364 1.588485 2.954758
 9807.000000 7.896495 1.572210 2.963016
 9810.000000 7.849948 1.546009 2.984547
 9813.000000 7.912227 1.570752 2.950215
 9816.000000 7.858459 1.557799 2.942686
 9819.000000 7.867015 1.570250 2.945385
 9822.000000 7.877066 1.569451 2.929558
 9825.000000 7.854261 1.538346 2.933487
 9828.000000 7.877211 1.548399 2.932166
 9831.000000 7.921617 1.560814 2.932562
 9834.000000 7.927205 1.571071 2.926283
 9837.000000 7.871694 1.555557 2.937082
 9840.000000 7.863554 1.558990 2.948185
 9843.000000 7.861533 1.579435 2.913715
 9846.000000 7.919295 1.564463 2.957235
 9849.000000 8.013462 1.555718 2.947560
 9852.000000 7.985612 1.574024 2.936910
 9855.000000 7.891448 1.583490 2.945917
 9858.000000 7.956198 1.608268 2.911568
 9861.000000 7.964340 1.584177 2.921102
 9864.000000 7.952750 1.568103 2.957553
 9867.000000 8.036900 1.568805 2.965737
 9870.000000 7.978784 1.563649 2.969840
 9873.000000 7.924179 1.564829 2.964441
 9876.000000 8.006329 1.559388 3.005731
 9879.000000 7.971879 1.582885 2.959825
 9882.000000 8.078256 1.570809 2.992091
 9885.000000 8.072640 1.573784 2.990127
 9888.000000 8.014508 1.592859 2.933504
 9891.000000 7.981967 1.584887 2.931398
 9894.000000 7.920915 1.580682 2.932485
 9897.000000 7.870148 1.561362 2.944313
 9900.000000 7.863542 1.555210 2.949039
 9903.000000 7.883723 1.559230 2.993858
 9906.000000 7.906735 1.544243 2.988845
 9909.000000 7.847147 1.539528 2.974381
 9912.000000 7.963742 1.531829 3.004933
 9915.000000 7.929835 1.533001 2.991119
 9918.000000 8.010723 1.524769 3.016644
 9921.000000 8.021474 1.523006 2.977506
 9924.000000 8.054874 1.531074 2.955784
 9927.000000 8.028130 1.537220 2.968048
 9930.000000 8.024464 1.544124 2.968933
 9933.000000 8.047876 1.553714 3.013573
 9936.000000 8.077330 1.569255 3.013293
 9939.000000 8.138436 1.563411 2.987274
 9942.000000 8.056369 1.554455 2.993317
 9945.000000 8.048318 1.569033 2.939810
 9948.000000 8.015797 1.563190 2.981115
 9951.000000 7.971807 1.581018 3.007802
 9954.000000 7.926489 1.588217 2.974102
 9957.000000 7.999926 1.566501 2.945761
 9960.000000 8.033949 1.587676 2.919270
 9963.000000 8.033384 1.581913 2.922192
 9966.000000 7.966126 1.581857 2.922894
 9969.000000 7.895523 1.593225 2.938374
 9972.000000 7.970877 1.574414 2.936244
 9975.000000 7.890893 1.565893 2.944435
 9978.000000 7.939461 1.567096 2.987044
 9981.000000 7.943633 1.579692 2.982457
 9984.000000 7.924440 1.591323 2.958635
 9987.000000 7.898541 1.604101 2.929564
 9990.000000 7.910564 1.575428 2.964467
 9993.000000 7.960833 1.577395 2.943693
 9996.000000 7.978003 1.561199 2.965763
 9999.000000 7.945130 1.554864 2.966840
 10002.000000 7.985550 1.545448 2.947007
 10005.000000 7.933969 1.555546 2.926311
 10008.000000 8.009863 1.570679 2.934026
 10011.000000 7.961620 1.581554 2.937616
 10014.000000 7.911345 1.597138 2.921236
 10017.000000 7.826427 1.589318 2.936432
 10020.000000 7.895129 1.581372 2.963725
 10023.000000 7.902467 1.600791 2.959292
 10026.000000 7.849316 1.577105 2.971210
 10029.000000 8.011978 1.564372 2.992358
 10032.000000 7.967320 1.544169 3.001802
 10035.000000 8.004969 1.548312 2.983197
 10038.000000 7.992069 1.553737 2.977745
 10041.000000 7.984818 1.574402 2.986784
 10044.000000 8.051499 1.572978 2.988791
 10047.000000 8.030464 1.583996 2.990003
 10050.000000 8.021547 1.601305 3.005712
 10053.000000 7.937068 1.604570 2.974505
 10056.000000 7.967078 1.628057 2.936316
 10059.000000 7.980399 1.621023 2.978217
 10062.000000 7.978585 1.622995 3.024030
 10065.000000 8.029111 1.620071 3.003220
 10068.000000 7.904070 1.627631 2.958770
 10071.000000 8.005637 1.600439 2.994180
 10074.000000 8.008271 1.625033 2.963022
 10077.000000 7.986332 1.617580 2.979301
 10080.000000 8.031928 1.624931 2.969344
 10083.000000 8.073408 1.596842 2.969719
 10086.000000 7.994468 1.586426 2.955387
 10089.000000 7.859617 1.588765 2.958959
 10092.000000 7.904850 1.595209 2.933780
 10095.000000 7.887483 1.550148 2.953868
 10098.000000 7.889474 1.565796 2.961770
 10101.000000 7.933888 1.551736 2.970513
 10104.000000 7.867919 1.573505 2.958699
 10107.000000 7.800642 1.582874 2.930597
 10110.000000 7.824599 1.568398 2.944515
 10113.000000 7.792565 1.571774 2.946168
 10116.000000 7.816069 1.560054 2.969827
 10119.000000 7.825738 1.559175 2.957135
 10122.000000 7.853379 1.552687 2.946153
 10125.000000 7.872170 1.555700 2.941452
 10128.000000 7.871982 1.594431 2.935865
 10131.000000 7.853582 1.562769 2.978015
 10134.000000 7.788853 1.582235 2.949680
 10137.000000 7.906082 1.576159 2.968086
 10140.000000 7.918642 1.592918 2.933360
 10143.000000 7.918614 1.599869 2.960430
 10146.000000 7.902031 1.570893 2.977662
 10149.000000 7.879318 1.551372 3.004828
 10152.000000 7.929801 1.550504 2.992020
 10155.000000 7.913673 1.537557 2.993072
 10158.000000 7.927500 1.544524 2.978154
 10161.000000 7.929924 1.556187 2.967538
 10164.000000 7.931117 1.536553 2.980647
 10167.000000 7.884810 1.551585 2.969159
 10170.000000 7.886265 1.550358 2.982061
 10173.000000 8.006370 1.548165 2.983463
 10176.000000 7.990028 1.582123 2.940365
 10179.000000 7.989861 1.562296 2.961606
 10182.000000 8.072713 1.574890 2.956944
 10185.000000 8.036988 1.563537 2.965132
 10188.000000 7.997904 1.558351 2.977821
 10191.000000 7.981027 1.583344 2.987318
 10194.000000 8.015888 1.572431 2.965373
 10197.000000 8.027900 1.598224 2.940761
 10200.000000 8.069160 1.613169 2.967692
 10203.000000 8.065965 1.608097 2.933007
 10206.000000 8.079257 1.596834 2.969026
 10209.000000 8.007922 1.581626 2.935882
 10212.000000 7.918125 1.595280 2.963136
 10215.000000 7.939993 1.606329 2.956980
 10218.000000 8.015444 1.585244 2.944374
 10221.000000 8.063192 1.580288 2.921524
 10224.000000 8.064018 1.582260 2.912545
 10227.000000 8.034863 1.583639 2.912279
 10230.000000 8.069122 1.543746 2.933638
 10233.000000 8.074007 1.533989 2.965990
 10236.000000 8.006481 1.522207 2.987270
 10239.000000 7.959385 1.546767 2.944574
 10242.000000 7.967118 1.511833 3.011149
 10245.000000 8.006774 1.531901 2.991150
 10248.000000 7.964481 1.535370 2.996156
 10251.000000 7.996771 1.518097 2.972662
 10254.000000 7.942799 1.520885 2.931879
 10257.000000 7.919837 1.524402 2.946893
 10260.000000 7.942272 1.557852 2.927953
 10263.000000 7.966895 1.548640 2.947528
 10266.000000 7.908879 1.512144 2.943902
 10269.000000 7.960400 1.533470 2.939646
 10272.000000 7.840404 1.512236 2.959678
 10275.000000 7.877155 1.538307 2.938881
 10278.000000 7.897864 1.533520 2.923877
 10281.000000 7.916129 1.500464 2.977854
 10284.000000 7.955362 1.524299 2.949382
 10287.000000 7.911557 1.531821 2.930889
 10290.000000 7.924077 1.530665 2.945133
 10293.000000 7.943106 1.534295 2.931225
 10296.000000 7.899458 1.513541 2.959597
 10299.000000 7.909249 1.533134 2.955061
 10302.000000 7.921559 1.524324 2.963688
 10305.000000 7.923363 1.571087 2.935963
 10308.000000 7.831328 1.555397 2.971225
 10311.000000 7.871247 1.574287 2.960721
 10314.000000 7.890315 1.583315 2.936764
 10317.000000 7.874346 1.554710 2.985471
 10320.000000 7.890211 1.539453 2.983536
 10323.000000 7.874406 1.570220 2.978270
 10326.000000 7.856204 1.552992 2.977952
 10329.000000 7.804730 1.555590 2.983528
 10332.000000 7.851950 1.561159 2.975894
 10335.000000 7.910792 1.568834 3.000231
 10338.000000 7.874049 1.554558 2.999089
 10341.000000 7.785239 1.550083 2.995637
 10344.000000 7.764543 1.578213 2.965308
 10347.000000 7.743852 1.601580 2.927007
 10350.000000 7.728738 1.595550 2.967324
 10353.000000 7.776289 1.589343 2.973079
 10356.000000 7.864910 1.588310 2.989870
 10359.000000 7.926886 1.582679 3.008473
 10362.000000 7.929782 1.567403 3.025533
 10365.000000 7.998551 1.571871 3.004335
 10368.000000 7.930948 1.595243 2.995755
 10371.000000 8.007649 1.584166 2.992996
 10374.000000 8.079976 1.592651 2.982781
 10377.000000 8.036990 1.561302 3.000186
 10380.000000 8.050209 1.572617 2.969809
 10383.000000 7.991946 1.578023 2.942114
 10386.000000 7.969670 1.561643 2.958171
 10389.000000 7.921561 1.585433 2.950622
 10392.000000 7.996448 1.570021 3.011084
 10395.000000 8.006488 1.554260 3.030886
 10398.000000 7.923491 1.547303 3.059327
 10401.000000 7.916810 1.536745 3.058421
 10404.000000 7.852991 1.550623 3.042583
 10407.000000 7.830649 1.577644 3.008030
 10410.000000 7.904623 1.555429 2.990530
 10413.000000 7.885167 1.547185 3.011789
 10416.000000 7.881020 1.564813 2.975280
 10419.000000 7.908966 1.550598 2.983105
 10422.000000 7.931455 1.548714 2.975755
 10425.000000 7.806538 1.553402 2.982208
 10428.000000 7.825249 1.547374 2.974911
 10431.000000 7.887360 1.559488 2.989254
 10434.000000 7.928026 1.558745 2.986344
 10437.000000 7.911747 1.532080 2.994469
 10440.000000 7.891667 1.541279 2.976806
 10443.000000 7.918544 1.515624 3.010512
 10446.000000 7.897403 1.521212 2.993162
 10449.000000 7.866951 1.541637 2.997244
 10452.000000 7.920818 1.558536 3.005090
 10455.000000 8.015450 1.573893 3.000358
 10458.000000 7.945415 1.575927 2.998099
 10461.000000 7.998663 1.575816 2.988981
 10464.000000 7.971814 1.575432 2.993104
 10467.000000 8.008023 1.564798 2.992211
 10470.000000 7.968252 1.556866 2.980152
 10473.000000 7.988934 1.546908 2.995880
 10476.000000 7.996101 1.565026 2.949919
 10479.000000 8.010495 1.544524 2.960198
 10482.000000 7.992334 1.570995 2.922241
 10485.000000 7.960266 1.572842 2.949171
 10488.000000 7.966340 1.575984 2.960331
 10491.000000 7.959333 1.560985 2.993369
 10494.000000 7.970962 1.565452 3.011593
 10497.000000 7.962856 1.571606 3.011885
 10500.000000 7.987898 1.569347 2.981910
 10503.000000 8.026802 1.577806 3.006750
 10506.000000 8.058490 1.579058 3.027782
 10509.000000 8.071485 1.602771 3.011030
 10512.000000 8.079306 1.594685 2.994572
 10515.000000 8.018023 1.606083 2.988565
 10518.000000 8.030512 1.590577 3.000774
 10521.000000 8.035959 1.578079 2.996568
 10524.000000 8.085558 1.549513 2.985248
 10527.000000 8.108435 1.568694 2.973918
 10530.000000 8.064295 1.570383 2.957163
 10533.000000 8.070847 1.546824 2.996050
 10536.000000 8.095799 1.542272 2.997299
 10539.000000 8.024377 1.542727 2.994143
 10542.000000 8.012886 1.544711 2.980473
 10545.000000 8.071833 1.541301 2.954064
 10548.000000 8.031008 1.539873 2.981611
 10551.000000 8.023836 1.546583 2.972639
 10554.000000 8.094365 1.550860 2.988607
 10557.000000 8.108920 1.555571 2.990025
 10560.000000 8.018767 1.583514 2.943191
 10563.000000 8.096877 1.575584 2.931781
 10566.000000 8.102100 1.569523 2.976013
 10569.000000 7.988674 1.575576 2.958290
 10572.000000 8.069712 1.543116 2.976707
 10575.000000 8.053862 1.536637 3.007203
 10578.000000 8.157596 1.567459 2.964239
 10581.000000 8.089476 1.543881 2.983201
 10584.000000 8.118074 1.555267 2.984437
 10587.000000 8.066550 1.549543 2.992665
 10590.000000 8.002815 1.546045 3.000053
 10593.000000 7.947746 1.552724 3.023656
 10596.000000 7.937764 1.555403 2.976023
 10599.000000 7.942905 1.549426 2.966239
 10602.000000 7.900186 1.549922 2.930278
 10605.000000 7.888343 1.559127 2.948685
 10608.000000 7.952870 1.563338 2.932612
 10611.000000 7.949903 1.557367 2.954038
 10614.000000 7.973421 1.551679 2.995170
 10617.000000 7.958169 1.556892 2.954197
 10620.000000 7.956581 1.568111 2.974116
 10623.000000 7.937053 1.576527 2.986294
 10626.000000 7.894909 1.590078 2.966258
 10629.000000 7.899970 1.591738 2.986338
 10632.000000 7.823311 1.607034 2.948487
 10635.000000 7.846707 1.577481 2.992814
 10638.000000 7.909209 1.575916 2.998281
 10641.000000 7.988510 1.556773 2.978530
 10644.000000 7.945982 1.562034 2.958178
 10647.000000 8.050276 1.559520 2.939100
 10650.000000 8.081518 1.569585 2.928123
 10653.000000 8.159022 1.574861 2.911747
 10656.000000 8.064226 1.586628 2.890185
 10659.000000 8.047469 1.559480 2.955313
 10662.000000 7.961666 1.557650 2.930735
 10665.000000 8.002773 1.550556 2.936037
 10668.000000 7.939859 1.542489 2.927590
 10671.000000 7.921136 1.559922 2.961489
 10674.000000 7.965019 1.558222 2.956535
 10677.000000 7.993377 1.581093 2.935396
 10680.000000 8.029014 1.547369 2.963862
 10683.000000 8.008189 1.550549 2.993334
 10686.000000 7.936961 1.543236 3.001051
 10689.000000 7.960036 1.535538 2.958984
 10692.000000 7.875655 1.549384 2.969663
 10695.000000 7.865484 1.563347 2.943764
 10698.000000 7.857385 1.561581 2.943841
 10701.000000 7.899501 1.578832 2.932992
 10704.000000 7.938004 1.530415 2.977319
 10707.000000 7.910723 1.538248 2.990713
 10710.000000 7.890330 1.547601 2.994609
 10713.000000 7.867320 1.568647 2.979220
 10716.000000 7.881577 1.551044 3.010685
 10719.000000 7.853214 1.564601 2.991198
 10722.000000 7.914238 1.562044 2.990879
 10725.000000 7.864927 1.561389 3.010864
 10728.000000 7.862766 1.535247 2.981360
 10731.000000 7.897532 1.526285 2.955791
 10734.000000 7.913016 1.531238 2.971359
 10737.000000 7.956831 1.540858 2.989725
 10740.000000 7.993341 1.543001 2.967841
 10743.000000 7.934604 1.529636 2.969587
 10746.000000 7.973703 1.536402 2.976442
 10749.000000 7.938531 1.543761 2.972331
 10752.000000 7.985539 1.531377 2.958233
 10755.000000 8.001080 1.553855 3.000573
 10758.000000 7.945486 1.552638 3.001572
 10761.000000 8.065070 1.571522 2.978839
 10764.000000 8.019265 1.525970 3.025293
 10767.000000 7.944331 1.531175 2.986608
 10770.000000 7.896371 1.554180 2.980921
 10773.000000 7.910807 1.550836 2.967055
 10776.000000 7.874221 1.526526 3.001709
 10779.000000 7.885777 1.538881 2.995625
 10782.000000 7.795142 1.542481 2.977501
 10785.000000 7.808866 1.538201 2.986602
 10788.000000 7.848332 1.556794 2.963321
 10791.000000 7.874898 1.555138 2.955744
 10794.000000 7.891847 1.562700 2.946358
 10797.000000 7.938830 1.530049 2.995743
 10800.000000 7.941305 1.550601 2.971780
 10803.000000 8.013297 1.552824 2.973544
 10806.000000 8.064535 1.553716 2.989841
 10809.000000 8.033315 1.576082 2.978234
 10812.000000 8.057933 1.557930 2.986423
 10815.000000 8.044097 1.545529 3.002406
 10818.000000 7.963259 1.538065 2.997154
 10821.000000 7.948078 1.551970 2.971558
 10824.000000 7.877459 1.533439 2.986541
 10827.000000 7.854456 1.556631 2.978942
 10830.000000 7.887930 1.556055 2.995393
 10833.000000 7.904964 1.542898 2.993765
 10836.000000 7.897494 1.553224 2.976187
 10839.000000 7.946483 1.529281 2.955114
 10842.000000 7.954850 1.516800 2.930348
 10845.000000 7.918471 1.541515 2.900276
 10848.000000 7.973002 1.472876 2.969033
 10851.000000 7.952440 1.507456 2.953026
 10854.000000 7.905591 1.497753 2.958896
 10857.000000 7.808001 1.509249 2.929006
 10860.000000 7.905005 1.518528 2.937016
 10863.000000 7.960886 1.510203 2.959779
 10866.000000 7.971700 1.502768 2.941247
 10869.000000 7.867878 1.469957 2.959579
 10872.000000 7.879235 1.505132 2.959015
 10875.000000 7.873914 1.487969 2.964836
 10878.000000 7.899395 1.501328 2.948329
 10881.000000 7.947923 1.504623 2.912489
 10884.000000 7.862562 1.497469 2.915337
 10887.000000 7.877150 1.480740 2.933565
 10890.000000 7.917561 1.480446 2.935750
 10893.000000 7.849097 1.493688 2.907604
 10896.000000 7.883525 1.477446 2.961121
 10899.000000 7.979967 1.485657 2.943361
 10902.000000 8.004138 1.479613 2.963039
 10905.000000 7.984215 1.508313 2.961407
 10908.000000 8.000904 1.486855 2.969574
 10911.000000 7.983417 1.484255 2.983725
 10914.000000 7.898986 1.495111 3.001077
 10917.000000 7.837053 1.502109 2.982915
 10920.000000 7.912355 1.504666 2.959398
 10923.000000 7.873818 1.525831 2.918446
 10926.000000 7.848498 1.504898 2.951282
 10929.000000 7.792819 1.503323 2.965734
 10932.000000 7.927809 1.505278 2.935182
 10935.000000 7.993745 1.520280 2.925110
 10938.000000 7.952775 1.503103 2.964558
 10941.000000 7.910966 1.514018 2.954257
 10944.000000 7.973460 1.508687 2.953833
 10947.000000 7.978306 1.488238 2.953967
 10950.000000 8.000038 1.494348 2.986697
 10953.000000 8.069536 1.511588 2.970655
 10956.000000 7.956957 1.524677 2.953891
 10959.000000 7.837553 1.526405 2.934511
 10962.000000 7.751496 1.542970 2.911924
 10965.000000 7.723600 1.556983 2.925470
 10968.000000 7.730709 1.578453 2.933626
 10971.000000 7.665061 1.574935 2.916268
 10974.000000 7.722279 1.558853 2.925496
 10977.000000 7.730974 1.565163 2.918952
 10980.000000 7.653728 1.539552 2.947717
 10983.000000 7.680850 1.534619 2.965136
 10986.000000 7.703011 1.533477 2.896292
 10989.000000 7.646578 1.547596 2.910147
 10992.000000 7.656193 1.534922 2.915219
 10995.000000 7.639097 1.524794 2.907645
 10998.000000 7.638108 1.529131 2.910171
 11001.000000 7.607545 1.528306 2.938549
 11004.000000 7.682591 1.517466 2.922505
 11007.000000 7.713950 1.510716 2.938348
 11010.000000 7.788847 1.531507 2.944648
 11013.000000 7.839568 1.523535 2.969099
 11016.000000 7.887581 1.535631 2.941971
 11019.000000 7.878553 1.567987 2.914913
 11022.000000 7.896830 1.558870 2.963843
 11025.000000 7.900186 1.555101 2.956119
 11028.000000 7.912882 1.552349 2.970746
 11031.000000 7.914055 1.569993 2.962156
 11034.000000 7.924315 1.569721 2.998802
 11037.000000 7.861098 1.540662 2.996760
 11040.000000 7.905888 1.557843 3.000261
 11043.000000 7.935686 1.542232 3.000813
 11046.000000 7.871630 1.533650 2.998166
 11049.000000 7.909766 1.536447 3.008189
 11052.000000 7.938100 1.522196 2.984184
 11055.000000 7.901342 1.551414 2.938048
 11058.000000 7.821894 1.588397 2.946826
 11061.000000 7.755234 1.530650 2.996471
 11064.000000 7.789180 1.535446 2.996160
 11067.000000 7.739078 1.566347 2.990250
 11070.000000 7.766013 1.567354 2.970450
 11073.000000 7.738581 1.578405 2.960060
 11076.000000 7.760361 1.572855 2.970913
 11079.000000 7.700240 1.576047 2.967657
 11082.000000 7.747432 1.569105 2.995098
 11085.000000 7.888370 1.576657 3.002765
 11088.000000 7.852732 1.546965 3.004602
 11091.000000 7.826500 1.540014 2.980027
 11094.000000 7.920304 1.566901 2.943432
 11097.000000 7.963650 1.535955 2.967549
 11100.000000 7.857915 1.565736 2.987462
 11103.000000 7.872465 1.561699 2.953644
 11106.000000 7.868278 1.543220 2.928655
 11109.000000 7.915964 1.547931 2.937964
 11112.000000 7.977950 1.540876 2.963313
 11115.000000 7.973239 1.552092 2.971748
 11118.000000 7.941960 1.550977 2.980994
 11121.000000 7.937219 1.567776 2.985027
 11124.000000 7.904146 1.565567 2.995556
 11127.000000 7.886528 1.555382 2.975341
 11130.000000 7.849607 1.554112 3.008834
 11133.000000 7.841834 1.554471 3.009568
 11136.000000 7.885117 1.551765 2.998790
 11139.000000 7.818323 1.540695 2.969321
 11142.000000 7.901575 1.545347 2.988884
 11145.000000 7.913469 1.563645 2.969570
 11148.000000 7.865067 1.557031 2.978929
 11151.000000 7.818161 1.549096 2.980654
 11154.000000 7.893291 1.554416 2.985739
 11157.000000 7.920301 1.552463 2.968139
 11160.000000 7.890506 1.528810 2.973144
 11163.000000 7.916836 1.519544 2.996882
 11166.000000 7.907723 1.566450 2.962041
 11169.000000 7.915695 1.541093 2.984246
 11172.000000 7.917125 1.529443 2.986065
 11175.000000 7.910691 1.539416 3.018041
 11178.000000 7.840989 1.519224 2.992015
 11181.000000 7.787207 1.523298 2.979281
 11184.000000 7.859423 1.522362 2.958940
 11187.000000 7.844080 1.515442 2.981923
 11190.000000 7.814946 1.537156 2.969005
 11193.000000 7.856706 1.543030 2.939015
 11196.000000 7.887433 1.561499 2.966380
 11199.000000 7.946627 1.588975 2.937483
 11202.000000 7.986630 1.593936 2.955616
 11205.000000 7.929837 1.566817 2.984465
 11208.000000 7.957362 1.559134 2.998344
 11211.000000 7.958957 1.567853 2.964584
 11214.000000 8.016048 1.596287 2.997378
 11217.000000 7.915507 1.565973 3.007083
 11220.000000 7.964221 1.565613 2.998748
 11223.000000 7.990433 1.588315 2.940293
 11226.000000 7.984638 1.562208 2.978220
 11229.000000 7.968569 1.557916 2.990915
 11232.000000 7.967132 1.560206 2.953087
 11235.000000 8.000915 1.558845 2.985438
 11238.000000 7.991856 1.537480 2.973334
 11241.000000 8.026443 1.544174 2.987195
 11244.000000 7.983690 1.552746 2.998387
 11247.000000 8.063362 1.556900 2.990379
 11250.000000 7.947730 1.554928 2.964769
 11253.000000 7.913572 1.547131 3.000122
 11256.000000 7.863651 1.555839 3.010036
 11259.000000 7.900645 1.568346 2.980252
 11262.000000 7.877072 1.543359 2.972729
 11265.000000 7.914057 1.558815 2.986558
 11268.000000 7.918852 1.547399 2.983249
 11271.000000 7.906452 1.579409 2.963730
 11274.000000 7.905686 1.557421 2.961167
 11277.000000 8.002004 1.553841 2.962064
 11280.000000 8.047429 1.565624 2.916813
 11283.000000 8.020737 1.557393 2.951707
 11286.000000 8.058338 1.582932 2.945134
 11289.000000 7.978569 1.568454 2.968941
 11292.000000 8.010466 1.540886 2.980371
 11295.000000 8.045284 1.547924 2.979732
 11298.000000 8.013765 1.539713 2.986358
 11301.000000 7.952857 1.517885 3.010413
 11304.000000 7.997950 1.511523 3.027682
 11307.000000 7.961802 1.527934 2.987564
 11310.000000 7.969069 1.528225 3.001354
 11313.000000 7.961669 1.545963 3.000932
 11316.000000 7.915469 1.557225 3.019389
 11319.000000 7.969454 1.555095 3.018832
 11322.000000 8.032201 1.569564 3.003412
 11325.000000 8.039307 1.565697 3.027657
 11328.000000 8.070484 1.539022 3.021253
 11331.000000 8.057814 1.540248 2.987908
 11334.000000 8.062901 1.562288 2.971022
 11337.000000 8.075701 1.540167 2.975906
 11340.000000 8.013989 1.568144 3.015012
 11343.000000 8.017725 1.570418 3.031004
 11346.000000 7.934053 1.579130 3.010302
 11349.000000 7.939896 1.577132 2.978737
 11352.000000 7.944829 1.567955 3.011467
 11355.000000 8.012555 1.568011 3.012045
 11358.000000 7.887523 1.571704 2.973410
 11361.000000 7.971973 1.529854 2.991545
 11364.000000 7.996380 1.545896 2.977165
 11367.000000 7.988179 1.549107 2.983384
 11370.000000 8.034185 1.525178 3.007919
 11373.000000 7.999679 1.538932 2.987174
 11376.000000 7.983227 1.530170 3.031804
 11379.000000 8.022364 1.517956 3.014417
 11382.000000 8.025394 1.505793 3.026739
 11385.000000 8.043562 1.520962 3.018685
 11388.000000 7.959984 1.538511 2.980279
 11391.000000 8.006756 1.523357 2.994839
 11394.000000 7.947463 1.518680 2.973831
 11397.000000 7.951327 1.513681 2.972730
 11400.000000 7.907538 1.529288 2.942459
 11403.000000 7.903694 1.553210 2.952457
 11406.000000 7.868203 1.546583 2.969888
 11409.000000 7.946466 1.537870 2.997215
 11412.000000 7.879530 1.548548 2.992552
 11415.000000 7.955868 1.538605 3.001479
 11418.000000 7.922741 1.535065 3.003254
 11421.000000 7.949345 1.526277 3.007506
 11424.000000 7.940563 1.544996 2.979603
 11427.000000 7.970342 1.553205 2.951082
 11430.000000 8.002598 1.558194 2.973830
 11433.000000 8.017733 1.559671 2.972216
 11436.000000 8.017084 1.560156 2.980650
 11439.000000 7.996454 1.561396 2.992625
 11442.000000 7.951083 1.599082 3.000866
 11445.000000 7.935522 1.615236 2.989377
 11448.000000 7.947713 1.610671 2.994490
 11451.000000 7.976892 1.568033 2.958830
 11454.000000 7.915368 1.575669 2.969255
 11457.000000 7.933440 1.582146 2.956825
 11460.000000 7.913834 1.592793 2.962690
 11463.000000 7.889707 1.573618 2.961708
 11466.000000 7.862381 1.588607 2.930286
 11469.000000 7.903338 1.561912 2.943284
 11472.000000 7.899095 1.582785 2.973602
 11475.000000 7.880977 1.548190 3.020485
 11478.000000 8.012011 1.554764 2.987474
 11481.000000 7.948661 1.563579 2.983430
 11484.000000 7.970183 1.580803 2.966544
 11487.000000 7.990030 1.582966 3.007634
 11490.000000 8.047231 1.564985 3.000801
 11493.000000 8.018420 1.581537 3.000324
 11496.000000 8.009788 1.562012 2.997916
 11499.000000 7.980185 1.581876 2.966230
 11502.000000 7.962596 1.568402 2.962809
 11505.000000 7.958258 1.588275 2.982543
 11508.000000 7.985545 1.555201 2.990559
 11511.000000 7.953162 1.574689 2.951395
 11514.000000 7.939604 1.544713 2.998540
 11517.000000 7.945740 1.513109 3.018412
 11520.000000 7.960849 1.533351 3.006867
 11523.000000 7.927304 1.551487 2.946221
 11526.000000 7.916986 1.537227 2.960201
 11529.000000 7.905059 1.555051 2.926026
 11532.000000 7.922611 1.521563 2.968302
 11535.000000 7.912431 1.555721 2.952768
 11538.000000 7.922680 1.552916 2.950682
 11541.000000 7.883252 1.578081 2.911455
 11544.000000 7.862750 1.572877 2.943290
 11547.000000 7.840342 1.590408 2.904592
 11550.000000 7.872154 1.586767 2.921034
 11553.000000 7.913700 1.586043 2.945774
 11556.000000 7.850144 1.554337 2.957392
 11559.000000 7.820241 1.569719 2.950732
 11562.000000 7.899461 1.589590 2.933339
 11565.000000 7.918487 1.560250 2.923572
 11568.000000 7.843551 1.539830 2.975296
 11571.000000 7.857945 1.561305 2.936400
 11574.000000 7.891903 1.551217 2.949760
 11577.000000 7.860739 1.545704 2.950908
 11580.000000 7.773650 1.544875 2.974832
 11583.000000 7.902877 1.560432 2.963015
 11586.000000 7.965134 1.515344 3.002621
 11589.000000 7.974734 1.549464 2.998301
 11592.000000 7.987228 1.517476 2.996745
 11595.000000 8.032446 1.553077 2.961910
 11598.000000 7.991034 1.541904 2.986804
 11601.000000 7.969567 1.565951 2.977245
 11604.000000 7.904637 1.555450 3.003255
 11607.000000 7.883231 1.559505 3.025123
 11610.000000 7.943120 1.547813 3.002092
 11613.000000 8.030665 1.550961 3.010635
 11616.000000 8.005083 1.533025 2.999692
 11619.000000 8.084335 1.569609 2.933264
 11622.000000 8.046428 1.531561 2.981763
 11625.000000 8.020950 1.562476 2.960093
 11628.000000 7.918042 1.521207 2.963997
 11631.000000 7.931654 1.550441 2.957058
 11634.000000 7.836805 1.550908 2.935393
 11637.000000 7.884527 1.560122 2.945035
 11640.000000 7.882192 1.593373 2.938716
 11643.000000 7.814430 1.593655 2.953469
 11646.000000 7.807420 1.535613 2.984792
 11649.000000 7.725985 1.556557 2.983255
 11652.000000 7.878590 1.580801 2.928058
 11655.000000 7.826245 1.570993 2.952192
 11658.000000 7.846239 1.603876 2.928859
 11661.000000 7.820842 1.583221 2.963746
 11664.000000 7.946472 1.575003 2.953967
 11667.000000 7.979930 1.572467 2.974737
 11670.000000 7.925632 1.561740 2.999808
 11673.000000 7.917230 1.572454 2.970849
 11676.000000 7.945604 1.570233 2.970807
 11679.000000 7.923006 1.557461 2.974939
 11682.000000 7.923177 1.585012 2.933557
 11685.000000 7.914455 1.600813 2.943526
 11688.000000 7.922895 1.586991 2.976002
 11691.000000 7.956213 1.581500 2.978707
 11694.000000 7.914204 1.574990 2.996662
 11697.000000 7.828639 1.569794 3.003786
 11700.000000 7.795641 1.576824 2.970643
 11703.000000 7.896147 1.564223 2.965322
 11706.000000 7.851312 1.562193 2.956911
 11709.000000 7.921348 1.556983 2.951978
 11712.000000 7.864018 1.567628 2.952007
 11715.000000 7.801852 1.569814 2.976864
 11718.000000 7.831352 1.562089 2.967724
 11721.000000 7.792180 1.547408 2.990570
 11724.000000 7.814198 1.552554 2.969189
 11727.000000 7.836670 1.564178 2.964747
 11730.000000 7.901829 1.554933 2.972265
 11733.000000 7.931803 1.548748 2.985886
 11736.000000 7.962909 1.528940 2.963914
 11739.000000 7.882583 1.547876 2.940287
 11742.000000 7.902585 1.569780 2.926115
 11745.000000 7.865701 1.580647 2.934689
 11748.000000 7.875992 1.560836 2.949237
 11751.000000 7.865490 1.562889 2.956002
 11754.000000 7.785104 1.559201 2.936003
 11757.000000 7.856856 1.568577 2.949168
 11760.000000 7.862533 1.576701 2.963249
 11763.000000 7.853800 1.607566 2.942645
 11766.000000 7.812291 1.580088 2.952028
 11769.000000 7.841975 1.579906 2.961476
 11772.000000 7.940198 1.586767 2.950575
 11775.000000 7.902059 1.572132 2.978348
 11778.000000 7.896371 1.579825 2.930831
 11781.000000 7.909317 1.574485 2.912723
 11784.000000 7.902643 1.584929 2.915632
 11787.000000 7.963571 1.567020 2.981044
 11790.000000 7.918336 1.565477 2.975422
 11793.000000 7.934429 1.548012 2.972775
 11796.000000 7.879330 1.565833 2.935094
 11799.000000 7.886675 1.560891 2.967231
 11802.000000 7.900623 1.572624 2.975344
 11805.000000 7.891324 1.563696 2.991085
 11808.000000 7.951229 1.568503 2.973862
 11811.000000 7.964949 1.576491 2.946779
 11814.000000 8.041820 1.581217 2.986148
 11817.000000 7.990647 1.569420 2.984337
 11820.000000 8.014906 1.560014 3.022143
 11823.000000 7.983786 1.543328 3.048607
 11826.000000 7.919550 1.545117 3.025137
 11829.000000 7.935611 1.556342 3.025486
 11832.000000 7.812921 1.547040 2.976191
 11835.000000 7.857643 1.538017 3.011152
 11838.000000 7.808906 1.571286 2.982996
 11841.000000 7.835081 1.548060 3.007980
 11844.000000 7.874042 1.563959 2.979550
 11847.000000 7.926794 1.585200 2.954033
 11850.000000 7.870647 1.540003 2.995261
 11853.000000 7.865071 1.529518 3.026111
 11856.000000 7.875150 1.537263 3.015932
 11859.000000 7.892061 1.562203 2.988992
 11862.000000 7.857216 1.558420 2.943645
 11865.000000 7.942154 1.532055 2.956644
 11868.000000 7.901415 1.556993 2.918690
 11871.000000 7.925511 1.547028 2.970782
 11874.000000 7.930858 1.541225 3.010976
 11877.000000 7.870655 1.575305 2.977251
 11880.000000 7.891873 1.574103 2.967718
 11883.000000 7.913507 1.585566 3.011067
 11886.000000 7.847753 1.576942 2.988504
 11889.000000 7.906929 1.557913 2.974980
 11892.000000 7.770784 1.550097 2.995626
 11895.000000 7.833608 1.549318 2.990864
 11898.000000 7.874691 1.556400 3.008097
 11901.000000 7.918578 1.571790 2.974513
 11904.000000 7.886964 1.559586 2.963385
 11907.000000 7.885168 1.551841 2.959525
 11910.000000 7.962129 1.564381 2.960486
 11913.000000 7.879815 1.526007 2.986174
 11916.000000 7.854521 1.541309 2.991553
 11919.000000 7.867861 1.542755 2.987375
 11922.000000 7.877079 1.570897 2.980255
 11925.000000 7.928291 1.547037 2.998180
 11928.000000 7.926982 1.554124 2.970686
 11931.000000 7.972796 1.551958 2.965212
 11934.000000 8.051956 1.553086 2.973573
 11937.000000 8.015258 1.569594 2.963318
 11940.000000 8.036649 1.577187 2.987261
 11943.000000 7.989832 1.558947 2.981029
 11946.000000 7.958320 1.558728 3.017247
 11949.000000 7.908610 1.563902 3.018865
 11952.000000 7.958675 1.522372 3.013586
 11955.000000 7.922205 1.530644 3.019954
 11958.000000 7.824782 1.537624 3.014731
 11961.000000 7.870780 1.501882 3.039365
 11964.000000 7.851199 1.532671 3.046597
 11967.000000 7.787349 1.530754 3.022532
 11970.000000 7.781203 1.535632 3.042115
 11973.000000 7.750512 1.520571 3.030176
 11976.000000 7.777936 1.510985 3.030233
 11979.000000 7.686831 1.518141 3.046630
 11982.000000 7.768455 1.515127 3.072010
 11985.000000 7.778621 1.530512 3.052528
 11988.000000 7.687002 1.530427 3.018789
 11991.000000 7.630268 1.541722 3.036675
 11994.000000 7.622533 1.547772 3.017450
 11997.000000 7.667726 1.555805 3.000037
 12000.000000 7.777592 1.562384 2.990169
 12003.000000 7.776145 1.583876 2.976960
 12006.000000 7.737276 1.558904 3.006538
 12009.000000 7.763032 1.568039 2.962265
 12012.000000 7.856478 1.534731 2.999449
 12015.000000 7.816529 1.555445 3.014859
 12018.000000 7.847094 1.569712 2.993011
 12021.000000 7.798417 1.572595 3.004625
 12024.000000 7.770274 1.575463 2.998899
 12027.000000 7.825411 1.570758 2.978047
 12030.000000 7.835034 1.537510 2.994138
 12033.000000 7.841326 1.577938 2.949987
 12036.000000 7.859709 1.587235 2.945089
 12039.000000 7.842802 1.566754 2.966519
 12042.000000 7.926211 1.554608 2.981526
 12045.000000 7.909143 1.525578 2.976176
 12048.000000 7.861938 1.537826 2.985915
 12051.000000 7.886562 1.543279 2.962379
 12054.000000 7.930158 1.527086 2.958277
 12057.000000 7.967249 1.522612 2.946536
 12060.000000 7.976397 1.536692 2.948207
 12063.000000 7.925781 1.551594 2.959889
 12066.000000 7.952795 1.555594 2.951487
 12069.000000 7.884780 1.557258 2.915890
 12072.000000 7.930725 1.544481 2.944998
 12075.000000 7.947218 1.553507 2.939147
 12078.000000 7.911621 1.556326 2.954098
 12081.000000 7.859953 1.573956 2.938338
 12084.000000 7.881876 1.570575 2.905523
 12087.000000 7.788397 1.561353 2.910209
 12090.000000 7.824525 1.524837 2.924973
 12093.000000 7.793156 1.510427 2.947687
 12096.000000 7.882223 1.527737 2.941421
 12099.000000 7.894854 1.535382 2.939822
 12102.000000 7.897736 1.539375 2.965418
 12105.000000 7.909295 1.532220 2.959636
 12108.000000 7.898417 1.522697 2.955137
 12111.000000 7.877066 1.511811 2.938960
 12114.000000 8.018535 1.518356 2.983816
 12117.000000 8.026684 1.554685 2.933750
 12120.000000 7.987350 1.537599 2.941877
 12123.000000 8.025974 1.551488 2.932847
 12126.000000 8.039284 1.531771 2.969407
 12129.000000 8.043691 1.549774 2.959610
 12132.000000 8.125854 1.536432 2.992173
 12135.000000 8.019069 1.528517 2.980227
 12138.000000 8.006691 1.541781 2.949608
 12141.000000 7.965827 1.516355 2.942512
 12144.000000 7.963626 1.498013 2.953565
 12147.000000 7.921674 1.492719 2.929506
 12150.000000 7.826497 1.508769 2.951616
 12153.000000 7.841560 1.510518 2.948462
 12156.000000 7.943347 1.536110 2.909918
 12159.000000 7.991175 1.516071 2.950086
 12162.000000 7.924941 1.504456 2.957717
 12165.000000 7.801877 1.517611 2.918586
 12168.000000 7.746718 1.502993 2.942236
 12171.000000 7.763970 1.518096 2.909280
 12174.000000 7.794511 1.526512 2.926928
 12177.000000 7.748174 1.514792 2.908827
 12180.000000 7.797147 1.529440 2.930220
 12183.000000 7.813494 1.536301 2.934103
 12186.000000 7.808011 1.531682 2.952076
 12189.000000 7.828083 1.536395 2.957825
 12192.000000 7.875713 1.521700 3.002306
 12195.000000 7.797464 1.515514 2.968723
 12198.000000 7.892222 1.516936 2.962510
 12201.000000 7.880465 1.532902 2.962854
 12204.000000 7.938340 1.528561 2.991037
 12207.000000 8.072193 1.508114 3.010298
 12210.000000 8.088185 1.515566 2.994864
 12213.000000 8.125643 1.543001 2.968799
 12216.000000 8.067655 1.552879 2.977073
 12219.000000 8.101630 1.550177 2.979202
 12222.000000 8.056772 1.543667 2.976705
 12225.000000 7.991270 1.549138 2.971728
 12228.000000 7.985071 1.557359 2.960701
 12231.000000 8.007699 1.536026 2.966325
 12234.000000 8.032790 1.560457 2.913487
 12237.000000 8.014261 1.540253 2.955161
 12240.000000 7.961033 1.541368 2.965676
 12243.000000 7.979018 1.539519 2.935406
 12246.000000 7.953462 1.518078 2.968019
 12249.000000 7.979017 1.558486 2.895189
 12252.000000 7.974823 1.551305 2.923598
 12255.000000 7.957640 1.557259 2.956760
 12258.000000 7.983275 1.564585 3.004795
 12261.000000 8.037820 1.558185 3.002282
 12264.000000 8.038720 1.577578 2.996585
 12267.000000 8.068195 1.592977 2.992171
 12270.000000 8.036576 1.571065 3.010379
 12273.000000 8.072120 1.578819 2.995180
 12276.000000 8.076742 1.569946 2.974007
 12279.000000 7.991138 1.554554 2.985462
 12282.000000 7.983223 1.545003 2.960371
 12285.000000 8.003626 1.519164 2.974119
 12288.000000 7.952196 1.527432 2.956942
 12291.000000 7.914888 1.511881 2.960711
 12294.000000 7.875099 1.528271 2.906817
 12297.000000 7.816658 1.512321 2.954010
 12300.000000 7.914379 1.506026 2.959470
 12303.000000 7.921599 1.481456 2.954151
 12306.000000 7.942495 1.499692 2.970272
 12309.000000 7.894974 1.500857 2.969387
 12312.000000 7.876213 1.504414 2.991044
 12315.000000 7.982718 1.521823 2.981314
 12318.000000 7.935472 1.518934 2.949413
 12321.000000 7.909106 1.516463 2.952965
 12324.000000 7.938217 1.491631 2.980314
 12327.000000 7.955587 1.500035 2.987432
 12330.000000 7.881728 1.509187 2.942686
 12333.000000 7.931992 1.496908 2.982127
 12336.000000 7.845987 1.484034 2.957566
 12339.000000 7.822621 1.499646 2.941881
 12342.000000 7.772801 1.499938 2.951386
 12345.000000 7.732491 1.473601 2.959510
 12348.000000 7.784514 1.499095 2.938877
 12351.000000 7.832432 1.478365 2.943937
 12354.000000 7.892463 1.501087 2.927091
 12357.000000 7.923404 1.482012 2.955466
 12360.000000 7.964639 1.504481 2.941190
 12363.000000 7.947975 1.501086 2.915970
 12366.000000 7.923782 1.513250 2.899273
 12369.000000 7.950144 1.488978 2.921569
 12372.000000 7.889089 1.507094 2.927038
 12375.000000 7.852613 1.502667 2.914178
 12378.000000 7.922604 1.487774 2.960527
 12381.000000 7.955957 1.493828 2.942338
 12384.000000 7.935135 1.503390 2.910422
 12387.000000 7.904082 1.506356 2.923344
 12390.000000 7.947158 1.494686 2.941808
 12393.000000 7.962803 1.501689 2.940663
 12396.000000 7.915417 1.504368 2.950191
 12399.000000 7.882444 1.501142 2.925914
 12402.000000 7.976111 1.518543 2.920348
 12405.000000 7.958119 1.511852 2.950946
 12408.000000 7.895158 1.477100 2.947108
 12411.000000 7.975168 1.509537 2.958560
 12414.000000 7.941856 1.510927 2.970261
 12417.000000 7.982187 1.501729 2.935199
 12420.000000 7.970294 1.494814 2.921577
 12423.000000 8.012833 1.508546 2.898614
 12426.000000 8.028986 1.533902 2.896344
 12429.000000 8.021408 1.511988 2.925387
 12432.000000 7.990187 1.520666 2.907000
 12435.000000 7.939082 1.528791 2.938618
 12438.000000 7.904224 1.545961 2.907804
 12441.000000 7.983440 1.544355 2.935450
 12444.000000 8.033909 1.572189 2.916394
 12447.000000 7.956406 1.567726 2.915092
 12450.000000 7.944024 1.565394 2.898023
 12453.000000 7.945786 1.538614 2.952593
 12456.000000 7.963320 1.531092 2.973452
 12459.000000 8.053884 1.527177 2.965334
 12462.000000 8.079443 1.525246 2.951170
 12465.000000 8.043160 1.504516 2.955183
 12468.000000 8.045234 1.509459 2.991566
 12471.000000 8.022209 1.512688 2.972659
 12474.000000 7.912240 1.498633 3.007154
 12477.000000 7.851789 1.508957 2.983839
 12480.000000 7.967275 1.505640 3.014817
 12483.000000 7.917369 1.510154 3.028111
 12486.000000 7.920898 1.515825 2.996656
 12489.000000 7.890976 1.493181 3.009129
 12492.000000 7.891850 1.494800 3.016646
 12495.000000 7.976935 1.491866 3.011733
 12498.000000 7.964509 1.501991 3.016503
 12501.000000 7.978096 1.516793 2.989608
 12504.000000 7.963728 1.523299 2.980668
 12507.000000 8.006571 1.504181 3.017295
 12510.000000 7.987188 1.493932 3.034798
 12513.000000 7.995115 1.506182 3.014532
 12516.000000 7.968217 1.493504 2.995187
 12519.000000 7.942901 1.523795 3.000397
 12522.000000 7.960730 1.517256 2.980492
 12525.000000 7.910958 1.504533 3.027038
 12528.000000 7.887752 1.527339 3.023407
 12531.000000 7.994805 1.548200 3.001051
 12534.000000 7.969220 1.540291 3.037932
 12537.000000 8.024175 1.565343 3.002075
 12540.000000 8.006933 1.556615 3.025135
 12543.000000 8.076474 1.581648 2.990716
 12546.000000 7.989542 1.567723 3.008887
 12549.000000 7.936245 1.530512 3.032852
 12552.000000 7.952348 1.550042 3.012057
 12555.000000 7.921868 1.543134 3.025849
 12558.000000 7.891432 1.557838 3.013224
 12561.000000 7.929133 1.543151 3.001411
 12564.000000 7.831062 1.542589 2.996982
 12567.000000 7.885305 1.561661 2.968581
 12570.000000 7.885698 1.562243 2.931888
 12573.000000 7.881676 1.558551 2.949250
 12576.000000 7.843743 1.549830 2.973240
 12579.000000 7.814665 1.554096 2.964102
 12582.000000 7.795051 1.525827 2.963777
 12585.000000 7.709855 1.499632 2.966311
 12588.000000 7.836487 1.501218 2.951328
 12591.000000 7.784321 1.493827 2.948242
 12594.000000 7.794082 1.487847 2.960841
 12597.000000 7.789771 1.479145 2.997523
 12600.000000 7.845966 1.485839 2.983271
 12603.000000 7.783124 1.497522 2.945660
 12606.000000 7.841472 1.492186 2.936309
 12609.000000 7.851167 1.476119 2.953356
 12612.000000 7.874885 1.490417 2.938420
 12615.000000 7.916617 1.490005 2.948118
 12618.000000 7.980526 1.496739 2.916768
 12621.000000 7.993661 1.510384 2.877839
 12624.000000 8.055782 1.525895 2.904359
 12627.000000 8.050080 1.508605 2.933821
 12630.000000 7.877128 1.524285 2.878884
 12633.000000 7.964251 1.522434 2.917675
 12636.000000 8.031200 1.535974 2.903277
 12639.000000 8.043932 1.539063 2.923734
 12642.000000 7.977528 1.568682 2.897044
 12645.000000 7.991976 1.568478 2.901151
 12648.000000 8.081855 1.579274 2.874849
 12651.000000 8.026840 1.566043 2.876849
 12654.000000 7.975930 1.564578 2.912655
 12657.000000 7.987865 1.541654 2.944518
 12660.000000 7.977744 1.551832 2.923961
 12663.000000 7.991726 1.564170 2.935149
 12666.000000 8.024858 1.574303 2.925273
 12669.000000 8.106714 1.576683 2.947176
 12672.000000 8.166167 1.579087 2.956032
 12675.000000 8.125407 1.559929 2.944435
 12678.000000 8.162828 1.569067 2.928548
 12681.000000 8.070678 1.554625 2.957609
 12684.000000 8.108055 1.566240 2.943670
 12687.000000 8.108146 1.529310 2.990430
 12690.000000 7.956196 1.526739 2.986804
 12693.000000 7.940708 1.513732 2.989083
 12696.000000 7.899022 1.507849 3.000905
 12699.000000 7.904685 1.509830 3.004694
 12702.000000 7.869479 1.514141 3.003230
 12705.000000 7.926728 1.534898 2.999866
 12708.000000 7.948573 1.511201 2.986734
 12711.000000 7.867852 1.511699 2.981813
 12714.000000 7.878534 1.513061 3.013371
 12717.000000 7.879123 1.543247 2.984757
 12720.000000 7.924333 1.549763 2.957050
 12723.000000 7.855112 1.542257 2.969520
 12726.000000 7.920851 1.569379 2.943973
 12729.000000 8.014014 1.552386 2.970697
 12732.000000 7.965701 1.539131 2.976293
 12735.000000 7.863653 1.525719 2.951781
 12738.000000 7.859779 1.515592 2.974881
 12741.000000 7.933121 1.559056 2.930367
 12744.000000 7.973112 1.549563 2.927574
 12747.000000 7.945339 1.547505 2.957121
 12750.000000 7.920202 1.552050 2.950144
 12753.000000 7.992402 1.550044 3.012863
 12756.000000 7.878495 1.567186 2.934410
 12759.000000 7.848955 1.553745 2.972781
 12762.000000 7.910173 1.550005 2.968883
 12765.000000 7.899306 1.546920 2.965600
 12768.000000 7.953442 1.552319 2.993873
 12771.000000 7.980534 1.537091 2.988895
 12774.000000 7.976306 1.538489 2.988260
 12777.000000 7.969140 1.523869 2.975541
 12780.000000 7.983570 1.553660 2.983251
 12783.000000 7.957912 1.564200 2.949872
 12786.000000 7.932420 1.533196 2.995966
 12789.000000 7.894805 1.526019 2.997163
 12792.000000 7.943594 1.540679 2.979920
 12795.000000 7.948050 1.520957 2.976260
 12798.000000 7.906266 1.531087 2.988590
 12801.000000 8.002935 1.547194 2.994262
 12804.000000 7.971492 1.542375 3.005503
 12807.000000 7.908887 1.546513 3.026613
 12810.000000 7.899073 1.539437 2.992905
 12813.000000 7.883380 1.524545 3.003884
 12816.000000 7.846241 1.541618 2.978860
 12819.000000 7.900430 1.545447 2.971920
 12822.000000 7.978822 1.554713 3.019746
 12825.000000 7.962112 1.580278 3.007497
 12828.000000 7.990511 1.598889 3.012249
 12831.000000 8.002803 1.633926 2.943309
 12834.000000 8.035666 1.613516 2.959816
 12837.000000 8.069381 1.650390 2.921959
 12840.000000 8.017633 1.598586 2.956582
 12843.000000 7.968018 1.599072 2.953198
 12846.000000 8.015891 1.601209 2.950746
 12849.000000 8.025012 1.575058 2.946436
 12852.000000 8.094276 1.607660 2.939755
 12855.000000 8.089708 1.588469 2.968363
 12858.000000 7.986342 1.613272 2.932306
 12861.000000 8.009905 1.595716 2.914915
 12864.000000 8.062557 1.619583 2.908101
 12867.000000 7.988375 1.590701 2.906693
 12870.000000 7.989735 1.614569 2.910740
 12873.000000 7.957413 1.614884 2.904518
 12876.000000 8.011212 1.595604 2.935320
 12879.000000 8.005345 1.623712 2.938896
 12882.000000 7.976611 1.626149 2.946023
 12885.000000 7.979779 1.605361 2.981006
 12888.000000 8.034317 1.615651 2.979029
 12891.000000 7.964831 1.600995 3.032434
 12894.000000 7.961064 1.603804 3.042486
 12897.000000 7.940852 1.602281 3.037244
 12900.000000 7.966936 1.606112 3.026601
 12903.000000 8.043590 1.588163 3.025269
 12906.000000 7.981053 1.580815 3.020550
 12909.000000 8.059301 1.572398 3.025457
 12912.000000 8.070581 1.580781 3.027983
 12915.000000 8.034138 1.576713 3.045997
 12918.000000 8.033084 1.605225 2.998609
 12921.000000 7.978167 1.622984 2.999678
 12924.000000 7.936754 1.608940 3.002719
 12927.000000 7.949829 1.598690 3.012739
 12930.000000 7.893269 1.606098 3.017095
 12933.000000 7.891783 1.609286 3.002804
 12936.000000 7.897829 1.606325 2.991091
 12939.000000 7.935854 1.618672 3.022793
 12942.000000 7.897155 1.626952 2.984560
 12945.000000 7.733222 1.620889 2.975955
 12948.000000 7.811001 1.644687 2.966469
 12951.000000 7.770910 1.614921 2.964552
 12954.000000 7.770438 1.622087 2.981737
 12957.000000 7.791058 1.598102 2.953707
 12960.000000 7.781890 1.603981 2.986051
 12963.000000 7.790008 1.602297 2.970098
 12966.000000 7.798959 1.604813 2.976918
 12969.000000 7.848204 1.620358 2.964955
 12972.000000 7.902470 1.599400 2.993151
 12975.000000 7.838309 1.589750 2.981297
 12978.000000 7.965184 1.588827 2.958896
 12981.000000 7.879106 1.563443 2.999644
 12984.000000 7.858956 1.572623 2.986936
 12987.000000 7.892409 1.575211 2.998594
 12990.000000 7.907448 1.558269 3.007422
 12993.000000 7.849992 1.564205 3.048885
 12996.000000 7.867087 1.560855 3.048240
 12999.000000 7.930807 1.537545 3.054467
 13002.000000 7.973804 1.524591 3.038621
 13005.000000 7.925771 1.505501 3.058735
 13008.000000 7.860195 1.512375 3.010912
 13011.000000 7.870585 1.569945 3.008054
 13014.000000 7.827935 1.566759 3.044866
 13017.000000 7.827772 1.529535 3.021278
 13020.000000 7.799815 1.543736 2.996115
 13023.000000 7.789657 1.540553 2.993535
 13026.000000 7.793463 1.545999 2.984025
 13029.000000 7.774023 1.525578 3.028327
 13032.000000 7.797701 1.523482 3.004938
 13035.000000 7.809491 1.526494 2.998911
 13038.000000 7.830293 1.547004 2.962803
 13041.000000 7.828114 1.521193 2.967068
 13044.000000 7.821310 1.503570 3.034515
 13047.000000 7.837835 1.473485 3.087042
 13050.000000 7.873548 1.503630 3.042356
 13053.000000 7.803398 1.471887 3.043720
 13056.000000 7.774737 1.503376 3.016268
 13059.000000 7.801493 1.527350 3.008723
 13062.000000 7.816489 1.510367 2.987632
 13065.000000 7.800487 1.530490 2.985776
 13068.000000 7.814410 1.566255 2.997866
 13071.000000 7.821400 1.553518 3.029647
 13074.000000 7.897212 1.551388 2.996738
 13077.000000 7.853513 1.568924 2.998669
 13080.000000 7.828086 1.558471 2.990576
 13083.000000 7.858284 1.563838 3.007695
 13086.000000 7.820642 1.563882 2.986654
 13089.000000 7.785699 1.567400 2.981546
 13092.000000 7.773290 1.560838 2.994627
 13095.000000 7.792355 1.531080 2.998877
 13098.000000 7.725925 1.568828 3.015353
 13101.000000 7.662610 1.557423 3.000329
 13104.000000 7.711967 1.556026 2.994233
 13107.000000 7.735585 1.583695 2.978463
 13110.000000 7.777655 1.570476 2.988774
 13113.000000 7.724492 1.578847 2.969244
 13116.000000 7.783678 1.557898 2.971601
 13119.000000 7.761779 1.564659 2.993922
 13122.000000 7.721728 1.570250 3.010093
 13125.000000 7.719628 1.570720 3.011338
 13128.000000 7.739862 1.560591 2.977750
 13131.000000 7.739118 1.551541 2.989814
 13134.000000 7.774024 1.569456 2.980935
 13137.000000 7.768120 1.547558 3.000183
 13140.000000 7.739541 1.552199 2.993781
 13143.000000 7.710342 1.552730 2.998993
 13146.000000 7.798507 1.547926 2.995027
 13149.000000 7.827625 1.557410 2.991547
 13152.000000 7.824882 1.570492 2.956675
 13155.000000 7.926262 1.585887 2.948857
 13158.000000 7.877300 1.577085 2.977361
 13161.000000 7.921168 1.601140 2.988064
 13164.000000 7.931559 1.573698 2.986238
 13167.000000 7.835635 1.592678 2.963868
 13170.000000 7.873627 1.600310 2.968675
 13173.000000 7.848723 1.578794 2.990776
 13176.000000 7.820365 1.590925 2.974269
 13179.000000 7.828934 1.570801 2.958494
 13182.000000 7.870868 1.565247 2.989857
 13185.000000 7.886984 1.562702 2.997353
 13188.000000 7.864737 1.576306 2.989543
 13191.000000 7.820063 1.554640 3.016765
 13194.000000 7.857345 1.548377 2.995664
 13197.000000 7.871303 1.581337 2.930889
 13200.000000 7.915829 1.568294 2.954917
 13203.000000 7.917084 1.571835 2.961836
 13206.000000 7.880736 1.574081 2.975513
 13209.000000 7.990972 1.543530 2.993710
 13212.000000 7.951381 1.580292 2.984751
 13215.000000 7.904082 1.568811 3.002119
 13218.000000 7.971256 1.607699 2.966731
 13221.000000 7.998895 1.606988 2.986436
 13224.000000 7.974728 1.598615 2.965001
 13227.000000 7.855348 1.606319 2.968043
 13230.000000 7.909063 1.594887 2.998724
 13233.000000 7.801034 1.601866 2.985276
 13236.000000 7.823059 1.611536 2.982379
 13239.000000 7.882321 1.607639 3.007876
 13242.000000 7.901400 1.634854 2.991612
 13245.000000 7.867937 1.649988 2.989714
 13248.000000 7.865754 1.605687 3.017902
 13251.000000 7.989162 1.611468 2.991497
 13254.000000 7.908623 1.599806 2.978853
 13257.000000 7.897349 1.593424 3.003354
 13260.000000 7.850406 1.615409 2.970028
 13263.000000 7.858444 1.591427 2.992738
 13266.000000 7.850119 1.595198 2.995692
 13269.000000 7.808265 1.587231 2.976459
 13272.000000 7.842224 1.570592 2.992439
 13275.000000 7.827940 1.595876 2.946309
 13278.000000 7.897162 1.560002 2.994115
 13281.000000 7.865365 1.563545 3.006768
 13284.000000 7.870485 1.561441 2.979312
 13287.000000 7.840117 1.581827 2.982337
 13290.000000 7.943191 1.567594 2.975709
 13293.000000 7.944058 1.574240 2.968887
 13296.000000 7.884486 1.570770 2.995854
 13299.000000 7.891710 1.548910 2.986109
 13302.000000 7.962649 1.556863 3.012642
 13305.000000 7.997523 1.562986 2.997226
 13308.000000 7.884388 1.554952 2.990333
 13311.000000 7.929927 1.544576 3.032146
 13314.000000 7.853354 1.521314 3.042086
 13317.000000 7.850998 1.546208 2.984980
 13320.000000 7.820355 1.572912 2.982052
 13323.000000 7.844282 1.592719 2.960974
 13326.000000 7.882660 1.587516 2.958906
 13329.000000 7.932239 1.575193 2.995274
 13332.000000 7.919595 1.575770 2.984379
 13335.000000 8.003442 1.549369 2.999716
 13338.000000 7.989202 1.585157 2.972315
 13341.000000 7.924189 1.547174 2.971752
 13344.000000 7.979848 1.543598 2.979413
 13347.000000 7.991357 1.563013 2.968306
 13350.000000 8.068447 1.551258 2.930374
 13353.000000 8.021006 1.537210 2.943989
 13356.000000 7.979338 1.546389 2.953800
 13359.000000 7.952546 1.536585 3.011438
 13362.000000 7.897603 1.547763 2.975172
 13365.000000 7.824194 1.517647 2.972774
 13368.000000 7.860924 1.564428 2.927225
 13371.000000 7.828810 1.544481 2.934349
 13374.000000 7.833607 1.547720 2.945145
 13377.000000 7.914869 1.539180 2.935764
 13380.000000 7.964483 1.525443 2.952287
 13383.000000 7.904029 1.550508 2.909263
 13386.000000 7.883328 1.531010 2.925596
 13389.000000 7.894056 1.532181 2.938512
 13392.000000 7.929497 1.523578 2.966161
 13395.000000 7.900894 1.539614 2.996252
 13398.000000 7.923705 1.534208 2.999864
 13401.000000 7.936024 1.539255 2.995418
 13404.000000 7.882227 1.535619 2.992124
 13407.000000 7.876759 1.519446 3.006271
 13410.000000 7.880648 1.570977 2.975918
 13413.000000 7.919922 1.586771 2.983409
 13416.000000 7.906776 1.572596 2.972458
 13419.000000 7.932826 1.585933 2.965303
 13422.000000 7.839807 1.559656 2.959531
 13425.000000 7.888389 1.563844 2.987398
 13428.000000 7.884574 1.566982 2.963390
 13431.000000 7.865187 1.548760 2.960609
 13434.000000 7.881275 1.558099 2.956378
 13437.000000 7.931502 1.566047 2.971309
 13440.000000 7.926108 1.558974 2.988459
 13443.000000 8.002907 1.534590 3.032059
 13446.000000 7.915558 1.550211 2.974816
 13449.000000 7.946072 1.561425 2.934658
 13452.000000 8.004426 1.554284 2.924074
 13455.000000 7.918740 1.527911 2.914762
 13458.000000 8.003352 1.539949 2.958152
 13461.000000 7.991335 1.547251 2.979342
 13464.000000 7.869920 1.576703 3.013650
 13467.000000 7.881952 1.559172 3.001891
 13470.000000 7.901600 1.577835 3.005688
 13473.000000 7.778216 1.553225 3.014581
 13476.000000 7.867712 1.556429 2.979120
 13479.000000 7.897693 1.522779 3.011528
 13482.000000 7.900731 1.544686 3.004135
 13485.000000 7.882272 1.558452 3.012768
 13488.000000 7.886485 1.540364 3.038839
 13491.000000 7.857878 1.544660 3.022804
 13494.000000 7.887606 1.548146 3.017000
 13497.000000 7.874621 1.568760 2.967418
 13500.000000 7.888692 1.563523 3.003539
 13503.000000 7.941501 1.574504 2.977586
 13506.000000 7.997195 1.567881 2.976874
 13509.000000 7.996228 1.591810 2.932575
 13512.000000 7.936291 1.582971 2.924150
 13515.000000 7.989333 1.563959 2.971979
 13518.000000 7.965658 1.592905 2.949148
 13521.000000 7.973329 1.604787 2.959577
 13524.000000 7.931938 1.594788 2.982369
 13527.000000 7.918096 1.607767 2.978184
 13530.000000 7.981464 1.616845 2.910663
 13533.000000 7.929915 1.611358 2.907727
 13536.000000 7.900609 1.567951 2.964892
 13539.000000 7.975872 1.580673 2.944139
 13542.000000 8.010998 1.585331 2.964506
 13545.000000 7.970330 1.609823 2.920493
 13548.000000 7.834766 1.590995 2.932833
 13551.000000 7.849793 1.592904 2.937512
 13554.000000 7.866895 1.604100 2.964962
 13557.000000 7.786225 1.586702 2.994405
 13560.000000 7.815209 1.591014 2.988583
 13563.000000 7.790313 1.581041 2.999913
 13566.000000 7.843682 1.589069 2.976048
 13569.000000 7.851952 1.577236 2.969632
 13572.000000 7.852923 1.551640 2.991818
 13575.000000 7.868975 1.551063 2.986470
 13578.000000 7.884342 1.587185 2.983697
 13581.000000 7.867713 1.569363 3.012253
 13584.000000 7.904198 1.563938 2.990984
 13587.000000 7.919115 1.566816 2.967263
 13590.000000 7.923814 1.534585 3.005428
 13593.000000 7.966620 1.527400 3.014126
 13596.000000 7.976304 1.541314 2.959605
 13599.000000 7.945276 1.538326 2.966430
 13602.000000 7.966137 1.509469 2.980419
 13605.000000 8.005974 1.522218 2.993926
 13608.000000 8.029174 1.543598 2.967756
 13611.000000 8.000683 1.512601 2.952040
 13614.000000 7.971196 1.537709 2.975585
 13617.000000 7.957153 1.506693 2.975853
 13620.000000 7.940401 1.521448 2.963843
 13623.000000 7.979796 1.529018 2.947128
 13626.000000 7.910083 1.496131 2.980219
 13629.000000 7.993797 1.520628 2.976745
 13632.000000 7.919651 1.494431 3.014943
 13635.000000 7.953376 1.507336 2.978175
 13638.000000 7.958186 1.472277 2.999391
 13641.000000 7.979860 1.465444 3.006462
 13644.000000 8.028123 1.475734 2.985702
 13647.000000 7.964818 1.478058 2.982537
 13650.000000 8.030402 1.500912 2.945534
 13653.000000 8.027498 1.520761 2.943945
 13656.000000 7.927878 1.514930 2.948471
 13659.000000 7.972845 1.518993 2.929998
 13662.000000 7.952810 1.522586 2.954954
 13665.000000 7.865703 1.503264 2.986348
 13668.000000 7.904508 1.514320 2.985700
 13671.000000 7.876467 1.520937 2.984159
 13674.000000 7.877527 1.521933 2.988841
 13677.000000 7.906442 1.503194 3.020454
 13680.000000 7.872406 1.519263 3.022844
 13683.000000 7.958507 1.509391 3.028304
 13686.000000 7.967254 1.528895 3.020116
 13689.000000 8.012924 1.549256 2.994983
 13692.000000 8.017840 1.573172 2.990544
 13695.000000 8.043782 1.545640 2.999931
 13698.000000 7.992905 1.541620 3.008980
 13701.000000 7.973063 1.533990 2.987040
 13704.000000 8.040420 1.562167 2.973497
 13707.000000 8.038749 1.567423 2.951009
 13710.000000 8.053532 1.544283 3.004226
 13713.000000 8.034992 1.577019 2.971836
 13716.000000 8.052072 1.560168 3.017868
 13719.000000 8.013754 1.531616 3.030658
 13722.000000 8.050508 1.542316 2.975293
 13725.000000 8.036930 1.568811 2.979517
 13728.000000 8.040572 1.565500 2.970506
 13731.000000 8.013950 1.583883 2.990549
 13734.000000 7.927915 1.598536 2.984629
 13737.000000 7.930608 1.584745 3.008851
 13740.000000 7.960216 1.584402 3.042174
 13743.000000 7.907918 1.576693 3.012801
 13746.000000 7.971879 1.592032 2.986973
 13749.000000 7.985482 1.588113 2.946721
 13752.000000 7.934625 1.567189 3.016155
 13755.000000 7.853246 1.533243 3.019989
 13758.000000 7.851469 1.541021 2.991519
 13761.000000 7.829288 1.527026 2.961556
 13764.000000 7.867498 1.543280 2.968900
 13767.000000 7.922014 1.539860 2.981547
 13770.000000 7.955175 1.530255 2.964648
 13773.000000 7.979805 1.526778 3.002053
 13776.000000 8.013239 1.511477 3.038686
 13779.000000 7.858113 1.543957 3.015169
 13782.000000 7.916869 1.529438 3.050643
 13785.000000 7.878429 1.519444 3.033261
 13788.000000 7.842045 1.505240 3.037213
 13791.000000 7.833133 1.515051 3.045047
 13794.000000 7.937282 1.551939 3.010133
 13797.000000 7.907133 1.566459 3.041231
 13800.000000 7.999292 1.571393 3.039513
 13803.000000 7.857639 1.545855 3.031489
 13806.000000 7.938057 1.518702 3.062356
 13809.000000 7.981090 1.541399 3.059300
 13812.000000 7.976065 1.557394 3.024892
 13815.000000 7.941356 1.574795 2.994635
 13818.000000 7.858458 1.563541 3.015454
 13821.000000 7.954750 1.558610 2.999706
 13824.000000 7.890719 1.531839 3.023022
 13827.000000 7.910703 1.564810 2.996942
 13830.000000 7.954646 1.582245 3.018580
 13833.000000 7.967413 1.573262 3.009285
 13836.000000 7.950185 1.571861 3.020741
 13839.000000 7.944119 1.551511 2.997946
 13842.000000 7.925972 1.584276 3.006031
 13845.000000 7.926404 1.579237 2.994859
 13848.000000 7.936462 1.545026 3.013215
 13851.000000 7.888329 1.514195 3.032979
 13854.000000 7.847565 1.529233 3.000953
 13857.000000 7.867711 1.531582 2.991789
 13860.000000 7.901713 1.536063 2.955806
 13863.000000 7.842575 1.518720 3.027536
 13866.000000 7.899112 1.500795 3.016375
 13869.000000 7.889095 1.508627 3.016478
 13872.000000 7.876784 1.511072 2.998851
 13875.000000 7.975028 1.531445 2.968575
 13878.000000 7.959144 1.547255 2.979426
 13881.000000 7.955268 1.535850 2.987595
 13884.000000 7.935423 1.564838 2.950053
 13887.000000 7.991826 1.530896 2.975625
 13890.000000 7.983669 1.515151 3.000217
 13893.000000 7.887754 1.542592 2.967578
 13896.000000 7.863254 1.572320 2.949496
 13899.000000 7.912489 1.559028 2.928314
 13902.000000 7.863999 1.599372 2.924369
 13905.000000 7.825042 1.588209 2.918147
 13908.000000 7.784450 1.582968 2.898824
 13911.000000 7.811116 1.562110 2.928501
 13914.000000 7.852817 1.588208 2.899788
 13917.000000 7.976476 1.570243 2.926042
 13920.000000 7.984545 1.546464 2.937062
 13923.000000 7.954493 1.575839 2.902655
 13926.000000 7.914393 1.569019 2.896770
 13929.000000 7.890418 1.577137 2.911003
 13932.000000 7.911141 1.538996 2.958485
 13935.000000 7.986657 1.533250 2.978564
 13938.000000 7.965931 1.555022 2.952467
 13941.000000 8.049328 1.546605 2.973913
 13944.000000 8.073135 1.524936 2.980601
 13947.000000 8.024972 1.527264 2.980621
 13950.000000 7.986791 1.548228 3.019518
 13953.000000 7.985626 1.552030 2.962946
 13956.000000 7.920546 1.508024 2.989271
 13959.000000 7.925838 1.537799 2.981357
 13962.000000 7.911351 1.541447 2.989638
 13965.000000 7.832810 1.524309 2.966977
 13968.000000 7.909134 1.503118 3.004512
 13971.000000 7.904165 1.518259 2.986607
 13974.000000 7.901143 1.523508 2.979348
 13977.000000 8.086065 1.553074 2.949172
 13980.000000 8.087518 1.517697 2.983024
 13983.000000 7.946066 1.493251 2.983732
 13986.000000 7.982521 1.505013 2.964338
 13989.000000 7.932608 1.486253 2.943275
 13992.000000 7.862747 1.494877 2.973972
 13995.000000 7.955702 1.484876 3.020456
 13998.000000 7.913751 1.495444 3.020579
 14001.000000 7.877657 1.502129 3.031814
 14004.000000 7.875530 1.525417 3.011794
 14007.000000 7.915802 1.506422 3.014485
 14010.000000 7.993903 1.514891 3.010648
 14013.000000 8.001275 1.516404 2.972616
 14016.000000 8.066541 1.481357 2.999279
 14019.000000 8.093082 1.492085 2.999034
 14022.000000 8.125796 1.505769 2.974265
 14025.000000 8.065027 1.493938 2.971625
 14028.000000 8.122497 1.496692 2.981821
 14031.000000 8.101619 1.517533 2.964473
 14034.000000 8.122468 1.522133 2.969771
 14037.000000 8.134843 1.502787 3.030215
 14040.000000 8.090304 1.536407 2.942023
 14043.000000 8.102487 1.503807 2.975833
 14046.000000 8.140554 1.499591 2.970640
 14049.000000 8.118839 1.524453 2.962961
 14052.000000 8.013798 1.535347 2.941652
 14055.000000 7.998689 1.519104 2.977379
 14058.000000 8.056627 1.531050 2.993261
 14061.000000 8.092885 1.534777 2.989429
 14064.000000 8.061426 1.530638 2.968707
 14067.000000 8.048591 1.515548 2.997755
 14070.000000 7.994723 1.550031 2.951573
 14073.000000 7.959412 1.554609 2.955291
 14076.000000 7.959508 1.551630 2.973187
 14079.000000 7.949208 1.546918 2.973090
 14082.000000 7.926874 1.526468 2.982160
 14085.000000 7.952854 1.533872 2.936622
 14088.000000 7.929594 1.526081 2.956247
 14091.000000 7.921869 1.552127 2.925378
 14094.000000 7.887577 1.535785 2.946859
 14097.000000 7.906892 1.535926 2.977653
 14100.000000 7.831644 1.539105 3.002483
 14103.000000 7.815616 1.540207 2.975490
 14106.000000 7.719351 1.540065 2.966071
 14109.000000 7.719782 1.540520 2.962175
 14112.000000 7.803269 1.558308 2.935234
 14115.000000 7.814808 1.543121 2.954527
 14118.000000 7.739968 1.563202 2.952859
 14121.000000 7.701673 1.560531 2.920977
 14124.000000 7.758982 1.576204 2.948881
 14127.000000 7.780239 1.597368 2.921723
 14130.000000 7.741522 1.576055 2.928236
 14133.000000 7.710545 1.561544 2.948119
 14136.000000 7.686037 1.567662 2.942847
 14139.000000 7.838045 1.562921 2.953176
 14142.000000 7.884929 1.545927 2.976137
 14145.000000 7.821250 1.556733 2.984059
 14148.000000 7.819922 1.563953 2.949013
 14151.000000 7.798002 1.579448 2.929488
 14154.000000 7.703265 1.555597 2.954770
 14157.000000 7.728537 1.542239 2.960011
 14160.000000 7.768898 1.555023 2.943760
 14163.000000 7.740191 1.510946 2.966309
 14166.000000 7.711421 1.522658 2.958414
 14169.000000 7.721138 1.531947 2.967286
 14172.000000 7.788933 1.539442 2.940545
 14175.000000 7.874335 1.533136 2.996713
 14178.000000 7.819548 1.518261 3.011752
 14181.000000 7.867183 1.506580 2.977640
 14184.000000 7.868993 1.510213 2.943668
 14187.000000 7.822386 1.524568 2.981704
 14190.000000 7.786954 1.482265 2.985985
 14193.000000 7.704502 1.498775 2.997570
 14196.000000 7.684863 1.487659 3.035839
 14199.000000 7.603842 1.507101 2.980419
 14202.000000 7.623095 1.523466 2.986916
 14205.000000 7.675537 1.522929 2.998503
 14208.000000 7.667400 1.514194 3.022923
 14211.000000 7.612613 1.496290 3.039179
 14214.000000 7.608960 1.509289 3.006608
 14217.000000 7.580507 1.484761 3.037382
 14220.000000 7.531741 1.523811 2.962419
 14223.000000 7.537146 1.531557 2.974040
 14226.000000 7.553541 1.539881 2.975293
 14229.000000 7.643548 1.520496 3.012448
 14232.000000 7.722367 1.525768 2.964563
 14235.000000 7.695077 1.494732 3.001568
 14238.000000 7.793467 1.539036 2.994657
 14241.000000 7.782929 1.546085 2.988105
 14244.000000 7.731441 1.547086 2.981700
 14247.000000 7.759117 1.537808 3.004926
 14250.000000 7.677980 1.561752 2.978130
 14253.000000 7.717272 1.560513 2.976021
 14256.000000 7.760534 1.576968 2.960267
 14259.000000 7.779363 1.584215 2.989511
 14262.000000 7.677841 1.621088 2.967818
 14265.000000 7.727011 1.582889 3.001825
 14268.000000 7.794064 1.582802 2.958842
 14271.000000 7.813572 1.563159 2.973168
 14274.000000 7.762691 1.553376 2.987073
 14277.000000 7.767685 1.547584 3.032987
 14280.000000 7.795833 1.555339 3.001168
 14283.000000 7.786291 1.560454 2.993379
 14286.000000 7.841087 1.567159 2.979787
 14289.000000 7.798499 1.572594 2.985221
 14292.000000 7.829165 1.575851 3.016995
 14295.000000 7.784752 1.602664 2.945080
 14298.000000 7.824583 1.596035 2.955894
 14301.000000 7.937508 1.615395 2.945481
 14304.000000 7.834092 1.575379 2.972914
 14307.000000 7.798798 1.596301 2.976314
 14310.000000 7.841393 1.619431 2.954931
 14313.000000 7.869785 1.595175 2.962799
 14316.000000 7.916606 1.596045 2.958577
 14319.000000 7.865753 1.605258 2.970212
 14322.000000 7.898025 1.572466 2.939668
 14325.000000 7.847916 1.566342 2.965009
 14328.000000 7.822570 1.566809 2.945277
 14331.000000 7.899746 1.579699 2.947666
 14334.000000 7.823544 1.577272 2.964496
 14337.000000 7.813397 1.578886 2.979054
 14340.000000 7.879826 1.576761 2.949621
 14343.000000 7.808357 1.588259 2.953399
 14346.000000 7.911321 1.579560 2.925147
 14349.000000 7.862029 1.574308 2.931828
 14352.000000 7.917618 1.591137 2.949399
 14355.000000 8.003378 1.610331 2.941466
 14358.000000 7.908927 1.602641 2.931758
 14361.000000 8.011920 1.591993 2.956915
 14364.000000 8.063345 1.572616 2.981013
 14367.000000 8.090533 1.566576 2.971667
 14370.000000 8.097017 1.574567 2.938011
 14373.000000 8.029035 1.595012 2.917965
 14376.000000 8.031173 1.570937 2.927413
 14379.000000 7.987351 1.566465 2.948811
 14382.000000 7.912991 1.572511 2.920962
 14385.000000 8.007518 1.574281 2.910862
 14388.000000 8.038967 1.566592 2.912742
 14391.000000 8.029925 1.546040 2.929086
 14394.000000 8.019323 1.554638 2.882391
 14397.000000 8.044821 1.561578 2.886923
 14400.000000 8.096056 1.533617 2.930290
 14403.000000 8.020830 1.568573 2.902369
 14406.000000 7.996540 1.549476 2.900312
 14409.000000 8.032895 1.536567 2.927986
 14412.000000 7.973088 1.534494 2.913894
 14415.000000 7.876340 1.508794 2.933424
 14418.000000 7.882369 1.541596 2.925805
 14421.000000 7.956807 1.546599 2.914917
 14424.000000 7.898895 1.535781 2.913583
 14427.000000 7.915395 1.569980 2.893865
 14430.000000 7.904682 1.549547 2.895473
 14433.000000 7.867652 1.561681 2.881134
 14436.000000 7.832238 1.561319 2.892333
 14439.000000 7.868031 1.566401 2.895500
 14442.000000 7.935253 1.576782 2.873816
 14445.000000 7.948954 1.548162 2.897786
 14448.000000 8.007239 1.554525 2.930251
 14451.000000 7.935780 1.551091 2.950219
 14454.000000 7.973551 1.536071 2.950828
 14457.000000 7.960825 1.531904 2.942394
 14460.000000 7.909203 1.511965 2.966019
 14463.000000 7.845561 1.482634 2.990315
 14466.000000 7.790089 1.503988 3.015326
 14469.000000 7.767398 1.511860 2.998998
 14472.000000 7.762392 1.510560 3.013502
 14475.000000 7.762188 1.512612 3.013789
 14478.000000 7.749654 1.514641 2.999167
 14481.000000 7.730297 1.529310 2.961794
 14484.000000 7.682889 1.525402 2.959020
 14487.000000 7.733718 1.528907 2.973828
 14490.000000 7.686582 1.517650 3.025655
 14493.000000 7.830366 1.532419 2.993682
 14496.000000 7.793644 1.522550 2.966011
 14499.000000 7.759945 1.509486 2.975337
 14502.000000 7.875883 1.518051 2.956952
 14505.000000 7.917952 1.518299 2.974232
 14508.000000 7.851617 1.546007 2.923800
 14511.000000 7.920414 1.527728 2.951288
 14514.000000 7.964657 1.562842 2.902719
 14517.000000 7.977057 1.566698 2.932148
 14520.000000 7.994768 1.571132 2.916579
 14523.000000 7.956885 1.529409 2.973733
 14526.000000 7.905220 1.526203 2.972328
 14529.000000 7.963960 1.511393 2.960448
 14532.000000 7.958578 1.513175 2.988445
 14535.000000 7.957930 1.543206 2.951083
 14538.000000 7.940020 1.550616 2.927135
 14541.000000 7.934539 1.564339 2.965278
 14544.000000 7.984553 1.569747 2.970724
 14547.000000 7.970694 1.559108 2.975641
 14550.000000 7.936755 1.560072 3.010830
 14553.000000 7.934376 1.551472 3.007908
 14556.000000 7.896804 1.546955 2.980608
 14559.000000 7.947581 1.576928 2.979275
 14562.000000 8.035613 1.562602 2.995300
 14565.000000 8.005611 1.539155 3.003024
 14568.000000 8.021475 1.552677 2.975697
 14571.000000 7.924566 1.566501 2.957096
 14574.000000 7.880647 1.547970 2.947437
 14577.000000 7.877182 1.538170 2.972840
 14580.000000 7.857998 1.540060 2.999207
 14583.000000 7.947102 1.531456 2.970140
 14586.000000 7.978135 1.536599 2.958806
 14589.000000 7.977368 1.526172 2.974058
 14592.000000 8.094788 1.535700 2.974696
 14595.000000 8.051485 1.545195 2.953822
 14598.000000 8.093863 1.541168 2.958226
 14601.000000 7.976289 1.564710 2.959852
 14604.000000 8.000149 1.579935 2.951438
 14607.000000 8.014481 1.580932 2.931881
 14610.000000 8.041407 1.540930 2.959157
 14613.000000 7.980493 1.550054 2.967475
 14616.000000 7.994283 1.565362 2.964342
 14619.000000 8.037155 1.581289 2.956680
 14622.000000 8.030155 1.569395 2.924883
 14625.000000 7.932413 1.544102 2.981050
 14628.000000 7.909830 1.563044 2.928087
 14631.000000 7.946715 1.562352 2.966499
 14634.000000 8.013358 1.579566 2.967903
 14637.000000 7.970380 1.597485 2.955849
 14640.000000 8.030051 1.583161 2.955783
 14643.000000 7.997469 1.585031 2.982196
 14646.000000 8.003928 1.563771 2.980387
 14649.000000 8.054916 1.540340 2.987199
 14652.000000 8.074429 1.568348 2.995114
 14655.000000 8.154147 1.573274 2.980644
 14658.000000 8.072675 1.573944 2.947371
 14661.000000 8.068034 1.574802 2.951451
 14664.000000 8.123134 1.573650 2.942166
 14667.000000 8.118188 1.599290 2.941359
 14670.000000 8.141496 1.582135 2.959730
 14673.000000 8.032242 1.583807 2.967198
 14676.000000 7.979839 1.595588 3.032104
 14679.000000 8.017754 1.592311 3.027031
 14682.000000 8.092788 1.590399 3.023629
 14685.000000 8.057408 1.593316 3.006706
 14688.000000 7.990020 1.608388 2.997593
 14691.000000 8.060910 1.578327 2.995938
 14694.000000 8.085135 1.593998 3.008567
 14697.000000 8.087606 1.610791 2.976535
 14700.000000 8.190903 1.637047 2.970273
 14703.000000 8.149019 1.601893 3.005277
 14706.000000 8.098956 1.606163 3.027570
 14709.000000 8.027801 1.633578 2.976242
 14712.000000 7.990885 1.612579 2.977401
 14715.000000 8.093435 1.624836 2.981871
 14718.000000 8.038468 1.593512 3.032816
 14721.000000 8.060599 1.580167 3.019698
 14724.000000 7.955982 1.608170 2.977441
 14727.000000 8.016883 1.611773 2.984957
 14730.000000 7.968945 1.590686 2.988342
 14733.000000 7.966183 1.584035 2.962324
 14736.000000 7.972354 1.591328 2.979409
 14739.000000 8.062222 1.589622 2.989915
 14742.000000 8.109813 1.592825 2.994102
 14745.000000 8.067920 1.596738 2.971659
 14748.000000 8.122392 1.617805 2.939900
 14751.000000 8.143461 1.632770 2.935058
 14754.000000 8.114004 1.643106 2.905645
 14757.000000 8.156088 1.632868 2.890665
 14760.000000 8.163176 1.613652 2.920084
 14763.000000 8.129030 1.618116 2.917139
 14766.000000 8.098758 1.599780 2.940152
 14769.000000 8.075620 1.595166 2.976808
 14772.000000 7.953789 1.621154 2.979553
 14775.000000 8.019477 1.660947 2.970963
 14778.000000 7.940878 1.633947 3.018559
 14781.000000 7.966865 1.633802 2.996759
 14784.000000 7.998285 1.620648 2.985388
 14787.000000 8.025237 1.613176 3.006634
 14790.000000 7.964628 1.598319 3.006161
 14793.000000 7.962197 1.588091 3.002473
 14796.000000 7.961330 1.574320 2.959472
 14799.000000 7.972204 1.564935 2.992132
 14802.000000 7.911610 1.587439 2.973751
 14805.000000 7.944177 1.609369 2.948359
 14808.000000 7.930860 1.624676 2.927099
 14811.000000 7.847948 1.618501 2.934359
 14814.000000 7.882735 1.623246 2.957187
 14817.000000 7.936613 1.602862 2.957911
 14820.000000 7.887672 1.598280 2.961998
 14823.000000 7.881276 1.600582 2.965361
 14826.000000 7.877138 1.576977 2.951014
 14829.000000 7.902598 1.590946 2.940398
 14832.000000 7.988406 1.569084 2.956238
 14835.000000 8.035083 1.553684 2.976986
 14838.000000 8.030249 1.565708 2.967777
 14841.000000 8.025664 1.572801 3.003279
 14844.000000 8.018601 1.602640 2.976692
 14847.000000 8.031742 1.578549 3.013794
 14850.000000 8.030788 1.555249 2.995074
 14853.000000 8.036225 1.567828 3.000263
 14856.000000 8.045925 1.534981 3.005097
 14859.000000 7.934199 1.526077 3.003781
 14862.000000 7.924396 1.553726 2.974969
 14865.000000 7.908201 1.543026 3.016861
 14868.000000 7.970760 1.521332 2.998260
 14871.000000 8.001531 1.503368 2.996388
 14874.000000 7.964856 1.497132 2.998764
 14877.000000 7.926076 1.516767 2.987065
 14880.000000 8.046172 1.544946 2.936353
 14883.000000 8.085113 1.528751 2.971352
 14886.000000 8.098470 1.512474 2.986957
 14889.000000 8.042475 1.501690 2.987136
 14892.000000 8.043588 1.525268 2.987413
 14895.000000 8.075426 1.553741 2.959066
 14898.000000 7.966769 1.554556 2.964338
 14901.000000 7.910208 1.550373 3.005123
 14904.000000 7.968859 1.555200 2.964153
 14907.000000 7.915207 1.536747 3.006922
 14910.000000 7.889904 1.545882 2.997173
 14913.000000 7.885009 1.574176 2.967127
 14916.000000 7.924899 1.548329 3.000063
 14919.000000 7.925282 1.555296 2.973893
 14922.000000 7.936525 1.563032 2.938039
 14925.000000 7.958874 1.572631 2.927151
 14928.000000 7.948883 1.547099 2.924906
 14931.000000 7.913937 1.564920 2.935806
 14934.000000 7.935605 1.546790 2.958970
 14937.000000 7.965673 1.539299 2.920047
 14940.000000 7.982711 1.561977 2.897213
 14943.000000 8.069261 1.547447 2.924691
 14946.000000 8.117465 1.549102 2.959951
 14949.000000 8.035235 1.552695 2.944707
 14952.000000 8.021827 1.547762 2.986996
 14955.000000 8.000852 1.589246 2.922808
 14958.000000 7.921992 1.552728 2.938564
 14961.000000 7.942983 1.567293 2.944184
 14964.000000 7.938156 1.561356 2.945091
 14967.000000 8.017869 1.562961 2.957471
 14970.000000 7.977322 1.553258 2.977700
 14973.000000 7.971056 1.566855 2.970746
 14976.000000 7.969868 1.530908 2.979218
 14979.000000 8.035602 1.523968 2.958178
 14982.000000 7.942600 1.528918 2.970563
 14985.000000 7.872865 1.511274 2.995747
 14988.000000 7.847462 1.517435 2.990921
 14991.000000 7.792013 1.532464 2.974275
 14994.000000 7.821025 1.518295 2.979112
 14997.000000 7.809655 1.541309 2.959906
 15000.000000 7.827066 1.558745 2.961025
 15003.000000 7.804851 1.558036 2.956286
 15006.000000 7.801681 1.544412 2.976382
 15009.000000 7.804509 1.551046 2.971610
 15012.000000 7.734072 1.562270 2.990929
 15015.000000 7.844786 1.589622 2.962449
 15018.000000 7.862756 1.568537 3.012810
 15021.000000 8.000572 1.581308 2.995046
 15024.000000 8.076428 1.566108 2.990162
 15027.000000 8.046269 1.560185 3.017426
 15030.000000 8.050617 1.579549 2.981526
 15033.000000 7.998418 1.559499 2.982645
 15036.000000 8.095664 1.556284 2.968170
 15039.000000 8.017417 1.554749 2.982770
 15042.000000 7.936906 1.551767 2.987128
 15045.000000 7.968610 1.556271 2.980676
 15048.000000 7.972297 1.578623 2.983385
 15051.000000 7.940653 1.593419 2.922169
 15054.000000 7.971180 1.569060 2.959804
 15057.000000 7.970729 1.571054 2.945459
 15060.000000 8.005384 1.557557 2.951279
 15063.000000 8.023759 1.538397 2.970133
 15066.000000 8.065830 1.540986 2.977950
 15069.000000 8.105711 1.552806 2.972478
 15072.000000 8.063758 1.545915 2.971821
 15075.000000 8.087142 1.551350 2.960119
 15078.000000 8.046100 1.511203 2.989270
 15081.000000 7.969778 1.540067 2.932221
 15084.000000 7.994379 1.527119 2.960483
 15087.000000 7.940955 1.550872 2.916060
 15090.000000 7.948558 1.520325 2.922597
 15093.000000 7.986388 1.543622 2.933185
 15096.000000 8.012996 1.536888 2.941230
 15099.000000 7.922818 1.561904 2.914809
 15102.000000 7.845369 1.556738 2.940355
 15105.000000 7.923276 1.543332 2.945037
 15108.000000 7.912650 1.538252 2.946797
 15111.000000 7.961678 1.544920 2.980096
 15114.000000 8.018331 1.519632 2.964450
 15117.000000 8.013465 1.534351 2.937797
 15120.000000 8.034293 1.532078 2.922468
 15123.000000 7.962649 1.539567 2.949046
 15126.000000 7.969538 1.536558 2.950054
 15129.000000 7.909766 1.560679 2.915918
 15132.000000 8.024981 1.536782 2.963726
 15135.000000 7.986329 1.562655 2.932823
 15138.000000 8.042379 1.572280 2.954657
 15141.000000 8.105665 1.583109 2.941152
 15144.000000 8.084767 1.550815 2.965092
 15147.000000 8.123399 1.549914 2.959561
 15150.000000 8.110543 1.555409 2.955719
 15153.000000 8.128082 1.538893 2.951615
 15156.000000 8.149132 1.556550 2.952942
 15159.000000 8.175622 1.546817 2.921899
 15162.000000 8.168035 1.581206 2.942727
 15165.000000 8.238039 1.591680 2.953898
 15168.000000 8.204945 1.591266 2.918961
 15171.000000 8.179967 1.575354 2.931641
 15174.000000 8.118145 1.570787 2.934524
 15177.000000 8.108623 1.590156 2.923077
 15180.000000 8.075818 1.589563 2.933366
 15183.000000 8.058930 1.630224 2.890400
 15186.000000 8.094952 1.594124 2.935406
 15189.000000 8.076258 1.598001 2.964253
 15192.000000 8.151864 1.605541 2.937488
 15195.000000 8.119920 1.609380 2.939558
 15198.000000 8.013473 1.612235 2.940718
 15201.000000 7.987046 1.593415 2.916994
 15204.000000 7.992842 1.617895 2.930031
 15207.000000 8.016106 1.578828 2.946472
 15210.000000 8.006970 1.572473 2.945288
 15213.000000 7.954594 1.588522 2.891829
 15216.000000 7.938031 1.557567 2.946239
 15219.000000 8.021847 1.591173 2.916042
 15222.000000 7.933977 1.602094 2.933322
 15225.000000 7.862697 1.599320 2.937404
 15228.000000 7.931928 1.586731 2.942155
 15231.000000 7.845988 1.563239 2.958234
 15234.000000 7.854490 1.559422 2.949341
 15237.000000 7.851457 1.555217 2.921236
 15240.000000 7.902545 1.540461 2.935467
 15243.000000 7.930156 1.539763 2.958968
 15246.000000 7.939800 1.545564 2.983894
 15249.000000 7.971284 1.554943 2.979911
 15252.000000 7.907276 1.616521 2.912673
 15255.000000 7.982148 1.579618 2.932817
 15258.000000 7.974103 1.591487 2.927512
 15261.000000 7.963144 1.596233 2.940292
 15264.000000 7.951705 1.593590 2.977887
 15267.000000 7.897113 1.596953 2.980422
 15270.000000 7.828587 1.606897 2.970921
 15273.000000 7.813546 1.587223 2.997402
 15276.000000 7.800185 1.594080 2.983090
 15279.000000 7.766150 1.598499 2.950205
 15282.000000 7.823582 1.596764 2.969832
 15285.000000 7.790639 1.578375 2.973826
 15288.000000 7.795484 1.571300 2.984650
 15291.000000 7.771210 1.552833 2.995489
 15294.000000 7.780502 1.550722 3.037588
 15297.000000 7.832961 1.537098 3.042069
 15300.000000 7.889614 1.558525 3.025395
 15303.000000 7.885245 1.569799 2.993642
 15306.000000 7.886167 1.549532 2.992931
 15309.000000 7.856592 1.568929 2.974329
 15312.000000 7.927656 1.571493 2.991822
 15315.000000 7.896735 1.600522 2.983811
 15318.000000 7.927070 1.591367 2.972402
 15321.000000 7.951999 1.595450 2.998106
 15324.000000 7.935806 1.575361 3.031444
 15327.000000 7.974392 1.564556 3.004706
 15330.000000 7.965771 1.566800 2.999321
 15333.000000 7.994364 1.580714 3.025180
 15336.000000 8.031428 1.556498 3.027689
 15339.000000 7.945843 1.580073 2.945279
 15342.000000 8.025874 1.572420 2.961144
 15345.000000 8.040206 1.550112 2.987368
 15348.000000 7.948940 1.557611 2.983259
 15351.000000 8.013839 1.562142 2.974011
 15354.000000 8.020299 1.571002 2.938824
 15357.000000 7.946601 1.539358 2.959250
 15360.000000 8.049680 1.577917 2.955070
 15363.000000 8.091253 1.591091 2.961598
 15366.000000 8.063854 1.577118 2.975375
 15369.000000 7.978533 1.574025 2.957451
 15372.000000 7.971117 1.534664 2.998783
 15375.000000 8.061152 1.546524 2.994891
 15378.000000 7.983883 1.529291 2.980940
 15381.000000 8.015189 1.563884 2.932639
 15384.000000 7.996163 1.563570 2.940080
 15387.000000 7.914190 1.555106 2.978439
 15390.000000 7.888169 1.563402 2.968480
 15393.000000 7.886050 1.519505 2.998563
 15396.000000 7.960258 1.552562 2.966033
 15399.000000 8.051496 1.572518 2.945255
 15402.000000 8.043568 1.576868 2.973046
 15405.000000 7.947085 1.555590 2.992107
 15408.000000 7.921949 1.555500 3.010890
 15411.000000 7.896480 1.568053 3.009606
 15414.000000 7.928031 1.560845 3.006334
 15417.000000 7.944352 1.563323 3.026818
 15420.000000 8.010864 1.559485 3.037225
 15423.000000 7.944929 1.571662 3.028697
 15426.000000 7.991118 1.540625 3.046281
 15429.000000 8.023768 1.532177 3.046806
 15432.000000 7.914292 1.516011 3.024456
 15435.000000 7.843912 1.528057 3.059433
 15438.000000 7.954816 1.577783 3.015578
 15441.000000 8.024694 1.588135 3.006800
 15444.000000 7.988283 1.557845 3.030488
 15447.000000 7.920679 1.551084 2.999794
 15450.000000 7.972353 1.537930 3.028562
 15453.000000 7.929122 1.534552 3.025989
 15456.000000 7.922994 1.542926 3.020516
 15459.000000 7.942622 1.570906 2.977815
 15462.000000 7.981285 1.557678 2.966508
 15465.000000 7.930207 1.568381 2.950937
 15468.000000 7.945025 1.547940 2.973608
 15471.000000 7.998665 1.546514 2.988039
 15474.000000 8.042706 1.549874 2.994256
 15477.000000 8.067782 1.568060 2.971393
 15480.000000 8.089954 1.565045 2.985553
 15483.000000 8.089043 1.548697 3.003773
 15486.000000 8.034650 1.524415 3.005181
 15489.000000 8.043849 1.515040 2.997548
 15492.000000 8.051537 1.532862 3.000222
 15495.000000 7.968703 1.495254 3.000408
 15498.000000 7.842922 1.515208 2.987325
 15501.000000 7.939947 1.513500 2.975940
 15504.000000 7.975659 1.532249 2.952359
 15507.000000 8.037929 1.498636 2.970237
 15510.000000 7.997018 1.501418 2.958908
 15513.000000 7.966364 1.497634 2.957769
 15516.000000 7.965299 1.508384 2.950436
 15519.000000 7.943021 1.501374 2.989149
 15522.000000 7.977043 1.506869 2.971043
 15525.000000 7.940284 1.523194 2.959495
 15528.000000 8.021697 1.523379 2.922436
 15531.000000 8.017719 1.508659 2.945574
 15534.000000 7.997298 1.525412 2.944584
 15537.000000 8.036356 1.542363 2.915802
 15540.000000 8.044366 1.533371 2.910336
 15543.000000 8.084378 1.517033 2.895308
 15546.000000 8.106127 1.515271 2.921612
 15549.000000 8.020565 1.510908 2.941693
 15552.000000 8.042405 1.520479 2.971134
 15555.000000 7.983527 1.498110 2.955158
 15558.000000 7.946280 1.521917 2.931528
 15561.000000 7.959663 1.549869 2.924068
 15564.000000 7.945251 1.567347 2.931539
 15567.000000 7.915643 1.541946 2.909183
 15570.000000 7.996327 1.546288 2.916628
 15573.000000 7.986056 1.542917 2.916384
 15576.000000 8.076147 1.515007 2.931761
 15579.000000 8.074400 1.532500 2.932757
 15582.000000 8.087325 1.542712 2.950661
 15585.000000 8.004323 1.519507 2.992471
 15588.000000 7.959762 1.524813 2.976483
 15591.000000 8.038176 1.528776 2.962415
 15594.000000 8.047905 1.516335 2.964781
 15597.000000 8.015537 1.531920 2.930568
 15600.000000 7.939413 1.505412 2.954198
 15603.000000 7.963341 1.510797 2.960753
 15606.000000 8.029655 1.507456 2.939006
 15609.000000 7.988260 1.500502 2.959789
 15612.000000 8.044950 1.514043 2.977820
 15615.000000 8.048835 1.493213 2.985360
 15618.000000 7.983988 1.491318 2.973736
 15621.000000 8.010552 1.525647 2.955044
 15624.000000 7.961451 1.488666 3.006202
 15627.000000 8.034338 1.472300 3.018541
 15630.000000 8.029631 1.491530 2.979598
 15633.000000 8.041013 1.475535 3.001380
 15636.000000 8.092715 1.494253 2.978981
 15639.000000 8.132577 1.509620 2.956723
 15642.000000 8.152712 1.528955 2.940109
 15645.000000 8.107263 1.504544 2.948738
 15648.000000 8.050558 1.520156 2.946667
 15651.000000 7.958481 1.532721 2.930126
 15654.000000 8.063454 1.540355 2.932460
 15657.000000 7.997321 1.551445 2.938725
 15660.000000 8.018895 1.531363 2.962246
 15663.000000 7.992435 1.525093 2.962372
 15666.000000 7.951011 1.515520 2.978862
 15669.000000 7.944507 1.488611 2.977629
 15672.000000 7.975035 1.521597 2.954383
 15675.000000 7.994082 1.517496 2.977472
 15678.000000 8.043369 1.492783 2.963399
 15681.000000 8.081683 1.504882 2.926910
 15684.000000 8.049087 1.534571 2.885778
 15687.000000 8.029251 1.542117 2.898195
 15690.000000 8.030444 1.523873 2.925124
 15693.000000 8.106314 1.541917 2.912072
 15696.000000 8.078991 1.560831 2.918598
 15699.000000 8.135758 1.563836 2.904916
 15702.000000 8.069945 1.532787 2.960920
 15705.000000 8.095305 1.552918 2.924054
 15708.000000 8.045429 1.507868 2.969455
 15711.000000 8.015081 1.532763 2.941628
 15714.000000 7.899059 1.514381 2.929384
 15717.000000 7.971181 1.512944 2.924093
 15720.000000 7.982780 1.506329 2.941596
 15723.000000 8.045060 1.545256 2.897633
 15726.000000 8.015578 1.519250 2.942128
 15729.000000 8.021278 1.497069 2.954509
 15732.000000 7.949062 1.497047 2.939849
 15735.000000 7.998820 1.494104 2.926513
 15738.000000 8.019927 1.504777 2.936842
 15741.000000 7.921811 1.519646 2.921952
 15744.000000 7.907055 1.527558 2.938388
 15747.000000 7.883177 1.535184 2.926371
 15750.000000 7.874463 1.517893 2.934652
 15753.000000 7.806189 1.546798 2.899947
 15756.000000 7.856353 1.554610 2.888941
 15759.000000 7.815596 1.530589 2.950710
 15762.000000 7.799849 1.517666 2.958045
 15765.000000 7.883104 1.497948 2.948055
 15768.000000 7.899177 1.540407 2.940559
 15771.000000 7.862348 1.543091 2.920550
 15774.000000 7.871157 1.554394 2.921572
 15777.000000 7.889531 1.562443 2.912710
 15780.000000 7.970306 1.543908 2.938289
 15783.000000 7.966261 1.553135 2.930311
 15786.000000 8.004871 1.539786 2.916210
 15789.000000 7.967152 1.533743 2.990173
 15792.000000 7.947698 1.524855 2.954405
 15795.000000 7.924848 1.544612 2.882352
 15798.000000 7.921158 1.560812 2.908721
 15801.000000 7.932599 1.563249 2.925216
 15804.000000 7.928693 1.564357 2.911496
 15807.000000 8.002356 1.582308 2.897120
 15810.000000 7.892281 1.537409 2.890183
 15813.000000 7.926415 1.556071 2.906812
 15816.000000 7.821651 1.542752 2.912230
 15819.000000 7.841669 1.516086 2.942638
 15822.000000 7.827873 1.530797 2.887335
 15825.000000 7.813801 1.554002 2.901201
 15828.000000 7.844821 1.555971 2.896843
 15831.000000 7.826491 1.549632 2.934341
 15834.000000 7.885204 1.541770 2.955865
 15837.000000 7.901989 1.537782 2.946885
 15840.000000 7.950469 1.542594 2.952483
 15843.000000 7.892052 1.559637 2.938125
 15846.000000 7.894833 1.543870 2.958441
 15849.000000 7.966243 1.553632 2.938855
 15852.000000 7.887148 1.551218 2.927656
 15855.000000 7.989243 1.523665 2.930963
 15858.000000 8.004466 1.568804 2.925451
 15861.000000 8.060398 1.542697 2.961602
 15864.000000 7.956015 1.551937 2.932753
 15867.000000 7.998216 1.571291 2.929260
 15870.000000 8.031094 1.568622 2.910160
 15873.000000 7.964534 1.542148 2.918621
 15876.000000 7.966872 1.542539 2.909811
 15879.000000 8.053724 1.557330 2.927781
 15882.000000 8.075043 1.576667 2.919135
 15885.000000 8.112688 1.573204 2.921056
 15888.000000 8.085551 1.557492 2.946409
 15891.000000 8.081641 1.539401 2.962994
 15894.000000 8.086309 1.539766 2.943280
 15897.000000 8.011736 1.553802 2.970584
 15900.000000 7.977377 1.540615 2.966389
 15903.000000 8.001613 1.542149 2.954869
 15906.000000 8.035514 1.547919 2.972773
 15909.000000 7.977375 1.536505 2.973795
 15912.000000 7.985885 1.561831 2.956989
 15915.000000 7.925310 1.532385 2.982080
 15918.000000 7.856216 1.544803 2.943226
 15921.000000 7.874220 1.536225 2.938186
 15924.000000 7.822225 1.530352 2.936069
 15927.000000 7.797185 1.538410 2.939264
 15930.000000 7.897779 1.567756 2.938543
 15933.000000 7.908183 1.581294 2.953106
 15936.000000 7.881878 1.581328 2.957116
 15939.000000 7.855537 1.567699 2.958750
 15942.000000 7.902841 1.565262 2.933767
 15945.000000 7.944106 1.568825 2.924714
 15948.000000 7.885821 1.545191 2.949442
 15951.000000 7.919726 1.536441 2.963735
 15954.000000 8.010805 1.523831 2.972398
 15957.000000 7.996950 1.542980 2.948805
 15960.000000 7.948904 1.540278 2.932630
 15963.000000 7.894916 1.536321 2.929727
 15966.000000 7.851181 1.558254 2.920234
 15969.000000 7.815462 1.542554 2.945147
 15972.000000 7.777572 1.519190 2.961679
 15975.000000 7.742390 1.523706 2.947494
 15978.000000 7.747480 1.523682 2.962024
 15981.000000 7.757207 1.524266 2.980798
 15984.000000 7.844575 1.537909 2.965546
 15987.000000 7.894402 1.521058 2.973413
 15990.000000 7.845859 1.540684 2.949585
 15993.000000 7.963908 1.549955 2.929336
 15996.000000 8.010643 1.529040 2.948568
 15999.000000 7.943449 1.527614 2.943700
 16002.000000 7.982580 1.536622 2.912345
 16005.000000 7.953343 1.512074 2.938146
 16008.000000 7.936279 1.536347 2.938501
 16011.000000 7.967636 1.542079 2.941162
 16014.000000 8.013841 1.515034 2.981162
 16017.000000 8.051557 1.541703 2.967956
 16020.000000 7.998398 1.529555 2.932821
 16023.000000 8.065820 1.535664 2.935603
 16026.000000 8.021064 1.523765 2.940014
 16029.000000 8.021299 1.533001 2.944067
 16032.000000 8.065316 1.552889 2.942506
 16035.000000 8.114270 1.572592 2.925650
 16038.000000 8.121295 1.579162 2.942224
 16041.000000 8.086865 1.584248 2.939082
 16044.000000 8.031918 1.572173 2.938094
 16047.000000 8.057052 1.585309 2.946572
 16050.000000 8.124641 1.551466 2.944117
 16053.000000 8.038989 1.549495 2.981586
 16056.000000 7.931864 1.563491 2.987245
 16059.000000 8.011452 1.558424 3.006692
 16062.000000 7.997129 1.566135 3.001664
 16065.000000 7.967155 1.567855 3.043557
 16068.000000 7.931146 1.562926 3.001065
 16071.000000 7.919875 1.560272 3.007542
 16074.000000 7.871850 1.547920 2.965813
 16077.000000 7.870531 1.573509 2.984783
 16080.000000 7.796087 1.576637 2.961435
 16083.000000 7.756088 1.580060 2.969449
 16086.000000 7.906804 1.587761 2.976807
 16089.000000 7.902180 1.578639 2.970870
 16092.000000 7.837124 1.554256 2.964294
 16095.000000 7.809262 1.562038 2.984838
 16098.000000 7.827448 1.552128 2.964208
 16101.000000 7.859243 1.533237 2.999405
 16104.000000 7.824697 1.558564 2.967732
 16107.000000 7.802412 1.570157 2.957071
 16110.000000 7.773167 1.573428 2.955366
 16113.000000 7.712501 1.567196 2.947594
 16116.000000 7.788612 1.571905 2.971536
 16119.000000 7.765575 1.568722 2.940285
 16122.000000 7.787260 1.561978 2.967187
 16125.000000 7.830014 1.540158 2.993218
 16128.000000 7.839711 1.556245 2.980949
 16131.000000 7.832156 1.543328 2.991130
 16134.000000 7.894021 1.552788 2.961908
 16137.000000 7.917736 1.574343 2.970574
 16140.000000 7.899162 1.563802 2.956236
 16143.000000 7.963892 1.564670 2.975597
 16146.000000 7.937086 1.551575 2.989275
 16149.000000 7.893968 1.533419 2.998301
 16152.000000 7.971559 1.523700 3.020098
 16155.000000 7.950670 1.550716 2.958675
 16158.000000 7.942694 1.544983 2.979221
 16161.000000 7.893235 1.542644 2.963100
 16164.000000 7.874819 1.515734 2.992004
 16167.000000 7.866788 1.520005 2.976073
 16170.000000 7.905943 1.525706 2.973709
 16173.000000 7.952471 1.540620 2.980294
 16176.000000 7.947470 1.538256 3.000526
 16179.000000 7.917765 1.558162 2.979101
 16182.000000 7.919518 1.559197 2.977154
 16185.000000 7.990747 1.550674 2.943893
 16188.000000 7.969730 1.558663 2.926497
 16191.000000 7.975714 1.554887 2.958351
 16194.000000 7.913162 1.548760 2.990916
 16197.000000 7.937726 1.573579 2.942093
 16200.000000 7.986072 1.550402 2.977491
 16203.000000 7.968659 1.568367 2.990126
 16206.000000 7.997064 1.578840 2.976597
 16209.000000 7.976414 1.570884 2.972368
 16212.000000 8.028394 1.567948 2.977534
 16215.000000 8.044862 1.575632 2.963004
 16218.000000 8.011663 1.576498 2.954072
 16221.000000 8.058044 1.549346 2.945118
 16224.000000 8.055960 1.566033 2.906385
 16227.000000 8.160971 1.557034 2.919654
 16230.000000 8.002396 1.562490 2.892013
 16233.000000 7.938159 1.541813 2.904534
 16236.000000 7.911365 1.508033 2.960456
 16239.000000 7.870096 1.511254 2.974959
 16242.000000 7.892268 1.523201 2.960841
 16245.000000 7.904310 1.504864 2.957050
 16248.000000 7.913689 1.510129 2.948144
 16251.000000 7.967616 1.529803 2.938499
 16254.000000 8.045855 1.539378 2.936852
 16257.000000 8.013596 1.530761 2.930607
 16260.000000 8.029795 1.543525 2.921468
 16263.000000 7.979123 1.529049 2.955394
 16266.000000 7.951592 1.551239 2.929907
 16269.000000 7.933088 1.567436 2.885722
 16272.000000 7.899077 1.533639 2.968815
 16275.000000 7.922680 1.550611 2.905753
 16278.000000 7.896967 1.542156 2.912566
 16281.000000 7.844864 1.576471 2.912239
 16284.000000 7.847315 1.571105 2.909705
 16287.000000 7.899178 1.573483 2.883470
 16290.000000 7.929010 1.538582 2.909578
 16293.000000 7.922536 1.564889 2.889017
 16296.000000 7.943229 1.554744 2.950993
 16299.000000 7.964880 1.548437 2.943733
 16302.000000 7.912203 1.540881 2.932602
 16305.000000 8.039631 1.569866 2.924793
 16308.000000 8.013781 1.586914 2.875905
 16311.000000 8.019345 1.604325 2.873641
 16314.000000 7.995737 1.582930 2.870766
 16317.000000 8.038177 1.558781 2.902268
 16320.000000 8.054971 1.549166 2.930451
 16323.000000 8.140358 1.572079 2.930283
 16326.000000 8.100303 1.581199 2.911378
 16329.000000 8.093697 1.596734 2.936864
 16332.000000 8.033231 1.580072 2.966507
 16335.000000 8.009738 1.564999 3.006624
 16338.000000 8.027450 1.583902 2.990900
 16341.000000 8.000288 1.593674 2.955656
 16344.000000 8.042767 1.579710 2.974987
 16347.000000 8.064855 1.586264 2.969983
 16350.000000 7.985887 1.620673 2.952024
 16353.000000 8.014490 1.581948 2.951749
 16356.000000 7.986294 1.594460 2.941597
 16359.000000 8.032119 1.612817 2.907363
 16362.000000 8.046656 1.590929 2.951910
 16365.000000 8.004144 1.572526 2.969934
 16368.000000 7.934810 1.602089 2.937096
 16371.000000 7.939144 1.613718 2.942271
 16374.000000 7.949502 1.615343 2.967549
 16377.000000 7.876912 1.603647 2.953917
 16380.000000 7.905997 1.630299 2.922016
 16383.000000 7.869739 1.612878 2.931512
 16386.000000 7.806949 1.604464 2.936753
 16389.000000 7.846248 1.601782 2.960313
 16392.000000 7.929176 1.554291 2.949769
 16395.000000 7.850210 1.547202 2.949034
 16398.000000 7.840411 1.566473 2.957806
 16401.000000 7.879730 1.576906 2.971142
 16404.000000 7.926465 1.585619 2.947484
 16407.000000 7.984507 1.595505 2.913213
 16410.000000 7.970812 1.586073 2.906602
 16413.000000 7.988435 1.577775 2.940044
 16416.000000 7.997273 1.567105 2.956081
 16419.000000 7.922786 1.570450 2.931751
 16422.000000 7.903078 1.547431 2.978282
 16425.000000 7.966624 1.578162 2.999877
 16428.000000 7.942389 1.567541 2.990242
 16431.000000 7.933492 1.560461 2.998032
 16434.000000 7.988893 1.580590 2.965461
 16437.000000 8.004118 1.584213 2.965850
 16440.000000 8.012612 1.579392 2.940238
 16443.000000 7.991062 1.586024 2.964645
 16446.000000 7.992545 1.564433 2.975063
 16449.000000 7.973004 1.594687 2.939410
 16452.000000 7.927800 1.565115 2.939358
 16455.000000 7.909450 1.546343 2.978411
 16458.000000 7.915631 1.540622 2.964174
 16461.000000 8.023695 1.565140 2.909221
 16464.000000 8.000366 1.579902 2.907024
 16467.000000 7.952161 1.586282 2.892469
 16470.000000 8.033276 1.529760 2.951369
 16473.000000 8.050866 1.550583 2.920749
 16476.000000 8.038864 1.563618 2.937687
 16479.000000 8.004521 1.543495 2.963269
 16482.000000 8.011788 1.536772 2.965762
 16485.000000 8.022601 1.563450 2.929798
 16488.000000 8.017130 1.557154 2.955336
 16491.000000 7.933346 1.574312 2.959539
 16494.000000 7.869672 1.554399 2.944480
 16497.000000 7.902889 1.544074 2.970396
 16500.000000 7.906949 1.572936 2.951119
 16503.000000 7.951851 1.556434 2.983582
 16506.000000 7.938475 1.564536 2.960729
 16509.000000 7.900118 1.559248 2.961566
 16512.000000 7.862434 1.564284 2.971904
 16515.000000 7.866955 1.592082 2.978627
 16518.000000 7.810690 1.558768 2.974206
 16521.000000 7.834930 1.582136 2.962420
 16524.000000 7.848197 1.555949 3.015425
 16527.000000 7.859907 1.581751 3.014920
 16530.000000 7.732350 1.583463 3.035211
 16533.000000 7.714152 1.589885 3.005056
 16536.000000 7.702788 1.610583 2.995563
 16539.000000 7.722992 1.622687 2.954971
 16542.000000 7.670786 1.612371 2.967041
 16545.000000 7.696855 1.602604 2.979886
 16548.000000 7.647620 1.582021 2.958715
 16551.000000 7.703579 1.588869 2.944818
 16554.000000 7.621427 1.551575 2.984686
 16557.000000 7.610019 1.535390 2.981339
 16560.000000 7.587736 1.553573 2.955999
 16563.000000 7.518407 1.579439 2.922599
 16566.000000 7.633866 1.577677 2.935954
 16569.000000 7.766842 1.553276 2.954391
 16572.000000 7.785124 1.557703 2.940653
 16575.000000 7.728242 1.545142 2.965289
 16578.000000 7.775202 1.553364 2.987543
 16581.000000 7.760814 1.569734 3.004740
 16584.000000 7.776929 1.565281 3.004092
 16587.000000 7.856490 1.567892 3.014926
 16590.000000 7.886225 1.571587 3.006577
 16593.000000 7.957616 1.564681 3.002194
 16596.000000 7.907358 1.549347 3.014947
 16599.000000 7.928925 1.544032 3.031042
 16602.000000 7.930090 1.530113 3.046749
 16605.000000 7.871506 1.551215 3.008779
 16608.000000 7.889374 1.534228 3.030915
 16611.000000 7.861218 1.545172 3.001115
 16614.000000 7.870029 1.555438 3.025579
 16617.000000 7.916313 1.541455 3.010467
 16620.000000 7.922247 1.548296 3.017699
 16623.000000 7.898760 1.555099 3.000594
 16626.000000 7.907291 1.517698 2.994857
 16629.000000 7.894074 1.532952 2.988837
 16632.000000 7.866153 1.529550 2.964397
 16635.000000 7.880202 1.544408 2.954754
 16638.000000 7.807408 1.528223 2.975565
 16641.000000 7.780198 1.543181 2.969524
 16644.000000 7.809910 1.531150 2.962088
 16647.000000 7.832220 1.556886 2.942096
 16650.000000 7.815638 1.526303 2.966549
 16653.000000 7.811770 1.542501 2.964574
 16656.000000 7.816653 1.538343 2.957547
 16659.000000 7.873040 1.538412 2.921667
 16662.000000 7.891597 1.511388 2.976815
 16665.000000 7.845245 1.491648 2.991314
 16668.000000 7.882123 1.492405 2.988805
 16671.000000 7.935087 1.508522 2.978978
 16674.000000 7.973484 1.499823 2.989178
 16677.000000 7.977365 1.501107 2.951306
 16680.000000 7.874543 1.494664 2.953572
 16683.000000 7.836998 1.519379 2.925811
 16686.000000 7.943958 1.534191 2.916036
 16689.000000 7.912956 1.507491 2.939156
 16692.000000 7.897781 1.515793 2.930608
 16695.000000 7.866953 1.503005 2.960897
 16698.000000 7.786003 1.489430 2.972305
 16701.000000 7.862876 1.499553 2.930176
 16704.000000 8.012204 1.505750 2.951825
 16707.000000 7.922038 1.501808 2.950134
 16710.000000 7.948480 1.517385 2.950314
 16713.000000 8.044960 1.515171 2.966029
 16716.000000 7.983836 1.522410 2.969602
 16719.000000 7.943201 1.516652 2.946713
 16722.000000 7.958735 1.522270 2.962642
 16725.000000 7.978782 1.532012 2.939122
 16728.000000 7.859201 1.521472 2.938038
 16731.000000 7.889841 1.548465 2.920321
 16734.000000 7.801687 1.514132 2.948872
 16737.000000 7.932554 1.532248 2.950339
 16740.000000 7.915473 1.523980 2.938056
 16743.000000 7.949156 1.514619 2.957228
 16746.000000 7.961434 1.501782 2.971118
 16749.000000 7.901136 1.488842 2.967125
 16752.000000 7.951399 1.506881 2.947540
 16755.000000 7.893979 1.511306 2.933356
 16758.000000 7.926537 1.494519 2.949428
 16761.000000 7.952157 1.502997 2.930061
 16764.000000 7.959068 1.515964 2.922890
 16767.000000 7.949099 1.533028 2.903797
 16770.000000 7.946907 1.530483 2.898557
 16773.000000 7.959109 1.536612 2.886738
 16776.000000 7.963300 1.490198 2.931179
 16779.000000 7.946414 1.520654 2.937278
 16782.000000 7.955230 1.519456 2.955875
 16785.000000 8.013950 1.518571 2.934446
 16788.000000 7.987406 1.533692 2.960305
 16791.000000 7.997281 1.519604 2.992252
 16794.000000 7.955173 1.514149 2.995354
 16797.000000 7.927976 1.507347 3.006642
 16800.000000 7.963002 1.514898 3.006902
 16803.000000 8.002013 1.527775 2.989541
 16806.000000 8.019407 1.530272 2.973921
 16809.000000 8.007416 1.543257 2.980119
 16812.000000 8.028308 1.547396 2.972053
 16815.000000 8.023573 1.529468 2.996374
 16818.000000 7.981301 1.551836 3.013693
 16821.000000 8.016753 1.554966 3.017522
 16824.000000 8.004685 1.541273 3.034366
 16827.000000 8.063677 1.547656 3.027687
 16830.000000 8.048122 1.540063 3.028571
 16833.000000 8.155109 1.533945 3.054013
 16836.000000 8.124577 1.550356 3.046913
 16839.000000 8.096980 1.557530 3.045782
 16842.000000 8.015622 1.549223 3.036286
 16845.000000 7.980629 1.577383 3.031061
 16848.000000 8.011396 1.574202 3.017404
 16851.000000 7.977297 1.571149 3.016861
 16854.000000 7.983200 1.580183 3.002293
 16857.000000 7.905745 1.575832 3.009172
 16860.000000 7.863138 1.562068 3.014280
 16863.000000 7.820307 1.556050 2.999503
 16866.000000 7.842602 1.552791 2.974088
 16869.000000 7.803710 1.553289 2.979866
 16872.000000 7.859510 1.539802 2.998483
 16875.000000 7.906303 1.534303 3.023591
 16878.000000 7.906826 1.556471 3.001428
 16881.000000 7.894056 1.559364 3.009293
 16884.000000 7.903144 1.566978 3.016325
 16887.000000 7.948917 1.551764 3.029942
 16890.000000 7.896601 1.576051 2.986148
 16893.000000 7.841178 1.572051 2.982391
 16896.000000 7.888814 1.572255 2.955664
 16899.000000 7.847633 1.569254 2.967155
 16902.000000 7.847602 1.567571 2.962404
 16905.000000 7.878443 1.553396 2.945951
 16908.000000 7.853256 1.532924 2.983225
 16911.000000 7.862621 1.525657 2.997588
 16914.000000 7.837515 1.550192 2.969608
 16917.000000 7.827101 1.553874 2.950363
 16920.000000 7.849035 1.562517 2.924243
 16923.000000 7.770644 1.580829 2.921161
 16926.000000 7.800680 1.567507 2.932607
 16929.000000 7.784198 1.578477 2.933505
 16932.000000 7.809636 1.584052 2.916544
 16935.000000 7.873596 1.589151 2.918804
 16938.000000 7.907564 1.598120 2.927027
 16941.000000 7.891098 1.583203 2.924035
 16944.000000 7.902401 1.544102 2.966675
 16947.000000 7.964846 1.557178 2.957735
 16950.000000 7.937886 1.552260 2.969511
 16953.000000 7.891568 1.557308 2.987234
 16956.000000 7.898082 1.581519 2.991635
 16959.000000 7.930437 1.568940 2.981835
 16962.000000 7.897370 1.531005 3.027026
 16965.000000 7.850863 1.547391 2.999508
 16968.000000 7.898046 1.560055 2.984832
 16971.000000 7.896874 1.595523 2.977308
 16974.000000 7.934639 1.607827 2.969174
 16977.000000 7.937482 1.585892 2.982593
 16980.000000 7.860052 1.556460 3.041131
 16983.000000 7.919417 1.575659 2.994605
 16986.000000 7.975175 1.581878 2.985060
 16989.000000 8.018946 1.598818 2.982539
 16992.000000 7.959800 1.580056 3.021717
 16995.000000 7.982844 1.569938 2.995299
 16998.000000 7.955201 1.554794 2.981690
 17001.000000 7.897783 1.600877 2.920459
 17004.000000 7.907242 1.576375 2.957311
 17007.000000 7.856963 1.573354 2.984897
 17010.000000 7.800646 1.552678 2.962139
 17013.000000 7.858297 1.562822 2.997146
 17016.000000 7.842063 1.581431 2.976627
 17019.000000 7.914195 1.597689 2.962319
 17022.000000 7.944618 1.594803 2.961931
 17025.000000 7.999682 1.567134 2.977322
 17028.000000 7.945121 1.562876 2.982899
 17031.000000 7.901504 1.570497 2.939681
 17034.000000 7.886297 1.577932 2.959512
 17037.000000 7.902528 1.602793 2.951614
 17040.000000 7.920397 1.592573 2.930650
 17043.000000 7.959036 1.574221 2.961228
 17046.000000 7.899769 1.569199 2.959725
 17049.000000 7.935275 1.581778 2.974031
 17052.000000 8.018493 1.562727 2.997788
 17055.000000 7.953577 1.577139 3.012009
 17058.000000 7.940526 1.594473 2.984189
 17061.000000 8.053822 1.613835 2.944728
 17064.000000 8.003699 1.608390 2.912830
 17067.000000 8.017562 1.617927 2.887959
 17070.000000 7.969054 1.579120 2.946703
 17073.000000 7.965067 1.594038 2.976633
 17076.000000 7.949537 1.586292 2.959508
 17079.000000 7.922624 1.603687 2.993234
 17082.000000 7.843034 1.586960 3.008110
 17085.000000 7.820677 1.577341 3.009220
 17088.000000 7.858882 1.590856 3.014590
 17091.000000 7.909012 1.570305 3.001538
 17094.000000 7.982651 1.591037 2.952772
 17097.000000 7.829143 1.595114 2.947228
 17100.000000 7.830403 1.595845 2.957387
 17103.000000 7.853780 1.585792 2.987563
 17106.000000 7.756776 1.585284 2.983189
 17109.000000 7.818082 1.549597 3.027935
 17112.000000 7.816770 1.552147 2.984087
 17115.000000 7.815172 1.554390 2.938364
 17118.000000 7.873413 1.560722 2.958061
 17121.000000 7.809459 1.572859 2.916867
 17124.000000 7.744139 1.534256 2.950790
 17127.000000 7.804564 1.560402 2.925409
 17130.000000 7.730090 1.566357 2.914843
 17133.000000 7.682566 1.540953 2.969329
 17136.000000 7.704378 1.571607 2.943592
 17139.000000 7.798707 1.565406 2.916156
 17142.000000 7.804233 1.565498 2.948713
 17145.000000 7.820911 1.561465 2.936202
 17148.000000 7.867026 1.596654 2.919772
 17151.000000 7.855667 1.602885 2.935812
 17154.000000 7.904969 1.578495 2.965653
 17157.000000 7.844726 1.610819 2.939129
 17160.000000 7.867278 1.571206 2.971496
 17163.000000 7.888468 1.596542 2.984928
 17166.000000 7.849540 1.587828 2.971239
 17169.000000 7.898940 1.579664 2.957809
 17172.000000 7.869189 1.572658 2.979541
 17175.000000 7.982651 1.568614 2.993367
 17178.000000 7.946275 1.574918 2.986786
 17181.000000 7.867299 1.580773 2.991673
 17184.000000 7.903154 1.590605 2.969813
 17187.000000 7.870036 1.601754 2.995242
 17190.000000 7.856624 1.596243 2.959378
 17193.000000 7.862018 1.577578 2.953979
 17196.000000 7.891213 1.607553 2.957978
 17199.000000 7.860257 1.595973 2.972939
 17202.000000 7.885971 1.596088 2.956254
 17205.000000 7.849821 1.560877 3.025165
 17208.000000 7.839261 1.584294 2.971961
 17211.000000 7.874588 1.591489 2.943519
 17214.000000 7.932408 1.564021 2.893945
 17217.000000 7.915820 1.587628 2.925097
 17220.000000 7.909700 1.579541 2.919504
 17223.000000 7.952815 1.553747 2.935426
 17226.000000 7.941293 1.520716 2.945045
 17229.000000 7.912748 1.540835 2.944796
 17232.000000 7.867932 1.523582 2.952800
 17235.000000 7.914216 1.527252 2.961716
 17238.000000 7.886535 1.499695 2.985097
 17241.000000 7.895866 1.523662 2.963858
 17244.000000 7.943927 1.540695 3.006961
 17247.000000 7.965923 1.532061 2.989787
 17250.000000 7.964851 1.544634 2.972232
 17253.000000 7.893151 1.549388 2.957349
 17256.000000 7.933721 1.547474 2.963493
 17259.000000 7.933123 1.548980 2.961120
 17262.000000 7.919109 1.557370 2.947966
 17265.000000 7.916125 1.510761 2.973350
 17268.000000 7.951504 1.538482 2.987269
 17271.000000 7.977437 1.549185 2.958611
 17274.000000 8.005446 1.533535 2.967582
 17277.000000 8.048764 1.536021 2.955897
 17280.000000 8.129194 1.522930 2.995553
 17283.000000 8.043779 1.539110 2.987456
 17286.000000 8.067266 1.540477 2.963748
 17289.000000 8.001224 1.532615 2.967391
 17292.000000 8.002914 1.536952 2.984997
 17295.000000 8.046543 1.547064 2.967458
 17298.000000 8.079719 1.543077 2.960877
 17301.000000 8.027765 1.522976 2.999135
 17304.000000 8.029953 1.552446 2.964028
 17307.000000 8.103462 1.558935 2.958598
 17310.000000 8.116748 1.577784 2.932446
 17313.000000 8.135823 1.551610 2.954381
 17316.000000 8.170058 1.532382 2.973822
 17319.000000 8.111319 1.549485 2.932568
 17322.000000 8.097703 1.562006 2.928979
 17325.000000 8.049041 1.546469 2.944429
 17328.000000 7.981323 1.548222 2.934576
 17331.000000 7.999174 1.565911 2.903389
 17334.000000 8.003120 1.567423 2.947268
 17337.000000 8.047509 1.566471 2.930790
 17340.000000 8.030898 1.537021 2.947796
 17343.000000 7.994374 1.544528 2.906686
 17346.000000 7.972267 1.536967 2.880964
 17349.000000 7.915776 1.531073 2.884075
 17352.000000 7.863661 1.547034 2.878574
 17355.000000 7.768708 1.505116 2.913159
 17358.000000 7.719598 1.500211 2.964735
 17361.000000 7.783687 1.507271 2.942171
 17364.000000 7.764170 1.503994 2.933288
 17367.000000 7.744842 1.504787 2.954432
 17370.000000 7.837662 1.524808 2.944185
 17373.000000 7.873522 1.532148 2.950135
 17376.000000 7.892017 1.544911 2.948725
 17379.000000 7.909758 1.526996 2.995411
 17382.000000 7.930376 1.547460 2.949440
 17385.000000 7.861548 1.528790 2.963451
 17388.000000 7.844395 1.513472 2.985771
 17391.000000 7.872377 1.508972 2.953437
 17394.000000 7.875845 1.508267 2.945717
 17397.000000 7.926763 1.509361 2.957661
 17400.000000 7.976160 1.506641 2.957033
 17403.000000 7.999113 1.490825 2.976739
 17406.000000 8.012720 1.520095 2.947214
 17409.000000 8.001695 1.505969 2.969033
 17412.000000 7.933516 1.510734 2.940733
 17415.000000 7.892187 1.524195 2.886431
 17418.000000 7.903432 1.499033 2.915731
 17421.000000 7.938782 1.498472 2.914717
 17424.000000 7.894489 1.514264 2.909355
 17427.000000 7.882081 1.529529 2.903610
 17430.000000 7.929920 1.515070 2.919852
 17433.000000 7.828847 1.505563 2.914712
 17436.000000 7.884219 1.502443 2.905387
 17439.000000 7.871900 1.504411 2.897705
 17442.000000 7.965195 1.541306 2.874437
 17445.000000 8.027834 1.515811 2.934389
 17448.000000 7.971715 1.486136 2.944334
 17451.000000 7.924583 1.483903 2.951645
 17454.000000 7.883782 1.498511 2.920937
 17457.000000 7.856050 1.508481 2.907916
 17460.000000 7.878843 1.505212 2.902968
 17463.000000 7.921850 1.518928 2.900666
 17466.000000 7.907493 1.480157 2.915141
 17469.000000 7.911086 1.490531 2.920891
 17472.000000 7.947191 1.491871 2.910828
 17475.000000 8.026408 1.487761 2.893248
 17478.000000 7.950110 1.501724 2.896527
 17481.000000 8.070662 1.523242 2.918845
 17484.000000 8.032416 1.504874 2.908723
 17487.000000 7.914156 1.485495 2.919383
 17490.000000 7.943498 1.499451 2.921779
 17493.000000 8.014736 1.503431 2.931449
 17496.000000 7.967754 1.488127 2.936013
 17499.000000 8.011192 1.490300 2.971195
 17502.000000 7.967823 1.504403 2.970058
 17505.000000 8.009538 1.504912 2.965547
 17508.000000 7.962568 1.489056 2.981807
 17511.000000 8.020720 1.500614 2.975516
 17514.000000 7.986749 1.485642 2.982983
 17517.000000 7.994052 1.481309 3.010712
 17520.000000 7.995511 1.501955 2.972017
 17523.000000 7.971653 1.491502 2.983681
 17526.000000 7.933507 1.482307 2.973964
 17529.000000 7.943484 1.475964 2.983324
 17532.000000 7.880227 1.475348 2.964737
 17535.000000 7.841937 1.479908 2.978608
 17538.000000 7.913795 1.505614 2.959434
 17541.000000 7.980828 1.485782 2.976519
 17544.000000 7.893420 1.526024 2.954327
 17547.000000 7.903977 1.524507 2.959751
 17550.000000 7.917027 1.547433 2.918061
 17553.000000 7.957002 1.563185 2.935189
 17556.000000 7.943439 1.569368 2.945338
 17559.000000 7.923339 1.578487 2.903073
 17562.000000 7.895329 1.566150 2.919888
 17565.000000 7.886771 1.568822 2.948064
 17568.000000 7.920642 1.591689 2.896797
 17571.000000 7.921328 1.590372 2.902413
 17574.000000 7.949272 1.570430 2.929842
 17577.000000 7.937198 1.594046 2.910025
 17580.000000 7.988457 1.593338 2.924897
 17583.000000 8.006237 1.587347 2.944877
 17586.000000 7.999573 1.610198 2.901068
 17589.000000 7.986674 1.584987 2.945449
 17592.000000 7.990110 1.566311 2.946519
 17595.000000 7.983239 1.571113 2.935487
 17598.000000 7.930668 1.579767 2.932367
 17601.000000 7.929272 1.574069 2.926171
 17604.000000 7.979527 1.571943 2.946312
 17607.000000 7.972052 1.595496 2.936337
 17610.000000 7.955122 1.594529 2.960825
 17613.000000 7.933429 1.599963 2.943880
 17616.000000 7.954630 1.613300 2.913876
 17619.000000 7.890206 1.606483 2.943797
 17622.000000 8.015862 1.589097 2.974466
 17625.000000 8.004860 1.584221 2.975953
 17628.000000 8.034480 1.602891 2.958738
 17631.000000 7.982888 1.601296 2.981072
 17634.000000 7.999665 1.623659 2.970433
 17637.000000 8.064319 1.619124 2.938381
 17640.000000 8.064612 1.614205 2.965729
 17643.000000 8.008789 1.625915 2.965927
 17646.000000 7.981156 1.605055 2.943651
 17649.000000 7.938616 1.603277 2.948036
 17652.000000 7.898379 1.594155 2.967722
 17655.000000 7.977776 1.592302 2.955395
 17658.000000 7.899453 1.591815 2.937162
 17661.000000 7.918308 1.594303 2.931326
 17664.000000 7.870152 1.580954 2.971444
 17667.000000 7.857543 1.593243 2.967713
 17670.000000 7.953755 1.557725 2.984077
 17673.000000 7.848031 1.534653 3.000890
 17676.000000 7.857701 1.546431 3.002264
 17679.000000 7.834316 1.546776 2.991239
 17682.000000 7.766007 1.544418 2.984559
 17685.000000 7.768152 1.545953 2.985206
 17688.000000 7.809984 1.572757 2.932099
 17691.000000 7.843056 1.590486 2.942825
 17694.000000 7.840604 1.568002 2.964282
 17697.000000 7.938113 1.570030 2.958788
 17700.000000 7.908237 1.563164 2.985717
 17703.000000 7.910146 1.547017 2.961494
 17706.000000 7.857402 1.538862 2.957134
 17709.000000 7.831262 1.536310 2.990397
 17712.000000 7.822344 1.536161 2.951104
 17715.000000 7.953910 1.539276 2.970139
 17718.000000 7.990437 1.537301 2.957472
 17721.000000 7.916587 1.528878 2.959122
 17724.000000 7.857295 1.544388 2.940841
 17727.000000 7.897106 1.526402 2.968801
 17730.000000 7.885367 1.540156 2.952984
 17733.000000 7.934920 1.536232 2.956759
 17736.000000 7.818756 1.546434 2.982427
 17739.000000 7.855306 1.546117 2.977680
 17742.000000 7.901791 1.577968 2.967776
 17745.000000 7.907690 1.558290 3.007787
 17748.000000 7.915662 1.561276 3.005787
 17751.000000 7.915246 1.567162 2.957975
 17754.000000 7.872355 1.562094 2.968112
 17757.000000 7.881096 1.567975 2.977488
 17760.000000 7.814664 1.577009 2.957204
 17763.000000 7.920603 1.559324 2.929251
 17766.000000 7.918615 1.545853 2.967163
 17769.000000 7.955685 1.538111 2.984421
 17772.000000 7.939676 1.507985 3.005290
 17775.000000 7.922824 1.515247 3.010366
 17778.000000 7.848501 1.521509 2.995191
 17781.000000 7.856071 1.530845 2.996974
 17784.000000 7.811666 1.487822 2.986611
 17787.000000 7.807862 1.511456 3.009060
 17790.000000 7.780093 1.507630 2.992780
 17793.000000 7.746031 1.528948 2.965128
 17796.000000 7.868578 1.496875 2.989891
 17799.000000 7.907490 1.492035 3.009388
 17802.000000 7.838520 1.502806 2.994905
 17805.000000 7.908409 1.519600 2.975417
 17808.000000 7.984309 1.523492 2.968547
 17811.000000 7.905445 1.512333 2.975480
 17814.000000 7.863992 1.506027 2.973490
 17817.000000 7.930812 1.515600 2.982920
 17820.000000 7.923833 1.513981 3.008704
 17823.000000 7.798497 1.494927 3.002290
 17826.000000 7.828684 1.491311 2.982419
 17829.000000 7.786083 1.488590 3.017006
 17832.000000 7.842212 1.504992 3.024347
 17835.000000 7.920180 1.539965 2.976179
 17838.000000 7.982343 1.537380 2.972088
 17841.000000 7.971211 1.538126 2.949828
 17844.000000 7.933630 1.532194 2.952597
 17847.000000 7.992612 1.511451 2.973128
 17850.000000 8.060595 1.519194 2.963105
 17853.000000 8.020952 1.537968 2.949568
 17856.000000 8.058249 1.518609 2.984789
 17859.000000 7.949799 1.514308 2.987403
 17862.000000 7.903024 1.505059 2.984872
 17865.000000 7.871516 1.482635 2.988927
 17868.000000 7.866937 1.519379 2.940761
 17871.000000 7.824778 1.524023 2.942114
 17874.000000 7.848483 1.514847 2.985477
 17877.000000 7.903990 1.502487 2.981831
 17880.000000 7.863382 1.531130 2.996301
 17883.000000 7.851809 1.522430 2.991974
 17886.000000 7.873990 1.526410 2.989158
 17889.000000 7.942866 1.538838 2.985264
 17892.000000 7.886785 1.511831 2.985286
 17895.000000 7.900687 1.503202 3.021018
 17898.000000 7.930456 1.522836 2.979132
 17901.000000 7.925325 1.562221 2.987424
 17904.000000 7.948167 1.581597 2.981557
 17907.000000 7.909266 1.554272 3.001494
 17910.000000 7.940394 1.576377 2.941948
 17913.000000 8.011999 1.570497 2.924482
 17916.000000 7.977011 1.562027 2.957026
 17919.000000 8.074470 1.537573 2.975968
 17922.000000 8.113117 1.515784 3.018775
 17925.000000 7.996839 1.536117 3.000423
 17928.000000 7.987920 1.545366 3.005280
 17931.000000 7.998850 1.567821 2.999715
 17934.000000 7.876548 1.579546 2.956874
 17937.000000 7.896798 1.579945 2.944937
 17940.000000 7.973854 1.592156 2.932600
 17943.000000 7.980148 1.587324 2.923256
 17946.000000 7.904879 1.571935 2.957050
 17949.000000 7.897421 1.547875 2.962133
 17952.000000 7.925886 1.545332 2.982881
 17955.000000 7.949814 1.532409 2.990815
 17958.000000 8.020362 1.559441 2.985050
 17961.000000 8.096321 1.542704 2.964111
 17964.000000 8.123768 1.520828 3.004260
 17967.000000 8.153621 1.529232 3.000692
 17970.000000 8.161883 1.535672 3.018365
 17973.000000 8.180708 1.514342 3.006501
 17976.000000 8.179819 1.522896 3.014599
 17979.000000 8.195380 1.537848 2.979846
 17982.000000 8.170373 1.515817 2.977712
 17985.000000 8.115491 1.528212 3.015970
 17988.000000 8.163792 1.548845 2.985573
 17991.000000 8.179146 1.550425 3.005232
 17994.000000 8.172749 1.558689 2.984258
 17997.000000 8.163219 1.538095 3.014545
 18000.000000 8.140504 1.563025 3.016304
 18003.000000 8.192929 1.564081 3.012247
 18006.000000 8.249708 1.577131 3.008264
 18009.000000 8.187130 1.558325 3.001981
 18012.000000 8.164631 1.550843 3.001064
 18015.000000 8.078257 1.596401 2.976324
 18018.000000 8.113228 1.588827 2.953405
 18021.000000 8.037531 1.560704 2.946301
 18024.000000 7.991192 1.575286 2.981150
 18027.000000 8.061201 1.590579 2.939182
 18030.000000 8.025683 1.588695 2.960419
 18033.000000 7.989909 1.575614 2.966001
 18036.000000 8.022077 1.576207 2.988368
 18039.000000 8.003694 1.558479 2.993885
 18042.000000 7.980413 1.538610 3.029279
 18045.000000 8.019693 1.540262 3.035478
 18048.000000 7.902719 1.556491 3.019344
 18051.000000 7.951792 1.573698 2.957087
 18054.000000 7.993208 1.573795 2.945179
 18057.000000 8.000159 1.567287 2.947826
 18060.000000 7.915687 1.585618 2.949428
 18063.000000 7.870595 1.566104 2.966446
 18066.000000 7.966030 1.574448 2.941897
 18069.000000 7.946867 1.603799 2.947906
 18072.000000 7.911951 1.589534 2.931607
 18075.000000 7.871528 1.572198 2.945438
 18078.000000 7.916703 1.570954 2.933844
 18081.000000 7.991194 1.566911 2.933861
 18084.000000 7.969167 1.544044 2.973612
 18087.000000 7.890437 1.544564 2.946622
 18090.000000 7.819299 1.541230 2.983912
 18093.000000 7.807713 1.560497 2.976556
 18096.000000 7.816817 1.538325 3.007973
 18099.000000 7.898977 1.562447 2.976012
 18102.000000 7.762626 1.557573 2.991795
 18105.000000 7.852652 1.545089 3.018384
 18108.000000 7.900466 1.572800 2.971772
 18111.000000 7.936470 1.577537 3.008336
 18114.000000 8.055567 1.578130 2.982398
 18117.000000 8.084803 1.560408 2.985677
 18120.000000 8.004549 1.561510 2.975407
 18123.000000 8.057774 1.567371 2.968627
 18126.000000 8.069917 1.567013 2.944760
 18129.000000 8.042086 1.569370 2.930070
 18132.000000 8.072949 1.562260 2.949077
 18135.000000 8.114820 1.560460 2.910151
 18138.000000 8.004100 1.577441 2.936357
 18141.000000 8.062404 1.573655 2.960057
 18144.000000 8.025643 1.590718 2.945670
 18147.000000 8.065125 1.571137 2.994064
 18150.000000 8.000865 1.576972 2.974617
 18153.000000 7.973676 1.566806 2.982936
 18156.000000 7.965730 1.559095 2.969753
 18159.000000 7.967544 1.565994 2.956163
 18162.000000 8.039068 1.579598 2.938742
 18165.000000 8.024940 1.529029 2.943677
 18168.000000 7.998610 1.541446 2.944460
 18171.000000 8.035510 1.540067 2.952567
 18174.000000 7.949200 1.521251 2.934219
 18177.000000 8.012489 1.552498 2.910112
 18180.000000 8.026993 1.575926 2.899195
 18183.000000 7.974221 1.547889 2.925721
 18186.000000 7.916652 1.568424 2.920687
 18189.000000 7.912533 1.571461 2.889986
 18192.000000 7.949358 1.562054 2.882704
 18195.000000 7.956914 1.550695 2.899028
 18198.000000 7.916965 1.535573 2.927949
 18201.000000 7.921729 1.527120 2.945039
 18204.000000 7.921936 1.548102 2.937869
 18207.000000 7.934091 1.546030 2.975002
 18210.000000 7.975431 1.539958 2.933838
 18213.000000 7.960130 1.553100 2.916312
 18216.000000 7.990899 1.530694 2.918670
 18219.000000 7.922157 1.540579 2.917845
 18222.000000 7.928661 1.550469 2.900992
 18225.000000 7.998110 1.566107 2.907311
 18228.000000 7.939691 1.560865 2.889201
 18231.000000 7.933904 1.568468 2.884664
 18234.000000 7.953838 1.590390 2.864782
 18237.000000 7.955451 1.569308 2.901970
 18240.000000 7.899866 1.566325 2.905182
 18243.000000 7.945651 1.561453 2.924294
 18246.000000 7.937846 1.525076 2.940232
 18249.000000 7.904045 1.551374 2.925414
 18252.000000 7.878430 1.524746 2.965269
 18255.000000 7.910554 1.524183 2.967586
 18258.000000 7.864015 1.510134 2.989105
 18261.000000 7.884626 1.524180 2.948690
 18264.000000 7.962084 1.528747 2.956666
 18267.000000 7.933184 1.533977 2.967056
 18270.000000 7.991444 1.568678 2.944702
 18273.000000 7.963242 1.551983 2.952004
 18276.000000 8.018515 1.562333 2.927964
 18279.000000 7.977261 1.565477 2.922700
 18282.000000 7.978842 1.574172 2.913711
 18285.000000 7.928731 1.560933 2.935589
 18288.000000 7.928991 1.575470 2.936802
 18291.000000 7.934410 1.551457 2.949557
 18294.000000 7.968443 1.527904 2.953617
 18297.000000 7.967926 1.536014 2.943303
 18300.000000 8.010416 1.541085 2.951707
 18303.000000 8.019782 1.522152 2.937826
 18306.000000 8.058171 1.506099 2.943427
 18309.000000 8.092038 1.507472 2.949602
 18312.000000 8.124167 1.490305 2.966456
 18315.000000 8.084355 1.507737 2.974019
 18318.000000 8.072979 1.521945 2.966212
 18321.000000 8.064631 1.543352 2.971104
 18324.000000 8.057922 1.548544 2.953620
 18327.000000 8.046819 1.528265 2.984919
 18330.000000 8.050689 1.515042 2.988386
 18333.000000 8.075329 1.510565 2.983587
 18336.000000 8.078387 1.514480 2.983618
 18339.000000 8.047465 1.524376 2.976948
 18342.000000 8.037928 1.533412 2.976514
 18345.000000 8.066190 1.562149 2.932781
 18348.000000 8.047907 1.529082 2.962597
 18351.000000 8.084625 1.547193 2.959877
 18354.000000 8.017380 1.535330 2.956326
 18357.000000 8.095693 1.524396 2.930537
 18360.000000 7.995927 1.515174 2.970765
 18363.000000 7.998580 1.523249 2.966557
 18366.000000 8.029278 1.543537 2.954832
 18369.000000 8.049600 1.539189 2.962384
 18372.000000 8.121910 1.522061 2.982815
 18375.000000 7.988360 1.549350 2.923349
 18378.000000 8.013343 1.520755 2.976085
 18381.000000 7.951928 1.519949 3.007950
 18384.000000 7.962598 1.543426 2.982699
 18387.000000 7.989948 1.535040 2.964834
 18390.000000 7.893257 1.542776 2.986504
 18393.000000 7.997678 1.530752 2.949131
 18396.000000 8.000580 1.522988 2.950714
 18399.000000 8.037951 1.527922 2.955142
 18402.000000 7.987934 1.530675 2.959590
 18405.000000 7.928150 1.519139 2.985638
 18408.000000 7.958138 1.546776 2.976531
 18411.000000 7.998858 1.543914 2.998431
 18414.000000 7.895935 1.547256 2.968023
 18417.000000 7.857718 1.548940 2.947303
 18420.000000 7.783842 1.576442 2.961688
 18423.000000 7.835477 1.558670 2.996577
 18426.000000 7.806189 1.569845 3.011289
 18429.000000 7.834727 1.573058 3.007408
 18432.000000 7.750269 1.592801 2.944561
 18435.000000 7.847294 1.596798 2.924170
 18438.000000 7.879606 1.589938 2.938459
 18441.000000 7.932248 1.591932 2.960743
 18444.000000 7.958374 1.571006 2.995968
 18447.000000 7.933510 1.593893 2.995755
 18450.000000 8.013544 1.581247 2.964712
 18453.000000 8.019971 1.561349 3.001957
 18456.000000 8.057340 1.552167 3.006698
 18459.000000 8.113083 1.558457 2.994019
 18462.000000 8.036308 1.563934 2.992902
 18465.000000 8.094265 1.574028 2.995995
 18468.000000 8.011829 1.555530 3.003926
 18471.000000 8.020964 1.528189 3.030332
 18474.000000 7.942239 1.580689 3.001343
 18477.000000 7.990382 1.578306 3.010760
 18480.000000 7.982456 1.566650 2.995679
 18483.000000 7.984345 1.580116 2.968331
 18486.000000 8.059114 1.571187 2.987472
 18489.000000 8.074769 1.592312 2.963357
 18492.000000 8.066513 1.567993 2.979854
 18495.000000 8.118740 1.563558 2.959368
 18498.000000 8.043998 1.557232 3.010581
 18501.000000 8.041514 1.570021 2.954057
 18504.000000 7.953877 1.559795 2.978821
 18507.000000 8.031067 1.543334 2.983634
 18510.000000 8.038652 1.564179 2.955156
 18513.000000 8.105774 1.537159 2.991203
 18516.000000 8.075082 1.535450 2.983986
 18519.000000 8.078527 1.556686 2.940719
 18522.000000 8.032062 1.518600 2.994526
 18525.000000 8.020142 1.494641 2.994569
 18528.000000 8.004014 1.536326 2.960571
 18531.000000 7.977232 1.507373 3.003095
 18534.000000 8.026595 1.498829 2.985248
 18537.000000 7.993789 1.520033 2.948052
 18540.000000 7.960844 1.516667 2.939826
 18543.000000 7.982965 1.527169 2.952555
 18546.000000 7.968208 1.534679 2.968679
 18549.000000 7.971250 1.535621 2.980146
 18552.000000 7.975988 1.561190 2.992076
 18555.000000 8.042667 1.561572 2.987762
 18558.000000 8.013384 1.576934 2.969865
 18561.000000 8.029467 1.592796 2.951853
 18564.000000 8.022445 1.578738 2.986762
 18567.000000 7.987154 1.556829 2.978845
 18570.000000 7.991494 1.542299 2.985586
 18573.000000 8.067453 1.559301 2.975405
 18576.000000 8.132108 1.565574 2.981719
 18579.000000 8.078431 1.580256 2.962266
 18582.000000 8.054047 1.579713 2.992631
 18585.000000 8.070960 1.548735 3.057435
 18588.000000 7.961579 1.549101 3.025563
 18591.000000 7.954412 1.548966 3.038908
 18594.000000 7.951118 1.553112 3.039531
 18597.000000 7.958859 1.552193 3.035361
 18600.000000 7.958837 1.580996 3.039899
 18603.000000 7.952212 1.576623 3.038058
 18606.000000 7.967362 1.596523 3.003746
 18609.000000 7.949675 1.593652 3.014159
 18612.000000 7.915490 1.586560 3.001410
 18615.000000 7.946227 1.565578 3.027377
 18618.000000 7.945654 1.576078 2.962762
 18621.000000 7.981407 1.543135 2.997185
 18624.000000 7.962677 1.578057 2.940386
 18627.000000 7.908920 1.577815 2.987941
 18630.000000 7.876537 1.555054 3.018996
 18633.000000 7.946554 1.545951 3.017080
 18636.000000 7.960541 1.552929 2.995098
 18639.000000 7.902501 1.586452 2.986552
 18642.000000 7.945900 1.593291 2.996722
 18645.000000 7.812458 1.563980 2.993200
 18648.000000 7.852692 1.550111 3.033281
 18651.000000 7.773605 1.571736 2.987857
 18654.000000 7.779201 1.599204 2.987478
 18657.000000 7.745821 1.601184 2.993719
 18660.000000 7.857446 1.597074 2.970114
 18663.000000 7.866291 1.588416 3.000428
 18666.000000 7.830807 1.534832 3.006848
 18669.000000 7.852333 1.535787 2.996708
 18672.000000 7.907389 1.539014 3.063321
 18675.000000 7.880642 1.534964 3.045172
 18678.000000 7.885186 1.544188 3.037593
 18681.000000 7.892770 1.548144 3.002066
 18684.000000 7.830663 1.528033 3.043506
 18687.000000 7.823871 1.559644 3.055736
 18690.000000 7.907893 1.548952 3.002541
 18693.000000 7.976549 1.562772 3.019235
 18696.000000 8.070330 1.592005 3.008408
 18699.000000 8.066498 1.585290 2.987547
 18702.000000 8.060556 1.565749 2.978284
 18705.000000 7.993186 1.563665 2.992465
 18708.000000 7.948222 1.557960 3.013411
 18711.000000 8.011905 1.591274 2.996792
 18714.000000 7.973101 1.594648 2.997396
 18717.000000 7.885701 1.591956 3.008465
 18720.000000 8.006736 1.594679 3.053905
 18723.000000 7.990225 1.611405 2.998105
 18726.000000 7.989933 1.593441 3.010246
 18729.000000 7.947560 1.617148 2.985780
 18732.000000 7.893227 1.605276 2.957932
 18735.000000 7.965589 1.591092 2.986296
 18738.000000 7.903400 1.599669 2.987362
 18741.000000 7.898681 1.590416 2.999863
 18744.000000 7.970029 1.578849 2.997155
 18747.000000 7.782773 1.585911 3.001452
 18750.000000 7.813529 1.617556 2.983728
 18753.000000 7.789119 1.601624 2.973966
 18756.000000 7.860051 1.582686 2.986641
 18759.000000 7.897471 1.596021 2.963887
 18762.000000 7.826750 1.593955 2.981963
 18765.000000 7.748866 1.575843 2.972754
 18768.000000 7.843175 1.566939 2.994357
 18771.000000 7.785840 1.585917 2.981625
 18774.000000 7.863705 1.567764 2.985684
 18777.000000 7.874367 1.593733 2.975708
 18780.000000 7.938009 1.603871 2.991776
 18783.000000 7.966609 1.588104 2.983619
 18786.000000 7.903917 1.620272 2.958167
 18789.000000 7.816156 1.585991 3.004258
 18792.000000 7.783916 1.598646 2.987884
 18795.000000 7.777524 1.602885 2.960118
 18798.000000 7.829143 1.604448 2.951303
 18801.000000 7.779630 1.631880 2.924053
 18804.000000 7.801929 1.598970 2.943721
 18807.000000 7.869319 1.585255 2.955652
 18810.000000 7.749578 1.578448 2.970834
 18813.000000 7.797602 1.573149 2.989454
 18816.000000 7.839722 1.593005 2.995506
 18819.000000 7.867708 1.576841 2.975565
 18822.000000 7.826855 1.600014 2.926945
 18825.000000 7.964082 1.603529 2.971443
 18828.000000 7.895078 1.597501 2.976496
 18831.000000 7.953696 1.555288 2.982470
 18834.000000 7.864048 1.589457 2.960141
 18837.000000 7.805992 1.532716 2.985419
 18840.000000 7.824406 1.535361 3.020930
 18843.000000 7.878309 1.538107 3.024324
 18846.000000 7.916552 1.524602 3.021573
 18849.000000 8.030952 1.547772 2.977985
 18852.000000 8.003133 1.557981 3.010782
 18855.000000 7.957624 1.573282 2.995485
 18858.000000 7.946077 1.569892 2.984499
 18861.000000 8.003253 1.563447 2.964030
 18864.000000 7.926118 1.580971 2.929200
 18867.000000 7.881939 1.572410 2.965917
 18870.000000 7.984182 1.592460 2.981483
 18873.000000 7.901613 1.581860 2.959842
 18876.000000 7.925350 1.571672 2.960019
 18879.000000 7.986961 1.562723 2.961661
 18882.000000 8.005764 1.560259 2.935067
 18885.000000 7.975416 1.574008 2.931792
 18888.000000 7.939738 1.555586 2.980784
 18891.000000 8.033892 1.566798 2.945967
 18894.000000 8.031453 1.564135 2.923931
 18897.000000 8.008124 1.559157 2.954080
 18900.000000 7.952853 1.560718 2.938224
 18903.000000 7.981058 1.568926 2.977073
 18906.000000 7.978156 1.558477 2.991680
 18909.000000 8.008265 1.555554 3.006759
 18912.000000 7.936614 1.607812 2.938592
 18915.000000 8.015792 1.574889 2.999878
 18918.000000 7.949575 1.559397 2.974018
 18921.000000 7.998296 1.538394 3.002843
 18924.000000 7.958508 1.521422 3.002806
 18927.000000 7.912227 1.516219 2.974142
 18930.000000 7.912854 1.506448 2.972886
 18933.000000 8.002375 1.514954 2.939252
 18936.000000 8.006872 1.528813 2.916481
 18939.000000 7.921625 1.514917 2.946054
 18942.000000 8.024545 1.499407 2.977387
 18945.000000 8.120374 1.526207 2.949444
 18948.000000 8.112029 1.531974 2.949323
 18951.000000 8.221275 1.533186 2.944326
 18954.000000 8.208686 1.544200 2.929916
 18957.000000 8.268284 1.537787 2.962297
 18960.000000 8.239644 1.534088 2.953340
 18963.000000 8.255851 1.522049 2.933767
 18966.000000 8.261698 1.498406 2.927606
 18969.000000 8.180804 1.520585 2.961645
 18972.000000 8.140927 1.519856 2.982946
 18975.000000 8.075873 1.522189 2.995216
 18978.000000 8.090822 1.519177 2.997197
 18981.000000 8.008049 1.515531 2.950987
 18984.000000 8.087167 1.494365 2.998696
 18987.000000 8.046464 1.516110 2.957221
 18990.000000 8.090783 1.506331 2.968345
 18993.000000 8.101295 1.502534 2.963569
 18996.000000 8.099624 1.510954 2.961590
 18999.000000 8.087389 1.511943 2.968070
 19002.000000 8.128823 1.498354 2.969155
 19005.000000 8.060694 1.521270 2.958400
 19008.000000 8.069677 1.514373 2.956318
 19011.000000 7.968882 1.514236 2.947167
 19014.000000 7.942471 1.523175 2.939312
 19017.000000 7.900341 1.515935 2.954370
 19020.000000 7.916762 1.530064 2.931235
 19023.000000 7.902935 1.522302 2.964418
 19026.000000 8.057712 1.521997 2.947789
 19029.000000 8.106468 1.499870 2.994100
 19032.000000 8.050981 1.516018 2.948300
 19035.000000 8.038460 1.507243 2.954931
 19038.000000 8.090107 1.522924 2.973850
 19041.000000 8.166386 1.501442 2.997078
 19044.000000 8.201908 1.518792 2.976317
 19047.000000 8.140518 1.524753 2.978229
 19050.000000 8.145700 1.510675 2.981021
 19053.000000 8.098609 1.510676 2.959341
 19056.000000 8.018709 1.508975 2.958321
 19059.000000 7.992132 1.527002 2.951225
 19062.000000 7.953103 1.516007 2.955182
 19065.000000 7.952556 1.545242 2.943603
 19068.000000 8.006533 1.539071 2.910296
 19071.000000 8.001253 1.519697 2.932813
 19074.000000 8.040499 1.495155 2.973824
 19077.000000 8.022086 1.516023 2.948789
 19080.000000 8.052575 1.508562 2.960060
 19083.000000 8.091212 1.497447 2.943285
 19086.000000 8.038780 1.494894 2.918185
 19089.000000 7.985469 1.515703 2.919465
 19092.000000 8.013995 1.530615 2.914171
 19095.000000 7.978637 1.543319 2.880643
 19098.000000 7.999613 1.512282 2.907799
 19101.000000 7.984331 1.521163 2.904563
 19104.000000 7.945421 1.535547 2.926665
 19107.000000 7.923222 1.543942 2.909688
 19110.000000 7.935060 1.540018 2.942439
 19113.000000 7.901597 1.530132 2.957498
 19116.000000 7.974855 1.537833 2.913269
 19119.000000 7.964648 1.529899 2.919006
 19122.000000 7.924323 1.536226 2.896487
 19125.000000 7.919581 1.521480 2.922140
 19128.000000 7.950978 1.515778 2.962046
 19131.000000 7.956837 1.536984 2.926771
 19134.000000 7.925220 1.523089 2.939911
 19137.000000 7.884531 1.521187 2.953682
 19140.000000 7.868310 1.511543 2.949580
 19143.000000 7.852860 1.511301 2.928680
 19146.000000 7.846471 1.496856 2.981657
 19149.000000 7.852179 1.531541 2.949066
 19152.000000 7.775468 1.525089 2.926424
 19155.000000 7.809182 1.524075 2.935991
 19158.000000 7.865676 1.548258 2.925410
 19161.000000 7.889470 1.575888 2.890881
 19164.000000 7.956617 1.534509 2.906619
 19167.000000 7.911002 1.538736 2.918598
 19170.000000 7.943168 1.526282 2.927356
 19173.000000 7.947681 1.500167 2.972515
 19176.000000 7.997082 1.512444 2.943119
 19179.000000 8.045585 1.512358 2.929168
 19182.000000 8.114003 1.532146 2.943380
 19185.000000 8.083957 1.535975 2.927342
 19188.000000 8.009457 1.523745 2.963253
 19191.000000 7.986515 1.507591 2.985282
 19194.000000 7.942793 1.506475 2.992346
 19197.000000 7.901536 1.514179 2.963660
 19200.000000 7.970492 1.531862 2.954097
 19203.000000 7.955330 1.537843 2.949272
 19206.000000 7.977709 1.535783 2.938646
 19209.000000 8.020045 1.528370 2.935725
 19212.000000 8.040505 1.516384 2.969310
 19215.000000 8.014537 1.541246 2.906887
 19218.000000 8.071367 1.548911 2.937126
 19221.000000 8.022182 1.552544 2.941658
 19224.000000 8.053208 1.551876 2.976172
 19227.000000 8.051215 1.552128 2.922408
 19230.000000 8.046989 1.562520 2.930627
 19233.000000 7.967586 1.561339 2.910418
 19236.000000 8.002098 1.530022 2.940215
 19239.000000 8.062451 1.550063 2.934789
 19242.000000 8.008238 1.500734 2.986891
 19245.000000 8.066217 1.517096 2.954467
 19248.000000 8.002460 1.517804 2.964564
 19251.000000 8.009915 1.512953 2.938020
 19254.000000 8.033978 1.500383 2.967298
 19257.000000 8.031348 1.496674 2.958313
 19260.000000 8.023994 1.492753 2.986207
 19263.000000 8.027956 1.510941 2.948875
 19266.000000 8.057509 1.546131 2.932026
 19269.000000 8.017818 1.527555 2.945939
 19272.000000 7.962459 1.535901 2.949903
 19275.000000 8.025184 1.534989 2.929852
 19278.000000 8.033343 1.551686 2.908089
 19281.000000 8.025093 1.534273 2.937307
 19284.000000 7.984189 1.545624 2.938519
 19287.000000 8.008943 1.525680 2.966809
 19290.000000 8.041955 1.551895 2.954222
 19293.000000 8.045788 1.541293 2.956228
 19296.000000 7.999426 1.537717 2.999030
 19299.000000 7.915878 1.539787 3.015492
 19302.000000 7.926041 1.525100 2.997371
 19305.000000 7.960592 1.536473 2.952048
 19308.000000 7.950703 1.546717 2.935331
 19311.000000 7.949321 1.555337 2.956033
 19314.000000 7.998922 1.568181 2.951251
 19317.000000 8.034991 1.530514 2.930962
 19320.000000 8.143802 1.543034 2.992152
 19323.000000 8.164388 1.563278 2.971766
 19326.000000 8.186483 1.570788 2.982970
 19329.000000 8.163163 1.552939 2.996565
 19332.000000 8.137520 1.540305 3.014031
 19335.000000 8.145626 1.521114 3.023487
 19338.000000 8.099119 1.509757 2.993407
 19341.000000 8.026314 1.505110 3.014306
 19344.000000 8.039586 1.516134 3.020245
 19347.000000 8.070113 1.528865 3.010411
 19350.000000 8.055254 1.489110 2.993862
 19353.000000 8.008473 1.489436 2.973389
 19356.000000 7.987302 1.488392 2.952161
 19359.000000 7.987313 1.491327 2.975075
 19362.000000 7.959454 1.462643 2.945748
 19365.000000 8.022223 1.468228 2.927326
 19368.000000 7.970373 1.467255 2.960427
 19371.000000 8.026281 1.483235 2.969827
 19374.000000 8.043110 1.457660 2.982438
 19377.000000 7.958151 1.468123 2.978714
 19380.000000 7.929556 1.474449 2.970427
 19383.000000 7.918288 1.493268 2.971616
 19386.000000 7.906090 1.500211 2.975596
 19389.000000 7.861891 1.492393 2.965227
 19392.000000 7.886444 1.484995 2.964135
 19395.000000 7.862064 1.513624 2.935994
 19398.000000 7.867747 1.493459 2.974975
 19401.000000 7.831595 1.466643 2.987745
 19404.000000 7.921907 1.516988 2.954678
 19407.000000 7.992822 1.509199 2.953532
 19410.000000 7.993884 1.481056 2.979246
 19413.000000 8.000834 1.521001 2.976730
 19416.000000 8.030663 1.505002 2.983224
 19419.000000 8.056972 1.510348 2.978787
 19422.000000 8.015510 1.516644 2.956966
 19425.000000 8.071097 1.531055 2.919369
 19428.000000 7.960228 1.516991 2.904113
 19431.000000 7.964440 1.505094 2.946534
 19434.000000 8.069789 1.504124 2.944557
 19437.000000 8.068855 1.505843 2.936376
 19440.000000 8.013113 1.498293 2.963946
 19443.000000 7.968171 1.499426 2.978637
 19446.000000 7.973195 1.498925 2.942122
 19449.000000 7.919983 1.511574 2.949344
 19452.000000 7.913364 1.496076 2.970671
 19455.000000 7.984850 1.520732 2.923170
 19458.000000 8.050351 1.524942 2.930185
 19461.000000 8.057033 1.500892 2.956279
 19464.000000 8.106881 1.510837 2.971120
 19467.000000 7.991791 1.531647 2.930625
 19470.000000 8.048681 1.532566 2.965469
 19473.000000 8.051865 1.522789 2.966150
 19476.000000 8.041340 1.518635 2.991232
 19479.000000 8.061017 1.520619 2.965867
 19482.000000 7.956370 1.542374 2.961740
 19485.000000 8.019538 1.542723 2.976135
 19488.000000 7.972723 1.566782 2.946225
 19491.000000 7.969109 1.574013 2.930895
 19494.000000 7.989835 1.589455 2.932485
 19497.000000 7.901810 1.561043 2.923229
 19500.000000 7.899255 1.529880 2.940370
 19503.000000 7.922345 1.551937 2.927553
 19506.000000 7.869278 1.536219 2.943496
 19509.000000 7.893730 1.538335 2.981406
 19512.000000 7.888863 1.542465 3.050853
 19515.000000 7.908871 1.558136 3.011573
 19518.000000 7.897965 1.568560 2.999859
 19521.000000 7.892031 1.558223 2.957130
 19524.000000 7.934369 1.564086 2.972439
 19527.000000 7.930295 1.576159 2.947534
 19530.000000 7.959694 1.557158 2.962961
 19533.000000 7.962846 1.572950 2.948028
 19536.000000 7.988186 1.571511 2.972015
 19539.000000 8.000601 1.577292 2.955405
 19542.000000 7.965995 1.580705 2.956182
 19545.000000 7.940477 1.589344 2.955535
 19548.000000 7.861338 1.581829 2.951946
 19551.000000 7.810458 1.596440 2.973263
 19554.000000 7.788351 1.609305 2.943648
 19557.000000 7.783502 1.626536 2.932119
 19560.000000 7.829428 1.606826 2.933220
 19563.000000 7.879211 1.608428 2.888621
 19566.000000 7.890304 1.612142 2.882337
 19569.000000 8.049347 1.575250 2.899786
 19572.000000 8.036543 1.610040 2.919196
 19575.000000 8.068636 1.609909 2.932155
 19578.000000 8.105481 1.606812 2.925822
 19581.000000 8.178990 1.626171 2.897230
 19584.000000 8.165872 1.635046 2.903516
 19587.000000 8.139567 1.629476 2.897695
 19590.000000 8.135190 1.633700 2.933047
 19593.000000 8.115773 1.609649 2.936395
 19596.000000 8.148794 1.585067 2.978615
 19599.000000 8.107340 1.612134 2.961833
 19602.000000 8.179791 1.582260 3.000346
 19605.000000 8.150991 1.575112 2.962284
 19608.000000 8.084669 1.578622 2.974835
 19611.000000 8.057691 1.577887 2.987142
 19614.000000 8.053484 1.592483 2.979388
 19617.000000 8.094338 1.562087 2.995455
 19620.000000 8.028288 1.588446 2.972727
 19623.000000 8.026085 1.591455 2.980357
 19626.000000 8.011828 1.582216 3.022148
 19629.000000 8.047074 1.566951 3.027296
 19632.000000 8.071433 1.596325 3.041344
 19635.000000 8.079622 1.580270 3.028679
 19638.000000 8.070809 1.588769 3.013065
 19641.000000 8.097799 1.585470 3.039554
 19644.000000 8.042384 1.586986 3.013557
 19647.000000 8.005681 1.595622 3.026434
 19650.000000 8.099566 1.601373 2.989998
 19653.000000 8.093461 1.600541 2.986131
 19656.000000 7.999606 1.614542 2.984342
 19659.000000 7.998051 1.600836 2.993617
 19662.000000 8.036234 1.577152 3.016110
 19665.000000 8.038713 1.576224 3.005755
 19668.000000 8.040471 1.580371 2.963562
 19671.000000 8.021952 1.562079 3.008322
 19674.000000 8.049712 1.589170 2.976543
 19677.000000 8.111256 1.580401 2.957592
 19680.000000 8.059445 1.582744 2.958251
 19683.000000 8.087639 1.558981 2.986856
 19686.000000 8.064153 1.554772 2.957691
 19689.000000 8.070222 1.548483 2.981267
 19692.000000 8.033062 1.537158 2.978291
 19695.000000 7.992963 1.542673 2.964840
 19698.000000 7.978030 1.556586 2.967005
 19701.000000 8.014008 1.559473 2.988896
 19704.000000 8.037767 1.569492 2.996138
 19707.000000 8.033324 1.549894 2.983344
 19710.000000 8.093536 1.538167 2.944925
 19713.000000 8.099912 1.531944 2.967817
 19716.000000 8.194678 1.540611 2.943383
 19719.000000 8.138382 1.541152 2.934489
 19722.000000 8.147484 1.555876 2.930988
 19725.000000 8.092758 1.541729 2.952132
 19728.000000 8.144927 1.552309 2.938429
 19731.000000 8.060938 1.538195 2.986110
 19734.000000 8.084504 1.543591 2.983315
 19737.000000 8.097051 1.526226 2.996984
 19740.000000 8.145419 1.514371 3.013228
 19743.000000 8.069660 1.499900 2.994189
 19746.000000 8.070174 1.504055 2.999117
 19749.000000 8.027094 1.513220 2.980737
 19752.000000 7.970040 1.504914 3.005671
 19755.000000 7.978380 1.524569 2.979060
 19758.000000 7.926801 1.513455 2.995572
 19761.000000 7.925591 1.513041 3.004235
 19764.000000 7.950927 1.533791 3.000032
 19767.000000 8.006901 1.547063 3.006487
 19770.000000 8.027048 1.538323 3.014056
 19773.000000 7.909823 1.525763 3.017762
 19776.000000 7.940954 1.505993 3.049008
 19779.000000 7.954880 1.520927 3.057391
 19782.000000 8.019814 1.516900 3.032526
 19785.000000 7.997490 1.531314 3.020693
 19788.000000 8.016447 1.523925 3.018256
 19791.000000 8.015284 1.531484 3.008792
 19794.000000 8.070358 1.541213 3.060189
 19797.000000 8.066354 1.529549 3.027889
 19800.000000 8.057527 1.545181 3.033465
 19803.000000 8.087308 1.572679 2.966221
 19806.000000 8.059320 1.596516 2.944230
 19809.000000 8.135913 1.589266 2.977630
 19812.000000 8.062893 1.569436 2.998566
 19815.000000 8.125277 1.585171 3.033682
 19818.000000 8.034076 1.568269 3.003160
 19821.000000 8.057935 1.554932 3.018543
 19824.000000 8.085258 1.563682 2.991125
 19827.000000 7.952057 1.565845 2.994747
 19830.000000 7.916421 1.557889 2.965751
 19833.000000 7.852432 1.533863 2.993648
 19836.000000 7.833918 1.546291 2.996252
 19839.000000 7.872053 1.531965 3.009138
 19842.000000 7.940504 1.555397 2.961566
 19845.000000 7.943877 1.572515 2.960978
 19848.000000 7.991751 1.572965 2.957120
 19851.000000 8.005784 1.535424 2.971113
 19854.000000 7.986281 1.543097 2.995810
 19857.000000 7.915880 1.548227 2.982011
 19860.000000 8.027807 1.549672 2.986273
 19863.000000 7.963689 1.559919 2.978459
 19866.000000 7.982709 1.547082 2.983442
 19869.000000 7.955901 1.531904 2.990709
 19872.000000 7.941688 1.545593 2.982988
 19875.000000 7.937413 1.568600 2.954938
 19878.000000 7.944526 1.584734 2.939920
 19881.000000 7.992193 1.552150 2.963592
 19884.000000 7.924283 1.554090 2.988061
 19887.000000 7.901543 1.571148 2.942496
 19890.000000 7.903119 1.546149 2.967175
 19893.000000 7.889524 1.566578 2.959757
 19896.000000 7.845776 1.564761 2.946650
 19899.000000 7.890983 1.584836 2.943917
 19902.000000 7.839504 1.569621 2.939792
 19905.000000 7.835478 1.586987 2.943775
 19908.000000 7.918467 1.589427 2.956213
 19911.000000 7.951212 1.594988 2.980978
 19914.000000 7.889430 1.609768 2.981962
 19917.000000 7.980739 1.622100 2.985579
 19920.000000 8.002691 1.618039 2.970102
 19923.000000 7.928501 1.615413 2.972548
 19926.000000 7.905758 1.606953 2.957023
 19929.000000 7.958177 1.606252 2.940439
 19932.000000 7.878736 1.600065 2.968655
 19935.000000 7.923847 1.601793 3.004382
 19938.000000 7.889782 1.606762 2.979967
 19941.000000 7.932813 1.616948 2.960577
 19944.000000 8.005001 1.619769 2.966358
 19947.000000 8.096974 1.623775 2.912468
 19950.000000 8.115036 1.631319 2.925133
 19953.000000 8.158672 1.611567 2.963971
 19956.000000 8.074443 1.599357 2.984765
 19959.000000 8.090585 1.574047 2.980184
 19962.000000 8.090543 1.559740 3.005724
 19965.000000 8.119051 1.548990 2.978521
 19968.000000 8.140373 1.555815 2.975979
 19971.000000 8.051105 1.553015 2.991987
 19974.000000 8.063569 1.562040 2.996724
 19977.000000 8.030549 1.557568 2.964171
 19980.000000 8.014076 1.539247 2.987131
 19983.000000 8.028939 1.550932 2.964163
 19986.000000 8.020999 1.549847 3.009314
 19989.000000 8.003395 1.555063 3.014442
 19992.000000 8.013238 1.573531 2.977956
 19995.000000 8.005138 1.568950 2.994598
 19998.000000 7.939696 1.560734 3.019213
 20001.000000 8.008865 1.565520 3.017414
 20004.000000 7.957462 1.575803 3.026552
 20007.000000 7.962340 1.595636 3.002065
 20010.000000 7.944924 1.598405 3.006982
 20013.000000 7.878419 1.588978 3.031220
 20016.000000 7.912402 1.584211 3.039109
 20019.000000 7.882412 1.582701 3.021317
 20022.000000 7.848753 1.586109 3.016065
 20025.000000 7.972222 1.577865 3.027085
 20028.000000 7.982681 1.592160 3.040114
 20031.000000 7.978443 1.609790 3.043615
 20034.000000 8.001006 1.635816 3.019816
 20037.000000 7.965539 1.619090 2.983018
 20040.000000 8.016297 1.654520 2.987112
 20043.000000 7.998487 1.656758 2.962746
 20046.000000 7.961328 1.622426 2.989471
 20049.000000 7.938018 1.616129 3.025343
 20052.000000 7.906504 1.629422 3.010578
 20055.000000 7.815691 1.626946 2.978871
 20058.000000 7.778337 1.626567 3.011201
 20061.000000 7.855470 1.620536 3.001176
 20064.000000 7.822845 1.608580 3.040535
 20067.000000 7.785595 1.616451 2.999747
 20070.000000 7.765293 1.604311 2.994731
 20073.000000 7.754450 1.593305 3.023137
 20076.000000 7.802292 1.617771 2.987020
 20079.000000 7.778307 1.609023 2.990322
 20082.000000 7.761506 1.609774 3.025489
 20085.000000 7.855097 1.605564 3.032355
 20088.000000 7.780512 1.589155 3.051189
 20091.000000 7.756794 1.609838 2.998736
 20094.000000 7.847245 1.609312 2.990127
 20097.000000 7.926282 1.600288 3.015744
 20100.000000 8.014647 1.610880 3.023147
 20103.000000 7.933905 1.634363 2.986169
 20106.000000 7.937937 1.621350 3.015734
 20109.000000 7.909079 1.622911 3.017680
 20112.000000 7.939277 1.628009 2.998873
 20115.000000 7.991347 1.602319 3.018019
 20118.000000 7.952376 1.603806 2.977551
 20121.000000 7.991929 1.587051 2.984353
 20124.000000 7.969708 1.578465 2.996498
 20127.000000 7.904733 1.565769 3.020596
 20130.000000 7.832878 1.548082 3.052517
 20133.000000 7.838831 1.570422 3.003787
 20136.000000 7.884880 1.574888 3.008148
 20139.000000 7.818442 1.543860 2.992225
 20142.000000 7.846406 1.556490 2.991741
 20145.000000 7.859922 1.554064 3.002578
 20148.000000 7.902274 1.563464 3.022331
 20151.000000 7.831263 1.579522 3.019956
 20154.000000 7.959524 1.608288 2.994844
 20157.000000 7.990905 1.566174 3.006560
 20160.000000 7.954603 1.563258 3.021817
 20163.000000 7.897476 1.541168 3.002500
 20166.000000 7.938327 1.545925 3.004836
 20169.000000 7.999660 1.553546 3.034213
 20172.000000 7.957969 1.559987 3.000195
 20175.000000 7.907663 1.545057 2.985588
 20178.000000 7.901987 1.545236 3.006391
 20181.000000 7.976317 1.548881 2.973031
 20184.000000 7.960386 1.565129 2.972097
 20187.000000 7.988149 1.558845 2.984204
 20190.000000 8.010595 1.566430 2.968686
 20193.000000 7.962838 1.544226 2.995198
 20196.000000 7.978554 1.545004 3.018613
 20199.000000 7.969807 1.568241 2.992591
 20202.000000 7.977452 1.570830 2.956459
 20205.000000 7.943979 1.557257 2.947040
 20208.000000 7.974574 1.552141 2.968440
 20211.000000 7.919603 1.517950 2.940465
 20214.000000 7.879509 1.522429 2.960395
 20217.000000 7.959282 1.525931 2.938526
 20220.000000 7.900751 1.510204 2.975528
 20223.000000 7.928157 1.533237 2.956581
 20226.000000 8.017915 1.517892 2.964184
 20229.000000 7.907188 1.515412 2.959328
 20232.000000 7.804208 1.528482 2.939728
 20235.000000 7.828763 1.530836 2.927827
 20238.000000 7.860186 1.535735 2.953630
 20241.000000 7.849354 1.561103 2.952768
 20244.000000 7.888958 1.543732 2.951468
 20247.000000 7.799115 1.515779 2.937393
 20250.000000 7.856254 1.514111 2.977636
 20253.000000 7.866975 1.523866 2.993953
 20256.000000 7.847103 1.542350 2.990753
 20259.000000 7.830291 1.526814 3.029604
 20262.000000 7.892111 1.535774 3.005146
 20265.000000 7.804091 1.517680 3.066181
 20268.000000 7.846675 1.548847 3.022002
 20271.000000 7.869759 1.530126 3.025796
 20274.000000 7.965193 1.562625 2.973652
 20277.000000 7.924319 1.553750 2.964780
 20280.000000 7.891075 1.565169 2.949297
 20283.000000 7.933451 1.548828 2.979347
 20286.000000 7.992020 1.558230 2.993795
 20289.000000 7.924021 1.554590 2.999184
 20292.000000 7.919459 1.571978 2.965378
 20295.000000 7.862868 1.567626 2.957629
 20298.000000 7.827823 1.571330 2.981133
 20301.000000 7.841735 1.574624 2.947543
 20304.000000 7.836297 1.575356 2.942211
 20307.000000 7.777912 1.594859 2.921283
 20310.000000 7.818481 1.569739 2.909405
 20313.000000 7.870193 1.548377 2.932690
 20316.000000 7.842080 1.542421 2.987347
 20319.000000 7.926370 1.551255 2.975478
 20322.000000 7.914638 1.559217 2.956133
 20325.000000 7.869493 1.552445 2.950651
 20328.000000 7.943125 1.555956 2.933231
 20331.000000 8.005114 1.534157 2.971166
 20334.000000 7.961983 1.548884 2.975292
 20337.000000 7.909327 1.593969 2.945099
 20340.000000 7.885487 1.571481 2.943818
 20343.000000 8.005092 1.593191 2.935815
 20346.000000 8.038557 1.579210 2.935480
 20349.000000 8.114130 1.579568 2.939651
 20352.000000 8.015175 1.562931 2.952503
 20355.000000 8.012851 1.547555 2.983787
 20358.000000 7.958221 1.557344 2.957065
 20361.000000 7.940766 1.563189 2.951758
 20364.000000 7.941427 1.559797 2.964980
 20367.000000 7.896354 1.558024 3.006264
 20370.000000 7.964720 1.542766 2.987070
 20373.000000 7.950754 1.556612 2.963469
 20376.000000 7.968358 1.565482 2.922295
 20379.000000 8.066003 1.561018 2.954212
 20382.000000 8.120920 1.544430 2.972677
 20385.000000 8.064765 1.545998 2.977715
 20388.000000 8.099017 1.568674 2.971562
 20391.000000 8.132092 1.574792 2.943505
 20394.000000 8.076064 1.593770 2.929969
 20397.000000 8.055738 1.591634 2.943854
 20400.000000 8.094532 1.595188 2.957508
 20403.000000 8.019290 1.590623 2.927929
 20406.000000 8.091651 1.595720 2.923891
 20409.000000 8.041981 1.571552 2.967048
 20412.000000 8.068444 1.548703 2.995297
 20415.000000 8.002661 1.597378 2.963393
 20418.000000 8.032419 1.573932 2.994156
 20421.000000 8.016744 1.588638 2.954302
 20424.000000 7.955260 1.563213 2.986255
 20427.000000 8.020151 1.562721 2.984888
 20430.000000 8.067595 1.574090 2.968797
 20433.000000 8.033465 1.569119 2.948136
 20436.000000 7.993877 1.564181 2.958767
 20439.000000 8.035428 1.561832 2.952885
 20442.000000 7.975642 1.549546 2.973482
 20445.000000 8.042777 1.541630 2.995222
 20448.000000 7.998380 1.547293 2.978452
 20451.000000 8.052797 1.555087 2.994260
 20454.000000 8.013726 1.540585 2.989407
 20457.000000 7.998778 1.555658 2.960005
 20460.000000 7.960865 1.540978 2.975732
 20463.000000 7.915743 1.545129 2.957107
 20466.000000 7.957305 1.518696 2.973864
 20469.000000 7.891671 1.520972 2.969633
 20472.000000 7.879388 1.512891 3.010277
 20475.000000 7.886970 1.522661 2.987050
 20478.000000 7.856646 1.540743 3.000737
 20481.000000 7.878297 1.527724 2.985179
 20484.000000 7.875108 1.494213 2.968248
 20487.000000 7.901081 1.508056 2.977819
 20490.000000 7.914771 1.506773 2.957778
 20493.000000 7.960760 1.501898 2.962070
 20496.000000 7.892350 1.490333 2.940924
 20499.000000 7.925697 1.480370 2.919528
 20502.000000 7.926108 1.492588 2.923088
 20505.000000 7.938820 1.490122 2.932409
 20508.000000 7.926036 1.501958 2.897830
 20511.000000 7.927240 1.513294 2.926195
 20514.000000 7.994843 1.502579 2.951764
 20517.000000 8.007533 1.503092 2.944833
 20520.000000 8.055918 1.495086 2.957302
 20523.000000 8.025357 1.521884 2.970661
 20526.000000 8.001805 1.502780 2.957164
 20529.000000 7.933778 1.525980 2.916577
 20532.000000 7.917126 1.522417 2.922204
 20535.000000 7.966090 1.513130 2.976229
 20538.000000 7.950093 1.507719 2.985565
 20541.000000 8.001977 1.513531 2.945744
 20544.000000 8.010776 1.517450 2.925540
 20547.000000 8.105131 1.538275 2.930103
 20550.000000 7.962294 1.505093 2.929144
 20553.000000 8.000607 1.496462 2.944217
 20556.000000 7.909078 1.517807 2.929695
 20559.000000 8.017160 1.505896 2.966705
 20562.000000 7.943287 1.519126 2.935699
 20565.000000 7.969792 1.507416 2.956122
 20568.000000 7.939667 1.511395 2.946679
 20571.000000 7.938341 1.513505 2.990571
 20574.000000 7.933670 1.502983 2.992747
 20577.000000 7.915007 1.520024 3.011407
 20580.000000 7.942884 1.534073 3.001924
 20583.000000 8.030121 1.524339 3.014817
 20586.000000 8.045143 1.519330 2.987654
 20589.000000 7.957472 1.530755 2.967466
 20592.000000 8.017903 1.507648 2.958851
 20595.000000 8.072270 1.514395 2.942932
 20598.000000 8.123115 1.510119 2.967084
 20601.000000 8.162410 1.507552 2.947424
 20604.000000 8.111114 1.500667 2.930441
 20607.000000 8.114895 1.499378 2.949403
 20610.000000 8.150301 1.516665 2.948509
 20613.000000 8.126069 1.542112 2.946030
 20616.000000 8.163485 1.522747 2.928086
 20619.000000 8.182731 1.537253 2.955724
 20622.000000 8.143196 1.544543 2.935909
 20625.000000 8.081852 1.540156 2.957619
 20628.000000 8.144936 1.532940 2.968345
 20631.000000 8.140867 1.528579 2.961213
 20634.000000 8.115365 1.557410 2.945200
 20637.000000 8.089387 1.515560 3.005815
 20640.000000 8.160100 1.560497 2.962641
 20643.000000 8.178144 1.550737 2.976447
 20646.000000 8.114239 1.569136 2.976971
 20649.000000 8.096458 1.536667 2.996899
 20652.000000 8.014758 1.535031 2.972868
 20655.000000 8.068657 1.536121 2.967969
 20658.000000 8.030220 1.510730 2.998803
 20661.000000 7.907141 1.533739 3.005254
 20664.000000 7.884619 1.538278 2.991167
 20667.000000 7.951313 1.523121 2.985974
 20670.000000 7.931534 1.524381 3.007032
 20673.000000 7.850352 1.559066 2.965409
 20676.000000 7.822654 1.545188 2.973903
 20679.000000 7.917596 1.546092 2.969831
 20682.000000 7.933027 1.562828 2.987293
 20685.000000 7.907436 1.540891 3.014476
 20688.000000 7.905004 1.548227 3.003802
 20691.000000 7.905467 1.558290 2.986156
 20694.000000 7.981087 1.552530 2.985290
 20697.000000 8.001643 1.551254 2.978663
 20700.000000 8.066039 1.556063 2.992147
 20703.000000 7.938516 1.547548 3.009578
 20706.000000 7.919851 1.536406 3.002299
 20709.000000 7.998481 1.545744 3.007593
 20712.000000 7.977806 1.545730 3.039236
 20715.000000 7.892761 1.536351 3.035717
 20718.000000 7.952721 1.560084 3.014964
 20721.000000 7.951168 1.540076 3.023312
 20724.000000 7.867347 1.546686 2.984043
 20727.000000 7.824921 1.551556 3.029133
 20730.000000 7.836949 1.537844 3.017821
 20733.000000 7.861223 1.507469 3.031216
 20736.000000 7.983321 1.486367 3.026194
 20739.000000 7.953226 1.518414 2.984306
 20742.000000 7.923377 1.503536 2.988821
 20745.000000 7.894319 1.488664 2.986826
 20748.000000 7.897200 1.516362 2.977255
 20751.000000 7.915432 1.514137 2.982748
 20754.000000 7.883830 1.529369 2.962076
 20757.000000 7.917914 1.538644 2.983528
 20760.000000 7.902340 1.547084 3.021176
 20763.000000 7.927634 1.530825 3.024533
 20766.000000 7.961339 1.563238 2.994727
 20769.000000 7.948333 1.561361 2.994071
 20772.000000 7.952236 1.560201 3.003430
 20775.000000 8.050743 1.575174 3.003700
 20778.000000 7.971884 1.563899 2.987374
 20781.000000 8.068843 1.587313 2.983639
 20784.000000 8.008637 1.592803 2.978572
 20787.000000 8.068169 1.568595 2.978664
 20790.000000 8.009147 1.559246 2.966350
 20793.000000 8.099944 1.567002 2.970511
 20796.000000 8.071136 1.573005 2.980300
 20799.000000 7.959122 1.584407 2.977158
 20802.000000 7.897787 1.556395 2.998528
 20805.000000 7.889852 1.558221 3.002675
 20808.000000 7.876975 1.596247 3.004537
 20811.000000 7.893541 1.571157 2.991907
 20814.000000 7.930186 1.571129 2.986613
 20817.000000 7.912774 1.596082 2.960416
 20820.000000 7.906667 1.573129 3.004989
 20823.000000 7.925922 1.566572 2.975608
 20826.000000 7.838648 1.551921 3.023141
 20829.000000 7.850411 1.589742 2.986058
 20832.000000 7.761397 1.596572 2.993907
 20835.000000 7.789793 1.581051 3.005462
 20838.000000 7.761250 1.570952 3.018341
 20841.000000 7.727665 1.567130 3.023913
 20844.000000 7.805459 1.553568 3.044710
 20847.000000 7.785888 1.565686 3.020208
 20850.000000 7.752698 1.574378 3.004002
 20853.000000 7.833264 1.580667 2.965609
 20856.000000 7.783926 1.566793 2.963909
 20859.000000 7.739322 1.584744 2.984952
 20862.000000 7.846675 1.572405 2.999985
 20865.000000 7.924105 1.568833 3.023951
 20868.000000 7.895229 1.586048 2.971760
 20871.000000 7.841242 1.597970 2.962593
 20874.000000 7.862680 1.558525 2.985579
 20877.000000 7.872985 1.559878 2.992855
 20880.000000 7.883810 1.558901 3.014080
 20883.000000 7.801324 1.552213 3.012870
 20886.000000 7.881482 1.537594 2.985408
 20889.000000 7.919765 1.544933 2.994360
 20892.000000 7.957047 1.554188 2.989968
 20895.000000 7.972128 1.534274 2.994362
 20898.000000 7.951583 1.540027 2.968233
 20901.000000 7.956188 1.520386 2.983720
 20904.000000 7.933598 1.506714 2.967650
 20907.000000 8.050903 1.490809 2.996162
 20910.000000 7.991835 1.500357 3.007920
 20913.000000 7.919909 1.503685 2.990219
 20916.000000 7.999106 1.526363 2.991619
 20919.000000 8.009042 1.516111 2.960147
 20922.000000 8.000629 1.520988 2.966946
 20925.000000 7.947533 1.536453 2.955873
 20928.000000 8.004077 1.499689 2.983719
 20931.000000 7.993241 1.508424 2.980629
 20934.000000 7.942562 1.523482 2.957018
 20937.000000 8.020410 1.544818 2.929289
 20940.000000 7.949071 1.544756 2.950234
 20943.000000 7.953075 1.510441 2.937364
 20946.000000 7.945405 1.536617 2.957371
 20949.000000 7.982659 1.537430 2.968624
 20952.000000 8.022342 1.535496 2.963862
 20955.000000 8.045530 1.531677 2.943242
 20958.000000 8.066490 1.527063 2.949759
 20961.000000 7.900851 1.526005 2.966422
 20964.000000 7.923525 1.583116 2.931360
 20967.000000 7.921377 1.582151 2.940031
 20970.000000 7.994098 1.559953 2.983619
 20973.000000 8.022541 1.552096 3.005368
 20976.000000 7.972072 1.549741 3.011552
 20979.000000 7.957567 1.548299 3.025725
 20982.000000 8.003233 1.569975 2.997945
 20985.000000 8.033541 1.556166 2.983646
 20988.000000 8.082020 1.571619 2.992339
 20991.000000 8.079635 1.526242 3.016629
 20994.000000 8.126469 1.517773 3.009383
 20997.000000 8.130107 1.509600 3.038546
 21000.000000 8.048847 1.516391 3.004121
