#! FIELDS time dmid theta gamma
 0.000000 22.967027 1.523735 2.956664
 3.000000 22.610219 1.516807 2.964698
 6.000000 22.571077 1.540947 2.951501
 9.000000 23.126472 1.537058 2.945132
 12.000000 22.813402 1.551940 2.951158
 15.000000 22.920360 1.570601 2.974875
 18.000000 23.086455 1.564389 2.999303
 21.000000 22.900409 1.558937 2.957761
 24.000000 23.066341 1.584927 2.913779
 27.000000 23.077108 1.554139 2.933451
 30.000000 22.889802 1.566212 2.914466
 33.000000 22.982903 1.572335 2.932039
 36.000000 22.885334 1.557719 2.952048
 39.000000 22.903766 1.529061 2.986865
 42.000000 22.915254 1.540944 3.008453
 45.000000 22.904560 1.547265 2.992258
 48.000000 22.940331 1.539216 2.999643
 51.000000 22.920479 1.523780 3.012651
 54.000000 22.939867 1.515403 3.022123
 57.000000 22.968373 1.511982 3.010840
 60.000000 22.947614 1.543107 2.996119
 63.000000 22.895940 1.551161 2.991397
 66.000000 22.965264 1.513036 2.980360
 69.000000 22.956204 1.505337 2.976612
 72.000000 22.930099 1.536549 2.964590
 75.000000 22.942176 1.549215 2.935919
 78.000000 22.910064 1.549007 2.947186
 81.000000 22.963675 1.554026 2.991847
 84.000000 22.905749 1.555437 2.954739
 87.000000 22.809600 1.555966 2.988175
 90.000000 22.770763 1.552246 2.994754
 93.000000 22.767667 1.561992 2.984633
 96.000000 22.758142 1.558081 2.986600
 99.000000 22.863941 1.557825 3.011377
 102.000000 22.814177 1.564148 3.036007
 105.000000 22.836603 1.522923 3.023742
 108.000000 22.822766 1.538736 3.028478
 111.000000 22.794259 1.549183 3.067634
 114.000000 22.719736 1.524094 3.049932
 117.000000 22.687942 1.487391 3.021218
 120.000000 22.669235 1.513271 2.986240
 123.000000 22.695667 1.511793 2.996749
 126.000000 22.661007 1.558569 2.951861
 129.000000 22.736245 1.556923 2.925321
 132.000000 22.789866 1.554359 2.972153
 135.000000 22.742959 1.534327 2.969725
 138.000000 22.815372 1.538510 2.984666
 141.000000 22.773373 1.548538 2.967152
 144.000000 22.775169 1.542618 2.949968
 147.000000 22.731975 1.535671 2.946914
 150.000000 22.748156 1.543206 2.975383
 153.000000 22.717465 1.564546 2.971013
 156.000000 22.757107 1.583981 2.966452
 159.000000 22.697691 1.593596 2.980951
 162.000000 22.764985 1.579977 2.954119
 165.000000 22.711607 1.574550 2.959618
 168.000000 22.708617 1.584503 2.938343
 171.000000 22.736743 1.579496 2.946190
 174.000000 22.754421 1.562761 2.940511
 177.000000 22.777183 1.559927 2.953298
 180.000000 22.734676 1.522231 3.009469
 183.000000 22.698324 1.554622 2.984448
 186.000000 22.684577 1.548723 3.009335
 189.000000 22.751854 1.549617 2.996339
 192.000000 22.780709 1.538919 2.988969
 195.000000 22.896144 1.559275 2.957949
 198.000000 22.912483 1.557998 2.994109
 201.000000 22.905342 1.565270 3.000565
 204.000000 22.895859 1.565364 2.970803
 207.000000 22.831085 1.547564 3.005072
 210.000000 22.816939 1.545282 2.989990
 213.000000 22.830413 1.553348 2.996418
 216.000000 22.851002 1.550126 2.997298
 219.000000 22.906009 1.547637 2.997314
 222.000000 22.867389 1.550084 2.987759
 225.000000 22.819469 1.535643 3.017174
 228.000000 22.884572 1.535865 3.006624
 231.000000 22.868859 1.549469 2.993901
 234.000000 22.899174 1.536173 3.009627
 237.000000 23.008905 1.563994 3.001886
 240.000000 22.920511 1.602352 2.968495
 243.000000 22.958068 1.589185 2.968913
 246.000000 22.972609 1.576670 2.959067
 249.000000 22.920446 1.576509 2.961722
 252.000000 22.912987 1.571619 2.962350
 255.000000 22.853834 1.591651 2.940119
 258.000000 22.883501 1.600701 2.958883
 261.000000 22.845554 1.607933 2.955849
 264.000000 22.840047 1.618843 2.929878
 267.000000 22.870112 1.619678 2.941667
 270.000000 22.890942 1.595559 2.948496
 273.000000 22.821985 1.602236 2.965234
 276.000000 22.809189 1.593507 2.934098
 279.000000 22.833210 1.571211 2.979537
 282.000000 22.950036 1.574054 2.942219
 285.000000 22.918103 1.557242 2.971137
 288.000000 23.021576 1.524948 2.998831
 291.000000 22.972175 1.544644 2.998555
 294.000000 23.046130 1.551650 2.945938
 297.000000 22.962916 1.537631 2.970352
 300.000000 22.994002 1.539765 2.998970
 303.000000 22.927225 1.543730 2.994068
 306.000000 22.876335 1.547610 2.977708
 309.000000 22.854685 1.533453 2.994429
 312.000000 22.903880 1.540281 2.960474
 315.000000 22.922950 1.523612 2.984694
 318.000000 22.855098 1.543818 2.988273
 321.000000 22.900686 1.521846 2.999245
 324.000000 22.775484 1.543458 2.965750
 327.000000 22.812643 1.536804 2.970704
 330.000000 22.812025 1.544190 2.962895
 333.000000 22.759425 1.553604 2.955262
 336.000000 22.727619 1.533328 2.959364
 339.000000 22.724035 1.556360 2.952692
 342.000000 22.701809 1.551444 2.974481
 345.000000 22.697561 1.570904 2.947747
 348.000000 22.696264 1.555764 2.949701
 351.000000 22.811529 1.566460 2.897570
 354.000000 22.799067 1.519717 2.945758
 357.000000 22.884426 1.553142 2.917892
 360.000000 22.834203 1.544550 2.932885
 363.000000 22.833618 1.529179 2.929340
 366.000000 22.780159 1.542184 2.940882
 369.000000 22.802040 1.523141 2.961259
 372.000000 22.778084 1.510420 3.002731
 375.000000 22.860964 1.513995 3.001423
 378.000000 22.837408 1.513883 3.005032
 381.000000 22.846945 1.525594 2.997899
 384.000000 22.765788 1.536705 2.999581
 387.000000 22.782583 1.564734 3.004066
 390.000000 22.762615 1.599082 2.981495
 393.000000 22.774757 1.568379 3.013253
 396.000000 22.716663 1.546559 3.021364
 399.000000 22.711765 1.584213 2.981169
 402.000000 22.751186 1.584982 2.994926
 405.000000 22.701323 1.591053 2.997741
 408.000000 22.767485 1.592533 2.979132
 411.000000 22.786090 1.583383 2.983618
 414.000000 22.809813 1.589701 2.965460
 417.000000 22.758335 1.613806 2.950080
 420.000000 22.807952 1.588759 2.965462
 423.000000 22.835722 1.596253 2.961308
 426.000000 22.820848 1.587217 2.964790
 429.000000 22.860709 1.584541 2.979343
 432.000000 22.859586 1.587625 2.955963
 435.000000 22.831304 1.577384 2.969381
 438.000000 22.806510 1.589974 2.980735
 441.000000 22.825132 1.569240 2.978827
 444.000000 22.804281 1.578231 2.965229
 447.000000 22.825426 1.568897 2.950246
 450.000000 22.877351 1.567760 2.945716
 453.000000 22.800647 1.578221 2.898167
 456.000000 22.826569 1.556870 2.930583
 459.000000 22.839464 1.544627 2.962324
 462.000000 22.864803 1.550725 2.958214
 465.000000 22.977894 1.550253 2.964280
 468.000000 22.967564 1.537954 2.978397
 471.000000 22.983781 1.537959 2.976592
 474.000000 22.901561 1.536255 2.997738
 477.000000 22.806010 1.529330 3.006860
 480.000000 22.870691 1.543373 2.980642
 483.000000 22.849056 1.550156 2.957311
 486.000000 22.806743 1.549733 2.967440
 489.000000 22.766362 1.539226 3.005026
 492.000000 22.784998 1.541232 2.966450
 495.000000 22.732584 1.528705 2.973327
 498.000000 22.727999 1.547175 2.975374
 501.000000 22.771268 1.564859 2.955521
 504.000000 22.740542 1.535311 2.993599
 507.000000 22.682579 1.560891 2.975424
 510.000000 22.744559 1.551012 2.982944
 513.000000 22.736605 1.548311 2.978364
 516.000000 22.677960 1.541114 3.002761
 519.000000 22.630302 1.515952 3.023611
 522.000000 22.563596 1.526294 3.031961
 525.000000 22.750068 1.529015 3.052946
 528.000000 22.787152 1.542551 2.999296
 531.000000 22.778788 1.559099 2.991851
 534.000000 22.781581 1.535350 2.982108
 537.000000 22.748653 1.542397 3.006293
 540.000000 22.781587 1.551465 2.974943
 543.000000 22.805128 1.571053 2.962152
 546.000000 22.788603 1.536639 3.005744
 549.000000 22.768486 1.564340 2.980321
 552.000000 22.697765 1.560915 3.005382
 555.000000 22.789950 1.550269 2.988352
 558.000000 22.699411 1.579379 2.964624
 561.000000 22.676048 1.583009 2.947884
 564.000000 22.642807 1.587868 2.965333
 567.000000 22.614570 1.569074 2.981623
 570.000000 22.684577 1.556415 3.016909
 573.000000 22.624435 1.563399 2.999180
 576.000000 22.693031 1.583251 3.010343
 579.000000 22.729910 1.582738 3.004100
 582.000000 22.738370 1.584520 2.990956
 585.000000 22.761224 1.559148 3.012359
 588.000000 22.788192 1.565068 2.973038
 591.000000 22.808973 1.543799 3.009071
 594.000000 22.749542 1.549095 3.021500
 597.000000 22.739383 1.552354 3.033757
 600.000000 22.721447 1.568497 3.015645
 603.000000 22.744123 1.556556 3.027598
 606.000000 22.734588 1.551979 3.022779
 609.000000 22.757137 1.573529 2.997533
 612.000000 22.760564 1.580086 3.008801
 615.000000 22.873208 1.566337 3.041524
 618.000000 22.895392 1.561108 3.041262
 621.000000 22.926875 1.602675 2.999367
 624.000000 22.907954 1.602217 2.976669
 627.000000 22.918955 1.606983 2.974414
 630.000000 22.838964 1.618903 2.959548
 633.000000 22.888419 1.589026 2.979763
 636.000000 22.875161 1.574278 2.998366
 639.000000 22.764842 1.558067 3.002200
 642.000000 22.701664 1.582457 2.957635
 645.000000 22.765411 1.568456 2.974087
 648.000000 22.715749 1.580445 2.939621
 651.000000 22.704437 1.560294 2.932249
 654.000000 22.619459 1.556767 2.942658
 657.000000 22.679418 1.585063 2.935691
 660.000000 22.630164 1.558243 2.951683
 663.000000 22.742300 1.571863 2.949008
 666.000000 22.760033 1.543821 2.963488
 669.000000 22.765339 1.573035 2.969524
 672.000000 22.744498 1.544474 2.981340
 675.000000 22.854967 1.552259 3.000492
 678.000000 22.796760 1.539368 3.004773
 681.000000 22.757272 1.538674 3.003774
 684.000000 22.731768 1.555492 2.972680
 687.000000 22.815003 1.536047 2.995206
 690.000000 22.857935 1.547809 2.960179
 693.000000 22.826281 1.544880 2.953494
 696.000000 22.828687 1.554463 2.975978
 699.000000 22.779110 1.579336 2.961928
 702.000000 22.794070 1.565239 2.967730
 705.000000 22.729139 1.558664 2.974045
 708.000000 22.681302 1.541025 2.999592
 711.000000 22.768705 1.553222 2.991214
 714.000000 22.699210 1.535734 2.996114
 717.000000 22.735510 1.528842 3.011158
 720.000000 22.757322 1.545205 3.010000
 723.000000 22.774758 1.522188 3.016131
 726.000000 22.815570 1.531732 3.012113
 729.000000 22.876918 1.544991 3.001334
 732.000000 22.874632 1.544589 3.018265
 735.000000 22.842085 1.552222 3.021705
 738.000000 22.790008 1.557221 2.985067
 741.000000 22.700053 1.555808 2.988777
 744.000000 22.673807 1.548393 2.981311
 747.000000 22.744271 1.542707 2.988116
 750.000000 22.664131 1.514935 2.984298
 753.000000 22.666793 1.520793 2.985119
 756.000000 22.682560 1.509998 2.977178
 759.000000 22.717549 1.531701 2.968037
 762.000000 22.782426 1.534869 2.954387
 765.000000 22.874906 1.537117 2.974914
 768.000000 22.816643 1.550824 2.959940
 771.000000 22.856006 1.551341 2.951530
 774.000000 22.813016 1.545457 2.997179
 777.000000 22.859324 1.546906 2.972515
 780.000000 22.811603 1.532354 3.000011
 783.000000 22.789772 1.561444 2.968299
 786.000000 22.780989 1.556571 2.987534
 789.000000 22.899413 1.568235 3.001523
 792.000000 22.882727 1.559730 3.007064
 795.000000 22.814932 1.544982 3.030416
 798.000000 22.818596 1.568364 3.030016
 801.000000 22.721752 1.564979 3.041054
 804.000000 22.733211 1.558274 3.066553
 807.000000 22.768685 1.572175 2.964690
 810.000000 22.772174 1.562596 2.984763
 813.000000 22.792834 1.554667 3.019754
 816.000000 22.775201 1.541425 3.011329
 819.000000 22.767730 1.560626 3.015023
 822.000000 22.768183 1.542015 3.058884
 825.000000 22.732428 1.543726 3.054891
 828.000000 22.740835 1.539741 3.049197
 831.000000 22.731024 1.537975 3.020965
 834.000000 22.810712 1.543964 3.014270
 837.000000 22.729375 1.541479 3.009461
 840.000000 22.742049 1.542793 3.016576
 843.000000 22.680721 1.540355 3.017464
 846.000000 22.741609 1.557910 2.968188
 849.000000 22.720026 1.549832 2.966476
 852.000000 22.729585 1.547360 2.984536
 855.000000 22.686523 1.566065 3.005066
 858.000000 22.728878 1.564935 3.037477
 861.000000 22.775665 1.558517 3.021531
 864.000000 22.733038 1.529408 3.013144
 867.000000 22.678102 1.537932 3.015225
 870.000000 22.652117 1.534507 2.989885
 873.000000 22.741605 1.543250 2.957240
 876.000000 22.728109 1.532902 2.994865
 879.000000 22.676361 1.545068 2.946542
 882.000000 22.704328 1.519280 2.980721
 885.000000 22.639624 1.540242 2.936092
 888.000000 22.694655 1.537790 2.954658
 891.000000 22.661774 1.533250 2.921527
 894.000000 22.638955 1.544293 2.960955
 897.000000 22.653951 1.543249 2.963600
 900.000000 22.681213 1.540955 2.962856
 903.000000 22.738382 1.533039 2.970048
 906.000000 22.773288 1.520862 2.966656
 909.000000 22.774345 1.516363 2.983988
 912.000000 22.819976 1.531443 3.007142
 915.000000 22.766525 1.538594 2.952083
 918.000000 22.691093 1.531180 2.979853
 921.000000 22.666707 1.522908 3.000170
 924.000000 22.729251 1.525194 2.986007
 927.000000 22.733461 1.514573 2.962978
 930.000000 22.712132 1.556641 2.944142
 933.000000 22.614284 1.558977 2.979512
 936.000000 22.692988 1.536252 2.998898
 939.000000 22.705974 1.552107 2.949570
 942.000000 22.695292 1.544872 2.955784
 945.000000 22.753547 1.541071 2.954970
 948.000000 22.672231 1.560556 2.916654
 951.000000 22.677605 1.547673 2.941791
 954.000000 22.644462 1.550052 2.963581
 957.000000 22.672631 1.532696 2.998754
 960.000000 22.607110 1.515192 3.049758
 963.000000 22.667762 1.541435 3.017349
 966.000000 22.784766 1.563919 2.979945
 969.000000 22.781833 1.549752 2.996962
 972.000000 22.758382 1.561735 2.988299
 975.000000 22.801853 1.569003 2.969082
 978.000000 22.814304 1.574353 2.979512
 981.000000 22.730878 1.581841 2.965219
 984.000000 22.794330 1.566154 2.978943
 987.000000 22.743455 1.576397 2.959284
 990.000000 22.766239 1.558439 2.957038
 993.000000 22.774494 1.556656 2.942021
 996.000000 22.822994 1.578109 2.917012
 999.000000 22.789268 1.585202 2.936320
 1002.000000 22.900645 1.563855 2.970577
 1005.000000 22.902044 1.554633 2.960116
 1008.000000 22.903569 1.563338 2.930929
 1011.000000 22.835016 1.569916 2.942350
 1014.000000 22.815212 1.575994 2.938091
 1017.000000 22.794433 1.565022 2.937831
 1020.000000 22.750554 1.573457 2.904407
 1023.000000 22.732083 1.533820 2.941834
 1026.000000 22.705520 1.531213 2.947857
 1029.000000 22.712584 1.541112 2.970217
 1032.000000 22.730555 1.519616 2.986898
 1035.000000 22.771128 1.497969 3.007243
 1038.000000 22.834133 1.544015 2.934583
 1041.000000 22.819502 1.547916 2.939938
 1044.000000 22.720161 1.552977 2.943271
 1047.000000 22.717284 1.533884 2.971111
 1050.000000 22.716717 1.547763 2.952789
 1053.000000 22.773831 1.543063 2.965370
 1056.000000 22.754873 1.525097 2.997362
 1059.000000 22.775741 1.551310 2.989491
 1062.000000 22.857395 1.543332 3.010968
 1065.000000 22.902247 1.554894 2.985840
 1068.000000 22.879063 1.557315 2.979574
 1071.000000 22.895315 1.563112 3.001129
 1074.000000 22.831263 1.576309 3.013845
 1077.000000 22.912684 1.584972 2.990830
 1080.000000 22.982997 1.586394 3.002218
 1083.000000 22.928572 1.614614 2.979227
 1086.000000 22.935911 1.593512 2.997444
 1089.000000 22.988295 1.594489 3.005702
 1092.000000 22.874348 1.594025 3.018401
 1095.000000 22.959729 1.580860 2.997096
 1098.000000 22.940429 1.589082 2.970543
 1101.000000 22.868460 1.577626 3.014174
 1104.000000 22.975876 1.583485 3.014481
 1107.000000 22.917939 1.615512 2.975253
 1110.000000 22.839039 1.586655 2.975802
 1113.000000 22.726635 1.613587 2.978402
 1116.000000 22.802364 1.602260 3.002044
 1119.000000 22.769136 1.613583 2.974504
 1122.000000 22.825848 1.639413 2.940030
 1125.000000 22.763729 1.625470 2.961181
 1128.000000 22.817711 1.599408 2.985711
 1131.000000 22.782697 1.598121 2.974281
 1134.000000 22.826153 1.591348 2.983217
 1137.000000 22.809945 1.623884 2.971109
 1140.000000 22.779358 1.609593 2.972891
 1143.000000 22.828736 1.607638 2.948362
 1146.000000 22.852676 1.595040 2.968216
 1149.000000 22.828336 1.586322 2.968225
 1152.000000 22.835082 1.609026 2.955364
 1155.000000 22.914179 1.623924 2.989570
 1158.000000 22.948245 1.613279 2.994503
 1161.000000 22.951739 1.603682 2.994121
 1164.000000 22.975677 1.627190 3.006384
 1167.000000 22.876897 1.638909 2.994814
 1170.000000 22.852740 1.622777 3.007339
 1173.000000 22.811766 1.593652 3.019314
 1176.000000 22.880715 1.598786 2.995648
 1179.000000 22.853257 1.560014 3.025750
 1182.000000 22.847906 1.583955 2.958350
 1185.000000 22.827256 1.572345 2.973675
 1188.000000 22.760100 1.579807 2.971821
 1191.000000 22.705020 1.569301 2.977934
 1194.000000 22.777509 1.572797 2.981483
 1197.000000 22.704797 1.561084 3.006329
 1200.000000 22.739693 1.571034 2.995724
 1203.000000 22.762400 1.582408 2.978992
 1206.000000 22.724162 1.575920 2.979148
 1209.000000 22.861878 1.584629 2.984487
 1212.000000 22.848355 1.566579 3.003240
 1215.000000 22.844663 1.561202 2.978433
 1218.000000 22.891845 1.569976 2.960172
 1221.000000 22.892078 1.548854 2.965503
 1224.000000 22.866024 1.550202 2.945103
 1227.000000 22.950682 1.543183 2.973118
 1230.000000 22.983253 1.537424 2.949891
 1233.000000 22.950464 1.559054 2.968011
 1236.000000 22.907385 1.548139 3.002131
 1239.000000 22.944432 1.572171 2.951173
 1242.000000 23.028603 1.557292 2.959406
 1245.000000 22.980096 1.553342 2.968527
 1248.000000 22.998844 1.550454 2.955446
 1251.000000 22.971139 1.531267 2.936822
 1254.000000 22.946354 1.551946 2.946965
 1257.000000 22.900080 1.550811 2.940739
 1260.000000 22.905796 1.557400 2.933907
 1263.000000 22.940764 1.560813 2.954755
 1266.000000 22.958013 1.568661 2.966900
 1269.000000 22.953538 1.561865 2.942010
 1272.000000 22.937362 1.547332 2.942672
 1275.000000 22.889968 1.542402 2.948549
 1278.000000 22.956125 1.549143 2.984917
 1281.000000 22.911450 1.548486 2.994066
 1284.000000 22.910620 1.565191 2.969544
 1287.000000 22.935029 1.547446 2.988840
 1290.000000 22.854665 1.574420 2.998159
 1293.000000 22.909979 1.591766 2.944465
 1296.000000 22.873545 1.587799 2.944752
 1299.000000 22.869507 1.561364 2.974530
 1302.000000 22.891218 1.557579 2.944392
 1305.000000 22.903858 1.569541 2.936640
 1308.000000 22.947116 1.553608 2.930390
 1311.000000 22.856915 1.546999 2.905059
 1314.000000 22.920036 1.550054 2.911690
 1317.000000 22.900037 1.545833 2.942095
 1320.000000 22.903569 1.539380 2.908482
 1323.000000 22.913296 1.550762 2.885551
 1326.000000 22.868962 1.552959 2.902384
 1329.000000 22.908849 1.525724 2.916100
 1332.000000 22.907406 1.518142 2.938627
 1335.000000 22.894387 1.550071 2.956367
 1338.000000 22.963039 1.542506 2.962438
 1341.000000 23.021713 1.522175 2.969060
 1344.000000 23.044579 1.523655 2.950369
 1347.000000 22.977907 1.508554 2.930963
 1350.000000 22.881790 1.513797 2.963201
 1353.000000 22.818244 1.497117 2.986140
 1356.000000 22.808334 1.486859 2.986310
 1359.000000 22.881955 1.512051 2.978782
 1362.000000 22.822141 1.492188 2.972706
 1365.000000 22.863956 1.501559 2.975256
 1368.000000 22.899849 1.503662 2.945123
 1371.000000 22.896683 1.502014 2.946557
 1374.000000 22.847121 1.491211 2.976380
 1377.000000 22.902179 1.503769 2.975575
 1380.000000 22.960994 1.524845 2.945501
 1383.000000 22.929805 1.529036 2.948048
 1386.000000 22.928340 1.517552 2.963300
 1389.000000 22.802891 1.508885 2.988541
 1392.000000 22.905554 1.500273 2.959494
 1395.000000 22.848194 1.495707 2.969607
 1398.000000 22.916283 1.491914 2.965685
 1401.000000 22.872160 1.502154 2.971389
 1404.000000 22.805554 1.493386 2.969055
 1407.000000 22.792970 1.483310 2.970094
 1410.000000 22.810088 1.494301 2.970658
 1413.000000 22.890388 1.497012 2.956246
 1416.000000 22.923329 1.489708 2.945677
 1419.000000 22.939753 1.500186 2.938521
 1422.000000 22.915036 1.504799 2.920093
 1425.000000 22.861861 1.506955 2.924649
 1428.000000 22.908391 1.498601 2.922340
 1431.000000 22.898879 1.505945 2.940882
 1434.000000 22.907369 1.513797 2.957890
 1437.000000 22.885647 1.526141 2.888188
 1440.000000 22.861409 1.493418 2.926647
 1443.000000 22.874835 1.493037 2.908627
 1446.000000 22.831107 1.479727 2.943747
 1449.000000 22.737247 1.467376 2.974871
 1452.000000 22.791997 1.475686 2.939596
 1455.000000 22.799505 1.493714 2.942752
 1458.000000 22.888645 1.488246 2.953670
 1461.000000 22.931453 1.501669 2.957204
 1464.000000 22.917547 1.503719 2.964265
 1467.000000 22.909959 1.512541 2.953735
 1470.000000 22.876545 1.520320 2.955930
 1473.000000 22.818833 1.528022 2.972103
 1476.000000 22.860633 1.509442 2.994887
 1479.000000 22.880092 1.510705 2.956127
 1482.000000 22.887298 1.497728 2.974903
 1485.000000 22.831296 1.487594 2.984631
 1488.000000 22.832812 1.490920 2.966886
 1491.000000 22.845727 1.512810 2.934382
 1494.000000 22.800110 1.523780 2.894818
 1497.000000 22.864091 1.510680 2.911839
 1500.000000 22.828725 1.490212 2.907030
 1503.000000 22.784314 1.490054 2.917255
 1506.000000 22.811401 1.471858 2.911496
 1509.000000 22.829809 1.451671 2.976214
 1512.000000 22.867393 1.479801 2.960682
 1515.000000 22.853393 1.504483 2.961966
 1518.000000 22.764091 1.517384 2.947354
 1521.000000 22.751695 1.504127 2.929476
 1524.000000 22.775399 1.493492 2.946646
 1527.000000 22.789113 1.513483 2.935048
 1530.000000 22.754119 1.503632 2.951424
 1533.000000 22.867651 1.531782 2.967528
 1536.000000 22.840085 1.522706 2.957479
 1539.000000 22.725366 1.511208 2.977875
 1542.000000 22.736644 1.525097 2.966417
 1545.000000 22.791518 1.519598 2.968016
 1548.000000 22.726254 1.535480 3.010597
 1551.000000 22.730586 1.528228 3.009040
 1554.000000 22.690184 1.529545 3.007617
 1557.000000 22.657542 1.524319 3.020600
 1560.000000 22.644281 1.535360 2.993907
 1563.000000 22.647639 1.521454 2.984734
 1566.000000 22.654335 1.516090 2.967205
 1569.000000 22.717268 1.503064 2.964261
 1572.000000 22.715457 1.525155 2.955675
 1575.000000 22.712587 1.536267 2.936184
 1578.000000 22.665963 1.518445 2.933002
 1581.000000 22.648594 1.496426 2.961730
 1584.000000 22.621429 1.513147 2.948557
 1587.000000 22.674201 1.511038 2.914361
 1590.000000 22.659153 1.490474 2.950070
 1593.000000 22.653418 1.497761 2.929892
 1596.000000 22.605441 1.502103 2.953822
 1599.000000 22.628459 1.494076 2.971697
 1602.000000 22.629237 1.526476 2.947528
 1605.000000 22.686507 1.493043 2.947764
 1608.000000 22.718310 1.492276 2.977053
 1611.000000 22.762024 1.497586 2.952260
 1614.000000 22.741766 1.490983 2.945271
 1617.000000 22.761824 1.495932 2.976796
 1620.000000 22.757484 1.500730 2.975930
 1623.000000 22.794415 1.499175 2.950674
 1626.000000 22.807740 1.473002 2.984783
 1629.000000 22.869058 1.490763 2.966131
 1632.000000 22.922282 1.505716 2.978909
 1635.000000 22.963501 1.511256 2.997662
 1638.000000 22.909596 1.509359 2.989378
 1641.000000 22.885091 1.496609 2.964464
 1644.000000 22.874814 1.510331 2.951524
 1647.000000 22.850790 1.499054 2.963780
 1650.000000 22.892588 1.460810 3.026835
 1653.000000 22.915114 1.483678 2.990096
 1656.000000 22.920928 1.486138 2.984237
 1659.000000 22.911513 1.498657 3.016280
 1662.000000 22.903045 1.503795 2.993768
 1665.000000 22.978031 1.511002 2.975796
 1668.000000 22.945774 1.507141 3.002743
 1671.000000 22.979764 1.507595 2.978652
 1674.000000 22.981308 1.498993 2.966789
 1677.000000 22.973023 1.509722 2.970420
 1680.000000 22.933023 1.534133 2.967251
 1683.000000 22.906566 1.505630 2.998215
 1686.000000 22.947016 1.523406 3.003232
 1689.000000 23.009809 1.535618 2.985728
 1692.000000 22.900145 1.527609 2.993034
 1695.000000 22.905224 1.572659 2.947987
 1698.000000 22.803123 1.535370 2.987860
 1701.000000 22.939876 1.543504 2.972264
 1704.000000 22.862174 1.544826 2.949691
 1707.000000 22.934964 1.521264 2.971927
 1710.000000 22.921048 1.525919 2.981972
 1713.000000 22.959469 1.534886 2.980163
 1716.000000 22.972245 1.530458 2.991859
 1719.000000 22.952364 1.563904 2.951246
 1722.000000 22.934743 1.557343 2.972173
 1725.000000 22.918669 1.525423 2.989782
 1728.000000 22.893114 1.555659 2.971723
 1731.000000 22.785114 1.570326 2.923614
 1734.000000 22.829205 1.578322 2.941611
 1737.000000 22.829819 1.593763 2.937542
 1740.000000 22.814308 1.585779 2.962967
 1743.000000 22.799023 1.593992 2.980362
 1746.000000 22.821382 1.589839 3.004818
 1749.000000 22.836414 1.559001 3.027612
 1752.000000 22.843672 1.569810 3.006132
 1755.000000 22.889516 1.567884 2.999303
 1758.000000 22.888331 1.569343 2.974533
 1761.000000 22.945193 1.583911 2.975728
 1764.000000 22.943747 1.549956 2.967002
 1767.000000 22.959043 1.536016 2.989364
 1770.000000 22.866120 1.552825 2.991958
 1773.000000 22.836299 1.556186 2.951542
 1776.000000 22.806232 1.549273 2.988853
 1779.000000 22.771916 1.531052 2.983174
 1782.000000 22.878733 1.524313 2.977717
 1785.000000 22.833317 1.552572 2.907584
 1788.000000 22.808545 1.529596 2.933519
 1791.000000 22.745060 1.529542 2.960876
 1794.000000 22.701976 1.533162 3.002311
 1797.000000 22.672859 1.561523 2.998368
 1800.000000 22.613935 1.554640 2.999424
 1803.000000 22.681404 1.538585 3.025298
 1806.000000 22.646345 1.507627 3.047481
 1809.000000 22.754145 1.511607 3.030487
 1812.000000 22.780686 1.508814 3.019431
 1815.000000 22.792660 1.517859 3.007083
 1818.000000 22.662219 1.539023 2.959141
 1821.000000 22.714865 1.532334 2.973922
 1824.000000 22.732700 1.544848 2.965230
 1827.000000 22.648133 1.536980 2.954011
 1830.000000 22.635617 1.544430 2.941683
 1833.000000 22.594547 1.558049 2.943508
 1836.000000 22.556390 1.558129 2.890496
 1839.000000 22.626730 1.527342 2.910325
 1842.000000 22.650030 1.517275 2.934066
 1845.000000 22.681606 1.522584 2.937081
 1848.000000 22.695748 1.506102 2.974871
 1851.000000 22.604599 1.532786 2.947621
 1854.000000 22.677501 1.526198 2.973484
 1857.000000 22.653633 1.522095 2.972943
 1860.000000 22.677176 1.539927 2.916947
 1863.000000 22.676774 1.477458 2.923120
 1866.000000 22.673248 1.430213 2.985970
 1869.000000 22.705757 1.449888 2.974535
 1872.000000 22.709968 1.485110 2.947678
 1875.000000 22.745530 1.503552 2.987479
 1878.000000 22.781128 1.491780 3.024034
 1881.000000 22.745325 1.487427 2.950951
 1884.000000 22.712544 1.488112 2.978702
 1887.000000 22.769419 1.490775 2.957426
 1890.000000 22.729241 1.493725 2.924584
 1893.000000 22.740810 1.527595 2.908976
 1896.000000 22.740781 1.518481 2.957700
 1899.000000 22.717455 1.516602 2.970896
 1902.000000 22.683767 1.530064 2.948552
 1905.000000 22.685010 1.552029 2.956837
 1908.000000 22.723124 1.513059 2.955220
 1911.000000 22.663791 1.544772 2.928779
 1914.000000 22.771140 1.532691 2.952455
 1917.000000 22.772056 1.524093 2.960044
 1920.000000 22.791663 1.540803 2.968239
 1923.000000 22.791708 1.514387 2.979077
 1926.000000 22.782286 1.529278 2.995322
 1929.000000 22.787105 1.537529 2.997539
 1932.000000 22.726162 1.578840 2.970085
 1935.000000 22.674835 1.524020 2.997102
 1938.000000 22.795698 1.538900 2.955041
 1941.000000 22.752443 1.573796 2.963492
 1944.000000 22.753197 1.556580 2.980059
 1947.000000 22.773638 1.564968 2.960802
 1950.000000 22.779403 1.536545 2.983245
 1953.000000 22.841811 1.576276 2.954719
 1956.000000 22.825998 1.575168 2.952201
 1959.000000 22.809387 1.557711 2.954176
 1962.000000 22.784203 1.569434 2.955672
 1965.000000 22.857105 1.570087 2.956406
 1968.000000 22.876413 1.577247 2.949533
 1971.000000 22.870721 1.571046 2.977393
 1974.000000 22.860099 1.561153 2.969070
 1977.000000 22.888287 1.565176 2.952572
 1980.000000 22.969443 1.558694 2.971790
 1983.000000 22.976215 1.585098 2.915515
 1986.000000 22.995582 1.584414 2.909259
 1989.000000 23.003840 1.565722 2.940997
 1992.000000 22.991432 1.574630 2.921108
 1995.000000 22.967092 1.582845 2.930322
 1998.000000 22.980379 1.585621 2.921104
 2001.000000 22.994747 1.558946 2.965539
 2004.000000 22.960066 1.568648 2.957474
 2007.000000 22.998725 1.568797 2.954209
 2010.000000 23.021161 1.532575 2.981663
 2013.000000 23.034901 1.498892 2.976841
 2016.000000 23.039234 1.489685 3.009182
 2019.000000 23.033033 1.514158 2.994243
 2022.000000 22.967087 1.502572 2.986649
 2025.000000 22.912269 1.503817 2.992061
 2028.000000 22.836779 1.518667 2.972766
 2031.000000 22.865168 1.510520 2.987576
 2034.000000 22.847826 1.509379 2.985274
 2037.000000 22.841841 1.499335 2.951151
 2040.000000 22.880711 1.537880 2.968415
 2043.000000 22.804540 1.519496 2.997174
 2046.000000 22.907610 1.527007 2.979447
 2049.000000 22.872492 1.508294 3.017522
 2052.000000 22.959106 1.528204 2.996999
 2055.000000 22.900956 1.541049 2.976352
 2058.000000 22.806375 1.537947 2.992115
 2061.000000 22.805312 1.552379 2.974637
 2064.000000 22.759697 1.565851 2.972272
 2067.000000 22.778702 1.550190 2.984786
 2070.000000 22.775238 1.549093 2.977759
 2073.000000 22.757603 1.555358 2.961052
 2076.000000 22.756823 1.569154 2.953867
 2079.000000 22.804203 1.556856 2.941671
 2082.000000 22.824586 1.527626 2.983659
 2085.000000 22.818628 1.533339 2.969484
 2088.000000 22.844671 1.543726 2.959724
 2091.000000 22.860175 1.529921 2.951227
 2094.000000 22.833767 1.547362 2.934280
 2097.000000 22.786854 1.521768 2.922650
 2100.000000 22.845707 1.507206 2.927464
 2103.000000 22.839910 1.532904 2.913654
 2106.000000 22.820831 1.548370 2.919250
 2109.000000 22.752422 1.544771 2.921151
 2112.000000 22.869760 1.524462 2.945875
 2115.000000 22.879697 1.561257 2.931570
 2118.000000 22.875921 1.560094 2.967939
 2121.000000 22.928634 1.562673 2.943931
 2124.000000 22.923727 1.570348 2.953017
 2127.000000 22.856861 1.577230 2.933214
 2130.000000 22.881632 1.570671 2.926640
 2133.000000 22.905323 1.573429 2.954970
 2136.000000 22.960081 1.551206 2.965854
 2139.000000 22.938170 1.556907 2.940305
 2142.000000 22.919135 1.554100 2.937201
 2145.000000 22.935567 1.560742 2.929293
 2148.000000 22.954893 1.578399 2.952825
 2151.000000 22.979566 1.569887 2.939874
 2154.000000 22.958306 1.547114 2.954550
 2157.000000 22.963795 1.544429 3.013649
 2160.000000 23.018670 1.586636 2.978657
 2163.000000 22.949523 1.606041 2.967214
 2166.000000 23.014222 1.605895 2.935059
 2169.000000 23.034933 1.587270 2.935543
 2172.000000 23.000199 1.546458 2.982634
 2175.000000 22.978885 1.557116 2.986551
 2178.000000 23.061636 1.528978 3.031286
 2181.000000 22.907621 1.524644 2.996170
 2184.000000 22.968629 1.524451 2.968053
 2187.000000 22.964773 1.557411 2.975312
 2190.000000 22.901351 1.546961 2.973747
 2193.000000 22.934432 1.542532 2.983677
 2196.000000 22.951067 1.543557 2.986371
 2199.000000 22.889208 1.585182 2.983019
 2202.000000 22.893231 1.552295 3.001304
 2205.000000 22.884845 1.547488 2.997406
 2208.000000 22.831609 1.582761 2.978617
 2211.000000 22.854423 1.553300 2.975559
 2214.000000 22.799360 1.532980 2.990054
 2217.000000 22.841903 1.540928 2.993029
 2220.000000 22.887461 1.548338 3.010017
 2223.000000 22.931724 1.567188 2.971686
 2226.000000 22.959912 1.599522 3.007877
 2229.000000 22.975480 1.566287 2.984618
 2232.000000 22.990686 1.546779 2.961411
 2235.000000 22.953004 1.545707 2.981255
 2238.000000 22.972399 1.517435 3.002204
 2241.000000 22.936300 1.539643 2.957011
 2244.000000 22.958595 1.548603 2.989484
 2247.000000 23.048709 1.528170 2.965205
 2250.000000 23.004816 1.515001 2.938829
 2253.000000 22.980364 1.538582 2.909234
 2256.000000 22.970119 1.525130 2.960050
 2259.000000 22.922230 1.530277 2.946271
 2262.000000 22.915841 1.522165 2.983884
 2265.000000 22.981260 1.546266 2.951360
 2268.000000 22.903427 1.559099 2.928836
 2271.000000 22.853377 1.557827 2.933417
 2274.000000 22.854493 1.580139 2.923262
 2277.000000 22.865699 1.569345 2.958417
 2280.000000 22.926257 1.552949 2.998724
 2283.000000 22.957153 1.561957 3.038507
 2286.000000 22.943297 1.568418 2.973690
 2289.000000 22.910909 1.554689 2.968597
 2292.000000 22.958004 1.572492 2.969636
 2295.000000 22.933077 1.565381 2.995194
 2298.000000 22.864502 1.559881 3.011869
 2301.000000 22.818918 1.578075 2.972870
 2304.000000 22.913099 1.559067 3.030955
 2307.000000 22.908016 1.554745 3.012761
 2310.000000 22.824355 1.579729 2.961650
 2313.000000 22.843096 1.573188 2.975447
 2316.000000 22.891163 1.558465 2.974508
 2319.000000 22.845803 1.562506 2.999729
 2322.000000 22.826214 1.560103 3.020766
 2325.000000 22.838624 1.551626 3.004920
 2328.000000 22.860425 1.565399 2.984702
 2331.000000 22.833232 1.564797 2.973503
 2334.000000 22.768707 1.558270 2.977880
 2337.000000 22.725382 1.545229 2.961764
 2340.000000 22.808960 1.540197 2.988305
 2343.000000 22.810349 1.533446 3.006028
 2346.000000 22.841320 1.551458 2.993642
 2349.000000 22.816808 1.538972 3.043448
 2352.000000 22.771471 1.567821 3.005599
 2355.000000 22.761343 1.575935 3.005755
 2358.000000 22.864295 1.589144 2.987022
 2361.000000 22.780970 1.587513 2.997556
 2364.000000 22.849564 1.580062 2.985942
 2367.000000 22.801925 1.554877 2.997165
 2370.000000 22.862866 1.531900 3.001771
 2373.000000 22.829865 1.547486 2.951293
 2376.000000 22.810214 1.532466 2.994447
 2379.000000 22.798906 1.533170 2.967286
 2382.000000 22.795726 1.535137 2.948538
 2385.000000 22.807846 1.508836 2.981008
 2388.000000 22.830233 1.528592 2.955882
 2391.000000 22.796111 1.530462 2.962379
 2394.000000 22.782876 1.514362 2.962122
 2397.000000 22.828238 1.524229 2.969121
 2400.000000 22.873834 1.532041 2.948411
 2403.000000 22.880250 1.532453 2.934147
 2406.000000 22.954160 1.542195 2.971898
 2409.000000 22.891119 1.545086 2.954589
 2412.000000 22.830711 1.521660 2.961825
 2415.000000 22.768133 1.556943 2.945432
 2418.000000 22.727309 1.551814 2.942255
 2421.000000 22.748083 1.570749 2.931631
 2424.000000 22.693992 1.599312 2.954680
 2427.000000 22.664294 1.569236 2.981990
 2430.000000 22.598196 1.588923 2.917946
 2433.000000 22.615585 1.570719 2.938009
 2436.000000 22.640966 1.564437 2.953042
 2439.000000 22.704665 1.555705 2.935576
 2442.000000 22.714901 1.565923 2.957570
 2445.000000 22.721169 1.564705 2.950505
 2448.000000 22.724331 1.552513 2.958547
 2451.000000 22.764419 1.566298 2.935974
 2454.000000 22.787620 1.557125 2.965784
 2457.000000 22.844021 1.559758 2.954509
 2460.000000 22.825851 1.567583 2.963246
 2463.000000 22.925691 1.541468 2.975132
 2466.000000 22.947352 1.554676 2.977381
 2469.000000 22.924084 1.568331 3.006031
 2472.000000 22.989997 1.563877 3.013529
 2475.000000 23.055628 1.561203 3.008241
 2478.000000 22.969713 1.535017 3.036054
 2481.000000 22.956302 1.548188 3.018208
 2484.000000 23.000621 1.559015 3.032907
 2487.000000 23.055092 1.550944 3.029400
 2490.000000 23.066250 1.559996 2.983367
 2493.000000 23.056672 1.538481 2.983957
 2496.000000 23.003041 1.554790 2.990530
 2499.000000 23.044240 1.520540 3.024515
 2502.000000 22.988797 1.531483 3.024446
 2505.000000 22.936415 1.551523 2.983116
 2508.000000 22.978525 1.537845 2.988135
 2511.000000 23.049674 1.562721 2.942859
 2514.000000 22.987341 1.551218 2.968348
 2517.000000 22.961228 1.553536 2.968682
 2520.000000 22.998133 1.550776 2.982099
 2523.000000 22.905781 1.540273 2.979106
 2526.000000 22.860545 1.520018 2.950522
 2529.000000 22.895110 1.540531 2.977719
 2532.000000 22.885890 1.543289 2.958207
 2535.000000 22.858716 1.535778 2.979784
 2538.000000 22.892296 1.555997 2.931586
 2541.000000 22.898859 1.538536 2.968654
 2544.000000 22.863527 1.534955 2.991708
 2547.000000 22.756502 1.541844 3.019938
 2550.000000 22.688698 1.540100 3.001538
 2553.000000 22.836405 1.533282 2.999808
 2556.000000 22.777268 1.542279 2.986028
 2559.000000 22.840937 1.538265 2.986014
 2562.000000 22.855685 1.552628 2.987347
 2565.000000 22.862971 1.598535 2.977102
 2568.000000 22.807310 1.569661 2.976258
 2571.000000 22.923921 1.575203 2.985428
 2574.000000 22.892611 1.566907 2.966769
 2577.000000 22.898338 1.563960 2.977585
 2580.000000 22.914057 1.560392 2.974928
 2583.000000 22.995025 1.557110 2.991810
 2586.000000 22.970437 1.562044 2.979256
 2589.000000 22.885355 1.547548 2.993096
 2592.000000 22.856222 1.582501 2.954093
 2595.000000 22.887501 1.590101 2.938810
 2598.000000 22.898289 1.569097 2.964199
 2601.000000 22.937233 1.570492 2.973416
 2604.000000 22.975433 1.577239 2.962185
 2607.000000 22.988126 1.561587 3.004046
 2610.000000 22.944184 1.544372 3.011128
 2613.000000 23.025647 1.570751 2.952359
 2616.000000 22.926905 1.563655 2.992126
 2619.000000 22.973121 1.567065 3.007928
 2622.000000 22.984415 1.560469 3.018205
 2625.000000 23.037444 1.572792 2.993232
 2628.000000 23.052962 1.566672 2.976225
 2631.000000 22.979075 1.594462 2.928174
 2634.000000 22.937428 1.594113 2.907058
 2637.000000 22.911013 1.561367 2.965662
 2640.000000 22.910616 1.534210 2.981897
 2643.000000 22.849619 1.523386 2.989747
 2646.000000 22.893913 1.543582 2.982640
 2649.000000 22.906855 1.524322 2.999187
 2652.000000 22.881354 1.548338 2.961574
 2655.000000 22.880369 1.554217 2.956611
 2658.000000 22.860974 1.536357 2.984134
 2661.000000 22.848634 1.536122 2.972131
 2664.000000 22.771690 1.542130 2.986550
 2667.000000 22.863768 1.528770 2.973299
 2670.000000 22.861824 1.519186 2.951710
 2673.000000 22.876674 1.547790 2.931678
 2676.000000 22.789851 1.537674 2.949976
 2679.000000 22.886319 1.533970 2.929233
 2682.000000 22.890932 1.529717 2.958004
 2685.000000 22.966479 1.523487 2.957044
 2688.000000 22.959903 1.525125 2.956057
 2691.000000 23.023849 1.550888 2.929090
 2694.000000 23.078338 1.564519 2.917986
 2697.000000 23.067338 1.531177 2.964375
 2700.000000 23.085650 1.516429 2.951209
 2703.000000 23.120919 1.532512 2.917415
 2706.000000 23.083241 1.524065 2.943117
 2709.000000 23.108837 1.506739 2.955866
 2712.000000 23.087889 1.494277 2.929159
 2715.000000 23.109167 1.526652 2.923363
 2718.000000 23.014468 1.513935 2.942923
 2721.000000 23.081823 1.493130 2.945305
 2724.000000 23.054636 1.486280 2.919042
 2727.000000 23.038390 1.492240 2.902422
 2730.000000 22.901962 1.471893 2.922804
 2733.000000 22.948890 1.493619 2.867116
 2736.000000 22.991504 1.509068 2.878643
 2739.000000 22.952923 1.508439 2.902329
 2742.000000 22.944140 1.533261 2.893564
 2745.000000 22.999102 1.521749 2.909525
 2748.000000 22.937038 1.503653 2.949975
 2751.000000 22.985406 1.499602 2.941921
 2754.000000 23.033350 1.517860 2.931737
 2757.000000 23.001293 1.540217 2.936134
 2760.000000 23.013329 1.534965 2.967012
 2763.000000 22.989498 1.521540 2.960210
 2766.000000 23.014676 1.518809 2.975485
 2769.000000 22.992382 1.505919 2.984848
 2772.000000 22.908981 1.492537 2.998539
 2775.000000 22.945681 1.515528 2.959913
 2778.000000 23.003050 1.531508 2.940814
 2781.000000 23.079038 1.524507 2.942778
 2784.000000 23.082306 1.529102 2.929292
 2787.000000 23.052942 1.522263 2.931540
 2790.000000 23.078852 1.527488 2.912346
 2793.000000 23.033549 1.529921 2.919819
 2796.000000 22.955206 1.539561 2.895017
 2799.000000 22.874161 1.545303 2.871267
 2802.000000 22.895282 1.543746 2.896466
 2805.000000 22.918536 1.546167 2.884004
 2808.000000 22.933566 1.545075 2.874773
 2811.000000 22.919635 1.552225 2.880711
 2814.000000 22.970315 1.558888 2.885595
 2817.000000 22.936818 1.555061 2.894969
 2820.000000 22.925142 1.549178 2.910774
 2823.000000 22.909682 1.544491 2.893213
 2826.000000 22.919291 1.520867 2.919746
 2829.000000 22.976968 1.514053 2.943904
 2832.000000 22.918664 1.513795 2.940442
 2835.000000 22.944594 1.508003 2.944433
 2838.000000 22.942080 1.499015 2.970579
 2841.000000 22.917540 1.502665 2.988416
 2844.000000 22.877345 1.529235 2.932906
 2847.000000 22.923595 1.540625 2.891421
 2850.000000 22.897300 1.556950 2.875656
 2853.000000 22.873464 1.523730 2.903513
 2856.000000 22.864675 1.511142 2.949958
 2859.000000 22.893372 1.515547 2.948326
 2862.000000 22.859595 1.535545 2.919302
 2865.000000 22.866476 1.520104 2.914794
 2868.000000 22.876041 1.544335 2.913057
 2871.000000 22.911397 1.534260 2.961411
 2874.000000 22.954045 1.516533 3.003410
 2877.000000 22.923224 1.537222 2.988431
 2880.000000 22.898938 1.503235 3.023818
 2883.000000 22.872985 1.507186 3.008067
 2886.000000 22.861027 1.511750 2.978550
 2889.000000 22.832519 1.544504 2.944458
 2892.000000 22.903896 1.579747 2.898219
 2895.000000 22.858781 1.548429 2.923631
 2898.000000 22.892400 1.543152 2.913154
 2901.000000 22.882637 1.549111 2.923146
 2904.000000 22.895850 1.561174 2.901388
 2907.000000 22.927715 1.536427 2.915143
 2910.000000 22.899818 1.542825 2.929105
 2913.000000 22.878967 1.535832 2.932861
 2916.000000 22.872211 1.573686 2.914760
 2919.000000 22.896014 1.590073 2.856230
 2922.000000 22.876310 1.579823 2.883438
 2925.000000 22.874382 1.568055 2.887766
 2928.000000 22.840608 1.568584 2.896612
 2931.000000 22.870543 1.549201 2.919449
 2934.000000 22.862650 1.563004 2.922522
 2937.000000 22.860190 1.547669 2.925635
 2940.000000 22.786631 1.560017 2.919964
 2943.000000 22.797845 1.554660 2.920946
 2946.000000 22.788083 1.553090 2.933843
 2949.000000 22.902023 1.530531 2.958247
 2952.000000 22.852098 1.505075 2.949346
 2955.000000 22.839429 1.515225 2.962674
 2958.000000 22.795990 1.529480 2.980223
 2961.000000 22.824464 1.527745 2.987415
 2964.000000 22.896770 1.560185 2.903162
 2967.000000 22.764312 1.531594 2.935568
 2970.000000 22.753212 1.555872 2.904936
 2973.000000 22.790352 1.568578 2.976550
 2976.000000 22.862091 1.559744 2.973295
 2979.000000 22.856909 1.531754 3.003025
 2982.000000 22.922309 1.575333 3.001873
 2985.000000 22.936950 1.594684 2.949455
 2988.000000 22.947100 1.581236 2.972844
 2991.000000 22.870151 1.577990 2.987820
 2994.000000 22.848041 1.586659 2.955932
 2997.000000 22.787097 1.565450 2.970560
 3000.000000 22.739078 1.571852 2.996462
 3003.000000 22.779439 1.598856 2.970500
 3006.000000 22.762655 1.596802 2.981357
 3009.000000 22.701945 1.591314 2.999139
 3012.000000 22.768978 1.551444 3.005697
 3015.000000 22.834485 1.546883 2.994188
 3018.000000 22.803891 1.562738 2.994129
 3021.000000 22.917170 1.569549 2.960199
 3024.000000 22.813027 1.565771 2.966260
 3027.000000 22.766537 1.579167 2.975882
 3030.000000 22.833731 1.595063 2.958956
 3033.000000 22.820765 1.594208 2.969148
 3036.000000 22.796965 1.569930 3.007163
 3039.000000 22.844231 1.559568 3.023163
 3042.000000 22.864156 1.571665 3.000771
 3045.000000 22.885433 1.580030 3.005999
 3048.000000 22.823497 1.566275 3.009022
 3051.000000 22.788345 1.558491 3.000080
 3054.000000 22.777192 1.566753 3.001168
 3057.000000 22.894181 1.538213 3.018974
 3060.000000 22.880575 1.547340 2.995989
 3063.000000 22.757578 1.525910 3.039925
 3066.000000 22.828768 1.534351 3.003595
 3069.000000 22.861202 1.548249 3.000712
 3072.000000 22.913437 1.539540 3.003163
 3075.000000 22.980868 1.549843 2.983082
 3078.000000 22.957686 1.557923 2.980980
 3081.000000 22.814059 1.532832 3.002979
 3084.000000 22.803854 1.510096 3.020330
 3087.000000 22.810476 1.515281 2.976054
 3090.000000 22.857237 1.520450 3.005681
 3093.000000 22.849258 1.490401 3.031686
 3096.000000 22.878876 1.518713 2.994024
 3099.000000 22.852110 1.542794 3.001368
 3102.000000 22.831838 1.554612 2.958830
 3105.000000 22.944485 1.515492 2.974840
 3108.000000 22.842234 1.501013 2.971533
 3111.000000 22.908159 1.516562 2.987818
 3114.000000 22.896578 1.526339 2.971086
 3117.000000 22.890605 1.545637 2.952217
 3120.000000 22.945493 1.552400 2.969136
 3123.000000 22.883305 1.541900 2.993138
 3126.000000 22.793996 1.540042 2.988301
 3129.000000 22.850366 1.556459 3.024030
 3132.000000 22.915750 1.569325 2.985878
 3135.000000 22.841187 1.564545 3.004498
 3138.000000 22.808668 1.554929 3.037410
 3141.000000 22.839368 1.573764 3.009045
 3144.000000 22.814060 1.555578 2.976838
 3147.000000 22.769438 1.552580 2.967780
 3150.000000 22.789294 1.553574 2.925074
 3153.000000 22.802004 1.550190 2.967653
 3156.000000 22.841379 1.537215 3.012031
 3159.000000 22.839568 1.532728 2.954381
 3162.000000 22.880520 1.519388 2.941458
 3165.000000 22.875403 1.512227 2.933736
 3168.000000 22.892931 1.523218 2.936402
 3171.000000 22.842219 1.521230 2.951167
 3174.000000 22.840800 1.538950 2.952863
 3177.000000 22.873327 1.506036 2.990010
 3180.000000 22.928875 1.527012 2.980281
 3183.000000 22.939370 1.511030 2.996459
 3186.000000 22.951406 1.519027 2.983555
 3189.000000 22.903872 1.544604 2.968621
 3192.000000 22.878243 1.543366 2.964488
 3195.000000 22.959662 1.558406 2.933861
 3198.000000 22.961861 1.554924 2.949984
 3201.000000 22.933542 1.538926 2.953493
 3204.000000 22.909889 1.549910 2.950130
 3207.000000 22.901083 1.537007 2.967339
 3210.000000 22.853886 1.550035 2.966829
 3213.000000 22.954996 1.570766 2.946307
 3216.000000 22.923221 1.553664 2.942448
 3219.000000 23.032271 1.559422 2.950274
 3222.000000 22.975505 1.569133 2.941870
 3225.000000 22.966115 1.555215 2.935980
 3228.000000 22.908243 1.530049 2.974150
 3231.000000 22.915137 1.532236 2.968653
 3234.000000 22.889117 1.529608 2.963014
 3237.000000 22.926519 1.545974 2.987158
 3240.000000 22.831395 1.524242 2.997145
 3243.000000 22.822913 1.501437 2.958824
 3246.000000 22.774517 1.506264 2.986345
 3249.000000 22.918374 1.536095 2.976937
 3252.000000 22.852856 1.517226 3.002604
 3255.000000 22.813543 1.500532 2.973307
 3258.000000 22.815083 1.501292 2.995300
 3261.000000 22.833193 1.537330 2.961053
 3264.000000 22.735371 1.543599 2.966251
 3267.000000 22.782862 1.546965 2.989694
 3270.000000 22.818362 1.514146 2.982353
 3273.000000 22.823682 1.520093 2.995574
 3276.000000 22.902154 1.529788 3.027327
 3279.000000 22.871156 1.513321 3.026649
 3282.000000 22.929613 1.520125 2.982771
 3285.000000 22.936249 1.540903 2.994631
 3288.000000 22.857589 1.555414 2.990449
 3291.000000 22.836301 1.558200 2.988993
 3294.000000 22.893973 1.577812 2.992046
 3297.000000 22.843243 1.569829 3.002037
 3300.000000 22.899519 1.564560 3.013030
 3303.000000 22.834627 1.572941 2.954785
 3306.000000 22.797418 1.586011 2.995223
 3309.000000 22.819955 1.553499 2.976178
 3312.000000 22.902209 1.562759 2.964543
 3315.000000 22.928016 1.589818 2.948257
 3318.000000 23.031672 1.568628 2.986774
 3321.000000 23.010763 1.581763 2.952638
 3324.000000 23.025923 1.574011 2.943010
 3327.000000 22.961542 1.573009 2.935226
 3330.000000 22.966169 1.543117 2.937362
 3333.000000 22.924703 1.571014 2.938247
 3336.000000 22.876225 1.560529 2.948804
 3339.000000 22.864927 1.551023 2.927262
 3342.000000 22.819850 1.538178 2.979425
 3345.000000 22.723204 1.546073 2.969973
 3348.000000 22.758367 1.545684 2.920097
 3351.000000 22.823383 1.549863 2.946372
 3354.000000 22.774805 1.538483 2.930365
 3357.000000 22.756468 1.562340 2.933447
 3360.000000 22.763834 1.552589 2.909067
 3363.000000 22.716696 1.542619 2.953525
 3366.000000 22.783045 1.571744 2.923089
 3369.000000 22.664569 1.567799 2.930299
 3372.000000 22.694926 1.546845 2.982918
 3375.000000 22.733433 1.545051 2.958804
 3378.000000 22.663484 1.553364 2.947136
 3381.000000 22.697816 1.540040 2.947233
 3384.000000 22.642586 1.559346 2.950751
 3387.000000 22.696493 1.553989 2.957809
 3390.000000 22.790176 1.550466 2.963407
 3393.000000 22.777140 1.550307 2.960090
 3396.000000 22.787979 1.533065 2.986158
 3399.000000 22.724614 1.529304 2.970417
 3402.000000 22.767598 1.536692 2.960938
 3405.000000 22.773199 1.528920 2.984696
 3408.000000 22.852051 1.509933 2.999546
 3411.000000 22.834846 1.545478 2.978768
 3414.000000 22.802166 1.538517 2.981205
 3417.000000 22.851223 1.551027 2.955629
 3420.000000 22.890462 1.564649 2.951285
 3423.000000 22.898643 1.546359 2.967896
 3426.000000 22.936589 1.557920 2.981262
 3429.000000 22.959014 1.546263 2.984247
 3432.000000 23.024700 1.519013 3.012544
 3435.000000 23.023824 1.524120 3.036198
 3438.000000 22.949208 1.533706 2.995922
 3441.000000 22.863646 1.543067 3.007866
 3444.000000 22.856033 1.539397 3.013471
 3447.000000 22.816588 1.529831 3.012235
 3450.000000 22.825059 1.526805 3.002726
 3453.000000 22.817132 1.520062 3.015136
 3456.000000 22.829588 1.511801 3.027961
 3459.000000 22.913985 1.517468 3.019331
 3462.000000 22.947002 1.529442 3.042870
 3465.000000 22.963826 1.522874 3.021644
 3468.000000 22.909753 1.518793 3.006859
 3471.000000 22.938027 1.531286 3.010772
 3474.000000 22.922011 1.511290 2.988171
 3477.000000 22.902541 1.530021 2.974262
 3480.000000 22.833131 1.526240 2.958299
 3483.000000 22.807593 1.518222 2.946316
 3486.000000 22.877552 1.524670 2.933265
 3489.000000 22.886742 1.513211 2.940242
 3492.000000 22.969192 1.518079 2.934401
 3495.000000 22.999421 1.509693 2.966487
 3498.000000 22.895151 1.499603 2.973122
 3501.000000 22.963483 1.491310 3.002747
 3504.000000 22.881040 1.486274 3.027394
 3507.000000 22.852843 1.501733 3.015455
 3510.000000 22.881945 1.517860 2.988098
 3513.000000 22.866555 1.508094 2.987288
 3516.000000 22.839644 1.509607 2.971350
 3519.000000 22.830478 1.500836 3.004605
 3522.000000 22.817069 1.508050 3.034088
 3525.000000 22.835087 1.508847 3.003961
 3528.000000 22.868154 1.537550 2.994675
 3531.000000 22.895867 1.533076 2.982121
 3534.000000 22.906040 1.531843 3.002000
 3537.000000 22.863632 1.539576 3.015873
 3540.000000 22.894566 1.513013 3.023810
 3543.000000 22.964056 1.506643 3.006249
 3546.000000 22.847586 1.509249 3.008372
 3549.000000 22.828331 1.509959 3.003085
 3552.000000 22.795976 1.512084 3.021774
 3555.000000 22.824286 1.500034 3.033030
 3558.000000 22.856460 1.532947 2.993343
 3561.000000 22.889526 1.527544 2.987676
 3564.000000 22.823576 1.526536 2.971690
 3567.000000 22.754618 1.499028 2.982200
 3570.000000 22.767895 1.515230 2.950413
 3573.000000 22.692966 1.536355 2.927471
 3576.000000 22.749496 1.539919 2.912792
 3579.000000 22.686567 1.540958 2.946150
 3582.000000 22.721367 1.515712 2.963240
 3585.000000 22.738738 1.504738 2.976781
 3588.000000 22.722006 1.501904 2.956098
 3591.000000 22.759260 1.486408 3.024482
 3594.000000 22.755861 1.498407 3.012959
 3597.000000 22.726171 1.518367 2.989753
 3600.000000 22.703903 1.518300 2.953084
 3603.000000 22.737099 1.539607 2.950514
 3606.000000 22.732287 1.545401 2.938545
 3609.000000 22.701384 1.531226 2.968376
 3612.000000 22.764229 1.557351 2.936672
 3615.000000 22.772215 1.565751 2.976350
 3618.000000 22.813259 1.579509 2.948647
 3621.000000 22.820674 1.534875 2.974245
 3624.000000 22.790854 1.549682 2.931806
 3627.000000 22.870363 1.528797 2.983074
 3630.000000 22.897884 1.548939 2.955844
 3633.000000 22.955806 1.544975 2.971281
 3636.000000 22.901417 1.561413 2.965631
 3639.000000 22.924557 1.563448 2.958804
 3642.000000 22.901937 1.555204 2.971219
 3645.000000 22.855638 1.559423 2.967721
 3648.000000 22.949340 1.537957 2.985644
 3651.000000 22.895678 1.542108 2.970930
 3654.000000 22.916272 1.535259 2.973915
 3657.000000 22.913449 1.540646 2.966973
 3660.000000 22.920615 1.540853 2.957089
 3663.000000 22.951719 1.530954 2.937960
 3666.000000 22.879704 1.516090 2.952557
 3669.000000 22.800272 1.502731 2.987405
 3672.000000 22.953565 1.511406 2.987296
 3675.000000 22.871031 1.517646 2.994101
 3678.000000 22.924412 1.535891 2.929483
 3681.000000 22.960624 1.510949 2.951534
 3684.000000 22.976459 1.495134 2.956275
 3687.000000 23.053280 1.488869 2.989472
 3690.000000 23.032486 1.507099 2.962252
 3693.000000 23.111475 1.511725 2.955369
 3696.000000 23.090179 1.520185 2.975499
 3699.000000 23.081799 1.527921 2.989750
 3702.000000 23.074968 1.530361 2.997467
 3705.000000 23.068363 1.534264 2.967016
 3708.000000 23.053600 1.531865 2.991550
 3711.000000 23.116713 1.505855 3.031906
 3714.000000 23.075415 1.523163 2.978320
 3717.000000 23.049655 1.482228 3.024639
 3720.000000 22.977720 1.500634 3.024448
 3723.000000 22.974647 1.498439 3.013786
 3726.000000 22.952490 1.501236 2.983799
 3729.000000 22.862216 1.530527 2.982720
 3732.000000 22.831696 1.527316 2.975926
 3735.000000 22.812715 1.522648 2.977452
 3738.000000 22.829951 1.528155 2.973618
 3741.000000 22.887249 1.526834 2.988965
 3744.000000 22.775188 1.486518 3.016789
 3747.000000 22.792074 1.508177 2.995702
 3750.000000 22.837747 1.506302 3.010411
 3753.000000 22.865054 1.517478 2.976863
 3756.000000 22.920604 1.538647 2.985315
 3759.000000 22.929720 1.512633 3.015055
 3762.000000 22.967525 1.508153 3.002117
 3765.000000 22.938419 1.549353 3.012420
 3768.000000 22.951555 1.563543 2.985797
 3771.000000 22.990178 1.562647 2.978410
 3774.000000 23.018395 1.565010 3.016088
 3777.000000 23.001443 1.547703 3.052347
 3780.000000 23.089876 1.542409 3.060161
 3783.000000 23.014253 1.551854 3.022758
 3786.000000 22.953025 1.550136 3.030359
 3789.000000 22.991218 1.540129 2.984986
 3792.000000 22.907689 1.533146 2.978290
 3795.000000 22.864825 1.528692 2.981698
 3798.000000 22.932757 1.543967 2.973246
 3801.000000 22.967330 1.553801 2.947233
 3804.000000 22.879139 1.517608 2.975078
 3807.000000 22.797901 1.542864 2.981262
 3810.000000 22.822392 1.536144 2.980958
 3813.000000 22.861686 1.565304 2.945998
 3816.000000 22.879454 1.544855 2.963313
 3819.000000 22.920332 1.560982 2.930141
 3822.000000 22.928354 1.562325 2.932939
 3825.000000 22.831126 1.557771 2.958127
 3828.000000 22.864731 1.549335 2.993219
 3831.000000 22.751438 1.549160 2.991121
 3834.000000 22.830977 1.568895 2.984592
 3837.000000 22.815529 1.553225 3.003298
 3840.000000 22.786075 1.536367 3.001923
 3843.000000 22.801073 1.563419 2.972101
 3846.000000 22.787446 1.536177 2.983042
 3849.000000 22.701992 1.563588 2.941441
 3852.000000 22.685605 1.536125 2.987786
 3855.000000 22.572103 1.545201 2.992083
 3858.000000 22.590180 1.546409 2.990335
 3861.000000 22.596021 1.534007 2.960579
 3864.000000 22.662297 1.537304 2.951372
 3867.000000 22.644165 1.542517 2.947217
 3870.000000 22.625788 1.539538 2.998706
 3873.000000 22.593688 1.541349 3.008406
 3876.000000 22.629668 1.538073 2.994437
 3879.000000 22.600918 1.524918 2.974753
 3882.000000 22.556986 1.526715 2.968239
 3885.000000 22.516744 1.529594 2.952831
 3888.000000 22.562715 1.549338 2.938953
 3891.000000 22.592130 1.546839 2.928207
 3894.000000 22.640097 1.524459 2.958885
 3897.000000 22.575578 1.519762 2.970601
 3900.000000 22.607392 1.540420 2.958631
 3903.000000 22.671361 1.518899 2.979991
 3906.000000 22.646739 1.514492 2.965134
 3909.000000 22.719276 1.517981 2.946355
 3912.000000 22.801817 1.539531 2.934181
 3915.000000 22.827026 1.526119 2.925325
 3918.000000 22.807504 1.512020 2.942586
 3921.000000 22.866548 1.544141 2.887484
 3924.000000 22.920955 1.531574 2.922046
 3927.000000 22.957930 1.511264 2.923018
 3930.000000 22.929222 1.522164 2.914016
 3933.000000 22.872772 1.490735 2.968771
 3936.000000 22.892478 1.503154 2.950057
 3939.000000 22.867844 1.511148 2.928224
 3942.000000 22.857373 1.500621 2.947266
 3945.000000 22.808721 1.494969 2.966705
 3948.000000 22.801194 1.483214 2.954343
 3951.000000 22.826573 1.488055 2.937273
 3954.000000 22.785151 1.473383 2.918932
 3957.000000 22.801249 1.469478 2.982351
 3960.000000 22.820647 1.475440 2.969127
 3963.000000 22.821155 1.482566 2.943696
 3966.000000 22.805444 1.457992 2.963316
 3969.000000 22.830090 1.488803 2.928204
 3972.000000 22.880085 1.473124 2.957386
 3975.000000 22.877080 1.499895 2.932363
 3978.000000 22.830554 1.502347 2.957027
 3981.000000 22.892192 1.526001 2.939362
 3984.000000 22.874967 1.527112 2.944952
 3987.000000 22.826825 1.524267 2.964590
 3990.000000 22.899217 1.515872 2.979777
 3993.000000 22.901052 1.507652 2.977367
 3996.000000 22.854812 1.519983 2.975212
 3999.000000 22.928149 1.487971 2.985802
 4002.000000 22.879536 1.473884 2.995504
 4005.000000 22.879232 1.479363 2.982958
 4008.000000 22.809514 1.493006 2.984942
 4011.000000 22.844072 1.480149 2.992877
 4014.000000 22.891195 1.486021 2.974240
 4017.000000 22.893136 1.498962 2.941501
 4020.000000 22.894393 1.486982 2.964110
 4023.000000 22.871003 1.484267 2.967257
 4026.000000 22.868807 1.487141 2.948426
 4029.000000 22.804811 1.505694 2.973783
 4032.000000 22.792893 1.480715 2.993407
 4035.000000 22.827062 1.493892 2.954795
 4038.000000 22.864840 1.500052 2.920288
 4041.000000 22.886254 1.493880 2.934817
 4044.000000 22.906235 1.497368 2.943926
 4047.000000 22.868946 1.496860 2.954302
 4050.000000 22.803316 1.481240 2.951910
 4053.000000 22.814083 1.477455 2.942818
 4056.000000 22.871503 1.477197 2.943253
 4059.000000 22.886288 1.484125 2.935776
 4062.000000 22.850705 1.466046 2.970625
 4065.000000 22.795772 1.460893 2.966257
 4068.000000 22.797352 1.467899 2.940178
 4071.000000 22.850700 1.473653 2.933009
 4074.000000 22.808024 1.469100 2.963481
 4077.000000 22.836588 1.480288 2.969114
 4080.000000 22.800103 1.428314 2.965115
 4083.000000 22.793517 1.442052 2.962375
 4086.000000 22.794655 1.435206 2.929609
 4089.000000 22.833625 1.446263 2.925025
 4092.000000 22.836341 1.430265 2.947757
 4095.000000 22.832558 1.424420 2.937390
 4098.000000 22.831804 1.433307 2.938538
 4101.000000 22.788550 1.439166 2.966421
 4104.000000 22.723433 1.447649 2.955074
 4107.000000 22.776312 1.465211 2.931177
 4110.000000 22.714979 1.436801 2.937372
 4113.000000 22.794971 1.436978 2.951387
 4116.000000 22.776193 1.432997 2.936925
 4119.000000 22.746831 1.457499 2.912444
 4122.000000 22.697887 1.440902 2.953884
 4125.000000 22.634336 1.432892 2.978405
 4128.000000 22.678364 1.462359 2.963324
 4131.000000 22.724100 1.456887 2.970650
 4134.000000 22.731890 1.480792 2.953975
 4137.000000 22.758662 1.473801 2.932624
 4140.000000 22.825502 1.459874 2.924418
 4143.000000 22.782371 1.443648 2.915548
 4146.000000 22.793826 1.442538 2.915556
 4149.000000 22.710332 1.458314 2.899559
 4152.000000 22.734298 1.445635 2.907578
 4155.000000 22.772436 1.445452 2.901111
 4158.000000 22.832518 1.464537 2.889483
 4161.000000 22.799204 1.496508 2.874618
 4164.000000 22.848803 1.485325 2.904026
 4167.000000 22.865958 1.492401 2.899616
 4170.000000 22.939727 1.496892 2.906181
 4173.000000 22.951680 1.484542 2.911695
 4176.000000 22.927388 1.468462 2.919032
 4179.000000 22.870858 1.450355 2.965017
 4182.000000 22.910854 1.486097 2.909316
 4185.000000 22.844356 1.467214 2.940510
 4188.000000 22.919682 1.485821 2.926754
 4191.000000 22.844393 1.480585 2.914090
 4194.000000 22.849352 1.465469 2.937373
 4197.000000 22.890438 1.472203 2.924515
 4200.000000 22.907380 1.457222 2.993640
 4203.000000 22.888459 1.447764 2.958478
 4206.000000 22.858187 1.454039 2.969164
 4209.000000 22.725588 1.457051 2.945410
 4212.000000 22.767797 1.461298 2.911549
 4215.000000 22.845069 1.471064 2.892510
 4218.000000 22.839596 1.460993 2.934585
 4221.000000 22.780100 1.450150 2.912184
 4224.000000 22.836582 1.448575 2.908617
 4227.000000 22.854886 1.453819 2.937901
 4230.000000 22.794356 1.469293 2.914457
 4233.000000 22.765980 1.462650 2.920095
 4236.000000 22.713447 1.439017 2.904273
 4239.000000 22.889728 1.461090 2.874811
 4242.000000 22.875888 1.471239 2.878290
 4245.000000 22.835548 1.469231 2.907626
 4248.000000 22.834828 1.466849 2.922255
 4251.000000 22.899664 1.491018 2.926857
 4254.000000 22.842438 1.458044 3.000063
 4257.000000 22.895551 1.476209 2.949100
 4260.000000 22.991666 1.476171 2.959961
 4263.000000 22.905815 1.450450 2.937731
 4266.000000 22.821888 1.445968 2.936111
 4269.000000 22.940294 1.481630 2.908430
 4272.000000 22.925012 1.463311 2.929351
 4275.000000 23.019841 1.477944 2.905218
 4278.000000 22.960926 1.492115 2.914532
 4281.000000 22.919535 1.496166 2.889929
 4284.000000 22.947596 1.488232 2.912402
 4287.000000 22.876087 1.491686 2.939484
 4290.000000 22.879293 1.494360 2.916732
 4293.000000 22.849550 1.490600 2.929506
 4296.000000 22.901441 1.525052 2.864707
 4299.000000 22.887342 1.462168 2.939690
 4302.000000 22.846776 1.510880 2.896194
 4305.000000 22.835495 1.480378 2.926291
 4308.000000 22.891376 1.483071 2.923123
 4311.000000 22.902166 1.473441 2.939560
 4314.000000 22.871005 1.461282 2.920639
 4317.000000 22.960289 1.471030 2.886584
 4320.000000 22.967050 1.447816 2.881047
 4323.000000 23.040769 1.425944 2.899204
 4326.000000 23.036289 1.428917 2.890019
 4329.000000 22.985115 1.442138 2.894966
 4332.000000 22.928910 1.425314 2.936594
 4335.000000 22.917670 1.411199 2.941240
 4338.000000 22.910338 1.417027 2.928968
 4341.000000 22.927964 1.430437 2.919329
 4344.000000 22.919225 1.424865 2.885554
 4347.000000 22.789212 1.410204 2.919500
 4350.000000 22.788493 1.446426 2.890834
 4353.000000 22.776028 1.462237 2.919063
 4356.000000 22.770641 1.447966 2.932138
 4359.000000 22.808150 1.458968 2.922040
 4362.000000 22.853278 1.462043 2.908228
 4365.000000 22.908110 1.443391 2.897216
 4368.000000 22.905429 1.463376 2.918170
 4371.000000 22.896678 1.450794 2.942775
 4374.000000 22.816117 1.458284 2.930752
 4377.000000 22.842498 1.460613 2.926062
 4380.000000 22.826792 1.479268 2.921364
 4383.000000 22.765253 1.442360 2.942198
 4386.000000 22.765398 1.461193 2.916987
 4389.000000 22.675755 1.457118 2.919186
 4392.000000 22.674164 1.444168 2.945832
 4395.000000 22.643317 1.450887 2.934356
 4398.000000 22.687086 1.459147 2.913550
 4401.000000 22.740119 1.445729 2.941463
 4404.000000 22.820605 1.478576 2.908390
 4407.000000 22.766972 1.451842 2.911651
 4410.000000 22.754521 1.466311 2.904228
 4413.000000 22.715132 1.452398 2.906376
 4416.000000 22.772890 1.443521 2.923058
 4419.000000 22.725415 1.437009 2.945456
 4422.000000 22.647844 1.417145 2.973695
 4425.000000 22.750406 1.445067 2.935413
 4428.000000 22.815960 1.440577 2.927504
 4431.000000 22.808989 1.440646 2.955050
 4434.000000 22.783261 1.444351 2.955436
 4437.000000 22.812517 1.467502 2.940168
 4440.000000 22.871901 1.462029 2.936093
 4443.000000 22.863633 1.446299 2.942358
 4446.000000 22.817230 1.442566 2.935316
 4449.000000 22.814302 1.433406 2.935300
 4452.000000 22.765455 1.458061 2.923213
 4455.000000 22.773159 1.472261 2.923406
 4458.000000 22.814111 1.461855 2.925920
 4461.000000 22.834275 1.455151 2.968376
 4464.000000 22.799537 1.486596 2.922791
 4467.000000 22.811172 1.490143 2.917473
 4470.000000 22.751356 1.498466 2.923636
 4473.000000 22.670561 1.489424 2.927541
 4476.000000 22.716571 1.487303 2.928201
 4479.000000 22.738573 1.492468 2.897453
 4482.000000 22.827526 1.472359 2.930008
 4485.000000 22.888022 1.491105 2.935253
 4488.000000 22.836978 1.497825 2.919179
 4491.000000 22.815220 1.495604 2.936926
 4494.000000 22.761797 1.489399 2.947665
 4497.000000 22.878757 1.506773 2.922783
 4500.000000 22.861717 1.508712 2.856749
 4503.000000 22.830613 1.504025 2.878040
 4506.000000 22.798702 1.515507 2.885174
 4509.000000 22.858200 1.507142 2.887367
 4512.000000 22.815561 1.469397 2.914263
 4515.000000 22.824508 1.483206 2.895325
 4518.000000 22.816118 1.468079 2.893632
 4521.000000 22.841458 1.466963 2.889480
 4524.000000 22.898771 1.480647 2.886176
 4527.000000 22.878214 1.461039 2.921877
 4530.000000 22.907775 1.437106 2.912550
 4533.000000 22.942022 1.459532 2.910490
 4536.000000 22.953153 1.472231 2.911523
 4539.000000 22.883029 1.485057 2.893131
 4542.000000 22.842502 1.478072 2.880761
 4545.000000 22.908627 1.472241 2.884609
 4548.000000 22.858731 1.471068 2.860348
 4551.000000 22.916939 1.469226 2.877316
 4554.000000 22.887206 1.488892 2.890083
 4557.000000 22.880376 1.472858 2.910344
 4560.000000 22.920209 1.467690 2.938793
 4563.000000 22.958726 1.446939 2.973341
 4566.000000 22.886682 1.435487 3.015485
 4569.000000 22.970966 1.432126 3.004177
 4572.000000 22.936280 1.454501 2.942753
 4575.000000 22.967889 1.439576 2.968732
 4578.000000 22.920027 1.449598 2.962859
 4581.000000 22.942969 1.439368 2.980470
 4584.000000 22.862849 1.435883 2.990569
 4587.000000 22.791925 1.466671 2.944812
 4590.000000 22.818511 1.473319 2.924191
 4593.000000 22.768468 1.447538 2.946679
 4596.000000 22.860792 1.474858 2.904009
 4599.000000 22.890499 1.480509 2.926352
 4602.000000 22.926104 1.457287 2.958476
 4605.000000 22.926946 1.449626 2.947382
 4608.000000 22.959800 1.454954 2.972065
 4611.000000 22.967134 1.464331 2.933313
 4614.000000 22.977453 1.443122 2.970726
 4617.000000 22.943910 1.479929 2.938622
 4620.000000 22.973909 1.468320 2.954650
 4623.000000 22.885631 1.461883 2.971658
 4626.000000 22.867240 1.486494 2.952849
 4629.000000 22.856699 1.495630 2.926403
 4632.000000 22.906265 1.503657 2.933170
 4635.000000 22.866938 1.512356 2.935723
 4638.000000 22.860384 1.485072 2.964960
 4641.000000 22.872363 1.496890 2.952394
 4644.000000 22.829758 1.495934 2.971445
 4647.000000 22.950196 1.470432 2.956324
 4650.000000 22.918380 1.451118 2.979461
 4653.000000 22.909175 1.457745 2.969565
 4656.000000 22.925746 1.451580 2.982055
 4659.000000 23.030182 1.452656 2.973867
 4662.000000 23.103457 1.478447 2.999896
 4665.000000 22.992707 1.495162 2.975135
 4668.000000 22.991129 1.496692 2.986837
 4671.000000 23.030258 1.519802 2.940124
 4674.000000 22.979424 1.487342 3.025969
 4677.000000 23.004430 1.499765 3.010516
 4680.000000 23.144270 1.507573 2.976990
 4683.000000 23.082603 1.514956 2.959029
 4686.000000 23.079924 1.544681 2.926640
 4689.000000 23.052532 1.518178 2.960056
 4692.000000 23.052378 1.514988 2.952757
 4695.000000 22.991963 1.531760 2.919222
 4698.000000 23.033885 1.524608 2.930647
 4701.000000 23.016733 1.515797 2.938819
 4704.000000 23.043865 1.530002 2.930800
 4707.000000 23.023398 1.541785 2.944216
 4710.000000 23.007129 1.543441 2.952118
 4713.000000 23.026040 1.517616 2.983608
 4716.000000 23.032342 1.513210 2.953562
 4719.000000 23.064467 1.538914 2.958799
 4722.000000 22.970754 1.537869 2.932776
 4725.000000 22.944484 1.542860 2.944699
 4728.000000 22.952530 1.553696 2.952790
 4731.000000 22.898124 1.519354 2.989032
 4734.000000 22.942667 1.522977 2.961117
 4737.000000 22.917731 1.517519 2.994863
 4740.000000 22.837782 1.554045 2.965595
 4743.000000 22.836705 1.525672 2.989188
 4746.000000 22.902918 1.524482 2.911675
 4749.000000 22.856576 1.519362 2.919410
 4752.000000 22.991189 1.521301 2.898504
 4755.000000 22.973015 1.524059 2.932529
 4758.000000 22.884577 1.503160 2.952414
 4761.000000 22.894203 1.488926 2.993417
 4764.000000 22.857951 1.489143 2.958607
 4767.000000 22.959214 1.513105 2.917495
 4770.000000 22.957207 1.510490 2.901522
 4773.000000 22.851933 1.497150 2.946914
 4776.000000 22.923169 1.496482 2.988220
 4779.000000 22.939867 1.512441 2.946519
 4782.000000 22.882695 1.505591 2.984248
 4785.000000 22.888676 1.495714 2.993011
 4788.000000 22.825239 1.501658 3.021420
 4791.000000 22.877079 1.500415 2.997794
 4794.000000 22.822358 1.507234 2.996359
 4797.000000 22.741689 1.512927 2.987170
 4800.000000 22.789770 1.512855 2.997751
 4803.000000 22.761038 1.509565 2.974926
 4806.000000 22.795300 1.513395 2.991913
 4809.000000 22.719523 1.520016 2.975461
 4812.000000 22.732753 1.511417 2.977192
 4815.000000 22.752576 1.524114 2.978230
 4818.000000 22.792409 1.526815 2.944979
 4821.000000 22.808077 1.527827 2.919248
 4824.000000 22.683823 1.526721 2.941233
 4827.000000 22.606760 1.543718 2.899751
 4830.000000 22.638319 1.547618 2.953408
 4833.000000 22.630156 1.538455 2.951559
 4836.000000 22.704021 1.522955 2.988816
 4839.000000 22.756573 1.520001 2.993180
 4842.000000 22.804360 1.540408 2.993700
 4845.000000 22.769103 1.527231 3.022890
 4848.000000 22.804166 1.532138 2.995247
 4851.000000 22.892085 1.515420 2.973241
 4854.000000 22.832861 1.502530 2.983294
 4857.000000 22.759833 1.514838 2.962113
 4860.000000 22.752719 1.505055 2.979725
 4863.000000 22.820467 1.503260 2.957317
 4866.000000 22.864926 1.485682 2.952903
 4869.000000 22.862011 1.475420 2.981481
 4872.000000 22.863812 1.479635 3.000640
 4875.000000 22.845536 1.476697 3.009053
 4878.000000 22.865092 1.515388 2.954422
 4881.000000 22.826300 1.506169 2.944813
 4884.000000 22.834616 1.515470 2.951867
 4887.000000 22.845582 1.504856 2.972523
 4890.000000 22.870250 1.505019 2.960051
 4893.000000 22.837339 1.529616 2.922428
 4896.000000 22.826351 1.542725 2.902735
 4899.000000 22.818723 1.545405 2.931301
 4902.000000 22.847994 1.543196 2.921896
 4905.000000 22.875138 1.541006 2.931807
 4908.000000 22.820239 1.545966 2.934727
 4911.000000 22.903228 1.513448 2.956146
 4914.000000 23.016184 1.525631 2.956166
 4917.000000 22.987170 1.505152 2.977574
 4920.000000 22.968084 1.490227 2.946542
 4923.000000 22.978262 1.504119 2.957258
 4926.000000 22.963566 1.508090 2.969194
 4929.000000 22.933227 1.492360 2.977083
 4932.000000 22.925977 1.517784 2.959083
 4935.000000 22.858388 1.533010 2.937764
 4938.000000 22.938530 1.536989 2.948493
 4941.000000 22.937818 1.528685 2.932175
 4944.000000 22.892567 1.504386 2.934720
 4947.000000 22.882974 1.502749 2.936093
 4950.000000 22.922285 1.498047 2.944586
 4953.000000 22.960130 1.520148 2.954963
 4956.000000 22.958750 1.530196 2.923373
 4959.000000 22.973997 1.519227 2.923129
 4962.000000 23.063873 1.504075 2.955213
 4965.000000 23.034721 1.508918 2.929046
 4968.000000 23.046384 1.530052 2.910824
 4971.000000 23.011086 1.514709 2.918080
 4974.000000 23.024308 1.502555 2.918675
 4977.000000 23.052564 1.503431 2.921145
 4980.000000 22.957872 1.501471 2.928823
 4983.000000 22.990686 1.508211 2.979427
 4986.000000 22.950840 1.517844 2.968927
 4989.000000 22.822383 1.516733 2.933398
 4992.000000 22.944271 1.504994 2.963554
 4995.000000 22.971210 1.517402 2.974793
 4998.000000 22.868671 1.528562 2.951197
 5001.000000 22.721551 1.556450 2.937436
 5004.000000 22.832166 1.512169 2.998575
 5007.000000 22.807779 1.515315 2.951118
 5010.000000 22.828696 1.530611 2.929871
 5013.000000 22.848008 1.514192 2.958023
 5016.000000 22.876583 1.490874 2.950943
 5019.000000 22.828307 1.491247 2.955028
 5022.000000 22.913686 1.488163 2.958379
 5025.000000 22.953373 1.480341 2.968689
 5028.000000 22.926074 1.488210 2.981767
 5031.000000 22.883596 1.520746 2.953301
 5034.000000 22.923059 1.521462 2.968248
 5037.000000 22.894722 1.518465 2.921548
 5040.000000 22.876093 1.531822 2.936231
 5043.000000 22.884347 1.507293 2.946444
 5046.000000 22.847580 1.512373 2.972593
 5049.000000 22.854303 1.505868 2.976753
 5052.000000 22.849116 1.521643 2.897240
 5055.000000 22.911057 1.491603 2.923769
 5058.000000 22.923868 1.529871 2.929379
 5061.000000 22.898040 1.504818 2.966160
 5064.000000 22.854794 1.545041 2.904454
 5067.000000 22.896172 1.525952 2.942549
 5070.000000 22.824909 1.505746 2.985092
 5073.000000 22.842451 1.509793 2.990848
 5076.000000 22.885436 1.534852 2.927025
 5079.000000 22.871261 1.546117 2.883819
 5082.000000 22.967371 1.534701 2.932213
 5085.000000 23.002365 1.516246 2.953009
 5088.000000 23.040276 1.516041 2.933652
 5091.000000 23.023517 1.517800 2.926416
 5094.000000 22.980612 1.535908 2.921897
 5097.000000 23.021882 1.517093 2.948045
 5100.000000 22.907635 1.533354 2.915503
 5103.000000 22.966454 1.512725 2.942903
 5106.000000 23.046806 1.505731 2.918395
 5109.000000 22.975280 1.517693 2.935286
 5112.000000 22.965186 1.532473 2.888125
 5115.000000 22.939793 1.489473 2.930791
 5118.000000 23.009713 1.501904 2.911701
 5121.000000 22.969808 1.496896 2.959651
 5124.000000 23.008123 1.513946 2.955333
 5127.000000 22.982531 1.497562 2.937794
 5130.000000 23.002885 1.494210 2.914416
 5133.000000 23.058707 1.488481 2.920420
 5136.000000 23.025219 1.496346 2.936671
 5139.000000 23.002216 1.500330 2.921871
 5142.000000 22.984258 1.511883 2.913728
 5145.000000 22.980056 1.466758 2.925278
 5148.000000 22.997124 1.468382 2.934054
 5151.000000 22.941995 1.471644 2.922890
 5154.000000 22.946175 1.490428 2.878518
 5157.000000 23.027652 1.508331 2.882429
 5160.000000 22.913080 1.483012 2.910827
 5163.000000 22.853464 1.493349 2.912531
 5166.000000 22.758610 1.490301 2.936530
 5169.000000 22.753380 1.492275 2.949343
 5172.000000 22.799277 1.504759 2.962316
 5175.000000 22.799918 1.502814 2.935262
 5178.000000 22.866381 1.513575 2.931499
 5181.000000 22.846126 1.516287 2.951580
 5184.000000 22.821960 1.513059 2.959161
 5187.000000 22.862331 1.517331 2.951977
 5190.000000 22.842156 1.510145 2.962275
 5193.000000 22.892943 1.490456 2.985324
 5196.000000 22.854463 1.483836 3.004049
 5199.000000 22.839036 1.483017 2.966739
 5202.000000 22.883774 1.486055 2.952424
 5205.000000 22.812155 1.477865 2.980168
 5208.000000 22.725146 1.513378 2.945861
 5211.000000 22.732973 1.502204 2.952127
 5214.000000 22.773818 1.502591 2.953997
 5217.000000 22.738589 1.484657 2.944312
 5220.000000 22.779912 1.481886 2.944397
 5223.000000 22.712781 1.513036 2.938476
 5226.000000 22.698913 1.528769 2.894665
 5229.000000 22.691609 1.512387 2.914102
 5232.000000 22.677538 1.530413 2.908733
 5235.000000 22.777135 1.521409 2.935003
 5238.000000 22.815938 1.516028 2.911834
 5241.000000 22.827003 1.516134 2.914355
 5244.000000 22.811904 1.523461 2.942902
 5247.000000 22.807047 1.491248 2.970106
 5250.000000 22.801454 1.515579 2.926237
 5253.000000 22.805379 1.530342 2.932146
 5256.000000 22.895847 1.522338 2.942334
 5259.000000 22.876224 1.519214 2.924071
 5262.000000 22.808375 1.518224 2.899767
 5265.000000 22.858545 1.535388 2.906802
 5268.000000 22.877085 1.541680 2.901444
 5271.000000 22.861829 1.524560 2.907380
 5274.000000 22.824143 1.515500 2.919202
 5277.000000 22.876790 1.525088 2.924984
 5280.000000 22.749124 1.502493 2.945850
 5283.000000 22.777971 1.483907 2.973734
 5286.000000 22.831260 1.460659 2.983747
 5289.000000 22.896929 1.463304 2.938948
 5292.000000 22.834567 1.471225 2.942785
 5295.000000 22.770913 1.479540 2.930679
 5298.000000 22.803201 1.484546 2.923580
 5301.000000 22.779016 1.476894 2.915058
 5304.000000 22.807132 1.468246 2.931287
 5307.000000 22.804176 1.465875 2.905627
 5310.000000 22.845894 1.469735 2.927875
 5313.000000 22.913002 1.445131 2.918740
 5316.000000 22.973722 1.470564 2.896966
 5319.000000 22.957811 1.468265 2.934146
 5322.000000 22.952174 1.455156 2.928172
 5325.000000 22.937305 1.438925 2.947598
 5328.000000 22.952993 1.446988 2.969605
 5331.000000 23.006394 1.475782 2.938778
 5334.000000 23.000244 1.476066 2.942438
 5337.000000 23.014121 1.462298 2.952129
 5340.000000 23.041318 1.495528 2.912663
 5343.000000 22.966242 1.543604 2.887925
 5346.000000 23.060730 1.526272 2.913575
 5349.000000 22.949042 1.511185 2.933483
 5352.000000 22.968812 1.534638 2.912234
 5355.000000 22.987283 1.536635 2.919887
 5358.000000 23.066857 1.534938 2.910502
 5361.000000 23.057264 1.526648 2.919565
 5364.000000 23.099403 1.540375 2.917946
 5367.000000 23.069901 1.525732 2.927734
 5370.000000 23.009618 1.516244 2.935463
 5373.000000 23.013644 1.515216 2.951004
 5376.000000 22.976293 1.517534 2.964101
 5379.000000 22.987833 1.524170 2.963286
 5382.000000 22.983807 1.512298 3.003721
 5385.000000 22.971807 1.508532 2.976476
 5388.000000 22.925104 1.527827 2.947911
 5391.000000 22.933551 1.555089 2.962239
 5394.000000 22.948681 1.550346 2.934813
 5397.000000 22.889634 1.556594 2.965514
 5400.000000 22.812816 1.570954 2.925952
 5403.000000 22.781442 1.564349 2.910495
 5406.000000 22.857412 1.581623 2.864309
 5409.000000 22.891636 1.549772 2.891792
 5412.000000 22.842022 1.536925 2.928211
 5415.000000 22.876615 1.530530 2.938182
 5418.000000 22.996512 1.539988 2.961460
 5421.000000 23.047019 1.511517 2.956542
 5424.000000 23.039777 1.508368 2.947633
 5427.000000 22.984081 1.486969 2.943985
 5430.000000 23.008471 1.495562 2.905279
 5433.000000 22.962846 1.478043 2.944702
 5436.000000 22.984107 1.488299 2.926525
 5439.000000 23.021857 1.498015 2.902938
 5442.000000 23.073117 1.499602 2.897208
 5445.000000 23.027528 1.517790 2.852719
 5448.000000 23.027101 1.509784 2.889786
 5451.000000 23.010325 1.515199 2.907389
 5454.000000 23.037031 1.514757 2.903228
 5457.000000 22.957613 1.490594 2.926832
 5460.000000 23.001849 1.508362 2.942044
 5463.000000 23.016382 1.503382 2.932006
 5466.000000 23.036595 1.522026 2.934398
 5469.000000 22.950491 1.535623 2.907735
 5472.000000 22.956454 1.528070 2.924119
 5475.000000 22.965844 1.526814 2.931024
 5478.000000 22.942454 1.530525 2.954671
 5481.000000 22.872163 1.546147 2.924828
 5484.000000 22.938088 1.545215 2.948017
 5487.000000 22.934999 1.539378 2.953199
 5490.000000 23.003017 1.553591 2.937282
 5493.000000 22.941128 1.547748 2.914284
 5496.000000 22.955317 1.512641 2.958664
 5499.000000 22.949572 1.515550 2.921011
 5502.000000 22.923765 1.535531 2.922376
 5505.000000 22.900635 1.520009 2.985276
 5508.000000 22.944158 1.516604 2.974946
 5511.000000 22.966781 1.512038 2.970481
 5514.000000 22.928406 1.502392 2.963102
 5517.000000 22.969652 1.491673 2.958421
 5520.000000 22.951088 1.498657 2.945075
 5523.000000 22.888082 1.493451 2.940323
 5526.000000 22.938871 1.498666 2.901932
 5529.000000 22.947550 1.511349 2.895892
 5532.000000 22.886583 1.522302 2.893476
 5535.000000 22.896855 1.532951 2.895166
 5538.000000 22.950313 1.503903 2.886916
 5541.000000 22.954329 1.493988 2.917578
 5544.000000 22.936918 1.508509 2.918617
 5547.000000 22.954093 1.514447 2.908864
 5550.000000 22.942977 1.528296 2.930217
 5553.000000 22.867662 1.530949 2.909307
 5556.000000 22.816480 1.507526 2.924496
 5559.000000 22.941226 1.510395 2.967009
 5562.000000 22.954277 1.519509 2.943030
 5565.000000 22.931782 1.500345 2.966270
 5568.000000 22.883902 1.538621 2.942810
 5571.000000 22.850598 1.528678 2.932166
 5574.000000 22.829817 1.531117 2.936527
 5577.000000 22.839307 1.546501 2.940713
 5580.000000 22.839621 1.531332 2.938518
 5583.000000 22.998021 1.534441 2.936713
 5586.000000 22.895613 1.526207 2.952697
 5589.000000 22.947989 1.536813 2.935210
 5592.000000 22.920465 1.541585 2.920853
 5595.000000 22.915226 1.539841 2.894783
 5598.000000 22.867542 1.520949 2.954953
 5601.000000 22.948346 1.519480 2.989395
 5604.000000 22.900098 1.537794 2.979499
 5607.000000 22.878475 1.552066 2.968496
 5610.000000 22.807615 1.543318 2.991343
 5613.000000 22.742742 1.534032 3.010324
 5616.000000 22.756124 1.498199 3.018363
 5619.000000 22.834228 1.517272 3.005842
 5622.000000 22.842947 1.503155 3.004056
 5625.000000 22.873203 1.499250 2.997345
 5628.000000 22.933798 1.534811 2.947221
 5631.000000 22.875098 1.559288 2.921353
 5634.000000 23.006909 1.529783 2.959223
 5637.000000 22.936139 1.519531 2.967508
 5640.000000 22.874805 1.507173 2.979819
 5643.000000 22.874210 1.505465 2.980382
 5646.000000 22.929776 1.512563 2.968472
 5649.000000 22.903260 1.502756 2.957584
 5652.000000 22.818438 1.521304 2.950033
 5655.000000 22.835708 1.535199 2.921752
 5658.000000 22.801771 1.520786 2.916890
 5661.000000 22.879403 1.534438 2.910468
 5664.000000 22.910456 1.509459 2.912911
 5667.000000 22.963918 1.510932 2.883987
 5670.000000 22.932396 1.505134 2.913163
 5673.000000 22.932553 1.499319 2.914905
 5676.000000 22.874811 1.508512 2.952772
 5679.000000 22.836241 1.513420 2.934045
 5682.000000 22.882937 1.534649 2.926028
 5685.000000 22.846044 1.504022 2.971241
 5688.000000 22.870074 1.497198 2.970721
 5691.000000 22.767682 1.519844 2.929550
 5694.000000 22.813066 1.510957 2.940406
 5697.000000 22.866026 1.498881 2.965099
 5700.000000 22.819694 1.491892 2.974813
 5703.000000 22.834004 1.497732 2.942775
 5706.000000 22.773234 1.496545 2.949490
 5709.000000 22.789563 1.497845 2.972249
 5712.000000 22.858950 1.484908 2.976953
 5715.000000 22.761198 1.487498 2.982016
 5718.000000 22.845754 1.494081 2.969556
 5721.000000 22.828353 1.488537 2.978545
 5724.000000 22.803419 1.508585 2.948990
 5727.000000 22.886891 1.504322 2.950002
 5730.000000 22.828594 1.503799 2.953035
 5733.000000 22.795389 1.504943 2.979398
 5736.000000 22.839561 1.502677 2.981490
 5739.000000 22.854964 1.520970 2.971036
 5742.000000 22.935668 1.512006 2.992631
 5745.000000 22.917212 1.543831 2.959082
 5748.000000 23.007652 1.498107 3.023997
 5751.000000 23.032356 1.510608 2.996487
 5754.000000 23.128538 1.510266 3.003459
 5757.000000 23.081498 1.494719 2.996284
 5760.000000 23.000421 1.495604 2.982432
 5763.000000 22.965048 1.522775 2.945473
 5766.000000 23.033861 1.514426 2.933169
 5769.000000 23.112446 1.503852 2.965537
 5772.000000 23.085848 1.494363 2.986896
 5775.000000 23.014447 1.489119 2.981434
 5778.000000 23.023596 1.466131 2.981009
 5781.000000 23.012482 1.479314 2.985584
 5784.000000 23.014138 1.491098 2.937952
 5787.000000 22.975797 1.537255 2.917244
 5790.000000 22.970378 1.518407 2.924798
 5793.000000 22.950602 1.509750 2.948224
 5796.000000 22.998403 1.504732 2.923186
 5799.000000 22.957499 1.472888 2.976309
 5802.000000 22.981206 1.442288 3.012414
 5805.000000 22.991751 1.462408 3.021885
 5808.000000 22.925804 1.454669 2.988647
 5811.000000 22.878354 1.457952 2.968736
 5814.000000 22.873991 1.459335 2.986590
 5817.000000 22.975323 1.466088 2.961498
 5820.000000 23.006431 1.471128 2.948647
 5823.000000 23.009021 1.493673 2.937496
 5826.000000 23.051303 1.436553 2.971506
 5829.000000 23.012672 1.436759 2.954589
 5832.000000 22.948878 1.463127 2.932068
 5835.000000 22.889086 1.427228 2.921214
 5838.000000 22.867859 1.434623 2.959040
 5841.000000 22.846013 1.415035 2.943465
 5844.000000 22.773102 1.414836 2.979749
 5847.000000 22.759740 1.419594 2.990527
 5850.000000 22.828680 1.421368 2.974585
 5853.000000 22.826686 1.398335 2.991969
 5856.000000 22.828072 1.402867 3.009354
 5859.000000 22.823926 1.402047 2.999676
 5862.000000 22.777778 1.428371 2.989553
 5865.000000 22.746910 1.432827 2.972688
 5868.000000 22.799026 1.456010 2.987037
 5871.000000 22.786498 1.463685 2.965219
 5874.000000 22.792084 1.474178 2.978285
 5877.000000 22.744071 1.481495 2.984412
 5880.000000 22.724386 1.466173 2.983231
 5883.000000 22.753410 1.478373 2.929974
 5886.000000 22.744165 1.503843 2.937739
 5889.000000 22.687954 1.492990 2.953574
 5892.000000 22.745958 1.487573 2.927737
 5895.000000 22.758608 1.498074 2.926266
 5898.000000 22.733080 1.523676 2.931761
 5901.000000 22.760226 1.525607 2.926061
 5904.000000 22.725837 1.538908 2.934021
 5907.000000 22.710167 1.518817 2.922155
 5910.000000 22.716876 1.488731 2.976823
 5913.000000 22.642670 1.504270 2.971066
 5916.000000 22.624169 1.511018 2.951581
 5919.000000 22.618517 1.486362 2.958426
 5922.000000 22.669197 1.495256 2.960352
 5925.000000 22.780824 1.495221 2.976590
 5928.000000 22.828662 1.497374 2.979788
 5931.000000 22.756579 1.482941 2.974492
 5934.000000 22.689170 1.474494 2.974867
 5937.000000 22.686762 1.518346 2.944886
 5940.000000 22.675537 1.529365 2.942663
 5943.000000 22.728805 1.516173 2.943944
 5946.000000 22.824883 1.503547 2.929851
 5949.000000 22.799063 1.508850 2.925527
 5952.000000 22.877600 1.494960 2.929496
 5955.000000 22.783745 1.506311 2.936721
 5958.000000 22.891250 1.500060 2.962563
 5961.000000 22.851775 1.515876 2.943616
 5964.000000 22.914521 1.505660 2.966154
 5967.000000 22.854659 1.492207 2.986677
 5970.000000 22.867804 1.482872 2.990721
 5973.000000 22.879583 1.489824 2.978564
 5976.000000 22.923367 1.488661 2.979767
 5979.000000 22.857891 1.509690 2.974605
 5982.000000 22.801069 1.496846 2.949972
 5985.000000 22.867967 1.494903 2.991722
 5988.000000 22.882851 1.515897 2.951338
 5991.000000 22.843527 1.491448 2.966742
 5994.000000 22.916854 1.512326 2.960861
 5997.000000 22.879958 1.494665 2.941658
 6000.000000 22.872480 1.503040 2.926432
 6003.000000 22.899502 1.505069 2.927497
 6006.000000 22.757445 1.531292 2.910007
 6009.000000 22.809232 1.508848 2.929777
 6012.000000 22.890498 1.534400 2.909610
 6015.000000 22.904221 1.517184 2.919604
 6018.000000 22.883616 1.509897 2.925478
 6021.000000 22.848151 1.505337 2.932319
 6024.000000 22.940985 1.517149 2.922537
 6027.000000 22.917702 1.496352 2.936091
 6030.000000 22.881912 1.477268 2.965149
 6033.000000 22.900588 1.479528 2.952923
 6036.000000 22.905055 1.469585 2.960484
 6039.000000 22.859005 1.469806 2.949520
 6042.000000 23.063785 1.481156 2.930391
 6045.000000 22.985126 1.487908 2.908401
 6048.000000 23.063583 1.484681 2.929278
 6051.000000 22.968927 1.498213 2.918561
 6054.000000 22.953643 1.459499 2.963216
 6057.000000 22.984765 1.463377 2.947450
 6060.000000 23.024196 1.456895 2.948834
 6063.000000 22.999348 1.446065 2.940978
 6066.000000 23.014155 1.437731 2.977649
 6069.000000 22.973975 1.435450 2.964134
 6072.000000 22.904168 1.471429 2.981044
 6075.000000 22.901825 1.492351 2.944635
 6078.000000 22.923821 1.478313 2.929962
 6081.000000 22.919450 1.453721 2.957580
 6084.000000 22.940396 1.474131 2.915047
 6087.000000 22.940989 1.477688 2.894522
 6090.000000 22.853039 1.467714 2.909457
 6093.000000 22.876014 1.465880 2.930736
 6096.000000 22.906003 1.476674 2.871868
 6099.000000 22.938497 1.488470 2.906575
 6102.000000 22.919660 1.505964 2.882668
 6105.000000 22.907705 1.471303 2.917567
 6108.000000 22.702877 1.474729 2.942429
 6111.000000 22.783706 1.469250 2.882225
 6114.000000 22.879541 1.454242 2.919052
 6117.000000 22.960275 1.476545 2.902783
 6120.000000 22.923603 1.474522 2.925271
 6123.000000 22.961899 1.452051 2.907252
 6126.000000 22.961114 1.427345 2.920864
 6129.000000 22.975834 1.458861 2.876854
 6132.000000 23.000625 1.446396 2.892447
 6135.000000 22.939715 1.473662 2.896839
 6138.000000 22.953616 1.472238 2.879887
 6141.000000 22.881207 1.487975 2.876500
 6144.000000 22.828802 1.464456 2.889369
 6147.000000 22.886437 1.456024 2.919868
 6150.000000 22.876553 1.438348 2.933013
 6153.000000 22.879649 1.455569 2.928549
 6156.000000 22.873848 1.460261 2.902446
 6159.000000 22.841728 1.464776 2.901897
 6162.000000 22.862387 1.448191 2.942772
 6165.000000 22.862243 1.469862 2.919255
 6168.000000 22.884650 1.463301 2.876867
 6171.000000 22.826666 1.471328 2.881233
 6174.000000 22.941049 1.493600 2.881132
 6177.000000 22.872816 1.504743 2.875565
 6180.000000 22.951382 1.504849 2.876194
 6183.000000 22.975218 1.474318 2.908435
 6186.000000 23.041518 1.490315 2.923866
 6189.000000 23.014536 1.500011 2.944156
 6192.000000 22.992521 1.481921 2.938943
 6195.000000 23.041061 1.496884 2.894159
 6198.000000 22.967059 1.487856 2.927499
 6201.000000 22.967144 1.467521 2.967526
 6204.000000 22.982498 1.468714 2.956257
 6207.000000 22.935959 1.478999 2.943752
 6210.000000 22.983095 1.445739 2.955646
 6213.000000 22.932203 1.478558 2.940478
 6216.000000 22.905557 1.479889 2.952689
 6219.000000 22.903917 1.464849 2.910065
 6222.000000 22.899010 1.483108 2.884893
 6225.000000 22.812298 1.475918 2.899295
 6228.000000 22.790920 1.476030 2.900640
 6231.000000 22.846509 1.504094 2.880970
 6234.000000 22.873712 1.490763 2.936113
 6237.000000 22.928282 1.457994 2.930095
 6240.000000 22.922861 1.460095 2.933198
 6243.000000 22.927169 1.498626 2.910662
 6246.000000 22.880297 1.488877 2.939055
 6249.000000 22.827607 1.471327 2.949377
 6252.000000 22.884723 1.485080 2.931312
 6255.000000 22.837883 1.497044 2.921555
 6258.000000 22.864357 1.496857 2.914042
 6261.000000 22.934804 1.492170 2.933236
 6264.000000 22.882447 1.490951 2.947208
 6267.000000 22.912751 1.497247 2.943284
 6270.000000 23.041170 1.478940 2.936314
 6273.000000 23.062640 1.452247 2.971019
 6276.000000 23.099902 1.465604 2.943047
 6279.000000 23.076719 1.465816 2.965464
 6282.000000 23.019977 1.479229 2.914666
 6285.000000 23.025083 1.471347 2.938562
 6288.000000 22.951594 1.466008 2.914284
 6291.000000 22.948579 1.448502 2.949136
 6294.000000 23.018796 1.473046 2.938837
 6297.000000 22.983979 1.451156 2.979845
 6300.000000 22.969481 1.460789 2.984990
 6303.000000 22.922156 1.474124 2.946528
 6306.000000 23.019596 1.464358 2.971314
 6309.000000 22.978269 1.502092 2.939989
 6312.000000 22.927084 1.501882 2.941157
 6315.000000 22.805872 1.515487 2.928684
 6318.000000 22.815415 1.493552 2.930288
 6321.000000 22.766876 1.530347 2.911618
 6324.000000 22.760273 1.509990 2.935446
 6327.000000 22.790666 1.499032 2.946965
 6330.000000 22.806401 1.481170 2.980555
 6333.000000 22.881496 1.487392 2.959989
 6336.000000 22.799522 1.494802 2.955633
 6339.000000 22.808847 1.513454 2.969479
 6342.000000 22.853274 1.510856 2.951174
 6345.000000 22.819225 1.519807 2.954974
 6348.000000 22.848237 1.524791 2.923935
 6351.000000 22.864644 1.520964 2.930608
 6354.000000 22.820166 1.501688 2.964588
 6357.000000 22.918738 1.477863 2.968889
 6360.000000 22.905059 1.491488 2.967625
 6363.000000 22.876753 1.501674 2.964102
 6366.000000 22.844537 1.519703 2.923300
 6369.000000 22.851951 1.522541 2.924169
 6372.000000 22.850022 1.491626 2.936895
 6375.000000 22.891892 1.509398 2.926941
 6378.000000 22.846522 1.504549 2.945484
 6381.000000 22.861467 1.520819 2.936582
 6384.000000 22.811159 1.508833 2.931031
 6387.000000 22.819040 1.528746 2.919616
 6390.000000 22.806131 1.490064 2.963850
 6393.000000 22.806079 1.505494 2.967893
 6396.000000 22.790197 1.506499 2.953689
 6399.000000 22.770977 1.509291 2.955646
 6402.000000 22.729415 1.539370 2.931591
 6405.000000 22.675547 1.508518 2.951283
 6408.000000 22.747925 1.508813 2.934252
 6411.000000 22.726054 1.477457 2.966445
 6414.000000 22.770319 1.517033 2.957808
 6417.000000 22.794388 1.496719 2.960817
 6420.000000 22.816928 1.507801 2.949928
 6423.000000 22.769085 1.498333 2.955640
 6426.000000 22.852035 1.515183 2.951753
 6429.000000 22.803406 1.493827 2.933528
 6432.000000 22.791362 1.492879 2.968058
 6435.000000 22.778932 1.502158 2.971362
 6438.000000 22.786680 1.521625 2.939771
 6441.000000 22.804845 1.543992 2.918826
 6444.000000 22.816209 1.528008 2.962765
 6447.000000 22.912396 1.518219 2.947954
 6450.000000 22.888325 1.517736 2.938288
 6453.000000 22.944418 1.524710 2.916862
 6456.000000 22.877280 1.515577 2.935043
 6459.000000 22.892240 1.506204 2.953481
 6462.000000 22.926473 1.523542 2.957514
 6465.000000 22.918059 1.512161 2.974830
 6468.000000 22.841104 1.523472 2.960821
 6471.000000 22.816899 1.504505 3.003284
 6474.000000 22.860412 1.532682 2.972587
 6477.000000 22.808764 1.508911 2.990675
 6480.000000 22.828286 1.512908 2.945286
 6483.000000 22.878391 1.515744 2.926066
 6486.000000 22.837954 1.502048 2.921782
 6489.000000 22.848666 1.498807 2.954134
 6492.000000 22.828781 1.499268 2.969547
 6495.000000 22.856721 1.500086 2.969514
 6498.000000 22.843061 1.521362 2.969951
 6501.000000 22.809341 1.538299 2.986355
 6504.000000 22.907480 1.505595 2.962047
 6507.000000 22.972744 1.510181 2.968151
 6510.000000 22.881363 1.516699 2.982997
 6513.000000 22.924901 1.531124 2.950178
 6516.000000 22.903299 1.519775 2.989377
 6519.000000 23.028794 1.502801 3.014861
 6522.000000 23.085588 1.509428 2.992875
 6525.000000 23.043450 1.506114 2.983098
 6528.000000 23.052104 1.508644 2.974411
 6531.000000 23.076519 1.483490 2.978970
 6534.000000 23.025205 1.489113 2.973298
 6537.000000 23.018172 1.517593 2.951894
 6540.000000 22.973532 1.520651 2.942601
 6543.000000 22.916534 1.535094 2.891196
 6546.000000 22.893731 1.530490 2.873315
 6549.000000 22.864112 1.542641 2.913867
 6552.000000 22.938843 1.544340 2.927542
 6555.000000 23.020355 1.541246 2.946856
 6558.000000 22.913711 1.488260 2.989953
 6561.000000 22.941871 1.508029 2.896748
 6564.000000 22.979175 1.490423 2.909548
 6567.000000 22.992155 1.506448 2.936683
 6570.000000 23.046146 1.483681 2.935423
 6573.000000 23.036170 1.484698 2.948449
 6576.000000 23.067556 1.494747 2.952702
 6579.000000 22.985227 1.486069 2.965236
 6582.000000 22.982831 1.512968 2.969196
 6585.000000 22.935622 1.496735 2.995628
 6588.000000 22.877700 1.500127 2.985560
 6591.000000 22.942057 1.514584 2.986984
 6594.000000 22.973292 1.512781 2.988080
 6597.000000 23.008057 1.514900 2.994373
 6600.000000 23.075607 1.508552 3.012897
 6603.000000 23.028514 1.506619 3.014402
 6606.000000 22.904117 1.523388 3.024252
 6609.000000 22.853990 1.508404 3.043207
 6612.000000 22.864949 1.513798 3.014396
 6615.000000 22.921662 1.517852 2.977770
 6618.000000 22.882763 1.520448 2.979928
 6621.000000 22.838193 1.536875 2.996102
 6624.000000 22.821755 1.525679 2.990645
 6627.000000 22.810546 1.525611 2.993511
 6630.000000 22.786204 1.507463 2.966622
 6633.000000 22.786113 1.510276 2.965973
 6636.000000 22.840741 1.510173 2.973945
 6639.000000 22.866652 1.489547 2.962978
 6642.000000 22.816395 1.501867 2.955030
 6645.000000 22.708559 1.498166 2.954517
 6648.000000 22.671555 1.491748 2.989122
 6651.000000 22.689092 1.513993 2.930163
 6654.000000 22.750804 1.529685 2.928173
 6657.000000 22.731026 1.515383 2.984248
 6660.000000 22.732878 1.504803 2.991208
 6663.000000 22.784800 1.525929 2.956937
 6666.000000 22.799633 1.533058 2.922718
 6669.000000 22.842532 1.518305 2.957487
 6672.000000 22.822747 1.511799 2.944105
 6675.000000 22.861691 1.498974 2.967472
 6678.000000 22.825404 1.522127 2.926162
 6681.000000 22.915267 1.513927 2.936703
 6684.000000 22.812536 1.512624 2.943040
 6687.000000 22.873364 1.494860 2.968777
 6690.000000 22.913401 1.508350 2.936981
 6693.000000 22.945235 1.488977 2.944082
 6696.000000 22.979437 1.519042 2.943116
 6699.000000 22.967248 1.500783 2.962808
 6702.000000 22.971734 1.489799 3.000820
 6705.000000 22.999645 1.542282 2.938454
 6708.000000 22.952021 1.516197 2.946915
 6711.000000 22.963244 1.503799 2.967838
 6714.000000 22.887000 1.505155 2.950717
 6717.000000 22.875646 1.530456 2.929519
 6720.000000 22.954225 1.509711 2.975161
 6723.000000 22.881451 1.517649 2.955715
 6726.000000 22.944036 1.503617 2.955647
 6729.000000 22.976128 1.514286 2.910532
 6732.000000 22.956695 1.489011 2.935865
 6735.000000 22.938369 1.484396 2.985351
 6738.000000 22.869441 1.488941 2.948663
 6741.000000 22.939369 1.489240 2.920340
 6744.000000 22.916272 1.511751 2.894741
 6747.000000 22.879348 1.502414 2.915283
 6750.000000 22.908398 1.510218 2.934848
 6753.000000 22.853180 1.517510 2.910685
 6756.000000 22.836229 1.506187 2.939219
 6759.000000 22.830567 1.472022 2.958158
 6762.000000 22.830259 1.482012 2.973224
 6765.000000 22.783116 1.492576 2.984949
 6768.000000 22.856527 1.490948 3.000016
 6771.000000 22.882787 1.486124 2.998008
 6774.000000 22.892411 1.477161 3.010677
 6777.000000 22.861256 1.473139 3.002215
 6780.000000 22.838458 1.472151 2.993208
 6783.000000 22.854760 1.452638 3.002691
 6786.000000 22.819088 1.471068 2.969915
 6789.000000 22.797944 1.470444 2.959485
 6792.000000 22.847616 1.467588 2.988521
 6795.000000 22.851578 1.492518 2.975476
 6798.000000 22.867129 1.501174 2.952038
 6801.000000 22.868176 1.517032 2.937882
 6804.000000 22.862561 1.517656 2.929253
 6807.000000 22.769628 1.508751 2.924300
 6810.000000 22.758286 1.491222 2.934214
 6813.000000 22.711086 1.489058 2.907614
 6816.000000 22.827625 1.478668 2.919550
 6819.000000 22.880592 1.492127 2.876618
 6822.000000 22.921872 1.503025 2.855644
 6825.000000 22.882567 1.486403 2.901492
 6828.000000 22.949679 1.470990 2.923407
 6831.000000 22.978504 1.472861 2.913154
 6834.000000 22.947190 1.457379 2.931821
 6837.000000 22.944530 1.443933 2.954951
 6840.000000 22.959795 1.446121 2.948277
 6843.000000 22.954063 1.462878 2.924849
 6846.000000 22.928036 1.469316 2.936516
 6849.000000 22.963055 1.469782 2.886982
 6852.000000 22.970552 1.473896 2.926186
 6855.000000 22.983317 1.456353 2.954443
 6858.000000 23.006419 1.485127 2.916716
 6861.000000 23.044387 1.494800 2.898463
 6864.000000 23.041970 1.518380 2.881526
 6867.000000 23.031396 1.511898 2.891112
 6870.000000 23.059029 1.509283 2.871913
 6873.000000 23.044183 1.486385 2.918823
 6876.000000 23.031527 1.488278 2.912889
 6879.000000 22.981910 1.495842 2.910713
 6882.000000 22.908892 1.497026 2.938002
 6885.000000 22.960840 1.499900 2.935942
 6888.000000 22.989830 1.498343 2.944360
 6891.000000 22.997413 1.477494 2.930771
 6894.000000 22.885222 1.487157 2.917333
 6897.000000 22.870737 1.464989 2.941144
 6900.000000 22.818163 1.455611 2.956662
 6903.000000 22.788528 1.468212 2.950087
 6906.000000 22.816614 1.482089 2.926380
 6909.000000 22.773757 1.468497 2.932025
 6912.000000 22.849552 1.489591 2.936897
 6915.000000 22.805271 1.486639 2.922164
 6918.000000 22.822541 1.487390 2.935346
 6921.000000 22.880526 1.484221 2.944156
 6924.000000 22.886813 1.485723 2.939952
 6927.000000 22.950774 1.483497 2.949453
 6930.000000 22.935292 1.495240 2.936323
 6933.000000 22.787525 1.488277 2.941741
 6936.000000 22.827095 1.496139 2.937071
 6939.000000 22.821288 1.510401 2.922169
 6942.000000 22.769647 1.507798 2.939397
 6945.000000 22.627816 1.511579 2.898514
 6948.000000 22.748524 1.520856 2.914078
 6951.000000 22.786349 1.516043 2.954303
 6954.000000 22.848901 1.543964 2.920800
 6957.000000 22.767683 1.533004 2.909655
 6960.000000 22.799686 1.538586 2.900128
 6963.000000 22.678577 1.522469 2.961387
 6966.000000 22.648274 1.537097 2.912879
 6969.000000 22.637257 1.512062 2.945546
 6972.000000 22.707964 1.498282 2.946844
 6975.000000 22.714406 1.503499 2.937401
 6978.000000 22.743064 1.500591 2.957620
 6981.000000 22.737978 1.504050 2.910408
 6984.000000 22.734550 1.501853 2.965145
 6987.000000 22.808303 1.491876 2.952132
 6990.000000 22.788137 1.514592 2.930103
 6993.000000 22.789782 1.533066 2.942331
 6996.000000 22.798744 1.526010 2.941980
 6999.000000 22.735459 1.530925 2.930691
 7002.000000 22.740867 1.512755 2.937443
 7005.000000 22.726039 1.536277 2.928428
 7008.000000 22.726157 1.527146 2.939239
 7011.000000 22.724101 1.511153 2.942243
 7014.000000 22.763890 1.509873 2.953827
 7017.000000 22.749301 1.500282 2.974192
 7020.000000 22.735350 1.504392 2.983483
 7023.000000 22.721113 1.516975 2.986926
 7026.000000 22.701762 1.493006 3.020243
 7029.000000 22.751905 1.480890 2.997084
 7032.000000 22.760350 1.502762 2.984330
 7035.000000 22.739446 1.526181 2.973187
 7038.000000 22.877955 1.503876 2.960227
 7041.000000 22.896523 1.514255 2.950716
 7044.000000 22.826232 1.492250 2.964524
 7047.000000 22.714292 1.488402 2.937268
 7050.000000 22.772790 1.481722 2.946947
 7053.000000 22.831367 1.454768 2.935309
 7056.000000 22.860930 1.457062 2.913645
 7059.000000 22.857672 1.494018 2.903200
 7062.000000 22.844406 1.507225 2.907813
 7065.000000 22.815789 1.483621 2.928036
 7068.000000 22.829914 1.495973 2.924052
 7071.000000 22.918002 1.489334 2.914354
 7074.000000 22.980226 1.479850 2.927879
 7077.000000 23.061635 1.478459 2.915974
 7080.000000 23.048592 1.483598 2.932660
 7083.000000 23.020668 1.500194 2.896858
 7086.000000 23.011219 1.495687 2.940495
 7089.000000 23.002052 1.502988 2.951870
 7092.000000 22.998853 1.485148 2.956776
 7095.000000 22.944604 1.495712 2.949865
 7098.000000 22.988255 1.467922 2.972852
 7101.000000 22.897011 1.455698 2.994677
 7104.000000 22.928095 1.484958 2.965667
 7107.000000 22.951463 1.491409 2.949850
 7110.000000 22.987383 1.481677 2.955543
 7113.000000 22.926160 1.490478 2.936362
 7116.000000 22.952160 1.484951 2.916863
 7119.000000 22.920400 1.488733 2.924944
 7122.000000 22.872507 1.497569 2.919584
 7125.000000 22.890946 1.520552 2.898863
 7128.000000 22.878358 1.512844 2.891913
 7131.000000 22.885121 1.489080 2.910995
 7134.000000 22.879576 1.506893 2.910353
 7137.000000 22.774729 1.483160 2.926784
 7140.000000 22.836662 1.470090 2.933359
 7143.000000 22.836706 1.480600 2.954697
 7146.000000 22.789530 1.480677 2.913766
 7149.000000 22.768817 1.469160 2.954524
 7152.000000 22.880072 1.503860 2.926892
 7155.000000 22.939767 1.496810 2.956696
 7158.000000 22.939186 1.488362 2.945043
 7161.000000 22.812059 1.505042 2.888738
 7164.000000 22.855300 1.495394 2.917424
 7167.000000 22.845336 1.511549 2.907273
 7170.000000 22.873443 1.528750 2.897532
 7173.000000 22.909173 1.499093 2.933615
 7176.000000 22.963245 1.483569 2.950340
 7179.000000 22.917469 1.487491 2.958637
 7182.000000 22.936236 1.501310 2.944206
 7185.000000 22.934163 1.485690 2.959437
 7188.000000 22.877073 1.492528 2.952292
 7191.000000 22.895968 1.492558 2.938754
 7194.000000 22.907823 1.527603 2.882205
 7197.000000 22.958814 1.538791 2.932317
 7200.000000 23.015075 1.551938 2.933905
 7203.000000 23.037548 1.521015 2.959562
 7206.000000 23.048533 1.543638 2.917785
 7209.000000 23.033154 1.546441 2.927570
 7212.000000 23.033533 1.554242 2.895192
 7215.000000 23.035880 1.567563 2.923742
 7218.000000 23.006950 1.549465 2.930617
 7221.000000 22.997612 1.533918 2.953534
 7224.000000 23.024229 1.514891 2.972096
 7227.000000 23.008622 1.514723 2.999891
 7230.000000 22.986790 1.525786 3.023542
 7233.000000 22.975767 1.539601 2.996306
 7236.000000 22.966092 1.531439 2.992093
 7239.000000 22.955275 1.528338 2.969569
 7242.000000 22.999443 1.528586 2.977303
 7245.000000 22.907937 1.533985 2.971785
 7248.000000 22.955841 1.576622 2.921378
 7251.000000 23.020294 1.555948 2.959616
 7254.000000 23.092378 1.558908 2.934912
 7257.000000 23.118640 1.560023 2.952792
 7260.000000 23.083679 1.561468 2.949101
 7263.000000 23.037945 1.555267 2.934908
 7266.000000 23.067080 1.547866 2.978600
 7269.000000 23.065616 1.536391 2.946873
 7272.000000 23.054113 1.520462 2.973147
 7275.000000 23.032674 1.551420 2.956184
 7278.000000 23.134416 1.548535 2.953953
 7281.000000 23.135675 1.537045 2.960922
 7284.000000 23.151346 1.535955 2.971663
 7287.000000 23.101108 1.521977 2.949988
 7290.000000 23.092416 1.496917 2.972580
 7293.000000 23.157791 1.499255 2.961438
 7296.000000 23.175173 1.500824 2.958749
 7299.000000 23.150244 1.518494 2.909576
 7302.000000 23.114616 1.489499 2.950094
 7305.000000 23.115185 1.475471 2.958072
 7308.000000 23.100043 1.456116 2.971765
 7311.000000 23.108909 1.481933 2.972813
 7314.000000 23.126687 1.491411 2.965669
 7317.000000 23.106919 1.491739 2.976147
 7320.000000 23.098992 1.492591 2.984717
 7323.000000 23.066793 1.482526 2.995545
 7326.000000 23.040267 1.486605 2.995352
 7329.000000 22.976926 1.489846 2.996153
 7332.000000 23.077153 1.489608 2.991417
 7335.000000 23.040774 1.512160 2.970380
 7338.000000 23.077508 1.530898 2.979739
 7341.000000 23.000182 1.506382 3.023568
 7344.000000 22.864212 1.543128 2.997727
 7347.000000 22.831577 1.521887 3.007861
 7350.000000 22.819906 1.518714 2.998704
 7353.000000 22.812606 1.523457 3.006001
 7356.000000 22.781369 1.537051 3.010111
 7359.000000 22.837534 1.515224 3.009980
 7362.000000 22.770561 1.509771 2.985779
 7365.000000 22.921050 1.512377 3.018994
 7368.000000 22.890101 1.528667 2.962608
 7371.000000 22.916015 1.517400 2.970794
 7374.000000 22.906629 1.536565 2.957401
 7377.000000 22.909569 1.528873 2.968645
 7380.000000 22.896060 1.527238 2.954630
 7383.000000 22.850633 1.526306 2.923457
 7386.000000 22.837473 1.511138 2.904187
 7389.000000 22.814020 1.534370 2.914863
 7392.000000 22.844941 1.511389 2.955118
 7395.000000 22.884568 1.515967 2.969198
 7398.000000 22.837249 1.494651 2.972944
 7401.000000 22.903597 1.493475 3.001001
 7404.000000 22.937412 1.507987 2.972777
 7407.000000 22.977718 1.533302 2.920847
 7410.000000 22.985434 1.494054 2.961977
 7413.000000 22.944367 1.508841 2.970080
 7416.000000 22.969797 1.486495 2.966550
 7419.000000 22.996456 1.481098 2.971457
 7422.000000 22.965822 1.499241 2.974586
 7425.000000 22.974779 1.488401 3.001724
 7428.000000 23.002785 1.505776 2.998395
 7431.000000 22.987156 1.485400 2.994454
 7434.000000 23.057449 1.506776 2.949880
 7437.000000 23.060677 1.511712 2.943535
 7440.000000 23.013706 1.506335 2.968315
 7443.000000 23.004499 1.502007 2.966261
 7446.000000 23.044678 1.533341 2.924220
 7449.000000 23.051504 1.541928 2.937028
 7452.000000 23.089193 1.535553 2.941906
 7455.000000 23.168971 1.542418 2.957558
 7458.000000 22.991665 1.511294 2.947563
 7461.000000 23.124853 1.528279 2.975969
 7464.000000 23.084163 1.535904 2.990774
 7467.000000 23.111227 1.570395 2.974669
 7470.000000 23.077844 1.590133 2.950831
 7473.000000 23.143414 1.599574 2.939784
 7476.000000 23.058213 1.570631 2.955139
 7479.000000 23.069305 1.570223 2.957007
 7482.000000 23.063919 1.560614 2.966716
 7485.000000 23.118984 1.565073 2.929904
 7488.000000 22.992807 1.567028 2.939196
 7491.000000 22.973423 1.551743 2.922942
 7494.000000 22.996419 1.527275 2.963211
 7497.000000 23.003042 1.545186 2.953245
 7500.000000 22.926714 1.510348 2.987930
 7503.000000 22.907314 1.540513 2.969570
 7506.000000 22.957325 1.538920 2.984536
 7509.000000 22.938059 1.512816 3.024799
 7512.000000 22.952433 1.525195 3.000307
 7515.000000 22.923663 1.534623 2.999037
 7518.000000 22.883093 1.540287 2.983522
 7521.000000 23.006782 1.544786 2.960784
 7524.000000 23.023182 1.544059 2.961740
 7527.000000 23.016913 1.542422 2.963728
 7530.000000 22.907596 1.551177 2.960006
 7533.000000 23.054354 1.572026 2.941517
 7536.000000 23.145433 1.569485 2.949975
 7539.000000 23.004815 1.584859 2.933584
 7542.000000 22.996876 1.590512 2.922722
 7545.000000 22.919397 1.558481 2.940504
 7548.000000 22.933913 1.543389 2.949025
 7551.000000 22.912399 1.530068 2.976827
 7554.000000 22.963827 1.528054 3.002098
 7557.000000 22.980247 1.498605 3.002481
 7560.000000 22.918970 1.539475 2.952664
 7563.000000 22.938282 1.553487 2.947401
 7566.000000 22.989984 1.557371 2.934448
 7569.000000 22.889127 1.549061 2.964202
 7572.000000 22.882033 1.551536 2.956220
 7575.000000 22.864642 1.570553 2.935388
 7578.000000 22.918021 1.561610 2.946788
 7581.000000 22.989851 1.545461 2.973572
 7584.000000 22.969989 1.548193 2.975753
 7587.000000 22.984269 1.548197 2.954176
 7590.000000 23.023625 1.551106 2.896584
 7593.000000 23.090302 1.564097 2.889820
 7596.000000 23.071017 1.531286 2.910007
 7599.000000 23.133544 1.529835 2.908698
 7602.000000 23.154565 1.531718 2.914104
 7605.000000 23.105062 1.521155 2.893442
 7608.000000 23.120699 1.531449 2.910945
 7611.000000 23.075595 1.550019 2.908474
 7614.000000 23.071632 1.558600 2.918020
 7617.000000 23.083336 1.585978 2.878409
 7620.000000 23.092027 1.584565 2.881626
 7623.000000 23.151909 1.556752 2.868901
 7626.000000 23.102076 1.545014 2.907293
 7629.000000 23.104485 1.549899 2.899599
 7632.000000 23.036785 1.552304 2.901028
 7635.000000 22.986585 1.553630 2.911168
 7638.000000 23.038137 1.544664 2.939007
 7641.000000 22.971916 1.556100 2.913397
 7644.000000 23.060880 1.557629 2.878132
 7647.000000 23.071446 1.573140 2.864166
 7650.000000 23.065807 1.581619 2.866643
 7653.000000 23.019076 1.566980 2.861121
 7656.000000 23.097294 1.580884 2.850210
 7659.000000 23.197772 1.564970 2.889570
 7662.000000 23.148124 1.553104 2.891212
 7665.000000 23.170549 1.549963 2.918214
 7668.000000 23.099340 1.554378 2.896169
 7671.000000 23.112909 1.573967 2.880860
 7674.000000 23.088568 1.572432 2.892946
 7677.000000 23.068870 1.565619 2.897754
 7680.000000 23.067451 1.569685 2.891364
 7683.000000 23.100785 1.574694 2.879984
 7686.000000 23.042447 1.543937 2.912786
 7689.000000 23.067759 1.532697 2.945930
 7692.000000 22.966533 1.514498 2.979389
 7695.000000 22.952492 1.548477 2.959458
 7698.000000 22.995090 1.553892 2.962459
 7701.000000 22.960138 1.548138 2.968861
 7704.000000 22.920822 1.543058 2.947649
 7707.000000 22.878984 1.564210 2.930164
 7710.000000 22.894619 1.537417 2.917991
 7713.000000 22.821939 1.551692 2.930045
 7716.000000 22.841943 1.561843 2.930882
 7719.000000 22.837815 1.558457 2.968482
 7722.000000 22.903787 1.562244 2.927772
 7725.000000 22.973015 1.550636 2.940871
 7728.000000 22.851784 1.563591 2.950611
 7731.000000 22.901579 1.566644 2.916057
 7734.000000 22.929517 1.586320 2.872751
 7737.000000 22.891778 1.567989 2.914147
 7740.000000 22.882194 1.565208 2.921509
 7743.000000 22.901185 1.554185 2.910235
 7746.000000 22.920715 1.563494 2.914080
 7749.000000 23.024047 1.558611 2.937262
 7752.000000 22.969190 1.586061 2.893887
 7755.000000 22.957043 1.540018 2.924630
 7758.000000 22.953726 1.564343 2.911147
 7761.000000 23.028358 1.543588 2.919897
 7764.000000 23.008539 1.574581 2.885147
 7767.000000 22.973681 1.542494 2.916287
 7770.000000 22.897138 1.546415 2.906371
 7773.000000 22.942290 1.540629 2.935262
 7776.000000 22.968347 1.541456 2.922375
 7779.000000 22.916744 1.566679 2.945025
 7782.000000 23.006061 1.560870 2.911826
 7785.000000 22.976299 1.559615 2.874095
 7788.000000 22.924779 1.558280 2.905579
 7791.000000 22.920864 1.548304 2.918826
 7794.000000 22.941500 1.549918 2.916168
 7797.000000 22.912248 1.579868 2.902382
 7800.000000 22.862940 1.581079 2.944604
 7803.000000 22.953933 1.584028 2.950356
 7806.000000 22.948636 1.578341 2.939174
 7809.000000 22.892457 1.549266 2.942673
 7812.000000 22.896776 1.569142 2.904405
 7815.000000 22.818983 1.547101 2.953917
 7818.000000 22.824974 1.552698 2.960908
 7821.000000 22.819606 1.576045 2.944649
 7824.000000 22.821695 1.571617 2.926852
 7827.000000 22.823933 1.581287 2.926068
 7830.000000 22.893529 1.559229 2.961866
 7833.000000 22.819623 1.548276 2.977730
 7836.000000 22.763228 1.552900 2.988831
 7839.000000 22.708796 1.560386 2.968645
 7842.000000 22.697524 1.559074 2.963302
 7845.000000 22.745782 1.540894 2.985411
 7848.000000 22.864385 1.539276 2.977684
 7851.000000 22.822264 1.531960 3.005048
 7854.000000 22.859731 1.529327 2.976354
 7857.000000 22.860486 1.532142 2.964923
 7860.000000 22.772105 1.545487 2.959748
 7863.000000 22.755572 1.537184 2.978620
 7866.000000 22.763483 1.546342 2.987360
 7869.000000 22.768736 1.546076 3.001531
 7872.000000 22.800876 1.539506 3.011875
 7875.000000 22.783908 1.542521 2.982183
 7878.000000 22.829535 1.550493 2.975657
 7881.000000 22.777057 1.567107 2.922270
 7884.000000 22.814180 1.555467 2.964475
 7887.000000 22.921522 1.555603 2.960323
 7890.000000 22.896479 1.544105 2.948032
 7893.000000 22.899482 1.531566 3.012820
 7896.000000 22.921214 1.552341 2.978627
 7899.000000 23.000606 1.537743 2.940644
 7902.000000 22.966019 1.529389 2.911778
 7905.000000 22.957255 1.535057 2.929664
 7908.000000 22.952963 1.530480 2.893169
 7911.000000 23.010063 1.496363 2.922080
 7914.000000 23.009196 1.519374 2.929795
 7917.000000 22.943775 1.523484 2.936295
 7920.000000 23.012285 1.498939 2.936604
 7923.000000 22.959641 1.515914 2.931261
 7926.000000 23.014601 1.523880 2.930397
 7929.000000 23.014497 1.524512 2.966862
 7932.000000 22.981562 1.534664 2.973655
 7935.000000 22.879603 1.555098 2.943988
 7938.000000 22.940807 1.572616 2.930263
 7941.000000 22.905196 1.551157 2.923351
 7944.000000 22.969072 1.571250 2.894584
 7947.000000 22.928292 1.526740 2.918300
 7950.000000 22.855589 1.536317 2.931422
 7953.000000 22.933214 1.518762 2.958172
 7956.000000 22.878949 1.533013 2.913980
 7959.000000 22.884316 1.524004 2.931397
 7962.000000 22.842416 1.538062 2.927269
 7965.000000 22.806204 1.549855 2.927023
 7968.000000 22.789155 1.545565 2.927826
 7971.000000 22.768307 1.530890 2.956100
 7974.000000 22.772443 1.542052 2.948467
 7977.000000 22.679511 1.541801 2.954644
 7980.000000 22.730305 1.545736 2.958866
 7983.000000 22.775479 1.548232 2.971878
 7986.000000 22.727434 1.552799 2.972406
 7989.000000 22.787627 1.543152 2.963583
 7992.000000 22.721550 1.523054 2.977332
 7995.000000 22.734938 1.543954 2.933078
 7998.000000 22.759137 1.561369 2.918418
 8001.000000 22.689918 1.565548 2.927171
 8004.000000 22.758475 1.550544 2.915889
 8007.000000 22.771431 1.562401 2.894636
 8010.000000 22.832051 1.551664 2.905863
 8013.000000 22.810716 1.539918 2.941111
 8016.000000 22.718108 1.543042 2.928688
 8019.000000 22.746975 1.532665 2.932448
 8022.000000 22.829997 1.512660 2.954643
 8025.000000 22.877005 1.510919 2.947865
 8028.000000 22.914405 1.491434 2.969615
 8031.000000 22.979831 1.529759 2.919616
 8034.000000 22.957636 1.532497 2.959219
 8037.000000 22.850730 1.527603 2.910969
 8040.000000 22.937810 1.527341 2.963011
 8043.000000 22.853792 1.521918 2.966897
 8046.000000 22.838286 1.519220 2.983534
 8049.000000 22.871822 1.525902 2.966595
 8052.000000 22.867673 1.513461 2.956546
 8055.000000 22.813049 1.548618 2.950863
 8058.000000 22.843299 1.557334 2.933506
 8061.000000 22.901695 1.562978 2.948184
 8064.000000 22.872470 1.562793 2.927137
 8067.000000 22.856383 1.548080 2.928393
 8070.000000 22.828186 1.543593 2.937634
 8073.000000 22.735254 1.532717 2.945112
 8076.000000 22.757739 1.551192 2.909779
 8079.000000 22.735421 1.561791 2.914919
 8082.000000 22.662350 1.560546 2.935638
 8085.000000 22.780682 1.543263 2.939135
 8088.000000 22.820226 1.532428 2.965040
 8091.000000 22.835130 1.548011 2.951661
 8094.000000 22.911630 1.545733 2.935237
 8097.000000 22.877015 1.548056 2.917139
 8100.000000 22.954245 1.547536 2.934037
 8103.000000 22.900627 1.543046 2.953622
 8106.000000 22.860845 1.584701 2.947304
 8109.000000 22.946446 1.543868 2.928426
 8112.000000 22.987231 1.541382 2.918466
 8115.000000 22.962997 1.551728 2.942557
 8118.000000 22.936960 1.539159 2.959756
 8121.000000 22.966374 1.550627 2.939649
 8124.000000 22.899756 1.543164 2.951407
 8127.000000 22.841279 1.514776 2.985665
 8130.000000 22.821697 1.540899 2.958230
 8133.000000 22.870405 1.567774 2.953089
 8136.000000 22.715679 1.571104 2.980930
 8139.000000 22.762969 1.586666 2.952771
 8142.000000 22.689246 1.594209 2.942349
 8145.000000 22.650684 1.555509 2.963380
 8148.000000 22.694598 1.577960 2.933782
 8151.000000 22.590859 1.578330 2.911290
 8154.000000 22.680594 1.583734 2.927707
 8157.000000 22.733084 1.585845 2.904077
 8160.000000 22.686363 1.559681 2.902658
 8163.000000 22.648057 1.527633 2.964110
 8166.000000 22.660986 1.551324 2.905664
 8169.000000 22.685411 1.528841 2.943490
 8172.000000 22.654530 1.549160 2.945444
 8175.000000 22.614705 1.539847 2.950823
 8178.000000 22.551233 1.542779 2.906106
 8181.000000 22.545149 1.562182 2.929014
 8184.000000 22.544615 1.523510 2.960469
 8187.000000 22.636900 1.534028 2.944742
 8190.000000 22.624613 1.532824 2.914073
 8193.000000 22.667944 1.519729 2.954649
 8196.000000 22.662418 1.526421 2.966773
 8199.000000 22.665097 1.518940 2.959248
 8202.000000 22.652900 1.527906 2.959185
 8205.000000 22.556944 1.535484 2.957806
 8208.000000 22.476605 1.529153 2.933226
 8211.000000 22.518254 1.545179 2.930721
 8214.000000 22.517332 1.530868 2.946731
 8217.000000 22.556247 1.513985 2.954669
 8220.000000 22.528025 1.481500 3.017676
 8223.000000 22.493707 1.502830 2.962864
 8226.000000 22.499857 1.519787 2.967636
 8229.000000 22.530821 1.520412 2.990790
 8232.000000 22.635919 1.487596 2.958034
 8235.000000 22.604244 1.494707 2.926519
 8238.000000 22.467708 1.492622 2.931082
 8241.000000 22.476934 1.480990 2.917378
 8244.000000 22.511554 1.520606 2.892782
 8247.000000 22.567640 1.517075 2.890451
 8250.000000 22.590366 1.498118 2.896996
 8253.000000 22.634263 1.485115 2.880153
 8256.000000 22.670542 1.505361 2.911687
 8259.000000 22.738759 1.504309 2.903560
 8262.000000 22.840387 1.490209 2.897383
 8265.000000 22.817373 1.496257 2.901865
 8268.000000 22.907735 1.481473 2.911170
 8271.000000 22.838179 1.495743 2.873135
 8274.000000 22.787217 1.510901 2.863080
 8277.000000 22.805225 1.494215 2.866824
 8280.000000 22.828765 1.473041 2.896665
 8283.000000 22.871303 1.501323 2.867651
 8286.000000 22.843851 1.449587 2.928396
 8289.000000 22.874626 1.452321 2.939449
 8292.000000 22.911406 1.452728 2.921437
 8295.000000 22.931398 1.464550 2.947270
 8298.000000 22.961128 1.458127 2.923482
 8301.000000 22.909410 1.459764 2.910734
 8304.000000 22.960407 1.468224 2.924936
 8307.000000 22.965587 1.462500 2.961414
 8310.000000 22.897621 1.469095 2.935219
 8313.000000 22.894448 1.487900 2.901337
 8316.000000 22.888199 1.476876 2.946057
 8319.000000 22.951126 1.505466 2.894274
 8322.000000 22.921131 1.507320 2.876804
 8325.000000 22.943108 1.507819 2.921722
 8328.000000 22.941946 1.495164 2.910957
 8331.000000 22.904318 1.525201 2.899632
 8334.000000 22.919382 1.500568 2.960457
 8337.000000 22.893758 1.491361 2.959992
 8340.000000 22.927667 1.482475 2.991385
 8343.000000 22.919288 1.504616 2.954283
 8346.000000 22.925505 1.496327 2.986266
 8349.000000 22.894363 1.501408 2.960027
 8352.000000 22.845808 1.508485 2.970624
 8355.000000 22.853926 1.508715 2.965804
 8358.000000 22.861806 1.503306 3.008144
 8361.000000 22.849239 1.502601 2.983622
 8364.000000 22.824663 1.486451 2.981100
 8367.000000 22.887854 1.486281 2.985039
 8370.000000 22.885264 1.507502 2.953276
 8373.000000 22.913048 1.538999 2.908190
 8376.000000 22.920051 1.540888 2.929740
 8379.000000 22.896673 1.534809 2.932065
 8382.000000 22.930739 1.543619 2.927636
 8385.000000 22.926562 1.546622 2.948919
 8388.000000 22.930221 1.532144 2.947090
 8391.000000 22.903614 1.509896 2.985754
 8394.000000 22.913492 1.507638 2.979652
 8397.000000 22.940345 1.506947 2.993163
 8400.000000 22.875627 1.523904 2.995123
 8403.000000 22.947567 1.549975 2.973945
 8406.000000 22.926912 1.545184 2.979868
 8409.000000 22.939023 1.551786 2.957122
 8412.000000 22.964376 1.531658 2.982943
 8415.000000 22.947972 1.535268 2.949393
 8418.000000 22.947742 1.558108 2.924941
 8421.000000 22.947970 1.523927 2.954865
 8424.000000 23.011777 1.564740 2.908916
 8427.000000 23.071759 1.546126 2.952002
 8430.000000 22.941933 1.547291 2.961875
 8433.000000 22.882248 1.548752 2.949010
 8436.000000 22.904193 1.545713 2.957454
 8439.000000 22.927792 1.533535 2.985334
 8442.000000 22.892686 1.527417 3.013374
 8445.000000 23.039060 1.549298 2.989102
 8448.000000 22.968809 1.564224 2.989916
 8451.000000 23.039918 1.552257 2.982205
 8454.000000 23.038624 1.567881 2.987983
 8457.000000 22.974238 1.560486 2.983595
 8460.000000 22.977130 1.570185 2.961415
 8463.000000 22.874374 1.560906 2.978342
 8466.000000 22.900728 1.546561 2.990047
 8469.000000 22.849511 1.553506 3.001866
 8472.000000 22.807400 1.564336 2.967435
 8475.000000 22.818589 1.569172 2.986757
 8478.000000 22.865274 1.568413 2.950396
 8481.000000 22.888345 1.566167 2.933488
 8484.000000 22.844666 1.555170 2.965178
 8487.000000 22.890089 1.563486 2.970855
 8490.000000 22.959027 1.576640 2.991572
 8493.000000 22.881337 1.572294 3.000305
 8496.000000 22.896400 1.569340 2.992199
 8499.000000 22.906521 1.599051 2.957172
 8502.000000 22.889199 1.585582 2.974114
 8505.000000 22.895328 1.588258 2.943155
 8508.000000 22.865916 1.593032 2.986105
 8511.000000 23.016938 1.616337 2.976524
 8514.000000 22.974879 1.623106 2.942108
 8517.000000 23.023136 1.627315 2.928662
 8520.000000 22.968861 1.595164 2.964783
 8523.000000 23.004707 1.616020 2.942624
 8526.000000 23.030011 1.585838 2.967040
 8529.000000 23.041099 1.593317 2.956159
 8532.000000 23.016126 1.607638 2.928055
 8535.000000 23.061870 1.611120 2.935726
 8538.000000 23.074563 1.598675 2.951414
 8541.000000 23.081921 1.590416 2.947920
 8544.000000 23.055145 1.594544 2.933468
 8547.000000 23.030524 1.604487 2.897561
 8550.000000 22.985375 1.578099 2.941932
 8553.000000 22.954567 1.578407 2.919089
 8556.000000 23.056289 1.579705 2.943869
 8559.000000 23.061256 1.571369 2.930465
 8562.000000 23.044877 1.561211 2.966067
 8565.000000 23.098844 1.544827 2.986145
 8568.000000 23.058341 1.554528 2.954254
 8571.000000 23.046533 1.565432 2.922195
 8574.000000 23.038539 1.558366 2.914091
 8577.000000 22.957269 1.558587 2.941445
 8580.000000 23.006092 1.528349 2.976577
 8583.000000 22.998215 1.521591 2.984541
 8586.000000 23.018305 1.515364 2.973882
 8589.000000 22.961405 1.526173 2.981643
 8592.000000 22.920236 1.509930 3.004833
 8595.000000 22.875286 1.501610 2.991888
 8598.000000 22.882433 1.523185 3.020055
 8601.000000 22.940643 1.501691 3.016767
 8604.000000 22.970576 1.531850 2.969977
 8607.000000 22.967855 1.517368 2.970756
 8610.000000 23.042587 1.537886 2.951421
 8613.000000 23.016960 1.535086 2.958993
 8616.000000 23.019133 1.552465 2.953794
 8619.000000 22.992525 1.573702 2.929239
 8622.000000 23.017865 1.552911 2.902286
 8625.000000 22.978683 1.534749 2.931129
 8628.000000 22.935148 1.536975 2.935044
 8631.000000 22.904016 1.547137 2.916513
 8634.000000 22.819966 1.544237 2.912402
 8637.000000 22.861801 1.502469 2.936084
 8640.000000 22.881926 1.541462 2.898493
 8643.000000 22.884084 1.532912 2.943012
 8646.000000 22.937497 1.513457 2.956994
 8649.000000 22.936184 1.516913 2.941212
 8652.000000 22.959045 1.531285 2.896328
 8655.000000 22.910502 1.563522 2.898930
 8658.000000 22.893623 1.555387 2.876185
 8661.000000 22.932207 1.557364 2.889567
 8664.000000 22.870501 1.552434 2.912608
 8667.000000 22.942159 1.523935 2.953553
 8670.000000 22.973220 1.513632 2.982290
 8673.000000 22.925511 1.525502 2.989392
 8676.000000 22.961423 1.525399 2.966522
 8679.000000 22.942484 1.536114 2.942957
 8682.000000 22.931200 1.529018 2.937998
 8685.000000 22.925584 1.538489 2.963249
 8688.000000 22.859496 1.554949 2.940441
 8691.000000 22.838390 1.538725 2.960568
 8694.000000 22.854199 1.508136 3.005137
 8697.000000 22.834518 1.521010 2.989205
 8700.000000 22.910055 1.548315 2.956131
 8703.000000 22.840892 1.532731 2.935370
 8706.000000 22.885552 1.531345 2.958463
 8709.000000 22.814351 1.525046 2.981606
 8712.000000 22.818971 1.511874 3.035296
 8715.000000 22.785327 1.518904 3.013269
 8718.000000 22.804702 1.512638 3.011913
 8721.000000 22.810261 1.516858 2.985594
 8724.000000 22.851171 1.517094 2.983508
 8727.000000 22.921900 1.507190 2.996104
 8730.000000 22.965738 1.495602 3.014552
 8733.000000 22.942680 1.482896 2.974114
 8736.000000 22.905776 1.483088 2.946577
 8739.000000 22.884865 1.483463 2.950641
 8742.000000 22.943963 1.472660 2.979522
 8745.000000 22.945023 1.464794 2.954019
 8748.000000 22.932341 1.475890 2.931381
 8751.000000 22.917671 1.491542 2.938494
 8754.000000 22.887000 1.487492 2.952060
 8757.000000 22.899740 1.498427 2.951300
 8760.000000 22.878614 1.490000 2.966004
 8763.000000 22.855119 1.482964 3.003967
 8766.000000 22.869822 1.494345 2.961387
 8769.000000 22.803869 1.504536 2.935931
 8772.000000 22.811989 1.517194 2.954436
 8775.000000 22.801484 1.506332 2.974803
 8778.000000 22.788941 1.519529 2.951592
 8781.000000 22.785755 1.543537 2.907642
 8784.000000 22.777947 1.513524 2.935898
 8787.000000 22.731286 1.538033 2.930807
 8790.000000 22.757954 1.508259 2.968376
 8793.000000 22.726154 1.508346 2.991120
 8796.000000 22.791837 1.526990 2.956063
 8799.000000 22.927519 1.512291 2.969453
 8802.000000 22.848723 1.503601 2.975921
 8805.000000 22.858012 1.508955 2.983862
 8808.000000 22.845106 1.539726 2.947721
 8811.000000 22.882859 1.538660 2.943968
 8814.000000 22.901575 1.522187 2.932593
 8817.000000 22.846627 1.513820 2.951898
 8820.000000 22.747735 1.508465 2.943386
 8823.000000 22.706078 1.504821 2.976388
 8826.000000 22.752093 1.534220 2.949604
 8829.000000 22.765784 1.506982 2.941579
 8832.000000 22.781557 1.501280 2.909426
 8835.000000 22.800467 1.502133 2.956638
 8838.000000 22.769059 1.514689 2.965574
 8841.000000 22.818583 1.493116 2.950360
 8844.000000 22.793946 1.513460 2.991040
 8847.000000 22.833902 1.520439 2.980745
 8850.000000 22.859291 1.521177 2.973272
 8853.000000 22.869308 1.509303 2.978589
 8856.000000 22.892426 1.497056 3.019392
 8859.000000 22.949913 1.527528 2.994032
 8862.000000 22.918821 1.527690 2.994054
 8865.000000 22.893568 1.526600 2.969250
 8868.000000 22.916834 1.516465 2.975016
 8871.000000 22.916759 1.503918 2.990299
 8874.000000 22.934974 1.499062 2.974576
 8877.000000 23.011789 1.532191 2.978908
 8880.000000 23.075827 1.532947 2.960091
 8883.000000 23.062899 1.527292 2.968388
 8886.000000 23.130329 1.538976 2.963283
 8889.000000 23.009397 1.536347 2.951621
 8892.000000 23.022429 1.541799 2.930763
 8895.000000 23.080242 1.535820 2.956490
 8898.000000 23.041304 1.537897 2.998458
 8901.000000 23.080527 1.544377 2.989714
 8904.000000 23.039981 1.515259 3.007442
 8907.000000 23.009142 1.554247 2.978757
 8910.000000 22.993584 1.561282 2.981093
 8913.000000 22.968662 1.565192 2.976282
 8916.000000 22.877289 1.573722 2.975076
 8919.000000 22.876346 1.557389 2.943208
 8922.000000 22.912223 1.546692 2.943434
 8925.000000 22.948385 1.556065 2.929575
 8928.000000 22.855957 1.562115 2.956168
 8931.000000 22.829311 1.538390 2.937269
 8934.000000 22.904441 1.533108 2.958001
 8937.000000 22.925301 1.549106 2.971183
 8940.000000 22.926589 1.543412 2.973376
 8943.000000 22.879859 1.535852 2.969243
 8946.000000 22.842348 1.532141 2.950195
 8949.000000 22.793858 1.525666 2.965761
 8952.000000 22.800582 1.531050 2.928943
 8955.000000 22.914634 1.513589 2.950627
 8958.000000 22.926321 1.518841 2.984045
 8961.000000 22.846452 1.515693 2.962381
 8964.000000 22.872571 1.504770 2.961977
 8967.000000 22.914425 1.506778 2.954967
 8970.000000 22.911381 1.528723 2.951920
 8973.000000 22.897248 1.533350 2.921598
 8976.000000 22.891688 1.524327 2.935677
 8979.000000 22.876208 1.523159 2.939286
 8982.000000 22.961338 1.484173 2.952154
 8985.000000 22.904383 1.504678 2.944202
 8988.000000 22.858135 1.479474 2.962818
 8991.000000 22.933479 1.479291 2.971193
 8994.000000 22.861330 1.476018 2.976388
 8997.000000 22.897681 1.496605 2.975185
 9000.000000 22.979388 1.483597 2.989912
 9003.000000 23.014741 1.480657 2.998875
 9006.000000 23.001612 1.471708 2.962551
 9009.000000 22.973310 1.472603 2.947361
 9012.000000 22.935311 1.490291 2.914864
 9015.000000 22.961932 1.519300 2.914615
 9018.000000 22.988403 1.490238 2.938414
 9021.000000 22.974156 1.497607 2.892485
 9024.000000 23.007230 1.510714 2.882861
 9027.000000 22.960421 1.498993 2.902499
 9030.000000 23.010219 1.500957 2.934517
 9033.000000 22.989139 1.472407 2.919381
 9036.000000 23.031294 1.488817 2.925773
 9039.000000 22.991568 1.491095 2.908698
 9042.000000 23.068888 1.511996 2.921774
 9045.000000 23.019993 1.502604 2.943379
 9048.000000 22.941458 1.520651 2.929000
 9051.000000 22.886352 1.513708 2.904713
 9054.000000 22.911983 1.532551 2.885995
 9057.000000 22.958609 1.515491 2.931832
 9060.000000 22.990743 1.518690 2.959768
 9063.000000 22.953757 1.514215 2.937890
 9066.000000 22.959241 1.526643 2.939598
 9069.000000 22.966150 1.511531 2.949482
 9072.000000 22.999188 1.515800 2.963045
 9075.000000 22.975992 1.512628 2.926336
 9078.000000 22.976978 1.509108 2.956038
 9081.000000 22.929837 1.512590 2.964477
 9084.000000 22.934390 1.522177 2.944815
 9087.000000 22.932662 1.547900 2.944219
 9090.000000 22.910223 1.552212 2.980951
 9093.000000 22.856711 1.538882 2.990865
 9096.000000 22.946665 1.525748 2.941408
 9099.000000 22.851872 1.535392 2.977247
 9102.000000 22.885888 1.541826 2.963788
 9105.000000 22.954442 1.543078 2.955444
 9108.000000 23.011760 1.514885 2.983740
 9111.000000 22.942952 1.507239 2.987326
 9114.000000 22.922211 1.524952 2.968355
 9117.000000 22.971509 1.548452 2.961583
 9120.000000 22.883735 1.559129 2.951330
 9123.000000 22.911295 1.552419 2.965903
 9126.000000 22.984629 1.563204 2.939310
 9129.000000 22.997152 1.576284 2.929748
 9132.000000 22.966094 1.561708 2.941993
 9135.000000 22.888186 1.607941 2.907902
 9138.000000 22.915600 1.590851 2.943403
 9141.000000 22.934007 1.572466 2.961310
 9144.000000 22.881617 1.574859 2.982797
 9147.000000 22.873054 1.608469 2.944594
 9150.000000 22.777674 1.587396 2.968837
 9153.000000 22.827927 1.579153 2.985218
 9156.000000 22.848007 1.593126 2.932086
 9159.000000 22.852349 1.564953 2.961726
 9162.000000 22.864521 1.565684 2.946294
 9165.000000 22.832487 1.572463 2.961734
 9168.000000 22.953965 1.574031 2.985164
 9171.000000 22.922273 1.592591 2.969824
 9174.000000 23.007609 1.595641 2.970285
 9177.000000 23.027888 1.579490 2.977870
 9180.000000 22.968621 1.556252 3.008456
 9183.000000 22.989523 1.556689 3.014019
 9186.000000 22.913732 1.556181 3.032701
 9189.000000 22.957594 1.536666 3.035764
 9192.000000 22.942421 1.536468 3.053364
 9195.000000 22.951009 1.521163 3.034641
 9198.000000 22.851922 1.536342 3.033765
 9201.000000 22.884678 1.550804 2.991998
 9204.000000 22.914002 1.551092 2.961591
 9207.000000 22.904725 1.563613 2.979898
 9210.000000 22.989507 1.578882 2.975564
 9213.000000 22.997336 1.561011 2.983489
 9216.000000 22.904947 1.537674 3.002894
 9219.000000 22.896149 1.532455 3.012170
 9222.000000 22.832126 1.579770 2.994160
 9225.000000 22.861836 1.562805 2.974675
 9228.000000 22.792802 1.574150 2.975644
 9231.000000 22.799409 1.596189 2.978222
 9234.000000 22.842693 1.609151 2.926162
 9237.000000 22.795466 1.593597 2.927573
 9240.000000 22.779809 1.593667 2.950177
 9243.000000 22.794046 1.609014 2.936593
 9246.000000 22.776201 1.590701 2.990217
 9249.000000 22.812564 1.578636 2.998501
 9252.000000 22.805574 1.574147 2.993830
 9255.000000 22.800240 1.577454 2.984469
 9258.000000 22.960422 1.612005 2.958780
 9261.000000 22.954704 1.583020 2.989786
 9264.000000 22.952628 1.584042 3.014373
 9267.000000 22.915859 1.585036 2.955911
 9270.000000 22.897926 1.590244 2.941119
 9273.000000 22.917265 1.561603 2.988681
 9276.000000 22.887343 1.567958 2.992032
 9279.000000 22.943410 1.593104 2.965994
 9282.000000 22.907043 1.572219 2.982241
 9285.000000 22.932351 1.602084 2.955020
 9288.000000 22.883506 1.592520 2.972052
 9291.000000 22.818342 1.592772 2.951238
 9294.000000 22.899008 1.594796 2.944837
 9297.000000 22.919133 1.604731 2.922341
 9300.000000 22.912074 1.602123 2.930350
 9303.000000 22.876774 1.593555 2.935657
 9306.000000 22.952474 1.562963 2.937619
 9309.000000 23.008104 1.557258 2.953814
 9312.000000 22.981963 1.583218 2.931564
 9315.000000 23.014474 1.551780 2.930581
 9318.000000 23.047685 1.546452 2.965193
 9321.000000 22.982812 1.527175 2.984550
 9324.000000 22.894774 1.558576 2.972937
 9327.000000 22.911752 1.542204 2.958201
 9330.000000 22.881072 1.583382 2.971097
 9333.000000 22.898749 1.557759 2.971124
 9336.000000 22.845433 1.539467 2.977848
 9339.000000 22.910587 1.530423 2.959321
 9342.000000 22.809058 1.542086 2.947221
 9345.000000 22.750774 1.522610 2.971937
 9348.000000 22.835440 1.528559 2.943637
 9351.000000 22.829229 1.520179 2.939070
 9354.000000 22.802334 1.488745 2.946428
 9357.000000 22.799721 1.507431 2.937576
 9360.000000 22.763145 1.498574 2.955044
 9363.000000 22.814014 1.493536 2.952608
 9366.000000 22.773071 1.500797 2.968608
 9369.000000 22.805246 1.486134 2.991667
 9372.000000 22.797083 1.489726 2.973553
 9375.000000 22.772951 1.508230 2.960470
 9378.000000 22.816590 1.510724 2.957134
 9381.000000 22.833084 1.492856 2.959952
 9384.000000 22.806669 1.478323 2.980168
 9387.000000 22.782122 1.487012 2.971870
 9390.000000 22.833297 1.494491 2.939426
 9393.000000 22.876561 1.487958 2.927580
 9396.000000 22.917414 1.493982 2.944666
 9399.000000 22.959536 1.498750 2.987195
 9402.000000 22.924916 1.492626 2.981078
 9405.000000 22.892389 1.485219 2.973656
 9408.000000 22.928931 1.512456 2.976570
 9411.000000 23.005446 1.471280 3.013949
 9414.000000 22.895186 1.508812 2.934485
 9417.000000 22.870576 1.498506 2.929145
 9420.000000 22.855444 1.492455 2.933907
 9423.000000 22.845314 1.503787 2.922047
 9426.000000 22.823947 1.506159 2.945944
 9429.000000 22.797219 1.543022 2.935317
 9432.000000 22.724932 1.529276 2.897325
 9435.000000 22.823432 1.527805 2.906440
 9438.000000 22.810771 1.515319 2.916886
 9441.000000 22.798698 1.494385 2.925724
 9444.000000 22.823942 1.513005 2.941104
 9447.000000 22.772483 1.505852 2.921028
 9450.000000 22.877869 1.523388 2.943163
 9453.000000 22.854627 1.489989 2.961812
 9456.000000 22.758551 1.535435 2.968966
 9459.000000 22.745709 1.514565 3.001919
 9462.000000 22.666004 1.527374 2.978919
 9465.000000 22.714135 1.530443 2.985190
 9468.000000 22.741135 1.523664 3.001397
 9471.000000 22.892181 1.538409 2.990734
 9474.000000 22.810077 1.524718 3.031378
 9477.000000 22.867877 1.552099 3.000216
 9480.000000 22.899880 1.543006 3.035822
 9483.000000 22.891541 1.530909 3.006897
 9486.000000 22.914019 1.502347 3.030069
 9489.000000 23.021908 1.494999 3.027879
 9492.000000 22.955650 1.511765 3.023586
 9495.000000 22.928490 1.519792 3.049114
 9498.000000 23.024617 1.497512 3.040993
 9501.000000 22.985013 1.529141 3.018157
 9504.000000 22.997868 1.512005 3.034120
 9507.000000 22.946169 1.521275 3.015601
 9510.000000 22.932175 1.531158 2.964890
 9513.000000 22.909596 1.507619 2.982126
 9516.000000 23.031847 1.518120 2.979807
 9519.000000 23.039437 1.498919 3.003903
 9522.000000 23.013990 1.530822 2.981484
 9525.000000 23.021262 1.518297 2.953189
 9528.000000 23.024045 1.515502 2.971563
 9531.000000 22.990353 1.521002 2.951535
 9534.000000 22.941446 1.498945 2.982771
 9537.000000 22.967834 1.524250 2.954043
 9540.000000 22.914086 1.498100 2.925601
 9543.000000 22.845331 1.512158 2.915332
 9546.000000 22.912362 1.498515 2.934516
 9549.000000 22.858653 1.513650 2.929281
 9552.000000 22.967896 1.492614 2.931866
 9555.000000 22.865679 1.493479 2.933171
 9558.000000 22.795932 1.494537 2.937766
 9561.000000 22.853199 1.500424 2.930246
 9564.000000 22.873773 1.471083 2.951895
 9567.000000 22.810688 1.470122 2.964846
 9570.000000 22.815212 1.486203 2.934069
 9573.000000 22.811711 1.482187 2.945669
 9576.000000 22.862128 1.443564 2.971278
 9579.000000 22.925176 1.477342 2.933597
 9582.000000 22.925876 1.481506 2.960038
 9585.000000 22.859721 1.475283 2.973323
 9588.000000 22.831771 1.511026 2.949256
 9591.000000 22.841365 1.504113 2.976901
 9594.000000 22.836741 1.511322 2.990126
 9597.000000 22.808245 1.505647 2.956315
 9600.000000 22.862873 1.501441 2.966618
 9603.000000 22.956806 1.516623 2.962371
 9606.000000 22.906512 1.504931 2.968235
 9609.000000 22.882215 1.494505 2.966283
 9612.000000 22.983799 1.517063 2.952633
 9615.000000 22.952272 1.503303 2.931149
 9618.000000 22.931120 1.509994 2.953397
 9621.000000 22.929498 1.497041 2.987325
 9624.000000 22.853673 1.501335 2.989022
 9627.000000 22.881624 1.472110 3.024601
 9630.000000 22.827085 1.494000 3.024369
 9633.000000 22.839854 1.505851 2.998311
 9636.000000 22.913523 1.494582 3.023210
 9639.000000 22.933041 1.503804 3.001211
 9642.000000 23.033801 1.508916 2.966891
 9645.000000 22.944129 1.523715 2.965146
 9648.000000 22.932357 1.545429 2.979119
 9651.000000 22.931906 1.523283 2.989158
 9654.000000 22.937748 1.525762 3.010711
 9657.000000 22.884117 1.529462 3.022194
 9660.000000 22.883045 1.518144 3.010233
 9663.000000 22.890556 1.536407 3.017182
 9666.000000 22.871927 1.527573 3.023442
 9669.000000 22.760365 1.527881 2.999287
 9672.000000 22.820884 1.521145 2.993766
 9675.000000 22.854368 1.511291 2.992083
 9678.000000 22.806816 1.512819 2.992892
 9681.000000 22.773274 1.519389 3.004369
 9684.000000 22.850419 1.527376 2.998459
 9687.000000 22.782732 1.493020 2.978914
 9690.000000 22.815989 1.520991 2.975692
 9693.000000 22.821462 1.492118 2.994986
 9696.000000 22.862685 1.505236 2.980471
 9699.000000 22.879363 1.500071 3.010609
 9702.000000 22.838448 1.521713 2.954114
 9705.000000 22.903986 1.522051 2.971287
 9708.000000 22.868028 1.501991 2.970291
 9711.000000 22.890313 1.502811 2.984595
 9714.000000 22.857755 1.546267 2.940735
 9717.000000 22.851233 1.559005 2.958545
 9720.000000 22.921822 1.573330 2.926876
 9723.000000 22.845597 1.589458 2.921590
 9726.000000 22.881994 1.545994 2.961295
 9729.000000 22.901907 1.548454 2.961614
 9732.000000 22.945840 1.558817 2.962769
 9735.000000 22.972257 1.524278 2.977368
 9738.000000 23.020146 1.516152 2.960513
 9741.000000 22.946227 1.492211 2.963340
 9744.000000 22.963154 1.525474 2.920978
 9747.000000 23.038240 1.505812 2.957156
 9750.000000 23.068410 1.512596 2.909281
 9753.000000 23.047709 1.485782 2.975001
 9756.000000 22.941403 1.485520 2.931333
 9759.000000 22.882004 1.496214 2.947288
 9762.000000 22.906398 1.498419 2.950079
 9765.000000 22.920681 1.501260 2.986062
 9768.000000 22.936411 1.508657 2.956071
 9771.000000 22.907737 1.501903 2.953080
 9774.000000 22.893462 1.518584 2.969354
 9777.000000 22.890886 1.518913 2.949837
 9780.000000 22.844281 1.535928 2.935310
 9783.000000 22.835609 1.515415 2.969610
 9786.000000 22.741238 1.531658 2.951345
 9789.000000 22.804393 1.529833 2.964454
 9792.000000 22.762628 1.525116 2.978320
 9795.000000 22.842333 1.527578 2.940783
 9798.000000 22.879844 1.515791 2.970553
 9801.000000 22.856717 1.532364 2.985786
 9804.000000 22.833702 1.526144 2.974366
 9807.000000 22.978865 1.523405 2.994395
 9810.000000 22.973811 1.520940 3.008870
 9813.000000 22.982870 1.520550 3.013594
 9816.000000 22.941998 1.521151 2.973808
 9819.000000 22.858053 1.497112 3.036172
 9822.000000 22.835401 1.537645 3.028486
 9825.000000 22.735934 1.530328 3.002176
 9828.000000 22.750384 1.518644 3.008466
 9831.000000 22.796202 1.479241 3.031593
 9834.000000 22.774530 1.505435 3.022141
 9837.000000 22.827672 1.497061 3.008851
 9840.000000 22.870267 1.511069 3.014730
 9843.000000 22.984618 1.497081 3.037004
 9846.000000 22.934524 1.489382 3.040018
 9849.000000 22.921427 1.510869 3.026589
 9852.000000 22.931274 1.502131 3.019393
 9855.000000 22.946566 1.498044 3.017938
 9858.000000 22.957587 1.498398 3.013593
 9861.000000 22.999062 1.506618 2.980638
 9864.000000 22.908021 1.528383 2.970649
 9867.000000 22.930549 1.529607 2.970015
 9870.000000 22.883599 1.510042 3.000348
 9873.000000 22.834460 1.499772 2.987641
 9876.000000 22.820502 1.484959 3.014556
 9879.000000 22.901904 1.488293 2.990829
 9882.000000 22.956329 1.494719 2.986191
 9885.000000 22.929178 1.487872 2.984824
 9888.000000 23.002847 1.478619 3.007382
 9891.000000 22.970813 1.494802 3.009982
 9894.000000 23.064351 1.523872 3.001220
 9897.000000 23.015326 1.515991 3.020635
 9900.000000 23.005577 1.533478 3.023730
 9903.000000 22.947359 1.514870 3.051262
 9906.000000 22.916950 1.521217 3.036150
 9909.000000 22.954552 1.535354 2.984286
 9912.000000 22.927663 1.522484 3.004643
 9915.000000 22.947906 1.524926 2.978366
 9918.000000 22.916890 1.539278 2.965354
 9921.000000 22.964167 1.513914 3.000088
 9924.000000 22.961764 1.511102 3.015677
 9927.000000 22.953205 1.515225 3.053426
 9930.000000 22.870724 1.492290 3.075017
 9933.000000 22.947695 1.465797 3.043467
 9936.000000 22.923056 1.480549 3.030462
 9939.000000 22.989835 1.479072 3.013278
 9942.000000 22.955101 1.478405 3.002655
 9945.000000 22.876985 1.459874 2.987590
 9948.000000 22.972590 1.499655 2.941470
 9951.000000 22.888569 1.486084 2.966810
 9954.000000 22.862955 1.499499 2.949610
 9957.000000 22.843818 1.524880 2.927093
 9960.000000 22.902421 1.511925 2.937508
 9963.000000 22.904230 1.472610 2.955797
 9966.000000 22.936019 1.519821 2.963868
 9969.000000 22.938333 1.527975 2.973586
 9972.000000 22.995948 1.528589 2.976154
 9975.000000 23.045875 1.503179 2.990519
 9978.000000 23.003221 1.487631 3.032033
 9981.000000 23.039550 1.519649 2.990456
 9984.000000 22.974453 1.518489 3.001299
 9987.000000 22.918336 1.507122 3.013939
 9990.000000 23.017408 1.521533 3.012561
 9993.000000 22.896187 1.526349 3.009597
 9996.000000 22.873096 1.531772 3.025757
 9999.000000 22.825251 1.529318 3.020660
 10002.000000 22.834649 1.548288 2.991984
 10005.000000 22.779981 1.550195 2.982935
 10008.000000 22.843467 1.556651 3.010622
 10011.000000 22.905681 1.550635 3.013216
 10014.000000 22.852868 1.563040 3.001194
 10017.000000 22.819349 1.544383 3.030184
 10020.000000 22.924878 1.568721 2.982179
 10023.000000 22.902534 1.553695 3.008790
 10026.000000 22.878547 1.553505 3.008168
 10029.000000 22.830258 1.574910 2.981991
 10032.000000 22.657661 1.571571 2.998836
 10035.000000 22.749440 1.557414 2.987585
 10038.000000 22.660829 1.563420 2.985165
 10041.000000 22.693197 1.537254 3.002792
 10044.000000 22.702786 1.518614 3.023641
 10047.000000 22.731091 1.548440 3.003489
 10050.000000 22.697279 1.557016 2.982004
 10053.000000 22.746952 1.564925 2.959541
 10056.000000 22.785474 1.546876 2.978874
 10059.000000 22.834641 1.535776 2.978411
 10062.000000 22.875244 1.536018 2.962932
 10065.000000 23.000951 1.562270 2.952263
 10068.000000 22.892194 1.551514 2.969681
 10071.000000 22.943169 1.545995 2.958747
 10074.000000 22.900729 1.565507 2.947743
 10077.000000 22.840641 1.556071 2.951627
 10080.000000 22.859651 1.546280 2.951469
 10083.000000 22.839100 1.542315 2.974507
 10086.000000 22.844816 1.535441 2.962575
 10089.000000 22.792094 1.531027 2.921378
 10092.000000 22.880698 1.538554 2.934554
 10095.000000 22.818889 1.532255 2.960483
 10098.000000 22.808569 1.527869 2.950002
 10101.000000 22.848189 1.543081 2.937752
 10104.000000 22.699622 1.532137 2.962898
 10107.000000 22.757413 1.525103 2.962705
 10110.000000 22.815721 1.524686 2.987390
 10113.000000 22.787415 1.537232 2.963426
 10116.000000 22.818724 1.555826 2.935037
 10119.000000 22.801568 1.545887 2.934268
 10122.000000 22.877021 1.538967 2.906004
 10125.000000 22.941686 1.513695 2.952420
 10128.000000 22.917052 1.513290 2.942636
 10131.000000 22.946940 1.507391 2.934216
 10134.000000 22.883148 1.501670 2.983345
 10137.000000 22.764602 1.480596 3.006298
 10140.000000 22.807622 1.501454 2.991152
 10143.000000 22.768885 1.495754 2.993047
 10146.000000 22.672942 1.539464 2.932304
 10149.000000 22.799664 1.538822 2.958222
 10152.000000 22.837392 1.528616 2.963594
 10155.000000 22.832110 1.538691 2.943304
 10158.000000 22.798267 1.535000 2.922974
 10161.000000 22.779619 1.565954 2.877956
 10164.000000 22.780281 1.543442 2.929031
 10167.000000 22.875654 1.532712 2.941997
 10170.000000 22.941725 1.510318 2.927732
 10173.000000 22.843377 1.502068 2.921080
 10176.000000 22.812356 1.500272 2.898364
 10179.000000 22.782661 1.494685 2.918702
 10182.000000 22.805510 1.476389 2.932862
 10185.000000 22.751478 1.502395 2.903661
 10188.000000 22.781428 1.493348 2.945719
 10191.000000 22.839096 1.491323 2.949841
 10194.000000 22.792219 1.502205 2.929433
 10197.000000 22.831051 1.491582 2.910796
 10200.000000 22.769900 1.514025 2.893492
 10203.000000 22.772953 1.487535 2.942314
 10206.000000 22.718406 1.490246 2.911689
 10209.000000 22.738046 1.485547 2.917343
 10212.000000 22.766847 1.501640 2.885408
 10215.000000 22.748345 1.506357 2.880688
 10218.000000 22.810251 1.510090 2.918624
 10221.000000 22.805729 1.538522 2.892509
 10224.000000 22.827873 1.535609 2.886972
 10227.000000 22.792148 1.529894 2.885973
 10230.000000 22.770679 1.509326 2.935282
 10233.000000 22.663015 1.496520 2.951493
 10236.000000 22.714331 1.530555 2.902017
 10239.000000 22.671854 1.504434 2.959928
 10242.000000 22.765563 1.495046 2.948391
 10245.000000 22.694193 1.494614 2.941198
 10248.000000 22.648275 1.500600 2.940236
 10251.000000 22.687536 1.468685 2.953136
 10254.000000 22.710886 1.509030 2.923924
 10257.000000 22.667214 1.508007 2.902781
 10260.000000 22.771090 1.475746 2.935320
 10263.000000 22.753160 1.477896 2.927336
 10266.000000 22.737034 1.443443 2.976990
 10269.000000 22.810812 1.444418 2.942261
 10272.000000 22.775960 1.455441 2.925917
 10275.000000 22.717477 1.434847 2.959508
 10278.000000 22.719512 1.442518 2.954538
 10281.000000 22.724765 1.482743 2.921801
 10284.000000 22.783876 1.472830 2.983996
 10287.000000 22.637394 1.483936 2.971108
 10290.000000 22.676317 1.483365 3.024357
 10293.000000 22.687380 1.505769 2.955213
 10296.000000 22.744091 1.519103 2.966833
 10299.000000 22.742760 1.511367 2.932426
 10302.000000 22.804536 1.517215 2.949902
 10305.000000 22.790139 1.529650 2.975633
 10308.000000 22.717377 1.510175 2.977165
 10311.000000 22.725799 1.502935 3.006805
 10314.000000 22.726102 1.519823 2.992488
 10317.000000 22.646890 1.527561 2.968956
 10320.000000 22.662011 1.526326 3.007212
 10323.000000 22.611911 1.518429 3.002409
 10326.000000 22.739127 1.520601 2.965836
 10329.000000 22.733477 1.522294 2.976914
 10332.000000 22.673705 1.530675 2.958695
 10335.000000 22.727672 1.518781 2.960316
 10338.000000 22.686614 1.525045 2.950948
 10341.000000 22.712610 1.504501 2.938532
 10344.000000 22.732034 1.496633 2.989344
 10347.000000 22.836743 1.499498 2.994118
 10350.000000 22.802726 1.506281 2.997934
 10353.000000 22.869189 1.522991 2.976289
 10356.000000 22.880377 1.495253 2.959097
 10359.000000 22.884103 1.476191 3.012248
 10362.000000 22.833857 1.502168 2.966504
 10365.000000 22.881020 1.510091 2.971892
 10368.000000 22.914673 1.490851 3.014255
 10371.000000 22.855767 1.485083 2.997218
 10374.000000 22.880614 1.489625 2.970834
 10377.000000 22.850165 1.501029 2.986711
 10380.000000 22.800136 1.518970 3.000160
 10383.000000 22.769475 1.506642 3.029187
 10386.000000 22.845830 1.518508 3.027125
 10389.000000 22.893139 1.506768 3.004949
 10392.000000 22.885657 1.507350 3.023378
 10395.000000 22.841786 1.499182 2.998113
 10398.000000 22.833224 1.507998 2.972534
 10401.000000 22.850963 1.509164 2.965801
 10404.000000 22.902345 1.509874 2.997479
 10407.000000 22.853725 1.511487 2.955970
 10410.000000 22.828759 1.492782 2.962905
 10413.000000 22.848493 1.486306 2.979089
 10416.000000 22.833790 1.497483 2.971251
 10419.000000 22.892893 1.494484 2.993413
 10422.000000 22.973975 1.500663 2.989756
 10425.000000 22.991796 1.509234 2.956242
 10428.000000 22.970469 1.477250 2.967826
 10431.000000 22.897449 1.481571 2.983183
 10434.000000 22.889671 1.485188 2.945714
 10437.000000 22.879501 1.515988 2.957580
 10440.000000 22.976661 1.499503 2.944066
 10443.000000 22.896723 1.516022 2.937326
 10446.000000 22.862821 1.511779 2.952319
 10449.000000 22.892152 1.516904 2.928352
 10452.000000 22.980093 1.534592 2.912589
 10455.000000 22.931736 1.553821 2.898456
 10458.000000 22.844360 1.519074 2.935830
 10461.000000 22.799637 1.536039 2.954612
 10464.000000 22.845058 1.532708 2.945964
 10467.000000 22.838315 1.537863 2.943765
 10470.000000 22.765710 1.527430 2.969669
 10473.000000 22.787137 1.525364 2.967255
 10476.000000 22.819272 1.534834 2.975236
 10479.000000 22.785410 1.508205 2.987720
 10482.000000 22.742293 1.517485 2.968354
 10485.000000 22.783241 1.522932 2.977240
 10488.000000 22.688000 1.506238 2.985020
 10491.000000 22.687333 1.506283 3.027239
 10494.000000 22.806175 1.525993 3.006964
 10497.000000 22.787602 1.551415 3.015203
 10500.000000 22.801668 1.535618 3.022618
 10503.000000 22.755467 1.536211 3.019338
 10506.000000 22.804372 1.559093 3.032568
 10509.000000 22.713071 1.546449 3.039304
 10512.000000 22.746676 1.549308 3.049033
 10515.000000 22.730336 1.577458 3.028494
 10518.000000 22.680879 1.580983 2.998229
 10521.000000 22.702345 1.562540 3.000283
 10524.000000 22.692390 1.560784 2.977417
 10527.000000 22.711633 1.548735 2.990616
 10530.000000 22.705193 1.571079 2.982746
 10533.000000 22.696888 1.559879 2.994669
 10536.000000 22.764284 1.563919 2.987160
 10539.000000 22.758519 1.591047 2.969588
 10542.000000 22.738482 1.581243 2.949336
 10545.000000 22.783527 1.571384 2.992376
 10548.000000 22.735986 1.565333 2.973062
 10551.000000 22.787401 1.566106 2.989597
 10554.000000 22.782809 1.566318 2.980200
 10557.000000 22.845334 1.577854 2.952051
 10560.000000 22.852527 1.580547 2.953917
 10563.000000 22.883081 1.554932 2.978548
 10566.000000 22.808243 1.551865 2.957310
 10569.000000 22.767462 1.591594 2.929681
 10572.000000 22.748879 1.595352 2.957053
 10575.000000 22.658941 1.570456 2.954440
 10578.000000 22.584278 1.575458 2.985170
 10581.000000 22.702547 1.603211 2.962436
 10584.000000 22.791867 1.599648 2.982997
 10587.000000 22.834902 1.600391 2.955371
 10590.000000 22.849679 1.591753 2.989051
 10593.000000 22.907028 1.579168 2.992089
 10596.000000 23.016526 1.574610 2.996398
 10599.000000 22.961301 1.582839 2.946401
 10602.000000 22.988111 1.542691 2.976651
 10605.000000 22.966509 1.553492 2.952856
 10608.000000 22.908846 1.574476 2.910942
 10611.000000 22.863724 1.555202 2.962441
 10614.000000 22.909166 1.573116 2.908909
 10617.000000 22.952602 1.605434 2.901544
 10620.000000 22.862177 1.569589 2.945473
 10623.000000 22.897627 1.543962 2.956153
 10626.000000 22.911559 1.569146 2.893625
 10629.000000 22.907862 1.558033 2.904176
 10632.000000 22.790454 1.537019 2.912816
 10635.000000 22.771769 1.549235 2.925460
 10638.000000 22.872455 1.559970 2.922754
 10641.000000 22.844931 1.517961 2.951592
 10644.000000 22.853847 1.511464 2.952015
 10647.000000 22.840877 1.517634 2.932228
 10650.000000 22.913389 1.516064 2.928455
 10653.000000 22.900388 1.502843 2.951964
 10656.000000 22.840486 1.498923 2.927462
 10659.000000 22.813852 1.487970 2.912000
 10662.000000 22.880063 1.483228 2.960593
 10665.000000 22.834842 1.488948 2.956092
 10668.000000 22.816124 1.472452 2.984324
 10671.000000 22.770451 1.455041 2.954219
 10674.000000 22.724179 1.466603 2.962092
 10677.000000 22.704081 1.474981 2.947013
 10680.000000 22.799879 1.460557 2.922471
 10683.000000 22.761894 1.448057 2.931795
 10686.000000 22.806732 1.451528 2.930208
 10689.000000 22.898506 1.467046 2.932587
 10692.000000 22.869645 1.453910 2.945033
 10695.000000 22.842842 1.451906 2.940317
 10698.000000 22.844969 1.432096 2.949575
 10701.000000 22.846553 1.428295 2.938237
 10704.000000 22.868716 1.440284 2.953586
 10707.000000 22.841524 1.447466 2.959042
 10710.000000 22.920874 1.459547 2.930104
 10713.000000 22.850182 1.479651 2.916593
 10716.000000 22.848426 1.494650 2.936277
 10719.000000 22.779942 1.510698 2.917756
 10722.000000 22.777039 1.483436 2.949521
 10725.000000 22.870904 1.492858 2.897247
 10728.000000 22.785074 1.483354 2.888773
 10731.000000 22.759542 1.498217 2.935298
 10734.000000 22.749244 1.465251 2.972427
 10737.000000 22.716823 1.449047 2.950209
 10740.000000 22.743434 1.453847 2.932035
 10743.000000 22.698077 1.459455 2.943085
 10746.000000 22.750180 1.471357 2.922932
 10749.000000 22.751997 1.466487 2.921240
 10752.000000 22.828752 1.456397 2.957939
 10755.000000 22.818776 1.483900 2.906012
 10758.000000 22.836568 1.478968 2.944731
 10761.000000 22.818004 1.490864 2.972814
 10764.000000 22.795698 1.488913 2.985364
 10767.000000 22.849968 1.485101 2.973422
 10770.000000 22.778840 1.464960 2.958592
 10773.000000 22.778133 1.507673 2.925961
 10776.000000 22.849686 1.503780 2.954181
 10779.000000 22.837746 1.504459 2.984256
 10782.000000 22.766155 1.512322 2.964205
 10785.000000 22.731866 1.533142 2.934038
 10788.000000 22.762351 1.506309 2.955077
 10791.000000 22.660155 1.522366 2.942513
 10794.000000 22.783529 1.543339 2.945360
 10797.000000 22.815669 1.536586 2.968432
 10800.000000 22.839258 1.542135 2.976165
 10803.000000 22.804501 1.522038 2.959238
 10806.000000 22.824928 1.505929 2.941084
 10809.000000 22.811695 1.536989 2.932801
 10812.000000 22.892284 1.534146 2.902375
 10815.000000 22.800983 1.509659 2.932150
 10818.000000 22.744095 1.506063 2.979085
 10821.000000 22.700302 1.531712 2.946416
 10824.000000 22.760464 1.525911 2.959213
 10827.000000 22.810252 1.501094 2.925622
 10830.000000 22.803398 1.492381 2.936031
 10833.000000 22.897602 1.479905 2.934927
 10836.000000 22.891438 1.509231 2.910213
 10839.000000 22.920197 1.496487 2.929286
 10842.000000 22.922672 1.485680 2.958005
 10845.000000 22.868854 1.483798 2.944073
 10848.000000 22.784364 1.486883 2.902027
 10851.000000 22.824847 1.509822 2.935246
 10854.000000 22.821060 1.513733 2.960290
 10857.000000 22.801663 1.520361 2.934989
 10860.000000 22.759113 1.519418 2.934752
 10863.000000 22.781309 1.504786 2.953731
 10866.000000 22.772865 1.533404 2.916065
 10869.000000 22.797345 1.522429 2.887766
 10872.000000 22.774285 1.497617 2.912099
 10875.000000 22.756227 1.502382 2.917292
 10878.000000 22.755335 1.537980 2.905270
 10881.000000 22.814081 1.511884 2.944452
 10884.000000 22.729167 1.510045 2.952952
 10887.000000 22.779849 1.522266 2.940012
 10890.000000 22.714697 1.532723 2.955072
 10893.000000 22.745560 1.515953 2.960781
 10896.000000 22.712441 1.514463 2.953703
 10899.000000 22.744518 1.554441 2.924943
 10902.000000 22.774129 1.579035 2.899558
 10905.000000 22.775625 1.516674 2.968266
 10908.000000 22.779828 1.533319 2.952346
 10911.000000 22.724867 1.547321 2.957619
 10914.000000 22.726581 1.525623 2.954953
 10917.000000 22.745491 1.512527 2.921254
 10920.000000 22.780136 1.501244 2.968959
 10923.000000 22.759609 1.508396 2.980703
 10926.000000 22.791660 1.496325 2.949283
 10929.000000 22.767366 1.542700 2.957777
 10932.000000 22.746680 1.546973 2.945094
 10935.000000 22.858802 1.537982 2.957219
 10938.000000 22.806824 1.512979 2.965194
 10941.000000 22.886030 1.506551 2.955216
 10944.000000 22.861285 1.500963 2.911683
 10947.000000 22.942760 1.485382 2.941426
 10950.000000 22.969654 1.499625 2.941476
 10953.000000 22.990803 1.496629 2.915545
 10956.000000 22.989912 1.512299 2.900907
 10959.000000 22.928599 1.496710 2.934818
 10962.000000 22.967287 1.511800 2.895997
 10965.000000 22.933699 1.521953 2.905751
 10968.000000 22.887757 1.504620 2.894255
 10971.000000 22.901005 1.499748 2.914388
 10974.000000 22.894307 1.505164 2.898341
 10977.000000 22.835994 1.496647 2.917800
 10980.000000 22.875629 1.513812 2.933297
 10983.000000 22.907912 1.505828 2.942333
 10986.000000 22.975974 1.504265 2.956289
 10989.000000 23.095172 1.484201 2.956933
 10992.000000 23.103026 1.496756 2.967510
 10995.000000 23.025464 1.495729 2.976041
 10998.000000 22.941295 1.479078 2.961520
 11001.000000 22.946920 1.480198 2.963602
 11004.000000 22.922206 1.483157 2.961253
 11007.000000 22.913342 1.483848 2.930761
 11010.000000 22.922503 1.512026 2.964689
 11013.000000 22.920888 1.520148 2.944681
 11016.000000 22.861739 1.502220 2.938894
 11019.000000 22.819229 1.513040 2.924837
 11022.000000 22.852817 1.513942 2.933256
 11025.000000 22.911042 1.512080 2.924650
 11028.000000 22.816361 1.516837 2.907391
 11031.000000 22.773251 1.508526 2.903306
 11034.000000 22.753593 1.483794 2.961273
 11037.000000 22.733398 1.514776 2.982698
 11040.000000 22.856325 1.497717 2.994871
 11043.000000 22.815064 1.510681 2.949971
 11046.000000 22.746793 1.502810 2.980871
 11049.000000 22.767261 1.515730 2.931371
 11052.000000 22.678988 1.512242 2.945160
 11055.000000 22.738965 1.513809 2.937764
 11058.000000 22.786426 1.524492 2.907638
 11061.000000 22.791554 1.524075 2.932709
 11064.000000 22.794030 1.522772 2.931870
 11067.000000 22.761453 1.495292 2.978137
 11070.000000 22.819368 1.547245 2.955312
 11073.000000 22.814172 1.567897 2.905933
 11076.000000 22.824829 1.537954 2.947757
 11079.000000 22.731707 1.535878 2.965567
 11082.000000 22.799696 1.541815 2.998620
 11085.000000 22.825103 1.539927 2.989619
 11088.000000 22.855064 1.533522 2.980805
 11091.000000 22.764959 1.526631 2.994970
 11094.000000 22.788985 1.518784 2.998363
 11097.000000 22.740974 1.529523 2.971918
 11100.000000 22.797057 1.549415 2.934332
 11103.000000 22.774384 1.554942 2.949005
 11106.000000 22.889304 1.551066 2.956423
 11109.000000 22.861377 1.547749 2.992031
 11112.000000 22.781839 1.554198 2.966321
 11115.000000 22.745792 1.562583 2.915557
 11118.000000 22.760435 1.538938 2.941547
 11121.000000 22.807002 1.538917 2.953532
 11124.000000 22.774837 1.558346 2.912396
 11127.000000 22.826394 1.530247 2.914935
 11130.000000 22.823033 1.525865 2.893851
 11133.000000 22.848738 1.519187 2.881194
 11136.000000 22.822847 1.527051 2.876127
 11139.000000 22.957871 1.526821 2.908900
 11142.000000 22.991269 1.540006 2.897972
 11145.000000 23.044540 1.530574 2.908262
 11148.000000 23.017526 1.540046 2.919783
 11151.000000 23.025194 1.552370 2.902097
 11154.000000 23.070651 1.535779 2.919135
 11157.000000 22.973246 1.538304 2.920336
 11160.000000 23.033454 1.545373 2.893964
 11163.000000 23.003168 1.520123 2.933698
 11166.000000 23.019711 1.528219 2.955396
 11169.000000 23.084764 1.518822 2.951515
 11172.000000 23.074671 1.525456 2.909851
 11175.000000 23.064041 1.512433 2.957657
 11178.000000 23.119166 1.504797 2.954037
 11181.000000 23.154354 1.506014 2.993307
 11184.000000 23.155266 1.526435 2.993465
 11187.000000 23.137282 1.523970 2.994075
 11190.000000 22.988512 1.541590 2.952172
 11193.000000 23.036195 1.533146 2.947894
 11196.000000 23.016159 1.520973 2.961050
 11199.000000 23.118102 1.544065 2.972651
 11202.000000 23.128008 1.526410 2.971206
 11205.000000 23.158100 1.545917 2.964089
 11208.000000 23.075247 1.553525 2.967086
 11211.000000 22.996863 1.527603 2.995404
 11214.000000 22.992043 1.525570 3.014455
 11217.000000 22.994539 1.552130 2.981464
 11220.000000 23.004410 1.539133 2.977454
 11223.000000 22.957557 1.542670 3.000141
 11226.000000 22.935668 1.563952 2.950970
 11229.000000 22.957458 1.523752 2.984953
 11232.000000 22.899620 1.525260 2.953721
 11235.000000 22.984639 1.538201 2.981001
 11238.000000 22.870610 1.550274 2.951904
 11241.000000 22.840310 1.541260 2.980804
 11244.000000 22.913373 1.551516 2.932879
 11247.000000 22.843492 1.524843 2.952135
 11250.000000 22.763474 1.524602 2.976157
 11253.000000 22.777897 1.532609 2.963690
 11256.000000 22.735392 1.509613 2.973879
 11259.000000 22.834476 1.522570 2.963674
 11262.000000 22.880359 1.531302 2.976542
 11265.000000 22.945676 1.516262 2.968721
 11268.000000 22.921248 1.520690 2.934832
 11271.000000 22.867671 1.507695 2.926023
 11274.000000 22.928124 1.507924 2.936620
 11277.000000 22.882562 1.511427 2.936266
 11280.000000 22.820375 1.530098 2.930079
 11283.000000 22.872502 1.523383 2.943776
 11286.000000 22.937926 1.533444 2.928991
 11289.000000 22.824561 1.513111 2.924955
 11292.000000 22.745641 1.498828 2.914738
 11295.000000 22.741182 1.503057 2.923148
 11298.000000 22.750941 1.549431 2.933949
 11301.000000 22.759391 1.542119 2.912603
 11304.000000 22.822071 1.528778 2.936858
 11307.000000 22.818664 1.501361 2.978736
 11310.000000 22.773616 1.515694 2.953703
 11313.000000 22.851803 1.528956 2.968618
 11316.000000 22.841643 1.516595 2.947754
 11319.000000 22.818790 1.513127 2.970201
 11322.000000 22.767197 1.515757 2.974131
 11325.000000 22.744790 1.521458 2.976260
 11328.000000 22.698119 1.544666 2.947655
 11331.000000 22.863277 1.546902 2.915261
 11334.000000 22.879853 1.569695 2.935197
 11337.000000 22.911895 1.566724 2.950573
 11340.000000 22.908623 1.573842 2.938436
 11343.000000 22.943923 1.600056 2.930524
 11346.000000 22.949970 1.598514 2.955801
 11349.000000 22.917833 1.592758 2.936292
 11352.000000 22.888090 1.567774 2.946235
 11355.000000 22.946244 1.590591 2.922504
 11358.000000 23.021212 1.582462 2.918790
 11361.000000 22.912883 1.565870 2.952854
 11364.000000 22.891890 1.580925 2.922345
 11367.000000 22.941513 1.529785 2.960891
 11370.000000 22.982548 1.561703 2.958331
 11373.000000 22.975356 1.557147 2.984599
 11376.000000 22.935067 1.565703 2.970496
 11379.000000 22.890287 1.561135 2.978197
 11382.000000 22.954232 1.525038 3.004541
 11385.000000 22.972425 1.548642 2.987238
 11388.000000 22.990954 1.524828 3.017838
 11391.000000 22.993711 1.562803 2.976266
 11394.000000 22.915010 1.537386 2.934735
 11397.000000 22.882217 1.516480 2.929281
 11400.000000 22.870334 1.527095 2.937346
 11403.000000 22.803599 1.544227 2.941337
 11406.000000 22.710426 1.542581 2.920488
 11409.000000 22.811652 1.534034 2.918219
 11412.000000 22.778353 1.526218 2.918392
 11415.000000 22.746856 1.537538 2.944938
 11418.000000 22.734885 1.552485 2.922048
 11421.000000 22.811827 1.567320 2.920092
 11424.000000 22.877182 1.572824 2.922583
 11427.000000 22.889757 1.580241 2.928337
 11430.000000 22.866996 1.572437 2.947706
 11433.000000 22.901344 1.585684 2.951619
 11436.000000 22.841487 1.573457 2.959802
 11439.000000 22.910855 1.573450 2.942606
 11442.000000 22.872796 1.570398 2.956112
 11445.000000 22.740688 1.559773 2.955724
 11448.000000 22.829550 1.546370 2.970814
 11451.000000 22.866476 1.556482 2.967795
 11454.000000 22.866188 1.558841 2.970874
 11457.000000 22.839730 1.545162 2.999211
 11460.000000 22.889363 1.580238 2.943614
 11463.000000 22.871531 1.565589 2.995321
 11466.000000 22.873541 1.545934 2.983224
 11469.000000 22.916578 1.531141 2.978651
 11472.000000 22.844333 1.544468 2.970153
 11475.000000 22.940843 1.540626 2.986589
 11478.000000 22.802081 1.538339 2.975544
 11481.000000 22.847663 1.553473 2.977827
 11484.000000 22.810825 1.562020 2.987668
 11487.000000 22.843246 1.553240 2.976646
 11490.000000 22.800209 1.560023 2.953057
 11493.000000 22.745366 1.558690 2.919190
 11496.000000 22.752373 1.527100 2.962440
 11499.000000 22.757946 1.515211 2.988201
 11502.000000 22.754977 1.507151 3.005428
 11505.000000 22.775480 1.507982 3.018865
 11508.000000 22.761456 1.500455 3.006790
 11511.000000 22.728996 1.525565 3.013765
 11514.000000 22.796677 1.509737 3.020547
 11517.000000 22.741206 1.523382 2.994326
 11520.000000 22.748266 1.502514 2.977621
 11523.000000 22.711379 1.505017 3.014497
 11526.000000 22.730609 1.506599 3.009104
 11529.000000 22.735666 1.510576 2.992089
 11532.000000 22.725455 1.525281 2.979890
 11535.000000 22.725780 1.511581 2.988641
 11538.000000 22.743654 1.505377 2.976991
 11541.000000 22.735024 1.510293 2.977329
 11544.000000 22.833607 1.505772 2.955599
 11547.000000 22.876149 1.505550 2.953853
 11550.000000 22.877987 1.521858 2.947868
 11553.000000 22.844508 1.551603 2.928310
 11556.000000 22.885411 1.537801 2.952181
 11559.000000 22.860039 1.541551 2.965031
 11562.000000 22.855190 1.555181 2.991916
 11565.000000 22.849034 1.547185 2.948364
 11568.000000 22.895380 1.531772 2.942300
 11571.000000 22.820985 1.527999 2.975544
 11574.000000 22.844386 1.542282 2.942685
 11577.000000 22.856103 1.517239 2.986502
 11580.000000 22.835168 1.517832 2.984023
 11583.000000 22.928852 1.502751 3.009282
 11586.000000 22.902627 1.484631 2.978096
 11589.000000 22.909251 1.488527 2.970354
 11592.000000 22.919128 1.498672 2.975139
 11595.000000 22.866462 1.515591 2.953882
 11598.000000 22.936340 1.493738 2.970681
 11601.000000 22.980894 1.494669 2.993385
 11604.000000 22.983938 1.488242 3.006506
 11607.000000 23.020286 1.510871 2.990168
 11610.000000 22.950018 1.503764 2.936009
 11613.000000 23.008626 1.503866 2.952944
 11616.000000 22.942925 1.537379 2.936577
 11619.000000 22.968897 1.531579 2.924614
 11622.000000 22.964175 1.521028 2.950990
 11625.000000 22.996081 1.540245 2.941223
 11628.000000 23.007595 1.536207 2.937691
 11631.000000 22.957720 1.522073 2.968538
 11634.000000 22.971382 1.518972 2.966545
 11637.000000 23.009391 1.523047 2.992625
 11640.000000 22.945495 1.519285 2.998203
 11643.000000 22.978336 1.514848 2.988131
 11646.000000 22.952314 1.527314 2.957479
 11649.000000 22.981894 1.548252 2.950485
 11652.000000 22.899811 1.535170 2.975953
 11655.000000 22.832697 1.543116 2.979633
 11658.000000 22.774283 1.553556 2.947207
 11661.000000 22.743241 1.552721 2.930176
 11664.000000 22.743802 1.574079 2.935549
 11667.000000 22.675233 1.589250 2.939458
 11670.000000 22.717029 1.564559 2.944577
 11673.000000 22.640930 1.596520 2.895920
 11676.000000 22.743013 1.580453 2.923515
 11679.000000 22.702527 1.575758 2.904317
 11682.000000 22.712729 1.583465 2.939165
 11685.000000 22.740465 1.584394 2.942086
 11688.000000 22.774397 1.575820 2.972487
 11691.000000 22.762232 1.559757 2.987428
 11694.000000 22.735278 1.587090 2.955321
 11697.000000 22.674740 1.579006 2.941346
 11700.000000 22.684549 1.560438 2.927804
 11703.000000 22.699770 1.539409 2.959190
 11706.000000 22.664314 1.562895 2.941326
 11709.000000 22.733751 1.536525 2.952009
 11712.000000 22.683318 1.552385 2.959206
 11715.000000 22.735471 1.548387 2.953349
 11718.000000 22.685797 1.567972 2.945299
 11721.000000 22.767827 1.592213 2.933527
 11724.000000 22.803252 1.568991 2.971084
 11727.000000 22.763832 1.608127 2.947875
 11730.000000 22.683484 1.591668 2.953082
 11733.000000 22.743213 1.562629 2.941763
 11736.000000 22.686532 1.573974 2.925720
 11739.000000 22.734451 1.558965 2.949696
 11742.000000 22.774776 1.578286 2.921272
 11745.000000 22.792049 1.591510 2.886881
 11748.000000 22.783579 1.583814 2.938469
 11751.000000 22.807374 1.555444 2.952064
 11754.000000 22.743301 1.577477 2.956198
 11757.000000 22.671407 1.546508 2.953194
 11760.000000 22.629057 1.536338 2.961329
 11763.000000 22.687915 1.569438 2.926983
 11766.000000 22.767158 1.528925 2.951408
 11769.000000 22.792086 1.537629 2.949888
 11772.000000 22.770837 1.556612 2.982358
 11775.000000 22.674946 1.575798 2.939967
 11778.000000 22.675442 1.553885 2.955965
 11781.000000 22.673583 1.551568 2.959557
 11784.000000 22.691514 1.583372 2.929201
 11787.000000 22.816021 1.590556 2.962717
 11790.000000 22.793476 1.557102 2.964903
 11793.000000 22.719839 1.528605 2.944149
 11796.000000 22.716037 1.505608 2.928349
 11799.000000 22.678786 1.523361 2.942794
 11802.000000 22.738735 1.530018 2.947259
 11805.000000 22.758274 1.538224 2.958487
 11808.000000 22.731814 1.537774 2.969767
 11811.000000 22.685472 1.543661 2.935813
 11814.000000 22.702305 1.555466 2.965127
 11817.000000 22.732106 1.556665 2.964699
 11820.000000 22.797621 1.554406 2.963027
 11823.000000 22.805676 1.543392 2.971960
 11826.000000 22.853471 1.516918 3.015342
 11829.000000 22.847781 1.512355 3.010657
 11832.000000 22.829949 1.523097 2.973139
 11835.000000 22.866581 1.522701 2.968047
 11838.000000 22.870239 1.535535 2.991808
 11841.000000 22.859980 1.530431 2.983442
 11844.000000 22.871548 1.535786 3.035617
 11847.000000 22.813834 1.552224 2.991871
 11850.000000 22.850753 1.523266 3.005601
 11853.000000 22.811888 1.560826 2.966545
 11856.000000 22.857402 1.573571 2.934345
 11859.000000 22.836392 1.569749 2.963926
 11862.000000 22.853072 1.523531 3.009103
 11865.000000 22.875495 1.543533 2.970004
 11868.000000 22.781128 1.537923 2.983337
 11871.000000 22.820746 1.520622 2.976448
 11874.000000 22.754423 1.512877 2.948068
 11877.000000 22.750862 1.510187 2.946778
 11880.000000 22.794357 1.529122 2.962744
 11883.000000 22.817922 1.527603 2.976416
 11886.000000 22.843477 1.550833 2.990782
 11889.000000 22.871867 1.560146 3.007238
 11892.000000 22.831726 1.525768 2.976861
 11895.000000 22.830002 1.547914 2.964352
 11898.000000 22.815164 1.552125 2.953366
 11901.000000 22.776593 1.549054 2.969795
 11904.000000 22.746116 1.558314 2.962223
 11907.000000 22.662005 1.539228 2.953919
 11910.000000 22.669539 1.527668 2.975843
 11913.000000 22.705442 1.532507 2.965160
 11916.000000 22.692401 1.521900 2.973441
 11919.000000 22.744318 1.529228 2.951417
 11922.000000 22.765038 1.510925 2.968037
 11925.000000 22.751252 1.525842 2.914555
 11928.000000 22.785628 1.519588 2.908236
 11931.000000 22.844134 1.536537 2.895621
 11934.000000 22.842736 1.520580 2.935029
 11937.000000 22.863516 1.522867 2.944512
 11940.000000 22.921994 1.511806 2.921587
 11943.000000 22.968319 1.516770 2.923359
 11946.000000 22.924998 1.517218 2.930378
 11949.000000 22.884986 1.505203 2.920643
 11952.000000 22.869265 1.522648 2.934775
 11955.000000 22.846683 1.536629 2.941749
 11958.000000 22.850937 1.553574 2.968607
 11961.000000 22.833289 1.539538 2.965425
 11964.000000 22.720747 1.551305 2.992667
 11967.000000 22.660827 1.548915 2.958815
 11970.000000 22.664928 1.552483 2.973587
 11973.000000 22.634276 1.519185 2.995445
 11976.000000 22.694597 1.506964 2.976614
 11979.000000 22.726823 1.535995 2.934957
 11982.000000 22.738266 1.549608 2.942445
 11985.000000 22.698665 1.549425 2.956240
 11988.000000 22.689092 1.562741 2.957765
 11991.000000 22.742553 1.564850 2.948204
 11994.000000 22.720520 1.549568 2.960304
 11997.000000 22.733663 1.556520 2.982523
 12000.000000 22.692999 1.575379 3.001054
 12003.000000 22.738880 1.578271 2.972650
 12006.000000 22.648854 1.571101 3.001185
 12009.000000 22.736700 1.558976 2.997416
 12012.000000 22.723930 1.577221 3.004595
 12015.000000 22.798609 1.575997 2.999168
 12018.000000 22.802424 1.572883 3.003254
 12021.000000 22.804636 1.563039 2.985784
 12024.000000 22.820170 1.542525 3.002938
 12027.000000 22.837145 1.531434 3.014540
 12030.000000 22.853683 1.557144 2.966731
 12033.000000 22.825911 1.556451 2.948566
 12036.000000 22.827964 1.557121 2.956819
 12039.000000 22.736921 1.547108 2.945098
 12042.000000 22.733965 1.529280 2.988830
 12045.000000 22.678044 1.578702 2.973219
 12048.000000 22.757608 1.543549 2.978738
 12051.000000 22.861276 1.549360 3.001010
 12054.000000 22.777311 1.544067 3.001846
 12057.000000 22.880433 1.548296 3.017683
 12060.000000 22.800877 1.527232 3.005938
 12063.000000 22.829809 1.525640 3.006896
 12066.000000 22.846024 1.538751 3.001079
 12069.000000 22.804792 1.537140 3.015303
 12072.000000 22.720722 1.524847 3.012871
 12075.000000 22.709186 1.541515 3.012187
 12078.000000 22.787780 1.544991 3.027891
 12081.000000 22.786857 1.559387 3.022887
 12084.000000 22.871064 1.543366 2.992890
 12087.000000 22.885023 1.533160 2.999206
 12090.000000 22.862255 1.547417 3.017267
 12093.000000 22.823725 1.556881 2.982786
 12096.000000 22.878810 1.539544 2.977833
 12099.000000 22.869461 1.530757 3.016633
 12102.000000 22.808118 1.526999 3.004515
 12105.000000 22.838539 1.523056 3.020928
 12108.000000 22.701466 1.515572 2.969515
 12111.000000 22.754854 1.495805 3.033040
 12114.000000 22.752549 1.536504 2.950211
 12117.000000 22.777170 1.539450 2.962447
 12120.000000 22.686953 1.537704 2.986674
 12123.000000 22.688914 1.529130 2.978217
 12126.000000 22.690433 1.516835 2.988818
 12129.000000 22.706929 1.531209 2.956260
 12132.000000 22.741937 1.539219 2.968974
 12135.000000 22.764196 1.546413 2.969843
 12138.000000 22.759654 1.560412 2.971380
 12141.000000 22.727549 1.559757 2.994977
 12144.000000 22.787519 1.525263 3.020152
 12147.000000 22.674077 1.524182 3.018190
 12150.000000 22.640415 1.550792 3.012803
 12153.000000 22.754039 1.560524 3.019746
 12156.000000 22.757613 1.570713 3.010148
 12159.000000 22.715095 1.568098 2.997213
 12162.000000 22.712932 1.540634 3.039073
 12165.000000 22.737852 1.562555 3.070015
 12168.000000 22.810581 1.552621 3.071629
 12171.000000 22.790224 1.555040 3.033651
 12174.000000 22.811695 1.560147 3.056195
 12177.000000 22.914493 1.538637 3.057062
 12180.000000 22.990047 1.514173 3.023679
 12183.000000 22.996400 1.511024 3.046298
 12186.000000 23.015987 1.504659 3.066638
 12189.000000 23.006931 1.518664 3.053715
 12192.000000 23.028623 1.512486 3.078037
 12195.000000 22.894551 1.525076 3.041550
 12198.000000 22.830207 1.542155 3.037344
 12201.000000 22.886385 1.529556 3.013507
 12204.000000 22.920804 1.517279 3.048060
 12207.000000 22.878768 1.525386 2.994949
 12210.000000 22.860632 1.517795 3.021436
 12213.000000 22.929100 1.524772 3.006180
 12216.000000 22.922423 1.531701 3.001271
 12219.000000 22.891704 1.538851 2.995549
 12222.000000 22.922474 1.529941 2.948934
 12225.000000 22.887882 1.525626 2.977054
 12228.000000 22.852110 1.509990 2.968362
 12231.000000 22.874887 1.523297 2.994684
 12234.000000 22.991748 1.517732 2.967712
 12237.000000 22.965693 1.525243 3.017205
 12240.000000 22.943061 1.503231 2.960067
 12243.000000 22.945291 1.497147 2.978007
 12246.000000 22.909033 1.510332 3.003179
 12249.000000 22.846440 1.501425 3.031808
 12252.000000 22.893008 1.495765 3.000870
 12255.000000 22.879319 1.480434 2.963013
 12258.000000 22.868271 1.486855 3.005890
 12261.000000 22.907127 1.497327 3.008564
 12264.000000 22.875948 1.505014 2.973224
 12267.000000 22.893341 1.516481 2.956183
 12270.000000 22.891321 1.520197 2.952208
 12273.000000 22.841935 1.497169 2.959039
 12276.000000 22.901758 1.506559 2.968169
 12279.000000 22.892330 1.483001 2.934579
 12282.000000 22.957051 1.516124 2.967671
 12285.000000 22.880305 1.525679 2.976940
 12288.000000 22.837353 1.566328 2.953156
 12291.000000 22.868793 1.570660 2.951175
 12294.000000 22.821522 1.557406 2.984766
 12297.000000 22.848350 1.550051 2.948540
 12300.000000 22.869750 1.515669 2.985248
 12303.000000 22.825808 1.533047 2.975477
 12306.000000 22.792035 1.571568 2.953609
 12309.000000 22.796446 1.577741 2.955393
 12312.000000 22.801317 1.590613 2.991572
 12315.000000 22.776251 1.573696 2.995474
 12318.000000 22.821483 1.594250 2.954959
 12321.000000 22.791841 1.561325 2.921479
 12324.000000 22.741542 1.567803 2.962551
 12327.000000 22.713819 1.567178 2.969875
 12330.000000 22.758865 1.576652 2.958133
 12333.000000 22.710281 1.574505 2.962383
 12336.000000 22.680366 1.555620 2.975958
 12339.000000 22.742460 1.552535 2.976786
 12342.000000 22.718688 1.549756 3.018782
 12345.000000 22.748048 1.541374 2.985543
 12348.000000 22.738988 1.522321 2.983762
 12351.000000 22.706574 1.495470 2.919191
 12354.000000 22.707718 1.529859 2.940112
 12357.000000 22.709636 1.539573 2.933750
 12360.000000 22.751585 1.540983 2.953456
 12363.000000 22.696269 1.514306 2.982568
 12366.000000 22.723596 1.480340 2.999923
 12369.000000 22.805708 1.500217 2.978868
 12372.000000 22.843575 1.500726 2.988700
 12375.000000 22.845394 1.471660 3.000936
 12378.000000 22.814336 1.492414 2.969086
 12381.000000 22.869600 1.517085 2.952182
 12384.000000 22.846268 1.494509 2.958985
 12387.000000 22.753055 1.500806 2.947549
 12390.000000 22.828582 1.494545 2.929684
 12393.000000 22.923519 1.512963 2.953245
 12396.000000 22.885320 1.513155 2.945375
 12399.000000 22.905299 1.512994 2.935925
 12402.000000 22.850191 1.528679 2.958195
 12405.000000 22.849938 1.533843 2.973277
 12408.000000 22.833711 1.529210 2.963897
 12411.000000 22.783729 1.501551 2.956378
 12414.000000 22.770361 1.499253 2.914721
 12417.000000 22.785484 1.499553 2.961658
 12420.000000 22.736404 1.469143 2.983771
 12423.000000 22.797341 1.489290 2.973373
 12426.000000 22.740854 1.486876 2.994987
 12429.000000 22.792972 1.485469 2.995585
 12432.000000 22.866882 1.497175 2.931813
 12435.000000 22.856366 1.505178 2.983918
 12438.000000 22.890111 1.507334 2.978148
 12441.000000 22.927944 1.526815 2.949680
 12444.000000 22.903413 1.520580 2.932159
 12447.000000 22.828779 1.512579 2.978673
 12450.000000 22.828889 1.513623 2.970747
 12453.000000 22.830754 1.510139 2.988439
 12456.000000 22.773748 1.513792 2.954229
 12459.000000 22.740842 1.525962 2.934645
 12462.000000 22.697568 1.503725 2.952850
 12465.000000 22.740151 1.483002 2.969097
 12468.000000 22.706763 1.531519 2.946939
 12471.000000 22.710131 1.525670 2.956753
 12474.000000 22.758339 1.503662 2.976146
 12477.000000 22.857392 1.516498 2.969806
 12480.000000 22.860238 1.504699 2.973103
 12483.000000 22.804293 1.508058 2.976633
 12486.000000 22.885971 1.510578 2.967868
 12489.000000 22.901783 1.517606 2.968661
 12492.000000 22.943313 1.512791 2.976079
 12495.000000 22.998243 1.518319 2.968939
 12498.000000 22.972948 1.508207 2.967262
 12501.000000 22.966177 1.491888 2.981962
 12504.000000 22.876112 1.490722 2.986270
 12507.000000 22.884672 1.482051 3.009373
 12510.000000 22.908395 1.475868 2.985603
 12513.000000 22.882261 1.486346 3.000318
 12516.000000 22.900409 1.499248 2.971392
 12519.000000 22.855549 1.505627 2.964458
 12522.000000 22.938606 1.505563 2.979062
 12525.000000 22.816653 1.499772 3.003290
 12528.000000 22.869124 1.506572 2.969556
 12531.000000 22.883532 1.505942 2.992476
 12534.000000 22.914322 1.551736 2.983755
 12537.000000 22.924700 1.550083 2.977648
 12540.000000 22.828738 1.546077 2.969086
 12543.000000 22.808410 1.515318 2.997036
 12546.000000 22.805941 1.515024 2.945485
 12549.000000 22.754861 1.519398 2.963901
 12552.000000 22.832766 1.513085 2.958675
 12555.000000 22.805964 1.511457 2.964035
 12558.000000 22.764515 1.540257 2.958358
 12561.000000 22.761241 1.533441 2.945504
 12564.000000 22.758176 1.511179 3.006774
 12567.000000 22.740242 1.513816 3.031749
 12570.000000 22.739137 1.546206 3.024473
 12573.000000 22.873446 1.539400 3.051072
 12576.000000 22.863602 1.554312 3.036169
 12579.000000 22.880884 1.543726 3.026381
 12582.000000 22.861944 1.525329 3.020124
 12585.000000 22.875307 1.567120 3.043547
 12588.000000 22.946506 1.592690 3.038530
 12591.000000 22.945480 1.601401 3.025574
 12594.000000 22.936934 1.555442 3.041387
 12597.000000 22.890048 1.563623 3.029550
 12600.000000 22.886039 1.544175 3.025392
 12603.000000 22.820137 1.526448 2.996720
 12606.000000 22.855401 1.543996 3.026739
 12609.000000 22.813042 1.536268 3.006925
 12612.000000 22.791393 1.538130 2.980956
 12615.000000 22.904611 1.544501 3.011383
 12618.000000 22.917614 1.564041 3.037065
 12621.000000 22.980977 1.538493 3.064288
 12624.000000 23.061243 1.534442 3.000515
 12627.000000 23.012587 1.550179 2.989410
 12630.000000 22.976318 1.548632 3.028266
 12633.000000 22.908306 1.539265 3.008161
 12636.000000 22.898712 1.536148 3.027508
 12639.000000 22.876261 1.549494 3.038725
 12642.000000 22.940843 1.548205 3.010997
 12645.000000 22.856413 1.541928 3.003266
 12648.000000 22.935815 1.540096 3.024988
 12651.000000 23.001622 1.544203 3.009673
 12654.000000 22.962867 1.539703 3.002983
 12657.000000 22.914941 1.548498 2.975363
 12660.000000 22.898184 1.541600 2.937281
 12663.000000 22.911652 1.538623 2.929552
 12666.000000 22.841297 1.540746 2.938135
 12669.000000 22.812291 1.553569 2.971821
 12672.000000 22.913653 1.542243 2.983341
 12675.000000 22.834956 1.519711 2.985298
 12678.000000 22.770092 1.499805 3.012598
 12681.000000 22.868660 1.547224 3.015502
 12684.000000 22.841296 1.511087 3.048774
 12687.000000 22.858864 1.534582 3.004266
 12690.000000 22.795431 1.541525 3.018210
 12693.000000 22.792632 1.529711 2.988476
 12696.000000 22.841672 1.536588 3.002786
 12699.000000 22.854603 1.520170 2.984538
 12702.000000 22.897789 1.516762 2.975235
 12705.000000 22.959231 1.500002 2.998639
 12708.000000 22.862921 1.509290 2.981571
 12711.000000 22.885873 1.518030 2.943896
 12714.000000 23.000768 1.508474 2.969563
 12717.000000 22.948638 1.501910 2.967599
 12720.000000 22.924614 1.512319 2.944381
 12723.000000 22.961166 1.507602 2.968698
 12726.000000 22.847811 1.499766 2.968256
 12729.000000 22.951241 1.507664 2.976955
 12732.000000 22.950347 1.500770 2.972306
 12735.000000 22.887731 1.517731 2.980186
 12738.000000 22.848986 1.528492 2.926760
 12741.000000 22.794271 1.534501 2.919791
 12744.000000 22.790502 1.547721 2.929444
 12747.000000 22.804927 1.533333 2.960119
 12750.000000 22.785017 1.523736 2.982528
 12753.000000 22.771901 1.552465 2.944716
 12756.000000 22.855947 1.544846 2.952137
 12759.000000 22.882431 1.546930 2.944941
 12762.000000 22.880488 1.518555 2.975552
 12765.000000 22.892209 1.516575 2.960382
 12768.000000 22.832357 1.498330 2.979675
 12771.000000 22.874126 1.523742 2.960535
 12774.000000 22.846864 1.505120 2.992971
 12777.000000 22.865813 1.496255 2.985498
 12780.000000 22.854332 1.493658 2.962438
 12783.000000 22.800071 1.505771 2.939814
 12786.000000 22.884006 1.496195 2.959968
 12789.000000 22.840270 1.494675 2.993682
 12792.000000 22.863619 1.481951 2.976827
 12795.000000 22.951604 1.510178 2.944974
 12798.000000 23.032570 1.489057 2.991273
 12801.000000 22.979072 1.512478 2.988917
 12804.000000 22.931870 1.505969 3.011859
 12807.000000 22.849254 1.500603 3.009302
 12810.000000 22.843014 1.509007 3.006810
 12813.000000 22.802431 1.517633 3.013094
 12816.000000 22.800360 1.533151 2.976401
 12819.000000 22.869302 1.531599 2.987106
 12822.000000 22.916656 1.528677 2.964665
 12825.000000 22.901187 1.521193 2.968673
 12828.000000 22.851807 1.510041 2.985599
 12831.000000 22.852910 1.511855 2.942905
 12834.000000 22.879268 1.523022 2.907438
 12837.000000 22.880277 1.516233 2.899218
 12840.000000 22.888873 1.498738 2.928094
 12843.000000 22.880541 1.512734 2.910309
 12846.000000 22.917407 1.499170 2.936990
 12849.000000 22.906300 1.478278 2.973981
 12852.000000 22.985230 1.492844 2.986499
 12855.000000 22.863064 1.515291 2.969592
 12858.000000 22.936500 1.526115 2.943930
 12861.000000 22.879724 1.510225 2.949743
 12864.000000 22.905331 1.534252 2.944492
 12867.000000 22.868012 1.507711 2.984452
 12870.000000 22.829377 1.489168 2.980050
 12873.000000 22.761499 1.493453 2.988489
 12876.000000 22.806547 1.489908 2.987456
 12879.000000 22.762603 1.491334 2.961654
 12882.000000 22.786495 1.503551 2.949575
 12885.000000 22.802992 1.494866 2.924342
 12888.000000 22.778698 1.486930 2.975324
 12891.000000 22.760756 1.477899 2.994882
 12894.000000 22.714296 1.510127 2.960335
 12897.000000 22.657728 1.513252 2.973556
 12900.000000 22.772369 1.516438 2.992691
 12903.000000 22.837162 1.522065 2.956944
 12906.000000 22.850668 1.525973 2.935255
 12909.000000 22.820840 1.526780 2.966538
 12912.000000 22.934339 1.518212 2.969023
 12915.000000 22.872057 1.526295 3.000338
 12918.000000 22.896206 1.511918 2.997768
 12921.000000 22.887745 1.510906 2.967755
 12924.000000 22.865800 1.515930 2.993955
 12927.000000 22.984682 1.540406 2.957671
 12930.000000 22.921657 1.546048 2.964547
 12933.000000 22.944105 1.554661 2.971854
 12936.000000 22.933935 1.538128 2.963824
 12939.000000 22.917902 1.531571 2.970016
 12942.000000 22.864483 1.538047 2.972846
 12945.000000 22.834905 1.545608 2.949891
 12948.000000 22.900886 1.524214 2.966586
 12951.000000 22.960449 1.508170 3.015221
 12954.000000 22.918245 1.528956 2.992951
 12957.000000 22.896918 1.508836 3.022461
 12960.000000 22.823546 1.516906 3.010317
 12963.000000 22.887766 1.510235 2.990735
 12966.000000 22.868890 1.516777 3.002874
 12969.000000 22.856486 1.538974 2.949090
 12972.000000 22.892057 1.548181 2.963555
 12975.000000 22.947262 1.551722 2.952540
 12978.000000 22.857149 1.545588 2.982486
 12981.000000 22.863670 1.527499 3.001824
 12984.000000 22.866566 1.539280 2.992321
 12987.000000 22.938485 1.515658 2.995608
 12990.000000 22.871824 1.484890 2.996952
 12993.000000 22.788219 1.497976 3.012693
 12996.000000 22.935028 1.494553 2.998688
 12999.000000 22.832394 1.474941 3.002878
 13002.000000 22.839614 1.443624 3.022978
 13005.000000 22.781379 1.443546 3.004987
 13008.000000 22.789829 1.449335 2.970952
 13011.000000 22.794713 1.455240 2.972101
 13014.000000 22.888265 1.464205 2.933152
 13017.000000 22.843625 1.475673 2.958992
 13020.000000 22.818263 1.482039 2.939212
 13023.000000 22.838335 1.487014 2.937278
 13026.000000 22.770296 1.496556 2.969515
 13029.000000 22.805061 1.494091 2.980669
 13032.000000 22.779800 1.477628 3.016139
 13035.000000 22.856527 1.491955 2.994767
 13038.000000 22.850715 1.513513 2.979251
 13041.000000 22.862137 1.529232 2.929106
 13044.000000 22.915082 1.511349 2.958505
 13047.000000 22.883453 1.533838 2.975146
 13050.000000 22.877461 1.559696 2.951764
 13053.000000 22.869617 1.561651 2.909875
 13056.000000 22.876117 1.557088 2.957737
 13059.000000 22.928455 1.538344 2.952307
 13062.000000 22.955792 1.541206 2.961244
 13065.000000 22.992117 1.544300 2.942331
 13068.000000 22.993095 1.556659 2.950726
 13071.000000 23.014793 1.553993 2.953120
 13074.000000 22.941207 1.553423 2.962718
 13077.000000 22.934964 1.570221 2.913260
 13080.000000 22.927369 1.567356 2.921369
 13083.000000 22.969971 1.565639 2.927017
 13086.000000 22.940063 1.565136 2.915332
 13089.000000 22.959798 1.550742 2.948346
 13092.000000 23.014280 1.567351 2.953702
 13095.000000 22.901997 1.537696 2.958992
 13098.000000 22.975570 1.525013 2.984323
 13101.000000 22.847253 1.543961 2.935836
 13104.000000 22.890478 1.548160 2.915735
 13107.000000 22.866349 1.554023 2.917853
 13110.000000 22.865586 1.561771 2.963769
 13113.000000 22.895231 1.530826 2.985779
 13116.000000 22.826180 1.548124 2.971379
 13119.000000 22.772397 1.531881 2.995729
 13122.000000 22.732510 1.538642 2.981858
 13125.000000 22.787090 1.524274 2.992535
 13128.000000 22.943275 1.543719 2.962121
 13131.000000 22.891375 1.542406 2.987238
 13134.000000 22.852666 1.540593 2.969091
 13137.000000 22.799002 1.570269 2.969508
 13140.000000 22.805585 1.568549 2.998176
 13143.000000 22.684863 1.535106 3.017098
 13146.000000 22.722730 1.547704 3.007752
 13149.000000 22.738155 1.540797 2.998372
 13152.000000 22.792496 1.546754 2.996587
 13155.000000 22.820202 1.567815 2.991071
 13158.000000 22.806881 1.575166 2.941040
 13161.000000 22.927945 1.555898 2.955728
 13164.000000 22.897625 1.561306 2.925063
 13167.000000 22.847386 1.578945 2.922095
 13170.000000 22.873102 1.554813 2.945466
 13173.000000 22.860577 1.550621 2.937936
 13176.000000 22.855677 1.521329 2.990058
 13179.000000 22.857939 1.558769 2.960898
 13182.000000 22.841755 1.539041 3.019197
 13185.000000 22.891957 1.536694 3.005708
 13188.000000 22.881186 1.533707 2.998541
 13191.000000 22.831222 1.561971 2.980011
 13194.000000 22.794627 1.534991 3.032745
 13197.000000 22.785846 1.512158 3.051936
 13200.000000 22.853134 1.552746 2.995727
 13203.000000 22.956962 1.538532 3.009543
 13206.000000 22.937805 1.554409 2.997189
 13209.000000 22.921408 1.552598 2.978186
 13212.000000 22.860009 1.536830 2.985459
 13215.000000 22.844427 1.547505 2.948320
 13218.000000 22.860833 1.565727 2.930957
 13221.000000 22.852745 1.543587 2.968863
 13224.000000 22.855300 1.563790 2.948096
 13227.000000 22.747178 1.564868 2.960644
 13230.000000 22.776221 1.553615 2.988179
 13233.000000 22.829058 1.566340 2.961841
 13236.000000 22.889133 1.565295 2.937657
 13239.000000 22.979528 1.539560 2.987647
 13242.000000 23.041509 1.539388 3.038267
 13245.000000 22.980925 1.529720 3.010098
 13248.000000 22.997565 1.541213 2.973574
 13251.000000 22.930564 1.530286 3.000421
 13254.000000 22.961197 1.507596 2.990346
 13257.000000 22.994174 1.520983 3.000540
 13260.000000 22.947350 1.540666 2.979917
 13263.000000 22.940998 1.526462 3.002720
 13266.000000 22.940778 1.510186 3.016320
 13269.000000 22.972761 1.536875 3.027017
 13272.000000 22.887014 1.512303 3.054984
 13275.000000 22.870722 1.517074 3.021236
 13278.000000 22.909266 1.490468 3.053687
 13281.000000 22.878046 1.489290 3.021698
 13284.000000 22.903612 1.534930 3.025026
 13287.000000 22.855130 1.528843 3.004664
 13290.000000 22.859130 1.571357 2.989331
 13293.000000 22.821150 1.584685 3.020623
 13296.000000 22.825158 1.569706 3.002311
 13299.000000 22.774652 1.574050 2.969003
 13302.000000 22.773974 1.577304 2.966694
 13305.000000 22.780885 1.554117 2.960843
 13308.000000 22.801697 1.557536 2.966332
 13311.000000 22.774562 1.555101 2.978994
 13314.000000 22.817650 1.546590 2.959755
 13317.000000 22.815108 1.554897 2.971531
 13320.000000 22.899777 1.525999 2.983220
 13323.000000 22.798404 1.544758 2.938620
 13326.000000 22.840067 1.553534 2.960309
 13329.000000 22.940941 1.560710 2.934843
 13332.000000 22.864200 1.555782 2.934124
 13335.000000 22.841476 1.557571 2.938508
 13338.000000 22.815377 1.542336 2.932294
 13341.000000 22.901529 1.538507 2.930860
 13344.000000 22.796438 1.502665 2.947405
 13347.000000 22.813312 1.500316 2.938134
 13350.000000 22.783620 1.505271 2.911424
 13353.000000 22.762235 1.509580 2.937252
 13356.000000 22.772204 1.498315 2.963157
 13359.000000 22.748250 1.509098 2.943222
 13362.000000 22.751058 1.522751 2.943671
 13365.000000 22.831368 1.515803 2.962521
 13368.000000 22.776192 1.499275 2.955189
 13371.000000 22.823830 1.501938 2.966958
 13374.000000 22.871622 1.491492 2.895900
 13377.000000 22.914922 1.530245 2.906884
 13380.000000 22.827327 1.515962 2.922484
 13383.000000 22.845143 1.515913 2.935870
 13386.000000 22.873522 1.542002 2.942133
 13389.000000 22.985566 1.522477 2.950403
 13392.000000 22.940579 1.528687 2.950946
 13395.000000 22.934343 1.553937 2.922596
 13398.000000 22.951272 1.527502 2.961891
 13401.000000 22.904795 1.560680 2.944799
 13404.000000 22.882503 1.550403 2.944169
 13407.000000 22.892461 1.539717 2.931502
 13410.000000 22.850594 1.544165 2.943313
 13413.000000 22.880957 1.553865 2.952370
 13416.000000 22.843514 1.556694 2.939408
 13419.000000 22.795511 1.546317 2.920729
 13422.000000 22.869607 1.534769 2.951726
 13425.000000 22.896472 1.520948 2.950634
 13428.000000 22.835147 1.539059 2.942282
 13431.000000 22.831931 1.518943 2.964126
 13434.000000 22.823694 1.530838 2.937815
 13437.000000 22.796467 1.521457 2.951114
 13440.000000 22.745400 1.526626 2.992723
 13443.000000 22.731733 1.537219 2.964905
 13446.000000 22.747572 1.543555 2.943970
 13449.000000 22.799724 1.532217 2.956226
 13452.000000 22.794486 1.515407 2.950605
 13455.000000 22.877039 1.518106 2.953608
 13458.000000 22.921523 1.515660 2.971734
 13461.000000 22.835961 1.519478 2.966913
 13464.000000 22.772573 1.535768 2.973717
 13467.000000 22.833206 1.549152 2.961376
 13470.000000 22.833159 1.550423 2.927082
 13473.000000 22.795627 1.529569 2.917392
 13476.000000 22.753520 1.544927 2.957726
 13479.000000 22.719886 1.537546 2.961416
 13482.000000 22.744299 1.538076 2.957143
 13485.000000 22.740465 1.550555 2.973231
 13488.000000 22.728723 1.545750 2.975346
 13491.000000 22.722256 1.560727 2.998190
 13494.000000 22.844064 1.560101 3.004032
 13497.000000 22.808113 1.553486 3.011110
 13500.000000 22.818579 1.544106 3.007981
 13503.000000 22.806971 1.525569 3.031722
 13506.000000 22.865024 1.552295 3.034152
 13509.000000 22.866452 1.567071 2.994037
 13512.000000 22.831080 1.589006 2.978406
 13515.000000 22.845052 1.578015 2.973026
 13518.000000 22.924563 1.581703 2.988669
 13521.000000 22.926863 1.554562 3.005191
 13524.000000 23.016730 1.578931 2.989507
 13527.000000 22.918810 1.545783 2.985623
 13530.000000 22.890314 1.542061 2.991416
 13533.000000 22.873966 1.553191 3.016850
 13536.000000 22.893516 1.540514 2.997300
 13539.000000 22.923437 1.562683 2.957628
 13542.000000 22.850889 1.558375 2.992047
 13545.000000 22.713960 1.534160 3.005828
 13548.000000 22.648339 1.532743 2.970920
 13551.000000 22.667813 1.536977 3.002673
 13554.000000 22.787643 1.542448 3.024238
 13557.000000 22.781472 1.526582 3.046074
 13560.000000 22.635639 1.510847 3.070595
 13563.000000 22.621420 1.513777 3.058102
 13566.000000 22.636285 1.544667 3.028650
 13569.000000 22.704073 1.513741 3.042276
 13572.000000 22.707182 1.518722 2.995132
 13575.000000 22.859132 1.495604 2.993367
 13578.000000 22.859540 1.527953 3.018730
 13581.000000 22.898166 1.537731 3.011057
 13584.000000 22.871708 1.543283 2.965124
 13587.000000 22.895790 1.529035 3.010134
 13590.000000 22.862745 1.520297 3.019864
 13593.000000 22.870819 1.489154 2.965288
 13596.000000 22.921641 1.462649 3.025541
 13599.000000 22.907163 1.485300 2.957915
 13602.000000 22.914939 1.499182 2.966659
 13605.000000 22.831178 1.486572 2.981300
 13608.000000 22.846398 1.497202 2.947522
 13611.000000 22.891838 1.479164 2.948293
 13614.000000 22.867422 1.486392 3.012829
 13617.000000 22.927173 1.472466 3.000676
 13620.000000 22.923135 1.479974 3.012202
 13623.000000 22.915006 1.488153 2.990377
 13626.000000 22.880156 1.474440 3.028805
 13629.000000 22.960784 1.479282 3.015373
 13632.000000 22.917718 1.466046 3.065278
 13635.000000 22.842548 1.461298 3.074546
 13638.000000 22.787152 1.453371 3.077009
 13641.000000 22.657741 1.483696 3.060993
 13644.000000 22.753378 1.476301 3.079133
 13647.000000 22.740418 1.489532 3.006003
 13650.000000 22.839944 1.509710 2.977817
 13653.000000 22.763685 1.500990 2.972963
 13656.000000 22.744052 1.515234 3.014894
 13659.000000 22.744850 1.515060 3.038581
 13662.000000 22.708589 1.543517 2.994969
 13665.000000 22.710224 1.515463 3.005659
 13668.000000 22.746469 1.521841 2.973772
 13671.000000 22.784739 1.518943 2.984345
 13674.000000 22.836990 1.539735 2.978871
 13677.000000 22.811683 1.547933 3.009740
 13680.000000 22.832655 1.536871 2.966810
 13683.000000 22.807384 1.522182 2.946713
 13686.000000 22.903637 1.523907 2.979301
 13689.000000 22.962487 1.536686 2.962104
 13692.000000 22.888144 1.517170 2.954861
 13695.000000 22.902241 1.473373 2.984735
 13698.000000 22.867726 1.494709 2.989221
 13701.000000 22.835209 1.512621 2.967864
 13704.000000 22.810191 1.524331 2.992616
 13707.000000 22.773694 1.527234 3.010528
 13710.000000 22.726670 1.534578 3.003833
 13713.000000 22.817263 1.546198 3.008538
 13716.000000 22.821892 1.540447 3.023671
 13719.000000 22.824337 1.517484 3.024652
 13722.000000 22.863960 1.535939 3.022775
 13725.000000 22.902586 1.528170 3.006420
 13728.000000 22.870179 1.505157 2.996898
 13731.000000 22.882138 1.501428 2.980995
 13734.000000 22.816958 1.492901 2.995827
 13737.000000 22.798513 1.516233 2.977048
 13740.000000 22.804602 1.499170 2.989041
 13743.000000 22.839635 1.486524 2.979192
 13746.000000 22.881741 1.509130 2.947040
 13749.000000 22.839124 1.511626 2.972740
 13752.000000 22.857103 1.489696 2.974502
 13755.000000 22.852194 1.499167 2.974279
 13758.000000 22.829730 1.505039 3.012856
 13761.000000 22.849083 1.502137 3.022197
 13764.000000 22.869797 1.479533 3.036407
 13767.000000 22.818769 1.514742 2.989362
 13770.000000 22.852737 1.507816 2.955822
 13773.000000 22.891245 1.508826 2.951618
 13776.000000 22.915591 1.503294 2.931161
 13779.000000 22.900418 1.505673 2.934542
 13782.000000 22.756174 1.502486 2.953386
 13785.000000 22.738206 1.468834 2.997123
 13788.000000 22.710928 1.487465 3.025203
 13791.000000 22.699628 1.481788 3.026157
 13794.000000 22.671070 1.513867 3.011905
 13797.000000 22.642609 1.498139 3.042156
 13800.000000 22.651611 1.519944 2.988702
 13803.000000 22.722205 1.503637 3.019692
 13806.000000 22.668769 1.483123 3.005864
 13809.000000 22.689720 1.492604 3.009803
 13812.000000 22.720151 1.526310 3.001861
 13815.000000 22.772885 1.520160 2.995939
 13818.000000 22.645895 1.509665 3.006211
 13821.000000 22.625749 1.540374 2.977127
 13824.000000 22.595179 1.515668 3.005361
 13827.000000 22.600008 1.502669 3.048558
 13830.000000 22.683635 1.516431 3.030926
 13833.000000 22.688664 1.530190 3.016582
 13836.000000 22.694204 1.545593 2.989583
 13839.000000 22.713222 1.529801 2.972809
 13842.000000 22.822675 1.512230 3.000241
 13845.000000 22.749535 1.518840 2.994519
 13848.000000 22.669070 1.525257 2.988872
 13851.000000 22.742879 1.522671 2.969957
 13854.000000 22.729480 1.540792 2.952052
 13857.000000 22.746323 1.495072 3.003491
 13860.000000 22.700473 1.514501 3.021648
 13863.000000 22.720243 1.533155 3.001574
 13866.000000 22.721951 1.543885 3.033238
 13869.000000 22.638446 1.544543 3.016536
 13872.000000 22.797258 1.546263 2.984508
 13875.000000 22.799542 1.549155 3.026871
 13878.000000 22.857494 1.540894 3.039260
 13881.000000 22.851059 1.519143 2.999465
 13884.000000 22.806752 1.514332 2.984285
 13887.000000 22.796208 1.557103 2.952093
 13890.000000 22.836804 1.510934 2.970908
 13893.000000 22.803091 1.508015 2.975561
 13896.000000 22.793429 1.538807 2.953290
 13899.000000 22.842367 1.554584 2.971336
 13902.000000 22.769617 1.563131 2.992077
 13905.000000 22.773942 1.559498 2.984085
 13908.000000 22.767298 1.562534 2.977762
 13911.000000 22.891044 1.546916 2.978594
 13914.000000 22.872897 1.541541 2.996110
 13917.000000 22.847340 1.525317 3.012945
 13920.000000 22.897407 1.534843 3.002802
 13923.000000 22.835420 1.529907 3.014734
 13926.000000 22.960516 1.556482 3.000139
 13929.000000 22.996351 1.528214 2.974170
 13932.000000 22.883852 1.517975 3.006564
 13935.000000 22.901380 1.510959 3.006672
 13938.000000 22.977715 1.516394 2.986246
 13941.000000 22.904071 1.496507 2.999895
 13944.000000 22.847177 1.517059 2.952193
 13947.000000 22.999641 1.477842 2.967946
 13950.000000 22.907541 1.467416 2.943736
 13953.000000 22.875794 1.484170 2.935747
 13956.000000 22.910223 1.513344 2.926697
 13959.000000 22.896229 1.520473 2.909184
 13962.000000 22.946325 1.519939 2.906553
 13965.000000 22.935264 1.545283 2.910058
 13968.000000 22.878914 1.526426 2.899287
 13971.000000 22.945140 1.529273 2.919129
 13974.000000 22.985337 1.520672 2.938254
 13977.000000 22.973263 1.528645 2.931484
 13980.000000 22.971161 1.520365 2.879605
 13983.000000 22.969243 1.536163 2.885996
 13986.000000 22.976222 1.531595 2.880863
 13989.000000 22.972042 1.559438 2.905215
 13992.000000 22.934218 1.536455 2.946631
 13995.000000 22.950567 1.550292 2.935611
 13998.000000 22.878241 1.570866 2.934727
 14001.000000 22.846880 1.534730 2.917437
 14004.000000 22.821546 1.540779 2.933033
 14007.000000 22.822654 1.563026 2.948711
 14010.000000 22.836067 1.555309 2.946400
 14013.000000 22.863702 1.537817 2.993414
 14016.000000 22.806019 1.538298 2.969776
 14019.000000 22.777225 1.521314 2.961930
 14022.000000 22.775271 1.517088 2.959742
 14025.000000 22.796163 1.524639 2.983913
 14028.000000 22.849680 1.544999 2.999163
 14031.000000 22.816505 1.525347 2.968420
 14034.000000 22.800417 1.534216 2.968723
 14037.000000 22.780903 1.536632 2.979991
 14040.000000 22.852270 1.541722 2.947163
 14043.000000 22.854672 1.535819 2.957232
 14046.000000 22.832041 1.555446 2.910962
 14049.000000 22.800898 1.544380 2.919187
 14052.000000 22.761268 1.545425 2.953843
 14055.000000 22.815709 1.532360 2.948049
 14058.000000 22.749261 1.537320 2.951954
 14061.000000 22.737711 1.542516 2.960478
 14064.000000 22.764961 1.516748 2.966771
 14067.000000 22.839180 1.527821 2.969164
 14070.000000 22.830419 1.528989 2.941815
 14073.000000 22.844693 1.525087 2.947038
 14076.000000 22.801567 1.528091 2.907622
 14079.000000 22.802945 1.520616 2.936240
 14082.000000 22.821587 1.514845 2.897531
 14085.000000 22.815491 1.529350 2.872608
 14088.000000 22.818977 1.519431 2.915926
 14091.000000 22.796273 1.538595 2.923013
 14094.000000 22.832982 1.529867 2.883211
 14097.000000 22.846852 1.524556 2.915804
 14100.000000 22.920081 1.521786 2.958127
 14103.000000 22.929778 1.511740 2.932492
 14106.000000 22.926633 1.503976 2.962327
 14109.000000 22.973860 1.517388 2.979569
 14112.000000 22.978079 1.533235 2.959856
 14115.000000 22.927098 1.507570 2.992052
 14118.000000 22.941680 1.551244 2.940763
 14121.000000 22.905318 1.551373 2.951742
 14124.000000 22.889822 1.553418 2.976926
 14127.000000 22.813598 1.547418 3.018376
 14130.000000 22.809138 1.551622 2.998549
 14133.000000 22.891630 1.546188 2.975252
 14136.000000 22.840083 1.523592 2.982778
 14139.000000 22.841017 1.514995 3.025694
 14142.000000 22.901871 1.506756 2.984821
 14145.000000 22.870605 1.518642 3.032052
 14148.000000 22.784673 1.521674 3.006857
 14151.000000 22.799259 1.476678 3.005879
 14154.000000 22.706090 1.500354 2.992949
 14157.000000 22.751204 1.490087 2.983527
 14160.000000 22.762729 1.504757 3.010972
 14163.000000 22.797071 1.484775 2.988020
 14166.000000 22.799975 1.513053 2.978709
 14169.000000 22.720671 1.494609 2.945743
 14172.000000 22.875045 1.474253 2.936282
 14175.000000 22.872352 1.475952 2.971500
 14178.000000 22.890332 1.494088 2.995785
 14181.000000 22.933468 1.506132 3.007064
 14184.000000 22.900534 1.493542 2.999447
 14187.000000 22.889248 1.494728 2.978590
 14190.000000 22.926866 1.500638 2.980227
 14193.000000 22.929556 1.498654 3.020000
 14196.000000 22.868386 1.526436 3.004482
 14199.000000 22.883402 1.507987 2.952623
 14202.000000 22.841826 1.503267 2.976563
 14205.000000 22.819274 1.504600 2.954547
 14208.000000 22.881499 1.496052 2.949535
 14211.000000 22.795662 1.488277 2.990077
 14214.000000 22.782980 1.520778 2.988504
 14217.000000 22.772112 1.518377 2.980292
 14220.000000 22.855150 1.534373 2.945695
 14223.000000 22.865077 1.568480 2.948990
 14226.000000 22.811327 1.549641 2.961027
 14229.000000 22.870604 1.561602 2.999255
 14232.000000 22.860928 1.549766 2.957939
 14235.000000 22.789116 1.561978 2.947085
 14238.000000 22.805137 1.572351 2.945221
 14241.000000 22.789745 1.541075 2.964819
 14244.000000 22.723443 1.594612 2.938787
 14247.000000 22.724526 1.569607 2.961097
 14250.000000 22.702317 1.579373 2.955701
 14253.000000 22.715171 1.568683 2.947132
 14256.000000 22.704731 1.563185 2.921059
 14259.000000 22.741521 1.553512 2.936642
 14262.000000 22.729044 1.571247 2.911649
 14265.000000 22.744340 1.535782 2.926654
 14268.000000 22.727361 1.536239 2.930163
 14271.000000 22.854565 1.544183 2.914891
 14274.000000 22.809803 1.523046 2.915981
 14277.000000 22.872700 1.552797 2.923017
 14280.000000 22.948482 1.537023 2.966568
 14283.000000 22.878423 1.570458 2.934910
 14286.000000 22.841960 1.555413 2.956397
 14289.000000 22.810247 1.545766 2.916524
 14292.000000 22.743546 1.543817 2.934906
 14295.000000 22.841119 1.531061 2.945030
 14298.000000 22.825044 1.540271 2.935961
 14301.000000 22.880889 1.515836 2.972298
 14304.000000 22.872991 1.511952 2.985528
 14307.000000 22.796237 1.506219 3.006676
 14310.000000 22.829843 1.495988 2.981044
 14313.000000 22.859787 1.475201 2.989516
 14316.000000 22.902399 1.463365 2.953582
 14319.000000 22.897294 1.512500 2.955700
 14322.000000 22.929744 1.513969 2.956552
 14325.000000 22.972816 1.509585 2.948463
 14328.000000 22.945339 1.498885 2.932736
 14331.000000 22.938104 1.514247 2.952330
 14334.000000 22.868540 1.517936 2.969788
 14337.000000 22.875223 1.532047 2.972574
 14340.000000 22.828031 1.523013 2.977961
 14343.000000 22.893786 1.527447 3.016375
 14346.000000 22.988010 1.520888 3.052174
 14349.000000 23.049336 1.527507 2.992735
 14352.000000 22.919392 1.519749 2.987956
 14355.000000 22.912293 1.498866 2.989179
 14358.000000 22.841267 1.489232 2.960329
 14361.000000 22.875091 1.510135 2.953046
 14364.000000 22.841370 1.487911 2.976108
 14367.000000 22.916367 1.482635 2.971319
 14370.000000 22.829340 1.484093 2.949545
 14373.000000 22.853848 1.504906 2.996197
 14376.000000 22.872332 1.480984 2.976712
 14379.000000 22.905717 1.518118 2.998528
 14382.000000 22.861746 1.505385 2.954087
 14385.000000 22.852844 1.522253 2.971748
 14388.000000 22.921522 1.499737 3.006465
 14391.000000 22.948015 1.486029 2.957546
 14394.000000 22.873353 1.504238 2.958493
 14397.000000 22.975204 1.510266 2.968499
 14400.000000 22.898055 1.517167 2.962471
 14403.000000 22.922972 1.524557 2.964743
 14406.000000 23.054005 1.530063 2.971863
 14409.000000 23.152475 1.520415 2.979432
 14412.000000 23.168048 1.512807 2.941966
 14415.000000 23.111691 1.534845 2.955869
 14418.000000 23.131762 1.529625 2.967864
 14421.000000 23.165969 1.521700 2.966328
 14424.000000 23.092245 1.526610 2.963587
 14427.000000 23.065532 1.528195 2.953848
 14430.000000 22.947048 1.528294 2.937154
 14433.000000 22.935864 1.547203 2.928219
 14436.000000 22.934692 1.523194 2.989197
 14439.000000 22.982618 1.492249 3.023979
 14442.000000 22.968879 1.481259 3.040598
 14445.000000 22.892506 1.469634 3.061785
 14448.000000 22.898173 1.474825 3.027113
 14451.000000 22.888469 1.473612 3.012063
 14454.000000 22.760837 1.484255 3.003999
 14457.000000 22.799119 1.493688 3.005074
 14460.000000 22.754700 1.499089 3.015175
 14463.000000 22.783573 1.499266 2.999346
 14466.000000 22.798907 1.524586 2.992744
 14469.000000 22.864641 1.524622 2.967824
 14472.000000 22.835562 1.541625 2.969676
 14475.000000 22.838938 1.548966 2.986795
 14478.000000 22.845271 1.566748 2.995030
 14481.000000 22.772447 1.585149 2.987660
 14484.000000 22.820702 1.573544 2.996744
 14487.000000 22.919570 1.550986 3.022195
 14490.000000 22.950295 1.534943 3.019126
 14493.000000 22.962839 1.532284 2.979901
 14496.000000 22.927280 1.526484 2.993841
 14499.000000 22.862326 1.521060 3.002763
 14502.000000 22.857800 1.536653 2.989192
 14505.000000 22.813962 1.553535 2.979765
 14508.000000 22.852122 1.543829 2.979621
 14511.000000 22.827924 1.551010 2.974131
 14514.000000 22.835727 1.558023 2.948069
 14517.000000 22.865297 1.548766 2.977815
 14520.000000 22.855548 1.541574 2.977780
 14523.000000 22.825981 1.557082 2.986984
 14526.000000 22.880313 1.545933 2.987174
 14529.000000 22.780287 1.511023 2.995876
 14532.000000 22.752645 1.489954 2.981131
 14535.000000 22.781108 1.507454 2.964770
 14538.000000 22.757969 1.468772 2.958152
 14541.000000 22.800773 1.464885 2.957002
 14544.000000 22.772695 1.504263 2.979331
 14547.000000 22.808613 1.494933 3.009563
 14550.000000 22.794774 1.468661 3.001137
 14553.000000 22.841215 1.499823 2.979617
 14556.000000 22.774401 1.520103 2.983568
 14559.000000 22.757653 1.525913 3.001694
 14562.000000 22.717928 1.519853 2.997855
 14565.000000 22.763408 1.506994 3.036925
 14568.000000 22.787777 1.522706 2.978562
 14571.000000 22.788241 1.520821 2.987499
 14574.000000 22.892055 1.499905 2.993416
 14577.000000 22.912849 1.504888 2.969009
 14580.000000 22.829730 1.473943 3.019400
 14583.000000 22.786239 1.477682 3.024904
 14586.000000 22.813171 1.499182 2.975315
 14589.000000 22.805541 1.507232 2.978929
 14592.000000 22.805931 1.482020 2.992419
 14595.000000 22.773208 1.484392 2.936418
 14598.000000 22.685064 1.506425 2.929993
 14601.000000 22.702712 1.517185 2.951573
 14604.000000 22.685255 1.524845 2.959589
 14607.000000 22.740155 1.518697 2.966586
 14610.000000 22.776035 1.528624 2.913303
 14613.000000 22.762978 1.516322 2.925874
 14616.000000 22.829092 1.487666 2.935054
 14619.000000 22.835980 1.474318 2.980495
 14622.000000 22.872248 1.518921 2.941983
 14625.000000 22.829772 1.497335 2.968668
 14628.000000 22.780399 1.495550 2.948095
 14631.000000 22.704110 1.501451 2.927326
 14634.000000 22.761110 1.504672 2.964419
 14637.000000 22.712884 1.501710 2.974911
 14640.000000 22.752951 1.522452 2.957490
 14643.000000 22.708199 1.543254 2.915299
 14646.000000 22.729026 1.551840 2.913590
 14649.000000 22.772090 1.544823 2.930116
 14652.000000 22.708010 1.540129 2.927428
 14655.000000 22.641403 1.555549 2.901478
 14658.000000 22.699983 1.553660 2.901851
 14661.000000 22.687039 1.551839 2.880223
 14664.000000 22.657146 1.567478 2.908730
 14667.000000 22.712056 1.574570 2.911624
 14670.000000 22.725413 1.548566 2.934933
 14673.000000 22.703784 1.542802 2.936004
 14676.000000 22.704754 1.527039 2.966059
 14679.000000 22.727246 1.535260 2.970353
 14682.000000 22.758226 1.498114 3.004502
 14685.000000 22.823318 1.503076 2.966635
 14688.000000 22.819558 1.500920 2.949593
 14691.000000 22.820199 1.506107 2.937128
 14694.000000 22.880422 1.527696 2.895618
 14697.000000 22.800131 1.513076 2.896480
 14700.000000 22.800916 1.531531 2.911378
 14703.000000 22.756011 1.538313 2.909365
 14706.000000 22.769345 1.536602 2.893618
 14709.000000 22.777288 1.522547 2.923520
 14712.000000 22.729861 1.522366 2.912528
 14715.000000 22.709068 1.514444 2.908201
 14718.000000 22.739237 1.536274 2.928084
 14721.000000 22.797138 1.538873 2.922315
 14724.000000 22.826863 1.528311 2.912302
 14727.000000 22.749931 1.524316 2.929098
 14730.000000 22.807990 1.518282 2.931235
 14733.000000 22.792882 1.525710 2.944268
 14736.000000 22.815787 1.527830 2.962882
 14739.000000 22.923684 1.553338 2.916004
 14742.000000 22.940613 1.564250 2.888742
 14745.000000 22.893293 1.527768 2.922597
 14748.000000 22.815396 1.520584 2.892873
 14751.000000 22.883394 1.529604 2.910197
 14754.000000 22.936509 1.541848 2.906298
 14757.000000 22.892951 1.505879 2.941362
 14760.000000 22.948528 1.522522 2.925365
 14763.000000 22.868140 1.506137 2.940415
 14766.000000 22.918354 1.486061 2.963847
 14769.000000 22.953383 1.489518 3.003532
 14772.000000 23.037346 1.529923 2.939161
 14775.000000 23.015397 1.523561 2.948892
 14778.000000 23.024180 1.525195 2.949117
 14781.000000 22.904933 1.519442 2.931826
 14784.000000 22.922841 1.502155 2.973325
 14787.000000 22.828004 1.483095 2.983725
 14790.000000 22.761924 1.481632 2.989789
 14793.000000 22.769884 1.491524 2.959194
 14796.000000 22.723714 1.480126 2.981484
 14799.000000 22.768340 1.471580 3.016700
 14802.000000 22.806390 1.481211 3.025936
 14805.000000 22.814161 1.490287 2.982785
 14808.000000 22.652913 1.482497 2.974937
 14811.000000 22.689902 1.500660 2.983630
 14814.000000 22.655898 1.520507 2.982187
 14817.000000 22.719297 1.530784 2.981850
 14820.000000 22.708738 1.545286 2.970134
 14823.000000 22.766044 1.513432 3.005067
 14826.000000 22.794452 1.512931 2.993456
 14829.000000 22.802503 1.512804 2.987599
 14832.000000 22.742407 1.535101 2.974382
 14835.000000 22.754539 1.530857 3.007695
 14838.000000 22.737225 1.521536 3.002083
 14841.000000 22.746689 1.529462 2.997841
 14844.000000 22.732389 1.542674 2.943136
 14847.000000 22.712835 1.513026 2.985720
 14850.000000 22.758559 1.542143 2.939475
 14853.000000 22.661148 1.566252 2.922766
 14856.000000 22.632982 1.553012 2.951362
 14859.000000 22.579259 1.579962 2.904856
 14862.000000 22.561335 1.538302 2.967226
 14865.000000 22.607799 1.527425 2.992881
 14868.000000 22.598754 1.557678 2.944998
 14871.000000 22.649927 1.547858 2.928371
 14874.000000 22.733807 1.545493 2.955914
 14877.000000 22.727607 1.553263 2.952318
 14880.000000 22.696763 1.541802 2.954634
 14883.000000 22.776540 1.517126 2.967574
 14886.000000 22.752483 1.529225 2.985611
 14889.000000 22.700008 1.569083 2.933595
 14892.000000 22.772916 1.556779 2.958303
 14895.000000 22.756325 1.567652 2.954768
 14898.000000 22.749487 1.580619 2.954388
 14901.000000 22.756734 1.561536 2.935525
 14904.000000 22.719817 1.550996 2.954240
 14907.000000 22.723238 1.521458 2.953519
 14910.000000 22.788318 1.498660 2.988031
 14913.000000 22.737321 1.512576 2.947007
 14916.000000 22.673479 1.520716 2.965900
 14919.000000 22.713018 1.528800 2.955730
 14922.000000 22.690604 1.520700 2.982576
 14925.000000 22.692708 1.510793 2.974459
 14928.000000 22.776495 1.516391 2.961144
 14931.000000 22.723584 1.539787 2.919608
 14934.000000 22.732249 1.555076 2.928300
 14937.000000 22.756736 1.553279 2.929297
 14940.000000 22.733424 1.550620 2.925197
 14943.000000 22.690290 1.548578 2.944538
 14946.000000 22.699097 1.561070 2.933388
 14949.000000 22.794807 1.563882 2.939092
 14952.000000 22.819682 1.550996 2.923669
 14955.000000 22.776120 1.569879 2.945640
 14958.000000 22.763388 1.556646 2.928610
 14961.000000 22.801008 1.547541 2.965018
 14964.000000 22.803129 1.529823 2.968396
 14967.000000 22.790101 1.555124 2.952472
 14970.000000 22.832408 1.546689 2.932606
 14973.000000 22.896180 1.551976 2.949299
 14976.000000 22.887801 1.550128 2.914389
 14979.000000 22.849346 1.543032 2.961558
 14982.000000 22.821137 1.559080 2.926382
 14985.000000 22.840882 1.560074 2.894868
 14988.000000 22.850445 1.546578 2.925958
 14991.000000 22.879274 1.537779 2.919970
 14994.000000 22.852626 1.536896 2.962178
 14997.000000 22.872571 1.526078 2.955066
 15000.000000 22.903923 1.511374 2.995445
 15003.000000 22.960467 1.521369 2.957064
 15006.000000 22.964176 1.524560 2.993914
 15009.000000 22.921153 1.526702 2.964873
 15012.000000 22.924026 1.512867 2.962056
 15015.000000 22.820625 1.508184 2.985073
 15018.000000 22.875392 1.523110 2.976879
 15021.000000 22.947037 1.514802 2.972654
 15024.000000 22.943370 1.519730 2.979203
 15027.000000 22.953295 1.516837 2.976976
 15030.000000 22.903346 1.542908 2.938114
 15033.000000 22.928806 1.537172 2.910236
 15036.000000 22.964378 1.538355 2.932346
 15039.000000 22.952144 1.526287 2.907956
 15042.000000 23.044146 1.516285 2.929448
 15045.000000 23.012729 1.507236 2.930752
 15048.000000 23.021514 1.524235 2.962442
 15051.000000 23.025014 1.546362 2.929593
 15054.000000 23.041884 1.545930 2.902298
 15057.000000 22.975827 1.513376 2.931321
 15060.000000 22.942378 1.500422 2.913229
 15063.000000 22.929360 1.509750 2.922791
 15066.000000 22.876933 1.510870 2.945642
 15069.000000 22.870267 1.516166 2.942799
 15072.000000 22.852500 1.509473 2.940962
 15075.000000 22.880390 1.517164 2.944182
 15078.000000 22.954320 1.525579 2.957463
 15081.000000 22.892549 1.546704 2.902866
 15084.000000 22.867478 1.537601 2.923772
 15087.000000 22.843047 1.557955 2.917504
 15090.000000 22.750781 1.548087 2.929628
 15093.000000 22.856340 1.553408 2.916791
 15096.000000 22.760619 1.552149 2.911067
 15099.000000 22.755632 1.527394 2.937632
 15102.000000 22.803382 1.538308 2.940703
 15105.000000 22.757524 1.538631 2.945247
 15108.000000 22.815485 1.547230 2.934942
 15111.000000 22.837792 1.525925 2.979933
 15114.000000 22.796244 1.524115 2.981197
 15117.000000 22.875910 1.528304 2.998204
 15120.000000 22.881305 1.496540 3.003679
 15123.000000 22.862686 1.508158 2.987318
 15126.000000 22.802327 1.505682 2.990634
 15129.000000 22.878085 1.499652 3.006630
 15132.000000 22.834431 1.522794 2.948202
 15135.000000 22.833579 1.523318 2.941865
 15138.000000 22.880332 1.540633 2.947966
 15141.000000 22.856764 1.520656 2.929023
 15144.000000 22.904352 1.502184 2.967828
 15147.000000 22.886647 1.532058 2.951438
 15150.000000 22.865115 1.513707 2.973052
 15153.000000 22.863465 1.529204 2.946707
 15156.000000 22.953398 1.546696 2.909642
 15159.000000 23.040817 1.542670 2.933940
 15162.000000 23.066847 1.521678 2.931001
 15165.000000 23.044451 1.542717 2.935832
 15168.000000 23.090408 1.493956 2.989564
 15171.000000 22.986606 1.505480 2.981967
 15174.000000 22.979056 1.528290 2.925400
 15177.000000 22.990133 1.530970 2.931624
 15180.000000 22.900136 1.516161 2.950596
 15183.000000 22.889334 1.547751 2.941754
 15186.000000 22.955031 1.545025 2.974658
 15189.000000 22.947984 1.546090 2.964948
 15192.000000 23.016405 1.535583 2.946564
 15195.000000 23.049416 1.539362 2.933913
 15198.000000 22.951750 1.513538 2.969795
 15201.000000 22.976553 1.514972 2.932909
 15204.000000 22.993835 1.515915 2.916338
 15207.000000 22.946098 1.509591 2.903848
 15210.000000 22.916769 1.521155 2.899100
 15213.000000 22.831781 1.545018 2.914594
 15216.000000 22.854689 1.532682 2.929866
 15219.000000 22.860611 1.531449 2.939906
 15222.000000 22.886318 1.534529 2.949271
 15225.000000 22.848441 1.568947 2.929750
 15228.000000 22.915162 1.568360 2.931289
 15231.000000 22.846376 1.573403 2.935133
 15234.000000 22.955747 1.559441 2.968663
 15237.000000 22.953262 1.577196 2.968180
 15240.000000 22.910009 1.543659 2.970779
 15243.000000 22.833377 1.560057 2.945689
 15246.000000 22.896081 1.560630 2.968056
 15249.000000 22.875368 1.555269 2.955354
 15252.000000 22.907626 1.520228 3.020502
 15255.000000 22.852213 1.518584 3.001509
 15258.000000 22.952972 1.536377 2.955306
 15261.000000 22.925425 1.528966 2.942254
 15264.000000 22.930941 1.539016 2.963111
 15267.000000 22.912835 1.552534 2.973507
 15270.000000 22.968247 1.571896 2.968536
 15273.000000 22.981627 1.576489 2.998340
 15276.000000 23.016527 1.575444 2.985593
 15279.000000 22.929071 1.579270 2.968145
 15282.000000 22.936892 1.545247 2.972447
 15285.000000 22.880004 1.548145 2.982009
 15288.000000 22.937487 1.600218 2.943623
 15291.000000 22.938933 1.569806 2.961979
 15294.000000 22.912193 1.556955 2.971488
 15297.000000 22.890520 1.527102 2.995755
 15300.000000 22.839134 1.522889 3.005767
 15303.000000 22.842384 1.510339 3.009758
 15306.000000 22.933758 1.512131 2.987765
 15309.000000 22.891501 1.502034 3.001863
 15312.000000 22.864740 1.481281 2.995542
 15315.000000 22.889620 1.508665 2.987645
 15318.000000 22.919651 1.481837 3.000611
 15321.000000 22.934764 1.499142 2.979022
 15324.000000 23.008172 1.497451 3.015278
 15327.000000 22.889790 1.496092 3.015672
 15330.000000 22.827441 1.503898 2.971896
 15333.000000 22.951220 1.509011 2.943145
 15336.000000 22.900741 1.505358 2.934147
 15339.000000 22.878907 1.520695 2.946511
 15342.000000 22.828372 1.516147 2.971119
 15345.000000 22.885254 1.503578 2.977300
 15348.000000 22.826939 1.490163 2.960092
 15351.000000 22.857490 1.488735 3.000355
 15354.000000 22.917940 1.488365 2.978533
 15357.000000 22.857308 1.469895 2.987582
 15360.000000 22.803824 1.468526 2.955193
 15363.000000 22.915490 1.472278 2.963761
 15366.000000 22.998030 1.471945 2.957735
 15369.000000 22.943597 1.487482 2.947466
 15372.000000 22.956424 1.503878 2.965706
 15375.000000 22.932508 1.509032 2.959196
 15378.000000 22.901300 1.521986 2.946045
 15381.000000 23.002334 1.533454 2.947294
 15384.000000 23.039900 1.528424 2.983480
 15387.000000 23.068854 1.557075 2.919925
 15390.000000 22.982255 1.554216 2.924606
 15393.000000 23.012268 1.513567 2.964357
 15396.000000 22.860355 1.544836 2.946616
 15399.000000 22.870993 1.551451 2.917475
 15402.000000 22.818460 1.521686 2.942344
 15405.000000 22.805747 1.526647 2.926677
 15408.000000 22.716848 1.524012 2.935792
 15411.000000 22.827284 1.548775 2.906201
 15414.000000 22.821873 1.531947 2.934796
 15417.000000 22.793105 1.514756 2.915319
 15420.000000 22.776714 1.499806 2.908957
 15423.000000 22.862086 1.503970 2.951739
 15426.000000 22.840176 1.483266 2.973874
 15429.000000 22.911061 1.482631 2.928291
 15432.000000 22.914568 1.502163 2.907483
 15435.000000 22.944413 1.511121 2.918072
 15438.000000 22.944627 1.508942 2.940609
 15441.000000 22.924321 1.495980 2.947165
 15444.000000 22.961118 1.506939 2.938454
 15447.000000 22.922678 1.502026 2.944023
 15450.000000 23.037340 1.521200 2.927843
 15453.000000 23.012482 1.533423 2.948215
 15456.000000 23.057343 1.505137 2.988688
 15459.000000 22.990378 1.519747 2.962308
 15462.000000 22.950514 1.520141 2.963756
 15465.000000 22.951789 1.488735 2.977117
 15468.000000 22.986997 1.503227 2.975296
 15471.000000 22.978531 1.480016 2.976600
 15474.000000 23.007879 1.501367 2.952991
 15477.000000 22.994540 1.504927 2.942257
 15480.000000 22.945672 1.473714 2.973354
 15483.000000 22.907476 1.508255 2.959181
 15486.000000 22.945997 1.481261 2.978735
 15489.000000 22.929357 1.492149 2.949489
 15492.000000 22.904786 1.464972 2.969920
 15495.000000 22.901623 1.459469 2.976138
 15498.000000 22.901268 1.474317 2.963227
 15501.000000 22.796172 1.470572 2.968727
 15504.000000 22.808443 1.503868 2.930909
 15507.000000 22.854426 1.497648 2.930305
 15510.000000 22.843959 1.490896 2.927606
 15513.000000 22.882488 1.490755 2.957097
 15516.000000 22.852155 1.549472 2.900511
 15519.000000 22.856049 1.531654 2.929339
 15522.000000 22.840483 1.540228 2.921704
 15525.000000 22.826056 1.544690 2.902805
 15528.000000 22.867664 1.521007 2.912756
 15531.000000 22.879392 1.521712 2.969608
 15534.000000 22.923468 1.541370 2.921284
 15537.000000 22.878085 1.536264 2.926643
 15540.000000 22.983014 1.537316 2.938107
 15543.000000 22.920191 1.546445 2.960743
 15546.000000 22.918046 1.553884 2.937059
 15549.000000 22.921235 1.537379 2.975177
 15552.000000 22.981387 1.545082 2.922502
 15555.000000 22.996522 1.528563 2.942021
 15558.000000 22.995742 1.491251 2.973147
 15561.000000 22.930223 1.532368 2.939306
 15564.000000 22.904289 1.516620 2.959010
 15567.000000 22.811429 1.520031 3.008795
 15570.000000 22.732300 1.534101 2.972937
 15573.000000 22.774305 1.509963 2.999642
 15576.000000 22.800766 1.517034 2.994305
 15579.000000 22.772413 1.531561 2.972068
 15582.000000 22.802262 1.502324 2.993766
 15585.000000 22.853705 1.543108 2.929622
 15588.000000 22.946850 1.552763 2.930308
 15591.000000 22.934114 1.527619 2.953222
 15594.000000 22.843316 1.519174 2.975502
 15597.000000 22.886788 1.532849 2.959329
 15600.000000 22.922459 1.527426 2.943238
 15603.000000 22.878422 1.558736 2.927341
 15606.000000 22.983155 1.546806 2.937243
 15609.000000 22.922235 1.527321 2.948065
 15612.000000 22.862622 1.523640 2.912537
 15615.000000 22.921262 1.518399 2.910256
 15618.000000 22.862408 1.494066 2.917300
 15621.000000 22.846940 1.513072 2.903963
 15624.000000 22.847101 1.485372 2.971041
 15627.000000 22.862539 1.483228 2.934618
 15630.000000 22.865677 1.484365 2.973591
 15633.000000 22.991832 1.500113 2.943822
 15636.000000 22.972865 1.485053 2.944379
 15639.000000 23.028315 1.487421 2.938184
 15642.000000 22.959232 1.505116 2.882902
 15645.000000 22.905893 1.488739 2.951927
 15648.000000 22.949383 1.494600 2.932969
 15651.000000 22.977209 1.484559 2.915730
 15654.000000 22.946466 1.463312 2.936712
 15657.000000 22.972930 1.469453 2.951283
 15660.000000 22.870958 1.483236 2.956293
 15663.000000 22.859153 1.498862 2.930083
 15666.000000 22.865942 1.485952 2.936341
 15669.000000 22.943642 1.452978 2.957709
 15672.000000 22.929001 1.451554 2.997058
 15675.000000 22.879131 1.459775 2.943344
 15678.000000 22.846623 1.471039 2.933295
 15681.000000 22.826881 1.468955 2.921366
 15684.000000 22.849042 1.447894 2.938115
 15687.000000 22.903811 1.462265 2.930678
 15690.000000 22.795379 1.454166 2.904879
 15693.000000 22.751808 1.453974 2.924020
 15696.000000 22.794817 1.452174 2.927124
 15699.000000 22.774620 1.440273 2.944669
 15702.000000 22.849384 1.445303 2.938933
 15705.000000 22.829556 1.444262 2.954836
 15708.000000 22.857499 1.434271 2.948828
 15711.000000 22.824104 1.454457 2.909171
 15714.000000 22.817583 1.456310 2.933657
 15717.000000 22.790696 1.463138 2.903026
 15720.000000 22.747614 1.465203 2.888009
 15723.000000 22.752085 1.453175 2.917194
 15726.000000 22.815947 1.465919 2.894035
 15729.000000 22.746409 1.453045 2.922864
 15732.000000 22.835804 1.480694 2.939616
 15735.000000 22.807320 1.459078 2.954070
 15738.000000 22.928575 1.483843 2.952993
 15741.000000 22.972542 1.478640 2.924092
 15744.000000 22.971864 1.479835 2.934052
 15747.000000 22.971587 1.500234 2.917143
 15750.000000 23.030492 1.474351 2.927885
 15753.000000 22.990526 1.482887 2.922213
 15756.000000 22.982564 1.470271 2.917255
 15759.000000 22.983454 1.448680 2.950736
 15762.000000 22.939800 1.470566 2.927422
 15765.000000 22.883758 1.477465 2.914486
 15768.000000 22.870080 1.475064 2.924058
 15771.000000 22.896887 1.513549 2.904641
 15774.000000 22.880226 1.502672 2.886977
 15777.000000 22.830330 1.515101 2.894277
 15780.000000 22.844230 1.499871 2.946158
 15783.000000 22.840247 1.525412 2.910231
 15786.000000 22.729910 1.524633 2.923499
 15789.000000 22.753708 1.500673 2.945270
 15792.000000 22.745584 1.487677 2.973055
 15795.000000 22.792146 1.502376 2.958214
 15798.000000 22.733720 1.510064 2.952361
 15801.000000 22.798351 1.512817 2.912083
 15804.000000 22.908102 1.533874 2.881569
 15807.000000 22.879127 1.545020 2.871075
 15810.000000 23.029484 1.505333 2.895760
 15813.000000 23.037813 1.502048 2.893516
 15816.000000 22.965164 1.490545 2.913399
 15819.000000 22.990516 1.486902 2.919194
 15822.000000 22.983984 1.505222 2.905310
 15825.000000 22.994224 1.473842 2.926576
 15828.000000 23.035046 1.460106 2.927344
 15831.000000 23.009902 1.471662 2.930246
 15834.000000 22.974426 1.443288 2.952840
 15837.000000 22.946646 1.450640 2.934339
 15840.000000 22.950511 1.473942 2.936151
 15843.000000 22.897475 1.455165 2.976978
 15846.000000 22.916045 1.442180 2.970450
 15849.000000 22.870333 1.430985 2.993998
 15852.000000 22.857935 1.449259 2.979724
 15855.000000 22.783294 1.454260 2.970669
 15858.000000 22.898153 1.444883 2.937534
 15861.000000 22.928805 1.440520 2.967581
 15864.000000 23.058872 1.468020 2.897394
 15867.000000 23.042205 1.485048 2.962796
 15870.000000 23.089188 1.494505 2.905222
 15873.000000 23.054958 1.494058 2.903687
 15876.000000 23.029638 1.479297 2.930552
 15879.000000 22.991337 1.467983 2.923428
 15882.000000 22.998320 1.465640 2.918100
 15885.000000 23.074929 1.486307 2.910891
 15888.000000 23.038854 1.526370 2.863847
 15891.000000 22.999749 1.489112 2.917946
 15894.000000 23.019543 1.470338 2.921443
 15897.000000 23.029344 1.490842 2.906853
 15900.000000 23.025611 1.494997 2.895385
 15903.000000 22.977053 1.507066 2.919471
 15906.000000 22.992983 1.501163 2.927815
 15909.000000 22.968754 1.486756 2.909706
 15912.000000 22.950564 1.476194 2.930821
 15915.000000 22.836303 1.444370 2.959718
 15918.000000 22.871343 1.474560 2.906621
 15921.000000 22.897509 1.453417 2.934445
 15924.000000 22.878698 1.440235 2.926558
 15927.000000 22.969307 1.430667 2.941765
 15930.000000 22.940463 1.429215 2.930876
 15933.000000 22.957537 1.474420 2.919384
 15936.000000 22.970734 1.448595 2.906132
 15939.000000 23.021745 1.451355 2.925572
 15942.000000 22.971582 1.458914 2.925256
 15945.000000 22.994707 1.477596 2.930613
 15948.000000 23.103105 1.450106 2.986436
 15951.000000 23.099084 1.439471 2.952491
 15954.000000 23.039175 1.464473 2.950712
 15957.000000 23.009283 1.490109 2.910708
 15960.000000 23.111136 1.466602 2.941150
 15963.000000 23.056881 1.470129 2.958510
 15966.000000 23.017830 1.480853 2.969252
 15969.000000 23.076645 1.469855 2.978794
 15972.000000 23.089929 1.483003 2.966118
 15975.000000 23.051476 1.472082 2.968787
 15978.000000 23.042619 1.493577 2.941018
 15981.000000 22.969391 1.472593 2.965909
 15984.000000 23.074724 1.466415 2.962512
 15987.000000 22.980488 1.496428 2.960924
 15990.000000 22.936881 1.504608 2.953138
 15993.000000 22.938907 1.518353 2.957849
 15996.000000 22.922812 1.497099 2.970007
 15999.000000 22.980153 1.517834 2.928016
 16002.000000 22.984539 1.495173 2.991434
 16005.000000 22.915318 1.504631 2.988440
 16008.000000 22.903242 1.475165 2.990634
 16011.000000 22.887467 1.469512 2.974300
 16014.000000 22.927103 1.492517 2.968023
 16017.000000 22.909317 1.492345 2.950250
 16020.000000 22.926903 1.483883 2.949275
 16023.000000 22.927825 1.477096 2.966179
 16026.000000 22.898558 1.493948 2.974481
 16029.000000 22.888430 1.490422 2.961979
 16032.000000 22.953990 1.510934 2.976157
 16035.000000 22.908492 1.521742 2.951938
 16038.000000 22.862813 1.519021 2.971695
 16041.000000 22.873635 1.533943 2.964866
 16044.000000 22.813430 1.528493 2.964359
 16047.000000 22.785208 1.528365 2.990146
 16050.000000 22.849363 1.551038 2.954804
 16053.000000 22.798008 1.557329 2.936598
 16056.000000 22.836685 1.546285 2.966269
 16059.000000 22.857428 1.547570 2.981517
 16062.000000 22.872248 1.551429 2.953813
 16065.000000 22.975257 1.540754 2.966991
 16068.000000 23.005134 1.541462 2.926496
 16071.000000 23.055934 1.565248 2.908423
 16074.000000 22.967450 1.549241 2.909821
 16077.000000 22.916501 1.538701 2.901334
 16080.000000 22.929239 1.515913 2.909941
 16083.000000 22.944205 1.526310 2.917549
 16086.000000 22.927823 1.506738 2.940850
 16089.000000 22.872740 1.519459 2.947498
 16092.000000 22.899868 1.512652 2.935776
 16095.000000 22.993684 1.490263 2.931677
 16098.000000 23.039678 1.509329 2.971283
 16101.000000 23.040649 1.493742 3.004740
 16104.000000 22.985107 1.494080 2.985741
 16107.000000 23.098329 1.507864 2.959037
 16110.000000 23.197738 1.491973 2.988134
 16113.000000 23.104152 1.513152 2.979955
 16116.000000 23.109618 1.516465 2.978524
 16119.000000 23.056103 1.532732 2.944211
 16122.000000 22.995606 1.519722 2.959365
 16125.000000 23.014373 1.545563 2.931632
 16128.000000 23.018613 1.530921 2.958993
 16131.000000 22.994170 1.502043 2.982951
 16134.000000 23.071091 1.514128 2.958436
 16137.000000 23.027063 1.537447 2.935262
 16140.000000 22.967752 1.563460 2.932036
 16143.000000 23.026418 1.550287 2.951646
 16146.000000 23.039935 1.554751 2.946747
 16149.000000 23.048370 1.580458 2.909350
 16152.000000 23.019672 1.566671 2.923496
 16155.000000 22.988775 1.528955 2.982524
 16158.000000 22.927282 1.550944 2.961924
 16161.000000 22.982591 1.522636 3.011394
 16164.000000 22.948670 1.511102 3.001385
 16167.000000 22.916774 1.540179 2.985180
 16170.000000 22.942299 1.564808 2.970731
 16173.000000 22.946567 1.569982 2.979257
 16176.000000 22.955696 1.578660 2.954219
 16179.000000 22.925695 1.535038 2.977398
 16182.000000 22.985912 1.558252 2.955742
 16185.000000 22.905886 1.533325 2.980040
 16188.000000 22.927416 1.550488 2.963062
 16191.000000 22.884648 1.543707 2.958895
 16194.000000 22.902328 1.562166 2.951877
 16197.000000 22.920540 1.570216 2.916290
 16200.000000 22.839702 1.565626 2.929653
 16203.000000 22.865651 1.548542 2.947678
 16206.000000 22.872312 1.550368 2.943882
 16209.000000 22.962488 1.562766 2.936872
 16212.000000 22.944743 1.551753 2.948263
 16215.000000 22.933379 1.523949 2.960089
 16218.000000 22.922971 1.522565 2.956525
 16221.000000 22.911182 1.554101 2.918787
 16224.000000 22.906749 1.544364 2.945196
 16227.000000 22.879328 1.547762 2.945490
 16230.000000 22.835320 1.536553 2.938835
 16233.000000 22.880076 1.500905 2.995728
 16236.000000 22.943133 1.517491 2.937718
 16239.000000 22.884846 1.522021 2.918362
 16242.000000 22.915429 1.514881 2.913132
 16245.000000 22.894329 1.495855 2.947704
 16248.000000 22.871184 1.490625 2.989543
 16251.000000 22.914006 1.504802 2.919206
 16254.000000 22.953207 1.481759 2.959128
 16257.000000 22.934027 1.482153 2.969933
 16260.000000 22.886249 1.475248 2.992201
 16263.000000 22.955536 1.497815 2.986516
 16266.000000 22.938373 1.501442 2.979949
 16269.000000 22.945819 1.514524 2.959834
 16272.000000 22.973006 1.532012 2.943440
 16275.000000 22.921326 1.504207 2.994682
 16278.000000 22.950251 1.509266 2.998749
 16281.000000 22.901052 1.516694 2.980176
 16284.000000 22.894463 1.525397 2.966477
 16287.000000 22.914468 1.524913 2.967026
 16290.000000 22.883115 1.526346 2.988504
 16293.000000 22.873864 1.512854 2.985547
 16296.000000 22.963807 1.510264 2.964600
 16299.000000 23.000171 1.531333 2.960090
 16302.000000 23.064661 1.522971 2.963591
 16305.000000 23.056377 1.520699 2.956401
 16308.000000 23.053894 1.531198 2.946971
 16311.000000 23.060942 1.535389 2.922985
 16314.000000 23.071358 1.534981 2.939172
 16317.000000 23.052591 1.527688 2.944720
 16320.000000 22.952076 1.521869 2.926914
 16323.000000 22.884575 1.515295 2.960012
 16326.000000 22.948903 1.503859 2.963245
 16329.000000 22.982489 1.500384 2.979056
 16332.000000 22.953711 1.538382 2.932959
 16335.000000 22.943133 1.521746 2.949936
 16338.000000 22.813149 1.512882 2.927335
 16341.000000 22.735134 1.510214 2.940827
 16344.000000 22.758375 1.541608 2.930506
 16347.000000 22.656688 1.553992 2.918473
 16350.000000 22.668664 1.532145 2.900431
 16353.000000 22.728852 1.524675 2.915539
 16356.000000 22.875653 1.535480 2.937359
 16359.000000 22.865545 1.510138 2.947262
 16362.000000 22.871354 1.516761 2.961093
 16365.000000 22.767754 1.535767 2.944164
 16368.000000 22.814210 1.507902 2.943810
 16371.000000 22.860167 1.505172 2.942789
 16374.000000 22.871865 1.497436 2.959529
 16377.000000 22.926416 1.511884 2.968715
 16380.000000 22.889363 1.514809 2.966347
 16383.000000 22.908726 1.512579 2.981415
 16386.000000 22.965855 1.517105 2.970271
 16389.000000 22.945798 1.502979 2.962448
 16392.000000 22.918969 1.487427 2.968856
 16395.000000 22.876548 1.484748 2.972081
 16398.000000 22.863947 1.482533 2.984577
 16401.000000 22.857264 1.503711 2.961910
 16404.000000 22.885006 1.506576 2.954603
 16407.000000 22.920608 1.489980 2.983545
 16410.000000 22.973921 1.508111 2.962376
 16413.000000 22.955723 1.531512 2.911430
 16416.000000 22.923187 1.526813 2.906406
 16419.000000 22.885604 1.499285 2.911864
 16422.000000 22.864417 1.508076 2.912758
 16425.000000 22.903426 1.541553 2.868232
 16428.000000 22.886385 1.528822 2.882954
 16431.000000 22.911580 1.512352 2.929334
 16434.000000 22.863221 1.519887 2.926833
 16437.000000 22.782828 1.514739 2.907836
 16440.000000 22.854485 1.510139 2.917857
 16443.000000 22.739182 1.535338 2.902589
 16446.000000 22.739082 1.525200 2.965878
 16449.000000 22.783858 1.527980 2.961328
 16452.000000 22.760507 1.550303 2.921634
 16455.000000 22.689482 1.557409 2.963896
 16458.000000 22.838021 1.514395 2.961988
 16461.000000 22.817764 1.516317 2.968980
 16464.000000 22.808650 1.534095 2.956045
 16467.000000 22.841863 1.494711 2.988154
 16470.000000 22.770699 1.512908 2.963431
 16473.000000 22.778962 1.540369 2.914055
 16476.000000 22.784995 1.518649 2.982222
 16479.000000 22.746791 1.542484 2.960083
 16482.000000 22.840597 1.535140 2.981686
 16485.000000 22.879134 1.533587 2.954783
 16488.000000 22.874383 1.510174 2.988148
 16491.000000 22.880336 1.504176 2.999300
 16494.000000 22.827416 1.525139 2.936434
 16497.000000 22.867205 1.520020 2.932415
 16500.000000 22.836649 1.516752 2.964376
 16503.000000 22.843606 1.553092 2.900802
 16506.000000 22.931044 1.554439 2.914555
 16509.000000 22.901445 1.562684 2.915656
 16512.000000 22.872896 1.538097 2.940588
 16515.000000 22.878576 1.550574 2.952938
 16518.000000 22.886816 1.536639 2.955527
 16521.000000 22.924810 1.563393 2.938168
 16524.000000 22.921168 1.563362 2.924552
 16527.000000 22.923945 1.548829 2.938164
 16530.000000 22.988632 1.544296 2.928840
 16533.000000 23.012052 1.531646 2.957033
 16536.000000 22.995192 1.541996 2.930473
 16539.000000 23.103027 1.546475 2.964269
 16542.000000 23.058236 1.547474 2.966246
 16545.000000 23.108079 1.538939 2.979958
 16548.000000 23.098802 1.546029 2.930873
 16551.000000 23.078130 1.524499 2.981918
 16554.000000 22.969421 1.554743 2.927757
 16557.000000 22.990900 1.561399 2.990109
 16560.000000 23.041154 1.555746 2.978897
 16563.000000 23.099600 1.529616 2.979709
 16566.000000 23.128193 1.524666 2.999009
 16569.000000 23.035799 1.570245 2.929871
 16572.000000 23.075360 1.556941 2.959686
 16575.000000 23.028823 1.549717 2.933368
 16578.000000 23.040462 1.566765 2.934012
 16581.000000 23.021308 1.547822 2.959699
 16584.000000 23.057296 1.565747 2.948639
 16587.000000 22.960745 1.562755 2.953818
 16590.000000 22.908015 1.537885 2.940857
 16593.000000 22.997803 1.546005 2.958216
 16596.000000 23.021317 1.550788 2.961977
 16599.000000 22.972404 1.564761 2.956157
 16602.000000 22.966792 1.547438 3.006120
 16605.000000 22.981712 1.536598 2.948408
 16608.000000 22.955810 1.553279 2.936536
 16611.000000 22.939565 1.562945 2.928514
 16614.000000 22.994800 1.531700 2.960950
 16617.000000 23.006910 1.535155 2.943186
 16620.000000 22.946230 1.541453 2.950800
 16623.000000 23.038255 1.529485 2.936579
 16626.000000 23.018199 1.533226 2.944245
 16629.000000 23.073745 1.549561 2.941159
 16632.000000 22.930540 1.531090 2.935639
 16635.000000 22.948149 1.550331 2.910360
 16638.000000 22.934237 1.534484 2.911699
 16641.000000 22.945447 1.530050 2.931120
 16644.000000 22.953054 1.529476 2.907281
 16647.000000 22.927511 1.525340 2.947284
 16650.000000 22.946977 1.539707 2.917885
 16653.000000 22.939894 1.543662 2.910967
 16656.000000 22.877100 1.538333 2.914877
 16659.000000 22.884810 1.559989 2.897662
 16662.000000 22.935233 1.547300 2.896795
 16665.000000 22.916361 1.526455 2.913366
 16668.000000 22.830749 1.508136 2.907929
 16671.000000 22.886090 1.505822 2.924019
 16674.000000 22.860351 1.502685 2.928242
 16677.000000 22.886237 1.473788 2.949756
 16680.000000 22.881824 1.475201 2.966503
 16683.000000 22.882536 1.486393 2.980099
 16686.000000 22.887521 1.482384 2.985146
 16689.000000 22.879305 1.478608 2.964485
 16692.000000 22.852590 1.501298 2.966685
 16695.000000 22.931177 1.492726 2.914314
 16698.000000 22.977701 1.489471 2.956897
 16701.000000 23.018683 1.496455 2.945090
 16704.000000 22.959701 1.477249 2.964236
 16707.000000 22.879220 1.493143 2.922199
 16710.000000 22.933611 1.463361 2.958879
 16713.000000 22.908070 1.477604 2.959698
 16716.000000 22.923389 1.488693 2.973525
 16719.000000 22.973684 1.486469 2.964882
 16722.000000 22.951057 1.498277 2.951464
 16725.000000 22.945806 1.475750 2.954909
 16728.000000 22.910117 1.493894 2.953262
 16731.000000 22.864965 1.500845 2.946195
 16734.000000 22.854416 1.497277 2.982548
 16737.000000 22.845621 1.465003 3.017839
 16740.000000 22.857236 1.459225 3.043133
 16743.000000 22.926119 1.461151 3.044554
 16746.000000 22.910167 1.498397 2.992898
 16749.000000 22.931476 1.508657 2.990718
 16752.000000 22.927445 1.492170 2.972305
 16755.000000 22.922587 1.490830 2.995540
 16758.000000 22.988635 1.495735 2.986727
 16761.000000 22.924476 1.490888 3.009979
 16764.000000 22.967975 1.477263 2.998585
 16767.000000 22.978552 1.491494 3.012151
 16770.000000 22.997254 1.501081 2.999664
 16773.000000 22.970879 1.511951 2.983832
 16776.000000 22.947790 1.518096 2.967431
 16779.000000 22.940434 1.516320 2.958512
 16782.000000 22.936921 1.479675 2.948194
 16785.000000 23.033490 1.494483 2.913973
 16788.000000 23.041446 1.476754 2.965616
 16791.000000 22.972847 1.513956 2.930286
 16794.000000 22.959317 1.522311 2.945380
 16797.000000 23.028460 1.510175 2.928426
 16800.000000 23.015181 1.540766 2.924298
 16803.000000 22.951935 1.505076 2.971544
 16806.000000 22.971618 1.495491 2.980341
 16809.000000 22.996856 1.512709 2.918403
 16812.000000 22.958159 1.499792 2.961357
 16815.000000 22.992163 1.510330 2.968452
 16818.000000 23.033759 1.498614 2.989162
 16821.000000 22.879561 1.513760 2.975693
 16824.000000 22.875231 1.502753 3.002191
 16827.000000 22.955258 1.510654 2.981597
 16830.000000 22.888760 1.513925 2.966948
 16833.000000 22.829441 1.521432 2.938830
 16836.000000 22.911410 1.522415 2.941700
 16839.000000 22.829975 1.531530 2.914039
 16842.000000 22.851615 1.535525 2.924406
 16845.000000 22.933192 1.517980 2.945438
 16848.000000 22.913145 1.546280 2.911932
 16851.000000 22.827658 1.525689 2.930519
 16854.000000 22.795988 1.517308 2.924296
 16857.000000 22.770993 1.522831 2.943918
 16860.000000 22.785613 1.533096 2.939885
 16863.000000 22.806859 1.537496 2.957676
 16866.000000 22.827091 1.532957 2.965288
 16869.000000 22.888686 1.539030 2.958989
 16872.000000 22.833920 1.511815 2.977630
 16875.000000 22.860007 1.496353 2.998842
 16878.000000 22.898128 1.519150 2.976855
 16881.000000 22.927013 1.523495 2.958796
 16884.000000 22.917415 1.524378 2.991000
 16887.000000 22.881604 1.515906 3.005356
 16890.000000 22.866173 1.518867 2.977212
 16893.000000 22.841701 1.504549 3.014143
 16896.000000 22.842080 1.505217 2.993404
 16899.000000 22.936461 1.508765 2.946117
 16902.000000 22.933882 1.496307 2.980574
 16905.000000 22.887285 1.489493 2.978645
 16908.000000 22.879984 1.486911 2.993150
 16911.000000 22.991996 1.464888 3.011139
 16914.000000 22.931648 1.469483 3.013880
 16917.000000 22.856250 1.475113 3.015125
 16920.000000 22.825747 1.488759 3.009524
 16923.000000 22.791536 1.484849 3.021463
 16926.000000 22.879304 1.494437 3.027276
 16929.000000 22.978604 1.487856 3.028817
 16932.000000 23.018633 1.488229 3.023305
 16935.000000 22.993284 1.486883 2.992754
 16938.000000 22.816173 1.481103 3.038918
 16941.000000 22.870275 1.528643 2.964532
 16944.000000 22.845572 1.511749 2.994150
 16947.000000 22.892486 1.530818 2.994599
 16950.000000 22.864208 1.528152 2.970438
 16953.000000 22.909949 1.553664 2.957684
 16956.000000 22.922037 1.513871 3.014720
 16959.000000 22.914009 1.545356 2.966636
 16962.000000 22.900950 1.550584 2.933100
 16965.000000 22.936957 1.545534 2.947154
 16968.000000 22.944590 1.526374 2.943473
 16971.000000 22.833977 1.534731 2.929011
 16974.000000 22.922414 1.537043 2.979406
 16977.000000 22.965351 1.548457 2.916451
 16980.000000 22.952027 1.541398 2.887202
 16983.000000 22.866543 1.530380 2.947168
 16986.000000 22.850368 1.538136 2.952462
 16989.000000 22.924440 1.506824 2.999097
 16992.000000 22.946928 1.503308 3.001995
 16995.000000 22.958864 1.525243 2.999683
 16998.000000 22.951000 1.512309 3.011831
 17001.000000 22.902429 1.483876 3.000726
 17004.000000 22.981551 1.525201 2.962574
 17007.000000 22.939862 1.526424 2.960315
 17010.000000 22.904122 1.529018 2.941660
 17013.000000 22.932208 1.524747 2.933154
 17016.000000 22.987823 1.533047 2.959763
 17019.000000 22.870528 1.476994 3.011475
 17022.000000 22.829470 1.494219 2.963496
 17025.000000 22.870521 1.483324 2.999275
 17028.000000 22.859094 1.486150 2.990366
 17031.000000 22.889458 1.489574 2.983323
 17034.000000 22.857419 1.479837 3.004436
 17037.000000 22.887714 1.480350 2.992643
 17040.000000 22.949346 1.455591 3.026909
 17043.000000 22.895468 1.462004 3.008311
 17046.000000 22.929106 1.479969 2.976715
 17049.000000 22.977914 1.462786 2.988606
 17052.000000 23.023080 1.480342 2.931928
 17055.000000 22.924739 1.494879 2.914774
 17058.000000 22.915686 1.509826 2.898482
 17061.000000 22.905504 1.508545 2.899198
 17064.000000 22.900688 1.497619 2.926070
 17067.000000 22.897787 1.461855 2.964976
 17070.000000 22.895664 1.438038 2.981953
 17073.000000 22.920235 1.446288 2.974619
 17076.000000 22.838760 1.454661 2.961641
 17079.000000 22.867204 1.454118 2.995923
 17082.000000 22.932528 1.477968 2.970030
 17085.000000 22.809260 1.474665 2.972159
 17088.000000 22.896541 1.452485 3.000060
 17091.000000 22.878626 1.446487 2.994342
 17094.000000 22.887879 1.462300 3.011364
 17097.000000 22.858433 1.451132 3.031937
 17100.000000 22.914116 1.481448 2.979920
 17103.000000 23.080224 1.505135 2.935272
 17106.000000 22.983212 1.495837 2.973328
 17109.000000 22.944642 1.505897 2.944140
 17112.000000 23.020985 1.496154 2.951739
 17115.000000 23.026241 1.484651 2.988893
 17118.000000 23.116202 1.487776 2.989689
 17121.000000 23.101059 1.508325 2.962882
 17124.000000 22.969689 1.510437 2.967201
 17127.000000 22.848739 1.496099 2.952626
 17130.000000 22.808749 1.481452 2.998702
 17133.000000 22.816866 1.487504 2.975710
 17136.000000 22.794867 1.480980 2.995278
 17139.000000 22.836321 1.485436 2.981213
 17142.000000 22.851283 1.469404 2.980987
 17145.000000 22.898050 1.491753 2.954704
 17148.000000 22.868990 1.500070 2.928979
 17151.000000 22.869189 1.489380 2.957652
 17154.000000 22.869287 1.514746 2.946151
 17157.000000 22.854892 1.518395 2.918104
 17160.000000 22.827793 1.510344 2.946692
 17163.000000 22.841499 1.524484 2.913878
 17166.000000 22.756770 1.526405 2.935077
 17169.000000 22.818791 1.515013 2.924468
 17172.000000 22.793096 1.490825 2.988774
 17175.000000 22.737179 1.525069 2.955582
 17178.000000 22.682440 1.498964 2.982576
 17181.000000 22.710938 1.513970 2.976430
 17184.000000 22.723978 1.503890 2.989465
 17187.000000 22.700845 1.498545 3.002757
 17190.000000 22.719668 1.491338 2.996514
 17193.000000 22.772001 1.519665 2.975743
 17196.000000 22.842981 1.532486 2.975536
 17199.000000 22.852988 1.513514 2.991572
 17202.000000 22.833016 1.533223 2.971452
 17205.000000 22.832592 1.514080 3.016537
 17208.000000 22.885122 1.539709 2.969910
 17211.000000 22.884462 1.520598 3.007510
 17214.000000 22.841714 1.520012 2.983568
 17217.000000 22.891013 1.525477 2.977040
 17220.000000 22.828819 1.542437 2.966740
 17223.000000 22.923748 1.542681 2.986182
 17226.000000 23.036331 1.535703 2.970826
 17229.000000 22.953529 1.540697 2.992097
 17232.000000 22.986666 1.545863 2.967983
 17235.000000 23.024089 1.547101 2.949505
 17238.000000 22.931222 1.520034 2.965171
 17241.000000 22.868811 1.512687 2.961881
 17244.000000 22.890739 1.494313 2.972398
 17247.000000 22.852820 1.512964 2.954125
 17250.000000 22.829766 1.507555 2.988256
 17253.000000 22.779784 1.514338 2.988798
 17256.000000 22.796991 1.526501 2.986597
 17259.000000 22.787572 1.528049 2.985977
 17262.000000 22.739952 1.551066 2.962489
 17265.000000 22.702542 1.533636 3.019278
 17268.000000 22.778634 1.543530 2.981886
 17271.000000 22.743323 1.526196 2.965984
 17274.000000 22.732252 1.538227 2.926219
 17277.000000 22.757776 1.531151 2.937417
 17280.000000 22.730520 1.523074 2.958808
 17283.000000 22.709060 1.519579 2.983104
 17286.000000 22.843129 1.502039 2.997621
 17289.000000 22.860954 1.486917 3.028064
 17292.000000 22.887430 1.512924 2.987532
 17295.000000 22.975635 1.501216 2.983751
 17298.000000 23.005541 1.484275 3.029143
 17301.000000 23.009024 1.492306 3.009340
 17304.000000 22.947345 1.533740 2.995319
 17307.000000 22.976936 1.534091 2.985418
 17310.000000 23.031558 1.523665 3.014185
 17313.000000 23.000390 1.529666 3.008004
 17316.000000 23.034173 1.522020 2.992279
 17319.000000 23.012985 1.522438 3.009193
 17322.000000 22.975334 1.543122 2.978281
 17325.000000 22.897177 1.544821 2.982273
 17328.000000 22.980869 1.551897 2.970707
 17331.000000 23.085651 1.537899 3.017484
 17334.000000 23.061864 1.548283 3.019412
 17337.000000 22.980736 1.554307 2.975361
 17340.000000 23.007407 1.574918 2.951734
 17343.000000 23.044950 1.544712 2.949354
 17346.000000 23.058624 1.575007 2.922715
 17349.000000 22.934137 1.571885 2.924690
 17352.000000 22.822944 1.565747 2.936133
 17355.000000 22.881420 1.558319 2.946500
 17358.000000 22.876711 1.573972 2.947554
 17361.000000 22.887299 1.587774 2.954151
 17364.000000 22.847647 1.567035 2.981418
 17367.000000 22.757394 1.568748 2.991980
 17370.000000 22.824621 1.541054 3.043598
 17373.000000 22.848597 1.548656 3.010582
 17376.000000 22.902511 1.535740 3.026206
 17379.000000 22.918255 1.532983 3.010870
 17382.000000 22.890725 1.548917 2.990119
 17385.000000 22.905984 1.511760 3.026859
 17388.000000 22.861596 1.521150 3.032133
 17391.000000 22.878102 1.509914 3.022751
 17394.000000 22.935887 1.523691 3.000281
 17397.000000 22.913385 1.519530 2.999051
 17400.000000 22.874635 1.541003 2.950656
 17403.000000 22.856972 1.546887 2.965020
 17406.000000 23.008607 1.540823 2.929694
 17409.000000 22.912920 1.553248 2.967013
 17412.000000 22.963348 1.513134 2.969549
 17415.000000 22.940386 1.531061 2.981003
 17418.000000 22.944549 1.553503 2.990159
 17421.000000 22.896336 1.550349 2.955686
 17424.000000 22.968896 1.539780 2.979448
 17427.000000 22.916091 1.558668 2.948807
 17430.000000 22.994713 1.544950 2.959450
 17433.000000 22.968210 1.542127 2.980274
 17436.000000 22.991526 1.541178 2.953406
 17439.000000 22.972768 1.530516 2.958064
 17442.000000 22.888734 1.530286 2.973465
 17445.000000 22.773998 1.506037 2.925494
 17448.000000 22.792610 1.510307 2.945989
 17451.000000 22.753747 1.522686 2.937313
 17454.000000 22.794261 1.535974 2.934339
 17457.000000 22.814329 1.530677 2.940305
 17460.000000 22.904569 1.538397 2.968996
 17463.000000 22.834338 1.531388 2.942146
 17466.000000 22.833487 1.522568 2.990072
 17469.000000 22.865321 1.527445 2.994149
 17472.000000 22.953630 1.544997 2.961172
 17475.000000 22.974639 1.558820 2.944137
 17478.000000 23.035854 1.555898 2.938016
 17481.000000 23.109437 1.537259 2.966262
 17484.000000 23.045154 1.528590 2.949162
 17487.000000 23.028810 1.551011 2.910652
 17490.000000 22.942627 1.562185 2.915155
 17493.000000 22.917877 1.549601 2.901422
 17496.000000 23.018495 1.510424 2.933229
 17499.000000 22.965081 1.523076 2.918992
 17502.000000 22.879731 1.519665 2.915649
 17505.000000 22.874703 1.514210 2.949793
 17508.000000 22.886671 1.526670 2.949117
 17511.000000 22.868688 1.486051 2.973330
 17514.000000 22.862497 1.486135 2.970586
 17517.000000 22.818465 1.530725 2.923852
 17520.000000 22.837492 1.539895 2.924635
 17523.000000 22.823283 1.518688 2.928171
 17526.000000 22.805789 1.535092 2.945826
 17529.000000 22.886867 1.542479 2.968522
 17532.000000 22.964424 1.533659 2.966913
 17535.000000 22.958862 1.579955 2.919204
 17538.000000 23.004389 1.571851 2.945321
 17541.000000 22.938589 1.571689 2.961029
 17544.000000 22.901259 1.586237 2.947434
 17547.000000 22.913500 1.580779 2.961452
 17550.000000 22.958792 1.582651 2.978690
 17553.000000 22.994796 1.571793 2.967047
 17556.000000 22.942434 1.563162 2.981893
 17559.000000 23.028629 1.529113 2.996318
 17562.000000 22.974350 1.545806 2.986584
 17565.000000 22.986702 1.558987 2.956133
 17568.000000 22.992821 1.570550 2.933706
 17571.000000 22.948125 1.551098 2.942087
 17574.000000 22.941222 1.563865 2.914896
 17577.000000 22.969925 1.514282 2.950593
 17580.000000 22.883762 1.530772 2.973225
 17583.000000 22.832952 1.520214 2.974000
 17586.000000 22.843338 1.503867 2.977320
 17589.000000 22.812986 1.516111 2.973423
 17592.000000 22.856283 1.505397 2.992803
 17595.000000 22.873664 1.497587 2.996097
 17598.000000 22.844247 1.519035 2.948060
 17601.000000 22.775712 1.514795 2.943245
 17604.000000 22.794271 1.532960 2.960774
 17607.000000 22.821740 1.504639 2.977165
 17610.000000 22.833245 1.533998 2.958791
 17613.000000 22.818963 1.537804 2.922484
 17616.000000 22.843745 1.520203 2.947974
 17619.000000 22.877816 1.507105 2.954362
 17622.000000 23.002520 1.510733 2.948794
 17625.000000 22.949246 1.519173 2.918693
 17628.000000 22.909174 1.508563 2.931358
 17631.000000 22.842783 1.505387 2.950969
 17634.000000 22.845386 1.513280 2.973464
 17637.000000 22.827825 1.544197 2.936878
 17640.000000 22.922235 1.527684 2.946352
 17643.000000 22.982126 1.544835 2.969521
 17646.000000 23.028919 1.567248 2.930517
 17649.000000 22.937907 1.551994 2.983803
 17652.000000 22.937345 1.532180 2.977009
 17655.000000 22.953052 1.530828 2.994584
 17658.000000 22.893672 1.545758 2.959709
 17661.000000 22.914552 1.565891 2.964559
 17664.000000 22.904288 1.564484 2.952826
 17667.000000 22.878194 1.577541 2.935722
 17670.000000 22.979109 1.568967 2.958117
 17673.000000 23.012388 1.563751 2.945220
 17676.000000 22.980567 1.557745 2.941204
 17679.000000 22.976816 1.557601 2.955763
 17682.000000 22.867979 1.557890 2.972625
 17685.000000 22.897402 1.569172 2.971120
 17688.000000 22.942997 1.571249 2.961688
 17691.000000 22.887486 1.544592 2.995587
 17694.000000 22.960047 1.579751 2.950940
 17697.000000 22.903054 1.595355 2.951596
 17700.000000 22.941069 1.562767 2.939435
 17703.000000 22.916459 1.579603 2.936570
 17706.000000 22.899973 1.554024 2.959472
 17709.000000 22.923886 1.540563 2.956953
 17712.000000 22.936393 1.541200 2.939335
 17715.000000 22.955872 1.539842 2.955070
 17718.000000 23.016029 1.545948 2.966215
 17721.000000 23.010040 1.550486 2.963217
 17724.000000 23.015721 1.541255 2.974734
 17727.000000 22.967106 1.537700 2.972198
 17730.000000 23.027767 1.511702 2.979631
 17733.000000 22.974537 1.501809 2.969051
 17736.000000 22.943337 1.473719 3.016072
 17739.000000 23.075173 1.514307 2.977199
 17742.000000 23.043979 1.568185 2.916419
 17745.000000 22.987672 1.527017 2.947421
 17748.000000 22.925305 1.542242 2.920831
 17751.000000 22.828729 1.537117 2.916103
 17754.000000 22.784693 1.532166 2.898366
 17757.000000 22.742081 1.516980 2.920707
 17760.000000 22.712392 1.542576 2.936299
 17763.000000 22.830663 1.535089 2.920427
 17766.000000 22.806011 1.487390 2.967095
 17769.000000 22.795304 1.518782 2.955933
 17772.000000 22.699111 1.493946 2.985211
 17775.000000 22.774162 1.519919 3.000062
 17778.000000 22.742429 1.486876 3.019627
 17781.000000 22.829832 1.501666 2.961408
 17784.000000 22.949937 1.479092 2.980676
 17787.000000 22.990317 1.480609 2.996950
 17790.000000 22.994928 1.479562 3.004838
 17793.000000 23.035725 1.497688 2.975110
 17796.000000 23.096102 1.489649 2.980082
 17799.000000 23.072250 1.505525 2.991356
 17802.000000 23.066086 1.515250 2.921291
 17805.000000 23.040890 1.509202 2.932164
 17808.000000 23.081099 1.519409 2.939533
 17811.000000 23.199051 1.506626 2.921619
 17814.000000 23.126796 1.515377 2.956083
 17817.000000 23.157333 1.516132 2.932561
 17820.000000 23.139623 1.520539 2.942296
 17823.000000 23.148825 1.521588 2.962053
 17826.000000 23.145272 1.506204 2.975525
 17829.000000 23.137291 1.514670 2.946078
 17832.000000 23.116829 1.505636 2.935505
 17835.000000 23.122271 1.491905 2.947211
 17838.000000 23.087870 1.521608 2.964979
 17841.000000 23.077708 1.532272 2.889738
 17844.000000 23.028822 1.512591 2.897542
 17847.000000 23.016647 1.522612 2.919077
 17850.000000 22.964846 1.516844 2.924221
 17853.000000 22.938273 1.508939 2.908917
 17856.000000 22.976078 1.518833 2.905402
 17859.000000 22.936493 1.509598 2.939142
 17862.000000 22.956011 1.501855 2.948445
 17865.000000 22.963599 1.480154 2.945825
 17868.000000 22.996049 1.482791 2.935809
 17871.000000 22.985302 1.508925 2.891689
 17874.000000 23.005181 1.511168 2.906471
 17877.000000 23.046984 1.518303 2.914483
 17880.000000 23.023994 1.540393 2.907127
 17883.000000 23.043053 1.547638 2.908031
 17886.000000 22.984147 1.539381 2.914641
 17889.000000 22.962765 1.536720 2.913187
 17892.000000 22.911843 1.541479 2.928538
 17895.000000 22.843793 1.531603 2.898911
 17898.000000 22.908883 1.511739 2.899631
 17901.000000 22.859366 1.509983 2.910645
 17904.000000 22.863038 1.513684 2.923689
 17907.000000 22.947211 1.505470 2.958552
 17910.000000 22.812982 1.531547 2.886228
 17913.000000 22.898948 1.506958 2.913265
 17916.000000 22.992362 1.490086 2.937498
 17919.000000 22.949624 1.515012 2.889150
 17922.000000 23.012529 1.487541 2.949724
 17925.000000 22.984628 1.504636 2.931814
 17928.000000 22.978816 1.475288 2.973650
 17931.000000 23.056766 1.493205 2.963471
 17934.000000 23.151097 1.506070 2.925575
 17937.000000 23.049752 1.524761 2.903015
 17940.000000 23.020678 1.517965 2.898137
 17943.000000 23.042934 1.543211 2.897956
 17946.000000 22.984097 1.544097 2.904758
 17949.000000 22.959474 1.576907 2.871526
 17952.000000 23.017413 1.570049 2.888150
 17955.000000 22.956758 1.536162 2.898577
 17958.000000 22.900507 1.539221 2.918636
 17961.000000 22.892949 1.534470 2.924142
 17964.000000 22.862811 1.517817 2.932800
 17967.000000 22.931542 1.542406 2.885919
 17970.000000 22.983224 1.514921 2.923066
 17973.000000 23.012485 1.514105 2.889891
 17976.000000 23.017717 1.518489 2.933276
 17979.000000 23.004117 1.491876 2.953567
 17982.000000 23.018716 1.519340 2.918434
 17985.000000 22.988942 1.505530 2.926796
 17988.000000 22.948473 1.497166 2.943614
 17991.000000 22.986109 1.495807 2.943261
 17994.000000 22.996032 1.472444 2.963490
 17997.000000 22.995348 1.487618 2.964306
 18000.000000 22.919383 1.488065 2.980420
 18003.000000 22.941471 1.509090 2.971864
 18006.000000 22.958473 1.495872 2.990033
 18009.000000 22.970287 1.493084 2.994162
 18012.000000 22.928409 1.486685 3.002172
 18015.000000 22.978525 1.495442 2.987367
 18018.000000 22.968040 1.516034 2.985084
 18021.000000 23.003231 1.513066 2.980728
 18024.000000 23.062321 1.499986 2.989812
 18027.000000 23.102397 1.530756 2.923820
 18030.000000 23.039892 1.531424 2.954175
 18033.000000 22.974064 1.520411 2.947450
 18036.000000 23.010287 1.523419 2.936125
 18039.000000 22.904595 1.518120 2.947587
 18042.000000 22.880419 1.504166 2.956528
 18045.000000 22.890794 1.507933 2.980064
 18048.000000 22.848728 1.528485 2.976076
 18051.000000 22.859653 1.519272 2.974935
 18054.000000 22.855102 1.509118 3.003635
 18057.000000 22.931346 1.522236 2.980676
 18060.000000 22.959222 1.505524 2.984023
 18063.000000 22.845556 1.504555 2.981867
 18066.000000 22.881014 1.496849 2.997628
 18069.000000 22.974925 1.472130 2.972420
 18072.000000 23.069216 1.485376 2.953748
 18075.000000 23.061948 1.474920 2.973759
 18078.000000 22.988038 1.491669 2.934638
 18081.000000 22.968436 1.509720 2.923745
 18084.000000 22.928518 1.517719 2.899131
 18087.000000 22.838946 1.508546 2.911004
 18090.000000 22.794915 1.516559 2.899946
 18093.000000 22.793945 1.524304 2.927173
 18096.000000 22.793016 1.495554 2.945014
 18099.000000 22.832607 1.533049 2.929581
 18102.000000 22.828341 1.498231 2.965578
 18105.000000 22.874312 1.511030 2.973249
 18108.000000 22.972224 1.532699 2.970339
 18111.000000 22.961610 1.531569 2.963662
 18114.000000 22.906056 1.519935 2.943666
 18117.000000 22.835600 1.500122 3.006058
 18120.000000 22.857184 1.525925 2.957639
 18123.000000 22.832324 1.517832 2.964420
 18126.000000 22.843751 1.549817 2.892606
 18129.000000 22.872747 1.517209 2.923360
 18132.000000 22.843398 1.509565 2.912014
 18135.000000 22.873181 1.515081 2.888460
 18138.000000 22.806179 1.548834 2.877447
 18141.000000 22.803276 1.531074 2.909475
 18144.000000 22.887188 1.531988 2.916320
 18147.000000 22.815800 1.511673 2.906676
 18150.000000 22.869395 1.517952 2.945204
 18153.000000 22.887075 1.502634 2.912218
 18156.000000 22.946476 1.495695 2.920376
 18159.000000 22.964096 1.528283 2.886872
 18162.000000 22.841295 1.532340 2.871525
 18165.000000 22.864581 1.528713 2.900943
 18168.000000 22.961770 1.508144 2.939870
 18171.000000 22.862582 1.525496 2.914900
 18174.000000 22.878034 1.521468 2.909526
 18177.000000 22.900761 1.533513 2.894114
 18180.000000 22.876041 1.534080 2.894400
 18183.000000 22.832701 1.508576 2.890195
 18186.000000 22.879154 1.520826 2.890445
 18189.000000 22.902504 1.509760 2.951337
 18192.000000 22.845116 1.521196 2.915790
 18195.000000 22.783886 1.532810 2.953607
 18198.000000 22.783834 1.522354 2.922161
 18201.000000 22.760047 1.537314 2.903355
 18204.000000 22.818273 1.537866 2.935220
 18207.000000 22.811493 1.535482 2.928631
 18210.000000 22.862456 1.528157 2.902577
 18213.000000 22.868631 1.521243 2.906882
 18216.000000 22.760500 1.505227 2.914544
 18219.000000 22.755263 1.521384 2.908183
 18222.000000 22.830416 1.521298 2.911035
 18225.000000 22.714423 1.534978 2.880876
 18228.000000 22.731606 1.528448 2.909580
 18231.000000 22.821320 1.535530 2.903757
 18234.000000 22.802184 1.521385 2.936892
 18237.000000 22.829115 1.529742 2.923093
 18240.000000 22.820764 1.530675 2.946369
 18243.000000 22.872686 1.523511 2.958179
 18246.000000 22.851939 1.549793 2.935935
 18249.000000 22.922335 1.547411 2.929827
 18252.000000 22.883298 1.575632 2.930167
 18255.000000 22.840182 1.545142 2.961759
 18258.000000 22.855907 1.546036 2.931243
 18261.000000 22.901432 1.546788 2.949277
 18264.000000 22.953781 1.554018 2.923065
 18267.000000 22.976312 1.577505 2.901953
 18270.000000 22.895818 1.562665 2.919492
 18273.000000 22.789433 1.586635 2.890916
 18276.000000 22.810945 1.563473 2.950411
 18279.000000 22.735946 1.566464 2.952729
 18282.000000 22.752095 1.589879 2.915774
 18285.000000 22.767092 1.574592 2.935219
 18288.000000 22.810360 1.585397 2.899811
 18291.000000 22.756421 1.579464 2.883683
 18294.000000 22.737442 1.562777 2.923282
 18297.000000 22.760983 1.566447 2.921409
 18300.000000 22.785873 1.587072 2.864165
 18303.000000 22.782240 1.564154 2.904798
 18306.000000 22.767642 1.546435 2.949208
 18309.000000 22.804493 1.576545 2.919776
 18312.000000 22.810510 1.553542 2.931375
 18315.000000 22.820236 1.556944 2.914910
 18318.000000 22.838028 1.542056 2.929601
 18321.000000 22.844009 1.559575 2.909563
 18324.000000 22.826003 1.569786 2.905481
 18327.000000 22.789969 1.565955 2.911362
 18330.000000 22.807114 1.520248 2.975386
 18333.000000 22.846876 1.543779 2.967182
 18336.000000 22.835357 1.534773 2.994509
 18339.000000 22.797967 1.546174 2.973241
 18342.000000 22.816326 1.548659 2.975618
 18345.000000 22.870684 1.552951 2.944143
 18348.000000 22.887731 1.560015 2.937563
 18351.000000 22.902605 1.563179 2.957654
 18354.000000 22.832891 1.564020 2.946134
 18357.000000 22.983105 1.545181 2.971734
 18360.000000 22.938465 1.542567 2.970078
 18363.000000 22.954124 1.549946 2.983220
 18366.000000 22.995962 1.523630 2.974091
 18369.000000 22.916534 1.500474 2.990280
 18372.000000 22.915903 1.494469 2.966210
 18375.000000 22.842892 1.500141 2.944266
 18378.000000 22.863858 1.528326 2.940648
 18381.000000 22.879944 1.518978 2.949702
 18384.000000 22.907380 1.497281 2.978493
 18387.000000 22.879740 1.499692 2.990770
 18390.000000 22.871212 1.509421 2.944893
 18393.000000 22.860031 1.500841 2.962894
 18396.000000 22.819528 1.464569 3.009847
 18399.000000 22.901882 1.493036 2.963467
 18402.000000 22.852271 1.500166 2.935830
 18405.000000 22.942787 1.499662 2.961227
 18408.000000 23.027527 1.480177 2.957913
 18411.000000 23.107229 1.492677 2.928164
 18414.000000 23.026335 1.498014 2.947758
 18417.000000 23.080962 1.501770 2.938176
 18420.000000 23.054392 1.529975 2.955430
 18423.000000 23.092942 1.530729 2.933490
 18426.000000 23.120256 1.536966 2.957468
 18429.000000 23.006127 1.524747 2.974786
 18432.000000 22.961525 1.557049 2.942024
 18435.000000 22.940746 1.555661 2.957882
 18438.000000 22.935685 1.547245 2.928389
 18441.000000 23.023614 1.530613 2.983661
 18444.000000 22.892609 1.522244 2.966592
 18447.000000 22.876743 1.525419 2.939922
 18450.000000 22.806024 1.530197 2.982847
 18453.000000 22.837587 1.511697 3.025902
 18456.000000 22.777098 1.534142 3.018400
 18459.000000 22.737737 1.532231 3.033520
 18462.000000 22.824088 1.534703 3.045174
 18465.000000 22.781620 1.548038 3.018107
 18468.000000 22.881706 1.557479 3.014357
 18471.000000 22.807248 1.563893 2.981473
 18474.000000 22.714616 1.554650 2.971062
 18477.000000 22.753431 1.571312 2.934549
 18480.000000 22.831050 1.568323 2.965351
 18483.000000 22.875438 1.544894 2.983230
 18486.000000 22.948325 1.524045 2.991750
 18489.000000 22.908105 1.521553 2.972367
 18492.000000 22.946319 1.533850 2.981618
 18495.000000 22.936839 1.532749 2.982576
 18498.000000 22.894821 1.504613 2.999745
 18501.000000 22.863539 1.525007 2.976629
 18504.000000 22.946315 1.528733 2.986441
 18507.000000 22.936957 1.500108 2.985411
 18510.000000 22.906891 1.507397 2.989665
 18513.000000 22.961813 1.510896 2.994168
 18516.000000 22.951261 1.528211 2.975961
 18519.000000 22.871383 1.540889 2.986701
 18522.000000 22.819764 1.515900 2.963861
 18525.000000 22.800572 1.534291 2.974031
 18528.000000 22.829156 1.523400 2.952429
 18531.000000 22.817985 1.502510 2.971923
 18534.000000 22.876823 1.513368 2.970457
 18537.000000 22.851495 1.541494 2.940675
 18540.000000 22.784747 1.531898 2.940634
 18543.000000 22.770521 1.519469 2.955812
 18546.000000 22.810234 1.538968 2.954981
 18549.000000 22.877351 1.544959 2.943558
 18552.000000 22.895108 1.534619 2.955073
 18555.000000 22.923514 1.533972 2.959501
 18558.000000 22.977843 1.561373 2.940598
 18561.000000 23.016264 1.541997 2.925959
 18564.000000 23.086367 1.543905 2.928988
 18567.000000 23.004347 1.547653 2.915763
 18570.000000 22.985634 1.544820 2.941167
 18573.000000 23.007415 1.540361 2.947465
 18576.000000 22.943998 1.511595 2.945071
 18579.000000 22.864095 1.560653 2.957240
 18582.000000 22.887550 1.572498 2.911482
 18585.000000 22.864130 1.579255 2.952214
 18588.000000 22.889047 1.576225 2.952806
 18591.000000 22.852377 1.591214 2.946153
 18594.000000 22.754074 1.578906 2.912594
 18597.000000 22.787995 1.559448 2.955300
 18600.000000 22.696579 1.572021 2.946587
 18603.000000 22.823561 1.528120 2.967133
 18606.000000 22.688399 1.499867 2.974880
 18609.000000 22.722650 1.515428 2.971792
 18612.000000 22.766118 1.533154 2.961576
 18615.000000 22.766347 1.561836 2.914993
 18618.000000 22.857936 1.570590 2.936509
 18621.000000 22.819647 1.560106 2.951485
 18624.000000 22.862050 1.535594 2.977437
 18627.000000 22.815566 1.517495 3.003928
 18630.000000 22.822631 1.515329 2.970297
 18633.000000 22.784257 1.510334 2.955977
 18636.000000 22.737515 1.536340 2.943982
 18639.000000 22.692554 1.508189 2.931877
 18642.000000 22.766639 1.527004 2.959854
 18645.000000 22.756592 1.512573 2.921551
 18648.000000 22.815900 1.471936 2.952795
 18651.000000 22.821873 1.495189 2.970587
 18654.000000 22.811949 1.479858 2.970161
 18657.000000 22.875767 1.498428 2.970648
 18660.000000 22.909507 1.503352 2.963447
 18663.000000 22.913038 1.529940 2.961556
 18666.000000 22.975243 1.535060 2.948007
 18669.000000 22.907802 1.524054 2.956302
 18672.000000 22.954632 1.523391 2.957263
 18675.000000 23.064089 1.517735 2.953856
 18678.000000 23.051760 1.485020 2.984072
 18681.000000 23.104593 1.512324 2.948739
 18684.000000 23.080553 1.512330 2.960460
 18687.000000 23.024389 1.513545 2.971446
 18690.000000 23.024602 1.530414 2.953091
 18693.000000 22.951216 1.507825 2.947974
 18696.000000 22.946454 1.519559 2.955802
 18699.000000 22.978288 1.501272 2.964571
 18702.000000 22.896605 1.517802 2.957843
 18705.000000 22.899361 1.548299 2.956186
 18708.000000 22.891161 1.526250 2.980527
 18711.000000 22.888468 1.508947 2.988229
 18714.000000 22.888473 1.522041 2.997798
 18717.000000 22.966364 1.513932 2.991998
 18720.000000 22.968313 1.536329 2.980025
 18723.000000 22.991297 1.517900 2.986220
 18726.000000 23.045826 1.496540 2.984572
 18729.000000 23.035487 1.504589 2.978909
 18732.000000 23.008858 1.500069 2.988361
 18735.000000 23.051113 1.473740 3.000318
 18738.000000 22.952051 1.487173 2.979921
 18741.000000 23.003810 1.496220 2.995929
 18744.000000 22.968564 1.488868 2.995865
 18747.000000 22.982193 1.493267 2.970916
 18750.000000 23.000917 1.495889 2.986660
 18753.000000 23.003647 1.512493 2.980474
 18756.000000 23.017069 1.507737 3.003983
 18759.000000 22.954442 1.542923 2.929171
 18762.000000 23.031038 1.576004 2.910030
 18765.000000 23.071650 1.582069 2.907663
 18768.000000 23.069603 1.561692 2.934600
 18771.000000 23.024643 1.548305 2.950482
 18774.000000 23.067451 1.562080 2.933824
 18777.000000 23.089544 1.526311 2.971824
 18780.000000 23.036406 1.507315 3.020863
 18783.000000 23.028195 1.519220 3.014697
 18786.000000 23.017499 1.508185 3.027862
 18789.000000 22.985401 1.490352 2.998415
 18792.000000 22.935820 1.476203 2.996433
 18795.000000 22.903225 1.485416 3.022473
 18798.000000 22.860863 1.472492 3.013830
 18801.000000 22.930323 1.472472 3.014696
 18804.000000 22.860066 1.460704 2.999865
 18807.000000 22.906304 1.451040 3.016103
 18810.000000 22.882621 1.462281 3.025284
 18813.000000 22.829457 1.467996 3.034352
 18816.000000 22.821555 1.454102 3.018654
 18819.000000 22.903908 1.429143 3.023163
 18822.000000 22.880457 1.419205 3.008580
 18825.000000 22.972075 1.431888 3.007846
 18828.000000 22.962407 1.425405 2.997180
 18831.000000 22.943323 1.434903 3.008300
 18834.000000 22.882116 1.461986 2.966183
 18837.000000 22.841283 1.434378 2.979117
 18840.000000 22.853639 1.441092 2.988786
 18843.000000 22.803459 1.468158 2.978081
 18846.000000 22.841528 1.460158 2.989976
 18849.000000 22.815676 1.474819 2.996753
 18852.000000 22.805820 1.480464 2.959333
 18855.000000 22.806812 1.474192 2.972238
 18858.000000 22.817337 1.464280 2.956409
 18861.000000 22.866564 1.457671 2.928036
 18864.000000 22.937293 1.501745 2.912744
 18867.000000 22.999318 1.481302 2.898003
 18870.000000 22.978776 1.526286 2.879395
 18873.000000 23.000462 1.508211 2.906846
 18876.000000 22.945545 1.490827 2.928532
 18879.000000 22.901125 1.485490 2.952734
 18882.000000 22.999024 1.488172 2.945888
 18885.000000 22.998593 1.466407 2.938780
 18888.000000 22.982063 1.498392 2.932471
 18891.000000 22.936037 1.514145 2.936288
 18894.000000 22.958773 1.527401 2.906084
 18897.000000 23.023642 1.511567 2.905843
 18900.000000 22.991937 1.511431 2.895478
 18903.000000 22.970589 1.481590 2.929357
 18906.000000 23.084251 1.477820 2.975511
 18909.000000 23.022062 1.490286 2.968119
 18912.000000 22.957601 1.521772 2.961925
 18915.000000 22.901940 1.519133 2.942686
 18918.000000 22.903022 1.531532 2.905203
 18921.000000 22.960198 1.536251 2.919030
 18924.000000 23.005633 1.521562 2.968655
 18927.000000 22.980605 1.512324 2.985820
 18930.000000 23.053012 1.520619 2.971223
 18933.000000 23.012634 1.525862 2.947159
 18936.000000 22.973820 1.518456 2.924234
 18939.000000 23.002327 1.491959 2.941488
 18942.000000 23.019279 1.523458 2.923933
 18945.000000 22.902843 1.506267 2.917674
 18948.000000 22.996608 1.495748 2.933067
 18951.000000 22.946673 1.534975 2.877425
 18954.000000 22.906986 1.527574 2.905499
 18957.000000 22.944798 1.515722 2.945524
 18960.000000 22.956533 1.543088 2.931097
 18963.000000 22.918416 1.520469 2.938178
 18966.000000 22.932259 1.514085 2.968700
 18969.000000 23.005432 1.507460 3.001541
 18972.000000 23.043142 1.507417 2.963148
 18975.000000 23.004264 1.487024 2.985567
 18978.000000 23.045317 1.480917 2.975803
 18981.000000 23.006068 1.493764 3.001612
 18984.000000 23.032739 1.506091 2.950036
 18987.000000 23.040345 1.491788 2.968123
 18990.000000 23.039521 1.536157 2.971916
 18993.000000 23.084183 1.537520 2.943858
 18996.000000 23.099496 1.487167 2.977749
 18999.000000 23.095160 1.500878 2.949642
 19002.000000 23.090215 1.522719 2.973358
 19005.000000 23.099138 1.540298 2.938925
 19008.000000 23.099018 1.519570 2.938253
 19011.000000 23.083454 1.517517 2.939689
 19014.000000 23.090559 1.531297 2.936853
 19017.000000 23.078444 1.519809 2.943819
 19020.000000 23.072297 1.507186 2.963442
 19023.000000 23.051262 1.521657 2.952795
 19026.000000 23.054460 1.523868 2.957296
 19029.000000 22.955323 1.497082 2.953323
 19032.000000 22.961644 1.536132 2.917590
 19035.000000 22.915030 1.522436 2.939836
 19038.000000 23.014806 1.542015 2.908118
 19041.000000 22.929649 1.513039 2.935827
 19044.000000 22.901884 1.528220 2.913553
 19047.000000 22.944474 1.493697 2.960302
 19050.000000 22.964490 1.500069 2.950616
 19053.000000 22.942916 1.507125 2.920631
 19056.000000 22.973584 1.507826 2.922920
 19059.000000 22.883835 1.490929 2.992063
 19062.000000 22.962314 1.505254 2.954749
 19065.000000 22.889724 1.523643 2.939992
 19068.000000 22.910844 1.542094 2.934229
 19071.000000 22.899650 1.536444 2.924797
 19074.000000 22.907150 1.542097 2.957909
 19077.000000 22.851151 1.538689 2.938073
 19080.000000 22.836132 1.538706 2.941628
 19083.000000 22.817576 1.540161 2.962596
 19086.000000 22.836002 1.524071 2.969176
 19089.000000 22.867748 1.518461 2.973377
 19092.000000 22.888184 1.511829 2.952189
 19095.000000 22.881758 1.489023 2.970016
 19098.000000 22.858642 1.475327 2.991328
 19101.000000 22.835967 1.478908 3.008837
 19104.000000 22.847507 1.481540 3.001625
 19107.000000 22.784201 1.506730 2.977324
 19110.000000 22.715458 1.505826 3.004696
 19113.000000 22.732454 1.514635 3.004469
 19116.000000 22.782465 1.535473 2.965255
 19119.000000 22.782359 1.529631 2.969726
 19122.000000 22.742700 1.522711 2.965911
 19125.000000 22.805533 1.525634 2.946031
 19128.000000 22.827249 1.519016 2.975271
 19131.000000 22.808823 1.520435 2.975276
 19134.000000 22.771056 1.516776 2.975203
 19137.000000 22.753683 1.521454 2.996586
 19140.000000 22.723877 1.534228 2.962210
 19143.000000 22.736221 1.527229 2.948069
 19146.000000 22.818555 1.524956 2.959590
 19149.000000 22.829460 1.531958 2.945656
 19152.000000 22.810878 1.529293 2.954829
 19155.000000 22.764256 1.535125 2.950096
 19158.000000 22.773730 1.555455 2.923481
 19161.000000 22.742445 1.537485 2.951581
 19164.000000 22.816705 1.542055 2.965805
 19167.000000 22.870521 1.551847 2.939666
 19170.000000 22.900258 1.520392 3.001227
 19173.000000 22.838416 1.532882 2.984917
 19176.000000 22.866922 1.525689 2.973244
 19179.000000 22.923542 1.523838 2.966911
 19182.000000 22.854737 1.524846 2.925871
 19185.000000 22.895966 1.516638 2.950588
 19188.000000 22.920613 1.538581 2.937406
 19191.000000 22.942000 1.516775 2.967937
 19194.000000 22.935460 1.517413 2.966285
 19197.000000 22.918249 1.517296 2.960680
 19200.000000 22.859895 1.523364 2.974851
 19203.000000 22.758459 1.522697 3.009425
 19206.000000 22.780699 1.528622 2.944400
 19209.000000 22.776194 1.511639 2.987097
 19212.000000 22.837011 1.519683 2.973356
 19215.000000 22.863003 1.508642 2.978225
 19218.000000 22.794767 1.491608 2.977853
 19221.000000 22.825843 1.501732 2.989581
 19224.000000 22.852748 1.492581 3.018624
 19227.000000 22.867928 1.500762 2.995347
 19230.000000 22.890640 1.520398 2.961795
 19233.000000 22.853857 1.507458 2.995083
 19236.000000 22.951838 1.492601 2.993318
 19239.000000 22.950770 1.468696 3.007568
 19242.000000 22.955722 1.485507 3.002397
 19245.000000 23.002453 1.489423 3.023128
 19248.000000 22.937798 1.505197 3.035605
 19251.000000 22.913101 1.495751 3.042149
 19254.000000 22.981363 1.501099 3.025751
 19257.000000 22.866947 1.510122 2.993045
 19260.000000 22.887602 1.511250 2.976201
 19263.000000 22.904109 1.504821 2.980044
 19266.000000 22.972372 1.523959 2.985455
 19269.000000 22.961069 1.517020 3.025439
 19272.000000 22.915155 1.521060 3.016152
 19275.000000 22.917575 1.514321 2.986565
 19278.000000 22.868624 1.495339 2.989126
 19281.000000 22.935561 1.517900 2.979326
 19284.000000 22.930397 1.537457 2.973064
 19287.000000 22.883393 1.529745 2.946236
 19290.000000 22.789802 1.529577 2.964892
 19293.000000 22.758045 1.509680 3.018299
 19296.000000 22.891612 1.521008 2.969529
 19299.000000 22.851575 1.532787 2.934314
 19302.000000 22.890708 1.533529 2.951852
 19305.000000 22.914268 1.535308 2.975365
 19308.000000 22.902444 1.538758 2.974298
 19311.000000 22.831336 1.534041 2.969042
 19314.000000 22.899208 1.510981 2.998570
 19317.000000 22.916669 1.522626 2.968989
 19320.000000 22.871202 1.525977 2.949558
 19323.000000 22.847701 1.525461 2.985838
 19326.000000 22.827056 1.511803 2.971403
 19329.000000 22.771104 1.513634 2.967982
 19332.000000 22.768366 1.500190 2.935711
 19335.000000 22.857185 1.512444 2.963134
 19338.000000 22.838735 1.500639 2.992367
 19341.000000 22.899281 1.513827 2.965477
 19344.000000 22.905482 1.505482 2.983708
 19347.000000 22.961588 1.516513 2.997697
 19350.000000 23.024420 1.513354 2.983534
 19353.000000 22.996425 1.514501 2.993638
 19356.000000 23.005529 1.488884 3.043894
 19359.000000 23.028256 1.509571 2.988078
 19362.000000 22.926238 1.513548 2.976353
 19365.000000 22.892552 1.540677 2.909243
 19368.000000 22.909647 1.541807 2.899657
 19371.000000 22.850776 1.526161 2.935344
 19374.000000 22.851062 1.515600 2.958542
 19377.000000 22.814235 1.522550 2.935453
 19380.000000 22.844618 1.527937 2.924331
 19383.000000 22.870428 1.548332 2.918899
 19386.000000 22.900917 1.506117 2.952804
 19389.000000 22.809643 1.517931 2.932072
 19392.000000 22.852832 1.512006 2.922244
 19395.000000 22.894112 1.505961 2.936577
 19398.000000 22.852612 1.511309 2.956525
 19401.000000 22.810430 1.514357 2.927357
 19404.000000 22.862052 1.504012 2.947600
 19407.000000 22.847723 1.535896 2.941622
 19410.000000 22.892903 1.531582 2.948945
 19413.000000 22.878161 1.535410 2.970505
 19416.000000 22.893385 1.547637 2.951621
 19419.000000 22.871105 1.538447 2.942541
 19422.000000 22.856004 1.529083 2.944514
 19425.000000 22.853721 1.504299 2.986755
 19428.000000 22.879185 1.508667 2.991320
 19431.000000 22.877900 1.517971 2.969169
 19434.000000 22.881479 1.516238 2.978402
 19437.000000 22.793042 1.529429 2.980962
 19440.000000 22.716468 1.518779 2.943660
 19443.000000 22.773220 1.520970 2.975507
 19446.000000 22.813029 1.540789 2.922866
 19449.000000 22.896632 1.500406 2.978416
 19452.000000 22.927474 1.509527 2.966032
 19455.000000 22.914587 1.521206 2.964342
 19458.000000 22.914318 1.499649 2.952205
 19461.000000 22.881364 1.520929 2.950468
 19464.000000 22.925137 1.496085 2.961697
 19467.000000 22.911066 1.498950 2.996492
 19470.000000 22.899803 1.491862 3.015404
 19473.000000 22.858644 1.485966 2.993996
 19476.000000 22.971707 1.492246 2.968462
 19479.000000 22.980831 1.499655 2.985096
 19482.000000 22.983414 1.491779 3.028557
 19485.000000 22.982723 1.506470 2.990863
 19488.000000 22.938006 1.481509 3.001701
 19491.000000 22.915095 1.480142 3.005115
 19494.000000 22.935637 1.499696 2.986792
 19497.000000 22.871045 1.488203 2.971637
 19500.000000 22.883872 1.515090 2.944229
 19503.000000 22.948342 1.528662 2.953762
 19506.000000 22.918259 1.543334 2.929041
 19509.000000 22.897869 1.534570 2.956647
 19512.000000 22.946839 1.554937 2.958075
 19515.000000 22.932069 1.536012 2.973468
 19518.000000 22.906814 1.527195 2.998534
 19521.000000 22.953248 1.540882 2.990029
 19524.000000 22.966644 1.550073 2.959529
 19527.000000 22.989103 1.538019 3.006335
 19530.000000 22.994188 1.519218 2.984375
 19533.000000 23.054987 1.533571 3.004214
 19536.000000 23.022945 1.534773 3.002070
 19539.000000 23.031967 1.531954 2.968472
 19542.000000 23.031001 1.540962 2.977109
 19545.000000 23.005283 1.547875 2.977764
 19548.000000 23.054820 1.555053 2.982527
 19551.000000 23.009568 1.571720 2.964866
 19554.000000 23.137691 1.537000 2.977968
 19557.000000 23.098271 1.523417 2.977111
 19560.000000 23.077522 1.510526 2.941919
 19563.000000 23.073588 1.511276 2.953553
 19566.000000 23.040625 1.516683 2.960134
 19569.000000 22.977331 1.487051 2.981000
 19572.000000 22.852988 1.476588 2.988622
 19575.000000 22.891328 1.512596 2.976458
 19578.000000 22.920369 1.501526 2.973123
 19581.000000 22.933784 1.524277 2.973368
 19584.000000 22.936916 1.535277 2.969949
 19587.000000 22.880514 1.494464 2.978697
 19590.000000 22.843859 1.488759 2.952421
 19593.000000 22.820080 1.512099 2.934371
 19596.000000 22.839469 1.504053 2.956303
 19599.000000 22.823551 1.494237 2.980186
 19602.000000 22.895860 1.474561 2.978227
 19605.000000 22.934302 1.494840 2.938696
 19608.000000 22.952840 1.485106 2.913378
 19611.000000 22.903510 1.506873 2.931800
 19614.000000 22.877515 1.499507 2.933612
 19617.000000 22.875434 1.508223 2.901887
 19620.000000 22.862118 1.501251 2.931296
 19623.000000 22.834050 1.526898 2.910581
 19626.000000 22.876152 1.512994 2.917462
 19629.000000 22.890693 1.516947 2.911623
 19632.000000 22.967691 1.518270 2.905411
 19635.000000 22.938624 1.503907 2.950936
 19638.000000 22.993121 1.497008 2.933543
 19641.000000 22.978138 1.462935 2.962491
 19644.000000 22.981610 1.467126 2.963040
 19647.000000 22.982376 1.483597 2.962713
 19650.000000 23.032507 1.469510 2.995686
 19653.000000 22.968348 1.477813 3.004842
 19656.000000 23.023244 1.505025 2.997668
 19659.000000 22.939602 1.518836 2.936563
 19662.000000 22.911066 1.513393 2.939037
 19665.000000 22.852114 1.507535 2.957546
 19668.000000 22.961309 1.522047 2.940435
 19671.000000 22.924459 1.505094 2.995523
 19674.000000 22.878885 1.522036 2.961293
 19677.000000 22.890144 1.505725 2.966246
 19680.000000 22.923562 1.507305 2.957571
 19683.000000 22.881128 1.496868 2.943319
 19686.000000 22.917095 1.491394 2.959342
 19689.000000 22.918269 1.482722 2.979905
 19692.000000 22.889963 1.490913 2.959833
 19695.000000 22.867186 1.491127 2.943288
 19698.000000 22.840215 1.488857 2.941191
 19701.000000 22.862063 1.460881 2.959933
 19704.000000 22.904940 1.467316 2.979723
 19707.000000 22.924049 1.484309 2.979262
 19710.000000 22.834134 1.467285 2.963260
 19713.000000 22.916197 1.476838 2.996186
 19716.000000 22.872187 1.482733 3.001815
 19719.000000 22.830242 1.488835 2.996371
 19722.000000 22.879480 1.491022 2.998233
 19725.000000 22.803149 1.503170 2.979448
 19728.000000 22.804485 1.516305 2.944510
 19731.000000 22.852707 1.525901 2.959632
 19734.000000 22.848252 1.521041 2.968038
 19737.000000 22.786694 1.508373 2.967467
 19740.000000 22.791319 1.512962 2.962178
 19743.000000 22.802545 1.517520 2.945638
 19746.000000 22.762730 1.543184 2.924537
 19749.000000 22.727691 1.546337 2.942163
 19752.000000 22.752980 1.540259 2.955326
 19755.000000 22.727601 1.521135 2.940380
 19758.000000 22.785198 1.520419 2.978152
 19761.000000 22.796349 1.512015 2.968210
 19764.000000 22.733670 1.514406 2.971799
 19767.000000 22.703890 1.520184 2.972625
 19770.000000 22.763416 1.529150 2.997442
 19773.000000 22.772706 1.513868 3.000669
 19776.000000 22.745676 1.525663 2.997774
 19779.000000 22.879243 1.543644 2.962600
 19782.000000 22.802960 1.540579 2.992143
 19785.000000 22.718861 1.524520 2.961525
 19788.000000 22.815685 1.542397 2.965846
 19791.000000 22.872747 1.544786 2.944413
 19794.000000 22.880870 1.545363 2.946154
 19797.000000 22.851651 1.512856 3.012788
 19800.000000 22.834245 1.521086 2.991529
 19803.000000 22.884347 1.503349 3.006866
 19806.000000 22.859730 1.505183 2.990581
 19809.000000 22.801831 1.531655 2.962558
 19812.000000 22.775981 1.539483 2.944288
 19815.000000 22.735536 1.530306 2.962834
 19818.000000 22.739562 1.546285 2.939542
 19821.000000 22.697285 1.538790 2.957975
 19824.000000 22.700963 1.529436 2.955538
 19827.000000 22.721263 1.563185 2.936987
 19830.000000 22.866643 1.535248 2.945402
 19833.000000 22.748700 1.533415 2.970193
 19836.000000 22.726078 1.535562 2.940877
 19839.000000 22.765379 1.527375 2.953312
 19842.000000 22.751623 1.540025 2.932702
 19845.000000 22.742615 1.520719 2.955226
 19848.000000 22.802009 1.539794 2.930067
 19851.000000 22.861819 1.570847 2.901517
 19854.000000 22.843167 1.559958 2.930079
 19857.000000 22.839289 1.562895 2.907254
 19860.000000 22.883235 1.547168 2.939635
 19863.000000 22.907706 1.535948 2.932967
 19866.000000 22.869317 1.520688 2.952795
 19869.000000 22.758991 1.506548 2.948359
 19872.000000 22.789462 1.529939 2.919640
 19875.000000 22.774464 1.535571 2.914247
 19878.000000 22.733478 1.539307 2.911528
 19881.000000 22.772651 1.540493 2.893526
 19884.000000 22.664882 1.530718 2.935536
 19887.000000 22.703675 1.532354 2.919011
 19890.000000 22.777939 1.528260 2.918986
 19893.000000 22.712573 1.523487 2.930532
 19896.000000 22.694360 1.522340 2.921987
 19899.000000 22.701335 1.511819 2.933493
 19902.000000 22.711536 1.520832 2.936908
 19905.000000 22.751330 1.525309 2.972752
 19908.000000 22.787736 1.522470 2.913293
 19911.000000 22.715012 1.511193 2.964970
 19914.000000 22.659764 1.513446 2.937702
 19917.000000 22.716682 1.495083 2.965822
 19920.000000 22.766473 1.505804 2.937224
 19923.000000 22.736606 1.513519 2.954391
 19926.000000 22.716454 1.521274 2.918119
 19929.000000 22.777230 1.516037 2.914775
 19932.000000 22.811063 1.523065 2.921328
 19935.000000 22.752528 1.519035 2.955910
 19938.000000 22.797303 1.528803 2.921117
 19941.000000 22.774481 1.488610 2.944156
 19944.000000 22.720102 1.476456 2.947747
 19947.000000 22.691314 1.497989 2.914052
 19950.000000 22.670070 1.499089 2.921673
 19953.000000 22.614002 1.507491 2.907106
 19956.000000 22.704346 1.503958 2.926703
 19959.000000 22.630461 1.529197 2.897743
 19962.000000 22.628171 1.525444 2.928768
 19965.000000 22.573093 1.511692 2.948284
 19968.000000 22.577828 1.499588 2.952075
 19971.000000 22.612304 1.514586 2.956337
 19974.000000 22.674078 1.492916 2.986309
 19977.000000 22.705542 1.511866 2.941627
 19980.000000 22.601398 1.512848 2.936440
 19983.000000 22.636672 1.526253 2.934096
 19986.000000 22.719138 1.527910 2.911033
 19989.000000 22.698909 1.538047 2.917114
 19992.000000 22.778882 1.513028 2.905597
 19995.000000 22.759979 1.513297 2.915156
 19998.000000 22.875038 1.522066 2.918095
 20001.000000 22.860217 1.510748 2.935190
 20004.000000 22.938614 1.509494 2.911785
 20007.000000 22.941341 1.472407 2.956694
 20010.000000 23.024359 1.482217 2.932443
 20013.000000 23.018558 1.500623 2.943402
 20016.000000 23.010513 1.483362 2.950193
 20019.000000 23.023020 1.497118 2.915410
 20022.000000 23.008095 1.482925 2.914753
 20025.000000 22.970117 1.473479 2.948636
 20028.000000 22.914775 1.495124 2.947366
 20031.000000 22.871865 1.478271 2.974156
 20034.000000 22.852820 1.492864 2.960258
 20037.000000 22.831143 1.491836 2.961108
 20040.000000 22.832360 1.498648 2.960364
 20043.000000 22.887761 1.500013 2.945858
 20046.000000 22.852664 1.506652 2.913514
 20049.000000 22.842812 1.491595 2.932819
 20052.000000 22.888831 1.527971 2.881405
 20055.000000 22.811767 1.499602 2.932025
 20058.000000 22.845645 1.506873 2.958192
 20061.000000 22.823831 1.494860 2.960433
 20064.000000 22.803622 1.492075 2.951208
 20067.000000 22.844757 1.477733 2.938862
 20070.000000 22.852600 1.469608 2.924824
 20073.000000 22.807345 1.468475 2.953447
 20076.000000 22.913972 1.481634 2.955437
 20079.000000 22.781977 1.491953 2.934383
 20082.000000 22.888293 1.474257 2.924597
 20085.000000 22.939205 1.488089 2.907782
 20088.000000 23.006236 1.460767 2.921561
 20091.000000 22.896155 1.466715 2.863593
 20094.000000 22.956734 1.501797 2.885801
 20097.000000 22.931549 1.505083 2.886598
 20100.000000 22.911997 1.506929 2.862395
 20103.000000 22.869875 1.497803 2.874213
 20106.000000 22.881249 1.487276 2.885945
 20109.000000 22.855276 1.460346 2.899708
 20112.000000 22.898752 1.472364 2.907822
 20115.000000 22.938108 1.480171 2.874590
 20118.000000 22.883717 1.489592 2.871927
 20121.000000 22.851609 1.478369 2.927116
 20124.000000 22.823656 1.465923 2.968497
 20127.000000 22.849504 1.428287 3.001868
 20130.000000 22.915931 1.450739 3.000701
 20133.000000 22.855009 1.439309 3.019952
 20136.000000 22.866056 1.456323 3.026002
 20139.000000 22.811666 1.456162 3.022346
 20142.000000 22.791437 1.435976 3.002507
 20145.000000 22.742654 1.446941 3.005839
 20148.000000 22.775040 1.466859 2.979131
 20151.000000 22.859728 1.467988 2.974006
 20154.000000 22.901233 1.493677 2.943792
 20157.000000 22.801487 1.473761 2.964164
 20160.000000 22.810770 1.480582 2.988838
 20163.000000 22.942688 1.463278 2.965963
 20166.000000 22.853468 1.481944 2.934561
 20169.000000 22.804976 1.487056 2.931515
 20172.000000 22.851321 1.479374 2.964007
 20175.000000 22.869724 1.485362 2.952793
 20178.000000 22.876684 1.460740 2.961880
 20181.000000 22.833104 1.450264 2.968571
 20184.000000 22.849295 1.465228 2.967531
 20187.000000 22.869722 1.459208 2.970054
 20190.000000 22.853611 1.449958 2.996911
 20193.000000 22.885779 1.481233 2.905925
 20196.000000 22.874051 1.472658 2.940369
 20199.000000 22.861936 1.482107 2.902738
 20202.000000 22.823451 1.494387 2.893222
 20205.000000 22.821897 1.489989 2.880146
 20208.000000 22.855717 1.466178 2.919767
 20211.000000 22.827995 1.479010 2.912832
 20214.000000 22.863253 1.488997 2.895616
 20217.000000 22.917820 1.487515 2.911334
 20220.000000 22.848597 1.511110 2.896942
 20223.000000 22.834189 1.480041 2.935687
 20226.000000 22.945663 1.482509 2.915369
 20229.000000 22.990904 1.459242 2.941772
 20232.000000 22.969489 1.476956 2.956605
 20235.000000 22.989646 1.492912 2.911739
 20238.000000 22.965037 1.503009 2.906859
 20241.000000 22.930265 1.506032 2.919123
 20244.000000 22.875972 1.501412 2.937468
 20247.000000 22.911344 1.509215 2.953736
 20250.000000 22.907329 1.499055 2.956131
 20253.000000 22.774041 1.515257 2.940456
 20256.000000 22.840121 1.498569 2.961286
 20259.000000 22.845850 1.507544 2.927114
 20262.000000 22.891853 1.495747 2.934642
 20265.000000 22.844784 1.483381 2.908649
 20268.000000 22.900082 1.498136 2.911002
 20271.000000 22.927187 1.479865 2.931093
 20274.000000 22.864445 1.484628 2.914775
 20277.000000 22.948752 1.476433 2.913923
 20280.000000 23.013032 1.488546 2.913918
 20283.000000 23.007283 1.494895 2.900670
 20286.000000 22.859904 1.520236 2.883394
 20289.000000 22.878229 1.498173 2.956566
 20292.000000 22.885289 1.492085 2.960189
 20295.000000 22.856555 1.513872 2.963271
 20298.000000 22.886022 1.516904 2.969682
 20301.000000 22.806859 1.533654 2.934058
 20304.000000 22.867281 1.504888 2.938371
 20307.000000 22.865385 1.504848 2.927883
 20310.000000 22.778908 1.492080 2.960519
 20313.000000 22.802687 1.491907 2.947449
 20316.000000 22.788639 1.492625 2.957910
 20319.000000 22.823606 1.505790 2.936065
 20322.000000 22.863738 1.496375 2.941094
 20325.000000 22.872914 1.506939 2.922546
 20328.000000 22.876836 1.505086 2.932907
 20331.000000 22.865884 1.509960 2.939666
 20334.000000 22.839542 1.479734 2.952793
 20337.000000 22.883761 1.472465 2.935959
 20340.000000 22.916896 1.492872 2.934613
 20343.000000 22.881307 1.502227 2.933927
 20346.000000 22.901094 1.516279 2.920667
 20349.000000 22.912026 1.520966 2.900273
 20352.000000 23.047010 1.494732 2.925996
 20355.000000 22.982054 1.521806 2.900305
 20358.000000 22.960037 1.500119 2.931057
 20361.000000 22.995684 1.493407 2.927875
 20364.000000 22.945473 1.468015 2.967784
 20367.000000 22.924808 1.493335 2.946882
 20370.000000 22.916638 1.486383 2.960176
 20373.000000 22.876518 1.520763 2.917774
 20376.000000 22.854428 1.524456 2.921908
 20379.000000 22.781795 1.530726 2.912973
 20382.000000 22.876102 1.515775 2.908730
 20385.000000 22.936909 1.531373 2.911481
 20388.000000 22.928904 1.513247 2.941744
 20391.000000 22.909595 1.503387 2.957433
 20394.000000 22.961940 1.538925 2.892347
 20397.000000 22.909255 1.534316 2.906417
 20400.000000 22.899218 1.538578 2.906969
 20403.000000 22.810700 1.518260 2.929171
 20406.000000 22.861693 1.506856 2.937899
 20409.000000 22.844712 1.518400 2.919105
 20412.000000 22.826694 1.494584 2.910742
 20415.000000 22.903805 1.476624 2.963704
 20418.000000 22.843844 1.507124 2.948581
 20421.000000 22.901683 1.504018 2.975788
 20424.000000 22.965952 1.507259 2.943633
 20427.000000 22.886645 1.482853 2.965736
 20430.000000 22.928552 1.489157 2.957959
 20433.000000 22.896879 1.506818 2.964405
 20436.000000 22.982336 1.531359 2.946473
 20439.000000 22.909122 1.512807 2.949122
 20442.000000 22.934189 1.503273 2.954679
 20445.000000 23.027115 1.523704 2.928472
 20448.000000 23.001277 1.529782 2.915568
 20451.000000 23.032657 1.535501 2.940240
 20454.000000 23.050764 1.542995 2.915353
 20457.000000 22.918279 1.546368 2.916318
 20460.000000 22.919152 1.539448 2.915856
 20463.000000 22.896829 1.530178 2.946310
 20466.000000 22.998315 1.536598 2.949350
 20469.000000 22.990286 1.527364 2.921497
 20472.000000 23.045417 1.547252 2.920096
 20475.000000 23.038969 1.538842 2.927440
 20478.000000 22.920744 1.518257 2.927547
 20481.000000 22.910319 1.479881 2.978637
 20484.000000 22.878405 1.503169 2.966894
 20487.000000 23.000618 1.508833 2.968614
 20490.000000 23.023971 1.509269 2.994021
 20493.000000 23.027042 1.515720 2.956628
 20496.000000 22.945172 1.511033 2.963383
 20499.000000 23.056879 1.500291 3.007642
 20502.000000 22.978726 1.525150 2.946928
 20505.000000 22.910370 1.519634 2.957896
 20508.000000 22.943725 1.524600 2.939421
 20511.000000 22.962900 1.531863 2.937618
 20514.000000 22.983951 1.536889 2.963801
 20517.000000 22.932583 1.528698 2.957646
 20520.000000 22.950539 1.532200 2.941848
 20523.000000 22.914645 1.518961 2.996404
 20526.000000 22.887403 1.512937 2.998436
 20529.000000 22.903511 1.501909 2.998783
 20532.000000 22.942408 1.519782 2.983468
 20535.000000 23.022516 1.541531 2.965853
 20538.000000 23.027844 1.532770 2.984427
 20541.000000 23.048881 1.515069 3.006156
 20544.000000 23.070836 1.545863 2.984946
 20547.000000 23.019103 1.527827 2.989645
 20550.000000 23.015039 1.549365 2.948557
 20553.000000 23.006456 1.546482 2.947170
 20556.000000 23.009553 1.525914 2.951058
 20559.000000 23.038393 1.516738 2.973094
 20562.000000 23.071357 1.517089 2.995857
 20565.000000 23.097037 1.505395 2.967739
 20568.000000 23.098537 1.498809 2.985386
 20571.000000 23.105935 1.508558 2.991286
 20574.000000 23.087296 1.489575 2.989787
 20577.000000 23.037355 1.548327 2.910268
 20580.000000 23.028847 1.546793 2.930177
 20583.000000 22.991800 1.577942 2.907159
 20586.000000 22.956381 1.558648 2.922884
 20589.000000 23.005871 1.549709 2.955831
 20592.000000 22.974627 1.555796 2.928163
 20595.000000 22.945120 1.537175 2.986965
 20598.000000 23.045517 1.541438 2.960483
 20601.000000 23.120404 1.507059 2.976303
 20604.000000 23.082163 1.501606 2.989112
 20607.000000 23.020770 1.510327 2.977702
 20610.000000 23.086922 1.513366 2.970683
 20613.000000 23.065792 1.474832 3.020015
 20616.000000 23.134716 1.498700 2.998852
 20619.000000 23.119242 1.498439 2.977460
 20622.000000 23.117020 1.479985 2.979069
 20625.000000 23.123834 1.512832 2.931414
 20628.000000 23.199756 1.502288 2.962706
 20631.000000 23.218732 1.505084 2.981234
 20634.000000 23.159959 1.493984 2.988360
 20637.000000 23.228896 1.501106 2.961106
 20640.000000 23.237954 1.489769 2.953399
 20643.000000 23.239381 1.492176 2.955486
 20646.000000 23.266374 1.494821 2.992658
 20649.000000 23.293019 1.522460 2.977754
 20652.000000 23.278996 1.497172 3.027875
 20655.000000 23.235165 1.481851 3.058664
 20658.000000 23.172517 1.515076 3.005222
 20661.000000 23.309652 1.481304 3.011774
 20664.000000 23.167542 1.484622 2.969148
 20667.000000 23.196121 1.498236 2.971279
 20670.000000 23.123813 1.502459 2.974886
 20673.000000 23.124474 1.506333 2.950060
 20676.000000 23.178777 1.498293 2.945238
 20679.000000 23.149280 1.489223 2.951084
 20682.000000 23.171181 1.473867 2.961305
 20685.000000 23.219614 1.454885 2.978944
 20688.000000 23.096955 1.480197 2.943396
 20691.000000 22.930591 1.478461 2.947953
 20694.000000 22.982347 1.474779 2.974281
 20697.000000 22.996433 1.480654 2.954714
 20700.000000 22.910249 1.469989 2.966140
 20703.000000 22.892679 1.514560 2.938377
 20706.000000 22.785933 1.502015 2.926298
 20709.000000 22.755577 1.498004 2.910728
 20712.000000 22.745200 1.518394 2.901920
 20715.000000 22.772838 1.499253 2.930954
 20718.000000 22.848822 1.513288 2.928642
 20721.000000 22.788463 1.509250 2.941761
 20724.000000 22.825223 1.522751 2.962301
 20727.000000 22.824847 1.499052 2.973131
 20730.000000 22.855564 1.498887 2.961155
 20733.000000 22.868531 1.493720 2.974897
 20736.000000 22.810484 1.529569 2.915771
 20739.000000 22.797193 1.508530 2.878558
 20742.000000 22.752831 1.495293 2.925468
 20745.000000 22.725257 1.496057 2.921425
 20748.000000 22.708670 1.492474 2.921495
 20751.000000 22.731177 1.489210 2.922208
 20754.000000 22.721497 1.523637 2.886343
 20757.000000 22.590547 1.506704 2.902646
 20760.000000 22.621770 1.523027 2.889868
 20763.000000 22.644123 1.523301 2.927922
 20766.000000 22.659385 1.528871 2.903344
 20769.000000 22.734990 1.542264 2.899136
 20772.000000 22.695965 1.535755 2.920189
 20775.000000 22.685260 1.530436 2.880457
 20778.000000 22.773515 1.537761 2.899763
 20781.000000 22.765871 1.545441 2.912415
 20784.000000 22.734870 1.538970 2.887281
 20787.000000 22.752218 1.546996 2.869542
 20790.000000 22.798989 1.502349 2.914852
 20793.000000 22.748434 1.494907 2.936986
 20796.000000 22.732870 1.502495 2.951564
 20799.000000 22.698510 1.508186 2.976813
 20802.000000 22.713558 1.506134 2.960347
 20805.000000 22.680892 1.516541 2.955933
 20808.000000 22.702161 1.517879 2.927426
 20811.000000 22.660686 1.491495 2.939287
 20814.000000 22.669613 1.495634 2.957909
 20817.000000 22.751805 1.510344 2.954444
 20820.000000 22.818842 1.476224 2.945088
 20823.000000 22.909010 1.458577 2.992553
 20826.000000 22.778045 1.435479 3.036741
 20829.000000 22.894501 1.466779 2.977045
 20832.000000 22.853402 1.442800 3.011302
 20835.000000 22.844262 1.456407 2.965986
 20838.000000 22.773826 1.411687 3.005137
 20841.000000 22.801890 1.424049 3.009942
 20844.000000 22.898173 1.414673 3.002276
 20847.000000 22.890455 1.460156 2.956410
 20850.000000 22.930664 1.463251 2.948236
 20853.000000 23.030024 1.483373 2.914398
 20856.000000 23.076701 1.460782 2.940063
 20859.000000 23.029680 1.473723 2.942491
 20862.000000 23.072685 1.468975 2.939603
 20865.000000 23.094708 1.484370 2.931576
 20868.000000 23.077498 1.494116 2.913766
 20871.000000 23.078135 1.488931 2.937924
 20874.000000 23.101096 1.482859 2.922970
 20877.000000 23.048373 1.461915 2.917352
 20880.000000 23.012551 1.488167 2.910293
 20883.000000 23.048100 1.475409 2.901582
 20886.000000 23.014598 1.463171 2.916135
 20889.000000 22.878257 1.471918 2.929776
 20892.000000 22.853327 1.507519 2.924930
 20895.000000 22.887475 1.528045 2.897205
 20898.000000 22.885261 1.526757 2.904278
 20901.000000 22.908286 1.483409 2.911546
 20904.000000 22.842583 1.503660 2.896674
 20907.000000 22.891407 1.509936 2.911770
 20910.000000 22.894397 1.502007 2.931162
 20913.000000 22.916266 1.510172 2.941995
 20916.000000 22.848810 1.506498 2.943981
 20919.000000 22.957663 1.536663 2.938182
 20922.000000 22.969547 1.535384 2.937466
 20925.000000 22.973608 1.529067 2.951971
 20928.000000 22.927810 1.521886 2.928352
 20931.000000 23.028071 1.516076 2.952514
 20934.000000 22.916592 1.514677 2.933456
 20937.000000 22.997140 1.539099 2.917596
 20940.000000 22.983256 1.525388 2.948154
 20943.000000 23.003041 1.534470 2.942942
 20946.000000 22.996608 1.523083 2.968611
 20949.000000 23.067637 1.556756 2.934039
 20952.000000 23.014853 1.549659 2.934056
 20955.000000 22.972938 1.529157 2.945197
 20958.000000 23.002913 1.534219 2.963089
 20961.000000 23.014634 1.551405 2.957499
 20964.000000 23.040265 1.535004 2.965197
 20967.000000 23.028796 1.554041 2.949211
 20970.000000 22.954203 1.596501 2.906241
 20973.000000 22.848251 1.571052 2.987030
 20976.000000 22.899381 1.591082 2.957484
 20979.000000 22.873663 1.594994 2.971610
 20982.000000 22.756279 1.600615 2.944823
 20985.000000 22.799106 1.582025 2.944234
 20988.000000 22.816679 1.567473 2.940622
 20991.000000 22.834743 1.575350 2.948768
 20994.000000 22.806838 1.552797 2.952810
 20997.000000 22.826463 1.553992 2.962802
 21000.000000 22.895364 1.572926 2.950676
